PRISM Time Series Data,
Location:  Lat: 35.9989   Lon: -106.4144   Elev: 2878m,
Climate variable: ppt,
Spatial resolution: 800m,
Period: 1984-01-01 - 2024-06-30,
Dataset: AN91d,
PRISM day definition: 24 hours ending at 1200 UTC on the day shown,
Grid Cell Interpolation: Off,
Time series generated: 2026-Feb-14,
Details: http://www.prism.oregonstate.edu/documents/PRISM_datasets.pdf,
Date,ppt (mm)
1/1/84,2.92
1/2/84,0
1/3/84,0
1/4/84,0
1/5/84,0
1/6/84,0
1/7/84,0
1/8/84,0
1/9/84,0
1/10/84,5.74
1/11/84,0
1/12/84,0
1/13/84,0
1/14/84,7.37
1/15/84,17.01
1/16/84,2.9
1/17/84,3
1/18/84,2.89
1/19/84,0
1/20/84,0
1/21/84,0
1/22/84,0
1/23/84,0
1/24/84,0
1/25/84,0
1/26/84,0
1/27/84,0
1/28/84,0
1/29/84,0
1/30/84,0
1/31/84,0
2/1/84,0
2/2/84,0
2/3/84,0
2/4/84,0
2/5/84,0
2/6/84,0
2/7/84,0
2/8/84,3.48
2/9/84,0
2/10/84,0
2/11/84,0
2/12/84,0
2/13/84,0
2/14/84,0
2/15/84,4.5
2/16/84,0
2/17/84,0
2/18/84,7.12
2/19/84,3.47
2/20/84,0
2/21/84,0
2/22/84,0
2/23/84,0
2/24/84,3.48
2/25/84,0
2/26/84,0
2/27/84,3.48
2/28/84,0
2/29/84,0
3/1/84,0
3/2/84,0
3/3/84,0
3/4/84,0
3/5/84,8.64
3/6/84,0
3/7/84,0
3/8/84,0
3/9/84,0
3/10/84,0
3/11/84,0
3/12/84,0
3/13/84,3.24
3/14/84,0
3/15/84,0.59
3/16/84,0
3/17/84,6.43
3/18/84,0
3/19/84,0
3/20/84,0
3/21/84,0
3/22/84,0
3/23/84,10.03
3/24/84,0
3/25/84,0
3/26/84,0
3/27/84,25.78
3/28/84,21.34
3/29/84,0
3/30/84,0
3/31/84,15.34
4/1/84,0
4/2/84,3.24
4/3/84,0
4/4/84,0
4/5/84,3.1
4/6/84,0
4/7/84,0
4/8/84,0.5
4/9/84,8.19
4/10/84,0.28
4/11/84,7.85
4/12/84,0
4/13/84,0
4/14/84,2.57
4/15/84,2.57
4/16/84,0
4/17/84,0
4/18/84,0
4/19/84,0
4/20/84,1.19
4/21/84,0
4/22/84,0
4/23/84,15.82
4/24/84,0
4/25/84,0
4/26/84,9.99
4/27/84,3.31
4/28/84,0
4/29/84,1.76
4/30/84,0
5/1/84,0
5/2/84,0
5/3/84,0
5/4/84,0
5/5/84,0
5/6/84,0
5/7/84,0
5/8/84,0
5/9/84,0
5/10/84,0
5/11/84,0
5/12/84,0
5/13/84,0
5/14/84,2.09
5/15/84,11.47
5/16/84,1.9
5/17/84,0
5/18/84,0
5/19/84,0
5/20/84,0
5/21/84,0
5/22/84,0
5/23/84,0
5/24/84,0
5/25/84,0
5/26/84,0
5/27/84,0
5/28/84,0
5/29/84,0
5/30/84,0
5/31/84,0
6/1/84,0
6/2/84,1.45
6/3/84,0
6/4/84,5.18
6/5/84,0
6/6/84,3.15
6/7/84,2.98
6/8/84,0
6/9/84,0
6/10/84,0
6/11/84,0
6/12/84,0
6/13/84,0
6/14/84,2.62
6/15/84,3.23
6/16/84,7.14
6/17/84,0.81
6/18/84,0
6/19/84,0.5
6/20/84,2.52
6/21/84,0
6/22/84,0
6/23/84,0
6/24/84,0
6/25/84,10.89
6/26/84,2.32
6/27/84,13.46
6/28/84,8.39
6/29/84,0
6/30/84,0
7/1/84,13.31
7/2/84,0
7/3/84,4.9
7/4/84,0
7/5/84,7.02
7/6/84,0
7/7/84,0
7/8/84,0
7/9/84,0
7/10/84,0.69
7/11/84,0.5
7/12/84,5.4
7/13/84,0
7/14/84,4.45
7/15/84,0.51
7/16/84,2.48
7/17/84,20.96
7/18/84,0.45
7/19/84,0
7/20/84,0
7/21/84,0
7/22/84,0
7/23/84,0
7/24/84,0
7/25/84,16.7
7/26/84,0
7/27/84,0
7/28/84,0
7/29/84,0
7/30/84,7.33
7/31/84,0
8/1/84,0
8/2/84,22.59
8/3/84,4.73
8/4/84,0
8/5/84,7.51
8/6/84,12.79
8/7/84,1.88
8/8/84,0
8/9/84,0
8/10/84,0
8/11/84,3.94
8/12/84,0
8/13/84,0.7
8/14/84,6.59
8/15/84,8.67
8/16/84,9.63
8/17/84,0
8/18/84,2.1
8/19/84,0.76
8/20/84,1.2
8/21/84,5.56
8/22/84,0
8/23/84,1.44
8/24/84,24.36
8/25/84,0
8/26/84,11.91
8/27/84,7.19
8/28/84,4.64
8/29/84,0
8/30/84,0
8/31/84,0
9/1/84,0
9/2/84,3.03
9/3/84,5.81
9/4/84,0
9/5/84,0
9/6/84,0
9/7/84,0
9/8/84,0
9/9/84,0
9/10/84,0
9/11/84,0.45
9/12/84,0.57
9/13/84,0
9/14/84,3.34
9/15/84,0.37
9/16/84,0
9/17/84,1.51
9/18/84,5.79
9/19/84,3.01
9/20/84,0
9/21/84,2.02
9/22/84,0
9/23/84,0.95
9/24/84,0
9/25/84,0
9/26/84,1.85
9/27/84,8.5
9/28/84,0
9/29/84,0
9/30/84,0
10/1/84,0
10/2/84,0
10/3/84,3.35
10/4/84,14.25
10/5/84,2.72
10/6/84,0
10/7/84,0
10/8/84,0
10/9/84,0
10/10/84,0
10/11/84,0
10/12/84,2.13
10/13/84,10.18
10/14/84,0
10/15/84,4.9
10/16/84,20.05
10/17/84,0.42
10/18/84,13.13
10/19/84,4.77
10/20/84,1.35
10/21/84,1.74
10/22/84,9.08
10/23/84,15.71
10/24/84,0.62
10/25/84,1.9
10/26/84,11.53
10/27/84,0
10/28/84,2.4
10/29/84,2.29
10/30/84,0
10/31/84,0
11/1/84,0
11/2/84,0
11/3/84,0
11/4/84,0
11/5/84,3.22
11/6/84,0
11/7/84,0
11/8/84,0
11/9/84,0
11/10/84,0
11/11/84,0
11/12/84,0
11/13/84,0
11/14/84,0
11/15/84,0
11/16/84,0
11/17/84,0
11/18/84,6.51
11/19/84,3.43
11/20/84,0
11/21/84,0
11/22/84,0
11/23/84,0
11/24/84,0.5
11/25/84,10.4
11/26/84,9.81
11/27/84,0
11/28/84,0
11/29/84,3.31
11/30/84,0
12/1/84,3.05
12/2/84,0
12/3/84,0
12/4/84,0
12/5/84,2.48
12/6/84,0
12/7/84,0
12/8/84,0
12/9/84,0.95
12/10/84,0
12/11/84,3.1
12/12/84,9.46
12/13/84,11.81
12/14/84,26.66
12/15/84,44.57
12/16/84,8.78
12/17/84,0
12/18/84,0
12/19/84,0
12/20/84,0
12/21/84,2.98
12/22/84,2.94
12/23/84,0
12/24/84,0
12/25/84,0
12/26/84,0
12/27/84,0
12/28/84,18.04
12/29/84,8.31
12/30/84,5.84
12/31/84,0
1/1/85,2.84
1/2/85,0
1/3/85,0
1/4/85,0
1/5/85,0
1/6/85,0
1/7/85,0
1/8/85,3.88
1/9/85,21.88
1/10/85,3.08
1/11/85,0
1/12/85,0.47
1/13/85,0
1/14/85,0
1/15/85,0
1/16/85,0
1/17/85,0
1/18/85,0
1/19/85,0
1/20/85,0
1/21/85,0
1/22/85,0
1/23/85,0
1/24/85,0
1/25/85,0
1/26/85,0
1/27/85,3.66
1/28/85,8.15
1/29/85,7.28
1/30/85,7.07
1/31/85,3.15
2/1/85,0
2/2/85,3.2
2/3/85,0
2/4/85,11.43
2/5/85,3.99
2/6/85,0
2/7/85,0
2/8/85,3.79
2/9/85,0
2/10/85,1.61
2/11/85,0
2/12/85,0
2/13/85,0
2/14/85,0
2/15/85,0
2/16/85,0
2/17/85,0
2/18/85,0
2/19/85,0
2/20/85,0.29
2/21/85,3.12
2/22/85,8.21
2/23/85,9.89
2/24/85,13.21
2/25/85,3.43
2/26/85,0
2/27/85,0
2/28/85,0
3/1/85,0
3/2/85,0
3/3/85,0
3/4/85,6.88
3/5/85,0
3/6/85,0
3/7/85,0
3/8/85,0
3/9/85,0
3/10/85,0
3/11/85,0.63
3/12/85,26.5
3/13/85,36.16
3/14/85,0
3/15/85,0
3/16/85,16.54
3/17/85,0
3/18/85,0
3/19/85,0
3/20/85,17.16
3/21/85,0
3/22/85,0
3/23/85,7.07
3/24/85,0
3/25/85,0
3/26/85,0
3/27/85,0
3/28/85,0
3/29/85,0
3/30/85,23.54
3/31/85,0
4/1/85,0
4/2/85,0
4/3/85,0
4/4/85,0
4/5/85,2.55
4/6/85,0
4/7/85,0
4/8/85,0
4/9/85,0
4/10/85,0
4/11/85,0
4/12/85,0
4/13/85,0
4/14/85,0
4/15/85,0
4/16/85,0
4/17/85,0
4/18/85,0
4/19/85,5.21
4/20/85,0
4/21/85,0
4/22/85,10.07
4/23/85,13.1
4/24/85,0
4/25/85,0
4/26/85,4.82
4/27/85,19.87
4/28/85,2.92
4/29/85,43.81
4/30/85,7.9
5/1/85,0
5/2/85,1.45
5/3/85,0
5/4/85,0
5/5/85,0
5/6/85,0
5/7/85,3.87
5/8/85,0
5/9/85,0
5/10/85,0
5/11/85,6.86
5/12/85,0
5/13/85,1.4
5/14/85,0
5/15/85,0
5/16/85,0
5/17/85,0
5/18/85,5.63
5/19/85,8.25
5/20/85,0
5/21/85,0
5/22/85,8.61
5/23/85,0
5/24/85,5.4
5/25/85,0
5/26/85,0
5/27/85,0
5/28/85,2.12
5/29/85,0
5/30/85,0
5/31/85,0.75
6/1/85,0
6/2/85,0
6/3/85,0
6/4/85,0
6/5/85,4.35
6/6/85,4.87
6/7/85,4.45
6/8/85,0
6/9/85,0
6/10/85,0
6/11/85,0
6/12/85,0
6/13/85,0
6/14/85,0
6/15/85,0
6/16/85,0
6/17/85,0
6/18/85,2.16
6/19/85,10.29
6/20/85,0
6/21/85,0
6/22/85,3.37
6/23/85,0
6/24/85,0
6/25/85,19.24
6/26/85,0
6/27/85,0
6/28/85,0
6/29/85,0
6/30/85,0
7/1/85,0
7/2/85,0
7/3/85,0
7/4/85,0
7/5/85,0
7/6/85,0
7/7/85,0
7/8/85,0
7/9/85,0
7/10/85,4.81
7/11/85,0
7/12/85,0
7/13/85,0
7/14/85,0
7/15/85,4.46
7/16/85,24.84
7/17/85,8.65
7/18/85,0
7/19/85,1.31
7/20/85,0
7/21/85,1.06
7/22/85,1.07
7/23/85,7.06
7/24/85,13.21
7/25/85,3.61
7/26/85,4.13
7/27/85,0.62
7/28/85,3.38
7/29/85,7.28
7/30/85,1.32
7/31/85,0
8/1/85,5.67
8/2/85,1.09
8/3/85,5
8/4/85,3.47
8/5/85,3.21
8/6/85,4.72
8/7/85,0
8/8/85,0
8/9/85,5.35
8/10/85,0
8/11/85,18.97
8/12/85,0
8/13/85,0
8/14/85,0
8/15/85,0
8/16/85,0
8/17/85,0
8/18/85,0
8/19/85,0
8/20/85,2.59
8/21/85,7.81
8/22/85,0
8/23/85,0
8/24/85,2.36
8/25/85,0
8/26/85,0
8/27/85,13.66
8/28/85,0
8/29/85,0
8/30/85,4.09
8/31/85,2.19
9/1/85,0
9/2/85,0
9/3/85,1.99
9/4/85,1.05
9/5/85,0
9/6/85,0
9/7/85,0
9/8/85,0
9/9/85,0
9/10/85,0
9/11/85,3.11
9/12/85,5.82
9/13/85,0
9/14/85,2.77
9/15/85,0
9/16/85,5.8
9/17/85,6.18
9/18/85,0.78
9/19/85,15.57
9/20/85,3.79
9/21/85,41.74
9/22/85,0
9/23/85,0
9/24/85,0
9/25/85,0
9/26/85,2.44
9/27/85,0
9/28/85,0
9/29/85,1.14
9/30/85,2.83
10/1/85,0
10/2/85,0
10/3/85,0
10/4/85,0
10/5/85,0
10/6/85,0
10/7/85,3.84
10/8/85,3.22
10/9/85,4.53
10/10/85,5.01
10/11/85,39.5
10/12/85,2.17
10/13/85,0
10/14/85,0
10/15/85,2.1
10/16/85,0
10/17/85,10.11
10/18/85,4.8
10/19/85,2.22
10/20/85,13.15
10/21/85,0
10/22/85,0
10/23/85,0
10/24/85,0
10/25/85,0
10/26/85,0
10/27/85,0
10/28/85,0
10/29/85,0
10/30/85,3.22
10/31/85,0
11/1/85,3.83
11/2/85,0
11/3/85,0
11/4/85,0
11/5/85,0
11/6/85,0
11/7/85,0
11/8/85,0
11/9/85,0
11/10/85,0
11/11/85,0
11/12/85,0
11/13/85,12.42
11/14/85,3.06
11/15/85,0
11/16/85,0
11/17/85,0
11/18/85,24.01
11/19/85,15.76
11/20/85,0
11/21/85,0
11/22/85,0
11/23/85,0
11/24/85,0
11/25/85,0
11/26/85,0.4
11/27/85,3.41
11/28/85,0
11/29/85,0
11/30/85,22.05
12/1/85,10.51
12/2/85,0
12/3/85,0
12/4/85,0
12/5/85,0
12/6/85,0
12/7/85,3.02
12/8/85,0
12/9/85,0
12/10/85,3.51
12/11/85,12.65
12/12/85,0
12/13/85,0
12/14/85,0
12/15/85,0
12/16/85,0
12/17/85,0
12/18/85,0
12/19/85,0
12/20/85,0
12/21/85,0
12/22/85,0
12/23/85,0
12/24/85,0
12/25/85,0
12/26/85,0
12/27/85,0
12/28/85,0
12/29/85,0
12/30/85,0
12/31/85,6.53
1/1/86,0
1/2/86,0
1/3/86,0
1/4/86,0
1/5/86,0
1/6/86,0
1/7/86,8.02
1/8/86,0
1/9/86,0
1/10/86,0
1/11/86,0
1/12/86,0
1/13/86,0
1/14/86,0
1/15/86,0
1/16/86,0
1/17/86,0
1/18/86,0
1/19/86,0
1/20/86,0
1/21/86,0
1/22/86,0
1/23/86,0
1/24/86,0
1/25/86,0
1/26/86,0
1/27/86,0
1/28/86,0
1/29/86,0
1/30/86,3.64
1/31/86,0
2/1/86,0
2/2/86,0
2/3/86,0
2/4/86,10.06
2/5/86,0
2/6/86,0
2/7/86,24.54
2/8/86,11.97
2/9/86,2.05
2/10/86,20.2
2/11/86,0
2/12/86,0
2/13/86,0.87
2/14/86,0
2/15/86,0
2/16/86,4.85
2/17/86,0
2/18/86,0
2/19/86,0
2/20/86,0
2/21/86,6.71
2/22/86,0
2/23/86,0
2/24/86,0
2/25/86,0
2/26/86,0
2/27/86,0
2/28/86,0
3/1/86,0
3/2/86,0
3/3/86,0
3/4/86,0
3/5/86,0
3/6/86,0
3/7/86,0
3/8/86,0
3/9/86,0.31
3/10/86,17
3/11/86,7.25
3/12/86,5.1
3/13/86,7.69
3/14/86,0
3/15/86,1.18
3/16/86,0
3/17/86,0
3/18/86,15.34
3/19/86,13.78
3/20/86,0
3/21/86,0
3/22/86,0
3/23/86,0
3/24/86,0
3/25/86,0
3/26/86,0
3/27/86,0
3/28/86,0
3/29/86,0
3/30/86,0
3/31/86,0
4/1/86,0
4/2/86,10.92
4/3/86,25.29
4/4/86,4.02
4/5/86,0
4/6/86,0
4/7/86,0.26
4/8/86,0
4/9/86,0
4/10/86,0
4/11/86,0
4/12/86,0
4/13/86,0
4/14/86,2.65
4/15/86,0
4/16/86,0
4/17/86,0
4/18/86,0
4/19/86,1.14
4/20/86,0
4/21/86,0
4/22/86,0
4/23/86,0
4/24/86,1.3
4/25/86,0
4/26/86,22.9
4/27/86,14.76
4/28/86,0
4/29/86,0
4/30/86,0
5/1/86,0
5/2/86,0
5/3/86,2.1
5/4/86,0
5/5/86,0
5/6/86,2.39
5/7/86,0
5/8/86,5.49
5/9/86,0
5/10/86,0
5/11/86,0
5/12/86,0
5/13/86,0
5/14/86,0
5/15/86,0
5/16/86,0
5/17/86,11.04
5/18/86,0
5/19/86,0
5/20/86,0
5/21/86,0
5/22/86,0
5/23/86,0
5/24/86,0
5/25/86,2.58
5/26/86,0
5/27/86,0
5/28/86,16.75
5/29/86,5.82
5/30/86,8.2
5/31/86,5.31
6/1/86,2.28
6/2/86,1.59
6/3/86,4.84
6/4/86,8.24
6/5/86,5.44
6/6/86,0.27
6/7/86,0
6/8/86,0
6/9/86,14.54
6/10/86,0
6/11/86,0
6/12/86,0
6/13/86,0
6/14/86,0
6/15/86,0
6/16/86,0
6/17/86,0
6/18/86,4.28
6/19/86,7.9
6/20/86,0
6/21/86,0
6/22/86,0
6/23/86,0
6/24/86,6.13
6/25/86,24.7
6/26/86,34.69
6/27/86,4.83
6/28/86,1.02
6/29/86,0
6/30/86,7.1
7/1/86,0.31
7/2/86,0
7/3/86,0
7/4/86,0
7/5/86,12.47
7/6/86,0.56
7/7/86,0
7/8/86,6.26
7/9/86,0
7/10/86,7.76
7/11/86,0
7/12/86,0
7/13/86,0
7/14/86,0
7/15/86,0
7/16/86,10.55
7/17/86,6.4
7/18/86,0.75
7/19/86,6.99
7/20/86,1.49
7/21/86,1.9
7/22/86,1.06
7/23/86,5.18
7/24/86,2.29
7/25/86,0
7/26/86,0
7/27/86,0
7/28/86,0
7/29/86,0
7/30/86,0
7/31/86,5.02
8/1/86,0
8/2/86,0
8/3/86,0
8/4/86,17.84
8/5/86,0
8/6/86,5.53
8/7/86,6.79
8/8/86,4.78
8/9/86,15.96
8/10/86,5.08
8/11/86,5.91
8/12/86,0
8/13/86,12.1
8/14/86,0
8/15/86,0
8/16/86,0
8/17/86,0
8/18/86,3.74
8/19/86,0
8/20/86,2.48
8/21/86,17.35
8/22/86,14.92
8/23/86,0
8/24/86,0.97
8/25/86,4.63
8/26/86,0.56
8/27/86,0.58
8/28/86,0.36
8/29/86,0
8/30/86,9.24
8/31/86,0
9/1/86,1.91
9/2/86,0
9/3/86,0
9/4/86,0
9/5/86,1.93
9/6/86,0
9/7/86,0
9/8/86,3.14
9/9/86,8.28
9/10/86,14.26
9/11/86,3.79
9/12/86,0
9/13/86,0
9/14/86,4.23
9/15/86,0
9/16/86,0.73
9/17/86,5.41
9/18/86,1.88
9/19/86,0
9/20/86,1.95
9/21/86,0
9/22/86,0
9/23/86,0
9/24/86,0.51
9/25/86,9.62
9/26/86,6.49
9/27/86,10.42
9/28/86,2.37
9/29/86,4.19
9/30/86,0.27
10/1/86,0
10/2/86,4.92
10/3/86,0.46
10/4/86,1
10/5/86,2.75
10/6/86,4.3
10/7/86,0
10/8/86,5.3
10/9/86,2.57
10/10/86,1.01
10/11/86,11.01
10/12/86,23.31
10/13/86,0.64
10/14/86,0
10/15/86,0
10/16/86,2.48
10/17/86,2.49
10/18/86,0
10/19/86,0
10/20/86,11.17
10/21/86,24.35
10/22/86,0
10/23/86,0
10/24/86,0
10/25/86,0
10/26/86,2.4
10/27/86,0
10/28/86,0
10/29/86,0
10/30/86,0
10/31/86,0
11/1/86,10.3
11/2/86,29.93
11/3/86,4.8
11/4/86,16.38
11/5/86,5.53
11/6/86,0
11/7/86,8.23
11/8/86,6.05
11/9/86,0
11/10/86,5.82
11/11/86,2.99
11/12/86,0
11/13/86,0
11/14/86,0
11/15/86,0
11/16/86,0
11/17/86,0
11/18/86,0
11/19/86,3.64
11/20/86,0
11/21/86,0
11/22/86,0
11/23/86,8.3
11/24/86,0
11/25/86,0
11/26/86,0
11/27/86,2.25
11/28/86,0
11/29/86,0
11/30/86,0
12/1/86,2.88
12/2/86,0
12/3/86,0
12/4/86,0
12/5/86,0
12/6/86,0.5
12/7/86,13.96
12/8/86,0
12/9/86,3.37
12/10/86,7.92
12/11/86,0
12/12/86,0
12/13/86,0
12/14/86,0
12/15/86,0
12/16/86,0
12/17/86,0
12/18/86,1.42
12/19/86,2.77
12/20/86,0
12/21/86,0
12/22/86,0
12/23/86,2.63
12/24/86,0
12/25/86,7.99
12/26/86,0
12/27/86,0
12/28/86,5.43
12/29/86,0
12/30/86,0
12/31/86,0
1/1/87,0
1/2/87,0
1/3/87,2.71
1/4/87,0
1/5/87,0
1/6/87,0.26
1/7/87,0
1/8/87,16.39
1/9/87,5.81
1/10/87,0
1/11/87,0
1/12/87,0
1/13/87,0
1/14/87,0
1/15/87,0
1/16/87,2.74
1/17/87,23.05
1/18/87,4.75
1/19/87,0
1/20/87,2.87
1/21/87,2.92
1/22/87,2.71
1/23/87,0
1/24/87,0
1/25/87,0
1/26/87,0
1/27/87,0
1/28/87,0
1/29/87,0
1/30/87,0
1/31/87,0
2/1/87,5.46
2/2/87,0
2/3/87,0
2/4/87,0
2/5/87,0
2/6/87,0
2/7/87,0
2/8/87,0
2/9/87,0
2/10/87,0
2/11/87,0
2/12/87,0.38
2/13/87,0.96
2/14/87,0
2/15/87,4.84
2/16/87,8.58
2/17/87,0.51
2/18/87,18.5
2/19/87,17.54
2/20/87,6.32
2/21/87,9.07
2/22/87,6.54
2/23/87,0
2/24/87,0
2/25/87,28.39
2/26/87,32.64
2/27/87,7.06
2/28/87,9.56
3/1/87,0
3/2/87,0
3/3/87,0
3/4/87,0
3/5/87,0
3/6/87,0
3/7/87,0
3/8/87,0
3/9/87,0
3/10/87,2.81
3/11/87,0
3/12/87,0
3/13/87,0
3/14/87,0
3/15/87,0
3/16/87,0.34
3/17/87,0
3/18/87,3.83
3/19/87,0
3/20/87,0
3/21/87,0
3/22/87,0.31
3/23/87,19.49
3/24/87,0
3/25/87,0
3/26/87,0
3/27/87,0
3/28/87,1.52
3/29/87,1.13
3/30/87,8.22
3/31/87,0
4/1/87,0
4/2/87,0
4/3/87,5.73
4/4/87,0
4/5/87,30.84
4/6/87,0.82
4/7/87,0
4/8/87,0
4/9/87,0
4/10/87,0
4/11/87,0
4/12/87,0
4/13/87,5.49
4/14/87,0
4/15/87,0
4/16/87,0
4/17/87,0
4/18/87,0
4/19/87,0
4/20/87,0
4/21/87,0
4/22/87,0
4/23/87,0
4/24/87,0
4/25/87,0
4/26/87,0
4/27/87,0
4/28/87,0
4/29/87,0
4/30/87,0
5/1/87,0.34
5/2/87,0
5/3/87,0
5/4/87,6.2
5/5/87,2.27
5/6/87,2.45
5/7/87,0
5/8/87,0
5/9/87,0
5/10/87,0
5/11/87,0
5/12/87,0.95
5/13/87,0.4
5/14/87,13.05
5/15/87,3.42
5/16/87,7.11
5/17/87,0
5/18/87,0
5/19/87,6.97
5/20/87,0.64
5/21/87,3.2
5/22/87,0.4
5/23/87,13.28
5/24/87,5.33
5/25/87,0
5/26/87,0
5/27/87,4.81
5/28/87,0
5/29/87,0
5/30/87,0
5/31/87,0
6/1/87,0
6/2/87,0
6/3/87,0
6/4/87,0
6/5/87,0
6/6/87,4.42
6/7/87,2.24
6/8/87,10.14
6/9/87,7.57
6/10/87,0
6/11/87,0
6/12/87,3.12
6/13/87,0
6/14/87,5.85
6/15/87,0
6/16/87,0
6/17/87,0
6/18/87,0
6/19/87,0
6/20/87,0
6/21/87,0
6/22/87,0
6/23/87,3.17
6/24/87,0
6/25/87,0
6/26/87,0
6/27/87,8.95
6/28/87,0.44
6/29/87,0.57
6/30/87,3.32
7/1/87,0
7/2/87,0
7/3/87,0
7/4/87,0
7/5/87,0
7/6/87,0
7/7/87,6.36
7/8/87,3.8
7/9/87,0
7/10/87,0
7/11/87,0
7/12/87,0
7/13/87,0
7/14/87,0
7/15/87,0
7/16/87,0
7/17/87,34.33
7/18/87,0
7/19/87,4.5
7/20/87,0
7/21/87,1.64
7/22/87,0.39
7/23/87,0
7/24/87,0
7/25/87,0
7/26/87,0
7/27/87,0
7/28/87,4.4
7/29/87,0.79
7/30/87,0
7/31/87,2.37
8/1/87,0
8/2/87,0
8/3/87,4.28
8/4/87,0.66
8/5/87,10.54
8/6/87,3.33
8/7/87,8.43
8/8/87,0
8/9/87,0
8/10/87,8.24
8/11/87,0
8/12/87,4.22
8/13/87,8.45
8/14/87,0
8/15/87,0
8/16/87,0
8/17/87,0
8/18/87,0
8/19/87,0
8/20/87,2.07
8/21/87,0
8/22/87,4.51
8/23/87,29.4
8/24/87,6.65
8/25/87,0.67
8/26/87,0.42
8/27/87,4.8
8/28/87,0
8/29/87,0.54
8/30/87,0
8/31/87,2.41
9/1/87,0
9/2/87,0
9/3/87,2
9/4/87,0
9/5/87,0
9/6/87,4.77
9/7/87,0
9/8/87,4.73
9/9/87,11.45
9/10/87,0
9/11/87,2.02
9/12/87,0
9/13/87,0
9/14/87,0.61
9/15/87,0
9/16/87,1.82
9/17/87,0
9/18/87,0
9/19/87,1.89
9/20/87,0
9/21/87,0
9/22/87,0
9/23/87,0
9/24/87,0
9/25/87,0.34
9/26/87,0
9/27/87,3.56
9/28/87,0
9/29/87,0
9/30/87,5.67
10/1/87,0
10/2/87,0
10/3/87,0
10/4/87,0
10/5/87,0
10/6/87,0
10/7/87,0
10/8/87,0
10/9/87,0
10/10/87,0
10/11/87,0
10/12/87,0
10/13/87,0
10/14/87,15.07
10/15/87,2.85
10/16/87,5.33
10/17/87,0
10/18/87,0
10/19/87,0
10/20/87,0
10/21/87,0
10/22/87,0
10/23/87,0
10/24/87,0
10/25/87,0.86
10/26/87,0
10/27/87,0
10/28/87,0
10/29/87,4.11
10/30/87,0.84
10/31/87,4.42
11/1/87,1.49
11/2/87,4.86
11/3/87,39.29
11/4/87,5.46
11/5/87,0
11/6/87,0.86
11/7/87,16.26
11/8/87,10.08
11/9/87,0
11/10/87,0
11/11/87,0
11/12/87,0
11/13/87,0
11/14/87,0
11/15/87,9.13
11/16/87,2.46
11/17/87,0
11/18/87,0
11/19/87,0
11/20/87,0
11/21/87,0
11/22/87,6.63
11/23/87,0
11/24/87,0
11/25/87,0
11/26/87,2.98
11/27/87,29.3
11/28/87,3.16
11/29/87,0
11/30/87,0
12/1/87,0
12/2/87,0
12/3/87,0
12/4/87,0
12/5/87,0
12/6/87,5.86
12/7/87,0
12/8/87,0
12/9/87,0
12/10/87,0
12/11/87,0
12/12/87,0
12/13/87,2.37
12/14/87,0.29
12/15/87,0
12/16/87,0
12/17/87,9.36
12/18/87,7.4
12/19/87,9.32
12/20/87,2.89
12/21/87,8.74
12/22/87,0
12/23/87,0
12/24/87,0.61
12/25/87,8.47
12/26/87,12.74
12/27/87,2.84
12/28/87,2.93
12/29/87,0
12/30/87,0
12/31/87,3.68
1/1/88,0
1/2/88,0
1/3/88,0
1/4/88,0
1/5/88,3.55
1/6/88,10.35
1/7/88,8.49
1/8/88,3.74
1/9/88,0
1/10/88,0
1/11/88,0
1/12/88,0
1/13/88,0
1/14/88,0
1/15/88,0
1/16/88,0
1/17/88,4.67
1/18/88,19.11
1/19/88,21.9
1/20/88,3.87
1/21/88,3.09
1/22/88,0
1/23/88,0
1/24/88,0
1/25/88,0
1/26/88,0
1/27/88,0
1/28/88,0
1/29/88,0
1/30/88,0
1/31/88,0
2/1/88,0
2/2/88,1.67
2/3/88,17.02
2/4/88,0
2/5/88,0
2/6/88,0
2/7/88,0
2/8/88,0
2/9/88,0
2/10/88,0
2/11/88,0
2/12/88,0
2/13/88,0
2/14/88,0
2/15/88,0
2/16/88,0
2/17/88,0.66
2/18/88,0
2/19/88,0
2/20/88,0
2/21/88,0
2/22/88,0
2/23/88,0
2/24/88,0
2/25/88,0
2/26/88,0
2/27/88,0
2/28/88,0
2/29/88,0
3/1/88,0
3/2/88,0
3/3/88,16.83
3/4/88,0
3/5/88,0
3/6/88,0
3/7/88,0
3/8/88,0
3/9/88,0
3/10/88,3.5
3/11/88,3.61
3/12/88,0
3/13/88,0
3/14/88,3.7
3/15/88,0
3/16/88,3.22
3/17/88,0
3/18/88,0
3/19/88,0
3/20/88,10.68
3/21/88,0
3/22/88,0
3/23/88,0
3/24/88,0
3/25/88,0
3/26/88,0
3/27/88,0
3/28/88,0
3/29/88,10.51
3/30/88,0
3/31/88,0
4/1/88,7.41
4/2/88,0
4/3/88,2.87
4/4/88,2.87
4/5/88,0
4/6/88,0
4/7/88,2.87
4/8/88,0
4/9/88,0
4/10/88,0
4/11/88,0
4/12/88,0
4/13/88,0
4/14/88,0.92
4/15/88,0.92
4/16/88,3.39
4/17/88,35.42
4/18/88,0
4/19/88,0
4/20/88,0
4/21/88,0
4/22/88,8.73
4/23/88,0.45
4/24/88,0
4/25/88,0
4/26/88,0
4/27/88,0
4/28/88,0
4/29/88,0
4/30/88,0
5/1/88,0
5/2/88,0
5/3/88,0
5/4/88,0
5/5/88,0
5/6/88,0
5/7/88,0
5/8/88,0
5/9/88,0
5/10/88,0
5/11/88,0
5/12/88,0
5/13/88,0
5/14/88,0
5/15/88,0
5/16/88,0
5/17/88,3.11
5/18/88,4.2
5/19/88,7.84
5/20/88,10.33
5/21/88,3.06
5/22/88,0
5/23/88,0
5/24/88,0
5/25/88,3.03
5/26/88,0
5/27/88,0
5/28/88,0
5/29/88,0
5/30/88,4.17
5/31/88,0
6/1/88,3.07
6/2/88,0.32
6/3/88,0
6/4/88,0.45
6/5/88,0
6/6/88,2.58
6/7/88,0
6/8/88,0
6/9/88,0
6/10/88,21.02
6/11/88,40.79
6/12/88,0.63
6/13/88,0
6/14/88,0
6/15/88,2.26
6/16/88,9.85
6/17/88,0
6/18/88,1.21
6/19/88,0
6/20/88,7.06
6/21/88,0
6/22/88,2.95
6/23/88,0
6/24/88,8.38
6/25/88,3.2
6/26/88,1.21
6/27/88,8.82
6/28/88,8.93
6/29/88,2.11
6/30/88,12.07
7/1/88,0
7/2/88,1.18
7/3/88,0
7/4/88,0
7/5/88,6.05
7/6/88,11.26
7/7/88,0
7/8/88,0.96
7/9/88,3.7
7/10/88,0.37
7/11/88,0.5
7/12/88,4.62
7/13/88,1.71
7/14/88,0
7/15/88,0
7/16/88,4.88
7/17/88,5.78
7/18/88,9.71
7/19/88,3.53
7/20/88,3.5
7/21/88,1.08
7/22/88,0
7/23/88,0.85
7/24/88,0
7/25/88,0.38
7/26/88,0
7/27/88,0
7/28/88,23.77
7/29/88,0.6
7/30/88,18.76
7/31/88,0
8/1/88,11.11
8/2/88,12.54
8/3/88,3.07
8/4/88,4.3
8/5/88,17.28
8/6/88,12.42
8/7/88,4.36
8/8/88,0
8/9/88,0.38
8/10/88,0
8/11/88,0
8/12/88,0
8/13/88,0
8/14/88,0
8/15/88,4.1
8/16/88,0
8/17/88,3.95
8/18/88,4.9
8/19/88,10.3
8/20/88,0
8/21/88,0
8/22/88,0
8/23/88,18.24
8/24/88,16.37
8/25/88,0
8/26/88,5.12
8/27/88,13.96
8/28/88,26.03
8/29/88,0
8/30/88,0
8/31/88,5.38
9/1/88,4.78
9/2/88,0
9/3/88,0
9/4/88,1.9
9/5/88,0
9/6/88,0
9/7/88,0
9/8/88,0
9/9/88,0
9/10/88,0
9/11/88,5.69
9/12/88,8.94
9/13/88,16.07
9/14/88,13.35
9/15/88,0
9/16/88,0
9/17/88,0
9/18/88,0
9/19/88,0
9/20/88,0
9/21/88,4.63
9/22/88,6.86
9/23/88,11.43
9/24/88,0
9/25/88,0
9/26/88,0
9/27/88,0
9/28/88,0
9/29/88,0
9/30/88,2.08
10/1/88,0
10/2/88,0
10/3/88,0
10/4/88,0
10/5/88,1.03
10/6/88,0.71
10/7/88,6.09
10/8/88,1.77
10/9/88,4.18
10/10/88,0
10/11/88,2.15
10/12/88,0
10/13/88,0
10/14/88,0
10/15/88,0
10/16/88,0
10/17/88,0
10/18/88,0
10/19/88,0
10/20/88,0
10/21/88,0
10/22/88,0
10/23/88,0
10/24/88,0
10/25/88,0
10/26/88,2.15
10/27/88,0
10/28/88,0
10/29/88,0
10/30/88,0
10/31/88,0
11/1/88,3.88
11/2/88,0
11/3/88,0
11/4/88,0
11/5/88,0
11/6/88,3.88
11/7/88,0
11/8/88,0
11/9/88,2.14
11/10/88,0
11/11/88,0
11/12/88,4.87
11/13/88,0
11/14/88,0
11/15/88,16.37
11/16/88,25.41
11/17/88,0
11/18/88,3.8
11/19/88,7.32
11/20/88,7.69
11/21/88,3.9
11/22/88,0
11/23/88,0
11/24/88,0
11/25/88,0
11/26/88,6.72
11/27/88,0
11/28/88,0
11/29/88,0
11/30/88,0
12/1/88,0
12/2/88,0
12/3/88,0
12/4/88,0
12/5/88,0
12/6/88,0
12/7/88,0
12/8/88,9.24
12/9/88,5.92
12/10/88,0
12/11/88,0
12/12/88,0
12/13/88,0
12/14/88,0
12/15/88,0
12/16/88,0
12/17/88,0
12/18/88,0
12/19/88,0
12/20/88,3.92
12/21/88,6.54
12/22/88,3.29
12/23/88,0
12/24/88,0
12/25/88,0
12/26/88,0
12/27/88,18.24
12/28/88,0
12/29/88,0
12/30/88,0
12/31/88,0
1/1/89,0
1/2/89,0
1/3/89,0
1/4/89,0
1/5/89,6.79
1/6/89,0
1/7/89,3.95
1/8/89,9.8
1/9/89,3.2
1/10/89,0
1/11/89,0
1/12/89,0.56
1/13/89,0
1/14/89,0
1/15/89,0
1/16/89,0
1/17/89,0
1/18/89,0
1/19/89,0
1/20/89,0
1/21/89,0
1/22/89,0
1/23/89,0
1/24/89,0
1/25/89,2.4
1/26/89,0
1/27/89,5.48
1/28/89,14.72
1/29/89,0
1/30/89,0
1/31/89,3.31
2/1/89,0
2/2/89,0
2/3/89,0
2/4/89,0
2/5/89,31.14
2/6/89,37.6
2/7/89,0
2/8/89,0
2/9/89,0.31
2/10/89,0
2/11/89,0
2/12/89,0
2/13/89,3.29
2/14/89,0
2/15/89,0
2/16/89,0
2/17/89,0
2/18/89,0
2/19/89,0
2/20/89,5.37
2/21/89,0
2/22/89,0
2/23/89,0
2/24/89,0
2/25/89,0
2/26/89,0
2/27/89,0
2/28/89,0
3/1/89,3.04
3/2/89,0
3/3/89,4.35
3/4/89,13.18
3/5/89,9.27
3/6/89,0
3/7/89,0
3/8/89,0
3/9/89,0
3/10/89,0
3/11/89,0
3/12/89,0
3/13/89,0
3/14/89,0
3/15/89,0
3/16/89,0
3/17/89,0
3/18/89,0
3/19/89,0
3/20/89,0
3/21/89,7.49
3/22/89,3.04
3/23/89,3.22
3/24/89,0
3/25/89,0
3/26/89,0
3/27/89,0
3/28/89,0
3/29/89,0
3/30/89,0
3/31/89,0
4/1/89,0
4/2/89,0
4/3/89,0
4/4/89,0
4/5/89,0
4/6/89,0
4/7/89,0
4/8/89,0
4/9/89,0
4/10/89,0
4/11/89,0
4/12/89,0
4/13/89,2.08
4/14/89,0
4/15/89,0
4/16/89,0
4/17/89,0
4/18/89,0
4/19/89,0
4/20/89,0
4/21/89,0
4/22/89,0
4/23/89,0
4/24/89,0
4/25/89,0
4/26/89,0
4/27/89,0
4/28/89,0
4/29/89,0
4/30/89,0
5/1/89,0
5/2/89,0
5/3/89,0
5/4/89,0
5/5/89,0
5/6/89,0
5/7/89,0
5/8/89,0
5/9/89,9.39
5/10/89,8.21
5/11/89,0
5/12/89,2.35
5/13/89,0
5/14/89,0
5/15/89,0
5/16/89,0
5/17/89,0
5/18/89,0
5/19/89,0
5/20/89,0
5/21/89,1.94
5/22/89,0
5/23/89,0
5/24/89,0
5/25/89,0
5/26/89,0
5/27/89,0
5/28/89,0
5/29/89,0
5/30/89,0
5/31/89,0
6/1/89,0
6/2/89,0
6/3/89,0
6/4/89,0
6/5/89,0
6/6/89,0
6/7/89,0
6/8/89,0
6/9/89,1.69
6/10/89,0
6/11/89,1.65
6/12/89,3.29
6/13/89,1.77
6/14/89,1.87
6/15/89,1.79
6/16/89,1.5
6/17/89,2.82
6/18/89,2.82
6/19/89,0
6/20/89,0
6/21/89,0
6/22/89,0
6/23/89,0
6/24/89,0
6/25/89,0
6/26/89,0
6/27/89,0
6/28/89,0
6/29/89,0
6/30/89,0
7/1/89,13.42
7/2/89,0
7/3/89,0
7/4/89,0
7/5/89,0
7/6/89,0
7/7/89,0
7/8/89,1.97
7/9/89,0
7/10/89,0
7/11/89,0.45
7/12/89,0.9
7/13/89,0.45
7/14/89,0
7/15/89,17.95
7/16/89,0
7/17/89,0
7/18/89,0
7/19/89,0.46
7/20/89,1.35
7/21/89,0
7/22/89,30.28
7/23/89,8.79
7/24/89,1.08
7/25/89,14.38
7/26/89,3.36
7/27/89,18.07
7/28/89,0
7/29/89,0.58
7/30/89,10.78
7/31/89,4.43
8/1/89,21.76
8/2/89,4.58
8/3/89,4.38
8/4/89,0
8/5/89,4.28
8/6/89,0
8/7/89,0.28
8/8/89,0.85
8/9/89,3.23
8/10/89,0.54
8/11/89,3.55
8/12/89,2.39
8/13/89,0
8/14/89,2.72
8/15/89,2.51
8/16/89,17.34
8/17/89,0
8/18/89,8.01
8/19/89,1.04
8/20/89,0
8/21/89,0.4
8/22/89,5.24
8/23/89,0
8/24/89,0
8/25/89,0
8/26/89,0
8/27/89,0
8/28/89,0
8/29/89,0
8/30/89,0
8/31/89,6.2
9/1/89,0
9/2/89,0
9/3/89,0
9/4/89,5.67
9/5/89,13.16
9/6/89,5.78
9/7/89,0
9/8/89,0.3
9/9/89,0
9/10/89,0
9/11/89,0
9/12/89,3.76
9/13/89,0
9/14/89,4.23
9/15/89,0
9/16/89,0
9/17/89,0
9/18/89,0
9/19/89,0.46
9/20/89,3.09
9/21/89,17.96
9/22/89,0
9/23/89,0
9/24/89,0
9/25/89,0
9/26/89,0
9/27/89,0
9/28/89,0
9/29/89,0
9/30/89,0
10/1/89,0
10/2/89,0
10/3/89,0
10/4/89,22.49
10/5/89,17.88
10/6/89,16.65
10/7/89,2.26
10/8/89,0
10/9/89,0
10/10/89,0
10/11/89,0
10/12/89,0
10/13/89,0
10/14/89,0
10/15/89,0
10/16/89,0
10/17/89,0
10/18/89,0
10/19/89,0
10/20/89,0
10/21/89,0
10/22/89,0
10/23/89,0
10/24/89,0
10/25/89,0
10/26/89,0
10/27/89,0
10/28/89,0
10/29/89,0
10/30/89,0
10/31/89,0
11/1/89,0
11/2/89,0
11/3/89,0
11/4/89,0
11/5/89,0
11/6/89,0
11/7/89,0
11/8/89,0
11/9/89,0
11/10/89,0
11/11/89,2.43
11/12/89,0
11/13/89,2.43
11/14/89,2.43
11/15/89,2.43
11/16/89,0
11/17/89,0
11/18/89,0
11/19/89,0
11/20/89,0
11/21/89,0
11/22/89,0
11/23/89,0
11/24/89,0
11/25/89,0
11/26/89,0
11/27/89,2.43
11/28/89,2.43
11/29/89,0
11/30/89,0
12/1/89,8.93
12/2/89,0
12/3/89,0
12/4/89,0
12/5/89,0
12/6/89,0
12/7/89,0
12/8/89,5.83
12/9/89,0
12/10/89,0
12/11/89,0
12/12/89,8.83
12/13/89,0
12/14/89,0
12/15/89,0
12/16/89,0
12/17/89,3.09
12/18/89,0
12/19/89,0
12/20/89,0
12/21/89,0
12/22/89,0
12/23/89,0
12/24/89,0
12/25/89,0
12/26/89,0
12/27/89,0
12/28/89,0
12/29/89,0
12/30/89,0.35
12/31/89,5.72
1/1/90,2.8
1/2/90,0
1/3/90,5.16
1/4/90,3.2
1/5/90,0
1/6/90,0
1/7/90,0
1/8/90,0
1/9/90,0
1/10/90,0
1/11/90,0
1/12/90,0
1/13/90,0
1/14/90,0
1/15/90,0
1/16/90,5.15
1/17/90,2.58
1/18/90,0
1/19/90,22.15
1/20/90,9.55
1/21/90,0
1/22/90,0
1/23/90,0
1/24/90,0
1/25/90,5.2
1/26/90,0
1/27/90,0
1/28/90,2.62
1/29/90,2.62
1/30/90,0
1/31/90,0
2/1/90,0
2/2/90,0.62
2/3/90,3.67
2/4/90,3.46
2/5/90,0
2/6/90,0
2/7/90,0
2/8/90,0
2/9/90,4.08
2/10/90,0
2/11/90,0
2/12/90,0
2/13/90,0
2/14/90,0
2/15/90,15.4
2/16/90,16.88
2/17/90,0
2/18/90,0
2/19/90,0
2/20/90,4.09
2/21/90,3.94
2/22/90,0
2/23/90,0
2/24/90,0
2/25/90,0
2/26/90,0
2/27/90,0
2/28/90,1.67
3/1/90,4.76
3/2/90,0
3/3/90,0
3/4/90,0
3/5/90,0.57
3/6/90,14.24
3/7/90,7.83
3/8/90,8.09
3/9/90,0
3/10/90,0.45
3/11/90,0
3/12/90,0
3/13/90,0
3/14/90,20.25
3/15/90,0
3/16/90,0
3/17/90,0
3/18/90,0
3/19/90,0
3/20/90,0
3/21/90,0
3/22/90,0
3/23/90,0
3/24/90,0
3/25/90,0
3/26/90,0
3/27/90,0
3/28/90,1.46
3/29/90,2.64
3/30/90,31.18
3/31/90,0
4/1/90,0
4/2/90,5.64
4/3/90,0.41
4/4/90,0.26
4/5/90,0
4/6/90,6.31
4/7/90,0
4/8/90,4.75
4/9/90,3.49
4/10/90,0
4/11/90,0
4/12/90,0
4/13/90,0
4/14/90,0
4/15/90,0
4/16/90,0
4/17/90,0
4/18/90,3.33
4/19/90,16.87
4/20/90,0
4/21/90,0
4/22/90,0.28
4/23/90,0
4/24/90,2.83
4/25/90,8.26
4/26/90,5.79
4/27/90,0
4/28/90,0
4/29/90,0
4/30/90,0
5/1/90,5.25
5/2/90,2.59
5/3/90,16.7
5/4/90,0.62
5/5/90,5.94
5/6/90,0
5/7/90,0
5/8/90,0
5/9/90,0
5/10/90,0
5/11/90,0
5/12/90,0
5/13/90,0
5/14/90,0
5/15/90,0
5/16/90,0
5/17/90,0
5/18/90,0
5/19/90,0
5/20/90,0
5/21/90,0
5/22/90,0
5/23/90,0
5/24/90,0
5/25/90,0
5/26/90,0
5/27/90,0
5/28/90,2.86
5/29/90,0
5/30/90,0
5/31/90,0
6/1/90,0
6/2/90,0
6/3/90,0
6/4/90,0
6/5/90,0
6/6/90,0
6/7/90,0
6/8/90,0
6/9/90,2.44
6/10/90,12.22
6/11/90,7.6
6/12/90,0.32
6/13/90,0
6/14/90,0
6/15/90,0
6/16/90,0.79
6/17/90,0
6/18/90,0.9
6/19/90,0.29
6/20/90,0
6/21/90,0
6/22/90,0
6/23/90,0
6/24/90,5.98
6/25/90,0
6/26/90,0
6/27/90,0.48
6/28/90,0.29
6/29/90,0
6/30/90,0
7/1/90,0
7/2/90,0
7/3/90,2.2
7/4/90,0.44
7/5/90,0.66
7/6/90,4.39
7/7/90,4.39
7/8/90,0.72
7/9/90,8.58
7/10/90,14.05
7/11/90,5.83
7/12/90,0.6
7/13/90,4.27
7/14/90,2.57
7/15/90,5.75
7/16/90,9.17
7/17/90,4.39
7/18/90,0
7/19/90,0
7/20/90,16.77
7/21/90,2.82
7/22/90,0
7/23/90,9.51
7/24/90,17.45
7/25/90,2.75
7/26/90,0
7/27/90,0
7/28/90,0
7/29/90,2.24
7/30/90,0.97
7/31/90,5.08
8/1/90,0.78
8/2/90,2.8
8/3/90,2.19
8/4/90,0
8/5/90,2.12
8/6/90,12.15
8/7/90,4.51
8/8/90,4.63
8/9/90,1.02
8/10/90,0
8/11/90,0
8/12/90,4.57
8/13/90,2.37
8/14/90,4.77
8/15/90,30.22
8/16/90,9.72
8/17/90,1.62
8/18/90,0
8/19/90,0
8/20/90,0
8/21/90,2.27
8/22/90,7.79
8/23/90,2.15
8/24/90,0
8/25/90,0
8/26/90,0
8/27/90,0
8/28/90,16.16
8/29/90,0
8/30/90,0
8/31/90,0
9/1/90,0
9/2/90,0
9/3/90,0
9/4/90,0
9/5/90,19.43
9/6/90,9.37
9/7/90,0
9/8/90,1.86
9/9/90,0
9/10/90,0
9/11/90,0
9/12/90,0
9/13/90,0
9/14/90,0
9/15/90,0
9/16/90,0.27
9/17/90,35.54
9/18/90,0
9/19/90,10.85
9/20/90,2.24
9/21/90,1.5
9/22/90,0
9/23/90,2.58
9/24/90,6.7
9/25/90,2.04
9/26/90,0
9/27/90,0
9/28/90,0
9/29/90,37.84
9/30/90,2.41
10/1/90,0
10/2/90,2.49
10/3/90,0.35
10/4/90,0
10/5/90,0
10/6/90,0
10/7/90,0
10/8/90,1.89
10/9/90,0
10/10/90,0
10/11/90,0
10/12/90,0
10/13/90,0
10/14/90,0
10/15/90,0
10/16/90,0
10/17/90,0
10/18/90,0
10/19/90,0
10/20/90,6.15
10/21/90,0.81
10/22/90,3.08
10/23/90,0
10/24/90,0
10/25/90,0
10/26/90,0
10/27/90,0
10/28/90,0
10/29/90,0
10/30/90,0
10/31/90,0
11/1/90,0
11/2/90,19.09
11/3/90,36.85
11/4/90,16.28
11/5/90,0
11/6/90,0
11/7/90,6.69
11/8/90,10.15
11/9/90,0
11/10/90,0
11/11/90,0
11/12/90,0
11/13/90,0
11/14/90,0
11/15/90,0
11/16/90,0
11/17/90,0
11/18/90,0
11/19/90,0
11/20/90,0
11/21/90,3.34
11/22/90,0
11/23/90,0
11/24/90,3.36
11/25/90,0
11/26/90,0
11/27/90,7.61
11/28/90,0
11/29/90,0
11/30/90,3.36
12/1/90,0
12/2/90,0
12/3/90,0
12/4/90,0
12/5/90,2.41
12/6/90,0
12/7/90,0
12/8/90,0
12/9/90,0
12/10/90,0
12/11/90,0
12/12/90,0
12/13/90,16.01
12/14/90,9.52
12/15/90,0
12/16/90,19.99
12/17/90,26.53
12/18/90,3.67
12/19/90,0
12/20/90,0
12/21/90,12.84
12/22/90,3.23
12/23/90,0
12/24/90,0
12/25/90,3.22
12/26/90,0
12/27/90,0
12/28/90,3.32
12/29/90,10.45
12/30/90,10.35
12/31/90,0
1/1/91,2.99
1/2/91,0
1/3/91,0
1/4/91,6.87
1/5/91,17.86
1/6/91,0
1/7/91,0
1/8/91,0
1/9/91,2.99
1/10/91,0
1/11/91,0
1/12/91,0
1/13/91,0
1/14/91,0
1/15/91,0
1/16/91,0
1/17/91,0
1/18/91,0
1/19/91,0
1/20/91,2.96
1/21/91,1.43
1/22/91,0
1/23/91,0
1/24/91,0
1/25/91,2.99
1/26/91,0
1/27/91,0
1/28/91,0
1/29/91,0
1/30/91,0
1/31/91,0
2/1/91,3.47
2/2/91,0
2/3/91,0
2/4/91,0
2/5/91,0
2/6/91,0
2/7/91,0
2/8/91,0
2/9/91,0
2/10/91,3.47
2/11/91,0
2/12/91,0
2/13/91,0
2/14/91,0
2/15/91,0
2/16/91,3.47
2/17/91,0.35
2/18/91,0
2/19/91,9.51
2/20/91,0
2/21/91,3.47
2/22/91,0
2/23/91,0
2/24/91,0
2/25/91,0
2/26/91,0
2/27/91,0
2/28/91,0
3/1/91,15.74
3/2/91,40.76
3/3/91,5.13
3/4/91,4.01
3/5/91,0
3/6/91,10.71
3/7/91,0
3/8/91,0
3/9/91,0
3/10/91,0
3/11/91,0
3/12/91,0
3/13/91,0
3/14/91,0
3/15/91,8.4
3/16/91,5.83
3/17/91,12.87
3/18/91,3.62
3/19/91,0
3/20/91,0
3/21/91,3.39
3/22/91,8.37
3/23/91,0
3/24/91,4.02
3/25/91,0
3/26/91,0
3/27/91,8.53
3/28/91,3.81
3/29/91,0
3/30/91,14.6
3/31/91,3.62
4/1/91,0
4/2/91,0
4/3/91,0
4/4/91,0
4/5/91,0
4/6/91,0
4/7/91,0
4/8/91,0
4/9/91,0
4/10/91,0
4/11/91,0
4/12/91,0
4/13/91,0
4/14/91,0
4/15/91,0
4/16/91,0
4/17/91,0
4/18/91,0
4/19/91,0
4/20/91,0
4/21/91,0
4/22/91,0
4/23/91,0
4/24/91,0
4/25/91,0
4/26/91,2.64
4/27/91,0
4/28/91,0
4/29/91,0
4/30/91,0
5/1/91,0
5/2/91,0
5/3/91,0
5/4/91,0
5/5/91,0
5/6/91,0
5/7/91,0
5/8/91,0
5/9/91,0
5/10/91,0
5/11/91,0
5/12/91,0
5/13/91,0
5/14/91,0
5/15/91,0
5/16/91,0
5/17/91,0
5/18/91,2.45
5/19/91,0
5/20/91,2.58
5/21/91,36.93
5/22/91,22.95
5/23/91,0
5/24/91,0
5/25/91,0
5/26/91,0
5/27/91,0
5/28/91,0
5/29/91,0
5/30/91,0
5/31/91,0
6/1/91,0
6/2/91,0
6/3/91,0
6/4/91,0
6/5/91,0
6/6/91,0
6/7/91,2.74
6/8/91,1.43
6/9/91,0
6/10/91,14.18
6/11/91,3.42
6/12/91,8.36
6/13/91,5.99
6/14/91,6.73
6/15/91,5.13
6/16/91,1.43
6/17/91,0
6/18/91,0
6/19/91,0
6/20/91,2.68
6/21/91,0
6/22/91,0
6/23/91,0
6/24/91,0
6/25/91,1.43
6/26/91,0
6/27/91,0
6/28/91,0
6/29/91,0
6/30/91,5.98
7/1/91,0
7/2/91,0
7/3/91,0
7/4/91,2.89
7/5/91,0
7/6/91,2.49
7/7/91,0
7/8/91,0
7/9/91,1.86
7/10/91,0
7/11/91,2.25
7/12/91,0
7/13/91,2.3
7/14/91,0
7/15/91,0
7/16/91,0
7/17/91,7.35
7/18/91,0
7/19/91,3.17
7/20/91,9.5
7/21/91,20.06
7/22/91,21.13
7/23/91,25.09
7/24/91,13.67
7/25/91,13.1
7/26/91,27.77
7/27/91,21.61
7/28/91,0
7/29/91,0
7/30/91,0
7/31/91,0.56
8/1/91,0
8/2/91,11.3
8/3/91,9.59
8/4/91,19.78
8/5/91,14.85
8/6/91,16.23
8/7/91,24.04
8/8/91,2.06
8/9/91,0
8/10/91,4.41
8/11/91,2.62
8/12/91,6.61
8/13/91,0.38
8/14/91,4.41
8/15/91,0
8/16/91,14.99
8/17/91,0
8/18/91,0
8/19/91,4.8
8/20/91,0
8/21/91,0
8/22/91,0
8/23/91,4.38
8/24/91,0
8/25/91,3
8/26/91,0
8/27/91,0
8/28/91,0
8/29/91,2.98
8/30/91,0
8/31/91,0
9/1/91,0
9/2/91,0
9/3/91,1.15
9/4/91,2.95
9/5/91,2.13
9/6/91,17.66
9/7/91,22.38
9/8/91,2.24
9/9/91,0.37
9/10/91,22.27
9/11/91,8.64
9/12/91,2.7
9/13/91,2.38
9/14/91,0
9/15/91,0
9/16/91,0
9/17/91,0
9/18/91,0
9/19/91,0
9/20/91,0
9/21/91,0
9/22/91,0
9/23/91,0
9/24/91,0
9/25/91,0
9/26/91,0
9/27/91,3.27
9/28/91,0
9/29/91,1.02
9/30/91,2.8
10/1/91,0.3
10/2/91,0
10/3/91,0
10/4/91,0
10/5/91,0
10/6/91,0
10/7/91,0
10/8/91,0
10/9/91,0
10/10/91,0
10/11/91,0
10/12/91,0
10/13/91,0
10/14/91,0
10/15/91,0
10/16/91,0
10/17/91,0
10/18/91,0
10/19/91,0
10/20/91,0
10/21/91,0
10/22/91,0
10/23/91,0
10/24/91,0
10/25/91,0
10/26/91,0
10/27/91,0
10/28/91,4.95
10/29/91,0
10/30/91,2.45
10/31/91,12.14
11/1/91,3.93
11/2/91,3.34
11/3/91,0
11/4/91,0
11/5/91,3.7
11/6/91,0
11/7/91,0
11/8/91,0
11/9/91,0
11/10/91,3.4
11/11/91,5.01
11/12/91,10.72
11/13/91,0
11/14/91,4.66
11/15/91,14.65
11/16/91,64.46
11/17/91,35.62
11/18/91,0.68
11/19/91,4.65
11/20/91,0
11/21/91,3.49
11/22/91,0
11/23/91,0
11/24/91,0
11/25/91,0
11/26/91,0
11/27/91,0
11/28/91,0
11/29/91,3.72
11/30/91,4.65
12/1/91,0.29
12/2/91,0
12/3/91,3.24
12/4/91,3.44
12/5/91,3.41
12/6/91,0
12/7/91,0
12/8/91,0
12/9/91,0
12/10/91,0
12/11/91,3.28
12/12/91,37.34
12/13/91,0
12/14/91,3.19
12/15/91,0
12/16/91,0
12/17/91,3.49
12/18/91,0
12/19/91,22.19
12/20/91,7.31
12/21/91,0
12/22/91,6.89
12/23/91,0
12/24/91,3.19
12/25/91,0
12/26/91,0
12/27/91,0
12/28/91,0
12/29/91,0
12/30/91,0
12/31/91,9.96
1/1/92,0
1/2/92,2.73
1/3/92,0
1/4/92,0.5
1/5/92,0
1/6/92,8.98
1/7/92,14.79
1/8/92,2.86
1/9/92,2.73
1/10/92,0
1/11/92,0
1/12/92,0
1/13/92,2.75
1/14/92,2.73
1/15/92,0
1/16/92,0
1/17/92,2.73
1/18/92,0
1/19/92,0
1/20/92,0
1/21/92,0
1/22/92,0
1/23/92,0
1/24/92,0
1/25/92,0
1/26/92,0
1/27/92,0
1/28/92,0
1/29/92,0
1/30/92,0
1/31/92,0
2/1/92,0
2/2/92,0
2/3/92,0
2/4/92,0
2/5/92,3.51
2/6/92,0
2/7/92,0
2/8/92,3.64
2/9/92,3.71
2/10/92,0
2/11/92,4.26
2/12/92,0
2/13/92,0
2/14/92,14.88
2/15/92,0
2/16/92,2.46
2/17/92,15.61
2/18/92,0
2/19/92,0
2/20/92,0
2/21/92,3.49
2/22/92,0
2/23/92,0
2/24/92,3.2
2/25/92,0
2/26/92,0
2/27/92,0
2/28/92,0
2/29/92,0
3/1/92,0
3/2/92,0
3/3/92,0
3/4/92,20.05
3/5/92,26.05
3/6/92,10.6
3/7/92,4.04
3/8/92,0
3/9/92,3.98
3/10/92,3.24
3/11/92,0
3/12/92,0
3/13/92,0
3/14/92,0
3/15/92,0
3/16/92,0
3/17/92,0
3/18/92,0
3/19/92,0
3/20/92,0
3/21/92,0
3/22/92,4.85
3/23/92,0
3/24/92,4.36
3/25/92,0
3/26/92,0
3/27/92,3.54
3/28/92,8.24
3/29/92,3.41
3/30/92,9.36
3/31/92,13.11
4/1/92,11.94
4/2/92,0
4/3/92,0
4/4/92,2.81
4/5/92,0
4/6/92,0
4/7/92,0
4/8/92,0
4/9/92,0
4/10/92,0
4/11/92,2.67
4/12/92,0
4/13/92,0
4/14/92,0.44
4/15/92,0.35
4/16/92,0.76
4/17/92,0
4/18/92,0
4/19/92,0
4/20/92,0
4/21/92,2.67
4/22/92,0
4/23/92,0
4/24/92,0
4/25/92,0
4/26/92,0
4/27/92,0
4/28/92,2.81
4/29/92,0
4/30/92,0
5/1/92,0
5/2/92,0
5/3/92,0
5/4/92,4.28
5/5/92,2.26
5/6/92,0
5/7/92,0
5/8/92,0.25
5/9/92,3.43
5/10/92,6.09
5/11/92,0
5/12/92,0
5/13/92,0
5/14/92,0
5/15/92,0
5/16/92,0
5/17/92,0
5/18/92,0
5/19/92,5.48
5/20/92,2.78
5/21/92,13.6
5/22/92,10.28
5/23/92,11.64
5/24/92,19.78
5/25/92,5.25
5/26/92,7.56
5/27/92,2.84
5/28/92,0.55
5/29/92,0
5/30/92,20.38
5/31/92,3.05
6/1/92,1.51
6/2/92,0.58
6/3/92,1.82
6/4/92,0
6/5/92,3.82
6/6/92,0
6/7/92,2.1
6/8/92,2.21
6/9/92,3.18
6/10/92,7.61
6/11/92,1.97
6/12/92,0
6/13/92,0
6/14/92,0
6/15/92,0
6/16/92,0
6/17/92,0
6/18/92,0
6/19/92,0
6/20/92,0
6/21/92,3.89
6/22/92,0
6/23/92,0
6/24/92,2.27
6/25/92,0
6/26/92,0
6/27/92,0
6/28/92,0
6/29/92,0
6/30/92,0
7/1/92,0
7/2/92,0
7/3/92,0
7/4/92,0
7/5/92,2.06
7/6/92,0
7/7/92,0
7/8/92,0
7/9/92,6.55
7/10/92,0
7/11/92,2.19
7/12/92,0.32
7/13/92,0.78
7/14/92,0
7/15/92,0
7/16/92,0
7/17/92,0
7/18/92,8.45
7/19/92,2.73
7/20/92,4.41
7/21/92,6.11
7/22/92,0
7/23/92,2.22
7/24/92,33.82
7/25/92,0.59
7/26/92,2.32
7/27/92,8.69
7/28/92,0
7/29/92,2.18
7/30/92,2.03
7/31/92,0
8/1/92,4.03
8/2/92,0
8/3/92,0
8/4/92,4.04
8/5/92,2.85
8/6/92,0.6
8/7/92,13.08
8/8/92,0
8/9/92,0
8/10/92,0
8/11/92,5.83
8/12/92,10.76
8/13/92,0
8/14/92,0.37
8/15/92,7
8/16/92,0
8/17/92,4.8
8/18/92,0
8/19/92,0
8/20/92,0.28
8/21/92,0
8/22/92,0
8/23/92,10.01
8/24/92,8.85
8/25/92,44.38
8/26/92,19.76
8/27/92,0
8/28/92,0
8/29/92,0
8/30/92,0
8/31/92,7.7
9/1/92,3.67
9/2/92,0
9/3/92,0
9/4/92,0
9/5/92,0
9/6/92,0
9/7/92,0
9/8/92,0
9/9/92,0
9/10/92,0
9/11/92,0
9/12/92,0
9/13/92,0
9/14/92,0
9/15/92,7.53
9/16/92,6.8
9/17/92,0
9/18/92,2.47
9/19/92,3.68
9/20/92,13.85
9/21/92,0
9/22/92,0
9/23/92,0
9/24/92,0
9/25/92,0
9/26/92,0
9/27/92,0
9/28/92,0
9/29/92,0
9/30/92,2.32
10/1/92,0
10/2/92,0
10/3/92,0
10/4/92,0
10/5/92,0
10/6/92,0
10/7/92,0
10/8/92,0
10/9/92,0
10/10/92,0
10/11/92,0
10/12/92,0
10/13/92,0
10/14/92,0
10/15/92,0
10/16/92,0
10/17/92,0
10/18/92,0
10/19/92,0
10/20/92,0
10/21/92,0
10/22/92,0
10/23/92,6.4
10/24/92,0
10/25/92,4.65
10/26/92,0
10/27/92,0
10/28/92,2.19
10/29/92,2.86
10/30/92,2.57
10/31/92,1.18
11/1/92,27.13
11/2/92,0
11/3/92,5.42
11/4/92,2.79
11/5/92,0
11/6/92,3.66
11/7/92,0
11/8/92,0
11/9/92,3.45
11/10/92,0
11/11/92,29.47
11/12/92,3.59
11/13/92,2.9
11/14/92,0
11/15/92,0
11/16/92,0
11/17/92,0
11/18/92,0
11/19/92,0
11/20/92,0.55
11/21/92,22.78
11/22/92,3.47
11/23/92,0
11/24/92,0
11/25/92,3.44
11/26/92,0
11/27/92,0
11/28/92,0
11/29/92,0
11/30/92,0
12/1/92,3.1
12/2/92,0
12/3/92,0
12/4/92,0
12/5/92,18.68
12/6/92,12.63
12/7/92,0
12/8/92,2.9
12/9/92,2.99
12/10/92,3.34
12/11/92,0
12/12/92,0
12/13/92,4.07
12/14/92,2.85
12/15/92,0
12/16/92,0.47
12/17/92,6.08
12/18/92,3
12/19/92,0
12/20/92,0
12/21/92,3.11
12/22/92,0
12/23/92,0
12/24/92,0
12/25/92,0
12/26/92,0
12/27/92,0
12/28/92,8.17
12/29/92,24.97
12/30/92,3.76
12/31/92,0
1/1/93,2.74
1/2/93,0
1/3/93,0
1/4/93,7.93
1/5/93,2.92
1/6/93,0
1/7/93,4.18
1/8/93,9.63
1/9/93,42.35
1/10/93,0
1/11/93,20.5
1/12/93,5.77
1/13/93,0
1/14/93,3.24
1/15/93,3.27
1/16/93,0
1/17/93,2.83
1/18/93,17.9
1/19/93,18.82
1/20/93,6.81
1/21/93,5.5
1/22/93,0
1/23/93,0
1/24/93,0
1/25/93,0
1/26/93,0
1/27/93,0
1/28/93,0
1/29/93,0
1/30/93,0
1/31/93,0
2/1/93,0
2/2/93,0
2/3/93,0
2/4/93,0
2/5/93,0
2/6/93,3.41
2/7/93,3.33
2/8/93,0
2/9/93,5.23
2/10/93,4.63
2/11/93,0
2/12/93,0
2/13/93,0
2/14/93,3.12
2/15/93,21.04
2/16/93,10.92
2/17/93,7.17
2/18/93,0
2/19/93,3.57
2/20/93,17.23
2/21/93,10.36
2/22/93,0
2/23/93,0
2/24/93,0
2/25/93,10.22
2/26/93,3.61
2/27/93,0
2/28/93,2.95
3/1/93,24.54
3/2/93,6.83
3/3/93,0
3/4/93,0
3/5/93,0
3/6/93,0
3/7/93,0
3/8/93,0
3/9/93,3.3
3/10/93,0
3/11/93,0
3/12/93,0
3/13/93,0
3/14/93,0
3/15/93,3.22
3/16/93,0
3/17/93,0
3/18/93,0
3/19/93,0
3/20/93,0
3/21/93,0
3/22/93,0
3/23/93,0
3/24/93,0
3/25/93,0
3/26/93,0
3/27/93,26.29
3/28/93,11.91
3/29/93,2.85
3/30/93,13.35
3/31/93,3.3
4/1/93,0
4/2/93,0
4/3/93,0
4/4/93,0
4/5/93,0
4/6/93,0
4/7/93,4.47
4/8/93,0
4/9/93,0
4/10/93,2.87
4/11/93,0
4/12/93,0
4/13/93,0
4/14/93,0
4/15/93,0
4/16/93,0
4/17/93,0
4/18/93,0
4/19/93,0
4/20/93,0
4/21/93,0
4/22/93,0
4/23/93,0
4/24/93,0
4/25/93,0
4/26/93,0
4/27/93,0
4/28/93,0
4/29/93,0
4/30/93,0
5/1/93,0.99
5/2/93,1.27
5/3/93,0
5/4/93,0
5/5/93,0
5/6/93,0
5/7/93,0
5/8/93,0.44
5/9/93,2.99
5/10/93,0
5/11/93,0
5/12/93,0
5/13/93,0
5/14/93,7.26
5/15/93,0
5/16/93,10.83
5/17/93,1.41
5/18/93,0.44
5/19/93,0
5/20/93,9.19
5/21/93,0
5/22/93,0
5/23/93,0
5/24/93,0
5/25/93,0
5/26/93,1.14
5/27/93,0
5/28/93,0
5/29/93,13.92
5/30/93,0
5/31/93,0
6/1/93,0
6/2/93,0
6/3/93,0
6/4/93,0
6/5/93,0
6/6/93,0
6/7/93,0
6/8/93,0
6/9/93,0
6/10/93,0
6/11/93,0
6/12/93,0
6/13/93,0
6/14/93,6.93
6/15/93,0
6/16/93,0.41
6/17/93,0.41
6/18/93,0
6/19/93,0
6/20/93,0
6/21/93,0.98
6/22/93,0
6/23/93,0
6/24/93,0
6/25/93,0
6/26/93,0
6/27/93,0
6/28/93,0
6/29/93,0
6/30/93,0
7/1/93,0
7/2/93,0
7/3/93,0
7/4/93,0
7/5/93,0
7/6/93,0
7/7/93,0
7/8/93,0
7/9/93,0
7/10/93,0
7/11/93,0
7/12/93,0.44
7/13/93,9.48
7/14/93,9.04
7/15/93,1.13
7/16/93,0
7/17/93,0
7/18/93,0
7/19/93,18.12
7/20/93,2.48
7/21/93,8.76
7/22/93,0
7/23/93,0
7/24/93,0
7/25/93,0
7/26/93,0
7/27/93,0
7/28/93,0
7/29/93,6.6
7/30/93,0.83
7/31/93,0
8/1/93,0.44
8/2/93,0
8/3/93,0
8/4/93,2.74
8/5/93,2.93
8/6/93,4.01
8/7/93,5.27
8/8/93,0
8/9/93,0
8/10/93,5.23
8/11/93,0
8/12/93,0
8/13/93,2.23
8/14/93,7.59
8/15/93,13.63
8/16/93,0
8/17/93,2.03
8/18/93,0
8/19/93,9.95
8/20/93,7.16
8/21/93,14.52
8/22/93,5.38
8/23/93,0
8/24/93,0
8/25/93,0
8/26/93,13.47
8/27/93,13.04
8/28/93,20.11
8/29/93,15.96
8/30/93,2.34
8/31/93,17.61
9/1/93,0
9/2/93,0
9/3/93,0
9/4/93,0
9/5/93,0
9/6/93,0
9/7/93,22.12
9/8/93,0
9/9/93,0
9/10/93,0
9/11/93,0
9/12/93,0
9/13/93,6.86
9/14/93,9.98
9/15/93,0
9/16/93,0
9/17/93,0
9/18/93,0
9/19/93,0
9/20/93,0
9/21/93,0
9/22/93,6.14
9/23/93,2.07
9/24/93,0
9/25/93,0
9/26/93,1.95
9/27/93,0
9/28/93,0
9/29/93,0
9/30/93,0
10/1/93,0
10/2/93,0
10/3/93,0
10/4/93,0
10/5/93,2.18
10/6/93,0
10/7/93,0.84
10/8/93,5.68
10/9/93,2.2
10/10/93,0
10/11/93,0
10/12/93,0
10/13/93,0
10/14/93,2.32
10/15/93,0.54
10/16/93,2.18
10/17/93,0.67
10/18/93,5.05
10/19/93,0
10/20/93,4.45
10/21/93,2.18
10/22/93,0
10/23/93,0
10/24/93,0
10/25/93,0
10/26/93,0
10/27/93,0
10/28/93,2.29
10/29/93,0.75
10/30/93,3.28
10/31/93,2.27
11/1/93,0
11/2/93,0
11/3/93,0
11/4/93,0
11/5/93,0
11/6/93,0
11/7/93,0
11/8/93,0
11/9/93,0
11/10/93,0
11/11/93,0
11/12/93,12.45
11/13/93,6.03
11/14/93,23.28
11/15/93,9.91
11/16/93,3.5
11/17/93,0
11/18/93,0
11/19/93,0
11/20/93,0
11/21/93,3.64
11/22/93,0
11/23/93,0.35
11/24/93,14.68
11/25/93,0
11/26/93,3.64
11/27/93,3.86
11/28/93,0
11/29/93,0
11/30/93,0
12/1/93,0
12/2/93,0
12/3/93,0
12/4/93,0
12/5/93,0
12/6/93,0
12/7/93,0
12/8/93,0
12/9/93,0
12/10/93,0
12/11/93,3.21
12/12/93,0
12/13/93,11.41
12/14/93,0
12/15/93,0
12/16/93,3.64
12/17/93,3.99
12/18/93,0
12/19/93,3.39
12/20/93,0
12/21/93,0
12/22/93,0
12/23/93,0
12/24/93,3.25
12/25/93,3.41
12/26/93,0
12/27/93,0
12/28/93,0
12/29/93,0
12/30/93,0
12/31/93,0
1/1/94,0
1/2/94,0
1/3/94,0
1/4/94,0
1/5/94,0
1/6/94,0
1/7/94,0
1/8/94,0
1/9/94,0
1/10/94,0
1/11/94,0
1/12/94,0
1/13/94,0
1/14/94,0
1/15/94,0
1/16/94,0
1/17/94,0
1/18/94,0
1/19/94,0
1/20/94,2.76
1/21/94,0
1/22/94,0
1/23/94,0
1/24/94,0
1/25/94,0
1/26/94,6.76
1/27/94,3.94
1/28/94,9.83
1/29/94,5.71
1/30/94,3.1
1/31/94,8.08
2/1/94,0
2/2/94,3.75
2/3/94,0
2/4/94,3.61
2/5/94,1.53
2/6/94,0
2/7/94,3.45
2/8/94,4.44
2/9/94,13.01
2/10/94,0
2/11/94,3.47
2/12/94,0
2/13/94,7.96
2/14/94,3.51
2/15/94,0
2/16/94,0
2/17/94,0
2/18/94,2.85
2/19/94,11.73
2/20/94,0.49
2/21/94,7.72
2/22/94,2.91
2/23/94,4.78
2/24/94,0
2/25/94,3.51
2/26/94,0
2/27/94,0
2/28/94,0
3/1/94,8.79
3/2/94,0
3/3/94,0
3/4/94,0
3/5/94,0
3/6/94,0
3/7/94,0
3/8/94,11.8
3/9/94,3.76
3/10/94,3.28
3/11/94,2.95
3/12/94,0
3/13/94,23.21
3/14/94,3.06
3/15/94,0
3/16/94,0
3/17/94,0
3/18/94,0
3/19/94,0
3/20/94,3.41
3/21/94,0
3/22/94,2.91
3/23/94,0
3/24/94,2.89
3/25/94,0
3/26/94,0
3/27/94,4.77
3/28/94,23.37
3/29/94,3.07
3/30/94,0
3/31/94,0
4/1/94,0
4/2/94,0
4/3/94,0
4/4/94,0
4/5/94,0
4/6/94,0
4/7/94,0
4/8/94,0
4/9/94,8.48
4/10/94,11.91
4/11/94,7.85
4/12/94,2.71
4/13/94,0
4/14/94,2.41
4/15/94,0
4/16/94,0
4/17/94,0
4/18/94,0
4/19/94,0
4/20/94,0
4/21/94,0
4/22/94,2.54
4/23/94,0.36
4/24/94,0
4/25/94,0
4/26/94,3.98
4/27/94,0
4/28/94,5.09
4/29/94,2.49
4/30/94,23.06
5/1/94,0
5/2/94,0
5/3/94,0
5/4/94,0
5/5/94,0
5/6/94,0
5/7/94,0
5/8/94,0
5/9/94,0
5/10/94,0
5/11/94,16.64
5/12/94,5.91
5/13/94,3.65
5/14/94,5.02
5/15/94,0
5/16/94,2.68
5/17/94,0
5/18/94,0
5/19/94,0
5/20/94,2.45
5/21/94,0
5/22/94,0
5/23/94,0
5/24/94,0
5/25/94,0.37
5/26/94,10.33
5/27/94,7.18
5/28/94,0
5/29/94,0
5/30/94,0
5/31/94,0
6/1/94,0
6/2/94,0
6/3/94,0
6/4/94,0
6/5/94,0
6/6/94,0
6/7/94,0
6/8/94,0
6/9/94,0
6/10/94,0
6/11/94,0
6/12/94,0
6/13/94,0
6/14/94,0
6/15/94,0
6/16/94,0
6/17/94,0
6/18/94,0
6/19/94,0.39
6/20/94,8.46
6/21/94,6.93
6/22/94,11.91
6/23/94,0
6/24/94,0
6/25/94,0
6/26/94,0
6/27/94,0
6/28/94,0
6/29/94,0
6/30/94,0
7/1/94,0
7/2/94,0
7/3/94,0
7/4/94,0
7/5/94,0
7/6/94,0
7/7/94,0
7/8/94,2.17
7/9/94,0
7/10/94,0
7/11/94,2.29
7/12/94,0
7/13/94,0
7/14/94,0
7/15/94,2.13
7/16/94,2.05
7/17/94,2.05
7/18/94,11.22
7/19/94,0
7/20/94,2.2
7/21/94,13.51
7/22/94,4.16
7/23/94,4.47
7/24/94,0
7/25/94,10.65
7/26/94,2.54
7/27/94,7.24
7/28/94,8.82
7/29/94,6.49
7/30/94,2.23
7/31/94,0.7
8/1/94,7.69
8/2/94,11.67
8/3/94,2.95
8/4/94,0
8/5/94,9.96
8/6/94,12.39
8/7/94,0
8/8/94,0
8/9/94,0
8/10/94,2.07
8/11/94,2.44
8/12/94,0
8/13/94,0
8/14/94,1.46
8/15/94,19.44
8/16/94,0.95
8/17/94,0
8/18/94,8.47
8/19/94,0
8/20/94,0.9
8/21/94,26.12
8/22/94,2.24
8/23/94,0
8/24/94,0
8/25/94,15.94
8/26/94,0
8/27/94,0
8/28/94,0
8/29/94,0.72
8/30/94,2.08
8/31/94,0
9/1/94,4.37
9/2/94,0.84
9/3/94,2.12
9/4/94,10.21
9/5/94,0
9/6/94,0.34
9/7/94,38.29
9/8/94,0
9/9/94,0
9/10/94,0
9/11/94,0
9/12/94,0.54
9/13/94,7.11
9/14/94,4.95
9/15/94,6.99
9/16/94,0
9/17/94,0
9/18/94,0
9/19/94,0
9/20/94,0
9/21/94,2.11
9/22/94,2.11
9/23/94,0
9/24/94,0
9/25/94,0
9/26/94,0
9/27/94,0
9/28/94,0
9/29/94,0
9/30/94,0
10/1/94,0
10/2/94,0
10/3/94,2.21
10/4/94,0.42
10/5/94,2.3
10/6/94,0.27
10/7/94,0
10/8/94,4.64
10/9/94,0
10/10/94,0
10/11/94,0
10/12/94,0
10/13/94,0
10/14/94,0
10/15/94,49.3
10/16/94,27.49
10/17/94,16.42
10/18/94,4.78
10/19/94,0
10/20/94,2.22
10/21/94,0
10/22/94,0
10/23/94,0
10/24/94,0
10/25/94,0
10/26/94,0
10/27/94,0
10/28/94,0
10/29/94,0
10/30/94,0
10/31/94,0
11/1/94,0
11/2/94,0
11/3/94,0.92
11/4/94,17.74
11/5/94,3.78
11/6/94,0
11/7/94,0
11/8/94,3.21
11/9/94,4.48
11/10/94,0
11/11/94,0
11/12/94,21.62
11/13/94,52.86
11/14/94,0
11/15/94,6.71
11/16/94,0
11/17/94,0
11/18/94,0
11/19/94,3.53
11/20/94,0
11/21/94,4.22
11/22/94,0
11/23/94,0
11/24/94,3.35
11/25/94,0
11/26/94,0.43
11/27/94,0
11/28/94,6.64
11/29/94,0
11/30/94,3.56
12/1/94,0
12/2/94,0
12/3/94,0
12/4/94,0
12/5/94,0.42
12/6/94,6.41
12/7/94,14.31
12/8/94,6.43
12/9/94,0
12/10/94,0
12/11/94,0
12/12/94,0
12/13/94,0
12/14/94,0
12/15/94,0
12/16/94,3.53
12/17/94,0
12/18/94,0
12/19/94,0
12/20/94,0
12/21/94,0
12/22/94,0
12/23/94,0
12/24/94,0
12/25/94,0
12/26/94,0
12/27/94,0
12/28/94,0
12/29/94,0
12/30/94,0
12/31/94,7.24
1/1/95,0
1/2/95,0
1/3/95,0
1/4/95,0
1/5/95,8.93
1/6/95,25.26
1/7/95,10.05
1/8/95,4.13
1/9/95,10
1/10/95,3.23
1/11/95,0
1/12/95,0
1/13/95,0
1/14/95,3.22
1/15/95,0
1/16/95,0
1/17/95,0.79
1/18/95,5.44
1/19/95,3.34
1/20/95,0
1/21/95,0.4
1/22/95,1.15
1/23/95,3.5
1/24/95,6.44
1/25/95,3.18
1/26/95,0
1/27/95,1.39
1/28/95,5.75
1/29/95,3.06
1/30/95,0
1/31/95,3.35
2/1/95,17.5
2/2/95,0
2/3/95,0
2/4/95,0
2/5/95,0
2/6/95,0
2/7/95,0
2/8/95,0
2/9/95,2.86
2/10/95,0
2/11/95,0
2/12/95,0
2/13/95,2.97
2/14/95,11.37
2/15/95,11.63
2/16/95,9.87
2/17/95,5.75
2/18/95,0
2/19/95,0
2/20/95,0
2/21/95,0
2/22/95,0
2/23/95,0
2/24/95,0
2/25/95,0
2/26/95,0.36
2/27/95,0
2/28/95,0
3/1/95,4.79
3/2/95,10.83
3/3/95,9.23
3/4/95,12.82
3/5/95,10.94
3/6/95,19.88
3/7/95,11.16
3/8/95,4.27
3/9/95,3.84
3/10/95,0
3/11/95,0
3/12/95,0
3/13/95,0
3/14/95,0
3/15/95,0
3/16/95,0
3/17/95,0
3/18/95,0
3/19/95,0
3/20/95,0
3/21/95,0
3/22/95,0
3/23/95,0
3/24/95,0
3/25/95,0
3/26/95,0
3/27/95,0
3/28/95,0
3/29/95,0
3/30/95,4.06
3/31/95,0
4/1/95,0
4/2/95,0
4/3/95,2.56
4/4/95,0
4/5/95,0
4/6/95,0
4/7/95,0
4/8/95,0
4/9/95,0
4/10/95,1.3
4/11/95,12.89
4/12/95,0
4/13/95,0
4/14/95,0
4/15/95,0
4/16/95,0
4/17/95,0
4/18/95,3.72
4/19/95,2.74
4/20/95,9.23
4/21/95,6.86
4/22/95,16.42
4/23/95,31.01
4/24/95,5.05
4/25/95,0
4/26/95,0
4/27/95,0
4/28/95,0
4/29/95,0
4/30/95,0
5/1/95,0
5/2/95,0.62
5/3/95,0
5/4/95,0
5/5/95,4.39
5/6/95,0.32
5/7/95,0
5/8/95,8.87
5/9/95,3.18
5/10/95,0
5/11/95,0.28
5/12/95,0
5/13/95,0
5/14/95,0
5/15/95,0
5/16/95,0
5/17/95,0.41
5/18/95,3.45
5/19/95,9.1
5/20/95,0
5/21/95,0
5/22/95,0
5/23/95,0
5/24/95,1.09
5/25/95,0
5/26/95,0
5/27/95,0
5/28/95,0
5/29/95,13.32
5/30/95,16.91
5/31/95,0
6/1/95,0
6/2/95,0
6/3/95,0
6/4/95,0
6/5/95,0
6/6/95,0
6/7/95,0
6/8/95,0
6/9/95,0
6/10/95,0
6/11/95,0
6/12/95,0
6/13/95,0
6/14/95,0
6/15/95,0
6/16/95,0
6/17/95,2.11
6/18/95,16.4
6/19/95,0
6/20/95,8.64
6/21/95,7.68
6/22/95,2.87
6/23/95,0
6/24/95,0
6/25/95,0
6/26/95,0.51
6/27/95,0
6/28/95,1.87
6/29/95,1.46
6/30/95,5.41
7/1/95,5.12
7/2/95,0
7/3/95,0
7/4/95,2.06
7/5/95,0
7/6/95,0
7/7/95,0
7/8/95,0
7/9/95,0
7/10/95,0
7/11/95,0
7/12/95,0
7/13/95,6.22
7/14/95,0
7/15/95,0.41
7/16/95,7.39
7/17/95,1.87
7/18/95,6.92
7/19/95,32.98
7/20/95,2.09
7/21/95,0
7/22/95,0
7/23/95,2.1
7/24/95,0
7/25/95,0
7/26/95,2.1
7/27/95,0
7/28/95,2.13
7/29/95,0
7/30/95,0
7/31/95,0
8/1/95,0.96
8/2/95,0
8/3/95,0
8/4/95,0
8/5/95,21.87
8/6/95,0
8/7/95,0
8/8/95,0
8/9/95,0
8/10/95,2.95
8/11/95,4.67
8/12/95,6.08
8/13/95,4.72
8/14/95,11.57
8/15/95,2.44
8/16/95,0
8/17/95,4.79
8/18/95,0
8/19/95,0
8/20/95,13.29
8/21/95,0.89
8/22/95,0
8/23/95,6.31
8/24/95,4.76
8/25/95,8.4
8/26/95,4.44
8/27/95,3.22
8/28/95,4.83
8/29/95,5.03
8/30/95,0
8/31/95,0
9/1/95,0
9/2/95,2
9/3/95,0
9/4/95,0
9/5/95,0
9/6/95,0
9/7/95,11.65
9/8/95,11.66
9/9/95,23.7
9/10/95,2.16
9/11/95,0
9/12/95,0
9/13/95,0
9/14/95,0
9/15/95,0
9/16/95,0
9/17/95,0
9/18/95,0
9/19/95,0
9/20/95,0
9/21/95,0
9/22/95,0
9/23/95,0
9/24/95,0
9/25/95,0
9/26/95,0
9/27/95,0
9/28/95,0.52
9/29/95,3.96
9/30/95,10.06
10/1/95,0
10/2/95,0
10/3/95,0
10/4/95,0
10/5/95,0
10/6/95,0
10/7/95,0
10/8/95,0
10/9/95,0
10/10/95,0
10/11/95,0
10/12/95,0
10/13/95,0
10/14/95,1.34
10/15/95,0
10/16/95,0
10/17/95,0
10/18/95,0
10/19/95,0
10/20/95,0
10/21/95,0
10/22/95,0
10/23/95,0
10/24/95,0
10/25/95,0
10/26/95,0
10/27/95,0
10/28/95,0
10/29/95,0
10/30/95,0
10/31/95,0
11/1/95,0
11/2/95,0.96
11/3/95,0
11/4/95,0.35
11/5/95,17.17
11/6/95,0
11/7/95,0
11/8/95,0
11/9/95,0
11/10/95,0
11/11/95,4.53
11/12/95,0
11/13/95,0
11/14/95,0
11/15/95,0
11/16/95,0
11/17/95,0
11/18/95,0
11/19/95,0
11/20/95,0
11/21/95,0
11/22/95,0
11/23/95,0
11/24/95,0
11/25/95,0
11/26/95,0
11/27/95,0
11/28/95,0
11/29/95,0
11/30/95,0
12/1/95,0
12/2/95,0
12/3/95,0
12/4/95,0
12/5/95,0
12/6/95,0
12/7/95,0
12/8/95,0
12/9/95,0
12/10/95,0
12/11/95,0
12/12/95,0
12/13/95,0
12/14/95,0
12/15/95,2.67
12/16/95,0
12/17/95,2.88
12/18/95,13.96
12/19/95,2.84
12/20/95,0
12/21/95,0
12/22/95,2.54
12/23/95,0
12/24/95,0
12/25/95,0
12/26/95,0
12/27/95,0
12/28/95,0
12/29/95,5.57
12/30/95,0
12/31/95,0
1/1/96,6.79
1/2/96,9.37
1/3/96,0
1/4/96,0
1/5/96,0
1/6/96,0
1/7/96,0
1/8/96,0
1/9/96,0
1/10/96,0
1/11/96,0
1/12/96,0
1/13/96,0
1/14/96,0
1/15/96,0
1/16/96,0
1/17/96,5.84
1/18/96,24.73
1/19/96,0
1/20/96,6.37
1/21/96,0
1/22/96,0
1/23/96,0
1/24/96,0
1/25/96,0
1/26/96,3.32
1/27/96,0
1/28/96,0
1/29/96,0
1/30/96,0
1/31/96,0
2/1/96,7.93
2/2/96,10.94
2/3/96,8.09
2/4/96,0
2/5/96,0
2/6/96,0
2/7/96,0
2/8/96,0
2/9/96,0
2/10/96,0
2/11/96,0
2/12/96,0
2/13/96,0
2/14/96,0
2/15/96,0
2/16/96,0
2/17/96,0
2/18/96,0
2/19/96,0
2/20/96,0
2/21/96,0
2/22/96,0
2/23/96,0
2/24/96,0
2/25/96,0
2/26/96,0
2/27/96,6.81
2/28/96,3.29
2/29/96,10.83
3/1/96,0
3/2/96,0
3/3/96,3.25
3/4/96,0
3/5/96,0
3/6/96,6.81
3/7/96,14.13
3/8/96,0
3/9/96,0
3/10/96,0
3/11/96,0
3/12/96,0
3/13/96,0
3/14/96,0
3/15/96,0.44
3/16/96,17.01
3/17/96,0
3/18/96,0
3/19/96,0
3/20/96,0
3/21/96,0
3/22/96,0
3/23/96,0
3/24/96,0
3/25/96,0
3/26/96,0
3/27/96,0
3/28/96,0
3/29/96,0
3/30/96,11.87
3/31/96,0
4/1/96,0
4/2/96,0
4/3/96,0
4/4/96,0
4/5/96,0
4/6/96,0
4/7/96,0
4/8/96,0
4/9/96,0
4/10/96,0
4/11/96,0
4/12/96,0
4/13/96,0
4/14/96,6.78
4/15/96,0
4/16/96,0
4/17/96,0
4/18/96,0
4/19/96,0
4/20/96,0
4/21/96,0
4/22/96,0
4/23/96,0
4/24/96,0
4/25/96,0
4/26/96,0
4/27/96,0
4/28/96,0
4/29/96,0
4/30/96,0
5/1/96,0
5/2/96,0
5/3/96,0
5/4/96,0
5/5/96,0
5/6/96,0
5/7/96,0
5/8/96,0
5/9/96,0
5/10/96,0
5/11/96,0
5/12/96,0
5/13/96,0
5/14/96,0
5/15/96,0
5/16/96,0
5/17/96,0
5/18/96,0
5/19/96,0
5/20/96,0
5/21/96,0
5/22/96,0
5/23/96,0
5/24/96,0
5/25/96,0
5/26/96,0
5/27/96,0
5/28/96,0
5/29/96,0
5/30/96,0
5/31/96,0
6/1/96,0
6/2/96,0
6/3/96,0
6/4/96,0
6/5/96,0
6/6/96,0
6/7/96,0
6/8/96,0
6/9/96,0
6/10/96,0
6/11/96,0
6/12/96,0
6/13/96,1.3
6/14/96,1.61
6/15/96,7.48
6/16/96,0
6/17/96,0
6/18/96,0
6/19/96,0
6/20/96,1.99
6/21/96,0
6/22/96,0
6/23/96,4.66
6/24/96,0
6/25/96,0
6/26/96,1.49
6/27/96,32.76
6/28/96,6.6
6/29/96,9.64
6/30/96,0.73
7/1/96,26.15
7/2/96,6.86
7/3/96,0
7/4/96,0
7/5/96,0.79
7/6/96,0
7/7/96,4.25
7/8/96,11.92
7/9/96,11.56
7/10/96,9.06
7/11/96,5.26
7/12/96,1.6
7/13/96,3.12
7/14/96,2.28
7/15/96,0
7/16/96,1.1
7/17/96,1.13
7/18/96,6.88
7/19/96,0
7/20/96,0
7/21/96,0
7/22/96,1.31
7/23/96,0
7/24/96,0
7/25/96,1.52
7/26/96,0
7/27/96,0.99
7/28/96,1.52
7/29/96,3.9
7/30/96,3.51
7/31/96,0
8/1/96,0
8/2/96,2.4
8/3/96,2.36
8/4/96,0
8/5/96,0
8/6/96,0
8/7/96,2.17
8/8/96,0.53
8/9/96,0.73
8/10/96,6.56
8/11/96,0
8/12/96,0
8/13/96,0
8/14/96,4.32
8/15/96,0
8/16/96,0.75
8/17/96,0
8/18/96,4.95
8/19/96,0
8/20/96,0
8/21/96,11.19
8/22/96,18.94
8/23/96,36.39
8/24/96,6.85
8/25/96,11.04
8/26/96,0.69
8/27/96,2.14
8/28/96,0
8/29/96,0.3
8/30/96,0
8/31/96,0
9/1/96,0
9/2/96,0.83
9/3/96,0
9/4/96,2.59
9/5/96,0
9/6/96,1.36
9/7/96,0
9/8/96,0
9/9/96,0
9/10/96,0
9/11/96,0
9/12/96,0
9/13/96,11.86
9/14/96,3.09
9/15/96,13.13
9/16/96,0
9/17/96,0
9/18/96,3.92
9/19/96,6.65
9/20/96,0
9/21/96,0
9/22/96,0
9/23/96,2.52
9/24/96,0
9/25/96,0
9/26/96,0
9/27/96,0
9/28/96,0
9/29/96,0
9/30/96,0
10/1/96,0
10/2/96,0
10/3/96,0
10/4/96,5.69
10/5/96,16.77
10/6/96,0
10/7/96,0
10/8/96,0
10/9/96,0
10/10/96,0
10/11/96,0
10/12/96,0
10/13/96,0
10/14/96,0
10/15/96,0
10/16/96,0
10/17/96,0
10/18/96,0
10/19/96,0
10/20/96,2.45
10/21/96,4.56
10/22/96,9.51
10/23/96,0
10/24/96,0
10/25/96,0
10/26/96,6.59
10/27/96,15.63
10/28/96,27.44
10/29/96,21.29
10/30/96,4.32
10/31/96,0
11/1/96,0
11/2/96,0
11/3/96,0
11/4/96,3.31
11/5/96,0
11/6/96,0
11/7/96,0
11/8/96,0
11/9/96,3.55
11/10/96,0
11/11/96,0
11/12/96,0
11/13/96,0
11/14/96,0
11/15/96,3.36
11/16/96,30.91
11/17/96,17.02
11/18/96,3.9
11/19/96,0
11/20/96,0
11/21/96,0
11/22/96,0
11/23/96,4.23
11/24/96,14.22
11/25/96,0
11/26/96,0
11/27/96,0
11/28/96,0
11/29/96,2.69
11/30/96,22.47
12/1/96,3.23
12/2/96,3.21
12/3/96,0
12/4/96,0
12/5/96,0
12/6/96,3.48
12/7/96,0
12/8/96,0
12/9/96,0
12/10/96,4.24
12/11/96,3.39
12/12/96,4.6
12/13/96,0
12/14/96,0
12/15/96,0
12/16/96,0
12/17/96,0
12/18/96,0
12/19/96,3.23
12/20/96,0
12/21/96,0
12/22/96,3.22
12/23/96,0.38
12/24/96,6.76
12/25/96,3.23
12/26/96,0
12/27/96,0
12/28/96,0
12/29/96,0
12/30/96,0
12/31/96,3.37
1/1/97,0
1/2/97,0
1/3/97,0
1/4/97,5.97
1/5/97,0
1/6/97,13.48
1/7/97,0
1/8/97,0
1/9/97,0
1/10/97,3.39
1/11/97,0
1/12/97,14.52
1/13/97,16.54
1/14/97,6.55
1/15/97,9.69
1/16/97,3.23
1/17/97,0
1/18/97,0
1/19/97,3.79
1/20/97,0
1/21/97,0
1/22/97,0
1/23/97,0
1/24/97,7.74
1/25/97,0
1/26/97,7.8
1/27/97,18.95
1/28/97,4.32
1/29/97,0
1/30/97,0
1/31/97,0
2/1/97,0
2/2/97,0
2/3/97,0
2/4/97,0
2/5/97,0
2/6/97,7.33
2/7/97,6.65
2/8/97,0
2/9/97,0
2/10/97,0
2/11/97,0
2/12/97,0
2/13/97,3.34
2/14/97,3.49
2/15/97,0
2/16/97,0
2/17/97,0
2/18/97,0
2/19/97,0
2/20/97,0
2/21/97,0
2/22/97,0
2/23/97,3.35
2/24/97,5.47
2/25/97,6.01
2/26/97,8.13
2/27/97,0
2/28/97,20.27
3/1/97,27.55
3/2/97,0
3/3/97,0
3/4/97,0
3/5/97,0
3/6/97,0
3/7/97,0
3/8/97,0
3/9/97,0
3/10/97,0
3/11/97,0
3/12/97,0
3/13/97,0
3/14/97,0
3/15/97,0
3/16/97,0
3/17/97,0
3/18/97,0
3/19/97,0
3/20/97,0
3/21/97,0
3/22/97,0
3/23/97,0
3/24/97,0
3/25/97,0.97
3/26/97,0
3/27/97,0
3/28/97,0
3/29/97,0
3/30/97,0
3/31/97,0
4/1/97,0.27
4/2/97,0
4/3/97,0
4/4/97,1.25
4/5/97,15.18
4/6/97,7.68
4/7/97,0
4/8/97,0
4/9/97,0
4/10/97,2.63
4/11/97,0
4/12/97,0
4/13/97,3.1
4/14/97,0
4/15/97,0
4/16/97,0
4/17/97,0
4/18/97,0
4/19/97,0
4/20/97,0
4/21/97,0
4/22/97,0
4/23/97,0
4/24/97,15.28
4/25/97,19.78
4/26/97,2.89
4/27/97,5.23
4/28/97,0
4/29/97,0
4/30/97,0
5/1/97,0
5/2/97,3.02
5/3/97,0
5/4/97,0
5/5/97,0
5/6/97,0
5/7/97,0
5/8/97,0
5/9/97,0
5/10/97,1.14
5/11/97,0
5/12/97,2.8
5/13/97,0
5/14/97,0
5/15/97,0
5/16/97,15.69
5/17/97,3.11
5/18/97,0
5/19/97,0
5/20/97,5.86
5/21/97,5.64
5/22/97,6.83
5/23/97,2.18
5/24/97,0
5/25/97,3.71
5/26/97,3.26
5/27/97,0
5/28/97,0
5/29/97,0
5/30/97,0
5/31/97,0
6/1/97,0
6/2/97,0
6/3/97,3.29
6/4/97,0
6/5/97,0
6/6/97,0
6/7/97,10.72
6/8/97,22.4
6/9/97,4.81
6/10/97,0
6/11/97,0
6/12/97,0
6/13/97,0
6/14/97,0
6/15/97,0.65
6/16/97,0.29
6/17/97,0
6/18/97,0
6/19/97,0
6/20/97,0
6/21/97,1.74
6/22/97,0
6/23/97,0
6/24/97,0
6/25/97,0
6/26/97,2.24
6/27/97,0
6/28/97,0
6/29/97,0
6/30/97,0
7/1/97,0
7/2/97,0
7/3/97,0
7/4/97,0
7/5/97,0
7/6/97,0
7/7/97,0
7/8/97,0
7/9/97,0
7/10/97,0
7/11/97,0.26
7/12/97,0
7/13/97,0
7/14/97,2.18
7/15/97,0
7/16/97,0
7/17/97,2.65
7/18/97,0
7/19/97,0
7/20/97,5.65
7/21/97,0.46
7/22/97,3.09
7/23/97,0
7/24/97,5.07
7/25/97,0
7/26/97,2.36
7/27/97,13.89
7/28/97,4.77
7/29/97,9.73
7/30/97,11.47
7/31/97,23.69
8/1/97,7.85
8/2/97,3.25
8/3/97,3.04
8/4/97,23.81
8/5/97,8.52
8/6/97,13.84
8/7/97,5.1
8/8/97,2.49
8/9/97,0
8/10/97,4.89
8/11/97,2.48
8/12/97,0.27
8/13/97,0
8/14/97,6.19
8/15/97,0
8/16/97,0
8/17/97,2.97
8/18/97,19
8/19/97,0
8/20/97,0
8/21/97,2.67
8/22/97,15.75
8/23/97,8.33
8/24/97,9.89
8/25/97,2.78
8/26/97,7.66
8/27/97,0
8/28/97,0
8/29/97,0
8/30/97,2.7
8/31/97,7.67
9/1/97,2.99
9/2/97,0
9/3/97,2.53
9/4/97,11.07
9/5/97,8.16
9/6/97,0
9/7/97,0
9/8/97,9.57
9/9/97,0
9/10/97,8.8
9/11/97,8.08
9/12/97,1.41
9/13/97,0
9/14/97,2.19
9/15/97,0
9/16/97,0.41
9/17/97,0
9/18/97,0
9/19/97,0
9/20/97,0.92
9/21/97,16.66
9/22/97,18.68
9/23/97,0
9/24/97,0
9/25/97,0
9/26/97,0
9/27/97,0
9/28/97,0
9/29/97,0
9/30/97,0
10/1/97,0
10/2/97,0
10/3/97,0.36
10/4/97,0
10/5/97,0
10/6/97,0
10/7/97,0
10/8/97,8.66
10/9/97,0
10/10/97,0
10/11/97,0
10/12/97,0
10/13/97,0
10/14/97,0
10/15/97,0
10/16/97,2.43
10/17/97,0
10/18/97,0
10/19/97,0
10/20/97,0
10/21/97,0
10/22/97,0
10/23/97,0
10/24/97,3.18
10/25/97,10.84
10/26/97,0
10/27/97,0
10/28/97,0
10/29/97,0
10/30/97,0
10/31/97,0
11/1/97,0
11/2/97,0
11/3/97,0
11/4/97,0
11/5/97,3.82
11/6/97,0
11/7/97,0
11/8/97,0
11/9/97,0
11/10/97,11.68
11/11/97,0
11/12/97,10.14
11/13/97,1.47
11/14/97,4.95
11/15/97,14.85
11/16/97,0
11/17/97,0
11/18/97,0
11/19/97,0
11/20/97,3.82
11/21/97,0
11/22/97,0
11/23/97,0
11/24/97,0
11/25/97,0
11/26/97,0
11/27/97,0.31
11/28/97,12.11
11/29/97,0
11/30/97,0
12/1/97,0
12/2/97,1.62
12/3/97,27.17
12/4/97,3.65
12/5/97,0
12/6/97,0
12/7/97,0
12/8/97,9.13
12/9/97,16.3
12/10/97,1.19
12/11/97,5.98
12/12/97,0
12/13/97,0
12/14/97,0
12/15/97,2.86
12/16/97,0
12/17/97,0
12/18/97,0
12/19/97,0
12/20/97,0
12/21/97,0
12/22/97,0
12/23/97,10.22
12/24/97,2.91
12/25/97,5.8
12/26/97,2.91
12/27/97,0
12/28/97,3.06
12/29/97,0
12/30/97,0
12/31/97,0
1/1/98,0
1/2/98,0
1/3/98,7.05
1/4/98,0
1/5/98,3.47
1/6/98,3.93
1/7/98,0
1/8/98,0
1/9/98,0
1/10/98,0
1/11/98,8.77
1/12/98,0
1/13/98,0
1/14/98,0
1/15/98,0
1/16/98,0
1/17/98,0
1/18/98,3.25
1/19/98,0
1/20/98,0
1/21/98,0
1/22/98,0
1/23/98,0
1/24/98,0
1/25/98,3.25
1/26/98,0
1/27/98,0
1/28/98,0
1/29/98,0
1/30/98,0
1/31/98,0
2/1/98,0
2/2/98,3.29
2/3/98,0
2/4/98,0
2/5/98,3.43
2/6/98,3.9
2/7/98,0
2/8/98,3.87
2/9/98,11.38
2/10/98,0
2/11/98,0
2/12/98,0
2/13/98,0
2/14/98,3.07
2/15/98,0.42
2/16/98,7.53
2/17/98,0
2/18/98,0
2/19/98,6.12
2/20/98,0
2/21/98,3.28
2/22/98,0
2/23/98,0
2/24/98,0
2/25/98,9.64
2/26/98,7.49
2/27/98,0
2/28/98,0
3/1/98,0
3/2/98,3.56
3/3/98,0
3/4/98,0
3/5/98,0
3/6/98,2.86
3/7/98,2.72
3/8/98,6.77
3/9/98,0
3/10/98,0
3/11/98,0
3/12/98,0
3/13/98,0
3/14/98,2.67
3/15/98,7.92
3/16/98,27.45
3/17/98,11.56
3/18/98,5.79
3/19/98,7.89
3/20/98,0
3/21/98,0
3/22/98,0
3/23/98,0
3/24/98,0
3/25/98,0
3/26/98,0
3/27/98,22.96
3/28/98,6.29
3/29/98,0
3/30/98,7.01
3/31/98,0.65
4/1/98,3.17
4/2/98,0
4/3/98,0
4/4/98,0
4/5/98,0
4/6/98,0
4/7/98,0.39
4/8/98,6.37
4/9/98,0
4/10/98,0
4/11/98,0
4/12/98,2.72
4/13/98,5.7
4/14/98,0
4/15/98,0
4/16/98,2.95
4/17/98,5.81
4/18/98,0
4/19/98,0
4/20/98,2.56
4/21/98,0
4/22/98,0
4/23/98,0
4/24/98,0
4/25/98,0
4/26/98,0
4/27/98,16.33
4/28/98,0
4/29/98,0
4/30/98,0
5/1/98,0
5/2/98,0
5/3/98,0
5/4/98,3.06
5/5/98,0
5/6/98,0
5/7/98,0
5/8/98,0
5/9/98,0
5/10/98,0
5/11/98,0
5/12/98,0
5/13/98,0
5/14/98,0
5/15/98,0
5/16/98,0
5/17/98,0
5/18/98,0
5/19/98,0
5/20/98,0
5/21/98,0
5/22/98,0
5/23/98,2.98
5/24/98,0
5/25/98,0
5/26/98,0
5/27/98,0
5/28/98,0
5/29/98,0
5/30/98,0
5/31/98,0
6/1/98,0
6/2/98,0
6/3/98,0
6/4/98,0
6/5/98,0
6/6/98,0
6/7/98,0
6/8/98,0
6/9/98,0
6/10/98,0
6/11/98,6.3
6/12/98,0
6/13/98,0
6/14/98,0
6/15/98,0
6/16/98,0
6/17/98,0
6/18/98,0
6/19/98,0
6/20/98,0
6/21/98,0
6/22/98,0
6/23/98,1.6
6/24/98,0
6/25/98,0
6/26/98,0
6/27/98,0
6/28/98,0
6/29/98,0
6/30/98,0.48
7/1/98,0
7/2/98,0
7/3/98,0
7/4/98,6.18
7/5/98,2.62
7/6/98,2.38
7/7/98,18.48
7/8/98,14.58
7/9/98,7.98
7/10/98,4.64
7/11/98,0
7/12/98,2.09
7/13/98,2.08
7/14/98,11.07
7/15/98,0
7/16/98,0.77
7/17/98,7.79
7/18/98,0
7/19/98,0
7/20/98,2.26
7/21/98,6.65
7/22/98,0.27
7/23/98,0
7/24/98,0.53
7/25/98,16.86
7/26/98,10.15
7/27/98,10.96
7/28/98,29.64
7/29/98,0.99
7/30/98,0
7/31/98,2.21
8/1/98,1.55
8/2/98,3.93
8/3/98,3.48
8/4/98,14.53
8/5/98,5.91
8/6/98,2.05
8/7/98,1.66
8/8/98,0
8/9/98,0
8/10/98,0
8/11/98,2.05
8/12/98,3.81
8/13/98,7.55
8/14/98,0
8/15/98,0
8/16/98,1.8
8/17/98,5.47
8/18/98,3.74
8/19/98,0
8/20/98,6.98
8/21/98,18.58
8/22/98,1.54
8/23/98,0
8/24/98,0
8/25/98,0
8/26/98,19.96
8/27/98,0
8/28/98,0
8/29/98,0.37
8/30/98,0.26
8/31/98,0.26
9/1/98,2.34
9/2/98,4.66
9/3/98,0
9/4/98,0
9/5/98,0
9/6/98,2.24
9/7/98,0
9/8/98,2.3
9/9/98,0
9/10/98,0
9/11/98,0
9/12/98,2.06
9/13/98,0.54
9/14/98,0
9/15/98,0
9/16/98,0
9/17/98,0
9/18/98,0
9/19/98,2.24
9/20/98,0
9/21/98,0
9/22/98,2.24
9/23/98,6.76
9/24/98,0
9/25/98,0
9/26/98,0
9/27/98,0
9/28/98,4.63
9/29/98,2.91
9/30/98,11.58
10/1/98,10.19
10/2/98,3.57
10/3/98,0
10/4/98,6.58
10/5/98,0
10/6/98,0
10/7/98,0
10/8/98,4.18
10/9/98,0
10/10/98,0
10/11/98,0
10/12/98,2.09
10/13/98,2.06
10/14/98,0
10/15/98,0
10/16/98,0
10/17/98,0
10/18/98,0
10/19/98,0
10/20/98,2.35
10/21/98,4.69
10/22/98,0
10/23/98,0
10/24/98,0
10/25/98,2.04
10/26/98,24.67
10/27/98,23.53
10/28/98,15.45
10/29/98,0
10/30/98,4.28
10/31/98,15.22
11/1/98,35.83
11/2/98,0
11/3/98,0
11/4/98,0
11/5/98,0
11/6/98,2.95
11/7/98,0
11/8/98,0
11/9/98,11.81
11/10/98,12.54
11/11/98,0
11/12/98,11.77
11/13/98,9.15
11/14/98,0
11/15/98,0
11/16/98,0
11/17/98,0
11/18/98,0
11/19/98,0
11/20/98,0
11/21/98,0
11/22/98,0
11/23/98,2.95
11/24/98,3.08
11/25/98,0
11/26/98,0
11/27/98,0
11/28/98,0
11/29/98,3.23
11/30/98,9.05
12/1/98,0
12/2/98,2.6
12/3/98,0
12/4/98,0
12/5/98,0
12/6/98,0
12/7/98,0.32
12/8/98,0
12/9/98,0
12/10/98,0
12/11/98,0
12/12/98,0
12/13/98,2.85
12/14/98,0
12/15/98,0
12/16/98,0
12/17/98,2.6
12/18/98,0
12/19/98,0
12/20/98,0
12/21/98,0
12/22/98,0
12/23/98,0
12/24/98,0
12/25/98,0
12/26/98,0
12/27/98,2.6
12/28/98,0
12/29/98,5.2
12/30/98,0
12/31/98,0
1/1/99,0
1/2/99,0
1/3/99,0
1/4/99,0
1/5/99,0
1/6/99,0
1/7/99,0
1/8/99,0
1/9/99,0
1/10/99,0
1/11/99,0
1/12/99,3.08
1/13/99,0
1/14/99,0
1/15/99,3.15
1/16/99,0
1/17/99,0
1/18/99,3.08
1/19/99,0
1/20/99,3
1/21/99,0.9
1/22/99,1.74
1/23/99,0
1/24/99,15.62
1/25/99,3.07
1/26/99,0
1/27/99,0
1/28/99,0
1/29/99,0
1/30/99,0
1/31/99,0
2/1/99,0
2/2/99,0
2/3/99,0
2/4/99,0
2/5/99,12.44
2/6/99,0
2/7/99,4.49
2/8/99,3.17
2/9/99,0
2/10/99,0
2/11/99,0
2/12/99,0
2/13/99,0
2/14/99,0
2/15/99,0
2/16/99,0
2/17/99,0
2/18/99,3.1
2/19/99,0
2/20/99,0
2/21/99,0
2/22/99,0
2/23/99,0
2/24/99,3.1
2/25/99,0
2/26/99,0
2/27/99,0
2/28/99,0
3/1/99,5.34
3/2/99,0
3/3/99,0
3/4/99,0
3/5/99,0
3/6/99,0
3/7/99,0
3/8/99,7.81
3/9/99,0
3/10/99,5.34
3/11/99,0
3/12/99,1.2
3/13/99,13.07
3/14/99,5.55
3/15/99,2.67
3/16/99,5.34
3/17/99,0
3/18/99,0.39
3/19/99,5.79
3/20/99,5.46
3/21/99,0
3/22/99,0
3/23/99,0
3/24/99,0
3/25/99,0
3/26/99,2.55
3/27/99,1.26
3/28/99,0
3/29/99,0
3/30/99,2.67
3/31/99,2.66
4/1/99,0
4/2/99,8.74
4/3/99,21.17
4/4/99,5.17
4/5/99,0.29
4/6/99,3.07
4/7/99,4.38
4/8/99,0
4/9/99,0
4/10/99,0
4/11/99,0
4/12/99,2.2
4/13/99,4.42
4/14/99,0
4/15/99,0
4/16/99,0
4/17/99,0
4/18/99,0
4/19/99,2.3
4/20/99,2.25
4/21/99,4.48
4/22/99,2.31
4/23/99,0
4/24/99,0
4/25/99,5.61
4/26/99,2.67
4/27/99,2.42
4/28/99,2.26
4/29/99,0
4/30/99,5.76
5/1/99,27.24
5/2/99,9.18
5/3/99,3.24
5/4/99,3.97
5/5/99,1.12
5/6/99,2.61
5/7/99,4.82
5/8/99,0
5/9/99,6.22
5/10/99,0
5/11/99,0
5/12/99,0
5/13/99,2.11
5/14/99,4.15
5/15/99,0
5/16/99,0
5/17/99,0
5/18/99,0
5/19/99,0
5/20/99,0
5/21/99,0
5/22/99,0
5/23/99,0.27
5/24/99,7.57
5/25/99,9.34
5/26/99,0
5/27/99,2.4
5/28/99,12.1
5/29/99,0
5/30/99,0
5/31/99,4.15
6/1/99,0
6/2/99,1.47
6/3/99,0
6/4/99,1.44
6/5/99,0
6/6/99,0
6/7/99,0
6/8/99,2.81
6/9/99,0
6/10/99,0
6/11/99,0
6/12/99,1.6
6/13/99,1.53
6/14/99,2.16
6/15/99,0.79
6/16/99,2.07
6/17/99,8.83
6/18/99,5.25
6/19/99,8.78
6/20/99,3.84
6/21/99,0
6/22/99,5.66
6/23/99,2.86
6/24/99,0
6/25/99,0
6/26/99,2.93
6/27/99,0.42
6/28/99,0
6/29/99,0
6/30/99,2.86
7/1/99,0
7/2/99,0
7/3/99,0
7/4/99,1.05
7/5/99,0
7/6/99,0
7/7/99,13.89
7/8/99,2.37
7/9/99,6.77
7/10/99,2.5
7/11/99,0
7/12/99,1.98
7/13/99,0
7/14/99,2.16
7/15/99,6.19
7/16/99,0
7/17/99,0.3
7/18/99,12.26
7/19/99,6.26
7/20/99,0.38
7/21/99,0
7/22/99,7.87
7/23/99,2.04
7/24/99,2.51
7/25/99,1.32
7/26/99,0
7/27/99,5.76
7/28/99,0
7/29/99,0
7/30/99,12.16
7/31/99,0
8/1/99,7.17
8/2/99,5.35
8/3/99,2.79
8/4/99,9.66
8/5/99,32.72
8/6/99,30.68
8/7/99,0.69
8/8/99,0
8/9/99,4.34
8/10/99,14.66
8/11/99,20.05
8/12/99,4.83
8/13/99,2.54
8/14/99,0
8/15/99,8.76
8/16/99,1.43
8/17/99,3.02
8/18/99,0
8/19/99,0
8/20/99,0
8/21/99,0.46
8/22/99,1.51
8/23/99,0
8/24/99,0
8/25/99,2.47
8/26/99,0
8/27/99,0
8/28/99,12.43
8/29/99,0.98
8/30/99,2.94
8/31/99,19.13
9/1/99,0
9/2/99,2.31
9/3/99,1.8
9/4/99,5.59
9/5/99,0
9/6/99,0
9/7/99,0.63
9/8/99,0
9/9/99,0.29
9/10/99,2.31
9/11/99,0
9/12/99,0
9/13/99,0
9/14/99,2.88
9/15/99,1.52
9/16/99,6.24
9/17/99,15.18
9/18/99,10.84
9/19/99,2.73
9/20/99,0
9/21/99,0
9/22/99,0
9/23/99,0
9/24/99,0.32
9/25/99,2.19
9/26/99,0
9/27/99,0
9/28/99,0
9/29/99,0
9/30/99,0
10/1/99,0
10/2/99,0
10/3/99,0
10/4/99,0
10/5/99,0
10/6/99,0
10/7/99,2.1
10/8/99,0
10/9/99,0
10/10/99,0
10/11/99,0
10/12/99,0
10/13/99,0
10/14/99,0
10/15/99,0
10/16/99,1.94
10/17/99,8.91
10/18/99,2
10/19/99,1.95
10/20/99,0
10/21/99,0
10/22/99,0
10/23/99,0
10/24/99,0
10/25/99,0
10/26/99,0
10/27/99,0
10/28/99,0
10/29/99,0
10/30/99,0
10/31/99,0
11/1/99,0
11/2/99,0
11/3/99,0
11/4/99,0
11/5/99,3.91
11/6/99,0
11/7/99,0
11/8/99,0
11/9/99,0
11/10/99,0
11/11/99,0
11/12/99,0
11/13/99,0
11/14/99,0
11/15/99,0
11/16/99,0
11/17/99,0
11/18/99,0
11/19/99,0
11/20/99,0
11/21/99,0
11/22/99,0
11/23/99,0
11/24/99,0
11/25/99,0
11/26/99,0
11/27/99,3.91
11/28/99,0
11/29/99,0
11/30/99,0
12/1/99,0
12/2/99,0
12/3/99,0
12/4/99,8.98
12/5/99,0
12/6/99,0
12/7/99,0
12/8/99,0
12/9/99,0
12/10/99,2.74
12/11/99,0
12/12/99,2.73
12/13/99,0
12/14/99,5.47
12/15/99,0
12/16/99,0
12/17/99,0
12/18/99,0
12/19/99,0
12/20/99,0
12/21/99,0
12/22/99,0
12/23/99,0
12/24/99,0
12/25/99,2.46
12/26/99,2.77
12/27/99,0
12/28/99,0
12/29/99,0
12/30/99,0
12/31/99,0
1/1/00,3.07
1/2/00,6.88
1/3/00,5.36
1/4/00,0
1/5/00,0
1/6/00,0
1/7/00,0
1/8/00,3.27
1/9/00,0
1/10/00,3.27
1/11/00,0
1/12/00,0
1/13/00,0
1/14/00,0
1/15/00,0
1/16/00,3.29
1/17/00,0
1/18/00,0
1/19/00,0
1/20/00,0
1/21/00,0
1/22/00,0
1/23/00,0
1/24/00,0
1/25/00,0
1/26/00,7.53
1/27/00,2.35
1/28/00,0
1/29/00,0
1/30/00,0
1/31/00,3.29
2/1/00,9.1
2/2/00,0
2/3/00,3.92
2/4/00,0
2/5/00,0
2/6/00,0
2/7/00,0
2/8/00,0
2/9/00,0
2/10/00,0
2/11/00,0
2/12/00,0
2/13/00,3.73
2/14/00,3.75
2/15/00,0
2/16/00,0
2/17/00,3.71
2/18/00,0
2/19/00,0
2/20/00,0
2/21/00,0
2/22/00,0
2/23/00,0
2/24/00,0
2/25/00,0
2/26/00,0
2/27/00,7.16
2/28/00,0
2/29/00,0
3/1/00,3.55
3/2/00,4.12
3/3/00,0
3/4/00,0
3/5/00,3.43
3/6/00,0
3/7/00,3.56
3/8/00,13.57
3/9/00,0
3/10/00,0
3/11/00,0
3/12/00,3.58
3/13/00,0
3/14/00,0
3/15/00,0
3/16/00,3.58
3/17/00,0
3/18/00,0
3/19/00,0
3/20/00,0
3/21/00,4.07
3/22/00,39.84
3/23/00,28.79
3/24/00,0
3/25/00,3.58
3/26/00,0
3/27/00,0
3/28/00,0
3/29/00,9.2
3/30/00,0.45
3/31/00,18.23
4/1/00,9.13
4/2/00,2.43
4/3/00,2.55
4/4/00,0
4/5/00,2.32
4/6/00,0
4/7/00,0
4/8/00,0
4/9/00,0
4/10/00,0
4/11/00,0.34
4/12/00,7
4/13/00,2.32
4/14/00,0
4/15/00,0
4/16/00,0
4/17/00,0
4/18/00,0
4/19/00,0
4/20/00,0
4/21/00,0
4/22/00,0
4/23/00,0
4/24/00,0
4/25/00,0
4/26/00,0
4/27/00,0
4/28/00,0
4/29/00,0
4/30/00,0
5/1/00,1.98
5/2/00,0
5/3/00,0
5/4/00,0
5/5/00,0
5/6/00,0
5/7/00,0
5/8/00,0
5/9/00,0
5/10/00,0
5/11/00,0
5/12/00,0
5/13/00,0
5/14/00,0
5/15/00,0
5/16/00,0
5/17/00,0
5/18/00,0
5/19/00,2.19
5/20/00,0
5/21/00,0
5/22/00,0
5/23/00,0
5/24/00,0
5/25/00,0
5/26/00,0
5/27/00,0
5/28/00,0
5/29/00,0
5/30/00,0
5/31/00,0
6/1/00,0
6/2/00,0
6/3/00,3.32
6/4/00,1.84
6/5/00,0
6/6/00,0
6/7/00,1.86
6/8/00,1.87
6/9/00,0.99
6/10/00,0.84
6/11/00,1.86
6/12/00,0
6/13/00,0
6/14/00,0
6/15/00,0
6/16/00,0
6/17/00,0
6/18/00,0
6/19/00,1.55
6/20/00,0
6/21/00,0
6/22/00,0
6/23/00,0.57
6/24/00,1.84
6/25/00,0
6/26/00,0
6/27/00,1.44
6/28/00,2.08
6/29/00,11.09
6/30/00,2.45
7/1/00,5.31
7/2/00,3.42
7/3/00,0
7/4/00,0
7/5/00,0
7/6/00,0
7/7/00,0
7/8/00,0
7/9/00,1.75
7/10/00,0
7/11/00,1.77
7/12/00,0
7/13/00,1.72
7/14/00,2
7/15/00,0
7/16/00,0.32
7/17/00,14.65
7/18/00,3.67
7/19/00,16.93
7/20/00,3.42
7/21/00,3.6
7/22/00,3.41
7/23/00,0
7/24/00,0
7/25/00,3.38
7/26/00,0.99
7/27/00,7.24
7/28/00,1.72
7/29/00,0.64
7/30/00,2.45
7/31/00,0.94
8/1/00,1.8
8/2/00,0
8/3/00,1.89
8/4/00,1.88
8/5/00,12.48
8/6/00,1.87
8/7/00,0.7
8/8/00,1.93
8/9/00,1.99
8/10/00,0
8/11/00,0
8/12/00,1.59
8/13/00,2.1
8/14/00,0
8/15/00,1.83
8/16/00,1.35
8/17/00,0.37
8/18/00,14.03
8/19/00,6.66
8/20/00,5.42
8/21/00,1.92
8/22/00,4.45
8/23/00,3.78
8/24/00,0
8/25/00,0
8/26/00,0
8/27/00,0
8/28/00,0
8/29/00,3.79
8/30/00,0
8/31/00,0
9/1/00,0
9/2/00,0
9/3/00,0
9/4/00,0
9/5/00,0
9/6/00,0
9/7/00,1.78
9/8/00,0
9/9/00,5.95
9/10/00,0
9/11/00,0
9/12/00,0
9/13/00,0
9/14/00,0
9/15/00,0
9/16/00,0
9/17/00,0
9/18/00,0
9/19/00,0
9/20/00,0
9/21/00,0
9/22/00,6.1
9/23/00,0
9/24/00,0
9/25/00,0
9/26/00,0
9/27/00,0
9/28/00,0
9/29/00,0
9/30/00,4.98
10/1/00,0
10/2/00,0
10/3/00,0
10/4/00,0
10/5/00,0.74
10/6/00,0
10/7/00,0
10/8/00,7.83
10/9/00,2.62
10/10/00,4.98
10/11/00,3.13
10/12/00,13.54
10/13/00,10.35
10/14/00,0
10/15/00,0
10/16/00,0
10/17/00,0
10/18/00,0
10/19/00,0
10/20/00,0
10/21/00,0
10/22/00,0
10/23/00,7.64
10/24/00,63.8
10/25/00,1.06
10/26/00,0
10/27/00,0
10/28/00,6.48
10/29/00,5.73
10/30/00,0
10/31/00,0
11/1/00,0
11/2/00,0
11/3/00,0
11/4/00,15.59
11/5/00,9.14
11/6/00,4.25
11/7/00,3.07
11/8/00,2.99
11/9/00,0
11/10/00,0
11/11/00,6.55
11/12/00,11.79
11/13/00,3.94
11/14/00,0
11/15/00,0
11/16/00,0
11/17/00,0
11/18/00,0
11/19/00,0
11/20/00,0
11/21/00,0
11/22/00,0
11/23/00,32.05
11/24/00,0.82
11/25/00,0
11/26/00,0
11/27/00,0
11/28/00,0
11/29/00,0
11/30/00,0
12/1/00,0
12/2/00,0
12/3/00,0
12/4/00,0
12/5/00,0
12/6/00,0
12/7/00,0
12/8/00,0
12/9/00,0
12/10/00,0
12/11/00,0
12/12/00,3.47
12/13/00,0.54
12/14/00,0
12/15/00,0
12/16/00,0
12/17/00,0
12/18/00,0
12/19/00,0
12/20/00,0
12/21/00,0
12/22/00,0
12/23/00,0
12/24/00,0
12/25/00,0
12/26/00,9.75
12/27/00,3.1
12/28/00,0
12/29/00,0
12/30/00,0
12/31/00,0
1/1/01,0
1/2/01,0
1/3/01,0
1/4/01,0
1/5/01,0
1/6/01,0
1/7/01,0
1/8/01,0
1/9/01,0
1/10/01,4.47
1/11/01,0
1/12/01,0
1/13/01,8.72
1/14/01,0
1/15/01,0
1/16/01,8.76
1/17/01,40.71
1/18/01,0
1/19/01,0
1/20/01,0
1/21/01,0
1/22/01,0
1/23/01,0
1/24/01,2.24
1/25/01,0
1/26/01,8.47
1/27/01,0
1/28/01,33.01
1/29/01,2.01
1/30/01,0
1/31/01,0
2/1/01,0
2/2/01,0
2/3/01,0
2/4/01,0
2/5/01,0
2/6/01,0
2/7/01,0
2/8/01,3.49
2/9/01,24
2/10/01,0
2/11/01,0
2/12/01,0
2/13/01,0
2/14/01,3.32
2/15/01,3.24
2/16/01,0
2/17/01,0
2/18/01,0
2/19/01,3.84
2/20/01,0
2/21/01,0
2/22/01,0
2/23/01,0
2/24/01,7.99
2/25/01,0
2/26/01,3.21
2/27/01,8.18
2/28/01,4.97
3/1/01,11.7
3/2/01,0
3/3/01,0
3/4/01,0
3/5/01,0
3/6/01,0
3/7/01,3.06
3/8/01,28.76
3/9/01,4.02
3/10/01,0
3/11/01,6.8
3/12/01,4.42
3/13/01,0
3/14/01,0
3/15/01,0
3/16/01,0
3/17/01,2.49
3/18/01,11.34
3/19/01,3.31
3/20/01,3.09
3/21/01,0
3/22/01,0
3/23/01,0
3/24/01,0
3/25/01,0
3/26/01,0
3/27/01,0
3/28/01,0
3/29/01,42.71
3/30/01,0
3/31/01,0
4/1/01,0
4/2/01,0
4/3/01,0
4/4/01,0
4/5/01,0
4/6/01,2.89
4/7/01,14.05
4/8/01,2.79
4/9/01,0
4/10/01,0
4/11/01,0
4/12/01,3.67
4/13/01,0
4/14/01,3.08
4/15/01,0
4/16/01,2.79
4/17/01,0
4/18/01,0
4/19/01,0
4/20/01,0
4/21/01,3.29
4/22/01,0
4/23/01,1.49
4/24/01,0
4/25/01,2.86
4/26/01,0
4/27/01,0
4/28/01,5.21
4/29/01,3.52
4/30/01,0
5/1/01,2.41
5/2/01,0
5/3/01,2.28
5/4/01,0.29
5/5/01,21.76
5/6/01,1.6
5/7/01,0
5/8/01,4.56
5/9/01,0
5/10/01,0
5/11/01,2.33
5/12/01,0
5/13/01,0
5/14/01,11.94
5/15/01,2.47
5/16/01,0
5/17/01,0
5/18/01,0
5/19/01,0
5/20/01,9.55
5/21/01,2.45
5/22/01,0
5/23/01,0
5/24/01,2.33
5/25/01,0
5/26/01,0
5/27/01,0
5/28/01,0
5/29/01,0
5/30/01,0
5/31/01,0
6/1/01,0
6/2/01,0
6/3/01,0
6/4/01,0
6/5/01,0
6/6/01,0
6/7/01,0
6/8/01,0.51
6/9/01,0
6/10/01,0
6/11/01,0
6/12/01,0
6/13/01,0
6/14/01,0
6/15/01,0
6/16/01,0
6/17/01,0
6/18/01,0
6/19/01,0
6/20/01,0
6/21/01,0
6/22/01,0
6/23/01,0.47
6/24/01,0
6/25/01,0
6/26/01,0.92
6/27/01,2.65
6/28/01,8.68
6/29/01,3.09
6/30/01,0
7/1/01,1.23
7/2/01,13.78
7/3/01,2.68
7/4/01,0
7/5/01,0
7/6/01,0
7/7/01,0
7/8/01,0
7/9/01,0.79
7/10/01,1.71
7/11/01,0
7/12/01,2.02
7/13/01,1.43
7/14/01,7.26
7/15/01,1.17
7/16/01,0.49
7/17/01,0
7/18/01,7.63
7/19/01,3.76
7/20/01,5.49
7/21/01,0.33
7/22/01,0
7/23/01,0.97
7/24/01,0.71
7/25/01,3.32
7/26/01,5.35
7/27/01,11.9
7/28/01,1.01
7/29/01,2.27
7/30/01,1.21
7/31/01,3.42
8/1/01,2.73
8/2/01,1.05
8/3/01,0.79
8/4/01,0.97
8/5/01,6.47
8/6/01,4.83
8/7/01,0
8/8/01,1.04
8/9/01,9.76
8/10/01,20.44
8/11/01,6.06
8/12/01,4.36
8/13/01,4.25
8/14/01,22.32
8/15/01,4.19
8/16/01,1.53
8/17/01,4.6
8/18/01,2.08
8/19/01,0
8/20/01,0
8/21/01,0
8/22/01,0
8/23/01,0
8/24/01,0
8/25/01,0
8/26/01,0
8/27/01,0
8/28/01,0.27
8/29/01,0.33
8/30/01,1.28
8/31/01,0.29
9/1/01,2.18
9/2/01,0
9/3/01,0
9/4/01,0
9/5/01,0
9/6/01,0
9/7/01,0
9/8/01,0
9/9/01,0
9/10/01,0
9/11/01,0
9/12/01,0
9/13/01,0
9/14/01,3.42
9/15/01,0.84
9/16/01,0.53
9/17/01,4.02
9/18/01,0.55
9/19/01,0
9/20/01,0
9/21/01,0
9/22/01,0
9/23/01,0
9/24/01,0
9/25/01,0
9/26/01,0
9/27/01,0
9/28/01,0
9/29/01,0
9/30/01,0
10/1/01,0
10/2/01,0
10/3/01,0
10/4/01,1.87
10/5/01,0
10/6/01,1.94
10/7/01,0
10/8/01,0
10/9/01,0.6
10/10/01,0
10/11/01,1.89
10/12/01,0
10/13/01,0
10/14/01,0
10/15/01,0
10/16/01,3.74
10/17/01,0
10/18/01,0
10/19/01,0
10/20/01,0
10/21/01,0
10/22/01,0
10/23/01,0
10/24/01,0
10/25/01,0
10/26/01,0
10/27/01,0
10/28/01,0
10/29/01,0.31
10/30/01,0
10/31/01,0
11/1/01,0
11/2/01,0
11/3/01,0
11/4/01,0
11/5/01,0
11/6/01,0
11/7/01,0
11/8/01,0
11/9/01,3.3
11/10/01,0
11/11/01,0
11/12/01,0
11/13/01,3.67
11/14/01,0
11/15/01,0
11/16/01,0
11/17/01,0
11/18/01,0
11/19/01,0
11/20/01,0
11/21/01,0
11/22/01,0
11/23/01,19.15
11/24/01,5.03
11/25/01,0
11/26/01,7.56
11/27/01,0
11/28/01,3.88
11/29/01,0
11/30/01,4.45
12/1/01,0.72
12/2/01,0
12/3/01,1.93
12/4/01,2
12/5/01,5
12/6/01,0
12/7/01,3.79
12/8/01,0
12/9/01,0
12/10/01,5.86
12/11/01,3.73
12/12/01,2.35
12/13/01,1.79
12/14/01,0
12/15/01,0
12/16/01,0.68
12/17/01,0
12/18/01,0
12/19/01,0
12/20/01,0
12/21/01,0
12/22/01,0.91
12/23/01,0
12/24/01,0
12/25/01,0
12/26/01,0
12/27/01,5.65
12/28/01,0
12/29/01,0
12/30/01,3.18
12/31/01,3.49
1/1/02,0
1/2/02,0
1/3/02,2.41
1/4/02,0
1/5/02,0
1/6/02,0
1/7/02,0
1/8/02,0
1/9/02,1.27
1/10/02,0
1/11/02,6.13
1/12/02,1.37
1/13/02,0
1/14/02,0
1/15/02,0
1/16/02,6.11
1/17/02,0.72
1/18/02,0
1/19/02,0
1/20/02,0
1/21/02,0
1/22/02,0
1/23/02,0
1/24/02,0
1/25/02,0
1/26/02,0
1/27/02,1.27
1/28/02,0
1/29/02,0
1/30/02,0
1/31/02,7.96
2/1/02,0
2/2/02,1.64
2/3/02,0
2/4/02,0
2/5/02,1.46
2/6/02,0
2/7/02,0
2/8/02,0
2/9/02,0
2/10/02,0
2/11/02,0
2/12/02,3.04
2/13/02,0.92
2/14/02,0
2/15/02,0
2/16/02,0
2/17/02,1.47
2/18/02,7.01
2/19/02,1.24
2/20/02,0
2/21/02,0
2/22/02,0
2/23/02,0
2/24/02,0
2/25/02,0
2/26/02,0
2/27/02,0
2/28/02,0
3/1/02,1.11
3/2/02,0
3/3/02,0
3/4/02,0
3/5/02,0
3/6/02,0
3/7/02,1.75
3/8/02,1.24
3/9/02,0
3/10/02,0
3/11/02,1.04
3/12/02,0
3/13/02,1.75
3/14/02,7.27
3/15/02,0
3/16/02,0
3/17/02,0
3/18/02,0
3/19/02,0
3/20/02,0
3/21/02,0
3/22/02,0
3/23/02,0
3/24/02,0
3/25/02,0
3/26/02,0
3/27/02,0
3/28/02,0
3/29/02,0
3/30/02,0
3/31/02,0
4/1/02,0
4/2/02,0
4/3/02,0
4/4/02,0
4/5/02,0
4/6/02,0
4/7/02,2.13
4/8/02,5.63
4/9/02,0
4/10/02,0
4/11/02,2.89
4/12/02,0
4/13/02,0
4/14/02,0
4/15/02,4.66
4/16/02,0
4/17/02,0.84
4/18/02,0
4/19/02,0
4/20/02,0
4/21/02,0.64
4/22/02,0
4/23/02,0
4/24/02,0
4/25/02,0
4/26/02,0.68
4/27/02,0
4/28/02,0
4/29/02,0
4/30/02,0
5/1/02,0
5/2/02,0
5/3/02,0
5/4/02,0
5/5/02,0
5/6/02,0
5/7/02,0
5/8/02,0
5/9/02,0
5/10/02,0
5/11/02,0
5/12/02,0
5/13/02,0
5/14/02,0
5/15/02,0
5/16/02,0
5/17/02,0
5/18/02,0
5/19/02,0
5/20/02,0
5/21/02,0
5/22/02,0
5/23/02,0
5/24/02,0
5/25/02,0
5/26/02,0
5/27/02,0
5/28/02,0
5/29/02,0
5/30/02,0
5/31/02,0
6/1/02,0
6/2/02,0
6/3/02,0
6/4/02,0
6/5/02,1.56
6/6/02,0
6/7/02,0
6/8/02,0
6/9/02,0
6/10/02,0
6/11/02,0
6/12/02,0
6/13/02,0
6/14/02,0
6/15/02,0
6/16/02,0
6/17/02,0
6/18/02,0
6/19/02,0
6/20/02,0
6/21/02,0
6/22/02,16.14
6/23/02,5.18
6/24/02,0
6/25/02,0
6/26/02,0
6/27/02,0
6/28/02,0
6/29/02,5.69
6/30/02,0
7/1/02,0
7/2/02,0
7/3/02,0
7/4/02,1.97
7/5/02,1.22
7/6/02,0
7/7/02,2.49
7/8/02,0.37
7/9/02,0
7/10/02,0.46
7/11/02,1.53
7/12/02,3.03
7/13/02,0
7/14/02,0
7/15/02,1.01
7/16/02,2
7/17/02,9.15
7/18/02,2.89
7/19/02,0
7/20/02,5.66
7/21/02,18.74
7/22/02,5.8
7/23/02,2.68
7/24/02,0.93
7/25/02,4.75
7/26/02,2.77
7/27/02,0
7/28/02,0
7/29/02,0
7/30/02,1.73
7/31/02,0
8/1/02,0
8/2/02,0
8/3/02,11.19
8/4/02,2.71
8/5/02,2.54
8/6/02,1.22
8/7/02,1.72
8/8/02,5.16
8/9/02,0
8/10/02,0
8/11/02,0.75
8/12/02,0.75
8/13/02,0.75
8/14/02,0
8/15/02,1.07
8/16/02,0.75
8/17/02,0.75
8/18/02,1.07
8/19/02,1.07
8/20/02,1.57
8/21/02,2.64
8/22/02,5.25
8/23/02,0
8/24/02,0
8/25/02,0.75
8/26/02,0
8/27/02,2.43
8/28/02,3.63
8/29/02,2.42
8/30/02,7.08
8/31/02,3.75
9/1/02,0
9/2/02,0
9/3/02,0
9/4/02,0
9/5/02,0
9/6/02,0
9/7/02,0.93
9/8/02,1.41
9/9/02,2.63
9/10/02,8.97
9/11/02,20.09
9/12/02,9.47
9/13/02,0.33
9/14/02,2.14
9/15/02,1.11
9/16/02,2.11
9/17/02,0
9/18/02,1.11
9/19/02,3.82
9/20/02,1.23
9/21/02,0
9/22/02,0
9/23/02,0
9/24/02,0
9/25/02,0
9/26/02,0
9/27/02,0
9/28/02,1.71
9/29/02,1.53
9/30/02,0
10/1/02,0
10/2/02,2.83
10/3/02,1.5
10/4/02,1.06
10/5/02,1
10/6/02,1.25
10/7/02,0
10/8/02,0
10/9/02,0
10/10/02,0
10/11/02,0
10/12/02,1
10/13/02,0
10/14/02,0
10/15/02,0
10/16/02,0
10/17/02,0
10/18/02,2.82
10/19/02,1.84
10/20/02,0
10/21/02,3.82
10/22/02,0
10/23/02,4.77
10/24/02,16.43
10/25/02,6.77
10/26/02,1.9
10/27/02,14.4
10/28/02,2.74
10/29/02,1.15
10/30/02,6.85
10/31/02,1.31
11/1/02,0.81
11/2/02,0
11/3/02,0
11/4/02,0.8
11/5/02,12.3
11/6/02,1.38
11/7/02,1.38
11/8/02,0.85
11/9/02,6.44
11/10/02,31.58
11/11/02,8.49
11/12/02,9.34
11/13/02,2.84
11/14/02,2.76
11/15/02,0
11/16/02,1.38
11/17/02,0
11/18/02,2.76
11/19/02,0
11/20/02,1.38
11/21/02,0
11/22/02,0
11/23/02,1.38
11/24/02,0
11/25/02,0
11/26/02,0
11/27/02,0
11/28/02,0
11/29/02,1.44
11/30/02,1.38
12/1/02,0
12/2/02,0
12/3/02,2.48
12/4/02,11.35
12/5/02,0
12/6/02,1.59
12/7/02,3.09
12/8/02,0
12/9/02,0
12/10/02,1.59
12/11/02,0
12/12/02,0
12/13/02,0
12/14/02,0.77
12/15/02,1.79
12/16/02,0
12/17/02,1.59
12/18/02,6.05
12/19/02,2.09
12/20/02,1.59
12/21/02,4.16
12/22/02,0
12/23/02,4.35
12/24/02,3.3
12/25/02,2.17
12/26/02,1.59
12/27/02,3.09
12/28/02,3.15
12/29/02,2.98
12/30/02,0
12/31/02,1.59
1/1/03,0
1/2/03,1.66
1/3/03,2.8
1/4/03,0.68
1/5/03,1.4
1/6/03,0
1/7/03,0
1/8/03,1.4
1/9/03,0
1/10/03,1.4
1/11/03,0
1/12/03,0
1/13/03,1.4
1/14/03,0
1/15/03,0
1/16/03,0
1/17/03,1.4
1/18/03,0
1/19/03,0.68
1/20/03,0
1/21/03,0
1/22/03,0
1/23/03,0
1/24/03,1.4
1/25/03,0
1/26/03,0
1/27/03,0
1/28/03,0
1/29/03,0
1/30/03,0
1/31/03,1.4
2/1/03,0
2/2/03,0
2/3/03,0
2/4/03,0
2/5/03,0
2/6/03,0
2/7/03,0
2/8/03,0
2/9/03,0
2/10/03,0
2/11/03,0
2/12/03,3.04
2/13/03,0.73
2/14/03,12.04
2/15/03,3.62
2/16/03,0
2/17/03,0
2/18/03,0.47
2/19/03,7.83
2/20/03,1.01
2/21/03,1.89
2/22/03,1.65
2/23/03,0
2/24/03,0
2/25/03,2.9
2/26/03,7.15
2/27/03,12.61
2/28/03,26.93
3/1/03,8.55
3/2/03,5.86
3/3/03,2.7
3/4/03,2.61
3/5/03,2.64
3/6/03,2.75
3/7/03,2.49
3/8/03,1.5
3/9/03,0
3/10/03,1.37
3/11/03,0
3/12/03,0
3/13/03,1.37
3/14/03,0
3/15/03,0
3/16/03,1.37
3/17/03,3.49
3/18/03,4.3
3/19/03,5.36
3/20/03,10.87
3/21/03,5.63
3/22/03,9.06
3/23/03,1.5
3/24/03,1.37
3/25/03,0
3/26/03,1.65
3/27/03,1.48
3/28/03,1.9
3/29/03,4.43
3/30/03,6.88
3/31/03,4.18
4/1/03,0
4/2/03,0
4/3/03,0
4/4/03,0
4/5/03,0
4/6/03,1.16
4/7/03,0
4/8/03,0
4/9/03,0
4/10/03,1.16
4/11/03,0
4/12/03,0
4/13/03,0.59
4/14/03,0
4/15/03,0
4/16/03,5.01
4/17/03,1.16
4/18/03,0
4/19/03,0.76
4/20/03,0
4/21/03,2.95
4/22/03,1.39
4/23/03,0
4/24/03,9.03
4/25/03,1.16
4/26/03,0
4/27/03,1.16
4/28/03,0
4/29/03,1.16
4/30/03,0
5/1/03,0
5/2/03,2.45
5/3/03,0
5/4/03,0
5/5/03,0
5/6/03,0
5/7/03,0
5/8/03,0
5/9/03,0
5/10/03,0
5/11/03,0
5/12/03,2.53
5/13/03,4.89
5/14/03,2.45
5/15/03,2.54
5/16/03,0
5/17/03,0
5/18/03,0
5/19/03,0
5/20/03,0
5/21/03,0
5/22/03,0
5/23/03,0
5/24/03,0
5/25/03,4.92
5/26/03,5.77
5/27/03,1.33
5/28/03,5.05
5/29/03,0
5/30/03,0
5/31/03,0
6/1/03,3.1
6/2/03,0.63
6/3/03,0
6/4/03,0
6/5/03,0
6/6/03,0
6/7/03,0
6/8/03,0
6/9/03,0
6/10/03,0
6/11/03,0
6/12/03,0
6/13/03,0
6/14/03,0
6/15/03,0
6/16/03,1.55
6/17/03,0.31
6/18/03,3.54
6/19/03,3.1
6/20/03,1.96
6/21/03,2.92
6/22/03,0
6/23/03,0
6/24/03,0
6/25/03,0
6/26/03,0
6/27/03,6.32
6/28/03,0
6/29/03,6.42
6/30/03,0
7/1/03,0
7/2/03,0
7/3/03,0
7/4/03,2.36
7/5/03,0
7/6/03,0
7/7/03,0
7/8/03,0
7/9/03,0
7/10/03,0
7/11/03,2.36
7/12/03,0
7/13/03,0
7/14/03,0
7/15/03,1.3
7/16/03,0
7/17/03,0
7/18/03,0
7/19/03,0
7/20/03,2.23
7/21/03,2.79
7/22/03,1.48
7/23/03,3.78
7/24/03,4.01
7/25/03,0.85
7/26/03,0
7/27/03,0
7/28/03,7.9
7/29/03,6.13
7/30/03,0
7/31/03,2.79
8/1/03,0
8/2/03,5.96
8/3/03,2.29
8/4/03,0
8/5/03,0
8/6/03,0
8/7/03,0
8/8/03,3.5
8/9/03,2.57
8/10/03,0.71
8/11/03,4.35
8/12/03,5.93
8/13/03,0.3
8/14/03,0
8/15/03,0
8/16/03,3.97
8/17/03,0.41
8/18/03,4.17
8/19/03,4.18
8/20/03,0.57
8/21/03,7.86
8/22/03,5.85
8/23/03,0.67
8/24/03,18.67
8/25/03,7.16
8/26/03,3.64
8/27/03,6.8
8/28/03,4.45
8/29/03,5.83
8/30/03,3.05
8/31/03,7.89
9/1/03,1.26
9/2/03,1.34
9/3/03,0
9/4/03,6.89
9/5/03,10.13
9/6/03,4.3
9/7/03,14.22
9/8/03,3.79
9/9/03,0
9/10/03,27.68
9/11/03,17.23
9/12/03,1.26
9/13/03,0
9/14/03,0
9/15/03,0
9/16/03,0.69
9/17/03,0
9/18/03,0
9/19/03,0
9/20/03,0
9/21/03,0
9/22/03,0
9/23/03,0
9/24/03,0
9/25/03,0
9/26/03,0
9/27/03,0
9/28/03,0
9/29/03,0
9/30/03,0
10/1/03,0
10/2/03,1.15
10/3/03,0.65
10/4/03,9.29
10/5/03,5.74
10/6/03,2.43
10/7/03,0
10/8/03,5.34
10/9/03,0
10/10/03,0
10/11/03,3.07
10/12/03,0
10/13/03,0
10/14/03,0
10/15/03,0
10/16/03,0
10/17/03,0
10/18/03,0
10/19/03,0
10/20/03,0
10/21/03,0
10/22/03,0
10/23/03,0
10/24/03,0
10/25/03,1.11
10/26/03,0
10/27/03,0
10/28/03,0
10/29/03,0
10/30/03,0
10/31/03,0
11/1/03,1.94
11/2/03,0
11/3/03,0
11/4/03,0.69
11/5/03,0
11/6/03,0
11/7/03,0
11/8/03,0
11/9/03,0
11/10/03,0
11/11/03,0
11/12/03,0
11/13/03,14.03
11/14/03,13.7
11/15/03,0
11/16/03,1.86
11/17/03,0.68
11/18/03,1.96
11/19/03,3.64
11/20/03,0
11/21/03,2.06
11/22/03,0
11/23/03,0
11/24/03,0
11/25/03,2.7
11/26/03,0
11/27/03,0
11/28/03,0
11/29/03,0.93
11/30/03,1.86
12/1/03,0
12/2/03,0
12/3/03,0
12/4/03,0
12/5/03,0
12/6/03,1.05
12/7/03,0
12/8/03,2.08
12/9/03,5.39
12/10/03,1.54
12/11/03,0
12/12/03,3.09
12/13/03,0
12/14/03,3.23
12/15/03,1.88
12/16/03,1.8
12/17/03,5.14
12/18/03,1.12
12/19/03,1.54
12/20/03,0
12/21/03,0
12/22/03,1.21
12/23/03,0
12/24/03,0.9
12/25/03,0
12/26/03,0
12/27/03,0
12/28/03,0
12/29/03,1.54
12/30/03,3.3
12/31/03,0
1/1/04,1.56
1/2/04,0
1/3/04,0
1/4/04,3.27
1/5/04,0
1/6/04,1.34
1/7/04,1.47
1/8/04,0
1/9/04,0
1/10/04,0
1/11/04,0
1/12/04,1.34
1/13/04,0
1/14/04,0
1/15/04,1.22
1/16/04,10.48
1/17/04,1.65
1/18/04,0
1/19/04,0
1/20/04,1.01
1/21/04,4.93
1/22/04,0
1/23/04,2.73
1/24/04,1.34
1/25/04,1.37
1/26/04,2.87
1/27/04,0
1/28/04,2.93
1/29/04,0
1/30/04,0
1/31/04,1.59
2/1/04,3.73
2/2/04,4.98
2/3/04,3.12
2/4/04,7.57
2/5/04,9.45
2/6/04,5.44
2/7/04,1.43
2/8/04,2.85
2/9/04,1.43
2/10/04,0
2/11/04,0
2/12/04,3.09
2/13/04,4.65
2/14/04,1.85
2/15/04,0
2/16/04,0
2/17/04,0.91
2/18/04,1.63
2/19/04,0
2/20/04,1.6
2/21/04,0
2/22/04,3.08
2/23/04,1.43
2/24/04,7.31
2/25/04,19.14
2/26/04,2.8
2/27/04,5
2/28/04,0.39
2/29/04,5.35
3/1/04,10.66
3/2/04,4.46
3/3/04,4.8
3/4/04,1.98
3/5/04,14.86
3/6/04,8.98
3/7/04,2.96
3/8/04,1.56
3/9/04,1.42
3/10/04,0
3/11/04,0
3/12/04,1.42
3/13/04,0
3/14/04,0
3/15/04,0
3/16/04,1.42
3/17/04,0
3/18/04,0
3/19/04,0
3/20/04,0
3/21/04,0
3/22/04,0
3/23/04,0
3/24/04,1.6
3/25/04,0
3/26/04,0
3/27/04,0
3/28/04,0
3/29/04,0
3/30/04,0
3/31/04,0
4/1/04,1.4
4/2/04,0
4/3/04,15.85
4/4/04,26.31
4/5/04,12.22
4/6/04,2.85
4/7/04,0.28
4/8/04,5.19
4/9/04,9.07
4/10/04,5.33
4/11/04,24.34
4/12/04,7.04
4/13/04,5.24
4/14/04,0
4/15/04,0
4/16/04,0
4/17/04,1.4
4/18/04,0
4/19/04,0
4/20/04,0
4/21/04,0
4/22/04,0
4/23/04,0
4/24/04,4.24
4/25/04,0
4/26/04,0
4/27/04,2.13
4/28/04,0
4/29/04,1.18
4/30/04,0
5/1/04,0
5/2/04,0
5/3/04,0
5/4/04,1.42
5/5/04,1.33
5/6/04,0
5/7/04,1.33
5/8/04,0
5/9/04,0
5/10/04,0
5/11/04,0
5/12/04,0
5/13/04,0
5/14/04,0
5/15/04,0
5/16/04,0
5/17/04,0
5/18/04,0
5/19/04,0
5/20/04,0
5/21/04,0
5/22/04,0
5/23/04,0
5/24/04,0
5/25/04,0
5/26/04,0
5/27/04,0
5/28/04,0
5/29/04,0
5/30/04,0
5/31/04,0
6/1/04,0
6/2/04,0
6/3/04,0
6/4/04,0
6/5/04,0
6/6/04,0
6/7/04,0
6/8/04,0
6/9/04,0
6/10/04,0
6/11/04,0
6/12/04,0
6/13/04,0
6/14/04,0
6/15/04,0
6/16/04,0
6/17/04,0
6/18/04,0
6/19/04,0
6/20/04,0
6/21/04,0
6/22/04,0
6/23/04,0
6/24/04,0
6/25/04,0
6/26/04,0
6/27/04,0.31
6/28/04,2.09
6/29/04,4.75
6/30/04,12.54
7/1/04,0
7/2/04,0
7/3/04,0
7/4/04,0
7/5/04,0
7/6/04,0
7/7/04,0
7/8/04,0
7/9/04,0
7/10/04,0
7/11/04,0
7/12/04,0
7/13/04,0.31
7/14/04,0
7/15/04,5.29
7/16/04,0.57
7/17/04,0
7/18/04,2.44
7/19/04,2.18
7/20/04,0
7/21/04,0.78
7/22/04,1.98
7/23/04,1.02
7/24/04,3.06
7/25/04,9.89
7/26/04,19.38
7/27/04,6.57
7/28/04,2.23
7/29/04,0.5
7/30/04,0.35
7/31/04,2.34
8/1/04,0
8/2/04,2.04
8/3/04,0.56
8/4/04,0
8/5/04,0
8/6/04,4.3
8/7/04,0
8/8/04,0
8/9/04,0
8/10/04,0
8/11/04,0
8/12/04,0
8/13/04,1.9
8/14/04,2.2
8/15/04,0
8/16/04,0
8/17/04,0
8/18/04,3.47
8/19/04,0
8/20/04,2.4
8/21/04,0.84
8/22/04,0.7
8/23/04,0
8/24/04,0
8/25/04,0
8/26/04,0
8/27/04,0
8/28/04,0
8/29/04,0
8/30/04,0
8/31/04,17.15
9/1/04,1.24
9/2/04,0
9/3/04,0
9/4/04,1
9/5/04,9.07
9/6/04,2.52
9/7/04,1.21
9/8/04,0
9/9/04,0
9/10/04,0
9/11/04,0
9/12/04,0
9/13/04,0
9/14/04,0
9/15/04,0
9/16/04,0
9/17/04,0
9/18/04,0
9/19/04,4.82
9/20/04,3.81
9/21/04,0
9/22/04,0
9/23/04,1.35
9/24/04,0
9/25/04,1.42
9/26/04,3.71
9/27/04,0
9/28/04,0.3
9/29/04,0
9/30/04,4.86
10/1/04,1.06
10/2/04,0
10/3/04,0
10/4/04,2.62
10/5/04,4.41
10/6/04,6.67
10/7/04,0
10/8/04,0
10/9/04,0
10/10/04,0
10/11/04,1.4
10/12/04,14.55
10/13/04,2.24
10/14/04,6.06
10/15/04,2.45
10/16/04,1.18
10/17/04,1.01
10/18/04,0
10/19/04,0
10/20/04,0
10/21/04,0
10/22/04,1.43
10/23/04,0
10/24/04,0
10/25/04,0.98
10/26/04,3.87
10/27/04,2.34
10/28/04,3.47
10/29/04,0
10/30/04,1.96
10/31/04,1
11/1/04,0
11/2/04,0
11/3/04,2.88
11/4/04,0.69
11/5/04,0
11/6/04,0
11/7/04,0
11/8/04,1.83
11/9/04,0
11/10/04,0.76
11/11/04,0
11/12/04,0
11/13/04,0
11/14/04,6.54
11/15/04,2.79
11/16/04,0.86
11/17/04,0
11/18/04,0
11/19/04,0
11/20/04,0.31
11/21/04,6.21
11/22/04,1.08
11/23/04,0.78
11/24/04,4.63
11/25/04,2.65
11/26/04,0
11/27/04,1.73
11/28/04,4.15
11/29/04,4.37
11/30/04,11.08
12/1/04,3.96
12/2/04,0
12/3/04,0.94
12/4/04,0
12/5/04,4.27
12/6/04,6.71
12/7/04,1.23
12/8/04,2.74
12/9/04,0
12/10/04,0
12/11/04,0
12/12/04,0
12/13/04,0
12/14/04,0
12/15/04,0
12/16/04,1.16
12/17/04,1.38
12/18/04,0.8
12/19/04,0
12/20/04,1.35
12/21/04,0
12/22/04,1.83
12/23/04,1.52
12/24/04,6.21
12/25/04,4.1
12/26/04,1
12/27/04,0
12/28/04,0
12/29/04,1.6
12/30/04,13.43
12/31/04,1.18
1/1/05,0.86
1/2/05,0
1/3/05,2.73
1/4/05,13.02
1/5/05,14.93
1/6/05,6.95
1/7/05,1.48
1/8/05,1.23
1/9/05,5.28
1/10/05,0.29
1/11/05,2.8
1/12/05,3.41
1/13/05,6.98
1/14/05,1.35
1/15/05,1.35
1/16/05,0
1/17/05,0.66
1/18/05,0
1/19/05,0
1/20/05,0
1/21/05,0
1/22/05,0
1/23/05,0
1/24/05,0
1/25/05,0
1/26/05,0.84
1/27/05,3.24
1/28/05,10.04
1/29/05,1.51
1/30/05,13.36
1/31/05,10.97
2/1/05,3.49
2/2/05,2.52
2/3/05,1.27
2/4/05,0
2/5/05,1.59
2/6/05,0
2/7/05,0.26
2/8/05,10.52
2/9/05,6.92
2/10/05,1.57
2/11/05,0.67
2/12/05,15.99
2/13/05,31.23
2/14/05,0
2/15/05,2.7
2/16/05,1.83
2/17/05,10.45
2/18/05,0.95
2/19/05,12.84
2/20/05,9.58
2/21/05,6.69
2/22/05,1.78
2/23/05,2.11
2/24/05,0.92
2/25/05,5.24
2/26/05,1.63
2/27/05,0.65
2/28/05,0.78
3/1/05,2.61
3/2/05,0
3/3/05,1.01
3/4/05,0
3/5/05,2.22
3/6/05,0
3/7/05,1.97
3/8/05,1.51
3/9/05,0
3/10/05,0
3/11/05,0
3/12/05,0
3/13/05,0
3/14/05,3.09
3/15/05,10.11
3/16/05,3.51
3/17/05,5.77
3/18/05,0.97
3/19/05,1.72
3/20/05,6.85
3/21/05,12.65
3/22/05,3.44
3/23/05,1.23
3/24/05,1.14
3/25/05,2.04
3/26/05,7.19
3/27/05,10.32
3/28/05,0
3/29/05,0
3/30/05,1.9
3/31/05,7.68
4/1/05,0.46
4/2/05,2.27
4/3/05,0
4/4/05,0
4/5/05,1.93
4/6/05,0
4/7/05,0
4/8/05,0
4/9/05,0
4/10/05,0
4/11/05,2.06
4/12/05,0
4/13/05,0
4/14/05,0
4/15/05,0
4/16/05,0
4/17/05,8.85
4/18/05,0
4/19/05,0
4/20/05,0
4/21/05,0
4/22/05,0
4/23/05,2.01
4/24/05,1.96
4/25/05,13.7
4/26/05,4.2
4/27/05,0
4/28/05,3.98
4/29/05,1.06
4/30/05,2.28
5/1/05,1.43
5/2/05,2.75
5/3/05,1.62
5/4/05,14.9
5/5/05,1.62
5/6/05,0
5/7/05,0
5/8/05,1.21
5/9/05,0
5/10/05,1.21
5/11/05,1.21
5/12/05,0
5/13/05,0
5/14/05,1.68
5/15/05,1.53
5/16/05,2.56
5/17/05,2.36
5/18/05,0
5/19/05,0
5/20/05,0
5/21/05,0
5/22/05,0
5/23/05,0
5/24/05,0
5/25/05,0
5/26/05,0
5/27/05,0
5/28/05,0
5/29/05,1.91
5/30/05,0
5/31/05,0
6/1/05,0
6/2/05,0
6/3/05,0
6/4/05,0
6/5/05,0
6/6/05,0
6/7/05,0
6/8/05,0
6/9/05,0
6/10/05,0
6/11/05,0
6/12/05,1.83
6/13/05,0
6/14/05,0
6/15/05,0
6/16/05,0
6/17/05,0
6/18/05,0
6/19/05,0
6/20/05,0
6/21/05,0
6/22/05,2.22
6/23/05,0
6/24/05,0
6/25/05,0
6/26/05,1.82
6/27/05,0.5
6/28/05,0.95
6/29/05,0
6/30/05,0
7/1/05,0
7/2/05,0
7/3/05,0
7/4/05,0
7/5/05,0
7/6/05,0
7/7/05,0
7/8/05,0
7/9/05,0
7/10/05,0
7/11/05,0
7/12/05,0
7/13/05,0
7/14/05,0
7/15/05,0
7/16/05,1.14
7/17/05,0
7/18/05,0
7/19/05,0
7/20/05,0
7/21/05,0
7/22/05,0
7/23/05,0
7/24/05,8.52
7/25/05,0
7/26/05,0
7/27/05,1.87
7/28/05,0
7/29/05,0
7/30/05,0
7/31/05,0
8/1/05,2.31
8/2/05,1.17
8/3/05,0
8/4/05,2.34
8/5/05,4.07
8/6/05,4.25
8/7/05,3.81
8/8/05,1.25
8/9/05,0
8/10/05,0
8/11/05,3.09
8/12/05,13.94
8/13/05,14.73
8/14/05,7.2
8/15/05,6.84
8/16/05,9.7
8/17/05,1.22
8/18/05,2.7
8/19/05,0
8/20/05,0
8/21/05,0
8/22/05,2.2
8/23/05,0.65
8/24/05,0.59
8/25/05,5.48
8/26/05,0
8/27/05,0
8/28/05,0
8/29/05,1.89
8/30/05,0
8/31/05,0
9/1/05,0
9/2/05,1.97
9/3/05,1.55
9/4/05,1.09
9/5/05,1.53
9/6/05,0.52
9/7/05,1.02
9/8/05,10.55
9/9/05,0
9/10/05,0.84
9/11/05,0
9/12/05,0
9/13/05,0
9/14/05,0
9/15/05,0
9/16/05,0.96
9/17/05,1.87
9/18/05,0
9/19/05,0
9/20/05,0.96
9/21/05,0.96
9/22/05,0.3
9/23/05,2.8
9/24/05,0
9/25/05,0.6
9/26/05,0
9/27/05,0
9/28/05,3.42
9/29/05,20.18
9/30/05,22.44
10/1/05,0
10/2/05,0.9
10/3/05,0
10/4/05,2.67
10/5/05,1.27
10/6/05,0.43
10/7/05,0
10/8/05,0.97
10/9/05,1.6
10/10/05,7.53
10/11/05,13.39
10/12/05,1.13
10/13/05,1.04
10/14/05,1.04
10/15/05,0
10/16/05,4.73
10/17/05,0
10/18/05,0
10/19/05,3.31
10/20/05,3.57
10/21/05,0
10/22/05,0
10/23/05,0
10/24/05,0
10/25/05,0
10/26/05,0
10/27/05,0
10/28/05,0
10/29/05,0
10/30/05,0
10/31/05,0
11/1/05,0
11/2/05,0
11/3/05,1.61
11/4/05,0
11/5/05,0.85
11/6/05,0
11/7/05,0
11/8/05,0
11/9/05,0
11/10/05,0
11/11/05,0
11/12/05,1.32
11/13/05,0
11/14/05,0
11/15/05,0
11/16/05,1.54
11/17/05,3.02
11/18/05,0
11/19/05,0
11/20/05,0
11/21/05,0
11/22/05,0
11/23/05,0
11/24/05,1.61
11/25/05,0.85
11/26/05,0
11/27/05,1.03
11/28/05,0
11/29/05,0
11/30/05,0
12/1/05,0
12/2/05,0
12/3/05,0
12/4/05,2.53
12/5/05,0
12/6/05,1.57
12/7/05,0
12/8/05,0
12/9/05,2.9
12/10/05,2.9
12/11/05,0
12/12/05,0
12/13/05,0
12/14/05,1.51
12/15/05,0
12/16/05,0
12/17/05,0
12/18/05,0
12/19/05,3.31
12/20/05,0
12/21/05,1.57
12/22/05,0
12/23/05,1.57
12/24/05,0
12/25/05,0
12/26/05,0
12/27/05,0
12/28/05,0
12/29/05,0
12/30/05,0
12/31/05,0
1/1/06,0
1/2/06,0
1/3/06,0
1/4/06,0.95
1/5/06,0
1/6/06,0
1/7/06,0
1/8/06,0
1/9/06,1.02
1/10/06,1.05
1/11/06,0
1/12/06,0
1/13/06,0
1/14/06,0
1/15/06,0
1/16/06,0
1/17/06,0.95
1/18/06,0
1/19/06,0
1/20/06,0
1/21/06,1.06
1/22/06,0
1/23/06,0
1/24/06,0
1/25/06,1.96
1/26/06,4.49
1/27/06,2.77
1/28/06,2.09
1/29/06,0
1/30/06,0
1/31/06,1.57
2/1/06,0
2/2/06,0
2/3/06,0
2/4/06,0
2/5/06,0
2/6/06,0.74
2/7/06,0
2/8/06,0
2/9/06,1.46
2/10/06,0
2/11/06,0.74
2/12/06,0
2/13/06,1.46
2/14/06,0
2/15/06,1.7
2/16/06,0
2/17/06,0
2/18/06,0
2/19/06,0
2/20/06,0
2/21/06,0
2/22/06,0
2/23/06,0
2/24/06,0
2/25/06,2.98
2/26/06,0
2/27/06,1.46
2/28/06,1.46
3/1/06,1.6
3/2/06,0
3/3/06,0
3/4/06,0
3/5/06,0
3/6/06,0
3/7/06,0
3/8/06,0
3/9/06,9.15
3/10/06,1.6
3/11/06,1.19
3/12/06,13.21
3/13/06,14.45
3/14/06,0
3/15/06,3.22
3/16/06,0
3/17/06,0
3/18/06,0
3/19/06,0
3/20/06,5.82
3/21/06,1.09
3/22/06,2.14
3/23/06,8.74
3/24/06,0
3/25/06,0
3/26/06,0
3/27/06,0
3/28/06,0
3/29/06,0
3/30/06,0.54
3/31/06,3.89
4/1/06,0
4/2/06,6.23
4/3/06,0
4/4/06,0
4/5/06,0
4/6/06,0.41
4/7/06,0
4/8/06,0
4/9/06,0
4/10/06,0
4/11/06,0
4/12/06,0
4/13/06,1.07
4/14/06,1.07
4/15/06,0
4/16/06,0
4/17/06,0
4/18/06,0
4/19/06,0
4/20/06,0
4/21/06,1.07
4/22/06,1.12
4/23/06,0
4/24/06,0
4/25/06,0
4/26/06,0
4/27/06,0
4/28/06,0
4/29/06,3.66
4/30/06,0
5/1/06,0
5/2/06,0
5/3/06,0
5/4/06,0
5/5/06,0
5/6/06,0
5/7/06,0
5/8/06,0
5/9/06,0
5/10/06,0
5/11/06,0
5/12/06,0
5/13/06,0
5/14/06,0
5/15/06,3.49
5/16/06,0
5/17/06,0
5/18/06,0
5/19/06,0
5/20/06,0
5/21/06,0
5/22/06,0
5/23/06,0
5/24/06,0
5/25/06,0
5/26/06,0
5/27/06,0
5/28/06,0
5/29/06,0
5/30/06,0
5/31/06,0
6/1/06,0
6/2/06,0
6/3/06,0
6/4/06,0
6/5/06,0
6/6/06,0
6/7/06,2.22
6/8/06,0
6/9/06,6.13
6/10/06,0.54
6/11/06,0
6/12/06,0
6/13/06,0
6/14/06,0
6/15/06,0
6/16/06,0
6/17/06,0
6/18/06,0
6/19/06,0
6/20/06,0
6/21/06,0
6/22/06,0
6/23/06,0
6/24/06,0
6/25/06,0
6/26/06,2.83
6/27/06,6.65
6/28/06,2.95
6/29/06,9.49
6/30/06,0.4
7/1/06,0
7/2/06,6.14
7/3/06,2.69
7/4/06,3.32
7/5/06,6.42
7/6/06,5.3
7/7/06,10.55
7/8/06,2.41
7/9/06,15.5
7/10/06,9.34
7/11/06,0
7/12/06,0
7/13/06,0
7/14/06,0
7/15/06,0.38
7/16/06,0
7/17/06,0.37
7/18/06,0.67
7/19/06,2.47
7/20/06,0
7/21/06,3.71
7/22/06,1.91
7/23/06,2.85
7/24/06,0.39
7/25/06,2.29
7/26/06,6.09
7/27/06,2.95
7/28/06,3.57
7/29/06,8.39
7/30/06,0.3
7/31/06,0.66
8/1/06,3.15
8/2/06,5.08
8/3/06,8.86
8/4/06,12.5
8/5/06,47.54
8/6/06,12.66
8/7/06,15.49
8/8/06,13.51
8/9/06,5
8/10/06,2.04
8/11/06,2.03
8/12/06,2.44
8/13/06,1.59
8/14/06,15.44
8/15/06,6.62
8/16/06,2.92
8/17/06,0
8/18/06,0
8/19/06,2.62
8/20/06,8.98
8/21/06,2.61
8/22/06,0
8/23/06,0.55
8/24/06,3.38
8/25/06,4.86
8/26/06,14.01
8/27/06,7.55
8/28/06,1.28
8/29/06,0
8/30/06,0
8/31/06,0
9/1/06,0
9/2/06,1.27
9/3/06,0.46
9/4/06,0
9/5/06,0
9/6/06,0.97
9/7/06,4.63
9/8/06,9.76
9/9/06,3.37
9/10/06,1.27
9/11/06,1.34
9/12/06,1.82
9/13/06,2.25
9/14/06,0
9/15/06,1.49
9/16/06,12.8
9/17/06,0
9/18/06,0
9/19/06,0
9/20/06,0.97
9/21/06,6.01
9/22/06,2.43
9/23/06,2.67
9/24/06,3.16
9/25/06,2.73
9/26/06,0.97
9/27/06,0.97
9/28/06,0.97
9/29/06,0
9/30/06,0
10/1/06,0
10/2/06,0
10/3/06,0
10/4/06,0
10/5/06,0
10/6/06,2.46
10/7/06,0
10/8/06,2.52
10/9/06,8.6
10/10/06,31.42
10/11/06,0
10/12/06,0
10/13/06,0
10/14/06,0
10/15/06,4.77
10/16/06,0
10/17/06,2.5
10/18/06,0.29
10/19/06,0
10/20/06,0
10/21/06,0
10/22/06,0
10/23/06,0
10/24/06,2.17
10/25/06,0.28
10/26/06,4.52
10/27/06,0
10/28/06,0
10/29/06,0
10/30/06,0
10/31/06,0
11/1/06,0
11/2/06,0
11/3/06,0
11/4/06,0
11/5/06,1.65
11/6/06,0.8
11/7/06,0
11/8/06,1.65
11/9/06,0
11/10/06,0
11/11/06,0
11/12/06,0
11/13/06,0
11/14/06,1.97
11/15/06,0.8
11/16/06,0
11/17/06,1.65
11/18/06,0
11/19/06,0
11/20/06,0
11/21/06,1.65
11/22/06,0
11/23/06,0
11/24/06,1.65
11/25/06,0
11/26/06,1.65
11/27/06,0
11/28/06,0.8
11/29/06,2.01
11/30/06,5.37
12/1/06,2.83
12/2/06,0
12/3/06,0
12/4/06,11.32
12/5/06,1.27
12/6/06,1.27
12/7/06,0
12/8/06,0
12/9/06,0
12/10/06,1.27
12/11/06,3.07
12/12/06,0.74
12/13/06,0
12/14/06,2.65
12/15/06,0
12/16/06,1.43
12/17/06,0
12/18/06,1.33
12/19/06,3.9
12/20/06,15.03
12/21/06,41.81
12/22/06,4.83
12/23/06,1.52
12/24/06,0
12/25/06,1.27
12/26/06,0.9
12/27/06,1.27
12/28/06,0
12/29/06,10.19
12/30/06,13.39
12/31/06,18.83
1/1/07,2.94
1/2/07,1.48
1/3/07,0
1/4/07,0
1/5/07,1.64
1/6/07,0.77
1/7/07,0.74
1/8/07,0
1/9/07,2.73
1/10/07,0
1/11/07,0
1/12/07,1.38
1/13/07,6.06
1/14/07,7.34
1/15/07,3.52
1/16/07,6.37
1/17/07,0.87
1/18/07,0.6
1/19/07,2.73
1/20/07,2.47
1/21/07,4.03
1/22/07,0
1/23/07,1.56
1/24/07,1.3
1/25/07,0
1/26/07,0
1/27/07,2.73
1/28/07,0
1/29/07,0
1/30/07,0
1/31/07,3.6
2/1/07,22.13
2/2/07,11.93
2/3/07,1.46
2/4/07,0
2/5/07,3.88
2/6/07,0
2/7/07,1.46
2/8/07,0
2/9/07,0
2/10/07,1.46
2/11/07,0
2/12/07,11.29
2/13/07,7.6
2/14/07,1.48
2/15/07,8.26
2/16/07,6.09
2/17/07,0.65
2/18/07,2.78
2/19/07,0
2/20/07,0
2/21/07,3.1
2/22/07,1.66
2/23/07,0
2/24/07,1.87
2/25/07,3.01
2/26/07,1.81
2/27/07,0
2/28/07,1.76
3/1/07,0
3/2/07,2.63
3/3/07,1.39
3/4/07,1.35
3/5/07,0
3/6/07,0
3/7/07,1.16
3/8/07,0
3/9/07,1.38
3/10/07,0
3/11/07,0
3/12/07,1.35
3/13/07,0
3/14/07,0
3/15/07,0
3/16/07,1.35
3/17/07,0
3/18/07,1.35
3/19/07,0
3/20/07,0
3/21/07,0
3/22/07,1.42
3/23/07,1.67
3/24/07,11.38
3/25/07,5.35
3/26/07,0.82
3/27/07,0
3/28/07,0
3/29/07,1.38
3/30/07,0
3/31/07,1.39
4/1/07,0
4/2/07,1.38
4/3/07,0
4/4/07,0
4/5/07,1.3
4/6/07,0
4/7/07,0
4/8/07,1.52
4/9/07,0.47
4/10/07,1.5
4/11/07,1.55
4/12/07,1.54
4/13/07,3.72
4/14/07,11.17
4/15/07,2.18
4/16/07,0
4/17/07,1.5
4/18/07,0
4/19/07,0
4/20/07,1.41
4/21/07,0
4/22/07,1.41
4/23/07,1.41
4/24/07,2.04
4/25/07,7.07
4/26/07,2.48
4/27/07,0
4/28/07,1.42
4/29/07,2.25
4/30/07,1.42
5/1/07,1.46
5/2/07,10.93
5/3/07,10.9
5/4/07,1.35
5/5/07,0
5/6/07,0
5/7/07,5
5/8/07,2.92
5/9/07,9.39
5/10/07,4
5/11/07,2.48
5/12/07,0
5/13/07,0
5/14/07,3.02
5/15/07,0.26
5/16/07,1.96
5/17/07,2.84
5/18/07,4.03
5/19/07,6.06
5/20/07,4.28
5/21/07,6.08
5/22/07,1.12
5/23/07,0
5/24/07,0.99
5/25/07,5.94
5/26/07,0.69
5/27/07,1.12
5/28/07,0
5/29/07,1.23
5/30/07,0
5/31/07,0
6/1/07,0
6/2/07,0.68
6/3/07,0
6/4/07,2.97
6/5/07,0.68
6/6/07,0
6/7/07,0
6/8/07,0
6/9/07,0
6/10/07,2.03
6/11/07,0.68
6/12/07,10.64
6/13/07,0.39
6/14/07,1.29
6/15/07,0
6/16/07,0.72
6/17/07,4.19
6/18/07,0.79
6/19/07,0
6/20/07,0
6/21/07,0
6/22/07,1.49
6/23/07,0
6/24/07,0
6/25/07,0
6/26/07,0
6/27/07,0
6/28/07,1.19
6/29/07,0
6/30/07,0
7/1/07,0
7/2/07,0
7/3/07,0
7/4/07,0
7/5/07,7.5
7/6/07,0
7/7/07,0
7/8/07,0.79
7/9/07,0
7/10/07,0
7/11/07,3.29
7/12/07,8.77
7/13/07,0
7/14/07,5.27
7/15/07,0
7/16/07,0.84
7/17/07,0
7/18/07,0
7/19/07,3.19
7/20/07,1.43
7/21/07,10.8
7/22/07,10.14
7/23/07,0
7/24/07,0.39
7/25/07,0.83
7/26/07,0
7/27/07,11.97
7/28/07,0
7/29/07,0
7/30/07,2.54
7/31/07,0
8/1/07,2.12
8/2/07,2.55
8/3/07,2.47
8/4/07,1.43
8/5/07,10.32
8/6/07,3.9
8/7/07,7.02
8/8/07,0.78
8/9/07,1.09
8/10/07,1.46
8/11/07,4.44
8/12/07,3.18
8/13/07,11.92
8/14/07,2.25
8/15/07,1.21
8/16/07,0
8/17/07,0.3
8/18/07,1.15
8/19/07,2.67
8/20/07,0
8/21/07,0
8/22/07,0
8/23/07,0.54
8/24/07,5.78
8/25/07,0.49
8/26/07,2.3
8/27/07,3.05
8/28/07,9.37
8/29/07,2.54
8/30/07,8.53
8/31/07,22.33
9/1/07,12.22
9/2/07,7.78
9/3/07,1.58
9/4/07,14.21
9/5/07,4.09
9/6/07,2.77
9/7/07,9.56
9/8/07,0
9/9/07,0
9/10/07,0
9/11/07,0
9/12/07,3.65
9/13/07,0
9/14/07,0
9/15/07,0
9/16/07,0
9/17/07,0
9/18/07,6.72
9/19/07,0.93
9/20/07,3.11
9/21/07,14.61
9/22/07,0
9/23/07,0
9/24/07,17.92
9/25/07,2.7
9/26/07,6.89
9/27/07,0
9/28/07,0
9/29/07,6.5
9/30/07,3.27
10/1/07,0
10/2/07,4.81
10/3/07,2.24
10/4/07,0
10/5/07,2.04
10/6/07,0
10/7/07,0
10/8/07,0
10/9/07,0
10/10/07,0
10/11/07,0
10/12/07,0
10/13/07,0
10/14/07,0
10/15/07,0
10/16/07,0
10/17/07,0
10/18/07,1.92
10/19/07,0
10/20/07,0
10/21/07,0
10/22/07,4.17
10/23/07,0
10/24/07,0
10/25/07,0
10/26/07,0
10/27/07,0
10/28/07,0
10/29/07,0
10/30/07,0
10/31/07,0
11/1/07,0
11/2/07,0
11/3/07,0
11/4/07,0
11/5/07,0
11/6/07,1.39
11/7/07,0
11/8/07,0
11/9/07,1.39
11/10/07,0
11/11/07,0
11/12/07,0
11/13/07,0
11/14/07,0
11/15/07,0
11/16/07,0
11/17/07,1.39
11/18/07,0.59
11/19/07,0
11/20/07,0
11/21/07,0
11/22/07,0
11/23/07,1.92
11/24/07,8.64
11/25/07,3.26
11/26/07,0
11/27/07,0
11/28/07,0
11/29/07,0
11/30/07,0
12/1/07,21.41
12/2/07,19.83
12/3/07,3.57
12/4/07,0
12/5/07,0
12/6/07,0
12/7/07,1.19
12/8/07,4.44
12/9/07,47.09
12/10/07,7.28
12/11/07,11.22
12/12/07,17.83
12/13/07,16.35
12/14/07,0
12/15/07,2.81
12/16/07,1.14
12/17/07,0
12/18/07,0
12/19/07,1.19
12/20/07,0
12/21/07,0
12/22/07,7.06
12/23/07,7.6
12/24/07,0
12/25/07,0
12/26/07,7.15
12/27/07,0
12/28/07,0
12/29/07,1.66
12/30/07,0
12/31/07,0
1/1/08,0
1/2/08,0
1/3/08,0
1/4/08,0
1/5/08,0
1/6/08,2.93
1/7/08,9.72
1/8/08,6.92
1/9/08,6.57
1/10/08,8.38
1/11/08,4.42
1/12/08,1.57
1/13/08,2.85
1/14/08,0
1/15/08,0
1/16/08,0.67
1/17/08,3.84
1/18/08,0.67
1/19/08,0
1/20/08,0
1/21/08,1.57
1/22/08,0
1/23/08,0
1/24/08,0
1/25/08,0.27
1/26/08,2.97
1/27/08,0
1/28/08,11.72
1/29/08,15.89
1/30/08,3.19
1/31/08,1.39
2/1/08,0
2/2/08,0
2/3/08,0
2/4/08,20.97
2/5/08,21.04
2/6/08,1.4
2/7/08,0.67
2/8/08,0
2/9/08,0
2/10/08,0
2/11/08,0
2/12/08,0
2/13/08,0
2/14/08,0
2/15/08,0
2/16/08,0
2/17/08,0
2/18/08,0.72
2/19/08,0
2/20/08,0
2/21/08,1.64
2/22/08,13.05
2/23/08,11.5
2/24/08,22.66
2/25/08,5.1
2/26/08,3.9
2/27/08,0.67
2/28/08,0
2/29/08,0
3/1/08,0
3/2/08,0
3/3/08,2.46
3/4/08,5.05
3/5/08,2.56
3/6/08,0.84
3/7/08,2.52
3/8/08,0
3/9/08,0
3/10/08,0
3/11/08,0
3/12/08,0
3/13/08,0
3/14/08,0
3/15/08,0
3/16/08,0
3/17/08,0
3/18/08,0
3/19/08,0
3/20/08,0
3/21/08,0
3/22/08,0
3/23/08,0
3/24/08,0
3/25/08,0
3/26/08,0
3/27/08,0
3/28/08,0
3/29/08,0
3/30/08,0
3/31/08,0
4/1/08,0
4/2/08,0
4/3/08,0
4/4/08,0
4/5/08,0
4/6/08,0
4/7/08,0
4/8/08,0
4/9/08,0
4/10/08,9.28
4/11/08,0
4/12/08,0.52
4/13/08,0.62
4/14/08,0
4/15/08,0
4/16/08,0
4/17/08,0
4/18/08,0
4/19/08,0
4/20/08,0
4/21/08,0.62
4/22/08,0
4/23/08,0
4/24/08,0
4/25/08,0
4/26/08,0
4/27/08,0
4/28/08,0
4/29/08,0
4/30/08,0
5/1/08,0
5/2/08,0
5/3/08,0
5/4/08,0
5/5/08,0
5/6/08,0
5/7/08,0
5/8/08,0
5/9/08,0
5/10/08,0
5/11/08,0
5/12/08,0
5/13/08,0
5/14/08,0.85
5/15/08,1.74
5/16/08,18.65
5/17/08,0
5/18/08,2.36
5/19/08,0
5/20/08,2.37
5/21/08,0
5/22/08,0.4
5/23/08,7.23
5/24/08,12.02
5/25/08,2.88
5/26/08,0
5/27/08,2.36
5/28/08,0
5/29/08,1.45
5/30/08,0
5/31/08,0
6/1/08,0.91
6/2/08,0
6/3/08,0.95
6/4/08,0
6/5/08,1.23
6/6/08,3.84
6/7/08,0
6/8/08,0
6/9/08,0
6/10/08,0
6/11/08,0
6/12/08,0
6/13/08,0
6/14/08,0
6/15/08,0
6/16/08,0
6/17/08,0
6/18/08,0
6/19/08,0
6/20/08,0
6/21/08,2.82
6/22/08,0
6/23/08,0
6/24/08,0
6/25/08,0
6/26/08,0
6/27/08,0
6/28/08,0
6/29/08,1.33
6/30/08,1.84
7/1/08,1.54
7/2/08,0
7/3/08,1.3
7/4/08,0.87
7/5/08,0
7/6/08,1.44
7/7/08,0.45
7/8/08,12.43
7/9/08,20.77
7/10/08,2.64
7/11/08,2.34
7/12/08,4.1
7/13/08,9.11
7/14/08,2.19
7/15/08,3.16
7/16/08,9.23
7/17/08,15.23
7/18/08,3.86
7/19/08,13.41
7/20/08,0.87
7/21/08,1.55
7/22/08,5.18
7/23/08,2.11
7/24/08,0
7/25/08,1.68
7/26/08,0
7/27/08,6.21
7/28/08,0.52
7/29/08,1.21
7/30/08,0
7/31/08,0
8/1/08,0
8/2/08,0.76
8/3/08,0
8/4/08,0
8/5/08,9.98
8/6/08,5.72
8/7/08,0
8/8/08,13.96
8/9/08,0.71
8/10/08,0.34
8/11/08,3.27
8/12/08,0
8/13/08,0
8/14/08,0
8/15/08,0
8/16/08,1.62
8/17/08,5.5
8/18/08,4.63
8/19/08,0.76
8/20/08,0
8/21/08,0
8/22/08,0
8/23/08,1.64
8/24/08,10.34
8/25/08,14.11
8/26/08,2.95
8/27/08,1.99
8/28/08,0
8/29/08,0
8/30/08,0
8/31/08,0
9/1/08,12.38
9/2/08,19.25
9/3/08,0
9/4/08,2.52
9/5/08,0
9/6/08,0
9/7/08,1.03
9/8/08,0
9/9/08,0
9/10/08,2.06
9/11/08,0
9/12/08,0
9/13/08,1.28
9/14/08,0.54
9/15/08,0.71
9/16/08,0
9/17/08,0.77
9/18/08,0
9/19/08,0.29
9/20/08,1.3
9/21/08,0
9/22/08,0
9/23/08,3.12
9/24/08,0.6
9/25/08,0
9/26/08,0
9/27/08,0
9/28/08,0
9/29/08,0
9/30/08,0
10/1/08,0
10/2/08,0
10/3/08,0
10/4/08,2.61
10/5/08,28.67
10/6/08,14.17
10/7/08,0.74
10/8/08,0
10/9/08,0
10/10/08,0
10/11/08,0
10/12/08,13.58
10/13/08,1.08
10/14/08,2.63
10/15/08,3.88
10/16/08,0
10/17/08,0
10/18/08,0
10/19/08,0.74
10/20/08,0
10/21/08,0
10/22/08,0
10/23/08,0
10/24/08,0
10/25/08,1.15
10/26/08,0
10/27/08,0
10/28/08,0
10/29/08,0
10/30/08,0
10/31/08,0
11/1/08,0
11/2/08,0
11/3/08,0
11/4/08,0
11/5/08,0
11/6/08,3.23
11/7/08,1.84
11/8/08,0
11/9/08,0
11/10/08,1.72
11/11/08,9.3
11/12/08,0.62
11/13/08,0
11/14/08,0
11/15/08,0
11/16/08,0
11/17/08,0
11/18/08,0
11/19/08,0
11/20/08,9.69
11/21/08,0.62
11/22/08,0
11/23/08,0
11/24/08,0
11/25/08,0
11/26/08,0
11/27/08,0
11/28/08,18.12
11/29/08,1.98
11/30/08,0
12/1/08,0
12/2/08,0
12/3/08,0
12/4/08,0.63
12/5/08,0
12/6/08,0
12/7/08,0
12/8/08,0
12/9/08,11.01
12/10/08,2.69
12/11/08,0
12/12/08,0
12/13/08,16.53
12/14/08,2.61
12/15/08,5.11
12/16/08,25.06
12/17/08,17.2
12/18/08,4.56
12/19/08,3.55
12/20/08,0
12/21/08,0
12/22/08,0
12/23/08,24.86
12/24/08,6.27
12/25/08,0
12/26/08,7.88
12/27/08,2.82
12/28/08,1.57
12/29/08,1.57
12/30/08,0
12/31/08,0
1/1/09,0
1/2/09,0
1/3/09,0
1/4/09,0.85
1/5/09,25.73
1/6/09,6.1
1/7/09,0
1/8/09,1.25
1/9/09,0
1/10/09,0
1/11/09,0
1/12/09,0
1/13/09,0
1/14/09,0
1/15/09,0
1/16/09,0
1/17/09,0
1/18/09,0
1/19/09,0
1/20/09,0
1/21/09,0.57
1/22/09,0
1/23/09,1.25
1/24/09,0
1/25/09,0
1/26/09,1.25
1/27/09,0
1/28/09,0
1/29/09,0
1/30/09,0
1/31/09,1.4
2/1/09,0
2/2/09,0
2/3/09,0
2/4/09,0
2/5/09,0
2/6/09,0
2/7/09,0
2/8/09,0
2/9/09,8.42
2/10/09,1.09
2/11/09,9.65
2/12/09,0
2/13/09,0
2/14/09,0
2/15/09,1.51
2/16/09,0
2/17/09,0
2/18/09,0
2/19/09,0
2/20/09,0
2/21/09,0
2/22/09,0
2/23/09,0
2/24/09,0
2/25/09,0
2/26/09,0
2/27/09,0
2/28/09,0
3/1/09,0
3/2/09,0
3/3/09,0
3/4/09,0
3/5/09,0
3/6/09,0
3/7/09,1.05
3/8/09,0
3/9/09,0
3/10/09,3.66
3/11/09,0
3/12/09,1.67
3/13/09,0.39
3/14/09,12.13
3/15/09,0
3/16/09,0
3/17/09,0
3/18/09,0
3/19/09,0
3/20/09,0
3/21/09,0
3/22/09,0
3/23/09,0
3/24/09,1.49
3/25/09,0
3/26/09,0
3/27/09,11.87
3/28/09,2.04
3/29/09,1.49
3/30/09,0
3/31/09,0
4/1/09,1.33
4/2/09,0
4/3/09,1.8
4/4/09,1.41
4/5/09,2.31
4/6/09,0
4/7/09,0
4/8/09,0
4/9/09,0
4/10/09,1.33
4/11/09,1.22
4/12/09,31.29
4/13/09,14.64
4/14/09,0
4/15/09,0
4/16/09,0
4/17/09,0
4/18/09,16.08
4/19/09,0
4/20/09,0
4/21/09,0
4/22/09,0
4/23/09,0
4/24/09,0
4/25/09,0
4/26/09,0
4/27/09,0
4/28/09,0
4/29/09,0
4/30/09,0
5/1/09,0
5/2/09,0
5/3/09,2.48
5/4/09,0
5/5/09,0
5/6/09,0
5/7/09,0
5/8/09,0
5/9/09,0
5/10/09,0
5/11/09,0
5/12/09,0
5/13/09,0
5/14/09,0
5/15/09,0
5/16/09,0
5/17/09,0
5/18/09,0
5/19/09,0
5/20/09,0
5/21/09,0
5/22/09,2.17
5/23/09,4.91
5/24/09,14.7
5/25/09,17.43
5/26/09,1.61
5/27/09,2.47
5/28/09,4.6
5/29/09,3.2
5/30/09,1.32
5/31/09,0
6/1/09,0
6/2/09,0.77
6/3/09,1.06
6/4/09,2.93
6/5/09,0
6/6/09,0
6/7/09,0
6/8/09,0
6/9/09,0
6/10/09,7.62
6/11/09,16.98
6/12/09,0
6/13/09,0
6/14/09,0
6/15/09,3.77
6/16/09,0
6/17/09,0
6/18/09,0
6/19/09,0
6/20/09,1
6/21/09,21.5
6/22/09,0
6/23/09,0
6/24/09,0
6/25/09,1.21
6/26/09,5.09
6/27/09,3.55
6/28/09,0
6/29/09,2.1
6/30/09,0
7/1/09,0
7/2/09,0
7/3/09,0
7/4/09,1.43
7/5/09,19.13
7/6/09,6.35
7/7/09,4.8
7/8/09,0
7/9/09,0
7/10/09,4.73
7/11/09,0
7/12/09,0
7/13/09,0
7/14/09,0
7/15/09,0
7/16/09,0
7/17/09,0
7/18/09,0
7/19/09,0
7/20/09,0
7/21/09,0.43
7/22/09,13.65
7/23/09,0
7/24/09,8.92
7/25/09,0
7/26/09,6.3
7/27/09,2.82
7/28/09,0
7/29/09,0.49
7/30/09,23.47
7/31/09,1.08
8/1/09,0
8/2/09,0
8/3/09,0
8/4/09,0
8/5/09,0
8/6/09,1.49
8/7/09,0
8/8/09,0
8/9/09,0
8/10/09,0
8/11/09,0
8/12/09,0
8/13/09,3.48
8/14/09,4.68
8/15/09,13.32
8/16/09,0.83
8/17/09,0
8/18/09,0
8/19/09,0
8/20/09,0
8/21/09,0
8/22/09,0
8/23/09,0
8/24/09,2.98
8/25/09,7.39
8/26/09,24.84
8/27/09,0
8/28/09,0.8
8/29/09,0
8/30/09,0
8/31/09,5.46
9/1/09,3.51
9/2/09,0
9/3/09,3.69
9/4/09,4.22
9/5/09,3.06
9/6/09,6.57
9/7/09,4.55
9/8/09,5.35
9/9/09,2.58
9/10/09,1.2
9/11/09,1.76
9/12/09,3.2
9/13/09,1.52
9/14/09,1.49
9/15/09,0.72
9/16/09,4.27
9/17/09,3.45
9/18/09,8.99
9/19/09,0
9/20/09,2.48
9/21/09,0
9/22/09,0.61
9/23/09,0.61
9/24/09,6.89
9/25/09,0
9/26/09,0
9/27/09,0
9/28/09,0
9/29/09,0
9/30/09,0
10/1/09,0.56
10/2/09,0.64
10/3/09,0
10/4/09,0
10/5/09,0
10/6/09,0
10/7/09,0.72
10/8/09,2.2
10/9/09,2.15
10/10/09,0
10/11/09,0
10/12/09,0
10/13/09,1.73
10/14/09,3.83
10/15/09,0
10/16/09,0
10/17/09,0
10/18/09,0
10/19/09,0
10/20/09,0
10/21/09,11.57
10/22/09,9.54
10/23/09,1.1
10/24/09,0
10/25/09,0
10/26/09,0.53
10/27/09,0.53
10/28/09,0.48
10/29/09,4.06
10/30/09,0.91
10/31/09,0
11/1/09,0
11/2/09,0
11/3/09,0
11/4/09,0
11/5/09,0
11/6/09,0
11/7/09,0
11/8/09,0
11/9/09,0
11/10/09,0
11/11/09,0
11/12/09,0
11/13/09,0
11/14/09,2.77
11/15/09,17.61
11/16/09,3.37
11/17/09,0
11/18/09,0
11/19/09,0
11/20/09,0
11/21/09,0
11/22/09,0
11/23/09,0.65
11/24/09,0.77
11/25/09,0
11/26/09,0
11/27/09,0
11/28/09,0
11/29/09,2.81
11/30/09,0.92
12/1/09,0
12/2/09,0
12/3/09,0
12/4/09,0.67
12/5/09,0
12/6/09,0
12/7/09,0
12/8/09,18.69
12/9/09,14.27
12/10/09,0
12/11/09,0
12/12/09,2.94
12/13/09,3.4
12/14/09,4.42
12/15/09,0
12/16/09,0
12/17/09,0
12/18/09,0
12/19/09,0
12/20/09,0
12/21/09,0
12/22/09,2.84
12/23/09,5.53
12/24/09,7.26
12/25/09,0
12/26/09,0.67
12/27/09,0
12/28/09,0
12/29/09,1.36
12/30/09,5.3
12/31/09,12.93
1/1/10,0.58
1/2/10,1.24
1/3/10,0
1/4/10,0
1/5/10,0
1/6/10,0
1/7/10,0.59
1/8/10,0
1/9/10,0
1/10/10,0
1/11/10,0
1/12/10,0
1/13/10,0
1/14/10,0
1/15/10,0
1/16/10,0
1/17/10,0
1/18/10,0.59
1/19/10,10.78
1/20/10,16.24
1/21/10,12.13
1/22/10,20.23
1/23/10,25.87
1/24/10,3.29
1/25/10,1.53
1/26/10,1.24
1/27/10,0
1/28/10,5.48
1/29/10,10.79
1/30/10,0
1/31/10,0
2/1/10,0
2/2/10,0.58
2/3/10,0
2/4/10,8.68
2/5/10,1.82
2/6/10,0
2/7/10,0
2/8/10,7.48
2/9/10,4.6
2/10/10,2.86
2/11/10,0
2/12/10,0
2/13/10,0
2/14/10,0
2/15/10,0
2/16/10,0
2/17/10,0
2/18/10,0
2/19/10,0
2/20/10,0
2/21/10,3.71
2/22/10,15.43
2/23/10,12.23
2/24/10,0
2/25/10,1.9
2/26/10,4.67
2/27/10,0
2/28/10,0
3/1/10,3.56
3/2/10,3.87
3/3/10,0
3/4/10,0
3/5/10,0
3/6/10,0
3/7/10,0
3/8/10,10.25
3/9/10,13.17
3/10/10,3.93
3/11/10,13.54
3/12/10,6.93
3/13/10,0
3/14/10,0
3/15/10,14.46
3/16/10,0
3/17/10,0
3/18/10,0
3/19/10,0
3/20/10,2.86
3/21/10,6.79
3/22/10,0
3/23/10,0
3/24/10,1.82
3/25/10,0
3/26/10,0
3/27/10,4.66
3/28/10,0
3/29/10,0
3/30/10,0
3/31/10,0
4/1/10,0
4/2/10,1.28
4/3/10,0
4/4/10,0
4/5/10,0
4/6/10,0
4/7/10,0
4/8/10,0
4/9/10,0
4/10/10,0
4/11/10,0
4/12/10,0
4/13/10,0
4/14/10,0
4/15/10,0
4/16/10,0
4/17/10,15.25
4/18/10,9.32
4/19/10,0
4/20/10,1.62
4/21/10,0
4/22/10,1.14
4/23/10,9.22
4/24/10,1.23
4/25/10,0
4/26/10,0
4/27/10,0
4/28/10,0
4/29/10,0
4/30/10,1.35
5/1/10,1.49
5/2/10,0.67
5/3/10,5.16
5/4/10,0
5/5/10,0
5/6/10,0
5/7/10,0
5/8/10,0
5/9/10,0
5/10/10,0
5/11/10,0
5/12/10,0
5/13/10,0
5/14/10,0
5/15/10,11.01
5/16/10,0
5/17/10,0
5/18/10,0
5/19/10,0
5/20/10,0
5/21/10,0
5/22/10,0
5/23/10,0
5/24/10,0
5/25/10,0
5/26/10,0
5/27/10,0
5/28/10,0
5/29/10,0
5/30/10,0
5/31/10,0
6/1/10,0
6/2/10,0
6/3/10,0
6/4/10,0
6/5/10,0
6/6/10,0
6/7/10,0
6/8/10,0
6/9/10,0
6/10/10,0
6/11/10,0
6/12/10,0
6/13/10,0
6/14/10,0
6/15/10,0
6/16/10,0
6/17/10,0
6/18/10,0
6/19/10,0
6/20/10,0
6/21/10,0
6/22/10,0
6/23/10,0
6/24/10,0
6/25/10,0
6/26/10,1.27
6/27/10,4.15
6/28/10,0
6/29/10,1.66
6/30/10,0
7/1/10,0
7/2/10,0
7/3/10,6.29
7/4/10,8.81
7/5/10,0
7/6/10,0
7/7/10,0
7/8/10,1.36
7/9/10,2.73
7/10/10,0
7/11/10,0.77
7/12/10,2.59
7/13/10,1.95
7/14/10,0
7/15/10,0
7/16/10,1.62
7/17/10,0
7/18/10,0
7/19/10,0
7/20/10,0
7/21/10,3.68
7/22/10,11.01
7/23/10,6.07
7/24/10,9.05
7/25/10,8.56
7/26/10,11.62
7/27/10,1.39
7/28/10,5.98
7/29/10,5.68
7/30/10,4.25
7/31/10,14.7
8/1/10,20.69
8/2/10,1.51
8/3/10,3.9
8/4/10,0
8/5/10,1.67
8/6/10,5.73
8/7/10,0.32
8/8/10,4.62
8/9/10,0
8/10/10,3.06
8/11/10,0
8/12/10,0
8/13/10,8.8
8/14/10,0
8/15/10,0
8/16/10,9.45
8/17/10,12.86
8/18/10,0.87
8/19/10,1.34
8/20/10,1.66
8/21/10,0
8/22/10,0
8/23/10,5.82
8/24/10,6.3
8/25/10,13.91
8/26/10,0
8/27/10,0
8/28/10,0
8/29/10,8.82
8/30/10,2.3
8/31/10,1.4
9/1/10,0
9/2/10,0
9/3/10,0.56
9/4/10,0
9/5/10,0
9/6/10,0
9/7/10,0
9/8/10,0
9/9/10,2.21
9/10/10,0
9/11/10,0.92
9/12/10,0
9/13/10,0
9/14/10,0
9/15/10,0
9/16/10,0
9/17/10,0
9/18/10,0
9/19/10,0
9/20/10,0
9/21/10,1.15
9/22/10,0
9/23/10,31.73
9/24/10,2.24
9/25/10,0
9/26/10,0
9/27/10,0
9/28/10,0
9/29/10,0
9/30/10,0
10/1/10,0
10/2/10,0
10/3/10,8.82
10/4/10,1.12
10/5/10,0
10/6/10,1.68
10/7/10,0
10/8/10,1.29
10/9/10,1.23
10/10/10,0
10/11/10,0
10/12/10,0.71
10/13/10,0
10/14/10,0
10/15/10,0
10/16/10,0
10/17/10,0
10/18/10,0
10/19/10,0.97
10/20/10,0.76
10/21/10,14.95
10/22/10,12.21
10/23/10,4.74
10/24/10,6.94
10/25/10,0
10/26/10,5.48
10/27/10,0
10/28/10,0
10/29/10,0
10/30/10,0
10/31/10,0
11/1/10,0
11/2/10,0
11/3/10,0
11/4/10,0
11/5/10,0
11/6/10,0
11/7/10,0
11/8/10,0
11/9/10,0
11/10/10,4.16
11/11/10,0.69
11/12/10,0
11/13/10,0
11/14/10,0
11/15/10,0
11/16/10,1.1
11/17/10,0
11/18/10,0
11/19/10,0
11/20/10,0
11/21/10,0
11/22/10,4.03
11/23/10,1.47
11/24/10,0
11/25/10,2.18
11/26/10,0
11/27/10,0
11/28/10,0.69
11/29/10,2.09
11/30/10,3.33
12/1/10,0
12/2/10,0
12/3/10,0
12/4/10,0
12/5/10,0
12/6/10,0
12/7/10,0
12/8/10,0
12/9/10,0
12/10/10,0
12/11/10,0
12/12/10,0
12/13/10,0
12/14/10,0
12/15/10,0
12/16/10,4.51
12/17/10,19.46
12/18/10,6.38
12/19/10,15.68
12/20/10,4.6
12/21/10,0
12/22/10,8.43
12/23/10,4.42
12/24/10,2.84
12/25/10,0
12/26/10,1.34
12/27/10,0
12/28/10,0
12/29/10,0.72
12/30/10,23.51
12/31/10,13.34
1/1/11,3.04
1/2/11,0
1/3/11,0
1/4/11,0
1/5/11,0
1/6/11,2.93
1/7/11,0
1/8/11,0
1/9/11,0
1/10/11,0
1/11/11,0
1/12/11,0.78
1/13/11,0
1/14/11,0
1/15/11,0
1/16/11,0
1/17/11,0
1/18/11,0
1/19/11,0
1/20/11,0
1/21/11,0
1/22/11,0
1/23/11,0
1/24/11,0
1/25/11,0
1/26/11,0
1/27/11,0
1/28/11,0
1/29/11,0
1/30/11,0
1/31/11,0
2/1/11,6.8
2/2/11,4.82
2/3/11,0
2/4/11,1.79
2/5/11,0.66
2/6/11,0
2/7/11,0
2/8/11,0
2/9/11,8.04
2/10/11,0
2/11/11,0
2/12/11,0
2/13/11,0
2/14/11,0
2/15/11,0
2/16/11,0
2/17/11,0
2/18/11,0
2/19/11,0
2/20/11,2.87
2/21/11,5.66
2/22/11,0.76
2/23/11,0
2/24/11,0
2/25/11,1.58
2/26/11,0
2/27/11,0
2/28/11,1.58
3/1/11,0
3/2/11,0
3/3/11,0
3/4/11,0
3/5/11,0
3/6/11,0
3/7/11,0
3/8/11,14.32
3/9/11,5.68
3/10/11,0
3/11/11,0
3/12/11,0
3/13/11,0
3/14/11,0
3/15/11,0
3/16/11,0
3/17/11,0
3/18/11,0
3/19/11,0
3/20/11,0
3/21/11,0
3/22/11,0
3/23/11,5.19
3/24/11,0
3/25/11,0
3/26/11,0
3/27/11,0
3/28/11,0
3/29/11,0
3/30/11,0
3/31/11,0
4/1/11,0
4/2/11,0
4/3/11,0
4/4/11,0
4/5/11,0
4/6/11,0
4/7/11,0.94
4/8/11,13.75
4/9/11,0
4/10/11,3.3
4/11/11,0
4/12/11,0
4/13/11,0
4/14/11,0
4/15/11,0
4/16/11,0
4/17/11,0
4/18/11,0
4/19/11,0
4/20/11,2.8
4/21/11,0
4/22/11,0
4/23/11,0
4/24/11,1.23
4/25/11,6.81
4/26/11,6.69
4/27/11,4.79
4/28/11,0
4/29/11,0
4/30/11,0
5/1/11,0.45
5/2/11,8.89
5/3/11,0
5/4/11,0
5/5/11,0
5/6/11,0
5/7/11,0
5/8/11,0
5/9/11,0
5/10/11,0
5/11/11,1.02
5/12/11,1.28
5/13/11,0
5/14/11,0
5/15/11,0
5/16/11,0
5/17/11,0
5/18/11,0
5/19/11,6.55
5/20/11,8.57
5/21/11,0
5/22/11,0
5/23/11,0
5/24/11,0
5/25/11,0
5/26/11,0
5/27/11,0
5/28/11,0
5/29/11,0
5/30/11,0
5/31/11,0
6/1/11,0
6/2/11,0
6/3/11,0
6/4/11,0
6/5/11,0
6/6/11,0
6/7/11,0
6/8/11,0
6/9/11,0
6/10/11,0
6/11/11,0
6/12/11,0
6/13/11,0
6/14/11,0
6/15/11,0
6/16/11,0
6/17/11,0
6/18/11,0
6/19/11,0
6/20/11,0
6/21/11,0
6/22/11,0
6/23/11,0
6/24/11,0
6/25/11,0
6/26/11,0
6/27/11,0
6/28/11,0
6/29/11,0
6/30/11,0
7/1/11,0
7/2/11,0
7/3/11,1.2
7/4/11,6.82
7/5/11,0
7/6/11,0
7/7/11,0
7/8/11,0
7/9/11,0
7/10/11,2.27
7/11/11,2.57
7/12/11,3.96
7/13/11,0.85
7/14/11,0
7/15/11,5.51
7/16/11,0
7/17/11,0
7/18/11,0
7/19/11,3.24
7/20/11,2.01
7/21/11,7.82
7/22/11,0.93
7/23/11,0
7/24/11,1.03
7/25/11,0
7/26/11,6.95
7/27/11,0.8
7/28/11,2.29
7/29/11,1.13
7/30/11,2.95
7/31/11,3.67
8/1/11,0.74
8/2/11,0
8/3/11,3.59
8/4/11,9.13
8/5/11,2.22
8/6/11,11.97
8/7/11,5.18
8/8/11,0
8/9/11,0
8/10/11,0
8/11/11,1.86
8/12/11,0
8/13/11,0
8/14/11,11.93
8/15/11,0
8/16/11,0.58
8/17/11,0
8/18/11,9.65
8/19/11,1.61
8/20/11,19.03
8/21/11,7.78
8/22/11,12.47
8/23/11,14.25
8/24/11,0
8/25/11,2.19
8/26/11,4.15
8/27/11,0
8/28/11,4.27
8/29/11,6.02
8/30/11,0
8/31/11,0
9/1/11,0
9/2/11,1.39
9/3/11,0
9/4/11,3.79
9/5/11,21.45
9/6/11,3.67
9/7/11,0.45
9/8/11,0
9/9/11,1.07
9/10/11,18.97
9/11/11,7.7
9/12/11,0
9/13/11,0
9/14/11,0
9/15/11,11.13
9/16/11,6.03
9/17/11,5.78
9/18/11,2.17
9/19/11,0
9/20/11,0
9/21/11,0
9/22/11,0
9/23/11,0
9/24/11,0
9/25/11,0
9/26/11,0
9/27/11,0
9/28/11,0
9/29/11,0
9/30/11,0
10/1/11,0
10/2/11,0
10/3/11,0
10/4/11,0
10/5/11,22.3
10/6/11,5.57
10/7/11,7.46
10/8/11,10.81
10/9/11,0
10/10/11,0
10/11/11,0
10/12/11,0
10/13/11,0
10/14/11,0
10/15/11,0
10/16/11,0
10/17/11,0
10/18/11,0
10/19/11,0
10/20/11,0
10/21/11,0.7
10/22/11,0
10/23/11,0
10/24/11,0
10/25/11,0
10/26/11,3.3
10/27/11,17.68
10/28/11,2.77
10/29/11,0
10/30/11,0
10/31/11,0
11/1/11,0
11/2/11,0
11/3/11,0.8
11/4/11,0
11/5/11,0
11/6/11,11.43
11/7/11,0.6
11/8/11,6.9
11/9/11,3.27
11/10/11,0
11/11/11,0
11/12/11,0
11/13/11,0
11/14/11,33.54
11/15/11,0.94
11/16/11,0
11/17/11,0
11/18/11,0.6
11/19/11,0
11/20/11,0
11/21/11,0
11/22/11,3.05
11/23/11,0
11/24/11,0
11/25/11,1.17
11/26/11,16.71
11/27/11,0
11/28/11,0.6
11/29/11,0
11/30/11,0
12/1/11,0
12/2/11,0.53
12/3/11,2.95
12/4/11,13.31
12/5/11,6.99
12/6/11,8.09
12/7/11,0
12/8/11,1.56
12/9/11,0
12/10/11,0
12/11/11,0
12/12/11,0
12/13/11,9.84
12/14/11,9.9
12/15/11,15.08
12/16/11,1.28
12/17/11,0
12/18/11,0.65
12/19/11,1.12
12/20/11,11.08
12/21/11,1.28
12/22/11,1.48
12/23/11,2.27
12/24/11,10.76
12/25/11,0
12/26/11,0
12/27/11,0
12/28/11,0
12/29/11,0
12/30/11,0
12/31/11,0
1/1/12,0
1/2/12,0
1/3/12,0
1/4/12,0
1/5/12,0
1/6/12,0
1/7/12,0
1/8/12,1.38
1/9/12,2.94
1/10/12,0
1/11/12,0
1/12/12,0
1/13/12,0
1/14/12,0
1/15/12,0
1/16/12,1.44
1/17/12,11.07
1/18/12,4.65
1/19/12,0
1/20/12,0
1/21/12,0
1/22/12,6.18
1/23/12,9.46
1/24/12,0
1/25/12,0
1/26/12,0
1/27/12,0
1/28/12,1.33
1/29/12,0
1/30/12,0
1/31/12,0
2/1/12,0
2/2/12,0
2/3/12,3.71
2/4/12,0
2/5/12,5.01
2/6/12,5.03
2/7/12,1.81
2/8/12,0.6
2/9/12,0
2/10/12,0
2/11/12,0
2/12/12,0
2/13/12,1.08
2/14/12,22.86
2/15/12,7.85
2/16/12,6.97
2/17/12,0
2/18/12,0
2/19/12,0
2/20/12,6.92
2/21/12,0.6
2/22/12,0
2/23/12,0
2/24/12,0
2/25/12,0
2/26/12,0
2/27/12,0
2/28/12,0
2/29/12,5.23
3/1/12,0
3/2/12,0.46
3/3/12,3.06
3/4/12,4.95
3/5/12,0
3/6/12,0
3/7/12,0
3/8/12,0
3/9/12,7.51
3/10/12,3.17
3/11/12,15.77
3/12/12,0
3/13/12,0
3/14/12,0
3/15/12,0
3/16/12,0
3/17/12,0
3/18/12,0
3/19/12,6.44
3/20/12,0
3/21/12,0
3/22/12,0
3/23/12,0
3/24/12,0
3/25/12,0
3/26/12,0
3/27/12,0
3/28/12,0
3/29/12,0
3/30/12,0
3/31/12,0
4/1/12,0
4/2/12,0
4/3/12,14.92
4/4/12,9.75
4/5/12,0
4/6/12,0
4/7/12,0
4/8/12,0
4/9/12,0
4/10/12,0
4/11/12,0
4/12/12,0
4/13/12,0
4/14/12,0
4/15/12,6.94
4/16/12,0
4/17/12,0
4/18/12,0
4/19/12,0
4/20/12,0
4/21/12,0
4/22/12,0
4/23/12,0
4/24/12,0
4/25/12,0
4/26/12,0
4/27/12,2.76
4/28/12,0
4/29/12,0
4/30/12,0
5/1/12,0
5/2/12,0
5/3/12,0
5/4/12,0
5/5/12,0
5/6/12,0
5/7/12,0
5/8/12,5.64
5/9/12,1.93
5/10/12,1.87
5/11/12,0
5/12/12,1.7
5/13/12,1.02
5/14/12,13.1
5/15/12,0
5/16/12,0
5/17/12,0
5/18/12,0
5/19/12,0
5/20/12,0
5/21/12,0
5/22/12,0
5/23/12,0
5/24/12,0
5/25/12,0
5/26/12,0
5/27/12,0
5/28/12,0
5/29/12,0
5/30/12,0
5/31/12,0
6/1/12,0
6/2/12,0
6/3/12,0
6/4/12,0
6/5/12,0
6/6/12,0
6/7/12,0
6/8/12,0
6/9/12,0
6/10/12,0
6/11/12,0
6/12/12,0
6/13/12,0
6/14/12,0
6/15/12,0
6/16/12,0
6/17/12,0
6/18/12,0
6/19/12,0
6/20/12,0
6/21/12,0
6/22/12,0
6/23/12,0
6/24/12,0
6/25/12,0
6/26/12,0
6/27/12,0
6/28/12,0
6/29/12,0
6/30/12,2.23
7/1/12,0
7/2/12,3.51
7/3/12,1.67
7/4/12,4.58
7/5/12,8.94
7/6/12,13.22
7/7/12,4.54
7/8/12,0
7/9/12,1.12
7/10/12,5.16
7/11/12,5.68
7/12/12,15.3
7/13/12,2.97
7/14/12,1.55
7/15/12,1.01
7/16/12,0
7/17/12,1.5
7/18/12,0.73
7/19/12,3.5
7/20/12,0
7/21/12,0
7/22/12,13.01
7/23/12,1.27
7/24/12,1.32
7/25/12,16.68
7/26/12,2.43
7/27/12,7.33
7/28/12,0.7
7/29/12,0
7/30/12,0
7/31/12,0
8/1/12,0
8/2/12,1.78
8/3/12,1.04
8/4/12,1.27
8/5/12,5.66
8/6/12,13.86
8/7/12,6.19
8/8/12,1.99
8/9/12,1.61
8/10/12,0
8/11/12,0
8/12/12,0
8/13/12,2.88
8/14/12,7.66
8/15/12,0.4
8/16/12,0
8/17/12,3.01
8/18/12,6.92
8/19/12,0.57
8/20/12,1.56
8/21/12,1.01
8/22/12,0.65
8/23/12,5.75
8/24/12,2.73
8/25/12,1.32
8/26/12,0
8/27/12,0
8/28/12,0
8/29/12,0
8/30/12,0
8/31/12,0
9/1/12,0
9/2/12,0
9/3/12,0
9/4/12,0
9/5/12,0
9/6/12,0
9/7/12,0
9/8/12,1.51
9/9/12,0
9/10/12,4.45
9/11/12,0
9/12/12,0.5
9/13/12,15.48
9/14/12,2.35
9/15/12,0
9/16/12,0.65
9/17/12,0
9/18/12,0
9/19/12,0
9/20/12,0
9/21/12,0
9/22/12,0
9/23/12,0
9/24/12,1.01
9/25/12,0.29
9/26/12,0.71
9/27/12,2.28
9/28/12,0
9/29/12,1.99
9/30/12,0
10/1/12,0
10/2/12,0
10/3/12,0
10/4/12,0
10/5/12,0
10/6/12,0
10/7/12,0
10/8/12,0
10/9/12,0.88
10/10/12,0.67
10/11/12,0
10/12/12,1.39
10/13/12,14.26
10/14/12,2.51
10/15/12,0.82
10/16/12,0
10/17/12,0
10/18/12,0
10/19/12,0
10/20/12,0
10/21/12,0
10/22/12,0
10/23/12,0
10/24/12,0
10/25/12,0
10/26/12,0
10/27/12,0
10/28/12,0
10/29/12,0
10/30/12,0
10/31/12,0
11/1/12,0
11/2/12,0
11/3/12,0
11/4/12,0
11/5/12,0
11/6/12,0
11/7/12,0
11/8/12,0
11/9/12,0
11/10/12,3.8
11/11/12,2.34
11/12/12,4.31
11/13/12,3.3
11/14/12,0
11/15/12,0
11/16/12,0
11/17/12,0
11/18/12,0
11/19/12,0
11/20/12,0
11/21/12,0
11/22/12,0
11/23/12,0
11/24/12,0
11/25/12,0
11/26/12,0
11/27/12,0
11/28/12,0
11/29/12,0
11/30/12,0
12/1/12,0
12/2/12,0
12/3/12,0
12/4/12,0
12/5/12,0
12/6/12,0
12/7/12,0
12/8/12,0
12/9/12,0
12/10/12,0
12/11/12,0.9
12/12/12,0
12/13/12,0.64
12/14/12,2.76
12/15/12,7.86
12/16/12,13.62
12/17/12,0.64
12/18/12,2.87
12/19/12,2.06
12/20/12,7.66
12/21/12,4.2
12/22/12,0
12/23/12,1.6
12/24/12,0
12/25/12,12.21
12/26/12,0
12/27/12,1.36
12/28/12,1.74
12/29/12,2.87
12/30/12,1.89
12/31/12,2.9
1/1/13,7.71
1/2/13,3.98
1/3/13,0.86
1/4/13,0
1/5/13,1.14
1/6/13,0.64
1/7/13,0
1/8/13,0
1/9/13,0
1/10/13,0
1/11/13,0
1/12/13,0
1/13/13,0
1/14/13,0
1/15/13,0.94
1/16/13,0
1/17/13,2.53
1/18/13,0
1/19/13,0
1/20/13,0
1/21/13,0
1/22/13,0
1/23/13,0
1/24/13,0
1/25/13,1.14
1/26/13,0.64
1/27/13,5.82
1/28/13,4.15
1/29/13,12.59
1/30/13,6.18
1/31/13,4.36
2/1/13,0
2/2/13,0
2/3/13,0
2/4/13,0
2/5/13,0
2/6/13,0
2/7/13,0
2/8/13,0
2/9/13,0
2/10/13,2.77
2/11/13,10
2/12/13,4.55
2/13/13,3.98
2/14/13,1.44
2/15/13,0
2/16/13,0
2/17/13,0
2/18/13,0
2/19/13,0
2/20/13,1.13
2/21/13,7.87
2/22/13,10
2/23/13,9.92
2/24/13,0.69
2/25/13,1.29
2/26/13,1.45
2/27/13,0
2/28/13,2.85
3/1/13,0
3/2/13,0
3/3/13,0
3/4/13,1.64
3/5/13,0
3/6/13,0
3/7/13,0
3/8/13,0
3/9/13,5.26
3/10/13,7.18
3/11/13,3.07
3/12/13,0
3/13/13,0
3/14/13,0
3/15/13,0
3/16/13,0
3/17/13,0
3/18/13,0
3/19/13,0
3/20/13,0
3/21/13,0
3/22/13,0
3/23/13,0
3/24/13,0
3/25/13,0
3/26/13,0
3/27/13,0
3/28/13,0
3/29/13,0
3/30/13,0
3/31/13,0
4/1/13,0
4/2/13,0
4/3/13,0
4/4/13,0
4/5/13,0
4/6/13,0
4/7/13,0
4/8/13,0
4/9/13,0.35
4/10/13,9.08
4/11/13,0.61
4/12/13,3.5
4/13/13,0
4/14/13,0.53
4/15/13,0
4/16/13,0
4/17/13,0
4/18/13,0
4/19/13,1.67
4/20/13,0
4/21/13,0
4/22/13,0
4/23/13,0
4/24/13,0
4/25/13,1.67
4/26/13,0
4/27/13,0
4/28/13,1.78
4/29/13,0
4/30/13,0
5/1/13,0
5/2/13,0
5/3/13,0
5/4/13,0
5/5/13,0
5/6/13,0
5/7/13,0
5/8/13,0
5/9/13,0
5/10/13,0
5/11/13,1.09
5/12/13,3.12
5/13/13,0
5/14/13,0
5/15/13,0
5/16/13,0
5/17/13,0
5/18/13,0
5/19/13,0
5/20/13,0
5/21/13,0
5/22/13,0
5/23/13,1.4
5/24/13,0
5/25/13,0
5/26/13,0
5/27/13,0
5/28/13,0
5/29/13,0
5/30/13,0
5/31/13,0
6/1/13,0
6/2/13,0
6/3/13,0
6/4/13,0
6/5/13,0
6/6/13,0
6/7/13,0
6/8/13,0
6/9/13,0
6/10/13,0
6/11/13,0
6/12/13,0
6/13/13,0
6/14/13,0
6/15/13,0
6/16/13,0.75
6/17/13,0
6/18/13,0
6/19/13,0
6/20/13,0
6/21/13,0
6/22/13,0
6/23/13,0
6/24/13,0
6/25/13,0
6/26/13,0
6/27/13,0
6/28/13,0
6/29/13,0.52
6/30/13,4
7/1/13,6.9
7/2/13,0
7/3/13,3.15
7/4/13,1.92
7/5/13,0.44
7/6/13,6.83
7/7/13,6.02
7/8/13,2.19
7/9/13,0.32
7/10/13,1.08
7/11/13,2.86
7/12/13,5.45
7/13/13,6.47
7/14/13,13.87
7/15/13,3.14
7/16/13,1.57
7/17/13,0
7/18/13,0
7/19/13,0
7/20/13,2.45
7/21/13,10.55
7/22/13,3.07
7/23/13,0
7/24/13,4.65
7/25/13,0
7/26/13,7.23
7/27/13,11.91
7/28/13,0
7/29/13,2.77
7/30/13,1.05
7/31/13,0
8/1/13,0
8/2/13,6.89
8/3/13,2.87
8/4/13,1.95
8/5/13,14.32
8/6/13,5.87
8/7/13,0
8/8/13,1.6
8/9/13,1.8
8/10/13,4.45
8/11/13,0
8/12/13,0
8/13/13,0
8/14/13,0
8/15/13,0
8/16/13,0
8/17/13,0
8/18/13,2.14
8/19/13,1.25
8/20/13,1.22
8/21/13,1.24
8/22/13,0
8/23/13,0
8/24/13,2.3
8/25/13,0.96
8/26/13,0
8/27/13,0.98
8/28/13,0
8/29/13,0
8/30/13,0
8/31/13,0.75
9/1/13,1.06
9/2/13,0.64
9/3/13,15.09
9/4/13,0
9/5/13,0
9/6/13,0
9/7/13,0
9/8/13,0
9/9/13,2.14
9/10/13,0.72
9/11/13,44.81
9/12/13,2.04
9/13/13,61.39
9/14/13,39.1
9/15/13,9.76
9/16/13,5.45
9/17/13,4.2
9/18/13,3.4
9/19/13,2.78
9/20/13,1.17
9/21/13,0.88
9/22/13,0
9/23/13,22.16
9/24/13,0.68
9/25/13,0.86
9/26/13,0.75
9/27/13,0
9/28/13,4.01
9/29/13,0.75
9/30/13,0
10/1/13,2.65
10/2/13,0
10/3/13,0
10/4/13,0
10/5/13,0
10/6/13,0
10/7/13,0
10/8/13,0
10/9/13,0
10/10/13,0
10/11/13,4.37
10/12/13,2.49
10/13/13,0
10/14/13,1.59
10/15/13,0
10/16/13,3.01
10/17/13,0.7
10/18/13,0.78
10/19/13,0
10/20/13,0
10/21/13,0
10/22/13,0
10/23/13,0
10/24/13,0
10/25/13,3.5
10/26/13,6.52
10/27/13,0
10/28/13,0
10/29/13,0
10/30/13,1.43
10/31/13,12.13
11/1/13,0.76
11/2/13,0
11/3/13,0
11/4/13,1.51
11/5/13,6.39
11/6/13,11.78
11/7/13,0
11/8/13,0
11/9/13,0
11/10/13,0
11/11/13,0
11/12/13,0
11/13/13,0
11/14/13,0
11/15/13,0
11/16/13,2.31
11/17/13,12.24
11/18/13,1.51
11/19/13,0
11/20/13,0
11/21/13,2.55
11/22/13,12.54
11/23/13,13.73
11/24/13,3.68
11/25/13,6.38
11/26/13,4.67
11/27/13,5.13
11/28/13,0
11/29/13,0
11/30/13,0
12/1/13,0
12/2/13,0
12/3/13,0
12/4/13,0
12/5/13,2.01
12/6/13,1.06
12/7/13,0.69
12/8/13,3.11
12/9/13,1.15
12/10/13,0
12/11/13,3.59
12/12/13,0.71
12/13/13,1.97
12/14/13,0
12/15/13,0
12/16/13,0
12/17/13,0
12/18/13,0
12/19/13,0
12/20/13,0
12/21/13,0
12/22/13,1.05
12/23/13,0
12/24/13,0
12/25/13,0
12/26/13,0
12/27/13,0
12/28/13,0
12/29/13,1.57
12/30/13,0
12/31/13,0
1/1/14,0
1/2/14,0
1/3/14,0
1/4/14,0
1/5/14,0
1/6/14,0.69
1/7/14,1.54
1/8/14,0
1/9/14,0
1/10/14,0
1/11/14,0
1/12/14,0
1/13/14,0
1/14/14,0
1/15/14,0
1/16/14,0
1/17/14,0
1/18/14,0
1/19/14,0
1/20/14,0
1/21/14,0
1/22/14,0
1/23/14,0
1/24/14,0
1/25/14,0
1/26/14,0
1/27/14,0
1/28/14,0
1/29/14,0
1/30/14,0
1/31/14,0
2/1/14,3.04
2/2/14,0
2/3/14,0
2/4/14,0.99
2/5/14,3.33
2/6/14,3.19
2/7/14,2.16
2/8/14,3.3
2/9/14,0
2/10/14,0
2/11/14,0
2/12/14,0
2/13/14,0
2/14/14,0
2/15/14,0
2/16/14,0
2/17/14,0
2/18/14,0
2/19/14,0
2/20/14,0
2/21/14,0
2/22/14,0
2/23/14,0
2/24/14,0
2/25/14,0
2/26/14,0
2/27/14,0
2/28/14,3.1
3/1/14,0
3/2/14,14.21
3/3/14,9.1
3/4/14,2.06
3/5/14,7.74
3/6/14,2.02
3/7/14,0
3/8/14,0
3/9/14,0
3/10/14,1.65
3/11/14,0
3/12/14,0
3/13/14,0
3/14/14,1.72
3/15/14,3.82
3/16/14,5.11
3/17/14,2.93
3/18/14,0
3/19/14,0
3/20/14,0
3/21/14,0
3/22/14,0
3/23/14,0
3/24/14,0
3/25/14,0
3/26/14,0
3/27/14,0
3/28/14,0
3/29/14,0
3/30/14,0
3/31/14,0
4/1/14,0
4/2/14,0
4/3/14,0
4/4/14,8.69
4/5/14,1.42
4/6/14,0
4/7/14,0.47
4/8/14,0
4/9/14,0
4/10/14,0
4/11/14,0
4/12/14,0
4/13/14,0
4/14/14,0.45
4/15/14,0
4/16/14,0
4/17/14,0
4/18/14,0
4/19/14,1.36
4/20/14,1.27
4/21/14,0
4/22/14,0
4/23/14,0
4/24/14,0
4/25/14,0
4/26/14,0
4/27/14,2.62
4/28/14,12.28
4/29/14,0.46
4/30/14,2.02
5/1/14,0
5/2/14,0
5/3/14,2.27
5/4/14,1.22
5/5/14,0
5/6/14,0
5/7/14,0
5/8/14,0
5/9/14,0
5/10/14,1.22
5/11/14,0
5/12/14,0
5/13/14,0
5/14/14,0
5/15/14,0
5/16/14,0
5/17/14,0
5/18/14,0
5/19/14,0
5/20/14,0
5/21/14,0
5/22/14,0
5/23/14,2.59
5/24/14,13.45
5/25/14,3.75
5/26/14,0.67
5/27/14,0
5/28/14,0
5/29/14,0
5/30/14,0.46
5/31/14,0
6/1/14,0
6/2/14,0
6/3/14,0
6/4/14,0
6/5/14,0
6/6/14,0
6/7/14,0
6/8/14,3.3
6/9/14,0
6/10/14,0
6/11/14,0
6/12/14,0
6/13/14,0
6/14/14,1.3
6/15/14,0
6/16/14,0
6/17/14,0
6/18/14,0.32
6/19/14,0
6/20/14,0
6/21/14,0
6/22/14,2.34
6/23/14,0
6/24/14,0
6/25/14,0
6/26/14,0
6/27/14,0
6/28/14,0
6/29/14,0
6/30/14,0
7/1/14,0
7/2/14,0
7/3/14,2.15
7/4/14,0.44
7/5/14,5.55
7/6/14,0
7/7/14,2.9
7/8/14,1.11
7/9/14,12.22
7/10/14,10.38
7/11/14,7.6
7/12/14,3.51
7/13/14,4.69
7/14/14,1.48
7/15/14,31.98
7/16/14,24.27
7/17/14,6.15
7/18/14,0
7/19/14,0
7/20/14,5.09
7/21/14,0
7/22/14,0
7/23/14,0
7/24/14,0.34
7/25/14,0
7/26/14,0
7/27/14,0.45
7/28/14,7.88
7/29/14,25.08
7/30/14,29.51
7/31/14,9.11
8/1/14,5.23
8/2/14,7.11
8/3/14,1.92
8/4/14,2.56
8/5/14,8.57
8/6/14,0.83
8/7/14,0
8/8/14,0
8/9/14,2.25
8/10/14,0
8/11/14,0
8/12/14,0.88
8/13/14,3.43
8/14/14,5.88
8/15/14,2.27
8/16/14,0
8/17/14,0
8/18/14,1.22
8/19/14,2.31
8/20/14,1.99
8/21/14,0
8/22/14,0
8/23/14,2.25
8/24/14,2.6
8/25/14,1.01
8/26/14,0
8/27/14,8.4
8/28/14,1.02
8/29/14,3.28
8/30/14,0
8/31/14,0
9/1/14,0
9/2/14,0
9/3/14,0
9/4/14,0
9/5/14,0
9/6/14,1.47
9/7/14,0
9/8/14,0
9/9/14,0
9/10/14,0
9/11/14,0
9/12/14,0
9/13/14,0
9/14/14,0
9/15/14,0
9/16/14,0
9/17/14,1.57
9/18/14,0
9/19/14,0
9/20/14,0
9/21/14,0
9/22/14,0
9/23/14,0.6
9/24/14,0
9/25/14,0
9/26/14,0
9/27/14,0
9/28/14,0
9/29/14,0
9/30/14,10.21
10/1/14,5.91
10/2/14,0
10/3/14,0
10/4/14,0
10/5/14,0
10/6/14,0
10/7/14,0
10/8/14,0
10/9/14,1.99
10/10/14,3.64
10/11/14,16.97
10/12/14,1.26
10/13/14,0
10/14/14,0.68
10/15/14,3.53
10/16/14,1.17
10/17/14,0
10/18/14,0.95
10/19/14,0
10/20/14,0
10/21/14,0
10/22/14,0
10/23/14,0
10/24/14,0
10/25/14,0
10/26/14,0
10/27/14,0
10/28/14,0
10/29/14,0
10/30/14,0
10/31/14,0
11/1/14,1.6
11/2/14,0
11/3/14,4.88
11/4/14,4.67
11/5/14,0.76
11/6/14,2.62
11/7/14,0
11/8/14,0
11/9/14,0
11/10/14,0
11/11/14,0
11/12/14,0
11/13/14,0
11/14/14,0
11/15/14,2.45
11/16/14,4.65
11/17/14,15.85
11/18/14,2.62
11/19/14,0.83
11/20/14,0
11/21/14,0
11/22/14,0
11/23/14,0.53
11/24/14,0
11/25/14,1.6
11/26/14,2.73
11/27/14,0
11/28/14,0
11/29/14,0
11/30/14,0
12/1/14,0
12/2/14,0
12/3/14,0
12/4/14,0.28
12/5/14,11.77
12/6/14,2.82
12/7/14,0
12/8/14,0
12/9/14,2.71
12/10/14,0
12/11/14,0
12/12/14,0
12/13/14,0
12/14/14,8.08
12/15/14,11
12/16/14,2.82
12/17/14,1
12/18/14,9.66
12/19/14,0.82
12/20/14,2.82
12/21/14,2.82
12/22/14,0
12/23/14,2.02
12/24/14,2.71
12/25/14,2.82
12/26/14,1.51
12/27/14,3.02
12/28/14,4.58
12/29/14,2.82
12/30/14,0
12/31/14,0.9
1/1/15,0.5
1/2/15,0.68
1/3/15,2.31
1/4/15,0
1/5/15,0.55
1/6/15,0
1/7/15,0
1/8/15,0
1/9/15,0
1/10/15,0
1/11/15,0
1/12/15,0.68
1/13/15,0.32
1/14/15,15.23
1/15/15,1.63
1/16/15,4.15
1/17/15,0
1/18/15,0
1/19/15,0
1/20/15,0
1/21/15,0.26
1/22/15,7.79
1/23/15,1.51
1/24/15,2.7
1/25/15,0.55
1/26/15,0.56
1/27/15,0
1/28/15,0
1/29/15,0
1/30/15,2
1/31/15,19.33
2/1/15,13.43
2/2/15,4.25
2/3/15,0
2/4/15,0
2/5/15,0.58
2/6/15,0
2/7/15,0
2/8/15,0
2/9/15,0
2/10/15,0
2/11/15,1.81
2/12/15,2.01
2/13/15,0.58
2/14/15,0
2/15/15,0
2/16/15,0
2/17/15,0
2/18/15,0.58
2/19/15,0
2/20/15,0
2/21/15,0
2/22/15,0
2/23/15,1.13
2/24/15,3.35
2/25/15,5.62
2/26/15,0.62
2/27/15,3
2/28/15,12.26
3/1/15,34.79
3/2/15,15.34
3/3/15,4.26
3/4/15,3.7
3/5/15,1.79
3/6/15,1.61
3/7/15,0.79
3/8/15,0
3/9/15,0
3/10/15,0
3/11/15,0
3/12/15,0
3/13/15,0
3/14/15,0
3/15/15,0
3/16/15,0
3/17/15,0
3/18/15,0
3/19/15,1.14
3/20/15,6.21
3/21/15,3.38
3/22/15,0.79
3/23/15,0
3/24/15,0
3/25/15,0
3/26/15,0
3/27/15,0
3/28/15,0
3/29/15,0
3/30/15,0
3/31/15,0
4/1/15,0
4/2/15,0
4/3/15,0
4/4/15,0
4/5/15,0
4/6/15,0
4/7/15,0
4/8/15,0
4/9/15,0
4/10/15,0
4/11/15,0
4/12/15,0
4/13/15,0
4/14/15,0
4/15/15,0
4/16/15,0
4/17/15,0
4/18/15,2
4/19/15,6.42
4/20/15,2.04
4/21/15,0
4/22/15,1.33
4/23/15,0
4/24/15,0
4/25/15,0
4/26/15,0.71
4/27/15,13.66
4/28/15,1.63
4/29/15,2.72
4/30/15,1.05
5/1/15,0.4
5/2/15,0
5/3/15,0
5/4/15,0.39
5/5/15,4.48
5/6/15,5.27
5/7/15,6.04
5/8/15,2.04
5/9/15,0
5/10/15,2.73
5/11/15,2.07
5/12/15,0.67
5/13/15,10.08
5/14/15,4.83
5/15/15,1.04
5/16/15,10.81
5/17/15,15.78
5/18/15,1.4
5/19/15,13.01
5/20/15,7.51
5/21/15,0.67
5/22/15,11.03
5/23/15,4.43
5/24/15,0.5
5/25/15,1.45
5/26/15,1.99
5/27/15,0
5/28/15,0
5/29/15,0
5/30/15,0
5/31/15,0
6/1/15,0.28
6/2/15,0.78
6/3/15,0
6/4/15,0
6/5/15,0
6/6/15,9.1
6/7/15,11.92
6/8/15,1.75
6/9/15,0
6/10/15,3.08
6/11/15,6.02
6/12/15,0.26
6/13/15,0
6/14/15,3.08
6/15/15,0.42
6/16/15,3.55
6/17/15,0.74
6/18/15,0
6/19/15,0
6/20/15,0
6/21/15,0
6/22/15,0
6/23/15,0
6/24/15,0
6/25/15,0.42
6/26/15,0
6/27/15,8.7
6/28/15,1.27
6/29/15,3.26
6/30/15,0
7/1/15,0
7/2/15,1.28
7/3/15,6.67
7/4/15,11.43
7/5/15,20.51
7/6/15,19.78
7/7/15,14.49
7/8/15,18.39
7/9/15,3.41
7/10/15,1.77
7/11/15,3.09
7/12/15,2.12
7/13/15,5.03
7/14/15,11.38
7/15/15,3.97
7/16/15,1.68
7/17/15,0
7/18/15,0
7/19/15,3.95
7/20/15,1.54
7/21/15,19.44
7/22/15,0
7/23/15,0
7/24/15,0
7/25/15,0
7/26/15,0
7/27/15,10.11
7/28/15,0
7/29/15,0
7/30/15,20.92
7/31/15,0.45
8/1/15,14.56
8/2/15,7.11
8/3/15,18.97
8/4/15,1.92
8/5/15,0
8/6/15,0
8/7/15,0
8/8/15,0.79
8/9/15,1.2
8/10/15,0
8/11/15,2.94
8/12/15,0.59
8/13/15,0.68
8/14/15,0
8/15/15,0
8/16/15,1.37
8/17/15,1.56
8/18/15,2.82
8/19/15,0
8/20/15,0
8/21/15,0
8/22/15,0.28
8/23/15,0
8/24/15,0.48
8/25/15,2.62
8/26/15,0
8/27/15,1.39
8/28/15,2.48
8/29/15,1.05
8/30/15,0
8/31/15,1.89
9/1/15,0.41
9/2/15,2.84
9/3/15,1.89
9/4/15,0
9/5/15,1.33
9/6/15,0
9/7/15,1.02
9/8/15,0
9/9/15,0
9/10/15,0
9/11/15,0
9/12/15,0
9/13/15,0
9/14/15,0
9/15/15,0
9/16/15,0.42
9/17/15,0
9/18/15,0
9/19/15,0
9/20/15,0
9/21/15,0
9/22/15,2.27
9/23/15,1.9
9/24/15,0.48
9/25/15,0
9/26/15,0
9/27/15,0
9/28/15,0.89
9/29/15,0
9/30/15,0
10/1/15,0
10/2/15,0
10/3/15,0
10/4/15,1.45
10/5/15,0
10/6/15,2.55
10/7/15,4.48
10/8/15,7.11
10/9/15,1.18
10/10/15,0
10/11/15,0
10/12/15,0
10/13/15,0
10/14/15,0
10/15/15,0
10/16/15,0
10/17/15,0
10/18/15,0.27
10/19/15,1.18
10/20/15,1.23
10/21/15,11.65
10/22/15,28.63
10/23/15,2.22
10/24/15,0.67
10/25/15,0.88
10/26/15,0
10/27/15,0
10/28/15,0
10/29/15,0
10/30/15,6.11
10/31/15,7.18
11/1/15,1.6
11/2/15,0
11/3/15,0
11/4/15,0
11/5/15,7.49
11/6/15,15.86
11/7/15,1.6
11/8/15,0
11/9/15,3.05
11/10/15,0.6
11/11/15,0
11/12/15,2.92
11/13/15,1.6
11/14/15,0
11/15/15,0
11/16/15,5.97
11/17/15,28.53
11/18/15,6.23
11/19/15,1.6
11/20/15,0.85
11/21/15,0
11/22/15,0
11/23/15,0
11/24/15,0
11/25/15,0
11/26/15,0
11/27/15,2.75
11/28/15,1.69
11/29/15,0
11/30/15,0
12/1/15,0.62
12/2/15,2.78
12/3/15,0
12/4/15,0
12/5/15,0
12/6/15,0
12/7/15,0
12/8/15,0
12/9/15,0
12/10/15,0
12/11/15,1.3
12/12/15,0
12/13/15,7.67
12/14/15,1.7
12/15/15,7.76
12/16/15,11.25
12/17/15,1
12/18/15,1.48
12/19/15,0
12/20/15,0
12/21/15,2.78
12/22/15,0
12/23/15,27.53
12/24/15,22.26
12/25/15,4.65
12/26/15,5.55
12/27/15,1.84
12/28/15,6.31
12/29/15,0
12/30/15,0
12/31/15,1.28
1/1/16,3.22
1/2/16,1.59
1/3/16,0
1/4/16,0
1/5/16,1.06
1/6/16,1.64
1/7/16,15.27
1/8/16,12.03
1/9/16,10.78
1/10/16,5.47
1/11/16,1.37
1/12/16,0
1/13/16,0
1/14/16,0
1/15/16,0
1/16/16,0
1/17/16,0
1/18/16,0
1/19/16,0
1/20/16,0
1/21/16,1.56
1/22/16,4.69
1/23/16,0.77
1/24/16,0
1/25/16,1.41
1/26/16,0
1/27/16,0.56
1/28/16,0
1/29/16,0
1/30/16,0
1/31/16,0
2/1/16,12.82
2/2/16,9.4
2/3/16,6.36
2/4/16,5.28
2/5/16,2.97
2/6/16,1.68
2/7/16,1.51
2/8/16,0
2/9/16,0
2/10/16,0
2/11/16,0
2/12/16,0
2/13/16,0
2/14/16,0
2/15/16,0
2/16/16,0
2/17/16,0
2/18/16,0
2/19/16,0
2/20/16,0
2/21/16,0
2/22/16,0
2/23/16,2.53
2/24/16,2.12
2/25/16,2.97
2/26/16,0
2/27/16,0
2/28/16,0
2/29/16,0
3/1/16,0
3/2/16,0
3/3/16,0
3/4/16,0
3/5/16,0
3/6/16,0
3/7/16,0
3/8/16,0
3/9/16,0
3/10/16,0
3/11/16,0
3/12/16,0
3/13/16,2.58
3/14/16,0
3/15/16,0
3/16/16,0
3/17/16,0
3/18/16,0
3/19/16,0
3/20/16,0
3/21/16,0
3/22/16,0
3/23/16,0
3/24/16,1.24
3/25/16,0
3/26/16,0
3/27/16,0
3/28/16,0
3/29/16,0
3/30/16,0
3/31/16,0
4/1/16,1.67
4/2/16,0
4/3/16,0
4/4/16,0
4/5/16,0
4/6/16,0
4/7/16,0
4/8/16,1.28
4/9/16,2.84
4/10/16,0.71
4/11/16,0.81
4/12/16,0
4/13/16,3.32
4/14/16,2.72
4/15/16,0
4/16/16,10.71
4/17/16,12.85
4/18/16,10.35
4/19/16,15.32
4/20/16,0
4/21/16,0
4/22/16,0
4/23/16,0
4/24/16,0
4/25/16,1.28
4/26/16,0
4/27/16,0
4/28/16,0
4/29/16,2.62
4/30/16,4.93
5/1/16,4.25
5/2/16,15.41
5/3/16,0
5/4/16,1.08
5/5/16,0
5/6/16,0
5/7/16,0
5/8/16,0
5/9/16,0
5/10/16,0
5/11/16,0
5/12/16,0
5/13/16,0
5/14/16,0
5/15/16,0
5/16/16,1.29
5/17/16,2.17
5/18/16,2.01
5/19/16,1.63
5/20/16,0
5/21/16,0
5/22/16,0
5/23/16,0
5/24/16,0
5/25/16,0
5/26/16,0
5/27/16,0
5/28/16,0
5/29/16,0
5/30/16,0
5/31/16,0
6/1/16,0
6/2/16,0.89
6/3/16,0
6/4/16,0
6/5/16,5.02
6/6/16,0.36
6/7/16,1.53
6/8/16,1.19
6/9/16,0
6/10/16,0
6/11/16,0
6/12/16,0
6/13/16,0
6/14/16,0
6/15/16,0
6/16/16,0
6/17/16,0
6/18/16,0
6/19/16,0
6/20/16,0
6/21/16,0
6/22/16,0
6/23/16,0
6/24/16,3.95
6/25/16,0
6/26/16,0
6/27/16,0.3
6/28/16,0.6
6/29/16,0.55
6/30/16,6.22
7/1/16,0
7/2/16,2.34
7/3/16,0.6
7/4/16,0
7/5/16,2.97
7/6/16,0
7/7/16,0
7/8/16,0
7/9/16,0
7/10/16,0
7/11/16,0
7/12/16,0
7/13/16,0
7/14/16,0
7/15/16,0
7/16/16,0
7/17/16,0
7/18/16,0
7/19/16,1.7
7/20/16,0.68
7/21/16,0
7/22/16,0
7/23/16,0
7/24/16,1.27
7/25/16,1.02
7/26/16,3.72
7/27/16,2.52
7/28/16,0
7/29/16,0.41
7/30/16,1.98
7/31/16,1.15
8/1/16,3.81
8/2/16,9.95
8/3/16,3.49
8/4/16,4.45
8/5/16,9.72
8/6/16,6.59
8/7/16,5.53
8/8/16,6.37
8/9/16,18.1
8/10/16,2.32
8/11/16,3.97
8/12/16,0.85
8/13/16,0
8/14/16,2.68
8/15/16,5.77
8/16/16,2.81
8/17/16,2.9
8/18/16,0.79
8/19/16,1.2
8/20/16,2.09
8/21/16,0.73
8/22/16,2.87
8/23/16,5.46
8/24/16,1.88
8/25/16,9.55
8/26/16,3.57
8/27/16,0.39
8/28/16,3.68
8/29/16,0.56
8/30/16,0.28
8/31/16,0.88
9/1/16,3.87
9/2/16,0
9/3/16,1.14
9/4/16,0
9/5/16,0
9/6/16,1.6
9/7/16,2.17
9/8/16,0
9/9/16,0
9/10/16,0
9/11/16,0
9/12/16,0
9/13/16,3.61
9/14/16,2.39
9/15/16,0
9/16/16,0.82
9/17/16,4.5
9/18/16,0.98
9/19/16,0.49
9/20/16,2.1
9/21/16,0.89
9/22/16,3.07
9/23/16,2.54
9/24/16,5.71
9/25/16,2.13
9/26/16,0
9/27/16,0
9/28/16,0
9/29/16,2
9/30/16,0
10/1/16,0
10/2/16,0
10/3/16,1.47
10/4/16,0
10/5/16,0
10/6/16,0
10/7/16,0
10/8/16,0
10/9/16,7.75
10/10/16,0.7
10/11/16,0
10/12/16,0
10/13/16,0
10/14/16,0
10/15/16,0
10/16/16,0
10/17/16,0
10/18/16,0
10/19/16,0
10/20/16,0
10/21/16,0
10/22/16,0
10/23/16,0
10/24/16,0
10/25/16,3.14
10/26/16,0
10/27/16,0
10/28/16,0
10/29/16,1.77
10/30/16,0
10/31/16,0
11/1/16,0
11/2/16,0
11/3/16,0
11/4/16,0
11/5/16,8.59
11/6/16,19.81
11/7/16,0
11/8/16,2.8
11/9/16,0
11/10/16,0
11/11/16,0
11/12/16,0
11/13/16,0
11/14/16,0
11/15/16,0
11/16/16,0
11/17/16,0
11/18/16,0
11/19/16,0.69
11/20/16,0.92
11/21/16,0.37
11/22/16,18.02
11/23/16,7.76
11/24/16,2.72
11/25/16,0
11/26/16,0
11/27/16,2.87
11/28/16,5.61
11/29/16,13.65
11/30/16,0
12/1/16,0.55
12/2/16,1.61
12/3/16,0.96
12/4/16,0
12/5/16,0
12/6/16,0
12/7/16,0
12/8/16,0
12/9/16,0
12/10/16,0
12/11/16,0
12/12/16,0.64
12/13/16,0
12/14/16,0
12/15/16,0
12/16/16,0.79
12/17/16,8.64
12/18/16,16.67
12/19/16,0
12/20/16,2.08
12/21/16,0
12/22/16,1.43
12/23/16,17.73
12/24/16,3.89
12/25/16,3.68
12/26/16,9.24
12/27/16,3.63
12/28/16,0
12/29/16,0
12/30/16,0
12/31/16,0
1/1/17,0.3
1/2/17,2.06
1/3/17,2.31
1/4/17,0
1/5/17,1.89
1/6/17,5.79
1/7/17,11.94
1/8/17,1.2
1/9/17,0
1/10/17,0.41
1/11/17,0
1/12/17,0
1/13/17,0
1/14/17,0
1/15/17,5.6
1/16/17,13.95
1/17/17,9.29
1/18/17,3.39
1/19/17,1.06
1/20/17,2.93
1/21/17,4.79
1/22/17,17.49
1/23/17,16.84
1/24/17,7.08
1/25/17,9.09
1/26/17,7.95
1/27/17,0.67
1/28/17,0.42
1/29/17,0.82
1/30/17,0
1/31/17,0
2/1/17,0
2/2/17,0
2/3/17,0
2/4/17,0
2/5/17,0
2/6/17,0
2/7/17,2.68
2/8/17,1.58
2/9/17,0
2/10/17,0
2/11/17,0
2/12/17,0
2/13/17,4.04
2/14/17,3.84
2/15/17,0.98
2/16/17,0
2/17/17,0
2/18/17,0
2/19/17,1.36
2/20/17,7.52
2/21/17,0
2/22/17,0
2/23/17,0
2/24/17,0
2/25/17,2.15
2/26/17,1.7
2/27/17,0
2/28/17,4.87
3/1/17,12.07
3/2/17,3.57
3/3/17,0
3/4/17,0
3/5/17,0
3/6/17,0
3/7/17,0
3/8/17,0
3/9/17,0
3/10/17,0
3/11/17,0
3/12/17,0
3/13/17,0
3/14/17,0
3/15/17,0
3/16/17,0
3/17/17,0
3/18/17,0
3/19/17,0
3/20/17,0
3/21/17,0
3/22/17,0
3/23/17,1
3/24/17,10.62
3/25/17,13.73
3/26/17,4.33
3/27/17,1.94
3/28/17,3.23
3/29/17,6.71
3/30/17,8.7
3/31/17,1.58
4/1/17,1.05
4/2/17,10.83
4/3/17,1.88
4/4/17,1.94
4/5/17,17.07
4/6/17,0.76
4/7/17,0.32
4/8/17,0
4/9/17,0
4/10/17,0
4/11/17,0
4/12/17,0
4/13/17,0
4/14/17,0.32
4/15/17,0
4/16/17,0
4/17/17,0
4/18/17,0
4/19/17,0
4/20/17,0
4/21/17,0
4/22/17,0
4/23/17,0.95
4/24/17,0
4/25/17,0
4/26/17,16.61
4/27/17,0
4/28/17,1.18
4/29/17,7.25
4/30/17,4.32
5/1/17,0.44
5/2/17,0.7
5/3/17,0.7
5/4/17,0
5/5/17,0
5/6/17,1.49
5/7/17,0
5/8/17,0
5/9/17,0.36
5/10/17,6.68
5/11/17,4.38
5/12/17,2.5
5/13/17,0
5/14/17,0
5/15/17,0
5/16/17,0
5/17/17,0
5/18/17,1.55
5/19/17,0
5/20/17,2.31
5/21/17,2.34
5/22/17,0
5/23/17,0
5/24/17,0
5/25/17,0
5/26/17,0
5/27/17,0
5/28/17,0
5/29/17,0
5/30/17,0.75
5/31/17,0.43
6/1/17,0.92
6/2/17,2.23
6/3/17,0
6/4/17,0
6/5/17,0
6/6/17,0
6/7/17,8.22
6/8/17,2.68
6/9/17,0
6/10/17,0
6/11/17,0
6/12/17,0
6/13/17,0
6/14/17,0
6/15/17,0
6/16/17,0
6/17/17,0
6/18/17,0
6/19/17,0
6/20/17,0
6/21/17,0
6/22/17,0
6/23/17,0.4
6/24/17,0
6/25/17,0
6/26/17,8.6
6/27/17,1.34
6/28/17,0
6/29/17,0
6/30/17,0
7/1/17,0
7/2/17,0.48
7/3/17,0
7/4/17,0
7/5/17,0
7/6/17,0
7/7/17,1.5
7/8/17,0.88
7/9/17,0.51
7/10/17,5.68
7/11/17,2.49
7/12/17,1.52
7/13/17,6.16
7/14/17,10
7/15/17,6.99
7/16/17,4.93
7/17/17,1.85
7/18/17,0.43
7/19/17,4.46
7/20/17,0
7/21/17,0
7/22/17,0
7/23/17,2.82
7/24/17,0.47
7/25/17,2.65
7/26/17,1.33
7/27/17,3.44
7/28/17,15.82
7/29/17,4.44
7/30/17,3.08
7/31/17,9.17
8/1/17,6.46
8/2/17,1.59
8/3/17,0
8/4/17,0.33
8/5/17,5.13
8/6/17,1.5
8/7/17,2.24
8/8/17,0.63
8/9/17,1.28
8/10/17,0
8/11/17,2.42
8/12/17,8.36
8/13/17,1.5
8/14/17,0
8/15/17,1.96
8/16/17,1.06
8/17/17,0.97
8/18/17,0
8/19/17,0
8/20/17,1.62
8/21/17,6.36
8/22/17,4.36
8/23/17,3.21
8/24/17,1.74
8/25/17,0.97
8/26/17,1.3
8/27/17,1.83
8/28/17,0
8/29/17,0.74
8/30/17,2.81
8/31/17,0
9/1/17,0
9/2/17,5.62
9/3/17,0
9/4/17,0
9/5/17,0
9/6/17,0
9/7/17,1.94
9/8/17,3.61
9/9/17,0
9/10/17,0
9/11/17,0
9/12/17,0
9/13/17,2.07
9/14/17,0
9/15/17,1.52
9/16/17,0
9/17/17,0.31
9/18/17,0
9/19/17,0
9/20/17,0
9/21/17,0
9/22/17,0
9/23/17,0.38
9/24/17,4.71
9/25/17,0
9/26/17,0
9/27/17,15.19
9/28/17,35.55
9/29/17,19.75
9/30/17,3.68
10/1/17,13.77
10/2/17,0
10/3/17,1.8
10/4/17,2.84
10/5/17,5.91
10/6/17,5.75
10/7/17,0
10/8/17,0
10/9/17,0
10/10/17,0
10/11/17,0.74
10/12/17,0.74
10/13/17,0
10/14/17,0
10/15/17,0
10/16/17,0
10/17/17,0
10/18/17,0
10/19/17,0
10/20/17,0
10/21/17,0
10/22/17,0
10/23/17,0
10/24/17,0
10/25/17,0
10/26/17,0
10/27/17,0
10/28/17,0
10/29/17,0
10/30/17,0
10/31/17,0
11/1/17,0
11/2/17,0
11/3/17,0
11/4/17,0
11/5/17,0
11/6/17,0
11/7/17,0
11/8/17,7.16
11/9/17,0
11/10/17,0
11/11/17,0
11/12/17,0
11/13/17,0
11/14/17,0
11/15/17,0
11/16/17,0
11/17/17,0.71
11/18/17,0
11/19/17,0
11/20/17,0
11/21/17,0
11/22/17,0
11/23/17,0
11/24/17,0
11/25/17,0
11/26/17,0
11/27/17,0
11/28/17,0
11/29/17,0
11/30/17,0
12/1/17,0
12/2/17,0
12/3/17,0
12/4/17,0
12/5/17,0
12/6/17,0
12/7/17,0
12/8/17,0
12/9/17,0
12/10/17,0
12/11/17,0
12/12/17,0
12/13/17,0
12/14/17,0
12/15/17,0
12/16/17,0
12/17/17,0
12/18/17,0
12/19/17,0
12/20/17,0
12/21/17,0
12/22/17,0
12/23/17,0
12/24/17,0
12/25/17,0
12/26/17,0
12/27/17,0
12/28/17,0
12/29/17,0
12/30/17,0
12/31/17,0
1/1/18,0
1/2/18,0
1/3/18,0
1/4/18,0
1/5/18,0
1/6/18,0
1/7/18,0
1/8/18,0
1/9/18,0
1/10/18,0
1/11/18,5.38
1/12/18,0
1/13/18,0
1/14/18,0
1/15/18,0
1/16/18,0
1/17/18,0.52
1/18/18,0.39
1/19/18,1.09
1/20/18,0
1/21/18,2.84
1/22/18,10.44
1/23/18,0.82
1/24/18,0
1/25/18,0.52
1/26/18,0
1/27/18,0
1/28/18,0.52
1/29/18,1.09
1/30/18,0
1/31/18,0.52
2/1/18,0
2/2/18,0
2/3/18,0
2/4/18,0
2/5/18,0
2/6/18,0
2/7/18,0
2/8/18,0
2/9/18,0
2/10/18,0
2/11/18,0
2/12/18,0
2/13/18,0
2/14/18,0
2/15/18,4.64
2/16/18,5.76
2/17/18,1.08
2/18/18,0
2/19/18,0
2/20/18,2.95
2/21/18,2.83
2/22/18,7.25
2/23/18,8.68
2/24/18,5.03
2/25/18,0.53
2/26/18,1
2/27/18,1.44
2/28/18,0
3/1/18,0
3/2/18,1.26
3/3/18,0
3/4/18,0.44
3/5/18,0
3/6/18,0
3/7/18,0
3/8/18,0
3/9/18,0
3/10/18,0
3/11/18,0
3/12/18,3.44
3/13/18,0
3/14/18,1.26
3/15/18,0
3/16/18,2.82
3/17/18,1.99
3/18/18,0
3/19/18,2.11
3/20/18,3.4
3/21/18,0
3/22/18,1.7
3/23/18,0
3/24/18,0
3/25/18,0.44
3/26/18,0
3/27/18,0
3/28/18,9.11
3/29/18,4.01
3/30/18,0
3/31/18,0
4/1/18,0
4/2/18,0
4/3/18,0
4/4/18,0
4/5/18,0
4/6/18,0
4/7/18,0
4/8/18,0
4/9/18,0
4/10/18,0
4/11/18,0
4/12/18,0
4/13/18,0
4/14/18,0
4/15/18,0
4/16/18,0
4/17/18,0
4/18/18,0
4/19/18,0
4/20/18,0
4/21/18,1.31
4/22/18,1.84
4/23/18,1.96
4/24/18,0
4/25/18,0.9
4/26/18,0
4/27/18,0
4/28/18,0
4/29/18,0
4/30/18,0.57
5/1/18,0
5/2/18,0
5/3/18,0.79
5/4/18,0
5/5/18,0.83
5/6/18,2.65
5/7/18,0
5/8/18,0
5/9/18,0
5/10/18,0
5/11/18,0
5/12/18,0
5/13/18,0
5/14/18,0
5/15/18,0
5/16/18,0
5/17/18,0
5/18/18,0
5/19/18,0
5/20/18,0
5/21/18,0
5/22/18,10.97
5/23/18,0.39
5/24/18,0
5/25/18,0
5/26/18,0
5/27/18,0
5/28/18,0
5/29/18,0
5/30/18,0
5/31/18,0
6/1/18,0
6/2/18,0
6/3/18,0
6/4/18,1.14
6/5/18,0
6/6/18,0
6/7/18,0
6/8/18,0
6/9/18,0
6/10/18,0
6/11/18,0
6/12/18,0
6/13/18,0
6/14/18,0
6/15/18,0
6/16/18,0.84
6/17/18,9.38
6/18/18,0.45
6/19/18,0.32
6/20/18,0
6/21/18,0
6/22/18,0
6/23/18,0
6/24/18,0
6/25/18,0
6/26/18,0
6/27/18,0
6/28/18,0
6/29/18,0
6/30/18,0
7/1/18,0
7/2/18,0
7/3/18,0
7/4/18,0
7/5/18,0
7/6/18,4.59
7/7/18,1.34
7/8/18,1.37
7/9/18,1.74
7/10/18,1.41
7/11/18,0
7/12/18,3.8
7/13/18,3.62
7/14/18,13.14
7/15/18,0.66
7/16/18,2.08
7/17/18,4.26
7/18/18,18.31
7/19/18,1.68
7/20/18,1.62
7/21/18,1.37
7/22/18,0
7/23/18,0
7/24/18,15.05
7/25/18,4.24
7/26/18,2.72
7/27/18,6.03
7/28/18,19.85
7/29/18,15.62
7/30/18,0.64
7/31/18,0
8/1/18,10.04
8/2/18,2.38
8/3/18,1.64
8/4/18,0.62
8/5/18,0
8/6/18,1.2
8/7/18,0
8/8/18,1.49
8/9/18,0
8/10/18,1.4
8/11/18,4.6
8/12/18,0.81
8/13/18,0
8/14/18,4.12
8/15/18,0.8
8/16/18,2.32
8/17/18,5.83
8/18/18,10.23
8/19/18,1.61
8/20/18,0.43
8/21/18,0
8/22/18,0.94
8/23/18,2.1
8/24/18,0.51
8/25/18,0.55
8/26/18,8.25
8/27/18,3.49
8/28/18,0
8/29/18,0
8/30/18,0
8/31/18,0.37
9/1/18,6.46
9/2/18,0.31
9/3/18,6.27
9/4/18,12.79
9/5/18,3.84
9/6/18,9.48
9/7/18,5.01
9/8/18,7.44
9/9/18,0.59
9/10/18,1.02
9/11/18,0
9/12/18,0
9/13/18,0
9/14/18,0
9/15/18,0
9/16/18,0
9/17/18,0
9/18/18,0
9/19/18,0
9/20/18,10.51
9/21/18,2.24
9/22/18,0
9/23/18,0
9/24/18,0
9/25/18,0
9/26/18,0
9/27/18,0
9/28/18,0
9/29/18,0
9/30/18,0
10/1/18,0.68
10/2/18,1.14
10/3/18,3.16
10/4/18,2.24
10/5/18,0
10/6/18,2.33
10/7/18,2.9
10/8/18,6.47
10/9/18,1.11
10/10/18,2.83
10/11/18,0.82
10/12/18,2.74
10/13/18,0
10/14/18,0
10/15/18,9.36
10/16/18,4.11
10/17/18,1.23
10/18/18,3.23
10/19/18,0
10/20/18,0
10/21/18,0.58
10/22/18,0.68
10/23/18,1.4
10/24/18,23.84
10/25/18,19.98
10/26/18,0.8
10/27/18,0.68
10/28/18,0.35
10/29/18,0
10/30/18,0.68
10/31/18,10.6
11/1/18,7.02
11/2/18,2.59
11/3/18,2.6
11/4/18,0
11/5/18,0.76
11/6/18,0
11/7/18,0
11/8/18,0
11/9/18,0
11/10/18,0
11/11/18,0.65
11/12/18,3.95
11/13/18,5.48
11/14/18,5.53
11/15/18,0
11/16/18,0
11/17/18,0
11/18/18,0
11/19/18,0
11/20/18,0
11/21/18,0
11/22/18,0
11/23/18,3.73
11/24/18,1.61
11/25/18,0
11/26/18,0
11/27/18,2.43
11/28/18,1.02
11/29/18,0
11/30/18,0.63
12/1/18,4.1
12/2/18,6.92
12/3/18,9.8
12/4/18,1.25
12/5/18,0
12/6/18,3.67
12/7/18,3.07
12/8/18,0
12/9/18,0
12/10/18,0
12/11/18,1.34
12/12/18,0.47
12/13/18,0.27
12/14/18,0.74
12/15/18,0
12/16/18,0
12/17/18,0
12/18/18,0
12/19/18,0
12/20/18,0
12/21/18,0
12/22/18,0.47
12/23/18,0
12/24/18,0
12/25/18,0.68
12/26/18,0
12/27/18,9.67
12/28/18,7.51
12/29/18,8.36
12/30/18,1.59
12/31/18,1.29
1/1/19,10.86
1/2/19,11.66
1/3/19,0.92
1/4/19,2.16
1/5/19,0
1/6/19,1.04
1/7/19,11.21
1/8/19,0
1/9/19,0
1/10/19,0
1/11/19,3.02
1/12/19,1
1/13/19,2.45
1/14/19,13.79
1/15/19,0
1/16/19,4.01
1/17/19,6.08
1/18/19,3.05
1/19/19,16.51
1/20/19,3.96
1/21/19,0
1/22/19,0
1/23/19,2.61
1/24/19,0
1/25/19,0
1/26/19,0
1/27/19,1.94
1/28/19,0
1/29/19,0
1/30/19,0
1/31/19,0
2/1/19,0
2/2/19,0.62
2/3/19,0
2/4/19,0
2/5/19,1.29
2/6/19,0
2/7/19,3.58
2/8/19,1.67
2/9/19,2.1
2/10/19,1.43
2/11/19,0
2/12/19,1.33
2/13/19,0
2/14/19,0.62
2/15/19,12.56
2/16/19,10.52
2/17/19,3.15
2/18/19,3.2
2/19/19,6.43
2/20/19,8.33
2/21/19,0
2/22/19,5.76
2/23/19,13.13
2/24/19,14.57
2/25/19,1.55
2/26/19,1.84
2/27/19,0
2/28/19,0
3/1/19,0
3/2/19,0
3/3/19,11.44
3/4/19,7.37
3/5/19,3.96
3/6/19,2.96
3/7/19,0.87
3/8/19,0
3/9/19,2.83
3/10/19,1.02
3/11/19,1.97
3/12/19,15.66
3/13/19,15.72
3/14/19,26.36
3/15/19,5.56
3/16/19,2.95
3/17/19,0
3/18/19,0
3/19/19,1.26
3/20/19,0
3/21/19,0
3/22/19,11.72
3/23/19,5.65
3/24/19,0.64
3/25/19,0.5
3/26/19,0
3/27/19,0
3/28/19,0
3/29/19,0
3/30/19,0
3/31/19,0
4/1/19,3.59
4/2/19,3.38
4/3/19,0.38
4/4/19,0.47
4/5/19,0.88
4/6/19,0.47
4/7/19,0
4/8/19,0
4/9/19,0
4/10/19,0.38
4/11/19,0
4/12/19,0
4/13/19,1.4
4/14/19,0.29
4/15/19,0
4/16/19,0.47
4/17/19,0
4/18/19,2.29
4/19/19,1.19
4/20/19,0
4/21/19,0.47
4/22/19,0
4/23/19,9.76
4/24/19,16.51
4/25/19,0.85
4/26/19,1.2
4/27/19,0.96
4/28/19,0
4/29/19,0
4/30/19,3.99
5/1/19,3.89
5/2/19,2.24
5/3/19,1.23
5/4/19,0.84
5/5/19,0
5/6/19,0
5/7/19,0
5/8/19,0
5/9/19,3.83
5/10/19,10.94
5/11/19,13.27
5/12/19,3.54
5/13/19,2.27
5/14/19,2.57
5/15/19,0.95
5/16/19,0.27
5/17/19,0
5/18/19,0
5/19/19,0
5/20/19,0
5/21/19,3.67
5/22/19,7.26
5/23/19,1.09
5/24/19,0.37
5/25/19,0
5/26/19,0
5/27/19,0
5/28/19,0
5/29/19,0.5
5/30/19,0
5/31/19,0.87
6/1/19,0
6/2/19,0.97
6/3/19,0
6/4/19,0
6/5/19,0
6/6/19,1.69
6/7/19,0
6/8/19,0
6/9/19,0
6/10/19,0
6/11/19,0
6/12/19,0
6/13/19,0
6/14/19,0
6/15/19,0
6/16/19,1.48
6/17/19,3.32
6/18/19,3.33
6/19/19,0
6/20/19,0
6/21/19,0
6/22/19,0
6/23/19,0
6/24/19,0
6/25/19,0
6/26/19,0
6/27/19,0
6/28/19,0
6/29/19,0.5
6/30/19,0.82
7/1/19,0
7/2/19,2.84
7/3/19,0
7/4/19,0
7/5/19,0
7/6/19,0
7/7/19,14
7/8/19,3.94
7/9/19,0
7/10/19,0
7/11/19,0
7/12/19,2.24
7/13/19,0
7/14/19,2.86
7/15/19,2.42
7/16/19,0.29
7/17/19,5.49
7/18/19,0
7/19/19,0
7/20/19,0
7/21/19,1.02
7/22/19,0
7/23/19,12.96
7/24/19,0.73
7/25/19,3.3
7/26/19,7.52
7/27/19,8.94
7/28/19,2.7
7/29/19,0
7/30/19,0
7/31/19,0
8/1/19,0
8/2/19,0.83
8/3/19,2.85
8/4/19,3.78
8/5/19,0
8/6/19,0.7
8/7/19,11.48
8/8/19,0
8/9/19,0
8/10/19,1.28
8/11/19,1.12
8/12/19,2.09
8/13/19,0
8/14/19,0
8/15/19,8.18
8/16/19,0.71
8/17/19,0
8/18/19,0
8/19/19,0
8/20/19,0
8/21/19,1.7
8/22/19,8.61
8/23/19,0
8/24/19,0
8/25/19,0
8/26/19,0
8/27/19,0
8/28/19,0
8/29/19,0
8/30/19,0
8/31/19,0
9/1/19,0
9/2/19,7.04
9/3/19,3.24
9/4/19,0
9/5/19,0
9/6/19,0
9/7/19,2.05
9/8/19,2.29
9/9/19,0
9/10/19,0
9/11/19,5.31
9/12/19,0.62
9/13/19,0
9/14/19,0
9/15/19,2.84
9/16/19,13.58
9/17/19,7.31
9/18/19,0
9/19/19,0
9/20/19,0
9/21/19,0
9/22/19,0
9/23/19,0
9/24/19,4.94
9/25/19,0
9/26/19,0
9/27/19,0
9/28/19,0
9/29/19,0
9/30/19,0
10/1/19,0
10/2/19,0
10/3/19,0
10/4/19,3.68
10/5/19,10.17
10/6/19,0
10/7/19,0
10/8/19,0
10/9/19,0
10/10/19,0
10/11/19,0
10/12/19,0
10/13/19,0.35
10/14/19,0
10/15/19,0
10/16/19,0
10/17/19,0
10/18/19,0
10/19/19,0
10/20/19,0
10/21/19,0
10/22/19,0
10/23/19,0
10/24/19,0
10/25/19,0.83
10/26/19,0
10/27/19,0
10/28/19,1.9
10/29/19,1.7
10/30/19,0.59
10/31/19,0
11/1/19,0
11/2/19,0
11/3/19,0.64
11/4/19,0
11/5/19,0
11/6/19,0
11/7/19,0
11/8/19,0
11/9/19,0
11/10/19,0
11/11/19,0
11/12/19,0
11/13/19,0
11/14/19,0
11/15/19,0
11/16/19,0
11/17/19,0
11/18/19,0
11/19/19,0
11/20/19,2.88
11/21/19,7.87
11/22/19,12.24
11/23/19,0
11/24/19,0
11/25/19,0
11/26/19,2.21
11/27/19,2.28
11/28/19,10.58
11/29/19,6.34
11/30/19,18.01
12/1/19,0.32
12/2/19,1.68
12/3/19,0
12/4/19,0
12/5/19,4.29
12/6/19,5.48
12/7/19,0
12/8/19,1.83
12/9/19,37.75
12/10/19,0.74
12/11/19,0
12/12/19,0
12/13/19,0
12/14/19,0
12/15/19,0
12/16/19,0
12/17/19,0
12/18/19,0
12/19/19,0
12/20/19,0
12/21/19,2.27
12/22/19,1.33
12/23/19,0
12/24/19,0
12/25/19,5.25
12/26/19,0.28
12/27/19,1.27
12/28/19,24.07
12/29/19,3.84
12/30/19,0.64
12/31/19,0
1/1/20,0
1/2/20,0
1/3/20,0
1/4/20,0
1/5/20,0
1/6/20,0
1/7/20,0
1/8/20,0
1/9/20,0
1/10/20,1.23
1/11/20,0
1/12/20,0.65
1/13/20,0
1/14/20,0
1/15/20,0
1/16/20,1.09
1/17/20,19.8
1/18/20,6.35
1/19/20,0
1/20/20,0
1/21/20,0
1/22/20,9.82
1/23/20,0
1/24/20,0
1/25/20,0.45
1/26/20,0
1/27/20,0
1/28/20,0
1/29/20,0
1/30/20,0.45
1/31/20,0
2/1/20,0
2/2/20,0
2/3/20,0
2/4/20,0.4
2/5/20,1
2/6/20,0
2/7/20,1.31
2/8/20,0
2/9/20,0
2/10/20,0
2/11/20,6.32
2/12/20,12.46
2/13/20,0
2/14/20,0
2/15/20,0
2/16/20,0
2/17/20,0
2/18/20,0
2/19/20,0
2/20/20,0
2/21/20,0
2/22/20,0
2/23/20,3.34
2/24/20,6.87
2/25/20,0
2/26/20,0
2/27/20,2.16
2/28/20,0
2/29/20,1.1
3/1/20,0
3/2/20,0
3/3/20,0
3/4/20,0
3/5/20,0
3/6/20,0
3/7/20,0
3/8/20,0
3/9/20,1.44
3/10/20,0.28
3/11/20,0
3/12/20,7.38
3/13/20,3.44
3/14/20,13.73
3/15/20,1.6
3/16/20,1.24
3/17/20,0.36
3/18/20,0
3/19/20,9.91
3/20/20,11.13
3/21/20,2.03
3/22/20,0
3/23/20,0.82
3/24/20,0
3/25/20,0
3/26/20,0
3/27/20,0
3/28/20,1.6
3/29/20,1.97
3/30/20,0
3/31/20,0
4/1/20,0
4/2/20,0
4/3/20,0
4/4/20,0
4/5/20,0
4/6/20,0
4/7/20,0
4/8/20,0
4/9/20,0
4/10/20,0
4/11/20,0
4/12/20,0
4/13/20,7.82
4/14/20,2.25
4/15/20,0.86
4/16/20,0.47
4/17/20,0
4/18/20,0
4/19/20,0
4/20/20,0
4/21/20,0
4/22/20,0
4/23/20,0.47
4/24/20,0
4/25/20,0.47
4/26/20,0
4/27/20,1.53
4/28/20,0
4/29/20,0
4/30/20,0
5/1/20,0
5/2/20,0
5/3/20,0
5/4/20,0
5/5/20,0
5/6/20,0
5/7/20,0
5/8/20,0
5/9/20,0
5/10/20,0
5/11/20,0
5/12/20,2.71
5/13/20,0
5/14/20,0
5/15/20,0
5/16/20,0
5/17/20,0
5/18/20,0
5/19/20,0
5/20/20,0
5/21/20,0
5/22/20,0
5/23/20,0
5/24/20,0
5/25/20,0
5/26/20,2.12
5/27/20,0
5/28/20,0
5/29/20,0
5/30/20,0.93
5/31/20,4.41
6/1/20,3.13
6/2/20,2.04
6/3/20,1.89
6/4/20,0
6/5/20,0
6/6/20,5.69
6/7/20,6.43
6/8/20,0
6/9/20,0
6/10/20,0
6/11/20,0
6/12/20,0
6/13/20,0
6/14/20,0.71
6/15/20,2.36
6/16/20,0
6/17/20,0
6/18/20,0
6/19/20,0
6/20/20,0
6/21/20,0
6/22/20,0
6/23/20,0
6/24/20,1.39
6/25/20,3.96
6/26/20,0.51
6/27/20,0
6/28/20,0
6/29/20,0
6/30/20,0
7/1/20,0
7/2/20,0
7/3/20,0
7/4/20,1.45
7/5/20,1.88
7/6/20,0.72
7/7/20,0
7/8/20,0
7/9/20,0
7/10/20,0
7/11/20,0
7/12/20,0
7/13/20,0.56
7/14/20,0
7/15/20,0
7/16/20,1.08
7/17/20,1.28
7/18/20,3.67
7/19/20,5.87
7/20/20,0.88
7/21/20,0
7/22/20,1.45
7/23/20,0.82
7/24/20,1.52
7/25/20,3.25
7/26/20,0.81
7/27/20,3.04
7/28/20,5.41
7/29/20,0.42
7/30/20,0.32
7/31/20,0
8/1/20,0.54
8/2/20,1.26
8/3/20,2.55
8/4/20,3.39
8/5/20,0
8/6/20,0
8/7/20,0
8/8/20,0
8/9/20,0.37
8/10/20,0.45
8/11/20,0
8/12/20,0
8/13/20,0
8/14/20,0
8/15/20,0
8/16/20,0.55
8/17/20,0.6
8/18/20,0
8/19/20,0.69
8/20/20,0
8/21/20,0
8/22/20,0
8/23/20,1.1
8/24/20,3.96
8/25/20,0.43
8/26/20,4.64
8/27/20,2.39
8/28/20,0.33
8/29/20,7.48
8/30/20,6.82
8/31/20,0.63
9/1/20,0.53
9/2/20,0
9/3/20,0
9/4/20,0
9/5/20,0
9/6/20,0.39
9/7/20,0
9/8/20,0
9/9/20,12.38
9/10/20,11.37
9/11/20,6.42
9/12/20,0
9/13/20,0
9/14/20,0
9/15/20,0
9/16/20,0
9/17/20,0
9/18/20,0
9/19/20,0
9/20/20,0
9/21/20,0
9/22/20,0.37
9/23/20,0.5
9/24/20,0
9/25/20,0
9/26/20,0
9/27/20,0
9/28/20,0
9/29/20,0
9/30/20,0
10/1/20,0
10/2/20,0
10/3/20,0
10/4/20,0
10/5/20,0
10/6/20,0
10/7/20,0
10/8/20,0
10/9/20,0
10/10/20,0
10/11/20,0
10/12/20,0
10/13/20,0
10/14/20,0
10/15/20,0
10/16/20,0
10/17/20,0
10/18/20,0
10/19/20,0
10/20/20,0
10/21/20,0
10/22/20,0
10/23/20,0
10/24/20,0
10/25/20,0
10/26/20,8.96
10/27/20,26.36
10/28/20,0.91
10/29/20,2.1
10/30/20,0
10/31/20,0
11/1/20,0
11/2/20,0
11/3/20,0
11/4/20,0
11/5/20,0
11/6/20,0
11/7/20,0.38
11/8/20,12.15
11/9/20,1.45
11/10/20,1.33
11/11/20,0
11/12/20,0.72
11/13/20,0
11/14/20,0
11/15/20,0
11/16/20,0
11/17/20,0
11/18/20,0
11/19/20,0
11/20/20,0
11/21/20,0
11/22/20,0
11/23/20,0
11/24/20,6.7
11/25/20,4.47
11/26/20,0
11/27/20,0
11/28/20,3.41
11/29/20,3.14
11/30/20,0
12/1/20,0
12/2/20,0
12/3/20,0
12/4/20,0
12/5/20,0.52
12/6/20,0
12/7/20,0
12/8/20,0
12/9/20,0
12/10/20,0
12/11/20,10.58
12/12/20,5.19
12/13/20,26.22
12/14/20,0
12/15/20,0
12/16/20,0
12/17/20,0
12/18/20,0
12/19/20,0
12/20/20,0
12/21/20,0
12/22/20,0
12/23/20,0
12/24/20,0
12/25/20,0
12/26/20,0
12/27/20,0
12/28/20,0
12/29/20,1.85
12/30/20,3.12
12/31/20,0
1/1/21,0
1/2/21,0
1/3/21,0
1/4/21,0
1/5/21,0
1/6/21,0
1/7/21,0
1/8/21,0
1/9/21,0
1/10/21,0.3
1/11/21,0
1/12/21,0
1/13/21,0
1/14/21,0
1/15/21,0
1/16/21,0
1/17/21,0
1/18/21,0
1/19/21,4.35
1/20/21,9.8
1/21/21,0.48
1/22/21,0
1/23/21,0
1/24/21,0.77
1/25/21,5.72
1/26/21,8.35
1/27/21,1.36
1/28/21,2.64
1/29/21,0.33
1/30/21,0.39
1/31/21,0
2/1/21,0
2/2/21,1.59
2/3/21,0
2/4/21,0
2/5/21,0
2/6/21,0
2/7/21,0
2/8/21,0
2/9/21,0
2/10/21,0
2/11/21,0
2/12/21,1.04
2/13/21,0
2/14/21,7.65
2/15/21,1.49
2/16/21,4.57
2/17/21,15.25
2/18/21,1.94
2/19/21,0.39
2/20/21,0
2/21/21,0
2/22/21,0
2/23/21,0
2/24/21,0
2/25/21,0
2/26/21,0
2/27/21,0
2/28/21,0
3/1/21,0
3/2/21,0
3/3/21,0
3/4/21,0
3/5/21,4.78
3/6/21,0
3/7/21,0
3/8/21,0
3/9/21,0
3/10/21,0
3/11/21,0
3/12/21,0
3/13/21,0
3/14/21,1.36
3/15/21,11.22
3/16/21,0
3/17/21,1.28
3/18/21,0
3/19/21,0
3/20/21,0
3/21/21,0
3/22/21,0
3/23/21,0
3/24/21,16.4
3/25/21,10
3/26/21,10.67
3/27/21,0
3/28/21,0
3/29/21,0
3/30/21,0
3/31/21,0
4/1/21,0
4/2/21,0
4/3/21,0
4/4/21,0
4/5/21,0
4/6/21,0
4/7/21,0
4/8/21,0
4/9/21,0
4/10/21,0
4/11/21,0
4/12/21,0
4/13/21,0
4/14/21,0
4/15/21,0
4/16/21,0
4/17/21,0
4/18/21,1.04
4/19/21,0
4/20/21,2.39
4/21/21,0
4/22/21,0
4/23/21,0
4/24/21,0
4/25/21,2.46
4/26/21,0.65
4/27/21,0
4/28/21,0
4/29/21,0
4/30/21,0.78
5/1/21,0
5/2/21,0
5/3/21,0
5/4/21,1.38
5/5/21,0
5/6/21,0
5/7/21,0
5/8/21,1.42
5/9/21,0
5/10/21,0
5/11/21,0
5/12/21,0
5/13/21,0
5/14/21,0
5/15/21,0
5/16/21,0
5/17/21,0
5/18/21,1.5
5/19/21,6.06
5/20/21,2.34
5/21/21,0
5/22/21,0
5/23/21,1.32
5/24/21,0
5/25/21,0
5/26/21,0
5/27/21,0.58
5/28/21,0
5/29/21,0
5/30/21,0
5/31/21,2.11
6/1/21,9.63
6/2/21,0.73
6/3/21,1.49
6/4/21,1.51
6/5/21,0
6/6/21,0
6/7/21,0.49
6/8/21,0
6/9/21,0
6/10/21,0
6/11/21,0
6/12/21,0
6/13/21,0
6/14/21,0
6/15/21,0
6/16/21,0
6/17/21,0
6/18/21,3.35
6/19/21,1.31
6/20/21,1.17
6/21/21,0
6/22/21,0
6/23/21,0
6/24/21,0
6/25/21,2.01
6/26/21,1.37
6/27/21,3.83
6/28/21,12.74
6/29/21,0.84
6/30/21,4.47
7/1/21,3.58
7/2/21,15.23
7/3/21,8.93
7/4/21,1.52
7/5/21,0.88
7/6/21,4.49
7/7/21,7.26
7/8/21,4.95
7/9/21,0.3
7/10/21,1.28
7/11/21,1.38
7/12/21,6.09
7/13/21,0.94
7/14/21,1.35
7/15/21,4.57
7/16/21,1.86
7/17/21,13.84
7/18/21,1.51
7/19/21,0.62
7/20/21,0.39
7/21/21,2.57
7/22/21,9.67
7/23/21,2.4
7/24/21,7.94
7/25/21,1.38
7/26/21,2.53
7/27/21,2.8
7/28/21,4.23
7/29/21,1.54
7/30/21,0
7/31/21,1.01
8/1/21,1.34
8/2/21,3.04
8/3/21,5.48
8/4/21,3.65
8/5/21,1.32
8/6/21,0.7
8/7/21,0.29
8/8/21,0
8/9/21,0
8/10/21,0
8/11/21,1.38
8/12/21,0.77
8/13/21,3.24
8/14/21,0.86
8/15/21,0
8/16/21,8.93
8/17/21,4.19
8/18/21,1.14
8/19/21,0.76
8/20/21,0
8/21/21,0
8/22/21,0
8/23/21,1.14
8/24/21,0
8/25/21,0
8/26/21,0
8/27/21,2.94
8/28/21,5.34
8/29/21,0.81
8/30/21,2.18
8/31/21,0.71
9/1/21,0.86
9/2/21,7.05
9/3/21,0
9/4/21,0.31
9/5/21,0.41
9/6/21,0
9/7/21,0
9/8/21,0
9/9/21,0
9/10/21,0.42
9/11/21,0
9/12/21,0
9/13/21,0
9/14/21,0
9/15/21,0.31
9/16/21,0
9/17/21,0
9/18/21,0
9/19/21,0.26
9/20/21,0
9/21/21,0
9/22/21,0
9/23/21,0
9/24/21,0
9/25/21,0
9/26/21,0
9/27/21,0.85
9/28/21,2.13
9/29/21,1.04
9/30/21,0.48
10/1/21,39.36
10/2/21,8.04
10/3/21,1.94
10/4/21,0
10/5/21,0
10/6/21,0
10/7/21,0.54
10/8/21,0
10/9/21,0
10/10/21,0
10/11/21,0
10/12/21,0
10/13/21,1.29
10/14/21,1.05
10/15/21,0
10/16/21,1.47
10/17/21,0
10/18/21,0
10/19/21,0
10/20/21,0
10/21/21,0
10/22/21,0
10/23/21,0
10/24/21,0.62
10/25/21,0
10/26/21,0
10/27/21,1.11
10/28/21,0
10/29/21,0
10/30/21,0
10/31/21,0
11/1/21,0
11/2/21,0
11/3/21,0
11/4/21,0
11/5/21,0
11/6/21,0
11/7/21,0
11/8/21,0
11/9/21,0
11/10/21,0.37
11/11/21,0
11/12/21,0
11/13/21,0
11/14/21,0
11/15/21,0
11/16/21,0
11/17/21,0
11/18/21,0
11/19/21,0
11/20/21,0
11/21/21,0
11/22/21,0
11/23/21,0
11/24/21,0.4
11/25/21,3.25
11/26/21,1.03
11/27/21,2.76
11/28/21,0
11/29/21,0.94
11/30/21,0
12/1/21,0
12/2/21,0
12/3/21,0
12/4/21,0
12/5/21,0
12/6/21,0
12/7/21,0
12/8/21,0
12/9/21,0
12/10/21,0.55
12/11/21,7.26
12/12/21,0.95
12/13/21,0
12/14/21,0
12/15/21,2.5
12/16/21,8.08
12/17/21,0
12/18/21,0
12/19/21,0
12/20/21,0.56
12/21/21,0
12/22/21,0.51
12/23/21,0
12/24/21,1.67
12/25/21,30.19
12/26/21,3.75
12/27/21,0
12/28/21,0
12/29/21,6.46
12/30/21,1.92
12/31/21,3.14
1/1/22,21.09
1/2/22,16.11
1/3/22,0.29
1/4/22,0
1/5/22,0
1/6/22,0
1/7/22,0
1/8/22,0
1/9/22,0
1/10/22,0
1/11/22,0
1/12/22,0
1/13/22,0
1/14/22,0
1/15/22,0
1/16/22,0
1/17/22,0
1/18/22,0
1/19/22,0
1/20/22,0
1/21/22,0
1/22/22,0
1/23/22,0
1/24/22,0
1/25/22,0
1/26/22,4.95
1/27/22,0
1/28/22,0
1/29/22,0
1/30/22,1.36
1/31/22,0
2/1/22,0
2/2/22,6.06
2/3/22,17.33
2/4/22,0
2/5/22,1.44
2/6/22,2.84
2/7/22,0
2/8/22,0
2/9/22,0
2/10/22,0
2/11/22,0
2/12/22,0
2/13/22,0
2/14/22,0
2/15/22,0
2/16/22,0
2/17/22,1.79
2/18/22,8.33
2/19/22,0
2/20/22,0
2/21/22,0
2/22/22,0
2/23/22,0
2/24/22,12.34
2/25/22,0
2/26/22,0.77
2/27/22,0
2/28/22,1.08
3/1/22,0
3/2/22,0
3/3/22,0
3/4/22,0
3/5/22,0
3/6/22,0
3/7/22,3.08
3/8/22,6.85
3/9/22,0.39
3/10/22,2.39
3/11/22,9.31
3/12/22,0
3/13/22,0
3/14/22,0
3/15/22,0
3/16/22,0
3/17/22,0
3/18/22,7.94
3/19/22,0
3/20/22,2.19
3/21/22,0
3/22/22,0.85
3/23/22,7.26
3/24/22,2.63
3/25/22,0
3/26/22,0
3/27/22,0.44
3/28/22,0
3/29/22,2.21
3/30/22,0.61
3/31/22,3.97
4/1/22,2.95
4/2/22,4.9
4/3/22,0
4/4/22,3.14
4/5/22,0
4/6/22,0
4/7/22,0
4/8/22,0
4/9/22,0
4/10/22,0
4/11/22,0
4/12/22,0
4/13/22,0
4/14/22,0
4/15/22,0
4/16/22,0
4/17/22,0
4/18/22,0
4/19/22,0
4/20/22,0
4/21/22,0
4/22/22,0
4/23/22,0
4/24/22,0
4/25/22,0
4/26/22,0
4/27/22,0
4/28/22,0
4/29/22,0
4/30/22,0
5/1/22,0
5/2/22,0
5/3/22,0
5/4/22,0
5/5/22,0
5/6/22,0
5/7/22,0
5/8/22,0
5/9/22,0
5/10/22,0
5/11/22,0
5/12/22,0
5/13/22,0
5/14/22,0
5/15/22,0
5/16/22,0
5/17/22,0
5/18/22,0
5/19/22,0
5/20/22,0
5/21/22,0
5/22/22,0
5/23/22,0
5/24/22,0
5/25/22,0
5/26/22,0
5/27/22,0
5/28/22,0
5/29/22,0
5/30/22,0
5/31/22,0
6/1/22,0
6/2/22,0
6/3/22,0
6/4/22,0
6/5/22,0
6/6/22,0
6/7/22,0
6/8/22,0
6/9/22,0.62
6/10/22,0
6/11/22,0
6/12/22,0
6/13/22,0
6/14/22,0
6/15/22,0
6/16/22,0
6/17/22,0
6/18/22,9.21
6/19/22,6.7
6/20/22,11.46
6/21/22,1.46
6/22/22,8.35
6/23/22,13.51
6/24/22,4.09
6/25/22,0.81
6/26/22,15.43
6/27/22,28.25
6/28/22,6.6
6/29/22,1.04
6/30/22,0
7/1/22,4.64
7/2/22,17.45
7/3/22,19.77
7/4/22,2.9
7/5/22,4.18
7/6/22,0.61
7/7/22,0
7/8/22,0
7/9/22,0
7/10/22,2.2
7/11/22,0
7/12/22,3.24
7/13/22,4.1
7/14/22,0.36
7/15/22,5.04
7/16/22,0.37
7/17/22,4.78
7/18/22,0
7/19/22,0
7/20/22,0
7/21/22,2.47
7/22/22,2.78
7/23/22,2.28
7/24/22,2.85
7/25/22,13.91
7/26/22,8.85
7/27/22,6.06
7/28/22,5.51
7/29/22,7.41
7/30/22,9.39
7/31/22,13.57
8/1/22,3.8
8/2/22,0.82
8/3/22,0
8/4/22,3.42
8/5/22,1.87
8/6/22,1.48
8/7/22,9.83
8/8/22,15.77
8/9/22,8.01
8/10/22,0
8/11/22,0
8/12/22,4.28
8/13/22,0
8/14/22,0
8/15/22,0
8/16/22,2.02
8/17/22,5.67
8/18/22,7.6
8/19/22,4.8
8/20/22,1.97
8/21/22,9.49
8/22/22,2.1
8/23/22,3.35
8/24/22,9.05
8/25/22,5.32
8/26/22,0
8/27/22,5.34
8/28/22,0
8/29/22,0
8/30/22,0
8/31/22,0
9/1/22,1.62
9/2/22,0
9/3/22,0
9/4/22,1.43
9/5/22,0
9/6/22,0.98
9/7/22,0
9/8/22,0
9/9/22,0
9/10/22,8.26
9/11/22,3.23
9/12/22,3.31
9/13/22,0
9/14/22,5.04
9/15/22,1.74
9/16/22,0
9/17/22,0
9/18/22,0
9/19/22,0
9/20/22,0
9/21/22,5.14
9/22/22,8.25
9/23/22,15.87
9/24/22,0
9/25/22,0
9/26/22,0
9/27/22,0.82
9/28/22,1.28
9/29/22,0
9/30/22,0
10/1/22,0
10/2/22,0.98
10/3/22,6.11
10/4/22,15.42
10/5/22,18.03
10/6/22,3.41
10/7/22,2.7
10/8/22,5.15
10/9/22,3.33
10/10/22,3.54
10/11/22,3.66
10/12/22,0
10/13/22,0
10/14/22,0
10/15/22,0
10/16/22,8.9
10/17/22,18.13
10/18/22,2.89
10/19/22,0
10/20/22,0
10/21/22,0
10/22/22,0
10/23/22,1.36
10/24/22,4.26
10/25/22,3.35
10/26/22,0.39
10/27/22,0
10/28/22,1.04
10/29/22,0
10/30/22,0
10/31/22,0
11/1/22,0
11/2/22,0
11/3/22,0
11/4/22,13.14
11/5/22,2.45
11/6/22,0
11/7/22,0
11/8/22,0
11/9/22,0
11/10/22,0.45
11/11/22,0.68
11/12/22,0
11/13/22,0
11/14/22,6.62
11/15/22,6.16
11/16/22,0
11/17/22,0
11/18/22,0.45
11/19/22,0
11/20/22,0
11/21/22,0
11/22/22,0
11/23/22,0
11/24/22,0
11/25/22,1.35
11/26/22,0.45
11/27/22,0
11/28/22,0
11/29/22,0
11/30/22,0
12/1/22,0
12/2/22,0
12/3/22,0
12/4/22,0
12/5/22,2.61
12/6/22,0
12/7/22,0
12/8/22,4.39
12/9/22,0
12/10/22,0.67
12/11/22,0
12/12/22,0
12/13/22,0.86
12/14/22,0
12/15/22,0
12/16/22,0
12/17/22,0
12/18/22,0
12/19/22,0.67
12/20/22,0
12/21/22,0.67
12/22/22,0
12/23/22,0
12/24/22,0
12/25/22,0
12/26/22,0
12/27/22,0
12/28/22,3.33
12/29/22,34.73
12/30/22,1.96
12/31/22,5.24
1/1/23,1.18
1/2/23,9.05
1/3/23,21.72
1/4/23,2.99
1/5/23,1.24
1/6/23,0
1/7/23,0
1/8/23,0
1/9/23,0
1/10/23,0
1/11/23,0
1/12/23,2.04
1/13/23,0
1/14/23,0
1/15/23,1.7
1/16/23,18.18
1/17/23,9.96
1/18/23,23.94
1/19/23,8.63
1/20/23,0
1/21/23,11.6
1/22/23,0
1/23/23,0
1/24/23,0
1/25/23,0
1/26/23,0
1/27/23,0
1/28/23,0
1/29/23,0
1/30/23,0
1/31/23,0
2/1/23,0
2/2/23,0
2/3/23,0
2/4/23,0
2/5/23,0
2/6/23,0
2/7/23,0
2/8/23,4.35
2/9/23,0
2/10/23,0
2/11/23,0
2/12/23,0
2/13/23,0
2/14/23,17.35
2/15/23,25.15
2/16/23,15.01
2/17/23,0
2/18/23,0
2/19/23,0
2/20/23,0
2/21/23,0
2/22/23,1.3
2/23/23,12.91
2/24/23,0
2/25/23,0.59
2/26/23,0
2/27/23,2.77
2/28/23,0
3/1/23,0
3/2/23,5.25
3/3/23,9.67
3/4/23,0.42
3/5/23,0
3/6/23,0
3/7/23,0
3/8/23,0
3/9/23,0
3/10/23,0
3/11/23,0.32
3/12/23,9.97
3/13/23,5.66
3/14/23,4.68
3/15/23,0
3/16/23,19.21
3/17/23,14.57
3/18/23,6.84
3/19/23,3.94
3/20/23,1.7
3/21/23,18.39
3/22/23,14.61
3/23/23,5.2
3/24/23,1.29
3/25/23,6.13
3/26/23,3.55
3/27/23,1.53
3/28/23,0
3/29/23,0
3/30/23,0
3/31/23,0
4/1/23,0
4/2/23,0
4/3/23,0
4/4/23,0
4/5/23,0
4/6/23,0
4/7/23,0
4/8/23,0
4/9/23,0
4/10/23,0
4/11/23,0
4/12/23,0
4/13/23,0
4/14/23,0
4/15/23,0
4/16/23,0
4/17/23,0
4/18/23,0
4/19/23,0
4/20/23,0
4/21/23,0
4/22/23,0
4/23/23,0
4/24/23,0
4/25/23,1.89
4/26/23,0.34
4/27/23,0
4/28/23,0.59
4/29/23,0.58
4/30/23,0
5/1/23,0
5/2/23,0
5/3/23,0
5/4/23,0
5/5/23,0
5/6/23,0
5/7/23,0
5/8/23,0.32
5/9/23,0.48
5/10/23,0
5/11/23,0.53
5/12/23,0
5/13/23,0
5/14/23,3.94
5/15/23,2.51
5/16/23,2.44
5/17/23,1.03
5/18/23,2.83
5/19/23,6.84
5/20/23,7.89
5/21/23,2.47
5/22/23,4.54
5/23/23,5.2
5/24/23,3.46
5/25/23,0
5/26/23,0
5/27/23,0.69
5/28/23,0
5/29/23,0
5/30/23,0
5/31/23,0
6/1/23,8.67
6/2/23,7.1
6/3/23,0.72
6/4/23,0.84
6/5/23,1.86
6/6/23,2.08
6/7/23,6.81
6/8/23,0.5
6/9/23,0
6/10/23,0
6/11/23,0
6/12/23,0
6/13/23,0
6/14/23,0
6/15/23,0
6/16/23,0
6/17/23,0
6/18/23,0
6/19/23,0
6/20/23,0
6/21/23,0
6/22/23,0
6/23/23,0
6/24/23,0
6/25/23,0
6/26/23,0
6/27/23,0
6/28/23,0.29
6/29/23,0
6/30/23,0.3
7/1/23,0
7/2/23,0
7/3/23,0
7/4/23,0
7/5/23,0
7/6/23,0
7/7/23,0
7/8/23,0
7/9/23,0
7/10/23,0
7/11/23,0
7/12/23,0
7/13/23,0
7/14/23,0
7/15/23,0
7/16/23,0
7/17/23,0
7/18/23,0
7/19/23,0
7/20/23,0
7/21/23,0.3
7/22/23,2.06
7/23/23,3.14
7/24/23,0
7/25/23,0
7/26/23,0
7/27/23,0.43
7/28/23,3.9
7/29/23,0
7/30/23,0
7/31/23,5.31
8/1/23,0
8/2/23,5.84
8/3/23,0.55
8/4/23,0
8/5/23,0
8/6/23,0
8/7/23,0
8/8/23,2.7
8/9/23,11.72
8/10/23,2.8
8/11/23,0.49
8/12/23,0
8/13/23,1.53
8/14/23,0.59
8/15/23,1.61
8/16/23,0
8/17/23,0.64
8/18/23,2.31
8/19/23,0
8/20/23,0
8/21/23,0
8/22/23,0.92
8/23/23,1.07
8/24/23,1.14
8/25/23,3.74
8/26/23,3.91
8/27/23,11.6
8/28/23,0
8/29/23,12.79
8/30/23,0
8/31/23,0
9/1/23,0
9/2/23,0.4
9/3/23,0
9/4/23,0
9/5/23,0.33
9/6/23,0
9/7/23,0
9/8/23,0
9/9/23,0
9/10/23,0
9/11/23,0.41
9/12/23,10.86
9/13/23,7.61
9/14/23,8.22
9/15/23,12.86
9/16/23,1.19
9/17/23,0
9/18/23,0.43
9/19/23,0.7
9/20/23,0
9/21/23,0
9/22/23,0.36
9/23/23,0.6
9/24/23,1.09
9/25/23,0
9/26/23,0
9/27/23,0
9/28/23,0
9/29/23,0
9/30/23,0
10/1/23,0.44
10/2/23,0.43
10/3/23,9.1
10/4/23,0.43
10/5/23,0.55
10/6/23,0
10/7/23,0
10/8/23,0
10/9/23,0
10/10/23,0
10/11/23,0
10/12/23,0
10/13/23,0
10/14/23,0
10/15/23,0
10/16/23,0
10/17/23,0
10/18/23,0
10/19/23,0
10/20/23,0
10/21/23,0
10/22/23,0
10/23/23,0
10/24/23,0
10/25/23,4.03
10/26/23,0.71
10/27/23,0
10/28/23,0
10/29/23,0
10/30/23,0
10/31/23,0
11/1/23,0
11/2/23,0
11/3/23,0
11/4/23,0
11/5/23,0
11/6/23,0
11/7/23,0
11/8/23,0
11/9/23,0
11/10/23,0.63
11/11/23,0
11/12/23,0
11/13/23,0.45
11/14/23,0
11/15/23,0
11/16/23,0
11/17/23,2.91
11/18/23,0
11/19/23,4.89
11/20/23,11.37
11/21/23,0
11/22/23,0
11/23/23,0
11/24/23,0
11/25/23,7.95
11/26/23,11.99
11/27/23,0
11/28/23,0
11/29/23,0
11/30/23,2.69
12/1/23,13.46
12/2/23,13.7
12/3/23,5.31
12/4/23,0
12/5/23,0
12/6/23,0
12/7/23,0
12/8/23,0
12/9/23,0
12/10/23,0
12/11/23,0
12/12/23,0
12/13/23,0
12/14/23,13.71
12/15/23,17.72
12/16/23,0
12/17/23,0
12/18/23,0
12/19/23,0
12/20/23,0
12/21/23,1.68
12/22/23,0
12/23/23,6.97
12/24/23,22.36
12/25/23,0.59
12/26/23,0
12/27/23,0
12/28/23,0
12/29/23,0
12/30/23,0
12/31/23,0
1/1/24,0
1/2/24,0.42
1/3/24,0.42
1/4/24,0.52
1/5/24,21.76
1/6/24,1.53
1/7/24,0
1/8/24,10.82
1/9/24,3.23
1/10/24,1.82
1/11/24,0
1/12/24,13.94
1/13/24,2.19
1/14/24,3.01
1/15/24,11.97
1/16/24,0.42
1/17/24,0
1/18/24,0.56
1/19/24,0
1/20/24,0.42
1/21/24,0.9
1/22/24,2.4
1/23/24,0
1/24/24,2.01
1/25/24,1.06
1/26/24,4.84
1/27/24,2.37
1/28/24,0
1/29/24,0
1/30/24,0
1/31/24,0
2/1/24,0
2/2/24,1.94
2/3/24,16.34
2/4/24,5.31
2/5/24,0
2/6/24,1.42
2/7/24,1.67
2/8/24,12.27
2/9/24,3.31
2/10/24,1.73
2/11/24,7.16
2/12/24,0.64
2/13/24,0.49
2/14/24,0
2/15/24,0.49
2/16/24,0
2/17/24,0
2/18/24,0
2/19/24,0
2/20/24,0
2/21/24,0
2/22/24,0
2/23/24,0
2/24/24,0
2/25/24,0
2/26/24,1.07
2/27/24,4.66
2/28/24,1.78
2/29/24,0
3/1/24,0
3/2/24,0
3/3/24,0
3/4/24,0
3/5/24,0
3/6/24,0
3/7/24,0
3/8/24,0
3/9/24,16.67
3/10/24,0
3/11/24,0
3/12/24,0
3/13/24,0.96
3/14/24,5.47
3/15/24,10.09
3/16/24,12.85
3/17/24,18
3/18/24,23.66
3/19/24,0
3/20/24,0
3/21/24,0
3/22/24,0
3/23/24,0
3/24/24,1.18
3/25/24,14.37
3/26/24,6.96
3/27/24,6.17
3/28/24,0
3/29/24,0
3/30/24,0
3/31/24,0
4/1/24,1.09
4/2/24,7.77
4/3/24,0
4/4/24,0
4/5/24,0
4/6/24,1.68
4/7/24,8.44
4/8/24,0
4/9/24,0
4/10/24,0
4/11/24,0
4/12/24,0
4/13/24,0
4/14/24,0
4/15/24,0
4/16/24,0
4/17/24,0
4/18/24,0
4/19/24,0
4/20/24,0
4/21/24,0.29
4/22/24,0
4/23/24,0
4/24/24,0
4/25/24,0
4/26/24,0.77
4/27/24,2.9
4/28/24,17.5
4/29/24,0
4/30/24,0
5/1/24,0
5/2/24,0
5/3/24,0
5/4/24,0
5/5/24,0
5/6/24,0
5/7/24,0
5/8/24,0.39
5/9/24,0
5/10/24,0.55
5/11/24,1.05
5/12/24,10.88
5/13/24,1.06
5/14/24,0.43
5/15/24,0
5/16/24,5.29
5/17/24,3.08
5/18/24,0.72
5/19/24,0
5/20/24,0
5/21/24,0
5/22/24,0
5/23/24,0
5/24/24,0
5/25/24,0
5/26/24,0
5/27/24,0
5/28/24,0
5/29/24,0
5/30/24,0
5/31/24,0
6/1/24,0
6/2/24,0
6/3/24,0
6/4/24,0
6/5/24,0
6/6/24,0
6/7/24,0
6/8/24,0
6/9/24,0
6/10/24,8.09
6/11/24,4.01
6/12/24,0
6/13/24,0
6/14/24,0
6/15/24,2.04
6/16/24,0
6/17/24,0
6/18/24,0
6/19/24,0
6/20/24,7.48
6/21/24,10.32
6/22/24,2.54
6/23/24,0
6/24/24,0
6/25/24,0
6/26/24,0
6/27/24,0.64
6/28/24,5.31
6/29/24,0
6/30/24,16.38