PRISM Time Series Data,
Location:  Lat: 36.0873   Lon: -105.4364   Elev: 2800m,
Climate variable: ppt,
Spatial resolution: 800m,
Period: 1984-01-01 - 2024-06-30,
Dataset: AN91d,
PRISM day definition: 24 hours ending at 1200 UTC on the day shown,
Grid Cell Interpolation: Off,
Time series generated: 2026-Feb-14,
Details: http://www.prism.oregonstate.edu/documents/PRISM_datasets.pdf,
Date,ppt (mm)
1/1/84,0
1/2/84,1.59
1/3/84,0
1/4/84,0
1/5/84,0
1/6/84,0
1/7/84,0
1/8/84,0
1/9/84,0
1/10/84,0
1/11/84,0
1/12/84,0
1/13/84,1.25
1/14/84,7.98
1/15/84,9.97
1/16/84,0
1/17/84,2.14
1/18/84,0.95
1/19/84,0
1/20/84,0
1/21/84,0
1/22/84,0
1/23/84,0
1/24/84,0
1/25/84,0
1/26/84,0
1/27/84,0
1/28/84,0
1/29/84,0
1/30/84,0
1/31/84,0
2/1/84,0
2/2/84,0
2/3/84,0
2/4/84,0
2/5/84,0
2/6/84,0
2/7/84,0
2/8/84,7.16
2/9/84,0
2/10/84,0
2/11/84,1.06
2/12/84,0
2/13/84,0
2/14/84,0
2/15/84,6.8
2/16/84,0
2/17/84,0.89
2/18/84,0.91
2/19/84,0
2/20/84,2.2
2/21/84,0
2/22/84,0
2/23/84,0
2/24/84,0
2/25/84,0
2/26/84,0.72
2/27/84,0
2/28/84,0
2/29/84,0
3/1/84,0
3/2/84,0
3/3/84,0
3/4/84,1.59
3/5/84,8.88
3/6/84,0
3/7/84,0
3/8/84,0
3/9/84,0
3/10/84,0
3/11/84,0
3/12/84,0
3/13/84,0
3/14/84,0
3/15/84,2.38
3/16/84,3.56
3/17/84,0
3/18/84,2.09
3/19/84,1.27
3/20/84,0
3/21/84,0
3/22/84,0
3/23/84,15.73
3/24/84,0
3/25/84,0.42
3/26/84,0
3/27/84,7.06
3/28/84,15.69
3/29/84,0
3/30/84,1.56
3/31/84,10.63
4/1/84,0
4/2/84,12.72
4/3/84,1.05
4/4/84,0
4/5/84,0
4/6/84,0
4/7/84,0
4/8/84,21.52
4/9/84,0
4/10/84,1.36
4/11/84,0
4/12/84,0
4/13/84,0
4/14/84,0
4/15/84,0
4/16/84,0
4/17/84,0
4/18/84,0
4/19/84,0
4/20/84,4.58
4/21/84,3.52
4/22/84,0
4/23/84,0
4/24/84,0
4/25/84,0
4/26/84,3.78
4/27/84,0
4/28/84,0
4/29/84,7.13
4/30/84,0
5/1/84,0
5/2/84,0
5/3/84,0
5/4/84,0
5/5/84,0
5/6/84,0.62
5/7/84,0
5/8/84,0
5/9/84,0
5/10/84,0
5/11/84,0
5/12/84,0
5/13/84,0
5/14/84,0
5/15/84,0
5/16/84,27.84
5/17/84,2.31
5/18/84,0
5/19/84,0
5/20/84,0
5/21/84,0
5/22/84,0
5/23/84,0
5/24/84,0
5/25/84,0
5/26/84,0
5/27/84,0
5/28/84,0
5/29/84,0.44
5/30/84,0
5/31/84,0
6/1/84,0
6/2/84,7.12
6/3/84,0
6/4/84,0
6/5/84,0
6/6/84,6.32
6/7/84,0
6/8/84,0
6/9/84,0
6/10/84,0
6/11/84,0
6/12/84,0
6/13/84,5.99
6/14/84,9.53
6/15/84,1.93
6/16/84,3.86
6/17/84,1.42
6/18/84,0
6/19/84,12.52
6/20/84,5.7
6/21/84,0
6/22/84,0
6/23/84,0
6/24/84,0
6/25/84,8.09
6/26/84,1.74
6/27/84,3.54
6/28/84,1.86
6/29/84,0
6/30/84,6.91
7/1/84,0
7/2/84,6.51
7/3/84,1.89
7/4/84,0.45
7/5/84,3.27
7/6/84,0
7/7/84,15.29
7/8/84,0
7/9/84,0
7/10/84,3.77
7/11/84,2.97
7/12/84,8.73
7/13/84,0.57
7/14/84,0.32
7/15/84,1.41
7/16/84,4.3
7/17/84,8.43
7/18/84,7.42
7/19/84,2.36
7/20/84,0
7/21/84,0
7/22/84,0
7/23/84,0
7/24/84,0.73
7/25/84,0
7/26/84,0
7/27/84,0.93
7/28/84,3.14
7/29/84,0.46
7/30/84,0.58
7/31/84,12.87
8/1/84,1.94
8/2/84,7.77
8/3/84,12.93
8/4/84,1.17
8/5/84,6.5
8/6/84,4.62
8/7/84,7.53
8/8/84,0
8/9/84,1.62
8/10/84,2.91
8/11/84,0
8/12/84,0
8/13/84,0.29
8/14/84,0.85
8/15/84,12.99
8/16/84,3.4
8/17/84,0
8/18/84,0
8/19/84,7.53
8/20/84,2.56
8/21/84,0
8/22/84,0.42
8/23/84,22.02
8/24/84,3.21
8/25/84,1.02
8/26/84,2.41
8/27/84,0
8/28/84,1.27
8/29/84,0
8/30/84,0
8/31/84,0
9/1/84,0
9/2/84,0
9/3/84,0.34
9/4/84,0.57
9/5/84,0
9/6/84,0
9/7/84,0
9/8/84,0
9/9/84,0
9/10/84,0
9/11/84,0
9/12/84,0
9/13/84,0
9/14/84,0.43
9/15/84,8.47
9/16/84,0
9/17/84,1.7
9/18/84,3.99
9/19/84,0
9/20/84,1.03
9/21/84,0.68
9/22/84,0
9/23/84,0
9/24/84,0
9/25/84,0
9/26/84,4.06
9/27/84,4.99
9/28/84,0
9/29/84,1.35
9/30/84,0
10/1/84,0
10/2/84,0
10/3/84,0
10/4/84,12.58
10/5/84,5.39
10/6/84,0
10/7/84,2.59
10/8/84,0
10/9/84,0
10/10/84,0
10/11/84,0
10/12/84,6.8
10/13/84,5.36
10/14/84,0
10/15/84,2.72
10/16/84,9.65
10/17/84,13.83
10/18/84,10.26
10/19/84,0
10/20/84,0
10/21/84,6.56
10/22/84,5.65
10/23/84,6.79
10/24/84,5.26
10/25/84,10.23
10/26/84,0
10/27/84,0
10/28/84,0
10/29/84,0
10/30/84,0
10/31/84,0
11/1/84,0
11/2/84,0
11/3/84,0
11/4/84,0
11/5/84,0
11/6/84,0
11/7/84,0
11/8/84,0
11/9/84,0
11/10/84,0
11/11/84,0
11/12/84,0
11/13/84,0
11/14/84,0
11/15/84,0.63
11/16/84,0
11/17/84,2.33
11/18/84,0
11/19/84,0
11/20/84,0
11/21/84,0
11/22/84,0
11/23/84,0
11/24/84,9.89
11/25/84,1.38
11/26/84,1.01
11/27/84,7.21
11/28/84,1.73
11/29/84,5.1
11/30/84,0
12/1/84,0
12/2/84,0
12/3/84,0
12/4/84,2.27
12/5/84,0.78
12/6/84,0
12/7/84,0
12/8/84,0
12/9/84,1.55
12/10/84,0
12/11/84,0
12/12/84,8.65
12/13/84,11.02
12/14/84,9.07
12/15/84,23.79
12/16/84,0
12/17/84,0
12/18/84,1.52
12/19/84,0
12/20/84,0
12/21/84,0.86
12/22/84,0
12/23/84,0
12/24/84,0
12/25/84,0
12/26/84,0
12/27/84,0
12/28/84,14.99
12/29/84,2.04
12/30/84,0
12/31/84,0
1/1/85,3.3
1/2/85,3.78
1/3/85,0
1/4/85,0
1/5/85,0
1/6/85,0
1/7/85,0
1/8/85,5.52
1/9/85,13.23
1/10/85,0.45
1/11/85,0
1/12/85,1.33
1/13/85,0
1/14/85,0
1/15/85,0
1/16/85,0
1/17/85,0.68
1/18/85,0
1/19/85,0
1/20/85,0
1/21/85,0
1/22/85,0
1/23/85,0
1/24/85,0
1/25/85,0
1/26/85,0
1/27/85,6.89
1/28/85,8.14
1/29/85,1.58
1/30/85,4.41
1/31/85,14.77
2/1/85,0
2/2/85,0
2/3/85,0.64
2/4/85,10.72
2/5/85,0
2/6/85,1.87
2/7/85,0.87
2/8/85,0
2/9/85,0.38
2/10/85,5.29
2/11/85,0
2/12/85,0
2/13/85,0
2/14/85,0
2/15/85,0
2/16/85,0.87
2/17/85,0.87
2/18/85,0.87
2/19/85,0
2/20/85,3.03
2/21/85,0.4
2/22/85,1.38
2/23/85,1.62
2/24/85,0
2/25/85,0
2/26/85,0
2/27/85,0
2/28/85,0
3/1/85,0
3/2/85,0
3/3/85,0.3
3/4/85,1.63
3/5/85,0
3/6/85,0
3/7/85,0
3/8/85,0
3/9/85,0.63
3/10/85,0
3/11/85,3.82
3/12/85,24
3/13/85,12.85
3/14/85,0
3/15/85,0
3/16/85,5.92
3/17/85,10.75
3/18/85,0
3/19/85,1.05
3/20/85,26.48
3/21/85,0
3/22/85,0
3/23/85,0
3/24/85,0
3/25/85,0
3/26/85,0
3/27/85,0
3/28/85,0
3/29/85,0
3/30/85,24.56
3/31/85,0
4/1/85,0
4/2/85,0
4/3/85,0
4/4/85,0
4/5/85,0
4/6/85,0
4/7/85,0
4/8/85,0
4/9/85,0
4/10/85,0
4/11/85,0
4/12/85,0
4/13/85,0
4/14/85,0
4/15/85,0
4/16/85,0
4/17/85,0
4/18/85,0
4/19/85,1.72
4/20/85,0.52
4/21/85,0
4/22/85,1.91
4/23/85,4.85
4/24/85,0
4/25/85,0
4/26/85,4.6
4/27/85,12.31
4/28/85,13.12
4/29/85,29.22
4/30/85,4.15
5/1/85,0.52
5/2/85,4.73
5/3/85,0
5/4/85,0
5/5/85,0
5/6/85,0
5/7/85,0
5/8/85,0
5/9/85,0
5/10/85,4.28
5/11/85,0
5/12/85,0
5/13/85,1.44
5/14/85,1.86
5/15/85,0
5/16/85,0
5/17/85,5.21
5/18/85,0.78
5/19/85,1.73
5/20/85,5.21
5/21/85,16.07
5/22/85,15.96
5/23/85,9.3
5/24/85,2.39
5/25/85,0
5/26/85,0
5/27/85,0
5/28/85,0
5/29/85,0
5/30/85,0
5/31/85,0.71
6/1/85,2.31
6/2/85,0
6/3/85,0
6/4/85,0
6/5/85,37.69
6/6/85,8.41
6/7/85,0
6/8/85,0
6/9/85,0
6/10/85,0
6/11/85,0
6/12/85,0.64
6/13/85,1.22
6/14/85,0
6/15/85,0
6/16/85,0
6/17/85,0.6
6/18/85,14.75
6/19/85,8.07
6/20/85,4.8
6/21/85,0
6/22/85,0
6/23/85,0
6/24/85,0
6/25/85,15.81
6/26/85,0
6/27/85,0
6/28/85,0
6/29/85,0
6/30/85,0
7/1/85,0
7/2/85,2.16
7/3/85,0
7/4/85,0
7/5/85,0
7/6/85,0
7/7/85,0
7/8/85,1.32
7/9/85,0
7/10/85,3.23
7/11/85,2.99
7/12/85,1.43
7/13/85,1.06
7/14/85,0
7/15/85,8.49
7/16/85,3.75
7/17/85,2.35
7/18/85,0
7/19/85,11.14
7/20/85,2.25
7/21/85,4.62
7/22/85,0
7/23/85,2.89
7/24/85,12.3
7/25/85,1.23
7/26/85,25.81
7/27/85,0
7/28/85,2.61
7/29/85,4.6
7/30/85,0
7/31/85,0
8/1/85,1.17
8/2/85,15.54
8/3/85,1.18
8/4/85,4.42
8/5/85,9.47
8/6/85,0
8/7/85,5.53
8/8/85,0
8/9/85,1.77
8/10/85,1.23
8/11/85,4.69
8/12/85,0
8/13/85,0
8/14/85,0
8/15/85,0.51
8/16/85,0
8/17/85,0
8/18/85,0
8/19/85,0
8/20/85,2.52
8/21/85,5.21
8/22/85,0
8/23/85,0
8/24/85,7.11
8/25/85,0.96
8/26/85,1.53
8/27/85,0
8/28/85,6.75
8/29/85,0
8/30/85,0
8/31/85,0
9/1/85,0
9/2/85,0
9/3/85,1.13
9/4/85,8.54
9/5/85,0
9/6/85,0
9/7/85,0
9/8/85,0
9/9/85,0
9/10/85,0
9/11/85,0
9/12/85,17.05
9/13/85,0
9/14/85,0
9/15/85,1.04
9/16/85,4.63
9/17/85,0
9/18/85,5.65
9/19/85,10.4
9/20/85,1.37
9/21/85,21.48
9/22/85,0
9/23/85,0
9/24/85,0
9/25/85,1
9/26/85,0
9/27/85,0
9/28/85,0
9/29/85,4.49
9/30/85,0
10/1/85,0
10/2/85,0
10/3/85,0
10/4/85,0
10/5/85,0
10/6/85,0
10/7/85,11.09
10/8/85,13.08
10/9/85,0
10/10/85,15.2
10/11/85,26.7
10/12/85,0
10/13/85,0
10/14/85,2.99
10/15/85,0
10/16/85,5.93
10/17/85,8.23
10/18/85,3.24
10/19/85,0.64
10/20/85,0
10/21/85,0
10/22/85,0
10/23/85,0
10/24/85,0
10/25/85,0
10/26/85,0
10/27/85,3.58
10/28/85,0
10/29/85,0
10/30/85,0
10/31/85,0
11/1/85,1.06
11/2/85,0
11/3/85,0
11/4/85,0
11/5/85,0
11/6/85,0
11/7/85,0
11/8/85,0
11/9/85,0
11/10/85,0
11/11/85,0
11/12/85,0
11/13/85,7.05
11/14/85,5.28
11/15/85,5.38
11/16/85,0
11/17/85,2.91
11/18/85,13.32
11/19/85,6.47
11/20/85,0
11/21/85,0
11/22/85,0
11/23/85,9.06
11/24/85,0
11/25/85,0
11/26/85,0
11/27/85,1.65
11/28/85,0
11/29/85,0
11/30/85,11.12
12/1/85,0
12/2/85,0
12/3/85,0
12/4/85,0
12/5/85,0
12/6/85,0
12/7/85,0
12/8/85,0
12/9/85,0
12/10/85,8.18
12/11/85,0.64
12/12/85,1.21
12/13/85,0
12/14/85,0
12/15/85,0
12/16/85,0
12/17/85,0
12/18/85,0
12/19/85,0
12/20/85,0
12/21/85,0
12/22/85,0
12/23/85,0
12/24/85,0
12/25/85,0
12/26/85,0
12/27/85,0
12/28/85,0
12/29/85,0
12/30/85,8.59
12/31/85,0
1/1/86,0
1/2/86,0
1/3/86,0
1/4/86,0
1/5/86,0
1/6/86,0
1/7/86,17.58
1/8/86,0
1/9/86,0
1/10/86,0
1/11/86,0
1/12/86,0
1/13/86,0
1/14/86,0
1/15/86,0
1/16/86,0
1/17/86,0
1/18/86,0
1/19/86,0
1/20/86,0
1/21/86,0
1/22/86,0
1/23/86,0
1/24/86,0
1/25/86,0
1/26/86,0
1/27/86,0
1/28/86,0
1/29/86,0
1/30/86,0
1/31/86,0
2/1/86,0
2/2/86,0
2/3/86,0
2/4/86,0
2/5/86,1.7
2/6/86,6.8
2/7/86,5.22
2/8/86,0.89
2/9/86,6.92
2/10/86,5.22
2/11/86,0
2/12/86,0
2/13/86,0
2/14/86,0
2/15/86,0
2/16/86,11.27
2/17/86,0
2/18/86,0
2/19/86,0
2/20/86,0
2/21/86,0
2/22/86,0
2/23/86,0
2/24/86,0
2/25/86,0
2/26/86,0
2/27/86,0
2/28/86,0
3/1/86,0
3/2/86,0
3/3/86,0
3/4/86,0
3/5/86,0
3/6/86,0
3/7/86,0
3/8/86,0
3/9/86,0
3/10/86,0
3/11/86,5.73
3/12/86,4.08
3/13/86,3.68
3/14/86,1.32
3/15/86,6.19
3/16/86,0
3/17/86,0.7
3/18/86,8.96
3/19/86,4.73
3/20/86,4.01
3/21/86,0
3/22/86,0
3/23/86,0
3/24/86,0
3/25/86,0
3/26/86,0
3/27/86,0
3/28/86,0
3/29/86,0
3/30/86,0
3/31/86,0
4/1/86,0.31
4/2/86,10.53
4/3/86,15.84
4/4/86,4.68
4/5/86,0
4/6/86,0
4/7/86,0
4/8/86,6.47
4/9/86,0
4/10/86,0
4/11/86,0
4/12/86,0
4/13/86,0.5
4/14/86,0
4/15/86,0
4/16/86,0
4/17/86,0
4/18/86,16.59
4/19/86,13.66
4/20/86,0
4/21/86,0
4/22/86,0
4/23/86,0
4/24/86,0
4/25/86,0.62
4/26/86,26.53
4/27/86,9.58
4/28/86,0
4/29/86,0
4/30/86,0
5/1/86,0
5/2/86,9.16
5/3/86,0
5/4/86,0
5/5/86,0
5/6/86,0
5/7/86,0
5/8/86,0
5/9/86,0
5/10/86,0
5/11/86,0
5/12/86,0
5/13/86,0
5/14/86,0
5/15/86,0
5/16/86,0
5/17/86,11.92
5/18/86,0.31
5/19/86,0
5/20/86,0
5/21/86,0
5/22/86,0
5/23/86,0
5/24/86,0
5/25/86,0
5/26/86,2.91
5/27/86,11.71
5/28/86,15.67
5/29/86,13.65
5/30/86,5.42
5/31/86,28.08
6/1/86,8.01
6/2/86,5.62
6/3/86,3.6
6/4/86,10.09
6/5/86,2.64
6/6/86,0
6/7/86,5.67
6/8/86,9.69
6/9/86,12.94
6/10/86,0.64
6/11/86,0.83
6/12/86,0
6/13/86,0
6/14/86,0
6/15/86,0
6/16/86,6.65
6/17/86,0
6/18/86,4.2
6/19/86,0
6/20/86,0
6/21/86,0
6/22/86,0.69
6/23/86,1.32
6/24/86,5.94
6/25/86,6.81
6/26/86,32.1
6/27/86,3.94
6/28/86,2.92
6/29/86,0
6/30/86,0.51
7/1/86,0.39
7/2/86,0.59
7/3/86,0.51
7/4/86,1.73
7/5/86,7.9
7/6/86,2.09
7/7/86,3.85
7/8/86,15.65
7/9/86,2.68
7/10/86,2.75
7/11/86,0
7/12/86,0
7/13/86,0
7/14/86,0
7/15/86,0
7/16/86,8.95
7/17/86,1.2
7/18/86,13.4
7/19/86,8.31
7/20/86,25.11
7/21/86,25.7
7/22/86,8.39
7/23/86,2.88
7/24/86,0
7/25/86,0
7/26/86,0
7/27/86,0
7/28/86,0
7/29/86,0
7/30/86,0
7/31/86,0
8/1/86,0.86
8/2/86,4.31
8/3/86,0.72
8/4/86,0
8/5/86,1.95
8/6/86,0
8/7/86,2.79
8/8/86,2.95
8/9/86,8.67
8/10/86,9.3
8/11/86,3.54
8/12/86,1.15
8/13/86,0.92
8/14/86,0
8/15/86,0
8/16/86,0
8/17/86,0
8/18/86,0
8/19/86,0
8/20/86,1.3
8/21/86,1
8/22/86,3.16
8/23/86,18.3
8/24/86,7.59
8/25/86,14.69
8/26/86,6.94
8/27/86,3.17
8/28/86,0
8/29/86,0.33
8/30/86,0.95
8/31/86,1.07
9/1/86,0
9/2/86,3.22
9/3/86,1.02
9/4/86,2.82
9/5/86,0
9/6/86,10.19
9/7/86,4.66
9/8/86,8.72
9/9/86,3.35
9/10/86,5.63
9/11/86,1.8
9/12/86,0
9/13/86,5.34
9/14/86,8.78
9/15/86,0.78
9/16/86,2.5
9/17/86,0.92
9/18/86,0
9/19/86,0
9/20/86,0
9/21/86,0
9/22/86,0
9/23/86,1.71
9/24/86,4.84
9/25/86,3.05
9/26/86,0
9/27/86,0
9/28/86,0
9/29/86,1.36
9/30/86,0.65
10/1/86,0
10/2/86,0
10/3/86,1.56
10/4/86,0.39
10/5/86,4.15
10/6/86,2.67
10/7/86,0
10/8/86,0
10/9/86,4.25
10/10/86,2.61
10/11/86,6.31
10/12/86,11.47
10/13/86,1.44
10/14/86,0
10/15/86,0
10/16/86,0
10/17/86,0
10/18/86,1.33
10/19/86,22.58
10/20/86,10.7
10/21/86,7.56
10/22/86,0
10/23/86,0
10/24/86,0
10/25/86,0
10/26/86,0
10/27/86,0
10/28/86,0
10/29/86,0
10/30/86,0
10/31/86,5.7
11/1/86,7.8
11/2/86,21.15
11/3/86,9.86
11/4/86,3.95
11/5/86,0
11/6/86,5.81
11/7/86,11.41
11/8/86,3.34
11/9/86,0
11/10/86,0
11/11/86,0
11/12/86,0
11/13/86,0
11/14/86,0
11/15/86,0
11/16/86,0
11/17/86,0
11/18/86,0
11/19/86,10.01
11/20/86,0
11/21/86,0
11/22/86,11.46
11/23/86,11.29
11/24/86,0
11/25/86,0
11/26/86,0
11/27/86,0
11/28/86,0
11/29/86,0
11/30/86,0
12/1/86,0
12/2/86,0
12/3/86,0
12/4/86,0
12/5/86,0
12/6/86,2.27
12/7/86,5.46
12/8/86,2.3
12/9/86,9.9
12/10/86,3.4
12/11/86,0
12/12/86,0
12/13/86,0
12/14/86,0
12/15/86,0
12/16/86,0
12/17/86,2.63
12/18/86,2.56
12/19/86,0
12/20/86,0
12/21/86,0
12/22/86,0
12/23/86,0
12/24/86,3.09
12/25/86,0
12/26/86,0
12/27/86,0
12/28/86,0
12/29/86,0
12/30/86,0
12/31/86,0
1/1/87,0
1/2/87,5.44
1/3/87,0
1/4/87,0
1/5/87,0
1/6/87,3.85
1/7/87,16.34
1/8/87,4.14
1/9/87,1.67
1/10/87,1.41
1/11/87,0
1/12/87,0
1/13/87,0
1/14/87,0
1/15/87,12.43
1/16/87,7.69
1/17/87,3.98
1/18/87,4
1/19/87,6.35
1/20/87,0.95
1/21/87,0
1/22/87,0
1/23/87,0
1/24/87,0
1/25/87,0
1/26/87,0
1/27/87,0
1/28/87,0
1/29/87,0
1/30/87,0
1/31/87,12.01
2/1/87,4.74
2/2/87,0
2/3/87,0
2/4/87,0
2/5/87,0
2/6/87,0
2/7/87,0
2/8/87,0
2/9/87,0
2/10/87,0
2/11/87,0
2/12/87,2.92
2/13/87,1.81
2/14/87,0
2/15/87,4.9
2/16/87,5.03
2/17/87,2.07
2/18/87,12.96
2/19/87,7.92
2/20/87,1.35
2/21/87,1.58
2/22/87,0
2/23/87,0
2/24/87,6.8
2/25/87,22.54
2/26/87,7.72
2/27/87,11.12
2/28/87,0
3/1/87,0
3/2/87,0
3/3/87,0
3/4/87,0
3/5/87,0
3/6/87,0
3/7/87,0
3/8/87,0
3/9/87,5.46
3/10/87,3.19
3/11/87,0
3/12/87,0
3/13/87,0
3/14/87,0
3/15/87,3.95
3/16/87,2.01
3/17/87,2.1
3/18/87,0
3/19/87,0
3/20/87,0
3/21/87,0
3/22/87,0
3/23/87,1.85
3/24/87,6.23
3/25/87,9.4
3/26/87,0
3/27/87,0
3/28/87,0
3/29/87,10.12
3/30/87,4.25
3/31/87,0
4/1/87,0
4/2/87,0.45
4/3/87,0
4/4/87,13.54
4/5/87,4.17
4/6/87,1.42
4/7/87,0
4/8/87,0
4/9/87,0
4/10/87,0
4/11/87,0
4/12/87,5.71
4/13/87,2.61
4/14/87,0
4/15/87,0
4/16/87,0
4/17/87,0
4/18/87,0
4/19/87,0
4/20/87,0
4/21/87,0
4/22/87,0
4/23/87,0
4/24/87,0
4/25/87,0
4/26/87,0
4/27/87,3.9
4/28/87,0
4/29/87,0
4/30/87,2.18
5/1/87,1.15
5/2/87,0
5/3/87,1.18
5/4/87,3.23
5/5/87,6.43
5/6/87,1.92
5/7/87,1.17
5/8/87,0
5/9/87,0
5/10/87,0
5/11/87,9.84
5/12/87,8.05
5/13/87,2.27
5/14/87,9.28
5/15/87,2.45
5/16/87,1.11
5/17/87,0
5/18/87,1.75
5/19/87,2
5/20/87,9.46
5/21/87,0.84
5/22/87,13.23
5/23/87,4.54
5/24/87,1.56
5/25/87,0
5/26/87,0
5/27/87,0
5/28/87,0
5/29/87,0
5/30/87,0
5/31/87,0
6/1/87,0
6/2/87,0
6/3/87,0
6/4/87,0
6/5/87,0
6/6/87,0
6/7/87,2.98
6/8/87,12.08
6/9/87,7.41
6/10/87,1.65
6/11/87,0
6/12/87,0
6/13/87,3.43
6/14/87,0
6/15/87,7.88
6/16/87,0
6/17/87,0
6/18/87,0
6/19/87,0
6/20/87,0
6/21/87,0
6/22/87,0
6/23/87,0
6/24/87,0
6/25/87,0
6/26/87,2.53
6/27/87,1.58
6/28/87,0
6/29/87,3.4
6/30/87,0
7/1/87,0
7/2/87,0
7/3/87,0
7/4/87,0
7/5/87,0
7/6/87,7.66
7/7/87,0
7/8/87,0
7/9/87,0
7/10/87,0
7/11/87,0
7/12/87,0
7/13/87,0
7/14/87,0
7/15/87,0
7/16/87,0.72
7/17/87,0
7/18/87,0
7/19/87,0
7/20/87,7.81
7/21/87,8.94
7/22/87,0
7/23/87,0
7/24/87,0
7/25/87,0
7/26/87,0
7/27/87,0
7/28/87,0
7/29/87,0
7/30/87,0
7/31/87,0
8/1/87,5.94
8/2/87,0
8/3/87,9.64
8/4/87,9.82
8/5/87,3.09
8/6/87,2.07
8/7/87,0.39
8/8/87,3.86
8/9/87,3.13
8/10/87,0
8/11/87,17.33
8/12/87,6.45
8/13/87,1.65
8/14/87,0
8/15/87,0
8/16/87,0
8/17/87,0
8/18/87,0
8/19/87,0
8/20/87,0
8/21/87,0
8/22/87,20.73
8/23/87,18.58
8/24/87,5.42
8/25/87,2.53
8/26/87,6.19
8/27/87,3.56
8/28/87,0
8/29/87,0
8/30/87,0
8/31/87,0
9/1/87,4.62
9/2/87,0
9/3/87,0
9/4/87,0
9/5/87,0
9/6/87,5.51
9/7/87,6.58
9/8/87,0
9/9/87,0.75
9/10/87,0
9/11/87,0
9/12/87,0
9/13/87,0
9/14/87,0
9/15/87,0
9/16/87,0
9/17/87,2.4
9/18/87,0
9/19/87,0
9/20/87,0
9/21/87,1.45
9/22/87,0
9/23/87,0
9/24/87,0
9/25/87,0
9/26/87,3.15
9/27/87,1.75
9/28/87,0
9/29/87,0
9/30/87,0
10/1/87,0
10/2/87,0
10/3/87,0
10/4/87,0
10/5/87,0
10/6/87,1.74
10/7/87,0
10/8/87,0
10/9/87,0
10/10/87,0
10/11/87,0
10/12/87,0
10/13/87,0
10/14/87,1.9
10/15/87,0
10/16/87,0
10/17/87,0
10/18/87,0
10/19/87,0
10/20/87,0
10/21/87,0
10/22/87,0
10/23/87,0
10/24/87,0
10/25/87,0.99
10/26/87,0
10/27/87,0
10/28/87,0
10/29/87,0
10/30/87,11.36
10/31/87,0
11/1/87,6.4
11/2/87,11.59
11/3/87,0
11/4/87,0
11/5/87,0
11/6/87,4.54
11/7/87,4.5
11/8/87,0
11/9/87,0
11/10/87,0
11/11/87,0
11/12/87,0
11/13/87,0
11/14/87,0
11/15/87,8.74
11/16/87,0
11/17/87,0
11/18/87,6.91
11/19/87,0
11/20/87,0
11/21/87,0
11/22/87,0
11/23/87,0
11/24/87,0
11/25/87,0
11/26/87,8
11/27/87,9.64
11/28/87,0
11/29/87,0
11/30/87,0
12/1/87,0
12/2/87,0
12/3/87,0
12/4/87,0
12/5/87,0
12/6/87,0
12/7/87,0
12/8/87,0
12/9/87,0
12/10/87,0
12/11/87,0
12/12/87,13.48
12/13/87,8.78
12/14/87,2.76
12/15/87,0
12/16/87,0
12/17/87,4.75
12/18/87,3.66
12/19/87,0
12/20/87,0
12/21/87,0
12/22/87,0
12/23/87,0
12/24/87,5.94
12/25/87,5.05
12/26/87,2.4
12/27/87,0
12/28/87,0
12/29/87,0
12/30/87,0
12/31/87,0
1/1/88,0
1/2/88,0
1/3/88,0
1/4/88,0
1/5/88,0
1/6/88,19.83
1/7/88,6.72
1/8/88,0
1/9/88,0
1/10/88,0
1/11/88,0
1/12/88,0
1/13/88,0
1/14/88,0
1/15/88,0
1/16/88,0
1/17/88,16.3
1/18/88,1.68
1/19/88,23.09
1/20/88,0
1/21/88,0.87
1/22/88,0
1/23/88,0
1/24/88,0.96
1/25/88,0
1/26/88,0
1/27/88,0
1/28/88,0
1/29/88,0
1/30/88,0
1/31/88,0
2/1/88,0
2/2/88,0
2/3/88,6.83
2/4/88,0
2/5/88,0
2/6/88,0
2/7/88,0
2/8/88,0
2/9/88,0
2/10/88,0
2/11/88,0
2/12/88,0
2/13/88,0
2/14/88,0
2/15/88,0
2/16/88,8.76
2/17/88,1.14
2/18/88,0
2/19/88,0
2/20/88,0
2/21/88,0
2/22/88,0
2/23/88,0
2/24/88,0
2/25/88,0
2/26/88,0
2/27/88,0
2/28/88,0
2/29/88,0
3/1/88,0
3/2/88,0.51
3/3/88,0
3/4/88,0
3/5/88,0
3/6/88,0
3/7/88,0
3/8/88,0
3/9/88,0
3/10/88,0
3/11/88,0
3/12/88,0
3/13/88,2.99
3/14/88,0
3/15/88,0
3/16/88,12.36
3/17/88,10.3
3/18/88,0
3/19/88,0
3/20/88,0
3/21/88,0
3/22/88,0
3/23/88,0
3/24/88,0
3/25/88,0
3/26/88,0
3/27/88,0
3/28/88,0
3/29/88,0
3/30/88,0
3/31/88,6.79
4/1/88,12.36
4/2/88,0.54
4/3/88,0
4/4/88,0
4/5/88,0
4/6/88,0
4/7/88,0
4/8/88,0
4/9/88,0
4/10/88,0
4/11/88,0
4/12/88,0
4/13/88,0
4/14/88,0
4/15/88,0
4/16/88,21.85
4/17/88,9.13
4/18/88,0.71
4/19/88,0
4/20/88,0
4/21/88,0
4/22/88,4.46
4/23/88,1.37
4/24/88,0
4/25/88,0.46
4/26/88,0
4/27/88,0
4/28/88,0
4/29/88,0
4/30/88,0
5/1/88,0
5/2/88,1.98
5/3/88,0
5/4/88,0
5/5/88,0
5/6/88,0
5/7/88,0
5/8/88,0
5/9/88,0
5/10/88,0
5/11/88,0
5/12/88,0
5/13/88,0
5/14/88,0
5/15/88,0
5/16/88,0
5/17/88,14.98
5/18/88,8.86
5/19/88,3.22
5/20/88,4.21
5/21/88,8.42
5/22/88,0
5/23/88,0
5/24/88,0
5/25/88,1.65
5/26/88,0
5/27/88,6.36
5/28/88,0
5/29/88,0
5/30/88,0
5/31/88,0
6/1/88,0
6/2/88,0
6/3/88,0
6/4/88,0
6/5/88,0.28
6/6/88,0.57
6/7/88,0
6/8/88,0
6/9/88,17.57
6/10/88,15.97
6/11/88,7.54
6/12/88,9.58
6/13/88,0
6/14/88,0
6/15/88,5.59
6/16/88,5
6/17/88,0
6/18/88,0
6/19/88,0
6/20/88,0
6/21/88,0
6/22/88,8.76
6/23/88,0
6/24/88,9.18
6/25/88,13.01
6/26/88,18.36
6/27/88,6.05
6/28/88,5.39
6/29/88,7.02
6/30/88,0
7/1/88,4.13
7/2/88,2.68
7/3/88,3.17
7/4/88,0
7/5/88,5.42
7/6/88,7.66
7/7/88,2.33
7/8/88,0
7/9/88,16.11
7/10/88,4.13
7/11/88,0.54
7/12/88,0
7/13/88,0
7/14/88,0
7/15/88,1.75
7/16/88,5.79
7/17/88,7.11
7/18/88,0.43
7/19/88,5.19
7/20/88,12.1
7/21/88,0.6
7/22/88,0
7/23/88,0
7/24/88,0
7/25/88,0
7/26/88,0
7/27/88,7.24
7/28/88,3.21
7/29/88,10.98
7/30/88,6.94
7/31/88,1
8/1/88,0.76
8/2/88,20.5
8/3/88,3.3
8/4/88,7.35
8/5/88,10.56
8/6/88,12.12
8/7/88,3.26
8/8/88,0
8/9/88,1.99
8/10/88,7.4
8/11/88,1.28
8/12/88,0
8/13/88,0
8/14/88,0
8/15/88,2.68
8/16/88,18.59
8/17/88,10.06
8/18/88,9.26
8/19/88,2.87
8/20/88,0
8/21/88,0
8/22/88,2
8/23/88,1.73
8/24/88,10.1
8/25/88,1.8
8/26/88,3.66
8/27/88,17.94
8/28/88,14.42
8/29/88,3.53
8/30/88,1.35
8/31/88,0
9/1/88,10.59
9/2/88,3.63
9/3/88,0
9/4/88,0
9/5/88,0
9/6/88,0
9/7/88,0
9/8/88,0
9/9/88,0
9/10/88,0
9/11/88,4.22
9/12/88,19.09
9/13/88,17.32
9/14/88,5.33
9/15/88,0
9/16/88,0
9/17/88,0
9/18/88,0
9/19/88,0
9/20/88,0.69
9/21/88,2.18
9/22/88,3.36
9/23/88,3.73
9/24/88,0
9/25/88,0
9/26/88,0
9/27/88,0
9/28/88,0
9/29/88,0
9/30/88,0
10/1/88,0
10/2/88,0
10/3/88,0
10/4/88,4
10/5/88,4.79
10/6/88,1.47
10/7/88,1.32
10/8/88,1.43
10/9/88,0
10/10/88,0
10/11/88,0
10/12/88,0
10/13/88,0
10/14/88,0
10/15/88,0
10/16/88,0
10/17/88,0
10/18/88,0
10/19/88,0
10/20/88,0
10/21/88,0
10/22/88,0
10/23/88,0
10/24/88,0
10/25/88,0
10/26/88,0
10/27/88,0
10/28/88,0
10/29/88,0
10/30/88,0
10/31/88,0
11/1/88,0
11/2/88,0
11/3/88,0
11/4/88,0
11/5/88,0
11/6/88,0
11/7/88,0
11/8/88,9.7
11/9/88,9.24
11/10/88,6.35
11/11/88,13.61
11/12/88,4.57
11/13/88,0
11/14/88,5.36
11/15/88,6.07
11/16/88,7.81
11/17/88,0
11/18/88,7.06
11/19/88,4.53
11/20/88,0
11/21/88,0
11/22/88,0
11/23/88,0
11/24/88,0
11/25/88,2.11
11/26/88,8.48
11/27/88,0
11/28/88,0
11/29/88,0
11/30/88,0
12/1/88,0
12/2/88,0
12/3/88,0
12/4/88,0
12/5/88,0
12/6/88,0
12/7/88,6.2
12/8/88,3.54
12/9/88,0
12/10/88,0
12/11/88,0
12/12/88,0
12/13/88,0
12/14/88,4.94
12/15/88,0.82
12/16/88,0
12/17/88,0
12/18/88,0
12/19/88,3.26
12/20/88,1.51
12/21/88,0
12/22/88,0
12/23/88,11.08
12/24/88,1.64
12/25/88,0
12/26/88,0
12/27/88,0
12/28/88,0
12/29/88,0
12/30/88,0
12/31/88,0
1/1/89,0
1/2/89,0
1/3/89,0
1/4/89,0
1/5/89,14.32
1/6/89,3.75
1/7/89,0
1/8/89,0
1/9/89,0
1/10/89,0
1/11/89,5.12
1/12/89,4.57
1/13/89,0
1/14/89,0
1/15/89,0
1/16/89,0
1/17/89,0
1/18/89,0
1/19/89,0
1/20/89,0
1/21/89,0
1/22/89,0
1/23/89,0
1/24/89,2.31
1/25/89,5.87
1/26/89,13.77
1/27/89,0.95
1/28/89,7.72
1/29/89,2.14
1/30/89,0
1/31/89,0
2/1/89,0
2/2/89,0
2/3/89,0
2/4/89,10.01
2/5/89,22.13
2/6/89,21.68
2/7/89,0
2/8/89,0
2/9/89,0
2/10/89,0
2/11/89,0
2/12/89,0
2/13/89,0
2/14/89,0
2/15/89,0
2/16/89,0
2/17/89,0
2/18/89,0
2/19/89,4.2
2/20/89,9.16
2/21/89,3.8
2/22/89,0
2/23/89,0
2/24/89,0
2/25/89,0
2/26/89,0
2/27/89,0
2/28/89,0
3/1/89,0
3/2/89,3.69
3/3/89,3.94
3/4/89,12.1
3/5/89,0
3/6/89,0
3/7/89,0
3/8/89,0
3/9/89,0
3/10/89,0
3/11/89,0
3/12/89,0
3/13/89,0
3/14/89,0
3/15/89,0
3/16/89,0
3/17/89,0
3/18/89,0
3/19/89,0
3/20/89,5.7
3/21/89,4.04
3/22/89,0
3/23/89,0
3/24/89,0
3/25/89,0
3/26/89,0
3/27/89,0
3/28/89,0
3/29/89,0
3/30/89,0
3/31/89,0
4/1/89,0
4/2/89,0
4/3/89,0
4/4/89,0
4/5/89,0
4/6/89,0
4/7/89,0
4/8/89,0
4/9/89,0
4/10/89,0
4/11/89,0
4/12/89,0
4/13/89,20.7
4/14/89,0
4/15/89,0
4/16/89,0
4/17/89,0
4/18/89,0
4/19/89,0
4/20/89,0
4/21/89,0
4/22/89,0
4/23/89,0
4/24/89,0
4/25/89,0
4/26/89,0
4/27/89,0
4/28/89,0
4/29/89,0
4/30/89,0
5/1/89,0
5/2/89,0
5/3/89,0
5/4/89,0
5/5/89,0
5/6/89,0
5/7/89,0
5/8/89,1.26
5/9/89,21.14
5/10/89,27.05
5/11/89,7.43
5/12/89,0
5/13/89,0
5/14/89,0
5/15/89,2.19
5/16/89,1.39
5/17/89,0
5/18/89,2
5/19/89,0
5/20/89,0
5/21/89,0
5/22/89,0
5/23/89,0
5/24/89,0
5/25/89,0
5/26/89,0
5/27/89,0.45
5/28/89,0
5/29/89,0
5/30/89,0
5/31/89,0
6/1/89,1.26
6/2/89,1
6/3/89,3.57
6/4/89,5.51
6/5/89,0
6/6/89,0
6/7/89,0
6/8/89,10.53
6/9/89,3.76
6/10/89,0
6/11/89,0
6/12/89,13.08
6/13/89,8.3
6/14/89,5.66
6/15/89,0
6/16/89,0
6/17/89,0
6/18/89,0
6/19/89,0
6/20/89,0
6/21/89,0
6/22/89,0
6/23/89,0
6/24/89,0
6/25/89,0
6/26/89,0
6/27/89,0
6/28/89,0
6/29/89,0
6/30/89,0
7/1/89,0
7/2/89,0
7/3/89,0
7/4/89,0
7/5/89,6.18
7/6/89,0
7/7/89,0
7/8/89,0
7/9/89,0
7/10/89,1.38
7/11/89,1.38
7/12/89,2.95
7/13/89,3.67
7/14/89,1.05
7/15/89,0
7/16/89,0
7/17/89,0
7/18/89,0
7/19/89,3
7/20/89,2.08
7/21/89,9.93
7/22/89,6.25
7/23/89,9.9
7/24/89,13.55
7/25/89,15.11
7/26/89,5.83
7/27/89,1.17
7/28/89,0
7/29/89,2.37
7/30/89,1.98
7/31/89,12.5
8/1/89,3.58
8/2/89,0.97
8/3/89,0
8/4/89,0
8/5/89,0.26
8/6/89,0.45
8/7/89,5.72
8/8/89,1.86
8/9/89,0
8/10/89,1.5
8/11/89,3.65
8/12/89,3.83
8/13/89,17.37
8/14/89,5.94
8/15/89,0.63
8/16/89,0.26
8/17/89,3.5
8/18/89,4.76
8/19/89,0
8/20/89,1.24
8/21/89,8.44
8/22/89,0
8/23/89,0
8/24/89,0
8/25/89,0
8/26/89,0
8/27/89,0
8/28/89,5.01
8/29/89,0
8/30/89,6.61
8/31/89,0
9/1/89,0
9/2/89,0
9/3/89,0
9/4/89,5.56
9/5/89,2.28
9/6/89,7.97
9/7/89,0
9/8/89,0
9/9/89,0
9/10/89,0
9/11/89,1.52
9/12/89,3.59
9/13/89,8.5
9/14/89,0
9/15/89,0
9/16/89,0
9/17/89,0
9/18/89,0
9/19/89,20.94
9/20/89,18.73
9/21/89,0
9/22/89,0
9/23/89,0
9/24/89,0
9/25/89,0
9/26/89,0
9/27/89,0
9/28/89,0
9/29/89,0
9/30/89,0
10/1/89,0
10/2/89,0
10/3/89,10.2
10/4/89,14.57
10/5/89,23.31
10/6/89,9.43
10/7/89,0
10/8/89,0
10/9/89,0
10/10/89,0
10/11/89,0
10/12/89,0
10/13/89,0
10/14/89,0
10/15/89,0
10/16/89,0.28
10/17/89,2.15
10/18/89,0.46
10/19/89,0
10/20/89,0
10/21/89,0
10/22/89,0
10/23/89,0
10/24/89,0
10/25/89,0
10/26/89,0
10/27/89,0
10/28/89,0
10/29/89,0
10/30/89,0
10/31/89,0
11/1/89,0
11/2/89,0
11/3/89,0
11/4/89,0
11/5/89,0
11/6/89,0
11/7/89,0
11/8/89,0
11/9/89,0
11/10/89,0
11/11/89,0
11/12/89,0
11/13/89,0
11/14/89,0
11/15/89,0
11/16/89,0
11/17/89,0
11/18/89,0
11/19/89,0
11/20/89,0
11/21/89,0
11/22/89,0
11/23/89,0
11/24/89,0
11/25/89,0
11/26/89,2.99
11/27/89,0
11/28/89,0
11/29/89,0
11/30/89,10.35
12/1/89,6.76
12/2/89,5.59
12/3/89,0
12/4/89,0
12/5/89,0
12/6/89,1.82
12/7/89,2.45
12/8/89,0
12/9/89,0
12/10/89,0
12/11/89,3.04
12/12/89,0.33
12/13/89,0
12/14/89,0
12/15/89,0
12/16/89,1.21
12/17/89,0
12/18/89,0
12/19/89,0
12/20/89,0
12/21/89,0
12/22/89,0
12/23/89,0
12/24/89,0
12/25/89,0
12/26/89,0
12/27/89,0
12/28/89,0
12/29/89,0
12/30/89,1.79
12/31/89,4.39
1/1/90,0
1/2/90,5.11
1/3/90,4.53
1/4/90,4.68
1/5/90,0
1/6/90,0
1/7/90,0
1/8/90,0
1/9/90,0
1/10/90,0
1/11/90,0
1/12/90,0
1/13/90,0
1/14/90,0
1/15/90,0
1/16/90,0
1/17/90,1.55
1/18/90,8.14
1/19/90,34.72
1/20/90,6.94
1/21/90,0
1/22/90,0
1/23/90,0
1/24/90,0
1/25/90,0
1/26/90,0
1/27/90,0
1/28/90,0
1/29/90,0
1/30/90,0
1/31/90,0
2/1/90,0
2/2/90,4.19
2/3/90,1.14
2/4/90,0
2/5/90,2.01
2/6/90,2.24
2/7/90,0
2/8/90,4.23
2/9/90,0
2/10/90,0
2/11/90,0
2/12/90,0
2/13/90,0
2/14/90,7.84
2/15/90,15.21
2/16/90,0
2/17/90,0
2/18/90,0
2/19/90,14.58
2/20/90,9.21
2/21/90,11.01
2/22/90,0
2/23/90,0
2/24/90,0
2/25/90,0
2/26/90,0
2/27/90,5.75
2/28/90,7.73
3/1/90,0.44
3/2/90,0
3/3/90,0
3/4/90,0.29
3/5/90,2.6
3/6/90,13.03
3/7/90,6.81
3/8/90,1.83
3/9/90,0.29
3/10/90,0
3/11/90,0.84
3/12/90,1.85
3/13/90,1.16
3/14/90,6.31
3/15/90,1.87
3/16/90,0
3/17/90,0
3/18/90,0
3/19/90,3.55
3/20/90,0
3/21/90,0
3/22/90,0
3/23/90,0
3/24/90,0
3/25/90,0
3/26/90,0
3/27/90,0
3/28/90,1.29
3/29/90,5.98
3/30/90,7.09
3/31/90,1.97
4/1/90,3.71
4/2/90,3.51
4/3/90,0
4/4/90,0
4/5/90,3.32
4/6/90,2.56
4/7/90,8.25
4/8/90,5.26
4/9/90,0.71
4/10/90,0
4/11/90,0
4/12/90,0
4/13/90,0
4/14/90,0
4/15/90,0
4/16/90,0
4/17/90,3.1
4/18/90,4.56
4/19/90,5.68
4/20/90,0
4/21/90,2.61
4/22/90,0
4/23/90,0.84
4/24/90,1.21
4/25/90,1.5
4/26/90,2.54
4/27/90,0
4/28/90,0
4/29/90,0
4/30/90,6.11
5/1/90,2.15
5/2/90,10.61
5/3/90,10.73
5/4/90,2.38
5/5/90,5.86
5/6/90,0
5/7/90,0
5/8/90,0
5/9/90,0
5/10/90,0
5/11/90,0
5/12/90,0
5/13/90,0
5/14/90,0
5/15/90,0
5/16/90,0
5/17/90,0
5/18/90,0
5/19/90,0
5/20/90,0
5/21/90,0
5/22/90,0
5/23/90,0
5/24/90,0
5/25/90,0
5/26/90,0
5/27/90,0
5/28/90,4.97
5/29/90,2.14
5/30/90,0.31
5/31/90,0
6/1/90,0
6/2/90,0
6/3/90,0
6/4/90,0
6/5/90,0
6/6/90,0
6/7/90,0
6/8/90,0
6/9/90,5.59
6/10/90,3.86
6/11/90,1.75
6/12/90,0
6/13/90,0
6/14/90,0
6/15/90,0
6/16/90,0
6/17/90,0
6/18/90,0
6/19/90,0
6/20/90,0
6/21/90,0
6/22/90,0
6/23/90,0
6/24/90,0
6/25/90,1.29
6/26/90,0
6/27/90,0.51
6/28/90,2.34
6/29/90,0
6/30/90,0
7/1/90,0
7/2/90,0.67
7/3/90,5.82
7/4/90,3.61
7/5/90,2.51
7/6/90,0.3
7/7/90,0.67
7/8/90,16.99
7/9/90,7.94
7/10/90,5.02
7/11/90,4.54
7/12/90,18.48
7/13/90,9.85
7/14/90,4.52
7/15/90,2.07
7/16/90,1.34
7/17/90,0
7/18/90,2.45
7/19/90,11.19
7/20/90,5.88
7/21/90,12.11
7/22/90,4.52
7/23/90,4.66
7/24/90,3.78
7/25/90,0
7/26/90,0
7/27/90,0
7/28/90,5.27
7/29/90,8.81
7/30/90,11.91
7/31/90,3.56
8/1/90,6.88
8/2/90,9.3
8/3/90,1.85
8/4/90,5.65
8/5/90,13.84
8/6/90,9.71
8/7/90,2.57
8/8/90,0
8/9/90,0
8/10/90,4.97
8/11/90,0
8/12/90,1.55
8/13/90,5.21
8/14/90,4.38
8/15/90,5.18
8/16/90,1.54
8/17/90,2.05
8/18/90,1.96
8/19/90,13.02
8/20/90,11
8/21/90,3.36
8/22/90,1.84
8/23/90,0
8/24/90,0
8/25/90,0
8/26/90,0
8/27/90,0
8/28/90,0
8/29/90,0
8/30/90,0
8/31/90,0
9/1/90,0
9/2/90,0
9/3/90,0
9/4/90,0
9/5/90,0
9/6/90,3.9
9/7/90,6.31
9/8/90,13.04
9/9/90,0
9/10/90,1.08
9/11/90,0
9/12/90,0
9/13/90,0
9/14/90,0
9/15/90,1.06
9/16/90,11.69
9/17/90,12.69
9/18/90,3.83
9/19/90,5.59
9/20/90,2.77
9/21/90,1.41
9/22/90,0.36
9/23/90,8.27
9/24/90,0.94
9/25/90,0
9/26/90,0
9/27/90,1.11
9/28/90,11.75
9/29/90,17.01
9/30/90,4.81
10/1/90,2.61
10/2/90,0.78
10/3/90,0
10/4/90,0
10/5/90,0
10/6/90,0
10/7/90,0
10/8/90,3.09
10/9/90,0
10/10/90,0
10/11/90,0
10/12/90,0
10/13/90,0
10/14/90,0
10/15/90,0
10/16/90,0
10/17/90,0
10/18/90,0
10/19/90,0
10/20/90,15.57
10/21/90,21.32
10/22/90,0
10/23/90,0
10/24/90,0
10/25/90,0
10/26/90,0
10/27/90,0
10/28/90,0
10/29/90,0
10/30/90,0
10/31/90,0
11/1/90,0.75
11/2/90,9.62
11/3/90,22.53
11/4/90,4.62
11/5/90,0
11/6/90,3.66
11/7/90,3.61
11/8/90,4.6
11/9/90,0
11/10/90,0
11/11/90,0
11/12/90,0
11/13/90,0
11/14/90,0
11/15/90,0
11/16/90,0
11/17/90,0
11/18/90,0
11/19/90,0
11/20/90,0
11/21/90,0
11/22/90,0
11/23/90,0
11/24/90,0
11/25/90,0
11/26/90,1.87
11/27/90,13.32
11/28/90,0
11/29/90,0
11/30/90,0
12/1/90,0
12/2/90,0
12/3/90,0
12/4/90,0.27
12/5/90,0.53
12/6/90,0
12/7/90,0.27
12/8/90,1.11
12/9/90,0
12/10/90,0
12/11/90,0
12/12/90,0
12/13/90,10.46
12/14/90,13.59
12/15/90,0
12/16/90,8.41
12/17/90,12.93
12/18/90,3.97
12/19/90,0
12/20/90,0
12/21/90,12.39
12/22/90,13.36
12/23/90,3.98
12/24/90,0
12/25/90,0
12/26/90,0
12/27/90,0
12/28/90,0.98
12/29/90,3.6
12/30/90,9.57
12/31/90,0
1/1/91,0
1/2/91,0
1/3/91,0
1/4/91,3.38
1/5/91,8.54
1/6/91,0
1/7/91,0
1/8/91,0
1/9/91,0
1/10/91,0
1/11/91,0
1/12/91,0
1/13/91,0
1/14/91,0
1/15/91,0
1/16/91,0
1/17/91,0
1/18/91,0
1/19/91,0
1/20/91,0
1/21/91,3.75
1/22/91,3.55
1/23/91,0
1/24/91,0
1/25/91,0
1/26/91,0
1/27/91,0
1/28/91,0
1/29/91,0
1/30/91,0
1/31/91,0
2/1/91,0
2/2/91,0
2/3/91,0
2/4/91,0
2/5/91,0
2/6/91,0
2/7/91,0
2/8/91,0
2/9/91,0
2/10/91,0
2/11/91,0
2/12/91,0
2/13/91,0
2/14/91,0
2/15/91,0
2/16/91,0
2/17/91,4.51
2/18/91,0.65
2/19/91,7.52
2/20/91,0
2/21/91,0
2/22/91,0
2/23/91,0
2/24/91,0
2/25/91,3.79
2/26/91,0
2/27/91,0
2/28/91,0
3/1/91,9.79
3/2/91,27.22
3/3/91,1.73
3/4/91,0
3/5/91,13.08
3/6/91,0
3/7/91,0
3/8/91,0
3/9/91,0
3/10/91,0
3/11/91,0
3/12/91,0
3/13/91,0
3/14/91,0
3/15/91,4.76
3/16/91,11.05
3/17/91,8.64
3/18/91,0
3/19/91,0
3/20/91,3.88
3/21/91,0
3/22/91,0.6
3/23/91,10.19
3/24/91,0
3/25/91,0
3/26/91,0
3/27/91,5.72
3/28/91,0
3/29/91,0
3/30/91,8.33
3/31/91,0
4/1/91,0
4/2/91,4.48
4/3/91,0
4/4/91,0
4/5/91,0
4/6/91,0
4/7/91,0
4/8/91,0
4/9/91,0
4/10/91,0
4/11/91,0
4/12/91,0
4/13/91,0
4/14/91,1.18
4/15/91,0
4/16/91,0
4/17/91,0
4/18/91,0
4/19/91,0
4/20/91,0
4/21/91,0
4/22/91,0
4/23/91,0
4/24/91,0
4/25/91,0
4/26/91,0
4/27/91,4.2
4/28/91,0
4/29/91,0
4/30/91,0
5/1/91,0
5/2/91,0
5/3/91,0
5/4/91,0
5/5/91,0
5/6/91,0
5/7/91,0
5/8/91,0
5/9/91,0
5/10/91,0
5/11/91,0
5/12/91,0
5/13/91,0
5/14/91,0
5/15/91,0
5/16/91,0
5/17/91,0
5/18/91,0
5/19/91,0
5/20/91,25.14
5/21/91,51.14
5/22/91,43.41
5/23/91,0
5/24/91,0
5/25/91,0
5/26/91,0
5/27/91,0
5/28/91,0
5/29/91,0
5/30/91,0
5/31/91,0
6/1/91,0
6/2/91,0
6/3/91,0
6/4/91,0
6/5/91,0
6/6/91,1.54
6/7/91,1.84
6/8/91,0
6/9/91,0
6/10/91,18.54
6/11/91,4.23
6/12/91,6.23
6/13/91,1.27
6/14/91,2.58
6/15/91,5.7
6/16/91,1.39
6/17/91,0
6/18/91,0
6/19/91,0
6/20/91,11.27
6/21/91,1.54
6/22/91,0
6/23/91,0
6/24/91,0
6/25/91,0
6/26/91,0
6/27/91,0
6/28/91,3.27
6/29/91,31.94
6/30/91,9.51
7/1/91,0
7/2/91,0
7/3/91,3.97
7/4/91,4.73
7/5/91,0
7/6/91,0
7/7/91,1.49
7/8/91,1.5
7/9/91,0
7/10/91,1.94
7/11/91,12.39
7/12/91,2.93
7/13/91,0.76
7/14/91,1.59
7/15/91,1.23
7/16/91,0
7/17/91,5.89
7/18/91,5.86
7/19/91,7.89
7/20/91,8.06
7/21/91,21.19
7/22/91,27.17
7/23/91,12.59
7/24/91,9.12
7/25/91,12.6
7/26/91,11.12
7/27/91,3.49
7/28/91,0
7/29/91,0
7/30/91,9.09
7/31/91,0
8/1/91,0.98
8/2/91,16.49
8/3/91,21.78
8/4/91,16.43
8/5/91,10.64
8/6/91,8.71
8/7/91,6.95
8/8/91,2.09
8/9/91,2.78
8/10/91,26.29
8/11/91,0.45
8/12/91,7.32
8/13/91,21.71
8/14/91,12.01
8/15/91,1.91
8/16/91,2.41
8/17/91,12.77
8/18/91,4.13
8/19/91,1.87
8/20/91,8.45
8/21/91,5.6
8/22/91,5.88
8/23/91,1.61
8/24/91,1.51
8/25/91,2.8
8/26/91,3.12
8/27/91,0
8/28/91,0
8/29/91,1.03
8/30/91,0.88
8/31/91,0
9/1/91,0
9/2/91,0.93
9/3/91,3.1
9/4/91,3.96
9/5/91,1.09
9/6/91,13.78
9/7/91,8.05
9/8/91,0
9/9/91,17.78
9/10/91,23.71
9/11/91,0.68
9/12/91,12.67
9/13/91,2.89
9/14/91,0
9/15/91,0
9/16/91,0
9/17/91,0
9/18/91,0
9/19/91,0
9/20/91,0
9/21/91,0
9/22/91,0
9/23/91,0
9/24/91,0
9/25/91,0
9/26/91,0
9/27/91,0.72
9/28/91,0
9/29/91,0
9/30/91,0.48
10/1/91,0
10/2/91,0
10/3/91,0
10/4/91,0
10/5/91,0
10/6/91,0
10/7/91,0
10/8/91,0
10/9/91,0
10/10/91,0
10/11/91,0
10/12/91,0
10/13/91,0
10/14/91,0
10/15/91,0
10/16/91,0
10/17/91,0
10/18/91,0
10/19/91,0
10/20/91,0
10/21/91,0
10/22/91,0
10/23/91,0
10/24/91,0
10/25/91,0
10/26/91,0
10/27/91,0
10/28/91,0
10/29/91,0
10/30/91,6.07
10/31/91,14.69
11/1/91,2.29
11/2/91,4.01
11/3/91,1.22
11/4/91,0
11/5/91,0.35
11/6/91,0
11/7/91,0
11/8/91,0
11/9/91,0
11/10/91,0
11/11/91,7.59
11/12/91,14.57
11/13/91,0
11/14/91,2.03
11/15/91,28.98
11/16/91,23.04
11/17/91,13.77
11/18/91,1.56
11/19/91,5.41
11/20/91,0
11/21/91,0
11/22/91,0
11/23/91,0
11/24/91,0
11/25/91,0
11/26/91,0
11/27/91,0
11/28/91,0
11/29/91,0.71
11/30/91,7.79
12/1/91,1.19
12/2/91,0
12/3/91,0
12/4/91,0
12/5/91,0
12/6/91,0
12/7/91,0
12/8/91,0
12/9/91,0
12/10/91,0
12/11/91,12.45
12/12/91,27.44
12/13/91,0
12/14/91,0
12/15/91,0
12/16/91,0
12/17/91,0
12/18/91,6.2
12/19/91,14.46
12/20/91,2.65
12/21/91,0
12/22/91,2.14
12/23/91,0
12/24/91,0
12/25/91,0
12/26/91,0
12/27/91,0
12/28/91,0
12/29/91,0
12/30/91,0
12/31/91,1.61
1/1/92,0
1/2/92,0
1/3/92,0
1/4/92,1.09
1/5/92,0
1/6/92,7.9
1/7/92,20.09
1/8/92,0
1/9/92,0
1/10/92,0
1/11/92,0.51
1/12/92,4.55
1/13/92,0
1/14/92,0
1/15/92,0
1/16/92,0
1/17/92,0
1/18/92,0
1/19/92,0
1/20/92,0
1/21/92,0
1/22/92,0
1/23/92,0
1/24/92,0
1/25/92,0
1/26/92,0
1/27/92,0
1/28/92,0
1/29/92,0
1/30/92,0
1/31/92,0
2/1/92,0
2/2/92,0
2/3/92,0.68
2/4/92,0
2/5/92,0
2/6/92,0
2/7/92,0
2/8/92,0
2/9/92,1.1
2/10/92,0
2/11/92,0
2/12/92,0
2/13/92,0
2/14/92,7.06
2/15/92,1.34
2/16/92,6.46
2/17/92,5.46
2/18/92,0
2/19/92,0
2/20/92,0
2/21/92,0
2/22/92,0
2/23/92,0
2/24/92,0
2/25/92,3.52
2/26/92,0
2/27/92,0
2/28/92,0
2/29/92,0
3/1/92,0
3/2/92,0
3/3/92,0
3/4/92,19.83
3/5/92,9.99
3/6/92,1.82
3/7/92,0
3/8/92,0
3/9/92,1.29
3/10/92,0
3/11/92,0
3/12/92,0
3/13/92,0
3/14/92,0
3/15/92,0
3/16/92,0
3/17/92,0
3/18/92,0
3/19/92,0
3/20/92,0
3/21/92,0
3/22/92,2.89
3/23/92,0
3/24/92,0
3/25/92,0
3/26/92,0
3/27/92,5.25
3/28/92,3.13
3/29/92,14.36
3/30/92,11.04
3/31/92,9.44
4/1/92,8.34
4/2/92,0
4/3/92,0
4/4/92,0
4/5/92,0
4/6/92,2.18
4/7/92,0
4/8/92,0
4/9/92,0
4/10/92,0
4/11/92,0
4/12/92,0
4/13/92,0
4/14/92,0
4/15/92,0
4/16/92,0
4/17/92,0
4/18/92,0
4/19/92,0
4/20/92,0
4/21/92,0
4/22/92,0
4/23/92,0
4/24/92,0
4/25/92,0
4/26/92,0
4/27/92,0
4/28/92,0
4/29/92,0
4/30/92,0
5/1/92,0
5/2/92,0
5/3/92,10.94
5/4/92,2.76
5/5/92,0.84
5/6/92,0.45
5/7/92,5.18
5/8/92,2.71
5/9/92,2.13
5/10/92,2.87
5/11/92,0
5/12/92,0
5/13/92,0
5/14/92,0
5/15/92,0
5/16/92,0
5/17/92,0.96
5/18/92,1.62
5/19/92,0
5/20/92,5.75
5/21/92,3.2
5/22/92,3.22
5/23/92,15.89
5/24/92,8.83
5/25/92,4.79
5/26/92,0.88
5/27/92,3.84
5/28/92,4.57
5/29/92,8.16
5/30/92,4.24
5/31/92,3.78
6/1/92,5.34
6/2/92,0
6/3/92,0
6/4/92,0
6/5/92,6.38
6/6/92,0
6/7/92,0
6/8/92,2.13
6/9/92,3.17
6/10/92,0
6/11/92,0
6/12/92,0
6/13/92,0
6/14/92,0
6/15/92,0
6/16/92,0
6/17/92,0
6/18/92,0
6/19/92,0
6/20/92,1.7
6/21/92,9.63
6/22/92,0
6/23/92,0
6/24/92,1.93
6/25/92,0
6/26/92,0
6/27/92,0
6/28/92,0.42
6/29/92,0
6/30/92,0
7/1/92,0
7/2/92,0
7/3/92,0
7/4/92,0
7/5/92,0
7/6/92,0
7/7/92,0
7/8/92,0
7/9/92,3.09
7/10/92,2.43
7/11/92,2.6
7/12/92,0
7/13/92,0
7/14/92,0
7/15/92,0
7/16/92,1.47
7/17/92,0.71
7/18/92,1.89
7/19/92,4.34
7/20/92,6.13
7/21/92,5.01
7/22/92,3.4
7/23/92,9.11
7/24/92,4.81
7/25/92,6.21
7/26/92,5.15
7/27/92,2.4
7/28/92,1.99
7/29/92,0
7/30/92,0
7/31/92,3.36
8/1/92,3.73
8/2/92,0
8/3/92,1.68
8/4/92,1.6
8/5/92,2.17
8/6/92,1.87
8/7/92,0
8/8/92,0
8/9/92,0
8/10/92,0
8/11/92,11.66
8/12/92,3.27
8/13/92,2.14
8/14/92,6.98
8/15/92,6.96
8/16/92,0
8/17/92,0.43
8/18/92,0
8/19/92,2.95
8/20/92,3.53
8/21/92,0
8/22/92,1.03
8/23/92,9.85
8/24/92,6.45
8/25/92,9.67
8/26/92,1.87
8/27/92,0
8/28/92,0
8/29/92,0
8/30/92,1.42
8/31/92,4.23
9/1/92,0
9/2/92,0
9/3/92,0
9/4/92,0
9/5/92,0
9/6/92,0
9/7/92,0
9/8/92,0
9/9/92,0
9/10/92,0
9/11/92,0
9/12/92,0
9/13/92,0
9/14/92,5.47
9/15/92,10.61
9/16/92,0.32
9/17/92,0
9/18/92,0
9/19/92,1.14
9/20/92,5.38
9/21/92,0
9/22/92,0
9/23/92,0
9/24/92,0
9/25/92,0
9/26/92,0
9/27/92,0
9/28/92,0
9/29/92,0
9/30/92,0
10/1/92,0
10/2/92,0
10/3/92,0
10/4/92,0
10/5/92,0
10/6/92,0
10/7/92,0
10/8/92,0
10/9/92,0
10/10/92,0
10/11/92,0
10/12/92,0
10/13/92,0
10/14/92,0
10/15/92,0
10/16/92,0
10/17/92,0
10/18/92,0
10/19/92,0
10/20/92,0
10/21/92,1.96
10/22/92,0
10/23/92,0
10/24/92,0.9
10/25/92,1.49
10/26/92,1.04
10/27/92,0
10/28/92,0
10/29/92,0.89
10/30/92,2.1
10/31/92,8.36
11/1/92,15.07
11/2/92,0
11/3/92,8.16
11/4/92,2.19
11/5/92,1.03
11/6/92,0.65
11/7/92,0
11/8/92,1.26
11/9/92,0
11/10/92,0
11/11/92,25.56
11/12/92,9.13
11/13/92,2.03
11/14/92,0
11/15/92,0
11/16/92,0
11/17/92,0
11/18/92,0
11/19/92,0
11/20/92,0
11/21/92,15.57
11/22/92,0
11/23/92,0.47
11/24/92,2.02
11/25/92,0
11/26/92,1.83
11/27/92,0
11/28/92,1.26
11/29/92,0.85
11/30/92,0
12/1/92,0
12/2/92,0
12/3/92,0
12/4/92,3.53
12/5/92,13.88
12/6/92,4.98
12/7/92,0
12/8/92,0
12/9/92,0
12/10/92,0
12/11/92,0
12/12/92,5.4
12/13/92,0.87
12/14/92,0
12/15/92,1.97
12/16/92,1.74
12/17/92,0
12/18/92,2.1
12/19/92,0
12/20/92,0
12/21/92,0
12/22/92,0
12/23/92,0
12/24/92,0
12/25/92,0
12/26/92,0
12/27/92,0
12/28/92,8.95
12/29/92,16.12
12/30/92,1.4
12/31/92,0
1/1/93,0
1/2/93,1.61
1/3/93,0
1/4/93,17.85
1/5/93,0
1/6/93,0
1/7/93,2.78
1/8/93,9.21
1/9/93,28.62
1/10/93,2.59
1/11/93,7.44
1/12/93,5.67
1/13/93,0
1/14/93,0
1/15/93,0
1/16/93,0
1/17/93,1.98
1/18/93,15.83
1/19/93,11.21
1/20/93,4.47
1/21/93,0
1/22/93,0
1/23/93,0
1/24/93,0
1/25/93,0
1/26/93,0
1/27/93,0
1/28/93,0
1/29/93,0
1/30/93,0
1/31/93,0
2/1/93,0
2/2/93,0
2/3/93,2.43
2/4/93,2.79
2/5/93,6.18
2/6/93,0
2/7/93,0
2/8/93,0
2/9/93,1.66
2/10/93,3.16
2/11/93,0
2/12/93,0
2/13/93,0
2/14/93,2.47
2/15/93,12.48
2/16/93,9.26
2/17/93,0
2/18/93,0
2/19/93,1.73
2/20/93,9.71
2/21/93,4.58
2/22/93,0
2/23/93,0
2/24/93,0
2/25/93,6.96
2/26/93,0
2/27/93,0
2/28/93,8.57
3/1/93,8.59
3/2/93,0.73
3/3/93,0
3/4/93,0
3/5/93,0
3/6/93,0
3/7/93,0
3/8/93,0
3/9/93,0
3/10/93,0
3/11/93,0
3/12/93,8.09
3/13/93,0
3/14/93,0
3/15/93,0
3/16/93,0
3/17/93,0
3/18/93,0
3/19/93,0
3/20/93,0
3/21/93,0
3/22/93,0
3/23/93,0
3/24/93,0
3/25/93,0
3/26/93,0
3/27/93,15.97
3/28/93,7.88
3/29/93,3.78
3/30/93,6.24
3/31/93,1.24
4/1/93,0
4/2/93,0
4/3/93,6.83
4/4/93,0
4/5/93,0
4/6/93,2.77
4/7/93,8.34
4/8/93,2.91
4/9/93,0
4/10/93,0
4/11/93,0
4/12/93,0
4/13/93,0
4/14/93,10.8
4/15/93,3.11
4/16/93,0
4/17/93,0
4/18/93,0
4/19/93,0
4/20/93,0
4/21/93,0
4/22/93,0
4/23/93,0
4/24/93,0
4/25/93,0
4/26/93,0
4/27/93,0
4/28/93,0
4/29/93,0
4/30/93,0
5/1/93,11.91
5/2/93,7.7
5/3/93,1.72
5/4/93,0
5/5/93,0
5/6/93,0
5/7/93,2.6
5/8/93,2.55
5/9/93,1.05
5/10/93,0
5/11/93,0
5/12/93,0
5/13/93,0.87
5/14/93,2.57
5/15/93,0.98
5/16/93,4.08
5/17/93,6.78
5/18/93,5.51
5/19/93,2.97
5/20/93,0
5/21/93,0.69
5/22/93,0.58
5/23/93,0
5/24/93,0
5/25/93,0.29
5/26/93,2.52
5/27/93,1.24
5/28/93,1.45
5/29/93,2.82
5/30/93,0
5/31/93,0
6/1/93,0
6/2/93,0
6/3/93,0
6/4/93,0
6/5/93,0
6/6/93,0
6/7/93,0
6/8/93,0
6/9/93,10.33
6/10/93,3.38
6/11/93,0
6/12/93,0
6/13/93,0
6/14/93,5.6
6/15/93,3.39
6/16/93,0
6/17/93,3.46
6/18/93,2.06
6/19/93,0
6/20/93,0
6/21/93,0
6/22/93,0
6/23/93,0
6/24/93,0
6/25/93,0
6/26/93,0
6/27/93,0
6/28/93,0
6/29/93,0
6/30/93,0
7/1/93,0
7/2/93,0
7/3/93,0
7/4/93,0
7/5/93,0
7/6/93,0
7/7/93,0
7/8/93,0
7/9/93,0
7/10/93,0
7/11/93,1.88
7/12/93,2.41
7/13/93,8.3
7/14/93,6.12
7/15/93,1.3
7/16/93,12.82
7/17/93,0
7/18/93,0
7/19/93,1.08
7/20/93,3.62
7/21/93,4.29
7/22/93,0
7/23/93,0
7/24/93,0
7/25/93,0
7/26/93,0
7/27/93,0
7/28/93,0
7/29/93,13.44
7/30/93,3.46
7/31/93,14.54
8/1/93,0.94
8/2/93,4.04
8/3/93,0
8/4/93,3.07
8/5/93,15.44
8/6/93,17.47
8/7/93,3.44
8/8/93,2.2
8/9/93,0
8/10/93,1.25
8/11/93,0
8/12/93,1.21
8/13/93,14.62
8/14/93,20.6
8/15/93,1.88
8/16/93,7.5
8/17/93,3.21
8/18/93,4.64
8/19/93,6.34
8/20/93,9.84
8/21/93,4.97
8/22/93,3.99
8/23/93,0
8/24/93,0
8/25/93,8.05
8/26/93,11.54
8/27/93,18.05
8/28/93,7.64
8/29/93,4.46
8/30/93,7.41
8/31/93,3.09
9/1/93,0
9/2/93,0
9/3/93,0
9/4/93,0
9/5/93,0
9/6/93,1.97
9/7/93,2.35
9/8/93,2.73
9/9/93,0
9/10/93,4.24
9/11/93,0
9/12/93,0
9/13/93,0
9/14/93,9.75
9/15/93,0
9/16/93,0
9/17/93,0
9/18/93,0
9/19/93,0
9/20/93,0
9/21/93,0
9/22/93,0.78
9/23/93,0
9/24/93,0
9/25/93,0
9/26/93,0
9/27/93,0
9/28/93,0
9/29/93,0
9/30/93,0
10/1/93,0
10/2/93,0
10/3/93,0
10/4/93,0
10/5/93,0
10/6/93,0
10/7/93,2.95
10/8/93,1.03
10/9/93,0
10/10/93,0
10/11/93,0
10/12/93,0
10/13/93,0
10/14/93,0
10/15/93,0
10/16/93,0
10/17/93,0
10/18/93,4.27
10/19/93,0
10/20/93,5.38
10/21/93,0
10/22/93,0
10/23/93,0
10/24/93,0
10/25/93,0
10/26/93,2.44
10/27/93,0
10/28/93,3.34
10/29/93,9.78
10/30/93,4.76
10/31/93,0
11/1/93,0
11/2/93,0
11/3/93,0
11/4/93,0
11/5/93,0
11/6/93,0
11/7/93,0
11/8/93,0
11/9/93,0
11/10/93,0
11/11/93,6.48
11/12/93,20.28
11/13/93,12
11/14/93,13.73
11/15/93,7.28
11/16/93,0
11/17/93,0
11/18/93,0
11/19/93,0
11/20/93,0
11/21/93,0
11/22/93,0
11/23/93,10.11
11/24/93,17.39
11/25/93,0
11/26/93,0
11/27/93,0
11/28/93,0
11/29/93,0
11/30/93,0
12/1/93,0
12/2/93,0.94
12/3/93,0
12/4/93,0.73
12/5/93,0
12/6/93,0
12/7/93,0
12/8/93,0
12/9/93,0
12/10/93,0
12/11/93,0.36
12/12/93,0.72
12/13/93,13.04
12/14/93,0
12/15/93,0
12/16/93,2.79
12/17/93,2
12/18/93,0.73
12/19/93,0
12/20/93,0.7
12/21/93,2.31
12/22/93,0.51
12/23/93,1.04
12/24/93,0
12/25/93,2.21
12/26/93,0
12/27/93,0
12/28/93,0
12/29/93,0
12/30/93,0
12/31/93,0
1/1/94,0
1/2/94,0
1/3/94,0
1/4/94,0
1/5/94,0
1/6/94,3.35
1/7/94,0
1/8/94,0
1/9/94,0
1/10/94,0
1/11/94,0
1/12/94,0
1/13/94,0
1/14/94,0
1/15/94,0
1/16/94,0
1/17/94,0
1/18/94,0
1/19/94,0
1/20/94,0
1/21/94,0
1/22/94,0
1/23/94,0
1/24/94,0
1/25/94,0
1/26/94,2.44
1/27/94,14.72
1/28/94,3.71
1/29/94,5.24
1/30/94,7.18
1/31/94,12.65
2/1/94,0
2/2/94,0
2/3/94,0
2/4/94,0
2/5/94,3.9
2/6/94,0
2/7/94,0
2/8/94,0
2/9/94,11.6
2/10/94,0
2/11/94,0
2/12/94,0
2/13/94,6.74
2/14/94,6.66
2/15/94,0
2/16/94,0
2/17/94,0
2/18/94,0
2/19/94,18.78
2/20/94,0
2/21/94,5.42
2/22/94,0
2/23/94,0
2/24/94,0
2/25/94,0
2/26/94,0
2/27/94,0
2/28/94,8.11
3/1/94,0
3/2/94,0
3/3/94,0
3/4/94,0
3/5/94,0
3/6/94,0
3/7/94,11.44
3/8/94,8.52
3/9/94,11.04
3/10/94,1.34
3/11/94,0.51
3/12/94,7.08
3/13/94,14.49
3/14/94,0
3/15/94,0
3/16/94,0
3/17/94,0
3/18/94,0
3/19/94,0
3/20/94,0
3/21/94,1.25
3/22/94,0
3/23/94,0
3/24/94,0
3/25/94,1.71
3/26/94,1.21
3/27/94,27
3/28/94,9.59
3/29/94,5.23
3/30/94,0.84
3/31/94,0.42
4/1/94,0
4/2/94,0
4/3/94,0
4/4/94,0
4/5/94,0
4/6/94,17.07
4/7/94,1.6
4/8/94,0
4/9/94,7.46
4/10/94,15.16
4/11/94,20.78
4/12/94,6.99
4/13/94,0
4/14/94,0
4/15/94,0
4/16/94,0
4/17/94,0.86
4/18/94,0
4/19/94,0
4/20/94,0
4/21/94,0.48
4/22/94,0
4/23/94,4.57
4/24/94,1.21
4/25/94,0
4/26/94,7.66
4/27/94,0.32
4/28/94,12.6
4/29/94,6.39
4/30/94,17.75
5/1/94,0
5/2/94,0
5/3/94,0
5/4/94,0
5/5/94,0
5/6/94,0
5/7/94,0
5/8/94,0
5/9/94,8.47
5/10/94,18.51
5/11/94,15.3
5/12/94,3.61
5/13/94,5.38
5/14/94,1.8
5/15/94,0
5/16/94,10.79
5/17/94,0
5/18/94,6.77
5/19/94,17.12
5/20/94,5.45
5/21/94,0
5/22/94,0
5/23/94,0
5/24/94,0.36
5/25/94,3.07
5/26/94,26.08
5/27/94,3.65
5/28/94,0
5/29/94,0
5/30/94,0
5/31/94,1.41
6/1/94,0
6/2/94,0
6/3/94,0
6/4/94,0
6/5/94,0
6/6/94,0
6/7/94,0
6/8/94,0
6/9/94,0
6/10/94,0
6/11/94,0
6/12/94,0
6/13/94,0
6/14/94,0
6/15/94,0
6/16/94,0
6/17/94,0
6/18/94,0.8
6/19/94,8.69
6/20/94,5.31
6/21/94,3.95
6/22/94,5.34
6/23/94,0
6/24/94,0
6/25/94,0
6/26/94,0
6/27/94,0
6/28/94,0
6/29/94,0
6/30/94,0
7/1/94,0
7/2/94,0
7/3/94,0
7/4/94,0
7/5/94,0
7/6/94,0
7/7/94,0
7/8/94,0
7/9/94,0
7/10/94,0
7/11/94,1.22
7/12/94,0
7/13/94,0
7/14/94,1.57
7/15/94,0
7/16/94,0
7/17/94,0
7/18/94,0.84
7/19/94,1.06
7/20/94,4.14
7/21/94,12.71
7/22/94,4.13
7/23/94,0
7/24/94,1.94
7/25/94,0.7
7/26/94,1.46
7/27/94,16.95
7/28/94,1.4
7/29/94,4.98
7/30/94,10.48
7/31/94,16.9
8/1/94,0.55
8/2/94,8.29
8/3/94,4.7
8/4/94,15.45
8/5/94,8.58
8/6/94,1.68
8/7/94,0
8/8/94,0
8/9/94,0
8/10/94,0
8/11/94,0
8/12/94,1.69
8/13/94,11.91
8/14/94,14.31
8/15/94,25.83
8/16/94,2.39
8/17/94,0
8/18/94,0
8/19/94,11.83
8/20/94,12.76
8/21/94,4.2
8/22/94,0.63
8/23/94,0
8/24/94,0
8/25/94,4.35
8/26/94,9.51
8/27/94,3.49
8/28/94,0
8/29/94,2.75
8/30/94,3.4
8/31/94,12.38
9/1/94,21.02
9/2/94,1.61
9/3/94,3.66
9/4/94,3.26
9/5/94,8.53
9/6/94,4.94
9/7/94,3.34
9/8/94,0.95
9/9/94,0
9/10/94,0
9/11/94,0
9/12/94,7.64
9/13/94,9.75
9/14/94,5.88
9/15/94,0.95
9/16/94,0
9/17/94,0
9/18/94,1.17
9/19/94,0
9/20/94,0
9/21/94,0
9/22/94,0
9/23/94,0
9/24/94,0
9/25/94,0
9/26/94,0
9/27/94,0
9/28/94,0
9/29/94,0
9/30/94,0
10/1/94,0
10/2/94,0
10/3/94,0.71
10/4/94,2.77
10/5/94,1.9
10/6/94,0.55
10/7/94,0
10/8/94,15.87
10/9/94,0
10/10/94,0
10/11/94,0
10/12/94,0
10/13/94,0
10/14/94,8.29
10/15/94,24.53
10/16/94,15.62
10/17/94,9.66
10/18/94,1.54
10/19/94,0
10/20/94,0
10/21/94,0
10/22/94,0
10/23/94,0
10/24/94,0
10/25/94,0
10/26/94,0
10/27/94,0
10/28/94,0
10/29/94,0
10/30/94,0
10/31/94,0
11/1/94,0
11/2/94,0
11/3/94,4.18
11/4/94,26.47
11/5/94,3.54
11/6/94,0
11/7/94,0
11/8/94,1.97
11/9/94,2.69
11/10/94,0
11/11/94,1.78
11/12/94,21.61
11/13/94,37.67
11/14/94,0
11/15/94,0.92
11/16/94,2.31
11/17/94,2.5
11/18/94,2.52
11/19/94,0.94
11/20/94,0.91
11/21/94,8.93
11/22/94,0
11/23/94,0
11/24/94,0
11/25/94,0
11/26/94,0
11/27/94,2.23
11/28/94,0
11/29/94,0
11/30/94,0
12/1/94,0
12/2/94,0
12/3/94,0
12/4/94,0
12/5/94,0
12/6/94,10.88
12/7/94,8.22
12/8/94,0
12/9/94,0
12/10/94,0
12/11/94,0.75
12/12/94,0
12/13/94,0
12/14/94,0
12/15/94,0
12/16/94,0
12/17/94,0
12/18/94,0
12/19/94,0
12/20/94,0
12/21/94,0
12/22/94,0
12/23/94,0
12/24/94,0
12/25/94,0
12/26/94,0
12/27/94,0
12/28/94,0
12/29/94,0
12/30/94,2.57
12/31/94,2.1
1/1/95,0
1/2/95,0
1/3/95,0
1/4/95,16.55
1/5/95,3.66
1/6/95,25.79
1/7/95,7.19
1/8/95,0
1/9/95,0
1/10/95,0
1/11/95,0
1/12/95,0
1/13/95,0
1/14/95,0
1/15/95,0
1/16/95,4.07
1/17/95,2.48
1/18/95,0
1/19/95,0
1/20/95,3.26
1/21/95,1.83
1/22/95,2
1/23/95,5.79
1/24/95,0
1/25/95,0
1/26/95,0
1/27/95,0
1/28/95,17.23
1/29/95,3.99
1/30/95,1.21
1/31/95,6.35
2/1/95,0
2/2/95,0
2/3/95,0
2/4/95,0
2/5/95,0
2/6/95,0
2/7/95,0
2/8/95,0
2/9/95,0
2/10/95,0
2/11/95,0.72
2/12/95,3.96
2/13/95,4.34
2/14/95,16.92
2/15/95,10.76
2/16/95,2.15
2/17/95,0.7
2/18/95,0
2/19/95,0
2/20/95,0
2/21/95,0
2/22/95,0
2/23/95,0
2/24/95,0
2/25/95,0
2/26/95,0
2/27/95,0
2/28/95,0.83
3/1/95,3.8
3/2/95,7.62
3/3/95,2.36
3/4/95,1.91
3/5/95,3.37
3/6/95,5.47
3/7/95,1.45
3/8/95,0
3/9/95,0
3/10/95,0
3/11/95,0
3/12/95,0
3/13/95,0
3/14/95,0
3/15/95,0
3/16/95,0
3/17/95,0
3/18/95,0
3/19/95,0
3/20/95,0
3/21/95,0
3/22/95,0
3/23/95,0
3/24/95,0
3/25/95,0
3/26/95,0
3/27/95,3.64
3/28/95,2.81
3/29/95,3.51
3/30/95,11.03
3/31/95,0
4/1/95,0
4/2/95,0.35
4/3/95,3.71
4/4/95,1.24
4/5/95,0
4/6/95,0
4/7/95,0
4/8/95,0
4/9/95,5.32
4/10/95,2.25
4/11/95,4.78
4/12/95,0.33
4/13/95,0
4/14/95,0
4/15/95,0
4/16/95,0
4/17/95,3.46
4/18/95,0
4/19/95,19.16
4/20/95,10.03
4/21/95,13.82
4/22/95,7.12
4/23/95,9.31
4/24/95,3.04
4/25/95,0
4/26/95,0
4/27/95,0
4/28/95,0
4/29/95,0
4/30/95,0
5/1/95,0
5/2/95,0.84
5/3/95,0
5/4/95,2.87
5/5/95,7.71
5/6/95,2.23
5/7/95,1.77
5/8/95,1.86
5/9/95,2.84
5/10/95,20.44
5/11/95,6.99
5/12/95,0
5/13/95,0
5/14/95,0
5/15/95,0
5/16/95,0
5/17/95,5.45
5/18/95,0
5/19/95,0
5/20/95,0
5/21/95,0
5/22/95,0
5/23/95,0
5/24/95,15.59
5/25/95,6.02
5/26/95,0
5/27/95,0
5/28/95,22
5/29/95,27.24
5/30/95,18.74
5/31/95,0
6/1/95,0
6/2/95,0
6/3/95,0
6/4/95,0
6/5/95,0
6/6/95,0
6/7/95,0
6/8/95,0
6/9/95,0
6/10/95,0
6/11/95,0
6/12/95,0
6/13/95,0
6/14/95,0
6/15/95,0
6/16/95,0
6/17/95,33.34
6/18/95,23.39
6/19/95,13.01
6/20/95,3.61
6/21/95,0
6/22/95,0
6/23/95,0
6/24/95,0.29
6/25/95,5.84
6/26/95,1.93
6/27/95,3.78
6/28/95,2.62
6/29/95,5.96
6/30/95,6.98
7/1/95,2.16
7/2/95,0
7/3/95,4.48
7/4/95,0.55
7/5/95,0
7/6/95,0
7/7/95,0
7/8/95,0
7/9/95,0
7/10/95,0
7/11/95,0
7/12/95,0
7/13/95,3.12
7/14/95,6.75
7/15/95,3.7
7/16/95,1.37
7/17/95,10.97
7/18/95,4.35
7/19/95,5.2
7/20/95,0
7/21/95,0
7/22/95,0
7/23/95,0
7/24/95,0
7/25/95,0
7/26/95,0
7/27/95,0
7/28/95,0
7/29/95,0
7/30/95,0
7/31/95,0
8/1/95,2.4
8/2/95,0
8/3/95,0
8/4/95,3.14
8/5/95,0
8/6/95,0
8/7/95,0.88
8/8/95,0.54
8/9/95,0
8/10/95,0.89
8/11/95,0.98
8/12/95,2.1
8/13/95,4.18
8/14/95,0.4
8/15/95,7.39
8/16/95,0.99
8/17/95,8.6
8/18/95,0
8/19/95,7.17
8/20/95,0
8/21/95,0
8/22/95,13.87
8/23/95,0
8/24/95,8.35
8/25/95,0
8/26/95,7.65
8/27/95,8.04
8/28/95,1.44
8/29/95,1.93
8/30/95,2.69
8/31/95,0
9/1/95,0
9/2/95,0
9/3/95,0
9/4/95,0
9/5/95,0
9/6/95,3.69
9/7/95,17.1
9/8/95,14.61
9/9/95,4.49
9/10/95,4.63
9/11/95,0
9/12/95,0
9/13/95,0
9/14/95,0
9/15/95,0
9/16/95,0
9/17/95,0
9/18/95,0
9/19/95,0.88
9/20/95,0.6
9/21/95,0
9/22/95,0
9/23/95,0
9/24/95,5.2
9/25/95,6.98
9/26/95,0
9/27/95,0
9/28/95,0
9/29/95,7.25
9/30/95,0.83
10/1/95,0
10/2/95,0
10/3/95,0
10/4/95,0
10/5/95,0
10/6/95,0
10/7/95,0
10/8/95,0
10/9/95,0
10/10/95,0
10/11/95,0
10/12/95,0
10/13/95,0
10/14/95,0
10/15/95,0
10/16/95,0
10/17/95,0
10/18/95,0
10/19/95,0
10/20/95,0
10/21/95,0
10/22/95,2.4
10/23/95,0
10/24/95,0
10/25/95,0
10/26/95,0
10/27/95,0
10/28/95,0
10/29/95,0
10/30/95,0
10/31/95,0
11/1/95,5.01
11/2/95,2.05
11/3/95,2.67
11/4/95,4.93
11/5/95,7.56
11/6/95,0
11/7/95,0
11/8/95,0
11/9/95,0
11/10/95,0
11/11/95,8.13
11/12/95,0
11/13/95,0
11/14/95,0
11/15/95,0
11/16/95,0
11/17/95,0
11/18/95,0
11/19/95,0
11/20/95,0
11/21/95,0
11/22/95,0
11/23/95,0
11/24/95,0
11/25/95,0
11/26/95,0
11/27/95,3.9
11/28/95,3.02
11/29/95,0
11/30/95,0
12/1/95,0
12/2/95,0
12/3/95,0
12/4/95,0
12/5/95,0
12/6/95,0
12/7/95,0
12/8/95,0
12/9/95,0
12/10/95,0
12/11/95,0
12/12/95,0
12/13/95,0
12/14/95,0
12/15/95,0
12/16/95,0
12/17/95,9.59
12/18/95,12.88
12/19/95,0
12/20/95,0
12/21/95,0
12/22/95,10.93
12/23/95,0
12/24/95,0
12/25/95,0
12/26/95,0
12/27/95,0
12/28/95,0
12/29/95,0
12/30/95,0
12/31/95,7.99
1/1/96,16.14
1/2/96,5.03
1/3/96,0
1/4/96,0
1/5/96,0
1/6/96,0
1/7/96,0
1/8/96,0
1/9/96,0
1/10/96,0
1/11/96,0
1/12/96,0
1/13/96,0
1/14/96,0
1/15/96,0
1/16/96,6.67
1/17/96,7.87
1/18/96,31.07
1/19/96,5.77
1/20/96,0.84
1/21/96,0
1/22/96,0
1/23/96,0
1/24/96,0
1/25/96,0
1/26/96,6.13
1/27/96,0
1/28/96,0
1/29/96,0
1/30/96,1.89
1/31/96,7.91
2/1/96,6.69
2/2/96,11.9
2/3/96,2.65
2/4/96,0
2/5/96,0
2/6/96,0
2/7/96,0
2/8/96,0
2/9/96,0
2/10/96,0
2/11/96,0
2/12/96,0
2/13/96,0
2/14/96,0
2/15/96,0
2/16/96,0
2/17/96,0
2/18/96,0
2/19/96,0
2/20/96,0
2/21/96,0
2/22/96,0
2/23/96,0
2/24/96,0
2/25/96,0
2/26/96,3.26
2/27/96,5.27
2/28/96,1.89
2/29/96,7.02
3/1/96,0
3/2/96,0
3/3/96,0
3/4/96,3.72
3/5/96,0
3/6/96,8.57
3/7/96,8.75
3/8/96,0
3/9/96,0
3/10/96,0
3/11/96,0
3/12/96,0
3/13/96,0
3/14/96,0
3/15/96,9.77
3/16/96,6.26
3/17/96,0
3/18/96,0
3/19/96,0
3/20/96,0
3/21/96,0
3/22/96,3.65
3/23/96,0
3/24/96,0
3/25/96,0
3/26/96,0
3/27/96,0
3/28/96,0
3/29/96,4.41
3/30/96,0
3/31/96,0
4/1/96,0
4/2/96,0
4/3/96,0
4/4/96,3.31
4/5/96,2.19
4/6/96,0
4/7/96,0
4/8/96,0
4/9/96,0
4/10/96,0
4/11/96,0
4/12/96,0
4/13/96,5.12
4/14/96,1.31
4/15/96,0
4/16/96,0
4/17/96,0
4/18/96,0
4/19/96,0
4/20/96,0
4/21/96,0
4/22/96,0
4/23/96,0
4/24/96,0
4/25/96,0
4/26/96,0
4/27/96,0
4/28/96,0.51
4/29/96,0
4/30/96,0
5/1/96,0
5/2/96,0
5/3/96,0
5/4/96,0
5/5/96,0
5/6/96,0
5/7/96,0
5/8/96,0
5/9/96,0
5/10/96,0
5/11/96,0
5/12/96,0
5/13/96,0
5/14/96,0
5/15/96,0
5/16/96,0
5/17/96,0
5/18/96,0
5/19/96,0
5/20/96,0
5/21/96,0
5/22/96,0
5/23/96,0
5/24/96,0
5/25/96,0
5/26/96,0
5/27/96,0
5/28/96,0
5/29/96,0
5/30/96,0
5/31/96,3.28
6/1/96,0
6/2/96,0
6/3/96,0
6/4/96,0
6/5/96,0
6/6/96,0
6/7/96,0
6/8/96,1.29
6/9/96,0
6/10/96,0
6/11/96,0
6/12/96,0
6/13/96,5.04
6/14/96,7.73
6/15/96,9.51
6/16/96,0
6/17/96,0.54
6/18/96,0.45
6/19/96,0
6/20/96,0
6/21/96,1.96
6/22/96,1.81
6/23/96,4.08
6/24/96,0
6/25/96,7.44
6/26/96,0
6/27/96,35.73
6/28/96,9.38
6/29/96,11.02
6/30/96,2.42
7/1/96,4.62
7/2/96,0.45
7/3/96,0
7/4/96,0
7/5/96,1.71
7/6/96,0.58
7/7/96,5.3
7/8/96,28.88
7/9/96,13.79
7/10/96,11.01
7/11/96,4.91
7/12/96,2.05
7/13/96,2.65
7/14/96,0
7/15/96,0
7/16/96,0
7/17/96,0
7/18/96,0
7/19/96,0
7/20/96,0
7/21/96,0
7/22/96,0
7/23/96,0.55
7/24/96,1.82
7/25/96,0
7/26/96,1.25
7/27/96,4.02
7/28/96,4.33
7/29/96,0.38
7/30/96,5.75
7/31/96,2.99
8/1/96,7.44
8/2/96,5.43
8/3/96,0.82
8/4/96,0
8/5/96,0
8/6/96,0
8/7/96,2.85
8/8/96,0
8/9/96,10.75
8/10/96,2.75
8/11/96,0.53
8/12/96,0
8/13/96,0
8/14/96,1.61
8/15/96,0
8/16/96,0.89
8/17/96,5.84
8/18/96,10.69
8/19/96,4.35
8/20/96,0.95
8/21/96,7.78
8/22/96,22.95
8/23/96,16.76
8/24/96,8.94
8/25/96,7.56
8/26/96,9.83
8/27/96,8.39
8/28/96,8.54
8/29/96,4.57
8/30/96,1.52
8/31/96,0
9/1/96,0
9/2/96,0
9/3/96,0
9/4/96,0
9/5/96,0.69
9/6/96,0
9/7/96,0
9/8/96,0
9/9/96,1.17
9/10/96,0
9/11/96,0
9/12/96,9.9
9/13/96,7.83
9/14/96,1.68
9/15/96,6.93
9/16/96,2.06
9/17/96,4.67
9/18/96,5.37
9/19/96,3.35
9/20/96,0
9/21/96,0
9/22/96,0
9/23/96,0
9/24/96,0
9/25/96,1.48
9/26/96,2.36
9/27/96,0.36
9/28/96,0
9/29/96,0
9/30/96,0
10/1/96,0
10/2/96,0
10/3/96,0
10/4/96,0
10/5/96,3.92
10/6/96,0
10/7/96,0
10/8/96,0
10/9/96,0
10/10/96,0
10/11/96,0
10/12/96,0
10/13/96,0
10/14/96,0
10/15/96,0
10/16/96,0
10/17/96,0
10/18/96,0
10/19/96,0
10/20/96,3.03
10/21/96,7.72
10/22/96,10.66
10/23/96,0
10/24/96,0
10/25/96,4.41
10/26/96,2.73
10/27/96,23.9
10/28/96,11.09
10/29/96,13.23
10/30/96,1.43
10/31/96,0
11/1/96,0
11/2/96,0
11/3/96,7.7
11/4/96,7.39
11/5/96,0
11/6/96,0
11/7/96,0
11/8/96,0
11/9/96,0
11/10/96,0
11/11/96,0
11/12/96,0
11/13/96,0
11/14/96,0
11/15/96,1.98
11/16/96,14.01
11/17/96,8.8
11/18/96,0
11/19/96,0
11/20/96,0
11/21/96,0
11/22/96,0
11/23/96,2.5
11/24/96,12.29
11/25/96,0
11/26/96,0
11/27/96,1.18
11/28/96,2.59
11/29/96,0.62
11/30/96,11.31
12/1/96,8.74
12/2/96,0
12/3/96,0
12/4/96,0
12/5/96,0
12/6/96,0
12/7/96,2.09
12/8/96,0
12/9/96,0
12/10/96,0
12/11/96,0
12/12/96,6.96
12/13/96,0
12/14/96,0
12/15/96,0.96
12/16/96,0
12/17/96,2.47
12/18/96,0
12/19/96,0
12/20/96,0
12/21/96,0.75
12/22/96,8
12/23/96,0
12/24/96,0
12/25/96,0
12/26/96,0
12/27/96,0
12/28/96,0
12/29/96,0
12/30/96,0
12/31/96,0
1/1/97,0
1/2/97,0
1/3/97,0
1/4/97,6.42
1/5/97,0
1/6/97,19.44
1/7/97,1.57
1/8/97,0
1/9/97,0
1/10/97,0
1/11/97,0
1/12/97,7.05
1/13/97,9.88
1/14/97,15.51
1/15/97,5.2
1/16/97,3.09
1/17/97,0.51
1/18/97,0
1/19/97,0.57
1/20/97,0
1/21/97,0
1/22/97,0
1/23/97,0
1/24/97,12.84
1/25/97,1.03
1/26/97,6.21
1/27/97,17.78
1/28/97,6.05
1/29/97,0
1/30/97,0
1/31/97,0
2/1/97,0
2/2/97,0
2/3/97,0
2/4/97,0
2/5/97,2.82
2/6/97,4.38
2/7/97,5.35
2/8/97,0
2/9/97,0
2/10/97,0
2/11/97,0
2/12/97,0
2/13/97,0
2/14/97,0.69
2/15/97,0
2/16/97,0
2/17/97,0
2/18/97,0
2/19/97,0
2/20/97,2.29
2/21/97,0
2/22/97,2.95
2/23/97,0
2/24/97,8.62
2/25/97,5.96
2/26/97,2.58
2/27/97,3.79
2/28/97,5.12
3/1/97,18.53
3/2/97,0
3/3/97,0.74
3/4/97,0
3/5/97,0
3/6/97,0
3/7/97,0
3/8/97,0
3/9/97,0
3/10/97,0
3/11/97,0
3/12/97,0
3/13/97,0
3/14/97,0
3/15/97,0
3/16/97,0
3/17/97,0
3/18/97,0
3/19/97,0
3/20/97,0
3/21/97,0
3/22/97,0
3/23/97,0
3/24/97,0
3/25/97,4.47
3/26/97,0.95
3/27/97,1.39
3/28/97,0
3/29/97,0
3/30/97,0
3/31/97,0
4/1/97,0
4/2/97,0
4/3/97,4.09
4/4/97,5.82
4/5/97,20.56
4/6/97,4.67
4/7/97,0.92
4/8/97,0
4/9/97,0
4/10/97,5.78
4/11/97,8.67
4/12/97,12.42
4/13/97,4.19
4/14/97,1.29
4/15/97,0
4/16/97,0
4/17/97,0
4/18/97,0
4/19/97,0
4/20/97,0
4/21/97,0
4/22/97,0
4/23/97,3.96
4/24/97,28.7
4/25/97,15.98
4/26/97,7.74
4/27/97,1.8
4/28/97,0
4/29/97,3.14
4/30/97,0
5/1/97,0
5/2/97,0
5/3/97,0
5/4/97,0
5/5/97,0
5/6/97,0
5/7/97,0
5/8/97,12.19
5/9/97,0.7
5/10/97,0
5/11/97,0
5/12/97,13.35
5/13/97,1.46
5/14/97,0
5/15/97,0
5/16/97,1.06
5/17/97,0.55
5/18/97,0
5/19/97,3.81
5/20/97,4.71
5/21/97,9.46
5/22/97,6.4
5/23/97,2.92
5/24/97,2.58
5/25/97,1.68
5/26/97,0
5/27/97,0
5/28/97,0
5/29/97,0
5/30/97,1.84
5/31/97,1.16
6/1/97,0
6/2/97,0
6/3/97,0
6/4/97,0
6/5/97,0.62
6/6/97,7.29
6/7/97,23.4
6/8/97,16.83
6/9/97,2.51
6/10/97,0.72
6/11/97,0
6/12/97,0
6/13/97,0
6/14/97,0
6/15/97,0
6/16/97,0.86
6/17/97,3.54
6/18/97,0
6/19/97,0
6/20/97,0
6/21/97,9.13
6/22/97,7.22
6/23/97,0
6/24/97,0
6/25/97,0
6/26/97,0.78
6/27/97,0.7
6/28/97,0
6/29/97,0
6/30/97,0
7/1/97,0
7/2/97,0
7/3/97,0
7/4/97,0
7/5/97,1.2
7/6/97,0
7/7/97,0
7/8/97,2.26
7/9/97,0
7/10/97,0
7/11/97,0
7/12/97,0
7/13/97,0
7/14/97,0
7/15/97,0
7/16/97,0
7/17/97,0
7/18/97,0
7/19/97,0
7/20/97,12.78
7/21/97,3.24
7/22/97,6.86
7/23/97,4.23
7/24/97,2.04
7/25/97,1.61
7/26/97,3.61
7/27/97,11.57
7/28/97,11.39
7/29/97,21.18
7/30/97,6.75
7/31/97,12.42
8/1/97,10.25
8/2/97,26.9
8/3/97,4.6
8/4/97,4.88
8/5/97,8.89
8/6/97,6.15
8/7/97,17.03
8/8/97,0.9
8/9/97,1.44
8/10/97,2.81
8/11/97,2.61
8/12/97,0.26
8/13/97,1.22
8/14/97,1.77
8/15/97,0
8/16/97,0
8/17/97,12.55
8/18/97,3.09
8/19/97,0.4
8/20/97,0
8/21/97,0
8/22/97,15.77
8/23/97,2.06
8/24/97,0.81
8/25/97,0
8/26/97,0
8/27/97,0
8/28/97,0
8/29/97,10.87
8/30/97,7.1
8/31/97,25.15
9/1/97,4.26
9/2/97,7.3
9/3/97,7.79
9/4/97,2.07
9/5/97,2.03
9/6/97,0.93
9/7/97,3.09
9/8/97,0
9/9/97,10.32
9/10/97,1.51
9/11/97,1.39
9/12/97,0.82
9/13/97,0
9/14/97,0
9/15/97,0
9/16/97,0
9/17/97,0
9/18/97,0
9/19/97,0
9/20/97,11.62
9/21/97,24.88
9/22/97,3.4
9/23/97,1.95
9/24/97,0
9/25/97,0
9/26/97,0
9/27/97,0
9/28/97,0
9/29/97,0
9/30/97,0
10/1/97,0
10/2/97,0
10/3/97,0.64
10/4/97,0
10/5/97,0
10/6/97,0
10/7/97,0
10/8/97,5.07
10/9/97,0
10/10/97,0
10/11/97,0
10/12/97,5.29
10/13/97,0.88
10/14/97,0
10/15/97,0
10/16/97,0
10/17/97,0
10/18/97,0
10/19/97,0
10/20/97,0
10/21/97,0
10/22/97,0
10/23/97,0
10/24/97,7.12
10/25/97,13.58
10/26/97,0
10/27/97,0
10/28/97,0
10/29/97,0
10/30/97,0
10/31/97,0
11/1/97,0
11/2/97,0
11/3/97,0
11/4/97,0
11/5/97,0
11/6/97,0
11/7/97,0
11/8/97,3.89
11/9/97,0
11/10/97,15.12
11/11/97,0
11/12/97,13.74
11/13/97,1.26
11/14/97,9.56
11/15/97,21.57
11/16/97,0
11/17/97,1.76
11/18/97,0
11/19/97,0
11/20/97,0
11/21/97,0
11/22/97,0
11/23/97,0
11/24/97,0
11/25/97,0
11/26/97,0
11/27/97,0
11/28/97,7.83
11/29/97,1.93
11/30/97,0
12/1/97,0
12/2/97,3.21
12/3/97,11
12/4/97,2.48
12/5/97,0
12/6/97,0
12/7/97,3.87
12/8/97,11.31
12/9/97,7.26
12/10/97,0
12/11/97,3.61
12/12/97,0
12/13/97,0
12/14/97,0
12/15/97,0
12/16/97,0
12/17/97,0
12/18/97,0
12/19/97,0
12/20/97,0
12/21/97,0
12/22/97,5.55
12/23/97,1.58
12/24/97,4.8
12/25/97,1.42
12/26/97,0
12/27/97,0
12/28/97,0.65
12/29/97,0
12/30/97,0
12/31/97,0
1/1/98,0
1/2/98,0
1/3/98,11.67
1/4/98,0
1/5/98,0
1/6/98,0
1/7/98,8.48
1/8/98,0
1/9/98,0
1/10/98,0
1/11/98,2.42
1/12/98,0
1/13/98,0
1/14/98,0
1/15/98,0
1/16/98,0
1/17/98,0
1/18/98,0
1/19/98,0
1/20/98,0
1/21/98,0
1/22/98,0
1/23/98,0
1/24/98,0
1/25/98,0
1/26/98,0
1/27/98,0
1/28/98,0
1/29/98,0
1/30/98,0
1/31/98,0
2/1/98,0
2/2/98,0
2/3/98,0
2/4/98,0.82
2/5/98,1.72
2/6/98,4.53
2/7/98,0.6
2/8/98,3.5
2/9/98,2.69
2/10/98,0
2/11/98,0
2/12/98,0.76
2/13/98,1.09
2/14/98,0
2/15/98,0
2/16/98,1.66
2/17/98,7.42
2/18/98,0.31
2/19/98,3.18
2/20/98,0
2/21/98,1.88
2/22/98,0
2/23/98,0
2/24/98,0.67
2/25/98,11.33
2/26/98,4.78
2/27/98,0.54
2/28/98,0
3/1/98,0
3/2/98,0
3/3/98,0
3/4/98,0
3/5/98,0.73
3/6/98,2.07
3/7/98,3.93
3/8/98,3.25
3/9/98,0
3/10/98,0
3/11/98,0
3/12/98,0
3/13/98,0
3/14/98,11.15
3/15/98,15.92
3/16/98,19.4
3/17/98,13.71
3/18/98,5.23
3/19/98,7.36
3/20/98,0
3/21/98,0
3/22/98,0
3/23/98,0
3/24/98,0
3/25/98,0
3/26/98,1.35
3/27/98,5.28
3/28/98,2.7
3/29/98,0
3/30/98,2.57
3/31/98,2.11
4/1/98,1.33
4/2/98,0.93
4/3/98,13.22
4/4/98,0
4/5/98,0
4/6/98,0
4/7/98,0.33
4/8/98,2.89
4/9/98,0
4/10/98,0
4/11/98,0
4/12/98,0
4/13/98,2.12
4/14/98,0
4/15/98,1.2
4/16/98,10.77
4/17/98,6.36
4/18/98,0.47
4/19/98,0
4/20/98,11.92
4/21/98,0
4/22/98,0
4/23/98,0
4/24/98,0
4/25/98,0
4/26/98,16.82
4/27/98,9.71
4/28/98,3.78
4/29/98,0
4/30/98,0
5/1/98,0
5/2/98,0
5/3/98,0
5/4/98,0
5/5/98,0
5/6/98,0
5/7/98,0
5/8/98,0
5/9/98,0
5/10/98,0
5/11/98,0
5/12/98,0
5/13/98,0
5/14/98,0
5/15/98,4.9
5/16/98,0
5/17/98,0
5/18/98,0
5/19/98,0
5/20/98,0
5/21/98,0
5/22/98,0
5/23/98,0
5/24/98,0
5/25/98,0
5/26/98,0
5/27/98,0
5/28/98,0
5/29/98,0
5/30/98,0
5/31/98,0
6/1/98,0
6/2/98,0
6/3/98,0
6/4/98,0
6/5/98,0
6/6/98,0
6/7/98,0
6/8/98,0
6/9/98,0
6/10/98,0
6/11/98,2.6
6/12/98,0
6/13/98,0
6/14/98,0
6/15/98,0
6/16/98,0
6/17/98,0
6/18/98,0
6/19/98,0
6/20/98,0
6/21/98,0
6/22/98,0
6/23/98,0
6/24/98,0.95
6/25/98,0
6/26/98,0
6/27/98,0
6/28/98,0
6/29/98,0
6/30/98,1.53
7/1/98,6.38
7/2/98,14.3
7/3/98,7.92
7/4/98,21.01
7/5/98,3.55
7/6/98,2.92
7/7/98,9.3
7/8/98,10.79
7/9/98,8.35
7/10/98,7.57
7/11/98,0
7/12/98,0
7/13/98,2.3
7/14/98,1.89
7/15/98,2.08
7/16/98,10.81
7/17/98,5.76
7/18/98,0
7/19/98,0
7/20/98,0
7/21/98,0
7/22/98,1.55
7/23/98,2.92
7/24/98,7.75
7/25/98,1.39
7/26/98,11.86
7/27/98,17.16
7/28/98,10.39
7/29/98,6.42
7/30/98,0
7/31/98,13
8/1/98,6.77
8/2/98,5.4
8/3/98,2.9
8/4/98,13.12
8/5/98,5.49
8/6/98,9.59
8/7/98,0
8/8/98,0
8/9/98,0
8/10/98,11.8
8/11/98,5.05
8/12/98,6.81
8/13/98,1.72
8/14/98,0.71
8/15/98,0
8/16/98,3.12
8/17/98,1.09
8/18/98,6.58
8/19/98,0
8/20/98,14.41
8/21/98,12.35
8/22/98,0.36
8/23/98,1.5
8/24/98,0
8/25/98,5.02
8/26/98,20.53
8/27/98,0
8/28/98,5.8
8/29/98,0
8/30/98,5.24
8/31/98,0
9/1/98,7.7
9/2/98,0.71
9/3/98,0
9/4/98,0
9/5/98,0
9/6/98,0
9/7/98,0
9/8/98,0
9/9/98,0
9/10/98,0
9/11/98,0
9/12/98,0
9/13/98,0
9/14/98,0
9/15/98,4.92
9/16/98,0.44
9/17/98,2.94
9/18/98,0
9/19/98,0
9/20/98,0
9/21/98,0
9/22/98,0
9/23/98,1.22
9/24/98,0.81
9/25/98,0
9/26/98,0
9/27/98,0
9/28/98,0
9/29/98,2.73
9/30/98,15.44
10/1/98,15.37
10/2/98,11.05
10/3/98,0
10/4/98,3.15
10/5/98,0
10/6/98,0
10/7/98,0
10/8/98,0
10/9/98,0
10/10/98,0
10/11/98,0
10/12/98,0
10/13/98,0
10/14/98,0
10/15/98,0
10/16/98,0
10/17/98,0
10/18/98,0
10/19/98,0
10/20/98,3.1
10/21/98,5.5
10/22/98,1.74
10/23/98,0
10/24/98,0
10/25/98,5.36
10/26/98,12.93
10/27/98,11.98
10/28/98,11.23
10/29/98,0
10/30/98,8.61
10/31/98,28.73
11/1/98,45.12
11/2/98,2.25
11/3/98,1.54
11/4/98,0
11/5/98,0
11/6/98,0
11/7/98,0
11/8/98,0.59
11/9/98,7.51
11/10/98,19.98
11/11/98,0
11/12/98,2.79
11/13/98,3.37
11/14/98,0
11/15/98,0
11/16/98,0
11/17/98,0
11/18/98,0
11/19/98,0
11/20/98,0
11/21/98,0
11/22/98,0
11/23/98,0
11/24/98,0
11/25/98,0
11/26/98,0
11/27/98,0
11/28/98,0
11/29/98,0.97
11/30/98,12.06
12/1/98,0
12/2/98,0
12/3/98,0
12/4/98,0
12/5/98,0
12/6/98,4.19
12/7/98,0.67
12/8/98,0
12/9/98,0
12/10/98,0
12/11/98,0
12/12/98,0
12/13/98,0
12/14/98,0
12/15/98,0
12/16/98,0
12/17/98,0
12/18/98,0
12/19/98,0
12/20/98,0
12/21/98,3.97
12/22/98,0
12/23/98,0
12/24/98,0
12/25/98,0
12/26/98,0
12/27/98,0
12/28/98,0
12/29/98,0
12/30/98,0
12/31/98,0
1/1/99,3.75
1/2/99,2.66
1/3/99,0.76
1/4/99,0
1/5/99,0
1/6/99,0
1/7/99,0
1/8/99,3.26
1/9/99,0
1/10/99,0
1/11/99,0
1/12/99,2.46
1/13/99,0
1/14/99,0
1/15/99,0
1/16/99,0
1/17/99,0
1/18/99,0
1/19/99,0
1/20/99,3.03
1/21/99,0
1/22/99,16.03
1/23/99,5.5
1/24/99,0
1/25/99,0
1/26/99,0
1/27/99,0
1/28/99,0
1/29/99,3.32
1/30/99,0.87
1/31/99,0
2/1/99,0
2/2/99,0
2/3/99,0
2/4/99,0
2/5/99,0.96
2/6/99,1.89
2/7/99,0
2/8/99,0
2/9/99,0
2/10/99,0
2/11/99,5.91
2/12/99,0
2/13/99,0
2/14/99,0
2/15/99,0
2/16/99,0
2/17/99,0
2/18/99,0
2/19/99,0
2/20/99,0
2/21/99,0
2/22/99,0
2/23/99,0
2/24/99,0
2/25/99,0
2/26/99,0
2/27/99,0
2/28/99,0
3/1/99,0
3/2/99,0
3/3/99,0
3/4/99,0
3/5/99,0
3/6/99,0
3/7/99,5.53
3/8/99,3.69
3/9/99,0
3/10/99,0
3/11/99,0
3/12/99,4.46
3/13/99,1.88
3/14/99,0
3/15/99,0
3/16/99,0
3/17/99,0
3/18/99,9.07
3/19/99,7.46
3/20/99,0
3/21/99,0
3/22/99,0
3/23/99,0.36
3/24/99,0
3/25/99,0
3/26/99,0
3/27/99,0
3/28/99,0
3/29/99,0
3/30/99,0
3/31/99,0
4/1/99,0
4/2/99,1.41
4/3/99,7.46
4/4/99,2.62
4/5/99,0
4/6/99,0
4/7/99,0
4/8/99,0
4/9/99,0
4/10/99,0
4/11/99,0
4/12/99,0
4/13/99,0
4/14/99,6.86
4/15/99,0.62
4/16/99,2.99
4/17/99,0
4/18/99,0
4/19/99,0
4/20/99,0
4/21/99,5.56
4/22/99,5.81
4/23/99,1.99
4/24/99,1.84
4/25/99,6.27
4/26/99,3.25
4/27/99,0
4/28/99,1.26
4/29/99,28.94
4/30/99,35.15
5/1/99,52.97
5/2/99,8.62
5/3/99,12.88
5/4/99,15.64
5/5/99,5.58
5/6/99,0
5/7/99,0
5/8/99,0
5/9/99,0
5/10/99,0
5/11/99,0
5/12/99,0.64
5/13/99,0
5/14/99,0
5/15/99,0
5/16/99,0
5/17/99,0
5/18/99,0
5/19/99,0
5/20/99,0
5/21/99,0
5/22/99,0
5/23/99,8.04
5/24/99,13.64
5/25/99,11.15
5/26/99,3.32
5/27/99,3.43
5/28/99,6.26
5/29/99,1.03
5/30/99,0
5/31/99,0
6/1/99,0
6/2/99,0
6/3/99,0
6/4/99,0
6/5/99,0
6/6/99,0
6/7/99,0
6/8/99,0
6/9/99,0
6/10/99,0
6/11/99,2.36
6/12/99,5.37
6/13/99,4.22
6/14/99,0.83
6/15/99,5.77
6/16/99,10.36
6/17/99,12.98
6/18/99,2.3
6/19/99,0
6/20/99,3.65
6/21/99,0
6/22/99,0
6/23/99,0
6/24/99,0
6/25/99,0
6/26/99,0
6/27/99,0.93
6/28/99,0
6/29/99,0
6/30/99,0
7/1/99,0
7/2/99,0
7/3/99,1.42
7/4/99,1.93
7/5/99,10.57
7/6/99,9.07
7/7/99,4.98
7/8/99,4.43
7/9/99,3.49
7/10/99,5.71
7/11/99,0
7/12/99,5.6
7/13/99,0
7/14/99,0.92
7/15/99,0
7/16/99,16.7
7/17/99,3.55
7/18/99,4.94
7/19/99,3.45
7/20/99,3
7/21/99,6.66
7/22/99,3.38
7/23/99,4.09
7/24/99,2.53
7/25/99,2.01
7/26/99,1.68
7/27/99,0.42
7/28/99,0
7/29/99,0.65
7/30/99,0
7/31/99,7.39
8/1/99,25.57
8/2/99,10.21
8/3/99,13.84
8/4/99,13.2
8/5/99,18.66
8/6/99,8.35
8/7/99,2.06
8/8/99,2.77
8/9/99,18.6
8/10/99,3.89
8/11/99,4.77
8/12/99,0.47
8/13/99,0.7
8/14/99,2.78
8/15/99,10.63
8/16/99,1.3
8/17/99,2.89
8/18/99,0
8/19/99,1.94
8/20/99,0
8/21/99,1.25
8/22/99,0
8/23/99,3.06
8/24/99,0.7
8/25/99,0
8/26/99,0
8/27/99,0
8/28/99,0
8/29/99,0
8/30/99,1.64
8/31/99,0.39
9/1/99,0
9/2/99,0
9/3/99,7.56
9/4/99,0.31
9/5/99,0
9/6/99,4.83
9/7/99,0
9/8/99,0
9/9/99,0
9/10/99,0
9/11/99,0
9/12/99,0
9/13/99,3.15
9/14/99,2.41
9/15/99,2.9
9/16/99,6.89
9/17/99,7.26
9/18/99,10.06
9/19/99,0
9/20/99,0
9/21/99,0
9/22/99,0
9/23/99,0
9/24/99,0
9/25/99,0
9/26/99,0
9/27/99,0
9/28/99,0
9/29/99,0
9/30/99,0
10/1/99,0
10/2/99,0
10/3/99,0
10/4/99,0
10/5/99,0.77
10/6/99,1.29
10/7/99,0
10/8/99,2.31
10/9/99,0
10/10/99,0
10/11/99,0
10/12/99,0
10/13/99,0
10/14/99,0
10/15/99,0
10/16/99,0
10/17/99,13.18
10/18/99,0
10/19/99,0
10/20/99,0
10/21/99,0
10/22/99,0
10/23/99,0
10/24/99,0
10/25/99,0
10/26/99,0
10/27/99,0
10/28/99,0
10/29/99,0
10/30/99,0
10/31/99,0
11/1/99,0
11/2/99,0
11/3/99,0
11/4/99,0
11/5/99,0
11/6/99,0
11/7/99,0
11/8/99,0
11/9/99,0
11/10/99,0
11/11/99,0
11/12/99,0
11/13/99,0
11/14/99,0
11/15/99,0
11/16/99,0
11/17/99,0
11/18/99,0
11/19/99,0
11/20/99,0
11/21/99,0
11/22/99,0
11/23/99,0
11/24/99,5.05
11/25/99,0
11/26/99,0
11/27/99,0
11/28/99,0
11/29/99,0
11/30/99,0
12/1/99,0
12/2/99,0
12/3/99,1.63
12/4/99,16.21
12/5/99,0
12/6/99,0
12/7/99,0
12/8/99,0
12/9/99,0
12/10/99,0
12/11/99,0.54
12/12/99,0
12/13/99,0
12/14/99,0
12/15/99,0
12/16/99,0
12/17/99,0
12/18/99,0
12/19/99,0
12/20/99,0
12/21/99,3.06
12/22/99,0
12/23/99,0
12/24/99,0
12/25/99,4.33
12/26/99,2.03
12/27/99,0
12/28/99,0
12/29/99,0
12/30/99,0
12/31/99,0
1/1/00,0.5
1/2/00,4.99
1/3/00,0
1/4/00,0
1/5/00,0
1/6/00,0
1/7/00,0
1/8/00,0
1/9/00,0
1/10/00,0
1/11/00,0
1/12/00,0
1/13/00,0
1/14/00,0
1/15/00,0
1/16/00,0
1/17/00,0
1/18/00,0
1/19/00,0
1/20/00,0
1/21/00,0
1/22/00,0
1/23/00,0
1/24/00,0
1/25/00,5.7
1/26/00,17.37
1/27/00,21.46
1/28/00,2.64
1/29/00,0
1/30/00,0
1/31/00,0.93
2/1/00,0
2/2/00,0
2/3/00,0
2/4/00,0
2/5/00,0
2/6/00,0
2/7/00,0
2/8/00,0
2/9/00,0
2/10/00,0
2/11/00,0
2/12/00,2.14
2/13/00,4.16
2/14/00,0.58
2/15/00,0
2/16/00,0
2/17/00,0
2/18/00,0
2/19/00,0
2/20/00,0
2/21/00,0
2/22/00,0
2/23/00,0
2/24/00,2.88
2/25/00,4.57
2/26/00,0
2/27/00,0
2/28/00,1.81
2/29/00,1.22
3/1/00,1.55
3/2/00,2.38
3/3/00,3.82
3/4/00,0
3/5/00,0
3/6/00,3.28
3/7/00,2.18
3/8/00,6.06
3/9/00,0
3/10/00,0
3/11/00,0
3/12/00,0
3/13/00,0
3/14/00,0
3/15/00,4.03
3/16/00,2.98
3/17/00,2.6
3/18/00,0
3/19/00,0
3/20/00,3.59
3/21/00,17.41
3/22/00,10.05
3/23/00,12.75
3/24/00,0
3/25/00,0
3/26/00,0
3/27/00,0
3/28/00,0.77
3/29/00,5.68
3/30/00,8.49
3/31/00,8.32
4/1/00,5.43
4/2/00,6.13
4/3/00,2.25
4/4/00,1.57
4/5/00,0
4/6/00,0
4/7/00,0
4/8/00,0
4/9/00,0
4/10/00,14.86
4/11/00,7.11
4/12/00,7.77
4/13/00,0
4/14/00,0
4/15/00,0
4/16/00,0
4/17/00,0
4/18/00,0
4/19/00,0
4/20/00,0
4/21/00,0
4/22/00,0
4/23/00,0
4/24/00,0
4/25/00,0
4/26/00,0
4/27/00,0
4/28/00,0.81
4/29/00,0
4/30/00,0
5/1/00,12.5
5/2/00,0
5/3/00,0
5/4/00,0
5/5/00,0
5/6/00,0
5/7/00,0
5/8/00,0
5/9/00,0
5/10/00,0
5/11/00,0
5/12/00,0
5/13/00,0
5/14/00,0
5/15/00,0
5/16/00,0
5/17/00,0
5/18/00,0
5/19/00,0
5/20/00,0
5/21/00,0
5/22/00,0
5/23/00,0.84
5/24/00,0
5/25/00,0
5/26/00,1.11
5/27/00,0
5/28/00,0
5/29/00,0
5/30/00,0
5/31/00,0
6/1/00,0
6/2/00,0.58
6/3/00,5.69
6/4/00,0
6/5/00,3.77
6/6/00,0
6/7/00,1.35
6/8/00,0.9
6/9/00,0.91
6/10/00,0
6/11/00,0
6/12/00,0
6/13/00,0
6/14/00,0
6/15/00,0
6/16/00,0
6/17/00,0
6/18/00,2.56
6/19/00,9.2
6/20/00,0
6/21/00,0
6/22/00,2.2
6/23/00,3.13
6/24/00,0
6/25/00,0
6/26/00,0
6/27/00,4.11
6/28/00,9.67
6/29/00,2.02
6/30/00,6.48
7/1/00,5.11
7/2/00,12.39
7/3/00,0
7/4/00,0
7/5/00,0
7/6/00,4.31
7/7/00,10.57
7/8/00,14.55
7/9/00,6.43
7/10/00,2.36
7/11/00,2.34
7/12/00,4.24
7/13/00,15.93
7/14/00,10.09
7/15/00,7.7
7/16/00,1.73
7/17/00,1.33
7/18/00,1.5
7/19/00,0
7/20/00,0
7/21/00,0.7
7/22/00,2.8
7/23/00,0
7/24/00,0
7/25/00,0
7/26/00,2.08
7/27/00,5.4
7/28/00,4.06
7/29/00,13.33
7/30/00,14.85
7/31/00,3.66
8/1/00,1.52
8/2/00,0
8/3/00,0
8/4/00,1.39
8/5/00,1.57
8/6/00,0
8/7/00,4.4
8/8/00,0
8/9/00,3.62
8/10/00,0.55
8/11/00,4.1
8/12/00,0
8/13/00,2.82
8/14/00,2.27
8/15/00,0
8/16/00,0.28
8/17/00,9.99
8/18/00,4.93
8/19/00,30.85
8/20/00,7.01
8/21/00,0
8/22/00,0
8/23/00,0
8/24/00,0
8/25/00,1.58
8/26/00,2.14
8/27/00,0
8/28/00,0
8/29/00,0.99
8/30/00,0
8/31/00,0
9/1/00,0
9/2/00,0
9/3/00,0
9/4/00,0
9/5/00,0
9/6/00,0
9/7/00,1.68
9/8/00,2.9
9/9/00,1.03
9/10/00,0
9/11/00,0
9/12/00,0
9/13/00,0
9/14/00,0
9/15/00,0
9/16/00,0
9/17/00,0
9/18/00,0
9/19/00,0
9/20/00,0
9/21/00,0
9/22/00,2.11
9/23/00,0
9/24/00,0
9/25/00,0
9/26/00,0
9/27/00,0
9/28/00,0
9/29/00,0
9/30/00,0
10/1/00,0
10/2/00,0
10/3/00,0
10/4/00,0
10/5/00,1.64
10/6/00,0
10/7/00,0
10/8/00,0
10/9/00,0
10/10/00,0
10/11/00,0
10/12/00,6.74
10/13/00,11.41
10/14/00,0
10/15/00,0
10/16/00,0
10/17/00,0
10/18/00,0
10/19/00,0
10/20/00,0
10/21/00,0
10/22/00,7.64
10/23/00,29.49
10/24/00,18.2
10/25/00,0
10/26/00,0
10/27/00,10.33
10/28/00,8.31
10/29/00,17.02
10/30/00,0
10/31/00,0
11/1/00,0
11/2/00,0
11/3/00,1.33
11/4/00,8.03
11/5/00,8.28
11/6/00,8.16
11/7/00,3.74
11/8/00,2.95
11/9/00,0
11/10/00,0
11/11/00,5.39
11/12/00,9.97
11/13/00,0.35
11/14/00,0
11/15/00,0.32
11/16/00,0
11/17/00,0
11/18/00,1.11
11/19/00,0
11/20/00,0
11/21/00,0
11/22/00,1.16
11/23/00,5.02
11/24/00,8.08
11/25/00,0
11/26/00,0
11/27/00,0
11/28/00,0
11/29/00,0
11/30/00,0
12/1/00,0
12/2/00,0
12/3/00,0
12/4/00,0
12/5/00,0
12/6/00,0
12/7/00,0
12/8/00,1.5
12/9/00,0.46
12/10/00,0.82
12/11/00,0.46
12/12/00,0
12/13/00,3.39
12/14/00,0
12/15/00,1.96
12/16/00,0
12/17/00,0
12/18/00,0.54
12/19/00,0
12/20/00,1.17
12/21/00,0
12/22/00,0.54
12/23/00,0
12/24/00,0.9
12/25/00,0
12/26/00,6.97
12/27/00,1.71
12/28/00,0
12/29/00,0.54
12/30/00,0
12/31/00,0
1/1/01,0
1/2/01,1.04
1/3/01,0
1/4/01,0
1/5/01,0
1/6/01,0
1/7/01,0
1/8/01,0
1/9/01,0.64
1/10/01,2.71
1/11/01,0
1/12/01,0
1/13/01,5.73
1/14/01,0
1/15/01,0
1/16/01,14.74
1/17/01,3.44
1/18/01,0
1/19/01,0
1/20/01,0
1/21/01,0
1/22/01,0
1/23/01,0
1/24/01,0
1/25/01,3.81
1/26/01,2.56
1/27/01,12.06
1/28/01,15.1
1/29/01,3.06
1/30/01,2.98
1/31/01,0
2/1/01,0
2/2/01,0
2/3/01,1.77
2/4/01,0.51
2/5/01,0
2/6/01,0
2/7/01,0
2/8/01,0
2/9/01,11.04
2/10/01,0
2/11/01,0
2/12/01,0
2/13/01,0
2/14/01,0
2/15/01,0
2/16/01,0
2/17/01,0
2/18/01,0
2/19/01,0
2/20/01,0
2/21/01,0
2/22/01,0
2/23/01,0
2/24/01,4.95
2/25/01,0
2/26/01,0
2/27/01,2.78
2/28/01,12.53
3/1/01,5.87
3/2/01,0
3/3/01,0
3/4/01,0
3/5/01,0
3/6/01,0
3/7/01,0.86
3/8/01,26.96
3/9/01,3.93
3/10/01,1.25
3/11/01,4.22
3/12/01,0.31
3/13/01,0
3/14/01,0
3/15/01,0
3/16/01,0
3/17/01,2.78
3/18/01,5.42
3/19/01,0
3/20/01,0
3/21/01,0
3/22/01,0
3/23/01,0
3/24/01,0
3/25/01,0
3/26/01,0
3/27/01,0
3/28/01,0
3/29/01,0
3/30/01,0
3/31/01,0
4/1/01,0
4/2/01,0
4/3/01,0
4/4/01,0
4/5/01,0
4/6/01,2.48
4/7/01,5.73
4/8/01,0
4/9/01,0
4/10/01,7.18
4/11/01,0
4/12/01,2.37
4/13/01,0
4/14/01,0
4/15/01,0
4/16/01,0
4/17/01,0
4/18/01,0
4/19/01,5.84
4/20/01,0
4/21/01,1.71
4/22/01,0
4/23/01,4.49
4/24/01,0
4/25/01,0
4/26/01,0
4/27/01,2.66
4/28/01,0.85
4/29/01,0
4/30/01,0
5/1/01,0
5/2/01,0
5/3/01,0
5/4/01,0.68
5/5/01,27.57
5/6/01,6.92
5/7/01,1.74
5/8/01,0
5/9/01,0
5/10/01,0
5/11/01,2.45
5/12/01,0
5/13/01,1.73
5/14/01,0
5/15/01,1.28
5/16/01,0
5/17/01,0
5/18/01,0
5/19/01,0
5/20/01,6.61
5/21/01,0
5/22/01,0
5/23/01,0
5/24/01,0
5/25/01,0
5/26/01,0
5/27/01,0
5/28/01,0
5/29/01,0
5/30/01,0
5/31/01,0
6/1/01,0
6/2/01,0
6/3/01,0
6/4/01,0
6/5/01,0
6/6/01,0
6/7/01,0
6/8/01,3.64
6/9/01,0
6/10/01,0
6/11/01,0
6/12/01,0
6/13/01,0
6/14/01,0
6/15/01,0
6/16/01,0
6/17/01,0
6/18/01,0
6/19/01,0
6/20/01,0
6/21/01,3.97
6/22/01,1.72
6/23/01,0
6/24/01,1.93
6/25/01,1.05
6/26/01,6.16
6/27/01,6.88
6/28/01,0
6/29/01,0
6/30/01,1.32
7/1/01,1.09
7/2/01,5.16
7/3/01,2.69
7/4/01,0
7/5/01,0
7/6/01,0
7/7/01,0
7/8/01,0
7/9/01,0
7/10/01,2.59
7/11/01,5.73
7/12/01,0
7/13/01,10.83
7/14/01,3.61
7/15/01,0.88
7/16/01,0
7/17/01,1.73
7/18/01,0.39
7/19/01,0
7/20/01,0
7/21/01,4.59
7/22/01,2.6
7/23/01,2.66
7/24/01,7.87
7/25/01,9.26
7/26/01,13.14
7/27/01,3.19
7/28/01,0.91
7/29/01,0
7/30/01,4.37
7/31/01,7.33
8/1/01,1.88
8/2/01,5.81
8/3/01,6.59
8/4/01,0.96
8/5/01,0
8/6/01,0
8/7/01,0
8/8/01,0.32
8/9/01,10.51
8/10/01,7.36
8/11/01,12.68
8/12/01,3.7
8/13/01,8.65
8/14/01,9.79
8/15/01,9.89
8/16/01,4.35
8/17/01,2.41
8/18/01,0
8/19/01,0
8/20/01,0
8/21/01,0
8/22/01,0
8/23/01,0
8/24/01,0
8/25/01,0
8/26/01,0
8/27/01,1.36
8/28/01,2.23
8/29/01,0.95
8/30/01,5.49
8/31/01,4.94
9/1/01,2.99
9/2/01,0
9/3/01,1.36
9/4/01,0
9/5/01,0
9/6/01,0
9/7/01,0
9/8/01,0
9/9/01,0
9/10/01,0
9/11/01,0
9/12/01,0
9/13/01,0
9/14/01,0
9/15/01,3.84
9/16/01,0
9/17/01,0
9/18/01,0
9/19/01,0
9/20/01,0
9/21/01,0
9/22/01,0
9/23/01,0
9/24/01,6.99
9/25/01,0
9/26/01,0
9/27/01,0
9/28/01,0
9/29/01,0
9/30/01,0.49
10/1/01,0.93
10/2/01,0
10/3/01,0
10/4/01,0
10/5/01,0
10/6/01,0
10/7/01,0
10/8/01,5.57
10/9/01,0
10/10/01,7.05
10/11/01,0
10/12/01,5.52
10/13/01,3.73
10/14/01,0
10/15/01,0
10/16/01,0
10/17/01,0
10/18/01,0
10/19/01,0
10/20/01,0
10/21/01,0
10/22/01,0
10/23/01,0
10/24/01,0
10/25/01,0
10/26/01,0
10/27/01,0
10/28/01,2.49
10/29/01,0
10/30/01,0
10/31/01,0
11/1/01,0
11/2/01,0
11/3/01,0
11/4/01,0
11/5/01,0
11/6/01,0
11/7/01,0
11/8/01,0.93
11/9/01,0
11/10/01,0
11/11/01,0
11/12/01,0
11/13/01,0
11/14/01,2.26
11/15/01,14.4
11/16/01,12.15
11/17/01,4.81
11/18/01,0
11/19/01,0
11/20/01,0
11/21/01,0
11/22/01,1.68
11/23/01,7.06
11/24/01,5.36
11/25/01,2.38
11/26/01,3.65
11/27/01,0
11/28/01,2.43
11/29/01,0
11/30/01,6.21
12/1/01,0
12/2/01,0
12/3/01,0
12/4/01,0
12/5/01,0
12/6/01,0
12/7/01,0
12/8/01,0
12/9/01,0
12/10/01,0
12/11/01,0
12/12/01,2.74
12/13/01,1.16
12/14/01,0
12/15/01,0
12/16/01,0
12/17/01,0
12/18/01,0
12/19/01,0
12/20/01,0
12/21/01,0
12/22/01,5.52
12/23/01,0
12/24/01,0
12/25/01,0
12/26/01,0
12/27/01,0
12/28/01,0
12/29/01,0
12/30/01,13.33
12/31/01,9.93
1/1/02,1.84
1/2/02,0
1/3/02,0
1/4/02,0.75
1/5/02,0
1/6/02,0
1/7/02,0
1/8/02,0
1/9/02,0
1/10/02,1.62
1/11/02,2.4
1/12/02,0
1/13/02,0
1/14/02,0
1/15/02,0
1/16/02,0
1/17/02,7.53
1/18/02,1.9
1/19/02,0
1/20/02,0
1/21/02,0
1/22/02,0
1/23/02,0
1/24/02,0
1/25/02,0
1/26/02,0
1/27/02,0
1/28/02,0
1/29/02,0
1/30/02,0
1/31/02,13.89
2/1/02,0
2/2/02,0.72
2/3/02,0
2/4/02,0
2/5/02,0
2/6/02,0
2/7/02,0.71
2/8/02,0
2/9/02,0
2/10/02,0
2/11/02,0
2/12/02,0
2/13/02,0
2/14/02,0
2/15/02,9.51
2/16/02,0
2/17/02,0
2/18/02,0
2/19/02,2.93
2/20/02,0.68
2/21/02,2.11
2/22/02,0.76
2/23/02,0
2/24/02,0
2/25/02,0
2/26/02,0
2/27/02,0
2/28/02,0
3/1/02,0
3/2/02,2.82
3/3/02,0
3/4/02,0
3/5/02,0
3/6/02,0
3/7/02,2.95
3/8/02,0
3/9/02,0
3/10/02,0
3/11/02,0
3/12/02,0
3/13/02,0
3/14/02,0
3/15/02,0
3/16/02,6.7
3/17/02,0
3/18/02,0
3/19/02,0
3/20/02,0
3/21/02,0
3/22/02,0
3/23/02,0
3/24/02,0
3/25/02,0
3/26/02,0
3/27/02,0
3/28/02,0
3/29/02,0
3/30/02,0
3/31/02,0
4/1/02,0
4/2/02,0
4/3/02,0
4/4/02,0
4/5/02,0
4/6/02,0
4/7/02,0
4/8/02,7.02
4/9/02,0
4/10/02,0
4/11/02,0
4/12/02,0
4/13/02,0
4/14/02,0
4/15/02,0
4/16/02,0
4/17/02,0
4/18/02,0
4/19/02,0
4/20/02,0
4/21/02,0
4/22/02,0
4/23/02,0
4/24/02,0
4/25/02,0
4/26/02,0
4/27/02,0
4/28/02,0
4/29/02,0
4/30/02,0
5/1/02,0
5/2/02,0
5/3/02,0
5/4/02,0
5/5/02,0
5/6/02,0
5/7/02,0
5/8/02,0
5/9/02,0
5/10/02,0
5/11/02,0
5/12/02,0
5/13/02,0
5/14/02,0
5/15/02,0
5/16/02,0
5/17/02,0
5/18/02,0
5/19/02,0
5/20/02,0
5/21/02,0
5/22/02,0
5/23/02,0
5/24/02,0
5/25/02,0
5/26/02,0
5/27/02,0
5/28/02,0
5/29/02,0
5/30/02,0
5/31/02,0
6/1/02,0
6/2/02,0
6/3/02,0
6/4/02,11.9
6/5/02,3.56
6/6/02,0
6/7/02,0
6/8/02,0
6/9/02,0
6/10/02,0
6/11/02,0
6/12/02,0
6/13/02,0
6/14/02,0
6/15/02,1.36
6/16/02,0
6/17/02,0
6/18/02,0
6/19/02,0
6/20/02,3.52
6/21/02,1.83
6/22/02,6.91
6/23/02,20.98
6/24/02,0
6/25/02,0
6/26/02,0
6/27/02,3.29
6/28/02,3.09
6/29/02,0
6/30/02,5.61
7/1/02,1.73
7/2/02,0
7/3/02,0.97
7/4/02,3.73
7/5/02,2.24
7/6/02,5.61
7/7/02,8.9
7/8/02,9.44
7/9/02,3.45
7/10/02,3.18
7/11/02,7.69
7/12/02,0.66
7/13/02,6.45
7/14/02,0
7/15/02,2.18
7/16/02,0.93
7/17/02,0
7/18/02,0
7/19/02,0
7/20/02,8.46
7/21/02,8.84
7/22/02,3.09
7/23/02,6.8
7/24/02,4.43
7/25/02,2.92
7/26/02,3.58
7/27/02,0.59
7/28/02,0
7/29/02,4.8
7/30/02,0
7/31/02,1.28
8/1/02,0
8/2/02,0
8/3/02,5.4
8/4/02,2.56
8/5/02,0
8/6/02,0
8/7/02,0.55
8/8/02,0.88
8/9/02,0
8/10/02,0
8/11/02,0
8/12/02,0
8/13/02,0
8/14/02,0
8/15/02,0
8/16/02,0
8/17/02,0
8/18/02,0
8/19/02,0
8/20/02,3.65
8/21/02,0
8/22/02,0
8/23/02,0
8/24/02,0
8/25/02,0
8/26/02,0
8/27/02,0
8/28/02,14.63
8/29/02,0.29
8/30/02,0
8/31/02,0
9/1/02,0
9/2/02,0
9/3/02,0
9/4/02,0
9/5/02,0
9/6/02,0
9/7/02,0.51
9/8/02,3.73
9/9/02,12.93
9/10/02,7.61
9/11/02,13.65
9/12/02,9.68
9/13/02,0.93
9/14/02,0.46
9/15/02,0
9/16/02,0
9/17/02,0
9/18/02,6.79
9/19/02,12.86
9/20/02,0
9/21/02,1.78
9/22/02,0
9/23/02,0
9/24/02,0
9/25/02,0
9/26/02,0
9/27/02,0
9/28/02,12.93
9/29/02,2.8
9/30/02,0.57
10/1/02,0
10/2/02,1.39
10/3/02,0
10/4/02,0
10/5/02,0
10/6/02,0
10/7/02,0
10/8/02,0
10/9/02,0
10/10/02,0
10/11/02,0
10/12/02,0
10/13/02,0
10/14/02,0
10/15/02,0
10/16/02,0
10/17/02,0
10/18/02,1.52
10/19/02,0
10/20/02,0
10/21/02,0
10/22/02,0.69
10/23/02,11.61
10/24/02,13.04
10/25/02,3.26
10/26/02,7.46
10/27/02,12.27
10/28/02,0.76
10/29/02,0
10/30/02,10.91
10/31/02,1.04
11/1/02,1.91
11/2/02,3.03
11/3/02,0.99
11/4/02,2.72
11/5/02,8.08
11/6/02,0
11/7/02,0
11/8/02,0
11/9/02,16.32
11/10/02,31.78
11/11/02,0
11/12/02,0
11/13/02,0
11/14/02,0
11/15/02,0
11/16/02,2.85
11/17/02,0
11/18/02,0
11/19/02,0
11/20/02,0
11/21/02,0
11/22/02,0
11/23/02,0
11/24/02,0
11/25/02,0
11/26/02,0
11/27/02,0
11/28/02,0
11/29/02,0
11/30/02,0
12/1/02,0
12/2/02,1.24
12/3/02,8.46
12/4/02,7.95
12/5/02,0
12/6/02,0
12/7/02,0
12/8/02,0
12/9/02,0
12/10/02,0
12/11/02,0
12/12/02,0
12/13/02,0
12/14/02,0
12/15/02,0
12/16/02,0
12/17/02,3.42
12/18/02,9.2
12/19/02,1.51
12/20/02,0
12/21/02,0
12/22/02,0
12/23/02,5.73
12/24/02,1.12
12/25/02,0
12/26/02,0
12/27/02,0
12/28/02,0
12/29/02,1.92
12/30/02,0
12/31/02,2.32
1/1/03,0
1/2/03,0
1/3/03,0
1/4/03,0
1/5/03,5.47
1/6/03,3.69
1/7/03,5.01
1/8/03,0
1/9/03,5.09
1/10/03,0
1/11/03,0
1/12/03,0
1/13/03,0
1/14/03,0
1/15/03,0
1/16/03,0
1/17/03,0
1/18/03,0
1/19/03,0
1/20/03,0
1/21/03,0
1/22/03,0
1/23/03,0
1/24/03,0
1/25/03,0
1/26/03,0
1/27/03,0
1/28/03,0
1/29/03,0
1/30/03,0
1/31/03,0
2/1/03,0
2/2/03,0
2/3/03,0
2/4/03,0
2/5/03,1.46
2/6/03,4.29
2/7/03,2.78
2/8/03,0
2/9/03,0
2/10/03,0
2/11/03,0
2/12/03,1.15
2/13/03,2.78
2/14/03,6.44
2/15/03,11.21
2/16/03,7.96
2/17/03,0
2/18/03,0.62
2/19/03,6.42
2/20/03,0
2/21/03,0
2/22/03,0
2/23/03,0
2/24/03,0
2/25/03,4.2
2/26/03,5.39
2/27/03,4.37
2/28/03,8.51
3/1/03,0.38
3/2/03,5.78
3/3/03,0
3/4/03,2.12
3/5/03,1.59
3/6/03,0
3/7/03,0
3/8/03,0
3/9/03,0
3/10/03,0
3/11/03,0
3/12/03,0
3/13/03,0
3/14/03,0
3/15/03,0
3/16/03,0
3/17/03,0
3/18/03,5.96
3/19/03,9.31
3/20/03,12.3
3/21/03,8.56
3/22/03,8.26
3/23/03,0
3/24/03,0
3/25/03,0
3/26/03,0
3/27/03,0
3/28/03,6.14
3/29/03,0.49
3/30/03,0
3/31/03,0
4/1/03,0
4/2/03,0
4/3/03,0
4/4/03,0
4/5/03,2.05
4/6/03,0
4/7/03,2.16
4/8/03,0
4/9/03,0
4/10/03,0
4/11/03,0
4/12/03,0
4/13/03,0
4/14/03,0
4/15/03,7.21
4/16/03,4.81
4/17/03,0
4/18/03,0
4/19/03,0
4/20/03,2.56
4/21/03,3.04
4/22/03,0
4/23/03,1.21
4/24/03,0
4/25/03,0
4/26/03,0
4/27/03,0
4/28/03,0
4/29/03,0
4/30/03,0
5/1/03,0
5/2/03,0
5/3/03,0
5/4/03,0
5/5/03,0
5/6/03,0
5/7/03,0
5/8/03,0
5/9/03,0
5/10/03,0
5/11/03,0
5/12/03,0
5/13/03,0
5/14/03,0
5/15/03,0
5/16/03,0
5/17/03,0
5/18/03,0
5/19/03,0
5/20/03,1.25
5/21/03,0
5/22/03,0
5/23/03,3.02
5/24/03,0
5/25/03,4.88
5/26/03,1.47
5/27/03,6.93
5/28/03,2.4
5/29/03,2.87
5/30/03,0
5/31/03,0
6/1/03,4.14
6/2/03,0
6/3/03,0
6/4/03,0
6/5/03,0
6/6/03,0
6/7/03,0
6/8/03,0
6/9/03,0
6/10/03,0
6/11/03,0
6/12/03,0
6/13/03,0
6/14/03,0
6/15/03,0
6/16/03,3.16
6/17/03,12.43
6/18/03,16.81
6/19/03,14.27
6/20/03,5.89
6/21/03,2.57
6/22/03,0
6/23/03,0
6/24/03,0
6/25/03,0
6/26/03,0
6/27/03,0
6/28/03,0
6/29/03,0
6/30/03,0.75
7/1/03,1.22
7/2/03,0
7/3/03,0
7/4/03,0
7/5/03,0
7/6/03,0
7/7/03,0
7/8/03,0
7/9/03,0
7/10/03,0
7/11/03,0
7/12/03,0
7/13/03,0
7/14/03,0
7/15/03,0
7/16/03,0
7/17/03,0
7/18/03,0
7/19/03,0
7/20/03,11.89
7/21/03,9.5
7/22/03,0
7/23/03,0
7/24/03,0
7/25/03,0
7/26/03,0
7/27/03,2.15
7/28/03,0.81
7/29/03,0
7/30/03,5.18
7/31/03,5.9
8/1/03,0
8/2/03,2.59
8/3/03,5.27
8/4/03,0
8/5/03,0.88
8/6/03,3.28
8/7/03,0
8/8/03,6.43
8/9/03,2.99
8/10/03,5.04
8/11/03,8.21
8/12/03,0.86
8/13/03,2.98
8/14/03,0
8/15/03,0
8/16/03,7.04
8/17/03,0.34
8/18/03,2.15
8/19/03,0.56
8/20/03,0
8/21/03,0
8/22/03,4.74
8/23/03,2.14
8/24/03,3.18
8/25/03,2.8
8/26/03,5.65
8/27/03,0.49
8/28/03,8.29
8/29/03,6.31
8/30/03,9.31
8/31/03,2.5
9/1/03,0
9/2/03,0
9/3/03,4.73
9/4/03,9.98
9/5/03,4.18
9/6/03,0
9/7/03,0
9/8/03,0
9/9/03,7.14
9/10/03,10.03
9/11/03,4.97
9/12/03,0
9/13/03,0
9/14/03,0
9/15/03,0
9/16/03,0
9/17/03,0
9/18/03,0
9/19/03,0
9/20/03,0
9/21/03,0
9/22/03,0
9/23/03,0
9/24/03,0
9/25/03,0
9/26/03,0
9/27/03,0
9/28/03,0
9/29/03,0
9/30/03,0
10/1/03,0
10/2/03,2.23
10/3/03,7.8
10/4/03,10.84
10/5/03,2.45
10/6/03,0
10/7/03,3.08
10/8/03,3.5
10/9/03,0
10/10/03,3.65
10/11/03,0.98
10/12/03,0
10/13/03,0
10/14/03,0
10/15/03,0
10/16/03,0
10/17/03,0
10/18/03,0
10/19/03,0
10/20/03,0
10/21/03,0
10/22/03,0
10/23/03,0
10/24/03,0
10/25/03,0
10/26/03,0
10/27/03,0
10/28/03,0
10/29/03,0
10/30/03,0
10/31/03,0
11/1/03,0
11/2/03,0
11/3/03,0
11/4/03,0
11/5/03,0
11/6/03,0
11/7/03,0
11/8/03,0
11/9/03,0
11/10/03,0
11/11/03,0
11/12/03,0
11/13/03,17.97
11/14/03,16.38
11/15/03,0
11/16/03,0
11/17/03,0
11/18/03,0.93
11/19/03,0
11/20/03,0
11/21/03,0
11/22/03,0
11/23/03,2.36
11/24/03,0
11/25/03,1.91
11/26/03,0
11/27/03,1.41
11/28/03,0
11/29/03,0
11/30/03,0
12/1/03,0
12/2/03,0
12/3/03,0
12/4/03,0
12/5/03,0
12/6/03,0
12/7/03,0
12/8/03,0
12/9/03,8.69
12/10/03,0
12/11/03,0
12/12/03,6.63
12/13/03,2.61
12/14/03,1.14
12/15/03,1.41
12/16/03,3.49
12/17/03,0
12/18/03,0
12/19/03,0
12/20/03,0
12/21/03,0
12/22/03,0
12/23/03,0
12/24/03,0
12/25/03,0
12/26/03,0
12/27/03,4.27
12/28/03,0
12/29/03,0
12/30/03,0
12/31/03,0
1/1/04,0
1/2/04,0
1/3/04,3.01
1/4/04,0
1/5/04,0
1/6/04,0
1/7/04,0
1/8/04,0
1/9/04,0
1/10/04,0
1/11/04,0
1/12/04,0
1/13/04,0
1/14/04,0
1/15/04,0
1/16/04,1.44
1/17/04,0
1/18/04,0
1/19/04,0
1/20/04,5.3
1/21/04,10.49
1/22/04,0
1/23/04,0
1/24/04,0
1/25/04,0
1/26/04,5.02
1/27/04,0
1/28/04,0
1/29/04,0
1/30/04,0
1/31/04,3.74
2/1/04,1.51
2/2/04,2.09
2/3/04,7.65
2/4/04,4.61
2/5/04,0.33
2/6/04,0
2/7/04,0
2/8/04,0
2/9/04,0
2/10/04,0
2/11/04,0
2/12/04,8.67
2/13/04,0
2/14/04,0
2/15/04,0
2/16/04,0
2/17/04,0
2/18/04,1.06
2/19/04,1.08
2/20/04,0.89
2/21/04,1.33
2/22/04,2.9
2/23/04,0
2/24/04,24.66
2/25/04,8.47
2/26/04,0
2/27/04,0
2/28/04,0
2/29/04,0
3/1/04,0
3/2/04,0
3/3/04,9.7
3/4/04,11.27
3/5/04,8.42
3/6/04,1.17
3/7/04,0
3/8/04,0
3/9/04,0
3/10/04,0
3/11/04,0
3/12/04,0
3/13/04,0
3/14/04,0
3/15/04,0
3/16/04,0
3/17/04,0
3/18/04,0
3/19/04,0
3/20/04,0
3/21/04,0
3/22/04,0
3/23/04,0
3/24/04,0
3/25/04,0
3/26/04,0
3/27/04,2.63
3/28/04,0
3/29/04,0
3/30/04,0
3/31/04,0
4/1/04,0
4/2/04,36.4
4/3/04,43.67
4/4/04,18.13
4/5/04,2.89
4/6/04,0
4/7/04,1.88
4/8/04,8.35
4/9/04,3.81
4/10/04,10.46
4/11/04,14.77
4/12/04,4.74
4/13/04,0
4/14/04,0
4/15/04,0
4/16/04,0
4/17/04,0
4/18/04,0
4/19/04,0
4/20/04,0
4/21/04,0
4/22/04,0
4/23/04,14.89
4/24/04,3.33
4/25/04,0
4/26/04,0
4/27/04,0
4/28/04,0
4/29/04,0
4/30/04,7.89
5/1/04,0
5/2/04,0
5/3/04,0
5/4/04,0
5/5/04,0
5/6/04,0
5/7/04,0
5/8/04,0
5/9/04,0
5/10/04,0
5/11/04,0
5/12/04,0
5/13/04,0
5/14/04,0
5/15/04,0
5/16/04,0
5/17/04,0
5/18/04,0
5/19/04,0
5/20/04,0
5/21/04,0
5/22/04,0
5/23/04,0
5/24/04,0
5/25/04,0
5/26/04,0
5/27/04,0
5/28/04,0
5/29/04,0
5/30/04,0
5/31/04,0
6/1/04,0
6/2/04,0
6/3/04,1.51
6/4/04,0.46
6/5/04,0
6/6/04,0
6/7/04,0
6/8/04,0
6/9/04,0
6/10/04,0
6/11/04,0
6/12/04,0
6/13/04,0
6/14/04,0
6/15/04,0
6/16/04,0
6/17/04,0
6/18/04,0
6/19/04,2.67
6/20/04,0
6/21/04,0
6/22/04,0.5
6/23/04,0.54
6/24/04,0
6/25/04,0
6/26/04,11.53
6/27/04,4.98
6/28/04,21.88
6/29/04,12.56
6/30/04,8.4
7/1/04,0
7/2/04,0
7/3/04,0
7/4/04,0
7/5/04,0
7/6/04,0
7/7/04,0
7/8/04,0
7/9/04,0
7/10/04,2.78
7/11/04,0
7/12/04,1.72
7/13/04,0
7/14/04,0
7/15/04,0
7/16/04,2.63
7/17/04,2.25
7/18/04,3.44
7/19/04,6.66
7/20/04,3.98
7/21/04,11.56
7/22/04,4.23
7/23/04,3.72
7/24/04,17.07
7/25/04,8.4
7/26/04,2.44
7/27/04,7.35
7/28/04,4.6
7/29/04,5.68
7/30/04,5.88
7/31/04,0
8/1/04,0
8/2/04,0
8/3/04,1.33
8/4/04,1.53
8/5/04,10.31
8/6/04,2.2
8/7/04,3.1
8/8/04,1.3
8/9/04,0
8/10/04,2.62
8/11/04,0.56
8/12/04,5.51
8/13/04,1.66
8/14/04,6.84
8/15/04,5.98
8/16/04,1.47
8/17/04,0
8/18/04,1.94
8/19/04,3.46
8/20/04,3.88
8/21/04,1.37
8/22/04,0.54
8/23/04,0
8/24/04,0
8/25/04,0
8/26/04,0
8/27/04,0
8/28/04,0
8/29/04,0
8/30/04,0.79
8/31/04,0
9/1/04,1.96
9/2/04,0
9/3/04,0
9/4/04,1.97
9/5/04,3.47
9/6/04,0
9/7/04,0
9/8/04,0
9/9/04,0
9/10/04,0
9/11/04,0
9/12/04,0
9/13/04,0
9/14/04,0
9/15/04,0
9/16/04,0
9/17/04,0
9/18/04,8.73
9/19/04,6.05
9/20/04,19.26
9/21/04,0
9/22/04,0
9/23/04,0
9/24/04,0
9/25/04,4.41
9/26/04,0
9/27/04,0.72
9/28/04,2.29
9/29/04,0
9/30/04,0.9
10/1/04,1.3
10/2/04,3.24
10/3/04,0
10/4/04,1.98
10/5/04,11.83
10/6/04,13.86
10/7/04,0
10/8/04,0
10/9/04,1.19
10/10/04,1.78
10/11/04,2.28
10/12/04,6.23
10/13/04,4.37
10/14/04,5.68
10/15/04,0
10/16/04,0
10/17/04,0
10/18/04,3.06
10/19/04,0
10/20/04,0
10/21/04,0
10/22/04,0
10/23/04,1.49
10/24/04,0
10/25/04,0
10/26/04,1.37
10/27/04,0
10/28/04,2.34
10/29/04,0.8
10/30/04,0
10/31/04,0
11/1/04,0
11/2/04,0
11/3/04,0
11/4/04,0
11/5/04,0
11/6/04,0
11/7/04,0
11/8/04,0
11/9/04,0
11/10/04,5.66
11/11/04,0
11/12/04,0
11/13/04,5.7
11/14/04,0.57
11/15/04,1.76
11/16/04,0
11/17/04,0
11/18/04,0
11/19/04,0
11/20/04,6.93
11/21/04,8.36
11/22/04,0.84
11/23/04,1.65
11/24/04,18.07
11/25/04,0
11/26/04,0
11/27/04,0
11/28/04,0
11/29/04,9.87
11/30/04,5.68
12/1/04,0
12/2/04,0
12/3/04,0
12/4/04,0
12/5/04,3.31
12/6/04,0
12/7/04,0
12/8/04,0
12/9/04,0
12/10/04,0
12/11/04,0
12/12/04,0
12/13/04,0
12/14/04,1.37
12/15/04,0
12/16/04,0.83
12/17/04,0
12/18/04,0
12/19/04,0
12/20/04,0
12/21/04,0
12/22/04,11.41
12/23/04,3.21
12/24/04,1.68
12/25/04,0
12/26/04,0
12/27/04,0
12/28/04,0
12/29/04,8.23
12/30/04,14.8
12/31/04,2.71
1/1/05,0
1/2/05,0
1/3/05,4.94
1/4/05,10.75
1/5/05,17.11
1/6/05,4.01
1/7/05,0
1/8/05,0
1/9/05,1.99
1/10/05,0.98
1/11/05,0
1/12/05,4.25
1/13/05,3.37
1/14/05,0
1/15/05,0
1/16/05,0
1/17/05,0
1/18/05,0
1/19/05,0
1/20/05,0
1/21/05,0
1/22/05,0
1/23/05,0
1/24/05,0
1/25/05,0
1/26/05,2.15
1/27/05,4.63
1/28/05,12.26
1/29/05,9.95
1/30/05,8.64
1/31/05,5.66
2/1/05,0.65
2/2/05,0
2/3/05,0
2/4/05,0
2/5/05,0
2/6/05,4.65
2/7/05,6.21
2/8/05,2.39
2/9/05,0
2/10/05,0
2/11/05,3.71
2/12/05,6.54
2/13/05,12.28
2/14/05,0
2/15/05,0
2/16/05,3.94
2/17/05,3.9
2/18/05,1.11
2/19/05,8.1
2/20/05,8.43
2/21/05,1.72
2/22/05,0.94
2/23/05,4.75
2/24/05,2.91
2/25/05,1.06
2/26/05,0
2/27/05,0
2/28/05,0
3/1/05,0
3/2/05,0
3/3/05,2.3
3/4/05,0
3/5/05,1.85
3/6/05,0.69
3/7/05,0
3/8/05,0
3/9/05,0
3/10/05,0
3/11/05,0
3/12/05,0
3/13/05,1.24
3/14/05,19.02
3/15/05,26.94
3/16/05,6.15
3/17/05,0.29
3/18/05,0
3/19/05,0
3/20/05,0
3/21/05,7.58
3/22/05,0
3/23/05,0
3/24/05,0
3/25/05,5.26
3/26/05,7.28
3/27/05,1.56
3/28/05,2.98
3/29/05,0
3/30/05,3.19
3/31/05,1.38
4/1/05,0
4/2/05,0
4/3/05,0
4/4/05,0
4/5/05,2.09
4/6/05,0
4/7/05,0
4/8/05,0
4/9/05,0
4/10/05,0
4/11/05,0.81
4/12/05,0
4/13/05,0
4/14/05,0
4/15/05,3.32
4/16/05,5.73
4/17/05,6.07
4/18/05,0
4/19/05,0
4/20/05,0
4/21/05,0
4/22/05,0
4/23/05,7.45
4/24/05,0
4/25/05,7.76
4/26/05,15.95
4/27/05,0.76
4/28/05,0
4/29/05,4.43
4/30/05,0.86
5/1/05,0
5/2/05,19.87
5/3/05,7.6
5/4/05,4.62
5/5/05,0
5/6/05,1.66
5/7/05,0
5/8/05,0
5/9/05,0
5/10/05,0
5/11/05,0
5/12/05,0
5/13/05,0
5/14/05,2.59
5/15/05,1.8
5/16/05,0.28
5/17/05,0
5/18/05,0
5/19/05,0
5/20/05,0
5/21/05,0
5/22/05,0
5/23/05,0
5/24/05,0
5/25/05,0
5/26/05,2.77
5/27/05,2.44
5/28/05,0.81
5/29/05,0.63
5/30/05,3.4
5/31/05,0.34
6/1/05,0
6/2/05,0
6/3/05,0
6/4/05,0
6/5/05,0
6/6/05,0
6/7/05,0
6/8/05,0
6/9/05,0
6/10/05,8.6
6/11/05,0
6/12/05,9.33
6/13/05,0
6/14/05,0
6/15/05,1.94
6/16/05,0
6/17/05,0
6/18/05,0
6/19/05,0
6/20/05,0
6/21/05,5.87
6/22/05,1.86
6/23/05,0
6/24/05,0.62
6/25/05,7.58
6/26/05,13.83
6/27/05,1.05
6/28/05,0
6/29/05,0
6/30/05,0
7/1/05,0
7/2/05,0
7/3/05,0
7/4/05,0
7/5/05,0
7/6/05,0
7/7/05,0
7/8/05,0
7/9/05,0
7/10/05,0
7/11/05,0
7/12/05,0
7/13/05,0.59
7/14/05,0.71
7/15/05,0
7/16/05,1.11
7/17/05,11.53
7/18/05,17.89
7/19/05,3.85
7/20/05,0
7/21/05,0
7/22/05,0.62
7/23/05,5.4
7/24/05,0
7/25/05,7.71
7/26/05,0.69
7/27/05,5.27
7/28/05,0
7/29/05,0
7/30/05,0
7/31/05,0
8/1/05,0
8/2/05,0
8/3/05,0
8/4/05,16.7
8/5/05,22.25
8/6/05,4.47
8/7/05,5.28
8/8/05,1.06
8/9/05,0
8/10/05,3.97
8/11/05,3.64
8/12/05,12.53
8/13/05,10.05
8/14/05,5.78
8/15/05,0.96
8/16/05,3.12
8/17/05,0.4
8/18/05,0
8/19/05,0
8/20/05,0
8/21/05,0
8/22/05,0
8/23/05,1.36
8/24/05,0
8/25/05,0
8/26/05,0
8/27/05,0
8/28/05,0
8/29/05,1.18
8/30/05,0
8/31/05,0
9/1/05,3.27
9/2/05,5.14
9/3/05,2.94
9/4/05,0.88
9/5/05,0
9/6/05,0.3
9/7/05,3.35
9/8/05,6.12
9/9/05,0
9/10/05,0
9/11/05,0
9/12/05,0
9/13/05,0
9/14/05,0
9/15/05,0
9/16/05,0
9/17/05,0
9/18/05,0
9/19/05,0
9/20/05,0
9/21/05,0
9/22/05,0
9/23/05,5.51
9/24/05,0
9/25/05,0
9/26/05,0
9/27/05,1.14
9/28/05,22.22
9/29/05,26.2
9/30/05,16.64
10/1/05,0
10/2/05,0
10/3/05,0.79
10/4/05,0.93
10/5/05,0
10/6/05,0.96
10/7/05,0
10/8/05,0
10/9/05,0.57
10/10/05,7.29
10/11/05,10.14
10/12/05,0
10/13/05,0
10/14/05,0
10/15/05,6.87
10/16/05,7.04
10/17/05,0
10/18/05,3.59
10/19/05,4.36
10/20/05,1.12
10/21/05,0
10/22/05,0
10/23/05,0
10/24/05,0
10/25/05,0
10/26/05,3.88
10/27/05,0
10/28/05,0
10/29/05,1.6
10/30/05,0
10/31/05,0
11/1/05,0
11/2/05,0
11/3/05,0
11/4/05,0
11/5/05,0
11/6/05,0
11/7/05,0
11/8/05,0
11/9/05,0
11/10/05,2.01
11/11/05,0
11/12/05,3.79
11/13/05,0
11/14/05,0
11/15/05,0
11/16/05,0
11/17/05,0
11/18/05,0
11/19/05,0
11/20/05,0
11/21/05,0
11/22/05,0
11/23/05,0
11/24/05,0
11/25/05,0
11/26/05,1.01
11/27/05,10.84
11/28/05,0
11/29/05,0
11/30/05,0
12/1/05,0
12/2/05,0
12/3/05,6.27
12/4/05,0
12/5/05,0
12/6/05,0
12/7/05,1.92
12/8/05,0
12/9/05,0
12/10/05,0
12/11/05,0
12/12/05,0
12/13/05,0
12/14/05,0
12/15/05,0
12/16/05,0
12/17/05,0
12/18/05,0
12/19/05,0
12/20/05,0
12/21/05,0
12/22/05,0
12/23/05,0
12/24/05,0
12/25/05,0
12/26/05,0
12/27/05,1.77
12/28/05,0
12/29/05,0
12/30/05,0
12/31/05,0
1/1/06,6.46
1/2/06,0
1/3/06,0
1/4/06,0
1/5/06,0
1/6/06,0
1/7/06,0
1/8/06,0
1/9/06,0
1/10/06,0
1/11/06,0
1/12/06,0
1/13/06,0
1/14/06,0
1/15/06,0
1/16/06,0
1/17/06,3.74
1/18/06,2
1/19/06,0
1/20/06,4.24
1/21/06,0
1/22/06,0
1/23/06,0
1/24/06,0
1/25/06,0
1/26/06,8.84
1/27/06,0
1/28/06,0
1/29/06,0
1/30/06,0
1/31/06,0
2/1/06,0
2/2/06,0
2/3/06,0
2/4/06,0
2/5/06,0
2/6/06,0
2/7/06,0
2/8/06,0
2/9/06,0
2/10/06,2.4
2/11/06,0
2/12/06,0
2/13/06,0
2/14/06,0
2/15/06,0
2/16/06,1.22
2/17/06,0
2/18/06,1.73
2/19/06,0
2/20/06,0
2/21/06,0
2/22/06,0
2/23/06,0
2/24/06,0
2/25/06,0
2/26/06,0
2/27/06,0
2/28/06,0
3/1/06,0
3/2/06,0
3/3/06,0
3/4/06,0
3/5/06,0
3/6/06,0
3/7/06,0
3/8/06,1
3/9/06,0.87
3/10/06,0.44
3/11/06,0.43
3/12/06,5.78
3/13/06,4.72
3/14/06,0
3/15/06,0
3/16/06,0
3/17/06,0
3/18/06,0
3/19/06,2.72
3/20/06,2.49
3/21/06,22.17
3/22/06,1.64
3/23/06,2.74
3/24/06,0
3/25/06,0
3/26/06,0
3/27/06,0
3/28/06,0
3/29/06,0.76
3/30/06,8.21
3/31/06,0
4/1/06,0
4/2/06,0
4/3/06,0
4/4/06,0
4/5/06,0
4/6/06,5.54
4/7/06,0
4/8/06,0
4/9/06,0
4/10/06,0
4/11/06,0
4/12/06,0
4/13/06,0
4/14/06,0
4/15/06,0
4/16/06,0
4/17/06,0
4/18/06,0
4/19/06,0
4/20/06,0
4/21/06,0
4/22/06,0
4/23/06,0
4/24/06,0
4/25/06,0
4/26/06,0
4/27/06,10.35
4/28/06,0
4/29/06,4.52
4/30/06,0
5/1/06,0
5/2/06,0
5/3/06,0
5/4/06,0
5/5/06,4.89
5/6/06,1.52
5/7/06,0
5/8/06,0
5/9/06,2.88
5/10/06,0
5/11/06,0
5/12/06,0
5/13/06,0
5/14/06,10.37
5/15/06,6.19
5/16/06,9.4
5/17/06,0
5/18/06,0.79
5/19/06,0
5/20/06,0
5/21/06,0
5/22/06,1.8
5/23/06,0.36
5/24/06,0
5/25/06,0
5/26/06,0
5/27/06,0
5/28/06,0
5/29/06,0
5/30/06,0
5/31/06,4.53
6/1/06,3.26
6/2/06,0.54
6/3/06,0
6/4/06,0.66
6/5/06,0
6/6/06,0
6/7/06,5.29
6/8/06,1.96
6/9/06,2.46
6/10/06,0
6/11/06,0
6/12/06,0
6/13/06,0.51
6/14/06,0
6/15/06,0
6/16/06,0
6/17/06,0
6/18/06,0
6/19/06,0
6/20/06,0
6/21/06,0
6/22/06,0
6/23/06,0
6/24/06,0.78
6/25/06,5.12
6/26/06,14.43
6/27/06,8.39
6/28/06,6.63
6/29/06,9.81
6/30/06,1.43
7/1/06,0
7/2/06,2.15
7/3/06,7.05
7/4/06,14.22
7/5/06,7.48
7/6/06,13.7
7/7/06,14.16
7/8/06,4.4
7/9/06,15.97
7/10/06,3.69
7/11/06,1.02
7/12/06,0.52
7/13/06,0
7/14/06,0
7/15/06,1.05
7/16/06,0
7/17/06,0
7/18/06,0
7/19/06,3.02
7/20/06,0
7/21/06,0
7/22/06,8.35
7/23/06,0.79
7/24/06,1.53
7/25/06,3.19
7/26/06,6.67
7/27/06,8.14
7/28/06,20.43
7/29/06,2.76
7/30/06,2.53
7/31/06,0.83
8/1/06,5.02
8/2/06,2.8
8/3/06,7.96
8/4/06,7.09
8/5/06,5.04
8/6/06,9.15
8/7/06,4.52
8/8/06,1.06
8/9/06,5.24
8/10/06,1.37
8/11/06,2.75
8/12/06,2.74
8/13/06,8.95
8/14/06,15.01
8/15/06,4.54
8/16/06,1.7
8/17/06,2.82
8/18/06,3.91
8/19/06,4.77
8/20/06,14.2
8/21/06,8.55
8/22/06,4.22
8/23/06,6.83
8/24/06,1.93
8/25/06,3.12
8/26/06,2.65
8/27/06,3.46
8/28/06,0
8/29/06,0.47
8/30/06,0
8/31/06,0.64
9/1/06,0
9/2/06,2.92
9/3/06,5.19
9/4/06,2.1
9/5/06,3.15
9/6/06,2.83
9/7/06,2.24
9/8/06,7.18
9/9/06,3.31
9/10/06,0.78
9/11/06,0
9/12/06,5.24
9/13/06,0
9/14/06,0
9/15/06,1.41
9/16/06,0
9/17/06,0
9/18/06,0
9/19/06,0
9/20/06,0.61
9/21/06,13.67
9/22/06,0
9/23/06,6.19
9/24/06,0.73
9/25/06,0
9/26/06,0
9/27/06,0
9/28/06,0
9/29/06,0
9/30/06,0
10/1/06,0
10/2/06,0
10/3/06,0
10/4/06,0
10/5/06,0
10/6/06,0
10/7/06,0
10/8/06,1.35
10/9/06,14.84
10/10/06,15.93
10/11/06,0
10/12/06,0
10/13/06,0
10/14/06,0
10/15/06,0
10/16/06,2.73
10/17/06,0
10/18/06,0.72
10/19/06,0
10/20/06,0
10/21/06,0
10/22/06,0
10/23/06,0
10/24/06,0
10/25/06,0.79
10/26/06,6.32
10/27/06,2.05
10/28/06,0
10/29/06,0
10/30/06,0
10/31/06,0
11/1/06,0
11/2/06,0
11/3/06,0
11/4/06,0
11/5/06,0
11/6/06,0
11/7/06,0
11/8/06,0
11/9/06,0
11/10/06,0
11/11/06,0
11/12/06,0
11/13/06,2.62
11/14/06,0
11/15/06,0
11/16/06,0
11/17/06,0
11/18/06,0
11/19/06,0
11/20/06,0
11/21/06,0
11/22/06,0
11/23/06,0
11/24/06,0
11/25/06,0.56
11/26/06,0
11/27/06,0
11/28/06,0
11/29/06,1.13
11/30/06,19.08
12/1/06,0
12/2/06,0
12/3/06,4.37
12/4/06,0
12/5/06,0.47
12/6/06,0
12/7/06,1.1
12/8/06,0
12/9/06,0
12/10/06,0
12/11/06,4.24
12/12/06,4.05
12/13/06,0
12/14/06,0
12/15/06,0
12/16/06,0
12/17/06,0
12/18/06,0
12/19/06,2.46
12/20/06,4.42
12/21/06,12.94
12/22/06,0
12/23/06,0
12/24/06,0
12/25/06,0
12/26/06,0
12/27/06,0
12/28/06,0
12/29/06,15.57
12/30/06,18.26
12/31/06,18.67
1/1/07,0
1/2/07,0
1/3/07,0
1/4/07,0
1/5/07,0
1/6/07,5.64
1/7/07,0
1/8/07,0
1/9/07,0
1/10/07,0
1/11/07,0
1/12/07,0
1/13/07,4.52
1/14/07,6.47
1/15/07,14.58
1/16/07,0
1/17/07,0
1/18/07,0
1/19/07,0
1/20/07,2.91
1/21/07,5.09
1/22/07,1.76
1/23/07,0
1/24/07,0
1/25/07,0
1/26/07,0
1/27/07,0
1/28/07,0.83
1/29/07,0
1/30/07,0
1/31/07,3.76
2/1/07,13.05
2/2/07,5.25
2/3/07,0.65
2/4/07,0
2/5/07,0
2/6/07,0
2/7/07,0
2/8/07,0
2/9/07,0
2/10/07,0
2/11/07,0
2/12/07,6.52
2/13/07,5.02
2/14/07,2.31
2/15/07,5.05
2/16/07,0
2/17/07,0
2/18/07,0
2/19/07,0.82
2/20/07,3.66
2/21/07,1.79
2/22/07,0
2/23/07,0
2/24/07,3.79
2/25/07,1.95
2/26/07,0
2/27/07,0
2/28/07,0
3/1/07,1.69
3/2/07,0
3/3/07,0.41
3/4/07,0
3/5/07,0
3/6/07,0
3/7/07,0
3/8/07,0
3/9/07,0
3/10/07,0
3/11/07,0
3/12/07,0
3/13/07,0
3/14/07,0
3/15/07,0
3/16/07,0
3/17/07,0
3/18/07,0
3/19/07,0
3/20/07,0
3/21/07,0
3/22/07,1.35
3/23/07,7.96
3/24/07,10.94
3/25/07,8.52
3/26/07,0
3/27/07,0
3/28/07,0
3/29/07,0
3/30/07,0
3/31/07,3.01
4/1/07,0
4/2/07,0
4/3/07,0
4/4/07,0
4/5/07,0
4/6/07,0
4/7/07,0
4/8/07,1.37
4/9/07,3.97
4/10/07,1.87
4/11/07,1.46
4/12/07,1.52
4/13/07,10.59
4/14/07,14.37
4/15/07,1.31
4/16/07,0
4/17/07,1.25
4/18/07,0
4/19/07,0
4/20/07,0
4/21/07,0
4/22/07,1.95
4/23/07,0
4/24/07,6.6
4/25/07,8.29
4/26/07,0
4/27/07,0
4/28/07,0
4/29/07,0
4/30/07,0
5/1/07,6.5
5/2/07,9.05
5/3/07,5.69
5/4/07,0
5/5/07,0.41
5/6/07,2.25
5/7/07,0
5/8/07,1.02
5/9/07,2
5/10/07,1.22
5/11/07,1.57
5/12/07,0
5/13/07,1.3
5/14/07,0.41
5/15/07,3.2
5/16/07,4.24
5/17/07,5.79
5/18/07,7.99
5/19/07,2.47
5/20/07,2.7
5/21/07,0.97
5/22/07,0.69
5/23/07,0
5/24/07,2.77
5/25/07,4.51
5/26/07,4.16
5/27/07,0
5/28/07,0
5/29/07,0
5/30/07,0
5/31/07,0
6/1/07,0
6/2/07,0
6/3/07,0
6/4/07,0.35
6/5/07,0.71
6/6/07,0
6/7/07,0
6/8/07,0
6/9/07,0
6/10/07,4.72
6/11/07,0.68
6/12/07,14.29
6/13/07,1.9
6/14/07,0
6/15/07,1.01
6/16/07,0.28
6/17/07,1.09
6/18/07,0
6/19/07,0
6/20/07,0
6/21/07,1.75
6/22/07,6.22
6/23/07,0
6/24/07,1.28
6/25/07,1.82
6/26/07,0
6/27/07,0
6/28/07,12.26
6/29/07,5.52
6/30/07,0
7/1/07,1.45
7/2/07,0.74
7/3/07,6.63
7/4/07,2.29
7/5/07,8.12
7/6/07,0
7/7/07,3.99
7/8/07,0
7/9/07,0.92
7/10/07,1.6
7/11/07,6.28
7/12/07,6.09
7/13/07,12.99
7/14/07,3.94
7/15/07,0.78
7/16/07,0
7/17/07,0
7/18/07,0
7/19/07,2.96
7/20/07,10.05
7/21/07,10.94
7/22/07,2.13
7/23/07,0
7/24/07,2.45
7/25/07,0
7/26/07,0
7/27/07,6.37
7/28/07,7.1
7/29/07,9.62
7/30/07,14.01
7/31/07,6.54
8/1/07,3.27
8/2/07,5.08
8/3/07,15.47
8/4/07,6.3
8/5/07,1.7
8/6/07,3.25
8/7/07,3.28
8/8/07,2.54
8/9/07,0.64
8/10/07,2.97
8/11/07,1.9
8/12/07,1.17
8/13/07,0
8/14/07,0
8/15/07,0
8/16/07,0.35
8/17/07,0
8/18/07,0
8/19/07,0
8/20/07,0
8/21/07,0
8/22/07,0
8/23/07,2.72
8/24/07,0.73
8/25/07,0
8/26/07,0
8/27/07,2.7
8/28/07,0
8/29/07,1.9
8/30/07,13.68
8/31/07,6.31
9/1/07,2.38
9/2/07,11.25
9/3/07,2.71
9/4/07,2.67
9/5/07,1.57
9/6/07,0
9/7/07,0
9/8/07,0.63
9/9/07,0
9/10/07,10.39
9/11/07,1.78
9/12/07,0
9/13/07,0
9/14/07,0
9/15/07,0
9/16/07,0
9/17/07,0
9/18/07,6.72
9/19/07,1.05
9/20/07,0.68
9/21/07,14.77
9/22/07,0
9/23/07,0
9/24/07,5.09
9/25/07,2.12
9/26/07,0
9/27/07,0
9/28/07,0
9/29/07,3.69
9/30/07,3.37
10/1/07,0
10/2/07,5.02
10/3/07,0
10/4/07,2.54
10/5/07,4.15
10/6/07,0
10/7/07,0
10/8/07,0
10/9/07,0
10/10/07,0
10/11/07,0
10/12/07,0
10/13/07,0
10/14/07,0
10/15/07,0
10/16/07,0
10/17/07,3.55
10/18/07,3.44
10/19/07,0
10/20/07,0
10/21/07,0
10/22/07,2.97
10/23/07,0
10/24/07,0
10/25/07,0
10/26/07,0
10/27/07,0
10/28/07,0
10/29/07,0
10/30/07,0
10/31/07,0
11/1/07,0
11/2/07,0
11/3/07,0
11/4/07,0
11/5/07,0
11/6/07,0
11/7/07,0
11/8/07,0
11/9/07,0
11/10/07,0
11/11/07,0
11/12/07,0
11/13/07,0
11/14/07,0
11/15/07,0
11/16/07,0
11/17/07,0
11/18/07,0
11/19/07,0
11/20/07,0
11/21/07,0
11/22/07,0
11/23/07,3.59
11/24/07,9.14
11/25/07,0
11/26/07,2.13
11/27/07,0
11/28/07,0
11/29/07,0
11/30/07,0
12/1/07,14.69
12/2/07,22.19
12/3/07,1.89
12/4/07,0
12/5/07,0
12/6/07,0
12/7/07,0
12/8/07,3.8
12/9/07,16.72
12/10/07,1.03
12/11/07,12.37
12/12/07,9.68
12/13/07,0.51
12/14/07,0
12/15/07,2.91
12/16/07,0
12/17/07,0
12/18/07,0
12/19/07,1
12/20/07,0
12/21/07,0
12/22/07,4.8
12/23/07,0.64
12/24/07,0
12/25/07,0
12/26/07,4.89
12/27/07,0.47
12/28/07,2.88
12/29/07,0
12/30/07,1.35
12/31/07,0
1/1/08,0
1/2/08,0
1/3/08,0
1/4/08,0
1/5/08,0
1/6/08,7.68
1/7/08,31
1/8/08,14.87
1/9/08,0
1/10/08,0.99
1/11/08,0
1/12/08,0
1/13/08,0
1/14/08,0
1/15/08,0
1/16/08,1.3
1/17/08,1.56
1/18/08,0
1/19/08,0
1/20/08,0
1/21/08,0
1/22/08,0
1/23/08,0
1/24/08,0
1/25/08,2.54
1/26/08,2.19
1/27/08,0
1/28/08,5.7
1/29/08,21.79
1/30/08,4.27
1/31/08,5.45
2/1/08,0
2/2/08,0.35
2/3/08,0
2/4/08,10.82
2/5/08,9.42
2/6/08,3.35
2/7/08,0.75
2/8/08,0
2/9/08,0
2/10/08,0
2/11/08,0
2/12/08,0
2/13/08,0
2/14/08,0
2/15/08,0
2/16/08,0
2/17/08,0.42
2/18/08,0
2/19/08,0
2/20/08,0
2/21/08,1.81
2/22/08,5.09
2/23/08,4.85
2/24/08,9.23
2/25/08,10.36
2/26/08,1.06
2/27/08,0
2/28/08,0
2/29/08,0
3/1/08,0
3/2/08,1.17
3/3/08,5.61
3/4/08,0
3/5/08,0
3/6/08,18.01
3/7/08,4.01
3/8/08,0
3/9/08,0
3/10/08,3.29
3/11/08,0
3/12/08,0
3/13/08,0
3/14/08,0.8
3/15/08,0
3/16/08,0.39
3/17/08,0
3/18/08,0
3/19/08,0
3/20/08,0
3/21/08,0.83
3/22/08,0
3/23/08,0
3/24/08,0
3/25/08,0
3/26/08,0
3/27/08,0
3/28/08,0
3/29/08,0
3/30/08,0
3/31/08,0
4/1/08,0
4/2/08,0
4/3/08,0
4/4/08,0
4/5/08,0
4/6/08,0
4/7/08,0
4/8/08,0
4/9/08,3.91
4/10/08,8.58
4/11/08,6.5
4/12/08,7.72
4/13/08,0
4/14/08,0
4/15/08,0
4/16/08,0
4/17/08,0.45
4/18/08,3.83
4/19/08,0
4/20/08,0
4/21/08,0
4/22/08,0
4/23/08,0
4/24/08,0
4/25/08,0
4/26/08,0
4/27/08,0
4/28/08,0
4/29/08,0
4/30/08,0
5/1/08,0
5/2/08,0
5/3/08,0
5/4/08,0
5/5/08,0
5/6/08,0
5/7/08,0
5/8/08,0
5/9/08,0
5/10/08,0
5/11/08,0
5/12/08,2.02
5/13/08,5.37
5/14/08,2.16
5/15/08,10.93
5/16/08,10.04
5/17/08,0
5/18/08,0
5/19/08,0
5/20/08,0
5/21/08,0
5/22/08,1.28
5/23/08,5.36
5/24/08,5.52
5/25/08,0
5/26/08,0
5/27/08,0
5/28/08,7.45
5/29/08,0
5/30/08,0
5/31/08,0
6/1/08,0
6/2/08,0
6/3/08,0
6/4/08,0
6/5/08,0
6/6/08,4.69
6/7/08,0
6/8/08,0
6/9/08,0
6/10/08,0
6/11/08,0
6/12/08,0
6/13/08,0
6/14/08,0
6/15/08,0
6/16/08,0
6/17/08,0
6/18/08,0
6/19/08,0
6/20/08,0
6/21/08,0
6/22/08,0
6/23/08,0.39
6/24/08,0
6/25/08,0
6/26/08,0
6/27/08,0
6/28/08,0
6/29/08,11.16
6/30/08,7.49
7/1/08,3.77
7/2/08,3.41
7/3/08,1.49
7/4/08,5.5
7/5/08,0
7/6/08,2.36
7/7/08,14.41
7/8/08,5.55
7/9/08,5.16
7/10/08,1.55
7/11/08,0
7/12/08,3.29
7/13/08,0.9
7/14/08,8.49
7/15/08,2.98
7/16/08,4.28
7/17/08,2.02
7/18/08,5.2
7/19/08,6.54
7/20/08,0
7/21/08,4.94
7/22/08,2.65
7/23/08,0
7/24/08,0
7/25/08,1.17
7/26/08,2.96
7/27/08,6.58
7/28/08,2.79
7/29/08,0.4
7/30/08,0.68
7/31/08,0
8/1/08,0.3
8/2/08,0
8/3/08,1.23
8/4/08,0.55
8/5/08,0.85
8/6/08,0
8/7/08,3.6
8/8/08,6.54
8/9/08,4.53
8/10/08,10.53
8/11/08,5.29
8/12/08,0
8/13/08,0.55
8/14/08,0.61
8/15/08,1.94
8/16/08,8.49
8/17/08,10.56
8/18/08,2.74
8/19/08,0
8/20/08,0
8/21/08,0
8/22/08,0
8/23/08,0.69
8/24/08,4.99
8/25/08,4.61
8/26/08,0.39
8/27/08,0
8/28/08,0
8/29/08,0
8/30/08,18.61
8/31/08,9.04
9/1/08,17.97
9/2/08,0.89
9/3/08,0
9/4/08,0.39
9/5/08,0
9/6/08,0
9/7/08,0
9/8/08,1.67
9/9/08,1.22
9/10/08,3.96
9/11/08,1.51
9/12/08,1.71
9/13/08,3.93
9/14/08,0
9/15/08,3.49
9/16/08,0
9/17/08,0
9/18/08,2.5
9/19/08,0
9/20/08,0.45
9/21/08,0
9/22/08,0.93
9/23/08,0.56
9/24/08,0
9/25/08,0
9/26/08,0
9/27/08,0
9/28/08,0
9/29/08,0
9/30/08,0
10/1/08,0
10/2/08,0
10/3/08,0
10/4/08,0
10/5/08,8.51
10/6/08,3.9
10/7/08,0
10/8/08,0
10/9/08,0
10/10/08,0
10/11/08,6.79
10/12/08,13.16
10/13/08,1.87
10/14/08,5.57
10/15/08,11.62
10/16/08,0
10/17/08,0
10/18/08,0
10/19/08,0
10/20/08,0
10/21/08,0.45
10/22/08,0
10/23/08,0
10/24/08,0
10/25/08,0
10/26/08,0
10/27/08,0
10/28/08,0
10/29/08,0
10/30/08,0
10/31/08,0
11/1/08,0
11/2/08,0
11/3/08,0
11/4/08,1.13
11/5/08,2.11
11/6/08,3.75
11/7/08,0
11/8/08,0
11/9/08,0
11/10/08,2.25
11/11/08,6.35
11/12/08,0
11/13/08,0
11/14/08,0
11/15/08,0
11/16/08,0
11/17/08,0
11/18/08,0
11/19/08,0
11/20/08,0
11/21/08,0
11/22/08,0
11/23/08,0
11/24/08,0
11/25/08,0
11/26/08,0.71
11/27/08,3.62
11/28/08,13.5
11/29/08,1.17
11/30/08,0
12/1/08,0
12/2/08,0
12/3/08,0
12/4/08,0
12/5/08,0
12/6/08,0
12/7/08,0
12/8/08,0
12/9/08,10.48
12/10/08,5.22
12/11/08,0
12/12/08,0
12/13/08,5.5
12/14/08,9.66
12/15/08,6.88
12/16/08,20.13
12/17/08,6.59
12/18/08,3.22
12/19/08,6.35
12/20/08,0
12/21/08,0
12/22/08,0
12/23/08,12.76
12/24/08,12.96
12/25/08,3.06
12/26/08,5.85
12/27/08,5.43
12/28/08,0
12/29/08,1.44
12/30/08,0
12/31/08,0
1/1/09,0
1/2/09,0
1/3/09,0
1/4/09,5.4
1/5/09,6.03
1/6/09,0
1/7/09,0
1/8/09,0
1/9/09,0
1/10/09,3.56
1/11/09,4.94
1/12/09,0
1/13/09,0
1/14/09,0
1/15/09,0
1/16/09,0
1/17/09,0
1/18/09,0
1/19/09,0.56
1/20/09,0
1/21/09,0
1/22/09,0
1/23/09,0
1/24/09,0
1/25/09,0
1/26/09,0
1/27/09,8.51
1/28/09,2.06
1/29/09,0
1/30/09,0
1/31/09,0
2/1/09,0
2/2/09,0
2/3/09,0
2/4/09,0.54
2/5/09,0
2/6/09,0
2/7/09,0
2/8/09,0.54
2/9/09,3.88
2/10/09,1.95
2/11/09,5.54
2/12/09,0
2/13/09,0
2/14/09,0
2/15/09,0
2/16/09,0
2/17/09,0
2/18/09,0
2/19/09,0
2/20/09,0
2/21/09,0
2/22/09,0
2/23/09,0
2/24/09,0
2/25/09,0
2/26/09,0
2/27/09,0
2/28/09,0
3/1/09,0
3/2/09,0
3/3/09,0
3/4/09,0
3/5/09,0
3/6/09,0.98
3/7/09,0
3/8/09,0.37
3/9/09,0.54
3/10/09,1.88
3/11/09,0
3/12/09,0
3/13/09,4.56
3/14/09,5.24
3/15/09,0.63
3/16/09,0
3/17/09,0
3/18/09,0
3/19/09,0
3/20/09,0
3/21/09,0
3/22/09,0
3/23/09,0
3/24/09,0
3/25/09,0
3/26/09,0
3/27/09,14.48
3/28/09,5.13
3/29/09,0
3/30/09,1.62
3/31/09,0
4/1/09,0
4/2/09,0.96
4/3/09,0.8
4/4/09,1.75
4/5/09,2.77
4/6/09,0
4/7/09,0
4/8/09,0
4/9/09,0
4/10/09,0
4/11/09,2.21
4/12/09,19.9
4/13/09,10.98
4/14/09,0
4/15/09,0
4/16/09,0
4/17/09,5.85
4/18/09,15.56
4/19/09,0.73
4/20/09,0
4/21/09,0
4/22/09,0
4/23/09,0
4/24/09,0
4/25/09,0
4/26/09,0
4/27/09,0
4/28/09,0
4/29/09,0
4/30/09,0
5/1/09,0
5/2/09,0
5/3/09,3.05
5/4/09,0
5/5/09,0
5/6/09,0
5/7/09,0
5/8/09,0
5/9/09,0
5/10/09,0
5/11/09,0
5/12/09,0
5/13/09,0
5/14/09,0
5/15/09,0
5/16/09,0
5/17/09,0
5/18/09,0
5/19/09,0
5/20/09,0.91
5/21/09,2.85
5/22/09,3.41
5/23/09,3.83
5/24/09,8.74
5/25/09,7.25
5/26/09,1.01
5/27/09,5.46
5/28/09,6.86
5/29/09,0
5/30/09,0
5/31/09,0
6/1/09,0.66
6/2/09,0.6
6/3/09,1.79
6/4/09,0
6/5/09,0
6/6/09,0
6/7/09,0
6/8/09,0
6/9/09,0
6/10/09,1.17
6/11/09,3.45
6/12/09,0
6/13/09,0.61
6/14/09,0.95
6/15/09,1.65
6/16/09,0
6/17/09,0
6/18/09,0
6/19/09,0
6/20/09,15.33
6/21/09,9.54
6/22/09,0
6/23/09,0
6/24/09,1.77
6/25/09,7.69
6/26/09,6.39
6/27/09,1.54
6/28/09,0
6/29/09,1.5
6/30/09,0
7/1/09,0.56
7/2/09,0
7/3/09,0
7/4/09,2.77
7/5/09,3.41
7/6/09,0.69
7/7/09,0.67
7/8/09,0
7/9/09,0
7/10/09,0
7/11/09,1.88
7/12/09,0
7/13/09,0
7/14/09,0
7/15/09,0
7/16/09,0
7/17/09,0
7/18/09,9.81
7/19/09,0
7/20/09,0
7/21/09,4.95
7/22/09,13.48
7/23/09,1.67
7/24/09,6.3
7/25/09,3.6
7/26/09,4.81
7/27/09,2.62
7/28/09,2.9
7/29/09,2.52
7/30/09,3.19
7/31/09,0.53
8/1/09,0
8/2/09,0
8/3/09,0
8/4/09,0
8/5/09,0
8/6/09,4.43
8/7/09,0
8/8/09,0
8/9/09,0
8/10/09,0
8/11/09,0
8/12/09,0
8/13/09,0
8/14/09,2.63
8/15/09,3.41
8/16/09,0
8/17/09,0
8/18/09,0
8/19/09,0
8/20/09,0
8/21/09,0
8/22/09,4.46
8/23/09,3.45
8/24/09,2.87
8/25/09,2.57
8/26/09,5.8
8/27/09,0
8/28/09,1.59
8/29/09,0
8/30/09,0
8/31/09,3.72
9/1/09,3.83
9/2/09,0.85
9/3/09,2.46
9/4/09,3.78
9/5/09,5.62
9/6/09,5.18
9/7/09,1.21
9/8/09,0.98
9/9/09,4.9
9/10/09,8.35
9/11/09,0
9/12/09,0.29
9/13/09,15.44
9/14/09,7.87
9/15/09,0.44
9/16/09,4.77
9/17/09,13.04
9/18/09,2.96
9/19/09,2.01
9/20/09,0
9/21/09,1.74
9/22/09,0.66
9/23/09,1.27
9/24/09,6.57
9/25/09,2.77
9/26/09,1.26
9/27/09,0
9/28/09,0
9/29/09,0
9/30/09,0
10/1/09,0
10/2/09,0
10/3/09,0
10/4/09,0
10/5/09,0
10/6/09,0
10/7/09,2.14
10/8/09,8.08
10/9/09,1.83
10/10/09,0
10/11/09,0
10/12/09,0
10/13/09,3.11
10/14/09,0.9
10/15/09,0
10/16/09,0
10/17/09,0
10/18/09,0
10/19/09,0
10/20/09,0
10/21/09,21.1
10/22/09,15.54
10/23/09,0
10/24/09,0
10/25/09,0.57
10/26/09,10.55
10/27/09,1.84
10/28/09,0.78
10/29/09,5.82
10/30/09,2.14
10/31/09,0
11/1/09,0
11/2/09,0
11/3/09,0
11/4/09,0
11/5/09,0
11/6/09,0
11/7/09,0
11/8/09,0
11/9/09,0
11/10/09,0
11/11/09,0
11/12/09,0
11/13/09,0
11/14/09,4.33
11/15/09,8.42
11/16/09,6.63
11/17/09,0
11/18/09,0
11/19/09,0
11/20/09,0
11/21/09,0
11/22/09,0
11/23/09,0
11/24/09,0
11/25/09,0
11/26/09,0
11/27/09,0
11/28/09,0
11/29/09,3.78
11/30/09,1.29
12/1/09,0
12/2/09,0
12/3/09,1.25
12/4/09,4.87
12/5/09,1.97
12/6/09,1.16
12/7/09,0
12/8/09,12.54
12/9/09,7.21
12/10/09,0
12/11/09,1.71
12/12/09,0
12/13/09,2.68
12/14/09,1.48
12/15/09,0
12/16/09,0
12/17/09,0
12/18/09,0
12/19/09,0
12/20/09,0
12/21/09,0
12/22/09,0
12/23/09,0.89
12/24/09,2.06
12/25/09,0
12/26/09,0
12/27/09,0
12/28/09,0
12/29/09,1.32
12/30/09,1.13
12/31/09,3.61
1/1/10,0
1/2/10,0
1/3/10,0
1/4/10,0
1/5/10,0
1/6/10,0
1/7/10,0
1/8/10,0.56
1/9/10,0
1/10/10,0
1/11/10,0
1/12/10,0
1/13/10,0
1/14/10,0
1/15/10,0
1/16/10,0
1/17/10,0
1/18/10,0
1/19/10,1.99
1/20/10,17.97
1/21/10,4.22
1/22/10,7.64
1/23/10,13.68
1/24/10,1.09
1/25/10,0
1/26/10,0
1/27/10,0
1/28/10,8.04
1/29/10,9.32
1/30/10,0
1/31/10,0
2/1/10,0
2/2/10,0
2/3/10,0
2/4/10,17.65
2/5/10,0
2/6/10,0
2/7/10,0
2/8/10,5.04
2/9/10,3.45
2/10/10,2.11
2/11/10,0.4
2/12/10,0
2/13/10,0
2/14/10,0
2/15/10,0
2/16/10,0
2/17/10,0
2/18/10,0
2/19/10,0
2/20/10,0
2/21/10,0.33
2/22/10,11.53
2/23/10,7.54
2/24/10,0
2/25/10,0.38
2/26/10,3.86
2/27/10,0
2/28/10,0.34
3/1/10,7.91
3/2/10,0.94
3/3/10,0
3/4/10,0
3/5/10,0
3/6/10,0
3/7/10,0
3/8/10,14.04
3/9/10,10.14
3/10/10,4.69
3/11/10,5.49
3/12/10,2.22
3/13/10,1.25
3/14/10,0
3/15/10,10.62
3/16/10,1.42
3/17/10,0
3/18/10,0
3/19/10,0
3/20/10,19.47
3/21/10,1.63
3/22/10,0
3/23/10,0
3/24/10,5.71
3/25/10,1.35
3/26/10,0
3/27/10,2.98
3/28/10,2.01
3/29/10,0.39
3/30/10,0
3/31/10,0
4/1/10,0
4/2/10,2.71
4/3/10,0
4/4/10,0
4/5/10,0
4/6/10,0
4/7/10,0
4/8/10,0
4/9/10,0
4/10/10,0
4/11/10,0
4/12/10,0
4/13/10,5.68
4/14/10,0
4/15/10,0
4/16/10,0
4/17/10,7.65
4/18/10,4.09
4/19/10,0
4/20/10,0
4/21/10,0
4/22/10,1.5
4/23/10,7.57
4/24/10,1.45
4/25/10,0
4/26/10,0
4/27/10,0
4/28/10,0
4/29/10,0
4/30/10,10.7
5/1/10,3.05
5/2/10,0
5/3/10,1.29
5/4/10,0
5/5/10,0
5/6/10,0
5/7/10,0
5/8/10,0
5/9/10,0
5/10/10,0
5/11/10,0
5/12/10,0
5/13/10,0
5/14/10,1.26
5/15/10,22.83
5/16/10,1.79
5/17/10,2.18
5/18/10,1.07
5/19/10,0
5/20/10,0
5/21/10,0
5/22/10,0
5/23/10,0
5/24/10,0
5/25/10,0
5/26/10,0
5/27/10,0
5/28/10,0.45
5/29/10,0
5/30/10,0
5/31/10,0
6/1/10,0
6/2/10,0
6/3/10,0
6/4/10,0
6/5/10,0.94
6/6/10,0
6/7/10,2.02
6/8/10,0
6/9/10,0
6/10/10,0
6/11/10,0
6/12/10,0
6/13/10,2.37
6/14/10,0
6/15/10,0
6/16/10,0
6/17/10,0
6/18/10,0
6/19/10,0
6/20/10,0
6/21/10,0
6/22/10,0
6/23/10,0
6/24/10,0.57
6/25/10,0
6/26/10,2.45
6/27/10,0
6/28/10,11.04
6/29/10,1.22
6/30/10,0
7/1/10,0
7/2/10,8.47
7/3/10,14.08
7/4/10,8.35
7/5/10,0
7/6/10,0
7/7/10,0
7/8/10,7.22
7/9/10,7.15
7/10/10,2.4
7/11/10,1.73
7/12/10,0
7/13/10,0
7/14/10,0
7/15/10,9.11
7/16/10,0
7/17/10,2.5
7/18/10,7.28
7/19/10,23.18
7/20/10,1.08
7/21/10,10.57
7/22/10,12.63
7/23/10,0.66
7/24/10,19.66
7/25/10,15.24
7/26/10,26.71
7/27/10,7
7/28/10,0.96
7/29/10,29.14
7/30/10,4.66
7/31/10,4.28
8/1/10,11.84
8/2/10,1.35
8/3/10,3.24
8/4/10,4.07
8/5/10,4.39
8/6/10,1.66
8/7/10,0.34
8/8/10,5.02
8/9/10,0
8/10/10,2.98
8/11/10,1.04
8/12/10,0
8/13/10,1.78
8/14/10,0
8/15/10,0.45
8/16/10,11
8/17/10,6.41
8/18/10,0
8/19/10,0.37
8/20/10,0
8/21/10,0
8/22/10,0
8/23/10,2.07
8/24/10,3.98
8/25/10,0.26
8/26/10,0
8/27/10,0
8/28/10,0
8/29/10,1.69
8/30/10,1.63
8/31/10,0.44
9/1/10,0
9/2/10,0
9/3/10,0
9/4/10,0
9/5/10,0
9/6/10,0
9/7/10,0
9/8/10,0
9/9/10,0.33
9/10/10,0
9/11/10,0
9/12/10,0
9/13/10,0
9/14/10,0
9/15/10,0
9/16/10,0
9/17/10,0
9/18/10,0
9/19/10,0
9/20/10,0
9/21/10,0.73
9/22/10,0
9/23/10,30.35
9/24/10,0.73
9/25/10,0
9/26/10,0
9/27/10,0
9/28/10,0.59
9/29/10,0
9/30/10,0
10/1/10,0
10/2/10,0.37
10/3/10,1.19
10/4/10,0
10/5/10,0
10/6/10,0.89
10/7/10,0
10/8/10,0
10/9/10,0.36
10/10/10,0
10/11/10,0
10/12/10,0
10/13/10,3.39
10/14/10,0
10/15/10,0
10/16/10,0
10/17/10,0
10/18/10,0
10/19/10,1.35
10/20/10,0
10/21/10,13.17
10/22/10,13
10/23/10,5.93
10/24/10,0
10/25/10,0
10/26/10,3.27
10/27/10,0
10/28/10,0
10/29/10,0
10/30/10,0
10/31/10,0
11/1/10,0
11/2/10,0
11/3/10,0
11/4/10,0
11/5/10,0
11/6/10,0
11/7/10,0
11/8/10,0
11/9/10,0
11/10/10,0
11/11/10,0
11/12/10,0
11/13/10,0
11/14/10,1.88
11/15/10,0
11/16/10,0.8
11/17/10,2.53
11/18/10,0
11/19/10,0
11/20/10,1.1
11/21/10,0
11/22/10,2.4
11/23/10,6.07
11/24/10,3.01
11/25/10,0
11/26/10,0
11/27/10,0
11/28/10,0
11/29/10,2.91
11/30/10,5.17
12/1/10,0
12/2/10,2.18
12/3/10,0
12/4/10,0
12/5/10,0
12/6/10,0
12/7/10,0
12/8/10,0
12/9/10,0
12/10/10,0
12/11/10,0
12/12/10,0
12/13/10,0
12/14/10,0
12/15/10,0
12/16/10,0
12/17/10,13.82
12/18/10,5.16
12/19/10,2.6
12/20/10,1.96
12/21/10,0
12/22/10,0.77
12/23/10,0.67
12/24/10,3.13
12/25/10,0
12/26/10,0
12/27/10,0
12/28/10,0
12/29/10,0
12/30/10,6.54
12/31/10,7.89
1/1/11,4.93
1/2/11,0
1/3/11,2.9
1/4/11,0
1/5/11,0
1/6/11,0
1/7/11,0
1/8/11,0
1/9/11,0
1/10/11,2.38
1/11/11,1.33
1/12/11,0
1/13/11,0
1/14/11,0
1/15/11,0
1/16/11,0
1/17/11,1.28
1/18/11,0
1/19/11,0
1/20/11,0
1/21/11,0.48
1/22/11,0
1/23/11,0
1/24/11,0
1/25/11,1.41
1/26/11,0
1/27/11,0
1/28/11,0
1/29/11,0
1/30/11,0
1/31/11,1.81
2/1/11,10.34
2/2/11,4.51
2/3/11,1.03
2/4/11,1.24
2/5/11,0
2/6/11,1.13
2/7/11,3.7
2/8/11,1.23
2/9/11,9.26
2/10/11,0
2/11/11,1.26
2/12/11,0
2/13/11,0
2/14/11,0.63
2/15/11,0
2/16/11,0
2/17/11,0
2/18/11,0
2/19/11,1.48
2/20/11,0.37
2/21/11,8.83
2/22/11,0
2/23/11,0
2/24/11,2.52
2/25/11,1.78
2/26/11,0.75
2/27/11,0
2/28/11,0.53
3/1/11,0
3/2/11,0
3/3/11,0
3/4/11,0
3/5/11,0.51
3/6/11,1.41
3/7/11,1.26
3/8/11,8.96
3/9/11,0.64
3/10/11,0
3/11/11,0
3/12/11,0
3/13/11,0
3/14/11,0
3/15/11,0
3/16/11,0
3/17/11,0.62
3/18/11,0
3/19/11,0
3/20/11,0
3/21/11,0
3/22/11,0.48
3/23/11,2.75
3/24/11,0
3/25/11,0.62
3/26/11,1.42
3/27/11,0.51
3/28/11,0.83
3/29/11,0
3/30/11,0.7
3/31/11,0
4/1/11,0
4/2/11,0
4/3/11,0
4/4/11,0.74
4/5/11,0
4/6/11,1.21
4/7/11,5.74
4/8/11,9.54
4/9/11,1.26
4/10/11,3.33
4/11/11,0
4/12/11,0
4/13/11,0.65
4/14/11,0
4/15/11,0
4/16/11,0
4/17/11,0.65
4/18/11,0.8
4/19/11,0.33
4/20/11,1.08
4/21/11,0
4/22/11,0
4/23/11,0
4/24/11,2.77
4/25/11,8.24
4/26/11,8.65
4/27/11,10.55
4/28/11,0
4/29/11,0
4/30/11,0
5/1/11,0
5/2/11,12.11
5/3/11,2.31
5/4/11,0
5/5/11,0
5/6/11,0
5/7/11,0
5/8/11,0
5/9/11,0
5/10/11,0
5/11/11,0
5/12/11,0.7
5/13/11,0
5/14/11,0
5/15/11,0
5/16/11,0
5/17/11,0
5/18/11,0
5/19/11,6.41
5/20/11,4.65
5/21/11,0
5/22/11,0
5/23/11,0
5/24/11,0
5/25/11,4.23
5/26/11,0
5/27/11,0
5/28/11,0
5/29/11,0
5/30/11,0
5/31/11,0
6/1/11,0
6/2/11,0
6/3/11,0
6/4/11,0
6/5/11,0
6/6/11,0
6/7/11,0
6/8/11,0
6/9/11,0
6/10/11,0
6/11/11,0
6/12/11,0
6/13/11,0
6/14/11,0
6/15/11,0
6/16/11,0
6/17/11,0
6/18/11,0
6/19/11,0
6/20/11,0
6/21/11,0
6/22/11,0
6/23/11,1.39
6/24/11,0
6/25/11,0
6/26/11,0
6/27/11,0
6/28/11,4.86
6/29/11,0
6/30/11,0
7/1/11,0.6
7/2/11,0
7/3/11,2.83
7/4/11,3.67
7/5/11,0
7/6/11,0
7/7/11,0
7/8/11,0
7/9/11,0
7/10/11,0
7/11/11,1.67
7/12/11,3.41
7/13/11,6.44
7/14/11,2.28
7/15/11,2.98
7/16/11,0
7/17/11,0
7/18/11,0
7/19/11,0
7/20/11,1.03
7/21/11,0.53
7/22/11,5.93
7/23/11,1.38
7/24/11,4.9
7/25/11,3.7
7/26/11,8.7
7/27/11,1.89
7/28/11,0.45
7/29/11,25.23
7/30/11,6.94
7/31/11,4.02
8/1/11,5.81
8/2/11,0
8/3/11,18.13
8/4/11,2.44
8/5/11,0.34
8/6/11,5.62
8/7/11,0
8/8/11,0
8/9/11,0
8/10/11,0
8/11/11,1.43
8/12/11,3.57
8/13/11,1.1
8/14/11,8.07
8/15/11,0
8/16/11,0
8/17/11,0
8/18/11,6.49
8/19/11,1.08
8/20/11,5.78
8/21/11,11.75
8/22/11,17.38
8/23/11,0
8/24/11,0
8/25/11,1.47
8/26/11,0.34
8/27/11,3.26
8/28/11,6.55
8/29/11,6.03
8/30/11,0.77
8/31/11,0
9/1/11,0.9
9/2/11,2.59
9/3/11,0
9/4/11,4.28
9/5/11,2.33
9/6/11,0
9/7/11,2.88
9/8/11,1.76
9/9/11,7.69
9/10/11,12.01
9/11/11,6.69
9/12/11,0.89
9/13/11,0.55
9/14/11,0.75
9/15/11,4.01
9/16/11,1.25
9/17/11,1.75
9/18/11,0.42
9/19/11,0
9/20/11,0.55
9/21/11,0
9/22/11,0
9/23/11,0
9/24/11,0
9/25/11,0
9/26/11,0
9/27/11,0
9/28/11,1.17
9/29/11,0
9/30/11,0
10/1/11,0
10/2/11,0
10/3/11,0
10/4/11,3.95
10/5/11,11.27
10/6/11,1.8
10/7/11,0
10/8/11,22.76
10/9/11,2.8
10/10/11,0
10/11/11,0
10/12/11,0
10/13/11,0
10/14/11,0
10/15/11,0
10/16/11,0
10/17/11,0
10/18/11,0
10/19/11,0
10/20/11,0
10/21/11,0
10/22/11,0
10/23/11,0
10/24/11,0
10/25/11,1.46
10/26/11,0
10/27/11,24.99
10/28/11,0
10/29/11,0
10/30/11,0
10/31/11,0
11/1/11,1.22
11/2/11,0
11/3/11,0
11/4/11,0
11/5/11,1.69
11/6/11,5.15
11/7/11,0.42
11/8/11,6.63
11/9/11,0.61
11/10/11,0
11/11/11,1.5
11/12/11,1.39
11/13/11,0
11/14/11,24.54
11/15/11,0
11/16/11,0
11/17/11,0
11/18/11,0
11/19/11,0
11/20/11,0
11/21/11,0
11/22/11,0
11/23/11,0
11/24/11,0
11/25/11,1.67
11/26/11,3.52
11/27/11,0
11/28/11,0
11/29/11,2.04
11/30/11,0
12/1/11,0
12/2/11,0
12/3/11,2.7
12/4/11,5.35
12/5/11,2.9
12/6/11,3.07
12/7/11,0.85
12/8/11,0
12/9/11,0
12/10/11,0
12/11/11,0
12/12/11,1.5
12/13/11,6.88
12/14/11,7.7
12/15/11,3.59
12/16/11,0
12/17/11,0
12/18/11,1.47
12/19/11,0.66
12/20/11,10.08
12/21/11,0
12/22/11,0
12/23/11,1.74
12/24/11,0
12/25/11,0
12/26/11,0
12/27/11,0.8
12/28/11,0
12/29/11,0
12/30/11,0
12/31/11,0
1/1/12,0
1/2/12,0
1/3/12,0
1/4/12,0
1/5/12,0
1/6/12,0
1/7/12,0
1/8/12,0
1/9/12,0.4
1/10/12,0
1/11/12,0
1/12/12,0
1/13/12,0
1/14/12,0
1/15/12,0
1/16/12,4.95
1/17/12,16.65
1/18/12,0.98
1/19/12,1.59
1/20/12,0
1/21/12,0
1/22/12,2.85
1/23/12,3.99
1/24/12,1.85
1/25/12,2.57
1/26/12,0
1/27/12,0
1/28/12,0
1/29/12,0
1/30/12,0
1/31/12,0
2/1/12,1.31
2/2/12,0
2/3/12,1.54
2/4/12,1.03
2/5/12,1.44
2/6/12,0.5
2/7/12,2.33
2/8/12,0
2/9/12,1.5
2/10/12,1.17
2/11/12,0.91
2/12/12,0.32
2/13/12,5.51
2/14/12,3.79
2/15/12,2.98
2/16/12,2.43
2/17/12,0
2/18/12,0
2/19/12,0
2/20/12,8.94
2/21/12,0
2/22/12,0.91
2/23/12,0
2/24/12,0
2/25/12,0
2/26/12,0
2/27/12,0
2/28/12,0
2/29/12,3.87
3/1/12,0
3/2/12,1.35
3/3/12,4.62
3/4/12,0
3/5/12,0
3/6/12,0.58
3/7/12,0
3/8/12,0
3/9/12,2.49
3/10/12,6.78
3/11/12,4.51
3/12/12,4.35
3/13/12,0
3/14/12,0.58
3/15/12,0
3/16/12,0
3/17/12,0
3/18/12,0
3/19/12,3.14
3/20/12,0.4
3/21/12,2.49
3/22/12,0.84
3/23/12,0
3/24/12,0
3/25/12,0.58
3/26/12,0
3/27/12,0
3/28/12,0
3/29/12,0
3/30/12,0
3/31/12,0
4/1/12,0
4/2/12,0
4/3/12,24.05
4/4/12,7.16
4/5/12,1.14
4/6/12,0
4/7/12,0
4/8/12,0
4/9/12,0
4/10/12,0
4/11/12,0
4/12/12,0.49
4/13/12,0
4/14/12,0
4/15/12,3.18
4/16/12,3.31
4/17/12,0
4/18/12,0.99
4/19/12,0.76
4/20/12,0.4
4/21/12,0
4/22/12,0
4/23/12,1.09
4/24/12,0
4/25/12,0
4/26/12,0
4/27/12,1.86
4/28/12,0.5
4/29/12,0
4/30/12,0
5/1/12,0
5/2/12,0
5/3/12,0
5/4/12,0
5/5/12,0
5/6/12,0
5/7/12,3.81
5/8/12,1.57
5/9/12,5.6
5/10/12,0
5/11/12,1.21
5/12/12,5.95
5/13/12,2.63
5/14/12,2.69
5/15/12,1.79
5/16/12,0.74
5/17/12,0
5/18/12,0
5/19/12,0
5/20/12,0
5/21/12,1.17
5/22/12,0
5/23/12,0
5/24/12,0
5/25/12,0
5/26/12,0
5/27/12,0
5/28/12,0
5/29/12,0
5/30/12,0
5/31/12,0
6/1/12,0
6/2/12,0
6/3/12,0
6/4/12,0
6/5/12,11.19
6/6/12,0
6/7/12,0
6/8/12,0
6/9/12,0
6/10/12,0
6/11/12,0
6/12/12,0
6/13/12,0
6/14/12,0
6/15/12,0
6/16/12,0
6/17/12,0
6/18/12,0
6/19/12,0
6/20/12,0
6/21/12,0
6/22/12,0
6/23/12,0
6/24/12,0
6/25/12,0
6/26/12,0
6/27/12,0
6/28/12,0
6/29/12,0
6/30/12,0
7/1/12,0
7/2/12,4.39
7/3/12,8.89
7/4/12,5.64
7/5/12,2.92
7/6/12,13.82
7/7/12,8.22
7/8/12,8.49
7/9/12,2.23
7/10/12,16.19
7/11/12,2.3
7/12/12,4.06
7/13/12,1.56
7/14/12,0.6
7/15/12,0
7/16/12,0.46
7/17/12,3.99
7/18/12,4.38
7/19/12,2.59
7/20/12,0
7/21/12,0
7/22/12,0
7/23/12,0
7/24/12,5.36
7/25/12,0.66
7/26/12,6.26
7/27/12,5.33
7/28/12,0
7/29/12,0
7/30/12,0
7/31/12,0
8/1/12,2.69
8/2/12,0.55
8/3/12,2.67
8/4/12,1.02
8/5/12,9.76
8/6/12,19.15
8/7/12,2.31
8/8/12,2.21
8/9/12,0
8/10/12,0
8/11/12,0
8/12/12,0
8/13/12,10.65
8/14/12,1.54
8/15/12,0
8/16/12,0
8/17/12,8.15
8/18/12,8.56
8/19/12,3.82
8/20/12,0.41
8/21/12,2.96
8/22/12,0
8/23/12,5.89
8/24/12,1.31
8/25/12,0
8/26/12,0
8/27/12,7.9
8/28/12,0
8/29/12,0
8/30/12,0
8/31/12,0
9/1/12,0
9/2/12,0
9/3/12,0.75
9/4/12,0
9/5/12,0
9/6/12,0
9/7/12,0
9/8/12,2.55
9/9/12,0.77
9/10/12,0
9/11/12,0
9/12/12,0
9/13/12,23.17
9/14/12,1.38
9/15/12,0
9/16/12,0
9/17/12,0
9/18/12,2.8
9/19/12,0
9/20/12,0
9/21/12,0
9/22/12,0
9/23/12,0.44
9/24/12,0
9/25/12,1.7
9/26/12,2.25
9/27/12,0
9/28/12,0
9/29/12,2.3
9/30/12,0.56
10/1/12,0
10/2/12,0
10/3/12,0
10/4/12,0
10/5/12,0
10/6/12,0
10/7/12,0
10/8/12,0
10/9/12,0
10/10/12,0
10/11/12,0
10/12/12,0
10/13/12,9.42
10/14/12,1.13
10/15/12,0
10/16/12,0.68
10/17/12,0
10/18/12,0
10/19/12,0
10/20/12,0
10/21/12,0
10/22/12,0
10/23/12,0
10/24/12,0
10/25/12,0
10/26/12,0
10/27/12,0
10/28/12,0
10/29/12,0
10/30/12,0
10/31/12,0
11/1/12,0
11/2/12,0
11/3/12,0
11/4/12,0
11/5/12,0
11/6/12,0
11/7/12,0
11/8/12,0
11/9/12,0
11/10/12,3.77
11/11/12,14.03
11/12/12,0.35
11/13/12,0.32
11/14/12,0
11/15/12,0
11/16/12,0
11/17/12,0
11/18/12,0.8
11/19/12,0
11/20/12,0
11/21/12,0
11/22/12,0
11/23/12,0
11/24/12,0
11/25/12,0
11/26/12,0
11/27/12,0
11/28/12,0
11/29/12,0
11/30/12,0
12/1/12,0
12/2/12,0
12/3/12,0
12/4/12,0
12/5/12,0
12/6/12,0
12/7/12,0
12/8/12,0
12/9/12,0
12/10/12,17.63
12/11/12,0.97
12/12/12,0
12/13/12,1.52
12/14/12,0
12/15/12,14.61
12/16/12,4.44
12/17/12,0.48
12/18/12,1.75
12/19/12,1.8
12/20/12,7.25
12/21/12,0
12/22/12,0
12/23/12,1.31
12/24/12,0
12/25/12,4.73
12/26/12,0.63
12/27/12,1.34
12/28/12,0
12/29/12,0
12/30/12,0
12/31/12,2.07
1/1/13,6.7
1/2/13,0
1/3/13,0
1/4/13,0
1/5/13,0
1/6/13,0.3
1/7/13,0
1/8/13,0
1/9/13,0
1/10/13,0
1/11/13,0
1/12/13,0
1/13/13,0
1/14/13,0
1/15/13,4.47
1/16/13,0
1/17/13,2.66
1/18/13,0
1/19/13,0
1/20/13,0
1/21/13,0
1/22/13,0
1/23/13,0
1/24/13,1.06
1/25/13,0
1/26/13,0
1/27/13,6.87
1/28/13,3.5
1/29/13,16.12
1/30/13,5.48
1/31/13,2.37
2/1/13,0
2/2/13,0
2/3/13,0
2/4/13,0
2/5/13,0
2/6/13,0
2/7/13,0
2/8/13,0
2/9/13,0.29
2/10/13,3.98
2/11/13,0.44
2/12/13,3.73
2/13/13,0
2/14/13,0
2/15/13,0
2/16/13,0
2/17/13,0
2/18/13,0
2/19/13,0
2/20/13,2.94
2/21/13,7.11
2/22/13,2.92
2/23/13,5.02
2/24/13,0.46
2/25/13,3.06
2/26/13,0
2/27/13,0.32
2/28/13,0
3/1/13,0
3/2/13,0
3/3/13,1.67
3/4/13,0
3/5/13,0
3/6/13,0
3/7/13,0
3/8/13,0
3/9/13,5.67
3/10/13,11.73
3/11/13,0
3/12/13,1.27
3/13/13,0
3/14/13,0.89
3/15/13,0
3/16/13,1.06
3/17/13,2.68
3/18/13,0
3/19/13,0
3/20/13,0
3/21/13,0
3/22/13,0
3/23/13,0
3/24/13,0
3/25/13,0
3/26/13,0
3/27/13,0
3/28/13,0
3/29/13,0
3/30/13,0
3/31/13,0
4/1/13,0
4/2/13,0
4/3/13,0
4/4/13,0
4/5/13,0
4/6/13,0.56
4/7/13,0
4/8/13,0
4/9/13,0
4/10/13,7.68
4/11/13,3.39
4/12/13,0.56
4/13/13,0
4/14/13,0.99
4/15/13,0
4/16/13,0
4/17/13,0
4/18/13,0.71
4/19/13,0.42
4/20/13,1.22
4/21/13,0
4/22/13,0
4/23/13,0.56
4/24/13,2.64
4/25/13,1.31
4/26/13,1.99
4/27/13,0.36
4/28/13,0
4/29/13,0
4/30/13,0
5/1/13,0
5/2/13,0
5/3/13,0
5/4/13,0
5/5/13,0.97
5/6/13,0
5/7/13,4.38
5/8/13,0
5/9/13,0
5/10/13,0
5/11/13,6.4
5/12/13,1.03
5/13/13,1.85
5/14/13,0
5/15/13,0
5/16/13,0
5/17/13,0.96
5/18/13,0
5/19/13,0
5/20/13,0
5/21/13,0
5/22/13,0
5/23/13,0
5/24/13,0
5/25/13,0
5/26/13,0
5/27/13,0
5/28/13,0
5/29/13,0
5/30/13,0
5/31/13,0
6/1/13,0
6/2/13,0
6/3/13,0
6/4/13,0
6/5/13,0
6/6/13,12.27
6/7/13,3.59
6/8/13,0.32
6/9/13,0
6/10/13,0
6/11/13,0
6/12/13,0
6/13/13,0
6/14/13,5.39
6/15/13,2.36
6/16/13,0
6/17/13,0
6/18/13,1.67
6/19/13,0
6/20/13,0
6/21/13,0
6/22/13,0
6/23/13,0
6/24/13,0
6/25/13,0
6/26/13,0
6/27/13,0
6/28/13,0
6/29/13,1.92
6/30/13,1.39
7/1/13,9.57
7/2/13,6.95
7/3/13,6.66
7/4/13,2.78
7/5/13,2.01
7/6/13,3.17
7/7/13,4.55
7/8/13,6.46
7/9/13,8.52
7/10/13,0.84
7/11/13,0.39
7/12/13,0
7/13/13,9.42
7/14/13,1.57
7/15/13,13.77
7/16/13,7.34
7/17/13,4.37
7/18/13,0
7/19/13,2.39
7/20/13,11.29
7/21/13,0
7/22/13,0
7/23/13,0
7/24/13,0
7/25/13,0
7/26/13,9.58
7/27/13,16.96
7/28/13,1.09
7/29/13,0.33
7/30/13,0
7/31/13,0
8/1/13,0
8/2/13,0.98
8/3/13,3.99
8/4/13,2.73
8/5/13,1.79
8/6/13,0
8/7/13,4.04
8/8/13,10.63
8/9/13,5.23
8/10/13,3.27
8/11/13,12.3
8/12/13,0
8/13/13,3.66
8/14/13,0
8/15/13,0
8/16/13,0
8/17/13,0
8/18/13,0
8/19/13,6.46
8/20/13,0.93
8/21/13,2.68
8/22/13,3.07
8/23/13,0
8/24/13,1.7
8/25/13,2.54
8/26/13,2.49
8/27/13,0
8/28/13,0
8/29/13,1.32
8/30/13,0
8/31/13,0
9/1/13,1.47
9/2/13,3.28
9/3/13,2.33
9/4/13,1.51
9/5/13,0
9/6/13,0
9/7/13,0
9/8/13,0
9/9/13,0
9/10/13,0
9/11/13,20.05
9/12/13,10.54
9/13/13,38.15
9/14/13,27.54
9/15/13,12.43
9/16/13,11.58
9/17/13,1.72
9/18/13,0
9/19/13,3.32
9/20/13,0.95
9/21/13,0
9/22/13,0
9/23/13,12.6
9/24/13,0.84
9/25/13,0
9/26/13,1.05
9/27/13,0
9/28/13,5.24
9/29/13,0
9/30/13,0.85
10/1/13,0
10/2/13,0
10/3/13,0
10/4/13,0
10/5/13,0
10/6/13,0
10/7/13,0
10/8/13,0
10/9/13,0
10/10/13,0.37
10/11/13,7.55
10/12/13,0
10/13/13,0.83
10/14/13,4.04
10/15/13,0
10/16/13,8.44
10/17/13,3.36
10/18/13,0
10/19/13,0
10/20/13,0
10/21/13,0
10/22/13,0
10/23/13,0
10/24/13,0
10/25/13,2.01
10/26/13,7.82
10/27/13,0
10/28/13,0
10/29/13,0
10/30/13,3.95
10/31/13,14.83
11/1/13,0
11/2/13,0
11/3/13,0
11/4/13,2.23
11/5/13,6.17
11/6/13,8.89
11/7/13,0
11/8/13,0
11/9/13,0.89
11/10/13,0
11/11/13,0
11/12/13,0
11/13/13,0
11/14/13,0
11/15/13,0
11/16/13,8.28
11/17/13,4.34
11/18/13,0
11/19/13,0
11/20/13,0
11/21/13,1.58
11/22/13,7.79
11/23/13,5.8
11/24/13,4.85
11/25/13,5.83
11/26/13,0
11/27/13,0
11/28/13,0
11/29/13,0
11/30/13,0.46
12/1/13,0
12/2/13,0
12/3/13,0
12/4/13,1.45
12/5/13,1.96
12/6/13,4.46
12/7/13,0.96
12/8/13,4.44
12/9/13,1.51
12/10/13,4.02
12/11/13,0
12/12/13,0
12/13/13,0
12/14/13,0
12/15/13,0
12/16/13,0.91
12/17/13,0
12/18/13,0
12/19/13,0.5
12/20/13,0
12/21/13,0
12/22/13,0.63
12/23/13,0.5
12/24/13,0.64
12/25/13,0
12/26/13,0
12/27/13,1.09
12/28/13,0
12/29/13,1.6
12/30/13,0
12/31/13,0
1/1/14,0
1/2/14,0
1/3/14,0
1/4/14,0
1/5/14,0.6
1/6/14,0
1/7/14,0
1/8/14,1.12
1/9/14,0
1/10/14,0
1/11/14,0
1/12/14,0
1/13/14,0
1/14/14,0
1/15/14,0
1/16/14,0
1/17/14,0
1/18/14,0
1/19/14,0
1/20/14,0
1/21/14,0
1/22/14,0
1/23/14,0
1/24/14,0
1/25/14,0
1/26/14,0
1/27/14,0
1/28/14,0
1/29/14,0
1/30/14,1.87
1/31/14,6.32
2/1/14,1
2/2/14,0
2/3/14,0
2/4/14,2.91
2/5/14,3.19
2/6/14,0
2/7/14,1.26
2/8/14,1.57
2/9/14,0
2/10/14,0
2/11/14,0
2/12/14,0
2/13/14,0
2/14/14,0
2/15/14,0
2/16/14,0
2/17/14,0
2/18/14,0
2/19/14,0
2/20/14,0
2/21/14,0
2/22/14,0
2/23/14,0
2/24/14,0
2/25/14,0
2/26/14,0
2/27/14,0
2/28/14,2.78
3/1/14,1.22
3/2/14,14.75
3/3/14,6.11
3/4/14,0
3/5/14,4.51
3/6/14,0
3/7/14,0
3/8/14,0.71
3/9/14,0
3/10/14,0
3/11/14,0
3/12/14,0
3/13/14,0
3/14/14,0
3/15/14,6.49
3/16/14,2.77
3/17/14,0
3/18/14,0
3/19/14,0
3/20/14,0
3/21/14,0
3/22/14,0
3/23/14,0.37
3/24/14,1.76
3/25/14,0
3/26/14,0.76
3/27/14,1.89
3/28/14,0
3/29/14,0
3/30/14,0
3/31/14,0
4/1/14,0
4/2/14,0
4/3/14,0
4/4/14,4.04
4/5/14,0.83
4/6/14,3.29
4/7/14,3.47
4/8/14,0
4/9/14,0
4/10/14,0.53
4/11/14,0
4/12/14,0
4/13/14,0.92
4/14/14,3.74
4/15/14,4.64
4/16/14,0.93
4/17/14,6.97
4/18/14,0
4/19/14,1.5
4/20/14,2.04
4/21/14,3.07
4/22/14,0
4/23/14,0
4/24/14,0
4/25/14,0
4/26/14,0
4/27/14,5.7
4/28/14,3.08
4/29/14,0
4/30/14,1.13
5/1/14,5.45
5/2/14,0.58
5/3/14,0
5/4/14,0
5/5/14,0
5/6/14,0
5/7/14,0
5/8/14,0
5/9/14,2.59
5/10/14,1.13
5/11/14,0
5/12/14,0
5/13/14,11.48
5/14/14,7.15
5/15/14,1.1
5/16/14,0.62
5/17/14,0.62
5/18/14,0
5/19/14,0
5/20/14,0
5/21/14,0
5/22/14,0
5/23/14,13.37
5/24/14,19.21
5/25/14,8.92
5/26/14,3.97
5/27/14,4.34
5/28/14,0
5/29/14,1.73
5/30/14,3.36
5/31/14,0
6/1/14,0
6/2/14,0
6/3/14,0
6/4/14,0
6/5/14,0
6/6/14,0
6/7/14,0
6/8/14,7.38
6/9/14,1.59
6/10/14,0
6/11/14,0.36
6/12/14,0
6/13/14,0
6/14/14,1.78
6/15/14,0
6/16/14,0
6/17/14,0
6/18/14,0
6/19/14,0
6/20/14,0
6/21/14,0
6/22/14,0
6/23/14,0
6/24/14,0
6/25/14,0
6/26/14,0
6/27/14,0
6/28/14,0
6/29/14,0
6/30/14,0
7/1/14,0
7/2/14,0
7/3/14,3.08
7/4/14,6.41
7/5/14,5.38
7/6/14,1.6
7/7/14,0
7/8/14,0.63
7/9/14,1.38
7/10/14,15.02
7/11/14,2.51
7/12/14,2.52
7/13/14,3.6
7/14/14,3.66
7/15/14,6.1
7/16/14,4.85
7/17/14,0.95
7/18/14,1.51
7/19/14,1.11
7/20/14,1.98
7/21/14,0
7/22/14,0
7/23/14,5.41
7/24/14,0
7/25/14,0
7/26/14,0
7/27/14,2.31
7/28/14,18.29
7/29/14,8.59
7/30/14,5.52
7/31/14,10.67
8/1/14,22.11
8/2/14,24.79
8/3/14,0
8/4/14,0
8/5/14,13.63
8/6/14,0
8/7/14,0
8/8/14,7.08
8/9/14,0
8/10/14,0
8/11/14,6.56
8/12/14,3.27
8/13/14,2.85
8/14/14,0
8/15/14,0
8/16/14,0.95
8/17/14,0
8/18/14,0
8/19/14,1.04
8/20/14,1.2
8/21/14,0.65
8/22/14,0
8/23/14,4.98
8/24/14,0
8/25/14,0
8/26/14,0
8/27/14,15.69
8/28/14,6.64
8/29/14,0
8/30/14,0
8/31/14,0
9/1/14,0
9/2/14,0
9/3/14,0
9/4/14,0
9/5/14,0.4
9/6/14,1.55
9/7/14,1.81
9/8/14,0
9/9/14,0
9/10/14,0.52
9/11/14,0.66
9/12/14,0
9/13/14,0
9/14/14,0
9/15/14,0
9/16/14,2.86
9/17/14,1.27
9/18/14,0
9/19/14,0
9/20/14,0
9/21/14,0
9/22/14,9.53
9/23/14,6.33
9/24/14,0
9/25/14,1.09
9/26/14,2.38
9/27/14,0.63
9/28/14,3.35
9/29/14,1.05
9/30/14,3.78
10/1/14,1.29
10/2/14,0
10/3/14,0
10/4/14,0
10/5/14,0
10/6/14,0
10/7/14,0
10/8/14,0
10/9/14,3.64
10/10/14,8.83
10/11/14,21.93
10/12/14,0
10/13/14,1.3
10/14/14,0
10/15/14,0
10/16/14,0
10/17/14,0
10/18/14,1.59
10/19/14,0
10/20/14,0.5
10/21/14,0
10/22/14,0.8
10/23/14,0
10/24/14,0
10/25/14,0
10/26/14,0
10/27/14,0
10/28/14,0
10/29/14,0
10/30/14,0
10/31/14,0
11/1/14,0.29
11/2/14,0.9
11/3/14,18.03
11/4/14,0
11/5/14,0
11/6/14,0
11/7/14,0
11/8/14,0
11/9/14,0
11/10/14,0
11/11/14,0
11/12/14,0
11/13/14,0
11/14/14,0.42
11/15/14,9.46
11/16/14,12.6
11/17/14,19.68
11/18/14,0
11/19/14,0
11/20/14,0.72
11/21/14,0
11/22/14,0
11/23/14,1.46
11/24/14,11.73
11/25/14,0
11/26/14,3
11/27/14,0
11/28/14,0
11/29/14,0.72
11/30/14,0
12/1/14,0
12/2/14,0
12/3/14,0
12/4/14,0.88
12/5/14,8.52
12/6/14,0
12/7/14,0.63
12/8/14,0
12/9/14,0
12/10/14,0
12/11/14,0
12/12/14,0
12/13/14,1.36
12/14/14,6.43
12/15/14,7.88
12/16/14,1.68
12/17/14,1.35
12/18/14,6.14
12/19/14,0
12/20/14,0
12/21/14,0
12/22/14,1.33
12/23/14,5.78
12/24/14,0
12/25/14,2.99
12/26/14,6.87
12/27/14,4.5
12/28/14,0
12/29/14,0
12/30/14,0
12/31/14,0.41
1/1/15,1.28
1/2/15,0
1/3/15,0
1/4/15,0.56
1/5/15,0
1/6/15,0
1/7/15,0
1/8/15,0
1/9/15,0
1/10/15,0
1/11/15,0
1/12/15,0
1/13/15,0.48
1/14/15,2.25
1/15/15,0
1/16/15,0
1/17/15,0
1/18/15,0
1/19/15,0
1/20/15,0
1/21/15,0.46
1/22/15,10.8
1/23/15,1.41
1/24/15,1.12
1/25/15,0
1/26/15,0
1/27/15,0
1/28/15,0.56
1/29/15,0
1/30/15,1.33
1/31/15,9.86
2/1/15,0.78
2/2/15,0
2/3/15,0
2/4/15,0
2/5/15,0
2/6/15,0
2/7/15,0.49
2/8/15,0
2/9/15,0
2/10/15,0
2/11/15,1.38
2/12/15,4.34
2/13/15,1.06
2/14/15,0
2/15/15,0
2/16/15,0
2/17/15,3.62
2/18/15,0.48
2/19/15,0.96
2/20/15,0
2/21/15,0
2/22/15,2.73
2/23/15,2.91
2/24/15,1.63
2/25/15,3.68
2/26/15,5.54
2/27/15,5.09
2/28/15,11.75
3/1/15,16.11
3/2/15,5
3/3/15,9.98
3/4/15,1.11
3/5/15,0.92
3/6/15,0
3/7/15,0
3/8/15,0
3/9/15,0
3/10/15,0
3/11/15,0
3/12/15,0
3/13/15,0
3/14/15,0
3/15/15,0
3/16/15,0
3/17/15,0.8
3/18/15,0.65
3/19/15,14.17
3/20/15,20.35
3/21/15,0.67
3/22/15,0
3/23/15,0
3/24/15,0
3/25/15,0
3/26/15,0
3/27/15,0
3/28/15,0
3/29/15,0
3/30/15,0
3/31/15,0
4/1/15,0
4/2/15,0
4/3/15,0
4/4/15,0
4/5/15,0
4/6/15,0
4/7/15,0
4/8/15,0
4/9/15,0
4/10/15,0
4/11/15,0
4/12/15,0
4/13/15,0
4/14/15,0
4/15/15,0
4/16/15,0
4/17/15,0
4/18/15,0.5
4/19/15,3.69
4/20/15,0.61
4/21/15,0
4/22/15,0
4/23/15,0
4/24/15,0
4/25/15,0.46
4/26/15,0
4/27/15,20.3
4/28/15,4.46
4/29/15,0
4/30/15,0
5/1/15,0
5/2/15,1.28
5/3/15,0
5/4/15,0.5
5/5/15,27.16
5/6/15,4.95
5/7/15,2.16
5/8/15,0
5/9/15,0
5/10/15,0.63
5/11/15,0
5/12/15,0
5/13/15,4.26
5/14/15,0.53
5/15/15,0.71
5/16/15,14.86
5/17/15,6.28
5/18/15,0
5/19/15,32.34
5/20/15,4.37
5/21/15,2.31
5/22/15,20.93
5/23/15,3.24
5/24/15,0
5/25/15,0.38
5/26/15,0.71
5/27/15,0.9
5/28/15,0
5/29/15,0
5/30/15,0
5/31/15,0
6/1/15,0
6/2/15,0
6/3/15,0
6/4/15,0
6/5/15,0
6/6/15,1.02
6/7/15,1.04
6/8/15,1.55
6/9/15,0.86
6/10/15,5.15
6/11/15,1.57
6/12/15,0
6/13/15,1.53
6/14/15,7.66
6/15/15,3.26
6/16/15,5.23
6/17/15,7.25
6/18/15,2
6/19/15,0.62
6/20/15,0
6/21/15,0
6/22/15,0
6/23/15,0
6/24/15,0.75
6/25/15,0
6/26/15,1.44
6/27/15,16.87
6/28/15,15.65
6/29/15,2.68
6/30/15,1.53
7/1/15,5.2
7/2/15,4.26
7/3/15,12.11
7/4/15,6.16
7/5/15,3.61
7/6/15,0
7/7/15,23.45
7/8/15,13.84
7/9/15,0.34
7/10/15,1.88
7/11/15,0
7/12/15,0.47
7/13/15,2.63
7/14/15,0
7/15/15,0.52
7/16/15,0
7/17/15,0.27
7/18/15,0
7/19/15,0.92
7/20/15,0.61
7/21/15,19.93
7/22/15,0
7/23/15,0
7/24/15,0
7/25/15,0
7/26/15,0
7/27/15,12.22
7/28/15,0
7/29/15,6.61
7/30/15,37.61
7/31/15,6.09
8/1/15,8.51
8/2/15,9.91
8/3/15,6.11
8/4/15,2.11
8/5/15,0
8/6/15,0
8/7/15,0
8/8/15,0.68
8/9/15,0
8/10/15,0
8/11/15,11.01
8/12/15,2.37
8/13/15,0
8/14/15,0.32
8/15/15,2.22
8/16/15,12.28
8/17/15,4.84
8/18/15,3.33
8/19/15,0
8/20/15,0
8/21/15,0
8/22/15,0
8/23/15,0
8/24/15,1.94
8/25/15,0.71
8/26/15,0.52
8/27/15,1.66
8/28/15,0.69
8/29/15,4.48
8/30/15,0.48
8/31/15,0
9/1/15,5.16
9/2/15,0
9/3/15,0
9/4/15,0
9/5/15,1.49
9/6/15,0
9/7/15,0
9/8/15,0
9/9/15,0
9/10/15,0
9/11/15,0
9/12/15,0
9/13/15,0
9/14/15,0
9/15/15,0
9/16/15,0
9/17/15,0
9/18/15,0
9/19/15,0
9/20/15,0
9/21/15,0
9/22/15,0
9/23/15,1.52
9/24/15,1.62
9/25/15,0
9/26/15,0
9/27/15,0
9/28/15,0
9/29/15,0
9/30/15,0
10/1/15,0.48
10/2/15,0
10/3/15,1.69
10/4/15,4
10/5/15,4.31
10/6/15,0.67
10/7/15,0.58
10/8/15,3.45
10/9/15,0
10/10/15,0
10/11/15,0
10/12/15,0
10/13/15,0
10/14/15,0
10/15/15,0
10/16/15,0
10/17/15,0
10/18/15,0
10/19/15,0.65
10/20/15,0
10/21/15,7.86
10/22/15,36.86
10/23/15,4.37
10/24/15,7.2
10/25/15,0
10/26/15,0
10/27/15,0
10/28/15,0
10/29/15,0
10/30/15,10.02
10/31/15,12.28
11/1/15,0
11/2/15,0
11/3/15,0
11/4/15,1.42
11/5/15,10.54
11/6/15,7.42
11/7/15,1.57
11/8/15,0
11/9/15,0
11/10/15,0.7
11/11/15,4.56
11/12/15,0.37
11/13/15,0
11/14/15,0
11/15/15,0.85
11/16/15,7.26
11/17/15,27
11/18/15,7.59
11/19/15,0.87
11/20/15,0
11/21/15,0
11/22/15,0
11/23/15,0
11/24/15,0.54
11/25/15,0
11/26/15,0.8
11/27/15,1.67
11/28/15,0
11/29/15,0
11/30/15,4.14
12/1/15,0
12/2/15,0
12/3/15,0
12/4/15,0
12/5/15,0
12/6/15,0
12/7/15,0.53
12/8/15,0.53
12/9/15,0
12/10/15,0
12/11/15,0
12/12/15,0.62
12/13/15,10.8
12/14/15,6.48
12/15/15,7.5
12/16/15,3.96
12/17/15,0
12/18/15,0.58
12/19/15,1.88
12/20/15,0.98
12/21/15,0.95
12/22/15,2.4
12/23/15,7.21
12/24/15,4.5
12/25/15,1.43
12/26/15,4.73
12/27/15,6.36
12/28/15,12.56
12/29/15,0
12/30/15,0.31
12/31/15,0.63
1/1/16,0
1/2/16,0
1/3/16,0
1/4/16,0.44
1/5/16,1.4
1/6/16,0.87
1/7/16,7.55
1/8/16,5.3
1/9/16,9.45
1/10/16,0
1/11/16,0
1/12/16,0
1/13/16,0
1/14/16,0
1/15/16,0
1/16/16,0.52
1/17/16,0
1/18/16,0
1/19/16,0
1/20/16,0
1/21/16,1.25
1/22/16,0
1/23/16,3.16
1/24/16,0
1/25/16,1.08
1/26/16,13.64
1/27/16,3.55
1/28/16,0
1/29/16,0
1/30/16,0
1/31/16,0
2/1/16,7.2
2/2/16,10.8
2/3/16,7.88
2/4/16,2.84
2/5/16,0
2/6/16,0
2/7/16,0
2/8/16,0
2/9/16,0
2/10/16,0
2/11/16,0
2/12/16,0
2/13/16,0
2/14/16,0
2/15/16,0
2/16/16,0
2/17/16,0
2/18/16,0
2/19/16,0
2/20/16,0
2/21/16,0
2/22/16,0
2/23/16,2.93
2/24/16,1.37
2/25/16,0
2/26/16,0
2/27/16,0
2/28/16,0
2/29/16,0
3/1/16,0
3/2/16,0
3/3/16,0
3/4/16,0
3/5/16,0
3/6/16,0
3/7/16,0
3/8/16,0
3/9/16,0
3/10/16,1.71
3/11/16,0
3/12/16,0.66
3/13/16,1.37
3/14/16,0
3/15/16,0
3/16/16,0
3/17/16,0
3/18/16,0
3/19/16,0
3/20/16,0
3/21/16,0
3/22/16,0
3/23/16,0
3/24/16,0
3/25/16,0
3/26/16,0
3/27/16,2.82
3/28/16,0
3/29/16,1.06
3/30/16,0.76
3/31/16,0
4/1/16,3.35
4/2/16,2.43
4/3/16,0.84
4/4/16,0.49
4/5/16,0
4/6/16,0
4/7/16,0
4/8/16,0.49
4/9/16,1.73
4/10/16,1.89
4/11/16,0.28
4/12/16,3.27
4/13/16,4.8
4/14/16,0.3
4/15/16,1.02
4/16/16,3.25
4/17/16,16.35
4/18/16,5.65
4/19/16,7.24
4/20/16,0
4/21/16,0
4/22/16,0.49
4/23/16,0
4/24/16,0
4/25/16,0
4/26/16,0
4/27/16,0
4/28/16,0
4/29/16,5.61
4/30/16,5.47
5/1/16,6.51
5/2/16,4.72
5/3/16,0
5/4/16,0
5/5/16,0
5/6/16,0
5/7/16,0
5/8/16,0
5/9/16,0.26
5/10/16,1.15
5/11/16,0
5/12/16,0
5/13/16,0
5/14/16,0.75
5/15/16,1.1
5/16/16,4.39
5/17/16,0.38
5/18/16,9.11
5/19/16,6.63
5/20/16,0
5/21/16,0
5/22/16,0
5/23/16,0
5/24/16,0
5/25/16,0
5/26/16,0
5/27/16,0
5/28/16,0
5/29/16,0
5/30/16,0
5/31/16,0
6/1/16,1.41
6/2/16,4.45
6/3/16,2.33
6/4/16,0
6/5/16,2.98
6/6/16,1.03
6/7/16,6.01
6/8/16,0
6/9/16,0
6/10/16,0.63
6/11/16,3.51
6/12/16,0.86
6/13/16,0
6/14/16,0
6/15/16,0
6/16/16,0
6/17/16,0
6/18/16,0
6/19/16,0
6/20/16,0.47
6/21/16,0
6/22/16,0.56
6/23/16,0.81
6/24/16,11.42
6/25/16,0.46
6/26/16,1.18
6/27/16,1.54
6/28/16,0
6/29/16,0
6/30/16,1.79
7/1/16,3.86
7/2/16,6.94
7/3/16,0.44
7/4/16,0
7/5/16,0
7/6/16,0
7/7/16,0
7/8/16,0
7/9/16,0
7/10/16,0
7/11/16,0
7/12/16,0
7/13/16,0
7/14/16,0
7/15/16,0
7/16/16,0
7/17/16,0
7/18/16,0
7/19/16,8.39
7/20/16,3.17
7/21/16,3.01
7/22/16,2.47
7/23/16,0.66
7/24/16,3.78
7/25/16,6.88
7/26/16,7.08
7/27/16,3.61
7/28/16,2.65
7/29/16,0
7/30/16,5.6
7/31/16,5.29
8/1/16,1.48
8/2/16,1.98
8/3/16,14.03
8/4/16,8.53
8/5/16,18.23
8/6/16,22.03
8/7/16,2.65
8/8/16,2.08
8/9/16,0.31
8/10/16,0
8/11/16,0.89
8/12/16,1.15
8/13/16,2.95
8/14/16,3.73
8/15/16,0
8/16/16,0.48
8/17/16,6.24
8/18/16,6.83
8/19/16,0.34
8/20/16,0
8/21/16,1.53
8/22/16,3.93
8/23/16,0.84
8/24/16,1.29
8/25/16,6.36
8/26/16,7.84
8/27/16,6.69
8/28/16,2.15
8/29/16,1.88
8/30/16,10.81
8/31/16,4.59
9/1/16,4.21
9/2/16,3.56
9/3/16,1.87
9/4/16,0
9/5/16,0
9/6/16,9.98
9/7/16,6.62
9/8/16,0
9/9/16,0
9/10/16,0
9/11/16,0
9/12/16,0
9/13/16,0
9/14/16,7.17
9/15/16,5.14
9/16/16,0
9/17/16,1.87
9/18/16,0.97
9/19/16,0
9/20/16,0
9/21/16,0
9/22/16,3.23
9/23/16,7.54
9/24/16,1.04
9/25/16,0
9/26/16,0
9/27/16,0
9/28/16,0
9/29/16,0
9/30/16,0
10/1/16,0
10/2/16,0.82
10/3/16,0
10/4/16,2.83
10/5/16,0
10/6/16,0
10/7/16,0
10/8/16,0
10/9/16,2.59
10/10/16,5.41
10/11/16,0
10/12/16,0.77
10/13/16,0
10/14/16,0
10/15/16,0
10/16/16,0
10/17/16,0
10/18/16,0
10/19/16,0
10/20/16,0
10/21/16,0
10/22/16,0
10/23/16,0
10/24/16,0
10/25/16,0
10/26/16,0.46
10/27/16,0
10/28/16,0.77
10/29/16,0
10/30/16,0
10/31/16,0
11/1/16,0
11/2/16,0
11/3/16,0
11/4/16,0
11/5/16,9.31
11/6/16,8.81
11/7/16,2.86
11/8/16,0
11/9/16,0
11/10/16,0
11/11/16,0
11/12/16,0
11/13/16,0
11/14/16,0
11/15/16,0
11/16/16,0
11/17/16,0
11/18/16,0
11/19/16,0
11/20/16,0.6
11/21/16,0
11/22/16,14.28
11/23/16,1.88
11/24/16,0
11/25/16,0
11/26/16,0
11/27/16,3.5
11/28/16,5.33
11/29/16,3.56
11/30/16,3.57
12/1/16,0
12/2/16,0
12/3/16,1.61
12/4/16,0
12/5/16,1.05
12/6/16,0
12/7/16,0
12/8/16,0
12/9/16,0
12/10/16,1.12
12/11/16,0
12/12/16,0
12/13/16,0
12/14/16,0
12/15/16,0
12/16/16,1.06
12/17/16,15.29
12/18/16,8.59
12/19/16,0
12/20/16,1.69
12/21/16,2.03
12/22/16,0.81
12/23/16,12.06
12/24/16,0.79
12/25/16,4.75
12/26/16,2.45
12/27/16,0.95
12/28/16,1.33
12/29/16,0
12/30/16,0
12/31/16,0
1/1/17,1.52
1/2/17,1.7
1/3/17,0
1/4/17,0
1/5/17,1.72
1/6/17,13.47
1/7/17,5.11
1/8/17,3.01
1/9/17,1.11
1/10/17,1.67
1/11/17,0
1/12/17,0
1/13/17,0
1/14/17,0
1/15/17,4.45
1/16/17,14.03
1/17/17,4.78
1/18/17,0
1/19/17,0.33
1/20/17,1.74
1/21/17,5.13
1/22/17,10.92
1/23/17,2.66
1/24/17,10.23
1/25/17,9.24
1/26/17,1.55
1/27/17,0.74
1/28/17,0.46
1/29/17,0
1/30/17,0
1/31/17,0
2/1/17,0
2/2/17,0
2/3/17,0.44
2/4/17,0
2/5/17,0
2/6/17,0
2/7/17,0.6
2/8/17,0.65
2/9/17,0
2/10/17,0
2/11/17,0
2/12/17,0
2/13/17,4.69
2/14/17,2.3
2/15/17,0
2/16/17,0
2/17/17,0.65
2/18/17,0
2/19/17,0
2/20/17,2.11
2/21/17,0
2/22/17,0
2/23/17,2.77
2/24/17,0
2/25/17,0
2/26/17,0
2/27/17,0
2/28/17,7.69
3/1/17,13.56
3/2/17,0
3/3/17,0
3/4/17,0
3/5/17,0
3/6/17,0
3/7/17,0
3/8/17,0
3/9/17,0
3/10/17,0
3/11/17,0.45
3/12/17,0
3/13/17,0
3/14/17,0
3/15/17,0
3/16/17,0
3/17/17,0
3/18/17,0
3/19/17,0
3/20/17,0
3/21/17,0
3/22/17,0
3/23/17,0
3/24/17,12.01
3/25/17,14.36
3/26/17,3.43
3/27/17,3.26
3/28/17,1.92
3/29/17,8.63
3/30/17,1.67
3/31/17,0
4/1/17,4.98
4/2/17,11.19
4/3/17,1.43
4/4/17,2.35
4/5/17,13.02
4/6/17,1.66
4/7/17,0
4/8/17,0
4/9/17,0
4/10/17,0
4/11/17,0
4/12/17,0
4/13/17,0
4/14/17,0
4/15/17,0
4/16/17,0
4/17/17,0
4/18/17,0
4/19/17,0
4/20/17,0
4/21/17,0
4/22/17,0
4/23/17,0
4/24/17,0.79
4/25/17,0
4/26/17,7.87
4/27/17,2.36
4/28/17,8.33
4/29/17,12.17
4/30/17,7.97
5/1/17,2.85
5/2/17,0
5/3/17,0
5/4/17,0
5/5/17,0
5/6/17,0.87
5/7/17,0
5/8/17,0
5/9/17,13.87
5/10/17,36.51
5/11/17,6.27
5/12/17,0
5/13/17,0.99
5/14/17,0
5/15/17,0
5/16/17,0
5/17/17,0.43
5/18/17,1.33
5/19/17,3.62
5/20/17,2.82
5/21/17,0
5/22/17,0
5/23/17,1.33
5/24/17,0.44
5/25/17,0
5/26/17,0
5/27/17,0
5/28/17,0
5/29/17,0
5/30/17,0
5/31/17,0.84
6/1/17,3.01
6/2/17,7.05
6/3/17,3.67
6/4/17,0
6/5/17,0.38
6/6/17,5.1
6/7/17,4.25
6/8/17,0.79
6/9/17,0
6/10/17,0
6/11/17,0
6/12/17,0
6/13/17,0
6/14/17,0
6/15/17,0
6/16/17,0
6/17/17,0
6/18/17,0
6/19/17,0
6/20/17,0
6/21/17,0
6/22/17,0
6/23/17,0
6/24/17,0
6/25/17,0
6/26/17,1.26
6/27/17,1.08
6/28/17,0
6/29/17,0
6/30/17,0
7/1/17,0.57
7/2/17,5.46
7/3/17,0
7/4/17,0
7/5/17,0
7/6/17,0
7/7/17,0
7/8/17,0.94
7/9/17,1.82
7/10/17,1.81
7/11/17,1.86
7/12/17,1.37
7/13/17,8.42
7/14/17,12.39
7/15/17,8
7/16/17,2.29
7/17/17,1.7
7/18/17,4.84
7/19/17,2.89
7/20/17,0
7/21/17,0
7/22/17,0.51
7/23/17,1.33
7/24/17,4.79
7/25/17,4.12
7/26/17,1.61
7/27/17,3.35
7/28/17,11.91
7/29/17,21.43
7/30/17,11.31
7/31/17,9.2
8/1/17,6.02
8/2/17,5.18
8/3/17,3.85
8/4/17,4.48
8/5/17,0
8/6/17,1.18
8/7/17,9.73
8/8/17,26.95
8/9/17,2.14
8/10/17,0.77
8/11/17,1.01
8/12/17,13.97
8/13/17,1.26
8/14/17,0
8/15/17,0.62
8/16/17,0
8/17/17,0
8/18/17,0
8/19/17,0
8/20/17,2.29
8/21/17,11.81
8/22/17,9.3
8/23/17,7.94
8/24/17,1.15
8/25/17,4.37
8/26/17,6.79
8/27/17,0
8/28/17,2.76
8/29/17,3.64
8/30/17,3.22
8/31/17,0
9/1/17,0
9/2/17,1.97
9/3/17,0
9/4/17,0
9/5/17,0
9/6/17,0
9/7/17,1.41
9/8/17,0.31
9/9/17,1.25
9/10/17,0
9/11/17,0
9/12/17,3.16
9/13/17,0.69
9/14/17,0
9/15/17,1.08
9/16/17,0
9/17/17,0
9/18/17,0.47
9/19/17,0
9/20/17,0
9/21/17,0
9/22/17,0
9/23/17,1.23
9/24/17,12.87
9/25/17,0.49
9/26/17,0.52
9/27/17,18.18
9/28/17,39.04
9/29/17,25.67
9/30/17,5.56
10/1/17,9.72
10/2/17,0
10/3/17,0
10/4/17,0.63
10/5/17,6.45
10/6/17,17.15
10/7/17,0.3
10/8/17,0
10/9/17,0
10/10/17,3.04
10/11/17,0
10/12/17,0
10/13/17,0
10/14/17,0
10/15/17,0
10/16/17,0
10/17/17,0
10/18/17,0
10/19/17,0
10/20/17,0
10/21/17,0
10/22/17,0
10/23/17,0
10/24/17,0
10/25/17,0
10/26/17,0
10/27/17,0
10/28/17,0
10/29/17,0
10/30/17,0.41
10/31/17,0
11/1/17,0
11/2/17,0
11/3/17,0
11/4/17,0
11/5/17,0
11/6/17,0
11/7/17,0
11/8/17,13.57
11/9/17,0
11/10/17,0.68
11/11/17,0
11/12/17,0
11/13/17,0
11/14/17,0
11/15/17,0
11/16/17,0
11/17/17,0
11/18/17,4.25
11/19/17,0
11/20/17,0
11/21/17,0
11/22/17,0
11/23/17,0
11/24/17,0
11/25/17,0
11/26/17,0
11/27/17,0
11/28/17,0
11/29/17,2.11
11/30/17,0
12/1/17,0
12/2/17,0
12/3/17,0
12/4/17,0
12/5/17,0
12/6/17,0
12/7/17,3.22
12/8/17,0
12/9/17,0
12/10/17,0
12/11/17,0
12/12/17,0.63
12/13/17,0
12/14/17,0
12/15/17,0
12/16/17,0.52
12/17/17,0
12/18/17,0
12/19/17,0
12/20/17,0
12/21/17,0
12/22/17,0.41
12/23/17,0
12/24/17,1.16
12/25/17,0
12/26/17,0
12/27/17,0
12/28/17,0
12/29/17,0
12/30/17,0
12/31/17,0
1/1/18,0
1/2/18,0
1/3/18,0
1/4/18,0
1/5/18,0.41
1/6/18,0
1/7/18,0
1/8/18,2.4
1/9/18,0
1/10/18,0
1/11/18,2.76
1/12/18,0
1/13/18,0
1/14/18,1.12
1/15/18,0
1/16/18,0
1/17/18,0
1/18/18,0
1/19/18,0
1/20/18,0
1/21/18,2.6
1/22/18,8.02
1/23/18,0
1/24/18,0
1/25/18,0.62
1/26/18,0.62
1/27/18,0
1/28/18,0
1/29/18,0
1/30/18,0
1/31/18,0
2/1/18,0
2/2/18,0
2/3/18,0
2/4/18,0
2/5/18,0
2/6/18,0
2/7/18,0.28
2/8/18,0
2/9/18,0
2/10/18,0.57
2/11/18,5.08
2/12/18,0.62
2/13/18,0.66
2/14/18,0.57
2/15/18,7.19
2/16/18,7.23
2/17/18,0.73
2/18/18,0
2/19/18,0
2/20/18,3.46
2/21/18,1.26
2/22/18,2.33
2/23/18,2.03
2/24/18,1.59
2/25/18,0
2/26/18,0.35
2/27/18,0.44
2/28/18,0
3/1/18,0
3/2/18,0.5
3/3/18,0
3/4/18,0.74
3/5/18,0
3/6/18,0
3/7/18,0
3/8/18,0
3/9/18,0
3/10/18,0
3/11/18,0
3/12/18,0
3/13/18,0
3/14/18,0
3/15/18,0.74
3/16/18,5.62
3/17/18,0
3/18/18,0
3/19/18,5.76
3/20/18,0
3/21/18,0
3/22/18,0.91
3/23/18,0
3/24/18,1.41
3/25/18,0
3/26/18,0
3/27/18,0
3/28/18,4.43
3/29/18,1.3
3/30/18,0
3/31/18,0
4/1/18,0
4/2/18,0
4/3/18,0
4/4/18,0
4/5/18,0
4/6/18,0
4/7/18,0.47
4/8/18,1.83
4/9/18,4.28
4/10/18,0
4/11/18,0
4/12/18,0
4/13/18,0
4/14/18,0.61
4/15/18,0
4/16/18,0
4/17/18,0
4/18/18,0
4/19/18,0
4/20/18,0.57
4/21/18,1.6
4/22/18,0
4/23/18,0
4/24/18,0
4/25/18,0
4/26/18,0
4/27/18,0
4/28/18,0
4/29/18,0.6
4/30/18,0
5/1/18,0
5/2/18,0
5/3/18,2.98
5/4/18,1.17
5/5/18,0
5/6/18,0
5/7/18,0
5/8/18,0
5/9/18,0
5/10/18,0
5/11/18,0
5/12/18,0
5/13/18,0
5/14/18,0
5/15/18,0
5/16/18,0
5/17/18,0
5/18/18,0
5/19/18,0
5/20/18,0
5/21/18,0
5/22/18,4.47
5/23/18,6.73
5/24/18,1.62
5/25/18,0
5/26/18,0
5/27/18,0
5/28/18,0
5/29/18,0
5/30/18,0
5/31/18,0
6/1/18,0
6/2/18,0
6/3/18,0
6/4/18,9.18
6/5/18,0
6/6/18,0
6/7/18,0
6/8/18,0
6/9/18,0
6/10/18,0
6/11/18,0
6/12/18,0
6/13/18,0
6/14/18,4.95
6/15/18,0
6/16/18,0
6/17/18,6.3
6/18/18,0
6/19/18,0
6/20/18,0
6/21/18,0
6/22/18,0
6/23/18,0
6/24/18,0
6/25/18,0
6/26/18,0
6/27/18,0
6/28/18,0
6/29/18,0
6/30/18,0
7/1/18,0
7/2/18,0
7/3/18,0
7/4/18,0
7/5/18,0
7/6/18,20.54
7/7/18,0.96
7/8/18,13.99
7/9/18,3.69
7/10/18,0
7/11/18,7.57
7/12/18,4.1
7/13/18,6.1
7/14/18,6.11
7/15/18,9.63
7/16/18,4.66
7/17/18,35.25
7/18/18,8.35
7/19/18,0
7/20/18,0
7/21/18,1.23
7/22/18,0
7/23/18,0
7/24/18,19.7
7/25/18,7.82
7/26/18,4.51
7/27/18,17.41
7/28/18,7
7/29/18,0
7/30/18,0.51
7/31/18,8.34
8/1/18,1.89
8/2/18,0
8/3/18,4.27
8/4/18,1.26
8/5/18,0
8/6/18,0
8/7/18,0
8/8/18,0
8/9/18,3.32
8/10/18,3.56
8/11/18,5.66
8/12/18,0
8/13/18,0
8/14/18,0.61
8/15/18,4.45
8/16/18,0.76
8/17/18,4.36
8/18/18,2.24
8/19/18,4.5
8/20/18,0
8/21/18,0
8/22/18,9.03
8/23/18,9.58
8/24/18,1.12
8/25/18,0
8/26/18,7.1
8/27/18,5.02
8/28/18,1.15
8/29/18,0
8/30/18,0
8/31/18,0.62
9/1/18,4.4
9/2/18,5.8
9/3/18,10.32
9/4/18,5.02
9/5/18,1.77
9/6/18,6.7
9/7/18,6.6
9/8/18,0.86
9/9/18,0
9/10/18,4.46
9/11/18,0
9/12/18,0
9/13/18,0
9/14/18,0
9/15/18,0
9/16/18,0
9/17/18,0
9/18/18,0
9/19/18,0
9/20/18,3.01
9/21/18,3.99
9/22/18,0
9/23/18,0
9/24/18,0
9/25/18,0
9/26/18,0.75
9/27/18,0.27
9/28/18,0
9/29/18,0
9/30/18,0
10/1/18,0
10/2/18,0
10/3/18,4.59
10/4/18,0
10/5/18,0
10/6/18,0
10/7/18,0
10/8/18,1.69
10/9/18,0
10/10/18,4.78
10/11/18,0
10/12/18,2.7
10/13/18,0.62
10/14/18,0
10/15/18,17.07
10/16/18,0.81
10/17/18,1.44
10/18/18,2.71
10/19/18,0
10/20/18,0
10/21/18,0
10/22/18,0
10/23/18,1.35
10/24/18,13.07
10/25/18,11.67
10/26/18,0
10/27/18,0
10/28/18,0.4
10/29/18,0
10/30/18,0
10/31/18,22.71
11/1/18,11.85
11/2/18,0
11/3/18,0.9
11/4/18,0
11/5/18,0
11/6/18,0
11/7/18,0
11/8/18,0
11/9/18,0
11/10/18,0
11/11/18,0.56
11/12/18,22.93
11/13/18,3.11
11/14/18,0.66
11/15/18,0
11/16/18,0
11/17/18,0
11/18/18,0
11/19/18,0
11/20/18,0
11/21/18,0
11/22/18,0
11/23/18,5.35
11/24/18,0
11/25/18,0
11/26/18,0
11/27/18,0
11/28/18,0
11/29/18,0
11/30/18,0
12/1/18,4.79
12/2/18,1.59
12/3/18,4.1
12/4/18,0
12/5/18,0
12/6/18,1.44
12/7/18,1.88
12/8/18,0
12/9/18,0
12/10/18,0
12/11/18,0.5
12/12/18,0.83
12/13/18,3.87
12/14/18,0.85
12/15/18,0
12/16/18,0
12/17/18,0
12/18/18,0
12/19/18,0
12/20/18,0
12/21/18,0
12/22/18,0.53
12/23/18,0
12/24/18,0
12/25/18,0
12/26/18,0
12/27/18,16.27
12/28/18,4.42
12/29/18,2.9
12/30/18,0
12/31/18,0
1/1/19,8.7
1/2/19,4.47
1/3/19,0
1/4/19,0
1/5/19,0
1/6/19,1.91
1/7/19,0.57
1/8/19,0
1/9/19,0
1/10/19,1.61
1/11/19,0.31
1/12/19,11.34
1/13/19,1.97
1/14/19,3.38
1/15/19,0
1/16/19,0
1/17/19,2.46
1/18/19,0.95
1/19/19,7.72
1/20/19,0
1/21/19,0
1/22/19,2.74
1/23/19,0.89
1/24/19,0
1/25/19,0
1/26/19,0
1/27/19,0
1/28/19,0
1/29/19,0.4
1/30/19,0
1/31/19,0
2/1/19,0
2/2/19,0.99
2/3/19,1.32
2/4/19,0
2/5/19,0.64
2/6/19,0
2/7/19,2.9
2/8/19,0
2/9/19,0
2/10/19,1.17
2/11/19,0
2/12/19,1.56
2/13/19,1.58
2/14/19,0.97
2/15/19,12.46
2/16/19,1.09
2/17/19,0
2/18/19,0.61
2/19/19,2.17
2/20/19,0.98
2/21/19,1.52
2/22/19,0.61
2/23/19,6.21
2/24/19,6.98
2/25/19,0
2/26/19,0
2/27/19,0.62
2/28/19,0
3/1/19,0
3/2/19,0.9
3/3/19,11.18
3/4/19,7.05
3/5/19,4.34
3/6/19,0
3/7/19,0
3/8/19,0
3/9/19,4.58
3/10/19,1.13
3/11/19,0
3/12/19,10.62
3/13/19,13.27
3/14/19,17.47
3/15/19,4.26
3/16/19,0
3/17/19,0
3/18/19,0.49
3/19/19,0
3/20/19,1.57
3/21/19,0
3/22/19,7.31
3/23/19,4.76
3/24/19,0
3/25/19,0
3/26/19,0
3/27/19,0
3/28/19,0
3/29/19,0
3/30/19,0
3/31/19,0
4/1/19,4.94
4/2/19,0.57
4/3/19,0
4/4/19,1.03
4/5/19,0
4/6/19,0
4/7/19,0
4/8/19,0
4/9/19,0
4/10/19,0.6
4/11/19,2.26
4/12/19,0.58
4/13/19,3.05
4/14/19,3.8
4/15/19,1.07
4/16/19,0
4/17/19,0
4/18/19,5.68
4/19/19,0
4/20/19,0
4/21/19,0.57
4/22/19,0
4/23/19,18.58
4/24/19,5.24
4/25/19,0
4/26/19,2.04
4/27/19,2.12
4/28/19,0
4/29/19,0.57
4/30/19,2.08
5/1/19,2.67
5/2/19,0
5/3/19,0
5/4/19,0
5/5/19,0
5/6/19,0
5/7/19,0
5/8/19,0
5/9/19,15.01
5/10/19,13.8
5/11/19,5.76
5/12/19,1.34
5/13/19,0.7
5/14/19,1.8
5/15/19,0
5/16/19,0
5/17/19,0
5/18/19,0
5/19/19,0
5/20/19,0.99
5/21/19,2.96
5/22/19,6.82
5/23/19,0
5/24/19,0
5/25/19,0
5/26/19,0
5/27/19,2.08
5/28/19,0
5/29/19,0
5/30/19,0.39
5/31/19,6.85
6/1/19,1.14
6/2/19,2.53
6/3/19,1.5
6/4/19,0.76
6/5/19,1.21
6/6/19,0.6
6/7/19,0.32
6/8/19,0
6/9/19,0
6/10/19,0
6/11/19,0
6/12/19,0
6/13/19,0
6/14/19,0
6/15/19,0
6/16/19,0
6/17/19,2.58
6/18/19,7.24
6/19/19,0
6/20/19,0
6/21/19,0
6/22/19,0
6/23/19,0
6/24/19,0
6/25/19,0
6/26/19,0
6/27/19,0
6/28/19,1.08
6/29/19,0.5
6/30/19,0
7/1/19,0
7/2/19,6.97
7/3/19,2.8
7/4/19,0
7/5/19,0
7/6/19,0
7/7/19,6.04
7/8/19,3.33
7/9/19,0
7/10/19,0.38
7/11/19,0
7/12/19,0
7/13/19,0.92
7/14/19,3.37
7/15/19,10.49
7/16/19,0.84
7/17/19,2.82
7/18/19,0
7/19/19,0
7/20/19,0
7/21/19,1.28
7/22/19,0.63
7/23/19,9.19
7/24/19,1.13
7/25/19,0
7/26/19,11.84
7/27/19,6.44
7/28/19,10.08
7/29/19,1.12
7/30/19,0
7/31/19,0.97
8/1/19,2.96
8/2/19,0.99
8/3/19,3.48
8/4/19,11.93
8/5/19,5.99
8/6/19,0.74
8/7/19,4.51
8/8/19,0
8/9/19,13.95
8/10/19,7.86
8/11/19,4.95
8/12/19,2.78
8/13/19,0.39
8/14/19,0
8/15/19,0
8/16/19,0
8/17/19,0
8/18/19,0
8/19/19,0
8/20/19,0
8/21/19,0.29
8/22/19,2.27
8/23/19,0
8/24/19,0
8/25/19,0
8/26/19,0
8/27/19,0.34
8/28/19,0
8/29/19,0
8/30/19,0
8/31/19,0.47
9/1/19,0.79
9/2/19,7.62
9/3/19,4.06
9/4/19,0.58
9/5/19,0
9/6/19,0
9/7/19,0.56
9/8/19,6.7
9/9/19,2.15
9/10/19,0
9/11/19,0.99
9/12/19,0
9/13/19,0
9/14/19,0
9/15/19,0.8
9/16/19,3.94
9/17/19,1.02
9/18/19,0
9/19/19,0
9/20/19,0.32
9/21/19,0.62
9/22/19,0
9/23/19,0
9/24/19,1.06
9/25/19,0
9/26/19,0
9/27/19,0
9/28/19,0
9/29/19,0
9/30/19,0
10/1/19,0.63
10/2/19,0
10/3/19,0
10/4/19,0.42
10/5/19,21.74
10/6/19,0
10/7/19,0
10/8/19,0
10/9/19,0
10/10/19,0
10/11/19,0
10/12/19,0
10/13/19,0
10/14/19,0
10/15/19,0
10/16/19,0
10/17/19,0
10/18/19,0
10/19/19,0
10/20/19,0
10/21/19,0
10/22/19,0
10/23/19,0
10/24/19,0
10/25/19,7.18
10/26/19,1.54
10/27/19,0.53
10/28/19,1.77
10/29/19,4.81
10/30/19,0.66
10/31/19,0.61
11/1/19,1.69
11/2/19,0
11/3/19,0
11/4/19,0
11/5/19,0
11/6/19,0
11/7/19,0
11/8/19,0
11/9/19,0
11/10/19,0
11/11/19,0
11/12/19,0
11/13/19,0
11/14/19,0
11/15/19,0
11/16/19,0
11/17/19,0
11/18/19,0
11/19/19,0
11/20/19,2.31
11/21/19,3.05
11/22/19,23.82
11/23/19,0
11/24/19,0
11/25/19,0
11/26/19,0.97
11/27/19,2.13
11/28/19,9.77
11/29/19,6.83
11/30/19,12.5
12/1/19,0.41
12/2/19,1.32
12/3/19,0
12/4/19,0.86
12/5/19,1.47
12/6/19,2.56
12/7/19,0
12/8/19,1.85
12/9/19,14.02
12/10/19,0
12/11/19,0.53
12/12/19,0
12/13/19,0
12/14/19,1.74
12/15/19,1.07
12/16/19,6.32
12/17/19,0.46
12/18/19,0
12/19/19,0
12/20/19,0
12/21/19,0
12/22/19,1.43
12/23/19,0
12/24/19,0.53
12/25/19,3.84
12/26/19,0
12/27/19,3.15
12/28/19,11.32
12/29/19,3.26
12/30/19,0
12/31/19,0
1/1/20,0
1/2/20,0
1/3/20,1.42
1/4/20,2.04
1/5/20,0
1/6/20,0
1/7/20,0
1/8/20,0
1/9/20,0
1/10/20,0
1/11/20,0
1/12/20,1.39
1/13/20,0
1/14/20,0
1/15/20,0
1/16/20,0.86
1/17/20,12.34
1/18/20,1.21
1/19/20,2.37
1/20/20,0
1/21/20,0
1/22/20,5.91
1/23/20,0
1/24/20,0
1/25/20,0
1/26/20,0
1/27/20,0
1/28/20,2.48
1/29/20,0
1/30/20,0
1/31/20,0.32
2/1/20,0
2/2/20,0
2/3/20,0
2/4/20,3.6
2/5/20,3.87
2/6/20,1.19
2/7/20,0
2/8/20,0
2/9/20,0
2/10/20,0
2/11/20,6.97
2/12/20,3.94
2/13/20,1.94
2/14/20,0
2/15/20,0
2/16/20,0
2/17/20,0
2/18/20,0
2/19/20,1.95
2/20/20,0.33
2/21/20,0
2/22/20,0
2/23/20,1.78
2/24/20,3.68
2/25/20,0
2/26/20,0
2/27/20,0.7
2/28/20,0
2/29/20,0.51
3/1/20,0
3/2/20,0
3/3/20,0
3/4/20,0
3/5/20,0
3/6/20,0
3/7/20,0.51
3/8/20,1.42
3/9/20,1.54
3/10/20,0
3/11/20,0.91
3/12/20,4.09
3/13/20,1.23
3/14/20,19.42
3/15/20,0
3/16/20,0
3/17/20,0
3/18/20,0
3/19/20,4.04
3/20/20,1.93
3/21/20,2.42
3/22/20,1.21
3/23/20,0
3/24/20,0
3/25/20,0
3/26/20,0.75
3/27/20,0
3/28/20,0.37
3/29/20,0
3/30/20,1.3
3/31/20,0.84
4/1/20,0
4/2/20,0
4/3/20,0
4/4/20,0.46
4/5/20,0
4/6/20,0
4/7/20,0
4/8/20,0
4/9/20,0
4/10/20,0
4/11/20,0
4/12/20,0
4/13/20,7.07
4/14/20,6.81
4/15/20,0
4/16/20,0
4/17/20,0
4/18/20,1.19
4/19/20,0
4/20/20,0
4/21/20,0.44
4/22/20,0
4/23/20,0
4/24/20,0
4/25/20,0
4/26/20,0
4/27/20,0
4/28/20,0
4/29/20,0
4/30/20,0
5/1/20,0
5/2/20,0
5/3/20,0
5/4/20,0
5/5/20,0
5/6/20,0
5/7/20,0
5/8/20,0
5/9/20,0
5/10/20,0
5/11/20,0
5/12/20,4.11
5/13/20,0
5/14/20,0
5/15/20,0
5/16/20,0
5/17/20,0
5/18/20,0
5/19/20,0
5/20/20,0
5/21/20,0
5/22/20,0
5/23/20,0
5/24/20,0
5/25/20,0
5/26/20,0.31
5/27/20,0
5/28/20,0
5/29/20,2.44
5/30/20,0.64
5/31/20,4.94
6/1/20,2.43
6/2/20,1.41
6/3/20,1.03
6/4/20,0.48
6/5/20,0.41
6/6/20,0.65
6/7/20,0
6/8/20,0
6/9/20,0
6/10/20,0
6/11/20,0
6/12/20,0
6/13/20,0.81
6/14/20,4.88
6/15/20,1.11
6/16/20,0.69
6/17/20,0
6/18/20,0
6/19/20,0
6/20/20,0
6/21/20,0
6/22/20,0
6/23/20,0
6/24/20,2.59
6/25/20,0.36
6/26/20,0
6/27/20,0
6/28/20,0
6/29/20,0
6/30/20,0
7/1/20,0
7/2/20,0
7/3/20,0.55
7/4/20,7.21
7/5/20,2.21
7/6/20,4.41
7/7/20,1.73
7/8/20,2.78
7/9/20,0
7/10/20,0
7/11/20,0
7/12/20,0
7/13/20,0.29
7/14/20,0
7/15/20,0
7/16/20,1.45
7/17/20,6.01
7/18/20,2.28
7/19/20,7.76
7/20/20,9.84
7/21/20,0.83
7/22/20,1.71
7/23/20,1.74
7/24/20,2.69
7/25/20,11.61
7/26/20,7.37
7/27/20,5.7
7/28/20,7.32
7/29/20,0.79
7/30/20,0.36
7/31/20,0
8/1/20,5.61
8/2/20,1.2
8/3/20,6.78
8/4/20,0.75
8/5/20,0
8/6/20,0
8/7/20,0
8/8/20,0
8/9/20,0
8/10/20,0
8/11/20,0
8/12/20,0
8/13/20,0
8/14/20,0.71
8/15/20,0.56
8/16/20,1.34
8/17/20,3.94
8/18/20,0
8/19/20,0.81
8/20/20,0.92
8/21/20,0.61
8/22/20,0
8/23/20,0.39
8/24/20,0
8/25/20,3.74
8/26/20,0
8/27/20,3.33
8/28/20,2.12
8/29/20,5.61
8/30/20,1.77
8/31/20,0
9/1/20,0
9/2/20,0
9/3/20,0
9/4/20,0
9/5/20,0.56
9/6/20,0.4
9/7/20,0
9/8/20,0
9/9/20,12.64
9/10/20,9.52
9/11/20,0.99
9/12/20,0
9/13/20,0
9/14/20,0
9/15/20,0
9/16/20,0
9/17/20,0
9/18/20,0
9/19/20,0
9/20/20,0
9/21/20,0
9/22/20,0
9/23/20,0
9/24/20,0
9/25/20,0
9/26/20,0
9/27/20,0
9/28/20,0
9/29/20,0
9/30/20,0
10/1/20,0
10/2/20,0
10/3/20,0
10/4/20,0
10/5/20,0
10/6/20,0
10/7/20,0
10/8/20,0
10/9/20,0
10/10/20,0
10/11/20,0
10/12/20,0
10/13/20,0
10/14/20,0
10/15/20,0
10/16/20,0
10/17/20,0
10/18/20,0
10/19/20,0
10/20/20,0
10/21/20,0
10/22/20,0
10/23/20,0
10/24/20,0
10/25/20,0
10/26/20,11.44
10/27/20,11.42
10/28/20,2.42
10/29/20,5.88
10/30/20,0.27
10/31/20,0
11/1/20,0
11/2/20,0
11/3/20,0
11/4/20,0
11/5/20,0
11/6/20,0
11/7/20,1.32
11/8/20,2.89
11/9/20,8.87
11/10/20,2.68
11/11/20,0
11/12/20,0
11/13/20,0
11/14/20,0
11/15/20,0
11/16/20,0
11/17/20,0
11/18/20,0
11/19/20,0
11/20/20,0
11/21/20,0
11/22/20,0
11/23/20,0
11/24/20,13.89
11/25/20,8.66
11/26/20,0
11/27/20,0
11/28/20,3.67
11/29/20,0
11/30/20,0
12/1/20,0
12/2/20,2.24
12/3/20,0
12/4/20,0
12/5/20,0
12/6/20,0
12/7/20,0
12/8/20,0
12/9/20,0.86
12/10/20,0.68
12/11/20,1.69
12/12/20,2.83
12/13/20,14.48
12/14/20,0.95
12/15/20,1.85
12/16/20,0.33
12/17/20,0
12/18/20,0
12/19/20,0
12/20/20,0
12/21/20,0
12/22/20,0
12/23/20,0
12/24/20,0
12/25/20,0
12/26/20,0
12/27/20,0.58
12/28/20,0.53
12/29/20,5.08
12/30/20,2.12
12/31/20,0
1/1/21,0
1/2/21,0
1/3/21,0
1/4/21,0
1/5/21,0.99
1/6/21,0
1/7/21,0
1/8/21,0
1/9/21,0
1/10/21,2.18
1/11/21,0
1/12/21,1.79
1/13/21,0
1/14/21,0
1/15/21,0
1/16/21,0
1/17/21,0
1/18/21,0
1/19/21,10.06
1/20/21,7.39
1/21/21,0.33
1/22/21,0
1/23/21,0
1/24/21,2.07
1/25/21,13.59
1/26/21,2.7
1/27/21,2.79
1/28/21,0
1/29/21,0
1/30/21,2.56
1/31/21,0.3
2/1/21,0
2/2/21,0.38
2/3/21,0
2/4/21,0
2/5/21,0
2/6/21,0
2/7/21,0
2/8/21,0
2/9/21,0
2/10/21,0
2/11/21,0
2/12/21,0
2/13/21,0
2/14/21,8.5
2/15/21,0
2/16/21,1.7
2/17/21,10.31
2/18/21,10.97
2/19/21,2.96
2/20/21,0
2/21/21,0
2/22/21,0
2/23/21,0
2/24/21,0
2/25/21,0
2/26/21,0
2/27/21,0
2/28/21,0
3/1/21,0
3/2/21,0
3/3/21,0.8
3/4/21,0
3/5/21,0.65
3/6/21,0
3/7/21,0
3/8/21,0
3/9/21,0
3/10/21,0
3/11/21,0
3/12/21,0
3/13/21,0.48
3/14/21,1.71
3/15/21,8.75
3/16/21,0
3/17/21,1.47
3/18/21,0
3/19/21,0
3/20/21,0
3/21/21,0
3/22/21,0.72
3/23/21,1.65
3/24/21,17.7
3/25/21,6.41
3/26/21,1.55
3/27/21,0
3/28/21,0
3/29/21,0
3/30/21,0
3/31/21,0
4/1/21,0
4/2/21,0
4/3/21,0
4/4/21,0
4/5/21,0
4/6/21,0
4/7/21,0
4/8/21,0
4/9/21,0
4/10/21,0
4/11/21,0
4/12/21,0
4/13/21,0
4/14/21,0
4/15/21,0
4/16/21,0
4/17/21,3.65
4/18/21,5.59
4/19/21,0
4/20/21,0
4/21/21,0
4/22/21,0
4/23/21,0
4/24/21,0.37
4/25/21,1.2
4/26/21,0
4/27/21,0
4/28/21,0
4/29/21,6.51
4/30/21,0.42
5/1/21,0
5/2/21,0
5/3/21,0
5/4/21,13.84
5/5/21,0
5/6/21,0.3
5/7/21,0
5/8/21,0.29
5/9/21,0.3
5/10/21,4.14
5/11/21,1.15
5/12/21,0.92
5/13/21,0
5/14/21,0
5/15/21,0
5/16/21,0
5/17/21,0
5/18/21,16.56
5/19/21,8.5
5/20/21,2.05
5/21/21,0
5/22/21,0
5/23/21,33.88
5/24/21,2.62
5/25/21,0.3
5/26/21,0
5/27/21,0
5/28/21,0
5/29/21,0.8
5/30/21,0.53
5/31/21,24.84
6/1/21,9.47
6/2/21,0.77
6/3/21,2.94
6/4/21,0.5
6/5/21,0.74
6/6/21,0.66
6/7/21,1.33
6/8/21,0
6/9/21,0
6/10/21,0
6/11/21,0
6/12/21,0
6/13/21,0
6/14/21,0
6/15/21,0
6/16/21,2.76
6/17/21,0
6/18/21,0
6/19/21,2.34
6/20/21,0.67
6/21/21,0
6/22/21,0
6/23/21,0
6/24/21,0
6/25/21,2.07
6/26/21,0
6/27/21,14.17
6/28/21,16.59
6/29/21,4.76
6/30/21,17.91
7/1/21,6.86
7/2/21,3.74
7/3/21,7.89
7/4/21,6.03
7/5/21,5.17
7/6/21,8.26
7/7/21,9.49
7/8/21,0
7/9/21,1.71
7/10/21,2.14
7/11/21,3.65
7/12/21,4.24
7/13/21,1.51
7/14/21,2.19
7/15/21,3.64
7/16/21,2.17
7/17/21,3.42
7/18/21,5.76
7/19/21,2.54
7/20/21,0
7/21/21,1.65
7/22/21,0.34
7/23/21,2.75
7/24/21,7.59
7/25/21,0.96
7/26/21,3.37
7/27/21,8.16
7/28/21,4.13
7/29/21,2.54
7/30/21,0
7/31/21,2.37
8/1/21,17.81
8/2/21,2.05
8/3/21,2.43
8/4/21,4.09
8/5/21,1.39
8/6/21,0
8/7/21,0
8/8/21,0
8/9/21,0
8/10/21,0
8/11/21,0
8/12/21,0.5
8/13/21,0.52
8/14/21,1.38
8/15/21,0
8/16/21,6.19
8/17/21,3.17
8/18/21,0
8/19/21,1.31
8/20/21,0
8/21/21,0
8/22/21,0
8/23/21,0
8/24/21,0
8/25/21,0
8/26/21,0
8/27/21,1.74
8/28/21,0.75
8/29/21,1.4
8/30/21,6.97
8/31/21,1.37
9/1/21,0
9/2/21,17.83
9/3/21,0
9/4/21,0
9/5/21,0.63
9/6/21,0
9/7/21,0
9/8/21,0
9/9/21,0
9/10/21,0
9/11/21,0
9/12/21,0
9/13/21,0
9/14/21,0
9/15/21,0
9/16/21,0
9/17/21,0
9/18/21,0
9/19/21,0
9/20/21,0
9/21/21,0
9/22/21,0
9/23/21,0
9/24/21,0
9/25/21,0
9/26/21,0
9/27/21,0
9/28/21,0
9/29/21,0.83
9/30/21,0
10/1/21,29.26
10/2/21,12.15
10/3/21,2.09
10/4/21,0
10/5/21,0
10/6/21,0
10/7/21,0
10/8/21,0
10/9/21,0.33
10/10/21,0
10/11/21,5.28
10/12/21,0
10/13/21,4.72
10/14/21,0
10/15/21,0
10/16/21,0
10/17/21,0
10/18/21,0
10/19/21,0
10/20/21,0
10/21/21,0
10/22/21,0
10/23/21,0.33
10/24/21,0
10/25/21,0
10/26/21,0
10/27/21,0.32
10/28/21,0
10/29/21,0
10/30/21,0
10/31/21,0
11/1/21,0
11/2/21,0
11/3/21,0
11/4/21,0
11/5/21,0
11/6/21,0
11/7/21,0
11/8/21,0
11/9/21,0
11/10/21,0.89
11/11/21,0
11/12/21,0
11/13/21,0
11/14/21,0
11/15/21,0
11/16/21,0
11/17/21,0
11/18/21,0
11/19/21,0
11/20/21,0
11/21/21,0
11/22/21,0
11/23/21,0
11/24/21,3.18
11/25/21,1.98
11/26/21,0
11/27/21,0
11/28/21,0
11/29/21,0
11/30/21,0
12/1/21,0
12/2/21,0.53
12/3/21,0
12/4/21,0
12/5/21,0
12/6/21,0
12/7/21,0
12/8/21,0
12/9/21,0
12/10/21,0
12/11/21,2.26
12/12/21,0
12/13/21,0
12/14/21,0
12/15/21,2.05
12/16/21,2.83
12/17/21,0
12/18/21,0
12/19/21,0
12/20/21,0
12/21/21,0
12/22/21,0
12/23/21,1.14
12/24/21,1.95
12/25/21,18.91
12/26/21,3.3
12/27/21,0
12/28/21,0
12/29/21,1.25
12/30/21,3.17
12/31/21,0
1/1/22,16.13
1/2/22,11.48
1/3/22,0
1/4/22,0
1/5/22,0
1/6/22,0
1/7/22,0
1/8/22,0
1/9/22,0
1/10/22,0
1/11/22,0
1/12/22,0
1/13/22,0
1/14/22,0
1/15/22,0
1/16/22,0
1/17/22,0
1/18/22,0
1/19/22,0
1/20/22,1.53
1/21/22,0
1/22/22,0
1/23/22,0
1/24/22,0
1/25/22,0
1/26/22,3.79
1/27/22,0.87
1/28/22,2.69
1/29/22,0
1/30/22,0
1/31/22,0
2/1/22,0.48
2/2/22,1.69
2/3/22,9.73
2/4/22,0
2/5/22,0.36
2/6/22,0
2/7/22,1.4
2/8/22,0.35
2/9/22,0
2/10/22,0
2/11/22,0
2/12/22,2.88
2/13/22,1.84
2/14/22,0
2/15/22,0
2/16/22,0
2/17/22,3.55
2/18/22,4.14
2/19/22,0
2/20/22,0
2/21/22,0
2/22/22,0
2/23/22,0
2/24/22,3.33
2/25/22,0.84
2/26/22,0
2/27/22,0
2/28/22,0
3/1/22,0
3/2/22,0
3/3/22,0
3/4/22,0
3/5/22,3.25
3/6/22,1.48
3/7/22,6.83
3/8/22,4.28
3/9/22,1.05
3/10/22,1.6
3/11/22,11.01
3/12/22,0
3/13/22,0
3/14/22,0
3/15/22,0
3/16/22,0.87
3/17/22,0
3/18/22,5.14
3/19/22,0
3/20/22,0
3/21/22,0.39
3/22/22,6.01
3/23/22,2.92
3/24/22,0
3/25/22,0
3/26/22,0
3/27/22,0
3/28/22,0
3/29/22,0
3/30/22,7.49
3/31/22,6.07
4/1/22,1.56
4/2/22,6.26
4/3/22,0
4/4/22,0
4/5/22,0
4/6/22,0
4/7/22,0
4/8/22,0
4/9/22,0
4/10/22,0
4/11/22,0
4/12/22,0
4/13/22,0
4/14/22,0
4/15/22,0
4/16/22,0
4/17/22,0
4/18/22,0
4/19/22,0
4/20/22,0
4/21/22,0
4/22/22,0
4/23/22,0
4/24/22,0
4/25/22,0
4/26/22,0
4/27/22,0
4/28/22,0
4/29/22,0
4/30/22,0
5/1/22,0
5/2/22,0
5/3/22,0
5/4/22,0
5/5/22,0
5/6/22,0
5/7/22,0
5/8/22,0
5/9/22,0
5/10/22,0
5/11/22,0
5/12/22,0
5/13/22,0
5/14/22,0
5/15/22,0
5/16/22,0
5/17/22,0
5/18/22,0
5/19/22,0
5/20/22,0
5/21/22,0
5/22/22,0
5/23/22,0
5/24/22,0
5/25/22,2.82
5/26/22,0
5/27/22,0
5/28/22,0
5/29/22,0
5/30/22,0
5/31/22,0
6/1/22,0
6/2/22,0
6/3/22,0
6/4/22,0
6/5/22,0
6/6/22,0
6/7/22,0
6/8/22,0
6/9/22,0
6/10/22,0
6/11/22,0
6/12/22,0
6/13/22,0
6/14/22,0
6/15/22,0
6/16/22,0
6/17/22,5.69
6/18/22,1.28
6/19/22,3.89
6/20/22,13.04
6/21/22,1.34
6/22/22,7.29
6/23/22,9.18
6/24/22,0.46
6/25/22,0
6/26/22,17.22
6/27/22,21.68
6/28/22,6.42
6/29/22,0
6/30/22,0
7/1/22,0
7/2/22,12.53
7/3/22,8.7
7/4/22,4.43
7/5/22,0.54
7/6/22,5.85
7/7/22,0
7/8/22,0
7/9/22,0
7/10/22,2.54
7/11/22,0
7/12/22,7.36
7/13/22,19.17
7/14/22,0.39
7/15/22,1.99
7/16/22,0
7/17/22,1.85
7/18/22,1.07
7/19/22,0
7/20/22,0.89
7/21/22,2.16
7/22/22,3.11
7/23/22,1.14
7/24/22,3.87
7/25/22,4.2
7/26/22,8.94
7/27/22,6.84
7/28/22,1.84
7/29/22,13.08
7/30/22,5.51
7/31/22,0.34
8/1/22,10.52
8/2/22,6.15
8/3/22,0.31
8/4/22,1.86
8/5/22,5.77
8/6/22,0.53
8/7/22,1.37
8/8/22,3.79
8/9/22,5.99
8/10/22,8.8
8/11/22,6.22
8/12/22,0
8/13/22,0
8/14/22,0
8/15/22,0
8/16/22,1.96
8/17/22,4.49
8/18/22,7.45
8/19/22,4.18
8/20/22,0.58
8/21/22,11.16
8/22/22,3.69
8/23/22,3.04
8/24/22,2.16
8/25/22,0.98
8/26/22,1.04
8/27/22,4.29
8/28/22,0
8/29/22,0
8/30/22,8.38
8/31/22,0.34
9/1/22,0
9/2/22,0
9/3/22,0
9/4/22,1.31
9/5/22,0
9/6/22,0
9/7/22,0
9/8/22,0
9/9/22,0.92
9/10/22,12.8
9/11/22,2.31
9/12/22,0
9/13/22,0
9/14/22,2.76
9/15/22,0
9/16/22,0
9/17/22,0
9/18/22,0
9/19/22,0
9/20/22,0
9/21/22,8.48
9/22/22,0.54
9/23/22,4.79
9/24/22,0
9/25/22,0
9/26/22,3.99
9/27/22,0.71
9/28/22,0
9/29/22,1.78
9/30/22,0
10/1/22,0
10/2/22,0
10/3/22,4.78
10/4/22,4.39
10/5/22,15.16
10/6/22,11.8
10/7/22,0.78
10/8/22,2.79
10/9/22,3.56
10/10/22,1.85
10/11/22,0
10/12/22,0
10/13/22,0
10/14/22,0
10/15/22,0
10/16/22,4.78
10/17/22,10.51
10/18/22,1.98
10/19/22,0
10/20/22,0
10/21/22,0
10/22/22,0
10/23/22,2.53
10/24/22,3.82
10/25/22,0.89
10/26/22,0
10/27/22,0
10/28/22,4.25
10/29/22,0
10/30/22,0
10/31/22,0
11/1/22,0
11/2/22,0
11/3/22,0
11/4/22,11.79
11/5/22,3.92
11/6/22,0
11/7/22,0
11/8/22,0
11/9/22,0
11/10/22,0
11/11/22,0
11/12/22,0
11/13/22,0
11/14/22,8.86
11/15/22,5.97
11/16/22,2.36
11/17/22,0
11/18/22,0
11/19/22,0
11/20/22,0
11/21/22,0
11/22/22,0
11/23/22,0
11/24/22,0.84
11/25/22,1.06
11/26/22,0
11/27/22,1.9
11/28/22,1.12
11/29/22,0
11/30/22,0
12/1/22,1.15
12/2/22,0
12/3/22,0
12/4/22,0.36
12/5/22,0
12/6/22,0
12/7/22,0
12/8/22,1.87
12/9/22,0
12/10/22,0
12/11/22,0
12/12/22,0
12/13/22,4.24
12/14/22,0
12/15/22,0
12/16/22,3.18
12/17/22,0
12/18/22,1.16
12/19/22,0.83
12/20/22,0
12/21/22,0
12/22/22,0
12/23/22,1.15
12/24/22,0
12/25/22,0
12/26/22,0.36
12/27/22,0
12/28/22,0
12/29/22,6.77
12/30/22,0
12/31/22,1.53
1/1/23,1.77
1/2/23,6.56
1/3/23,9.52
1/4/23,2.09
1/5/23,0.75
1/6/23,0
1/7/23,0
1/8/23,0
1/9/23,0
1/10/23,0
1/11/23,0.57
1/12/23,1.19
1/13/23,0
1/14/23,0
1/15/23,0
1/16/23,6.17
1/17/23,5.1
1/18/23,11.77
1/19/23,5.79
1/20/23,0
1/21/23,6.06
1/22/23,1.58
1/23/23,0
1/24/23,3.03
1/25/23,0.85
1/26/23,0
1/27/23,0.8
1/28/23,0
1/29/23,0
1/30/23,0
1/31/23,0
2/1/23,0
2/2/23,0
2/3/23,0
2/4/23,0
2/5/23,0
2/6/23,0
2/7/23,0
2/8/23,2.1
2/9/23,0.59
2/10/23,2.6
2/11/23,0
2/12/23,0.6
2/13/23,0
2/14/23,9.1
2/15/23,15.01
2/16/23,10.22
2/17/23,0.84
2/18/23,0
2/19/23,0
2/20/23,3.65
2/21/23,0
2/22/23,4.72
2/23/23,8.73
2/24/23,2.6
2/25/23,0
2/26/23,0
2/27/23,4.26
2/28/23,0.32
3/1/23,0
3/2/23,5.08
3/3/23,4
3/4/23,0
3/5/23,0
3/6/23,0
3/7/23,0
3/8/23,0
3/9/23,0
3/10/23,0
3/11/23,1.04
3/12/23,3.16
3/13/23,1.41
3/14/23,1.11
3/15/23,0
3/16/23,5.7
3/17/23,26.64
3/18/23,4.69
3/19/23,1.91
3/20/23,0.38
3/21/23,7.39
3/22/23,6.1
3/23/23,3.16
3/24/23,1.41
3/25/23,3.83
3/26/23,0.57
3/27/23,0
3/28/23,0.47
3/29/23,0.77
3/30/23,0
3/31/23,0
4/1/23,0
4/2/23,0
4/3/23,0
4/4/23,0
4/5/23,0
4/6/23,0
4/7/23,0
4/8/23,0
4/9/23,0
4/10/23,0
4/11/23,0
4/12/23,0
4/13/23,0
4/14/23,0
4/15/23,0
4/16/23,0
4/17/23,0
4/18/23,0
4/19/23,0
4/20/23,0
4/21/23,0
4/22/23,0
4/23/23,0
4/24/23,0
4/25/23,1.53
4/26/23,4.55
4/27/23,2.91
4/28/23,1.23
4/29/23,1.45
4/30/23,0
5/1/23,0
5/2/23,0
5/3/23,2.43
5/4/23,0
5/5/23,0
5/6/23,0
5/7/23,0
5/8/23,0
5/9/23,0
5/10/23,0
5/11/23,0
5/12/23,1.04
5/13/23,1.95
5/14/23,5.89
5/15/23,3.78
5/16/23,7.96
5/17/23,1.15
5/18/23,6.21
5/19/23,16.29
5/20/23,16.2
5/21/23,2.08
5/22/23,4.42
5/23/23,1.61
5/24/23,2.15
5/25/23,1.77
5/26/23,1.28
5/27/23,1.95
5/28/23,3.35
5/29/23,0
5/30/23,0
5/31/23,0
6/1/23,6.21
6/2/23,4.42
6/3/23,1.21
6/4/23,4
6/5/23,2.41
6/6/23,11.47
6/7/23,10.54
6/8/23,0.33
6/9/23,0
6/10/23,0
6/11/23,0
6/12/23,5.09
6/13/23,0
6/14/23,0
6/15/23,0
6/16/23,0
6/17/23,0
6/18/23,0
6/19/23,0
6/20/23,0
6/21/23,0
6/22/23,0
6/23/23,0
6/24/23,0
6/25/23,0
6/26/23,0
6/27/23,0
6/28/23,0
6/29/23,0
6/30/23,6.55
7/1/23,0
7/2/23,0
7/3/23,0
7/4/23,0
7/5/23,0
7/6/23,0
7/7/23,0
7/8/23,0
7/9/23,0
7/10/23,0
7/11/23,0
7/12/23,0
7/13/23,0
7/14/23,0
7/15/23,0
7/16/23,0
7/17/23,0
7/18/23,0
7/19/23,0
7/20/23,0.72
7/21/23,1.07
7/22/23,9.72
7/23/23,1.12
7/24/23,0
7/25/23,0.37
7/26/23,0
7/27/23,1.52
7/28/23,3.47
7/29/23,4.78
7/30/23,2.49
7/31/23,1
8/1/23,0
8/2/23,1.02
8/3/23,1.15
8/4/23,0
8/5/23,0
8/6/23,0
8/7/23,0
8/8/23,0
8/9/23,5.7
8/10/23,0
8/11/23,0
8/12/23,0
8/13/23,3.59
8/14/23,7.6
8/15/23,3.61
8/16/23,0.92
8/17/23,6.76
8/18/23,1.32
8/19/23,0
8/20/23,0
8/21/23,0
8/22/23,1.68
8/23/23,1.9
8/24/23,2.02
8/25/23,0.54
8/26/23,15.94
8/27/23,8.54
8/28/23,2.08
8/29/23,5.27
8/30/23,0.33
8/31/23,0
9/1/23,0
9/2/23,0
9/3/23,0
9/4/23,0
9/5/23,0
9/6/23,0
9/7/23,0
9/8/23,0
9/9/23,0
9/10/23,0
9/11/23,1.52
9/12/23,13.77
9/13/23,6.89
9/14/23,6.02
9/15/23,4.49
9/16/23,2.38
9/17/23,0
9/18/23,0
9/19/23,1.27
9/20/23,0
9/21/23,0
9/22/23,0
9/23/23,0
9/24/23,1.56
9/25/23,0
9/26/23,0
9/27/23,0
9/28/23,0
9/29/23,0
9/30/23,0
10/1/23,13.67
10/2/23,2.94
10/3/23,4.16
10/4/23,0
10/5/23,0
10/6/23,0
10/7/23,0
10/8/23,0
10/9/23,0
10/10/23,0.29
10/11/23,0
10/12/23,0
10/13/23,0
10/14/23,0
10/15/23,0
10/16/23,0
10/17/23,0
10/18/23,0
10/19/23,0
10/20/23,0
10/21/23,0
10/22/23,0
10/23/23,0
10/24/23,0
10/25/23,0
10/26/23,0
10/27/23,0
10/28/23,0
10/29/23,0
10/30/23,0.51
10/31/23,0
11/1/23,0
11/2/23,0
11/3/23,0
11/4/23,0
11/5/23,0
11/6/23,0
11/7/23,0
11/8/23,0
11/9/23,0
11/10/23,0.51
11/11/23,0.37
11/12/23,0
11/13/23,0
11/14/23,0
11/15/23,0
11/16/23,0
11/17/23,0.4
11/18/23,0
11/19/23,2.41
11/20/23,4.34
11/21/23,0
11/22/23,0
11/23/23,0
11/24/23,0.52
11/25/23,5.58
11/26/23,3.83
11/27/23,0
11/28/23,0
11/29/23,0.31
11/30/23,1.45
12/1/23,1.91
12/2/23,2.6
12/3/23,0.91
12/4/23,0.26
12/5/23,0
12/6/23,0
12/7/23,0
12/8/23,0
12/9/23,0
12/10/23,0
12/11/23,0
12/12/23,0.5
12/13/23,0
12/14/23,21.26
12/15/23,15.82
12/16/23,0
12/17/23,0
12/18/23,0
12/19/23,0.75
12/20/23,0
12/21/23,0.51
12/22/23,0
12/23/23,8.67
12/24/23,7.64
12/25/23,0
12/26/23,0.27
12/27/23,0
12/28/23,0
12/29/23,0
12/30/23,0
12/31/23,0
1/1/24,0
1/2/24,0
1/3/24,0
1/4/24,1.82
1/5/24,11.14
1/6/24,2.89
1/7/24,0.82
1/8/24,7.88
1/9/24,9.72
1/10/24,2.56
1/11/24,0.82
1/12/24,8.81
1/13/24,1.32
1/14/24,2.6
1/15/24,6.3
1/16/24,0
1/17/24,0
1/18/24,0.72
1/19/24,0
1/20/24,0
1/21/24,0
1/22/24,0
1/23/24,0.33
1/24/24,1.02
1/25/24,2
1/26/24,0
1/27/24,1.81
1/28/24,0
1/29/24,0
1/30/24,0
1/31/24,0
2/1/24,0
2/2/24,1.59
2/3/24,9.35
2/4/24,14.14
2/5/24,0
2/6/24,2.15
2/7/24,2.42
2/8/24,4.88
2/9/24,3.29
2/10/24,0
2/11/24,5.02
2/12/24,0
2/13/24,0
2/14/24,0
2/15/24,0
2/16/24,0
2/17/24,0
2/18/24,0
2/19/24,0
2/20/24,0
2/21/24,0
2/22/24,0
2/23/24,0
2/24/24,0
2/25/24,0
2/26/24,0
2/27/24,17.11
2/28/24,3.86
2/29/24,0
3/1/24,0
3/2/24,0
3/3/24,0
3/4/24,0
3/5/24,0
3/6/24,0
3/7/24,0
3/8/24,0
3/9/24,9.15
3/10/24,0
3/11/24,0
3/12/24,0
3/13/24,0
3/14/24,3.13
3/15/24,9.56
3/16/24,6.43
3/17/24,9.68
3/18/24,4.74
3/19/24,0
3/20/24,1.18
3/21/24,0
3/22/24,0
3/23/24,0
3/24/24,0
3/25/24,12.25
3/26/24,19.1
3/27/24,3.52
3/28/24,0
3/29/24,0
3/30/24,0
3/31/24,0
4/1/24,0
4/2/24,6.99
4/3/24,0
4/4/24,0
4/5/24,0
4/6/24,2.92
4/7/24,6.8
4/8/24,0
4/9/24,0
4/10/24,0
4/11/24,0
4/12/24,0
4/13/24,0
4/14/24,0
4/15/24,0
4/16/24,0
4/17/24,0
4/18/24,0
4/19/24,0
4/20/24,0
4/21/24,0.44
4/22/24,0
4/23/24,0
4/24/24,0
4/25/24,0
4/26/24,0
4/27/24,1.82
4/28/24,4.7
4/29/24,0
4/30/24,0
5/1/24,0
5/2/24,0
5/3/24,0
5/4/24,0
5/5/24,1.2
5/6/24,0
5/7/24,0
5/8/24,0
5/9/24,0
5/10/24,9.12
5/11/24,5.46
5/12/24,8.73
5/13/24,0.7
5/14/24,0
5/15/24,0
5/16/24,9.52
5/17/24,5.14
5/18/24,0
5/19/24,0
5/20/24,0
5/21/24,0
5/22/24,0
5/23/24,0
5/24/24,0
5/25/24,0
5/26/24,0
5/27/24,0
5/28/24,0
5/29/24,0
5/30/24,0
5/31/24,0
6/1/24,0
6/2/24,0
6/3/24,0
6/4/24,0
6/5/24,0
6/6/24,0
6/7/24,0
6/8/24,0
6/9/24,0
6/10/24,22.2
6/11/24,2.31
6/12/24,6.12
6/13/24,0
6/14/24,0
6/15/24,8.26
6/16/24,0
6/17/24,0
6/18/24,0
6/19/24,0
6/20/24,6.6
6/21/24,2.58
6/22/24,5.72
6/23/24,0.97
6/24/24,1.59
6/25/24,0.46
6/26/24,0
6/27/24,6.51
6/28/24,3.11
6/29/24,0
6/30/24,17.73