PRISM Time Series Data,
Location:  Lat: 36.1471   Lon: -105.7391   Elev: 2361m,
Climate variable: ppt,
Spatial resolution: 800m,
Period: 1984-01-01 - 2024-06-30,
Dataset: AN91d,
PRISM day definition: 24 hours ending at 1200 UTC on the day shown,
Grid Cell Interpolation: Off,
Time series generated: 2026-Feb-14,
Details: http://www.prism.oregonstate.edu/documents/PRISM_datasets.pdf,
Date,ppt (mm)
1/1/84,0
1/2/84,0
1/3/84,0
1/4/84,0
1/5/84,0
1/6/84,0
1/7/84,0
1/8/84,0
1/9/84,0
1/10/84,0
1/11/84,0
1/12/84,0
1/13/84,0
1/14/84,3.94
1/15/84,9.1
1/16/84,0.55
1/17/84,0.77
1/18/84,0.72
1/19/84,0
1/20/84,0
1/21/84,0
1/22/84,0
1/23/84,0.54
1/24/84,0
1/25/84,0
1/26/84,0
1/27/84,0
1/28/84,0
1/29/84,0
1/30/84,0
1/31/84,0
2/1/84,0
2/2/84,0
2/3/84,0
2/4/84,0
2/5/84,0
2/6/84,0
2/7/84,0
2/8/84,1.98
2/9/84,0
2/10/84,0
2/11/84,0
2/12/84,0
2/13/84,0
2/14/84,0
2/15/84,3.3
2/16/84,0.43
2/17/84,0
2/18/84,2.64
2/19/84,0
2/20/84,0
2/21/84,0
2/22/84,0
2/23/84,0
2/24/84,0
2/25/84,0
2/26/84,0.47
2/27/84,0
2/28/84,0
2/29/84,1.06
3/1/84,0
3/2/84,0
3/3/84,0
3/4/84,0.29
3/5/84,3.57
3/6/84,0.5
3/7/84,0
3/8/84,0
3/9/84,0
3/10/84,0
3/11/84,0
3/12/84,0
3/13/84,0
3/14/84,0
3/15/84,1.99
3/16/84,1.63
3/17/84,0.56
3/18/84,2.74
3/19/84,2.01
3/20/84,0
3/21/84,0
3/22/84,1.48
3/23/84,8.64
3/24/84,0
3/25/84,1.98
3/26/84,0
3/27/84,10.09
3/28/84,13.25
3/29/84,0.26
3/30/84,2.32
3/31/84,5.07
4/1/84,0
4/2/84,2.68
4/3/84,0
4/4/84,0
4/5/84,0
4/6/84,0
4/7/84,0
4/8/84,4.4
4/9/84,0
4/10/84,2.1
4/11/84,0
4/12/84,0
4/13/84,0
4/14/84,0
4/15/84,0
4/16/84,0
4/17/84,0
4/18/84,0
4/19/84,0
4/20/84,2.21
4/21/84,0.9
4/22/84,0
4/23/84,0
4/24/84,0
4/25/84,0
4/26/84,2.66
4/27/84,0.66
4/28/84,0
4/29/84,4.68
4/30/84,0
5/1/84,0
5/2/84,0
5/3/84,0
5/4/84,0
5/5/84,0
5/6/84,0
5/7/84,0
5/8/84,0
5/9/84,0
5/10/84,0
5/11/84,0
5/12/84,0
5/13/84,0
5/14/84,0
5/15/84,0
5/16/84,9.94
5/17/84,0
5/18/84,0
5/19/84,0
5/20/84,0
5/21/84,0
5/22/84,0
5/23/84,0
5/24/84,0
5/25/84,0
5/26/84,0.4
5/27/84,0
5/28/84,0
5/29/84,1.47
5/30/84,0
5/31/84,0
6/1/84,0
6/2/84,0.75
6/3/84,1.82
6/4/84,0
6/5/84,0
6/6/84,6.95
6/7/84,0.89
6/8/84,0
6/9/84,0
6/10/84,0
6/11/84,0
6/12/84,0
6/13/84,3.23
6/14/84,0
6/15/84,0.8
6/16/84,4.46
6/17/84,0.67
6/18/84,0
6/19/84,4.38
6/20/84,1.12
6/21/84,0
6/22/84,0
6/23/84,0
6/24/84,0
6/25/84,0.94
6/26/84,0
6/27/84,3.28
6/28/84,2.98
6/29/84,0
6/30/84,0
7/1/84,1.2
7/2/84,2.02
7/3/84,2.83
7/4/84,0
7/5/84,1.28
7/6/84,0
7/7/84,1.84
7/8/84,0
7/9/84,0
7/10/84,2.16
7/11/84,3.24
7/12/84,2.64
7/13/84,0
7/14/84,0
7/15/84,2.1
7/16/84,2.95
7/17/84,6.93
7/18/84,3.66
7/19/84,0.9
7/20/84,0
7/21/84,0
7/22/84,0
7/23/84,0
7/24/84,0.84
7/25/84,0
7/26/84,0
7/27/84,0
7/28/84,0.42
7/29/84,0
7/30/84,2.77
7/31/84,2.82
8/1/84,0.73
8/2/84,3.72
8/3/84,1.19
8/4/84,2.59
8/5/84,7.91
8/6/84,6.24
8/7/84,5.79
8/8/84,0.32
8/9/84,0
8/10/84,0
8/11/84,0
8/12/84,0
8/13/84,0.87
8/14/84,0.97
8/15/84,0.94
8/16/84,1.33
8/17/84,0.41
8/18/84,0
8/19/84,3.23
8/20/84,3.78
8/21/84,2.82
8/22/84,0
8/23/84,5.57
8/24/84,1.95
8/25/84,0.59
8/26/84,3.96
8/27/84,0
8/28/84,0
8/29/84,0
8/30/84,0
8/31/84,0
9/1/84,0
9/2/84,0
9/3/84,0
9/4/84,3.02
9/5/84,0
9/6/84,0
9/7/84,0
9/8/84,0
9/9/84,0
9/10/84,0
9/11/84,0
9/12/84,0.61
9/13/84,0
9/14/84,0
9/15/84,1.08
9/16/84,0
9/17/84,2.81
9/18/84,2.08
9/19/84,0
9/20/84,1
9/21/84,0.68
9/22/84,0
9/23/84,0
9/24/84,0
9/25/84,0
9/26/84,3.31
9/27/84,6.18
9/28/84,0
9/29/84,1.49
9/30/84,0
10/1/84,0
10/2/84,0
10/3/84,1.98
10/4/84,10.67
10/5/84,3.25
10/6/84,0
10/7/84,0
10/8/84,0
10/9/84,0
10/10/84,0
10/11/84,0
10/12/84,5.77
10/13/84,3.76
10/14/84,0
10/15/84,2.97
10/16/84,8.26
10/17/84,3.78
10/18/84,6.44
10/19/84,0
10/20/84,0.94
10/21/84,3.85
10/22/84,4.09
10/23/84,2.26
10/24/84,1.82
10/25/84,6.59
10/26/84,0
10/27/84,0
10/28/84,0
10/29/84,0
10/30/84,0
10/31/84,0
11/1/84,0
11/2/84,0.5
11/3/84,0
11/4/84,0
11/5/84,0
11/6/84,0
11/7/84,0
11/8/84,0
11/9/84,0
11/10/84,0
11/11/84,0
11/12/84,0.27
11/13/84,0
11/14/84,0
11/15/84,0
11/16/84,0
11/17/84,1.6
11/18/84,0
11/19/84,0.29
11/20/84,0
11/21/84,0
11/22/84,0
11/23/84,0
11/24/84,2.81
11/25/84,1.06
11/26/84,0.86
11/27/84,2.06
11/28/84,1.36
11/29/84,1.15
11/30/84,0.5
12/1/84,0
12/2/84,0
12/3/84,0
12/4/84,0.89
12/5/84,1.12
12/6/84,0
12/7/84,0
12/8/84,0
12/9/84,0.95
12/10/84,0
12/11/84,0.6
12/12/84,5.87
12/13/84,8.94
12/14/84,5.3
12/15/84,15.28
12/16/84,0.46
12/17/84,0
12/18/84,0.63
12/19/84,0
12/20/84,0
12/21/84,1.61
12/22/84,0
12/23/84,0
12/24/84,0.55
12/25/84,0
12/26/84,0
12/27/84,0
12/28/84,12.43
12/29/84,2.63
12/30/84,0.58
12/31/84,0
1/1/85,1.55
1/2/85,1.51
1/3/85,0
1/4/85,0
1/5/85,0
1/6/85,0
1/7/85,0
1/8/85,1.94
1/9/85,7.27
1/10/85,0
1/11/85,0
1/12/85,0.95
1/13/85,0
1/14/85,0
1/15/85,0
1/16/85,0
1/17/85,0
1/18/85,0
1/19/85,0
1/20/85,0
1/21/85,0
1/22/85,0
1/23/85,0
1/24/85,0
1/25/85,0
1/26/85,0
1/27/85,2.11
1/28/85,1.7
1/29/85,1.11
1/30/85,1.61
1/31/85,3.49
2/1/85,0
2/2/85,0
2/3/85,0
2/4/85,5.61
2/5/85,0
2/6/85,0.77
2/7/85,0.5
2/8/85,0
2/9/85,0
2/10/85,2.93
2/11/85,0
2/12/85,0
2/13/85,0
2/14/85,0
2/15/85,0
2/16/85,0.5
2/17/85,0.5
2/18/85,0.5
2/19/85,0
2/20/85,0.92
2/21/85,0
2/22/85,0.85
2/23/85,6.18
2/24/85,0
2/25/85,0
2/26/85,0
2/27/85,0
2/28/85,0
3/1/85,0
3/2/85,0.52
3/3/85,0
3/4/85,0.94
3/5/85,0
3/6/85,0
3/7/85,0
3/8/85,0
3/9/85,0.61
3/10/85,0
3/11/85,3.75
3/12/85,22.59
3/13/85,14.55
3/14/85,0
3/15/85,1.25
3/16/85,7.54
3/17/85,3.59
3/18/85,0
3/19/85,0
3/20/85,13.72
3/21/85,0
3/22/85,0
3/23/85,2.41
3/24/85,0
3/25/85,0
3/26/85,0
3/27/85,0
3/28/85,0
3/29/85,0
3/30/85,14.94
3/31/85,0.86
4/1/85,0
4/2/85,0
4/3/85,0
4/4/85,0
4/5/85,0
4/6/85,0
4/7/85,0
4/8/85,0
4/9/85,0
4/10/85,0
4/11/85,0
4/12/85,0
4/13/85,0
4/14/85,0
4/15/85,0
4/16/85,0
4/17/85,0
4/18/85,0
4/19/85,4.08
4/20/85,0
4/21/85,0
4/22/85,3.35
4/23/85,4.91
4/24/85,0
4/25/85,0
4/26/85,4.89
4/27/85,14.59
4/28/85,6.45
4/29/85,25.48
4/30/85,4.13
5/1/85,0
5/2/85,4.77
5/3/85,0
5/4/85,0
5/5/85,0
5/6/85,0
5/7/85,0
5/8/85,0
5/9/85,0
5/10/85,1.09
5/11/85,0
5/12/85,0
5/13/85,3.54
5/14/85,1.64
5/15/85,0
5/16/85,0
5/17/85,1.2
5/18/85,0
5/19/85,2.47
5/20/85,1.33
5/21/85,2.72
5/22/85,16.36
5/23/85,3.2
5/24/85,0.88
5/25/85,0
5/26/85,0
5/27/85,0
5/28/85,0
5/29/85,0
5/30/85,0
5/31/85,0.46
6/1/85,0
6/2/85,0
6/3/85,1.52
6/4/85,0
6/5/85,14.9
6/6/85,1.67
6/7/85,0
6/8/85,0
6/9/85,0
6/10/85,0
6/11/85,0
6/12/85,0
6/13/85,0.94
6/14/85,0
6/15/85,0
6/16/85,0
6/17/85,0.46
6/18/85,0
6/19/85,1.83
6/20/85,0.56
6/21/85,0
6/22/85,0
6/23/85,0
6/24/85,0
6/25/85,10.11
6/26/85,0
6/27/85,0
6/28/85,0
6/29/85,0
6/30/85,0
7/1/85,0
7/2/85,0
7/3/85,0
7/4/85,0
7/5/85,0
7/6/85,0
7/7/85,0
7/8/85,0
7/9/85,0
7/10/85,0
7/11/85,0
7/12/85,0
7/13/85,0
7/14/85,0
7/15/85,1.34
7/16/85,4.03
7/17/85,1.38
7/18/85,0
7/19/85,3.69
7/20/85,0
7/21/85,0.51
7/22/85,0
7/23/85,5.97
7/24/85,2.04
7/25/85,0.97
7/26/85,15.33
7/27/85,0
7/28/85,0
7/29/85,6.14
7/30/85,3.2
7/31/85,1.37
8/1/85,0
8/2/85,6.07
8/3/85,0.99
8/4/85,5.56
8/5/85,2.79
8/6/85,0
8/7/85,2.67
8/8/85,0
8/9/85,1.51
8/10/85,0
8/11/85,17.04
8/12/85,0
8/13/85,0
8/14/85,0
8/15/85,0
8/16/85,0
8/17/85,0
8/18/85,0
8/19/85,0
8/20/85,0
8/21/85,5.74
8/22/85,0
8/23/85,0
8/24/85,0
8/25/85,0
8/26/85,1.81
8/27/85,0.73
8/28/85,0.52
8/29/85,2.33
8/30/85,0
8/31/85,0.85
9/1/85,0
9/2/85,0
9/3/85,2.86
9/4/85,3.44
9/5/85,0
9/6/85,0
9/7/85,0
9/8/85,0
9/9/85,0
9/10/85,0
9/11/85,0
9/12/85,7.74
9/13/85,1.98
9/14/85,0
9/15/85,0
9/16/85,1.52
9/17/85,0.62
9/18/85,0.56
9/19/85,6.35
9/20/85,3.12
9/21/85,23.12
9/22/85,0
9/23/85,0
9/24/85,0.54
9/25/85,0.76
9/26/85,0
9/27/85,0
9/28/85,0
9/29/85,3.57
9/30/85,0
10/1/85,0
10/2/85,0
10/3/85,0
10/4/85,0
10/5/85,0
10/6/85,0
10/7/85,6.42
10/8/85,6.73
10/9/85,0
10/10/85,12.4
10/11/85,26.08
10/12/85,0.33
10/13/85,0
10/14/85,0.85
10/15/85,0
10/16/85,0
10/17/85,6.4
10/18/85,3.91
10/19/85,0.46
10/20/85,1.22
10/21/85,0
10/22/85,0.36
10/23/85,0
10/24/85,0
10/25/85,0
10/26/85,0
10/27/85,0
10/28/85,0
10/29/85,0
10/30/85,3.91
10/31/85,0
11/1/85,0
11/2/85,0
11/3/85,0
11/4/85,0
11/5/85,0
11/6/85,0
11/7/85,0
11/8/85,0
11/9/85,0
11/10/85,0
11/11/85,0
11/12/85,0
11/13/85,2.94
11/14/85,3.48
11/15/85,1.68
11/16/85,0
11/17/85,0.9
11/18/85,3.94
11/19/85,1.87
11/20/85,0
11/21/85,0
11/22/85,0
11/23/85,2.17
11/24/85,0
11/25/85,0
11/26/85,0.29
11/27/85,1.34
11/28/85,0
11/29/85,0
11/30/85,3.54
12/1/85,1.41
12/2/85,0
12/3/85,0
12/4/85,0
12/5/85,0
12/6/85,0
12/7/85,1.27
12/8/85,0
12/9/85,0
12/10/85,1.88
12/11/85,1.04
12/12/85,0
12/13/85,0.64
12/14/85,0
12/15/85,0
12/16/85,0
12/17/85,0
12/18/85,0
12/19/85,0.92
12/20/85,0
12/21/85,0
12/22/85,0
12/23/85,0
12/24/85,0
12/25/85,0
12/26/85,0
12/27/85,0
12/28/85,0
12/29/85,0
12/30/85,0
12/31/85,0
1/1/86,0.62
1/2/86,0
1/3/86,0
1/4/86,0
1/5/86,0
1/6/86,0
1/7/86,4.93
1/8/86,0
1/9/86,0
1/10/86,0
1/11/86,0
1/12/86,0
1/13/86,0
1/14/86,0
1/15/86,0
1/16/86,0
1/17/86,0
1/18/86,0.62
1/19/86,0
1/20/86,0
1/21/86,0
1/22/86,0
1/23/86,0
1/24/86,0
1/25/86,0
1/26/86,0
1/27/86,0
1/28/86,0
1/29/86,0
1/30/86,0
1/31/86,0
2/1/86,0
2/2/86,0
2/3/86,0
2/4/86,0
2/5/86,0.3
2/6/86,0
2/7/86,6.38
2/8/86,1.61
2/9/86,4.45
2/10/86,4.64
2/11/86,0.79
2/12/86,0
2/13/86,0
2/14/86,0
2/15/86,0
2/16/86,4.76
2/17/86,0.3
2/18/86,0
2/19/86,0.3
2/20/86,0
2/21/86,0.44
2/22/86,0
2/23/86,0
2/24/86,0.3
2/25/86,0
2/26/86,0
2/27/86,0
2/28/86,0
3/1/86,0
3/2/86,0
3/3/86,0
3/4/86,0
3/5/86,0
3/6/86,0
3/7/86,0
3/8/86,0
3/9/86,0
3/10/86,0
3/11/86,4.38
3/12/86,2.25
3/13/86,2.38
3/14/86,0.74
3/15/86,4.09
3/16/86,0
3/17/86,0.37
3/18/86,6.56
3/19/86,5.46
3/20/86,2.63
3/21/86,0
3/22/86,0
3/23/86,0
3/24/86,0
3/25/86,0
3/26/86,0
3/27/86,0
3/28/86,0
3/29/86,0
3/30/86,0
3/31/86,0
4/1/86,0.52
4/2/86,6.03
4/3/86,11.94
4/4/86,4.15
4/5/86,0
4/6/86,0
4/7/86,0.52
4/8/86,0.76
4/9/86,0
4/10/86,0
4/11/86,0
4/12/86,0
4/13/86,0
4/14/86,0
4/15/86,0
4/16/86,0
4/17/86,0.34
4/18/86,0
4/19/86,9.73
4/20/86,0
4/21/86,0
4/22/86,0
4/23/86,0
4/24/86,0
4/25/86,0.92
4/26/86,12.14
4/27/86,10.36
4/28/86,0
4/29/86,0
4/30/86,0
5/1/86,0
5/2/86,0
5/3/86,1.17
5/4/86,0
5/5/86,0
5/6/86,0
5/7/86,0
5/8/86,0.53
5/9/86,0
5/10/86,0
5/11/86,0
5/12/86,0
5/13/86,0
5/14/86,0
5/15/86,0
5/16/86,0
5/17/86,12.48
5/18/86,0
5/19/86,0.6
5/20/86,0
5/21/86,0
5/22/86,0
5/23/86,0
5/24/86,0
5/25/86,0
5/26/86,0.49
5/27/86,0
5/28/86,5.75
5/29/86,6.34
5/30/86,9.97
5/31/86,9.27
6/1/86,11.66
6/2/86,11.09
6/3/86,1.74
6/4/86,0.76
6/5/86,0.77
6/6/86,0
6/7/86,2.36
6/8/86,0
6/9/86,11.83
6/10/86,2.71
6/11/86,1.35
6/12/86,0
6/13/86,0
6/14/86,0
6/15/86,0
6/16/86,0
6/17/86,0
6/18/86,2.97
6/19/86,0
6/20/86,1.46
6/21/86,0
6/22/86,0
6/23/86,0
6/24/86,3.4
6/25/86,9.75
6/26/86,5.3
6/27/86,2.45
6/28/86,4.6
6/29/86,0
6/30/86,0.42
7/1/86,0
7/2/86,0
7/3/86,0
7/4/86,0
7/5/86,4.33
7/6/86,3.55
7/7/86,0
7/8/86,4.75
7/9/86,3.57
7/10/86,4.98
7/11/86,0
7/12/86,0
7/13/86,0
7/14/86,0
7/15/86,2.28
7/16/86,8.77
7/17/86,11.19
7/18/86,1.11
7/19/86,2.69
7/20/86,3.88
7/21/86,4.64
7/22/86,3.2
7/23/86,5.47
7/24/86,0
7/25/86,0
7/26/86,0
7/27/86,0
7/28/86,0
7/29/86,0
7/30/86,0
7/31/86,0
8/1/86,0.69
8/2/86,0
8/3/86,6.29
8/4/86,0.35
8/5/86,0
8/6/86,1.31
8/7/86,0.36
8/8/86,2.08
8/9/86,2.56
8/10/86,1.04
8/11/86,7.07
8/12/86,0
8/13/86,3.62
8/14/86,1.9
8/15/86,0
8/16/86,0
8/17/86,0
8/18/86,0
8/19/86,0
8/20/86,0
8/21/86,0
8/22/86,0
8/23/86,0
8/24/86,1.83
8/25/86,6.1
8/26/86,3.23
8/27/86,1.01
8/28/86,3.16
8/29/86,0
8/30/86,3.06
8/31/86,0.47
9/1/86,0.33
9/2/86,1.09
9/3/86,0
9/4/86,0
9/5/86,0
9/6/86,0
9/7/86,0
9/8/86,6.54
9/9/86,1.15
9/10/86,5
9/11/86,4.99
9/12/86,4.81
9/13/86,0
9/14/86,17.25
9/15/86,0.71
9/16/86,1.91
9/17/86,7.24
9/18/86,0
9/19/86,0
9/20/86,0
9/21/86,0
9/22/86,0
9/23/86,0
9/24/86,2.35
9/25/86,9.76
9/26/86,0
9/27/86,0
9/28/86,0
9/29/86,0
9/30/86,1.72
10/1/86,0
10/2/86,0
10/3/86,3.21
10/4/86,2.8
10/5/86,0.5
10/6/86,3.32
10/7/86,0
10/8/86,0.46
10/9/86,0
10/10/86,1.97
10/11/86,8.5
10/12/86,10.29
10/13/86,3.14
10/14/86,0
10/15/86,0
10/16/86,0
10/17/86,0
10/18/86,0
10/19/86,0
10/20/86,7.61
10/21/86,6.68
10/22/86,0
10/23/86,0
10/24/86,0
10/25/86,0
10/26/86,0
10/27/86,0
10/28/86,0
10/29/86,0
10/30/86,0
10/31/86,0
11/1/86,1.09
11/2/86,11.59
11/3/86,7.76
11/4/86,5.67
11/5/86,0.83
11/6/86,1.47
11/7/86,6.83
11/8/86,2.04
11/9/86,0
11/10/86,0
11/11/86,0
11/12/86,0
11/13/86,0.44
11/14/86,0
11/15/86,0
11/16/86,0
11/17/86,0
11/18/86,0
11/19/86,6.74
11/20/86,0
11/21/86,0.64
11/22/86,0
11/23/86,12.82
11/24/86,1.07
11/25/86,0
11/26/86,0
11/27/86,1.48
11/28/86,0
11/29/86,0
11/30/86,0
12/1/86,0
12/2/86,0
12/3/86,0.32
12/4/86,0
12/5/86,0
12/6/86,0.66
12/7/86,5.14
12/8/86,0.67
12/9/86,6.68
12/10/86,4.2
12/11/86,0.32
12/12/86,0
12/13/86,0
12/14/86,0.32
12/15/86,0
12/16/86,0
12/17/86,0
12/18/86,1.98
12/19/86,0
12/20/86,0
12/21/86,0
12/22/86,0
12/23/86,0
12/24/86,0.48
12/25/86,0.65
12/26/86,0
12/27/86,0
12/28/86,0
12/29/86,0
12/30/86,0
12/31/86,0
1/1/87,0
1/2/87,0
1/3/87,0.6
1/4/87,0
1/5/87,0
1/6/87,3.96
1/7/87,2.07
1/8/87,9.81
1/9/87,1.41
1/10/87,0.85
1/11/87,0
1/12/87,0
1/13/87,0.54
1/14/87,0
1/15/87,0
1/16/87,6.5
1/17/87,5.65
1/18/87,3.5
1/19/87,0
1/20/87,1.18
1/21/87,0.41
1/22/87,0
1/23/87,0
1/24/87,0
1/25/87,0
1/26/87,0
1/27/87,0
1/28/87,0
1/29/87,0
1/30/87,0
1/31/87,0
2/1/87,9.2
2/2/87,0
2/3/87,0
2/4/87,0
2/5/87,0
2/6/87,0
2/7/87,0
2/8/87,0
2/9/87,0
2/10/87,0.39
2/11/87,0
2/12/87,0
2/13/87,2.45
2/14/87,0.6
2/15/87,4
2/16/87,2.54
2/17/87,1.12
2/18/87,5.52
2/19/87,8.16
2/20/87,2.43
2/21/87,0
2/22/87,0
2/23/87,0.54
2/24/87,0
2/25/87,5.99
2/26/87,5.37
2/27/87,8.01
2/28/87,0
3/1/87,0
3/2/87,0
3/3/87,0
3/4/87,0
3/5/87,0
3/6/87,0
3/7/87,0
3/8/87,0
3/9/87,1.38
3/10/87,4.81
3/11/87,0
3/12/87,0
3/13/87,0
3/14/87,0
3/15/87,0
3/16/87,5.1
3/17/87,3.75
3/18/87,0
3/19/87,0
3/20/87,0
3/21/87,0
3/22/87,0
3/23/87,4.95
3/24/87,1.32
3/25/87,3.51
3/26/87,1.01
3/27/87,0.65
3/28/87,0.98
3/29/87,3.29
3/30/87,4.3
3/31/87,0
4/1/87,0
4/2/87,0
4/3/87,0
4/4/87,1.7
4/5/87,3.16
4/6/87,3.53
4/7/87,0.87
4/8/87,0
4/9/87,0.87
4/10/87,0
4/11/87,0
4/12/87,0
4/13/87,6.7
4/14/87,0
4/15/87,0
4/16/87,0
4/17/87,0
4/18/87,0
4/19/87,0
4/20/87,0
4/21/87,0
4/22/87,0
4/23/87,0
4/24/87,0
4/25/87,0
4/26/87,0
4/27/87,0
4/28/87,0
4/29/87,0
4/30/87,1.1
5/1/87,5.63
5/2/87,0
5/3/87,2.11
5/4/87,0
5/5/87,5.76
5/6/87,3.24
5/7/87,0
5/8/87,0
5/9/87,0
5/10/87,0
5/11/87,0
5/12/87,0.9
5/13/87,3.3
5/14/87,1.35
5/15/87,6.39
5/16/87,3.21
5/17/87,0
5/18/87,0
5/19/87,0
5/20/87,5.22
5/21/87,1.47
5/22/87,0.65
5/23/87,6.52
5/24/87,4.77
5/25/87,0
5/26/87,0
5/27/87,0.58
5/28/87,0.58
5/29/87,0.46
5/30/87,0
5/31/87,0
6/1/87,0
6/2/87,0
6/3/87,0
6/4/87,0
6/5/87,0
6/6/87,0
6/7/87,1.01
6/8/87,1.52
6/9/87,12.32
6/10/87,0
6/11/87,0
6/12/87,0
6/13/87,0
6/14/87,0
6/15/87,0
6/16/87,0
6/17/87,0
6/18/87,0
6/19/87,0
6/20/87,0
6/21/87,0
6/22/87,0
6/23/87,0
6/24/87,0
6/25/87,0
6/26/87,0
6/27/87,0.47
6/28/87,0
6/29/87,3.97
6/30/87,0
7/1/87,0
7/2/87,0
7/3/87,0
7/4/87,0
7/5/87,0
7/6/87,0
7/7/87,0
7/8/87,0
7/9/87,0
7/10/87,0
7/11/87,0
7/12/87,0
7/13/87,0
7/14/87,0
7/15/87,0
7/16/87,0
7/17/87,1.9
7/18/87,0
7/19/87,0
7/20/87,0
7/21/87,6.57
7/22/87,0
7/23/87,0
7/24/87,2.85
7/25/87,0.57
7/26/87,0.48
7/27/87,0
7/28/87,0
7/29/87,4.21
7/30/87,0
7/31/87,0
8/1/87,0
8/2/87,0
8/3/87,0.69
8/4/87,4.54
8/5/87,8.08
8/6/87,1.56
8/7/87,1.31
8/8/87,3.54
8/9/87,0
8/10/87,1.35
8/11/87,0.87
8/12/87,5.82
8/13/87,5.87
8/14/87,1.18
8/15/87,0
8/16/87,0
8/17/87,0
8/18/87,0
8/19/87,0
8/20/87,0
8/21/87,0
8/22/87,0
8/23/87,18.17
8/24/87,11.01
8/25/87,2.86
8/26/87,6.03
8/27/87,1.27
8/28/87,0.35
8/29/87,0
8/30/87,0
8/31/87,0.65
9/1/87,0
9/2/87,0
9/3/87,3.43
9/4/87,0
9/5/87,0
9/6/87,5.87
9/7/87,4.83
9/8/87,0
9/9/87,2.2
9/10/87,0
9/11/87,0
9/12/87,0
9/13/87,0
9/14/87,1.06
9/15/87,3.18
9/16/87,0
9/17/87,0
9/18/87,0
9/19/87,0
9/20/87,0
9/21/87,0
9/22/87,0
9/23/87,0
9/24/87,0
9/25/87,0
9/26/87,0.6
9/27/87,0
9/28/87,1.82
9/29/87,1.14
9/30/87,0
10/1/87,0
10/2/87,0
10/3/87,0
10/4/87,0
10/5/87,0
10/6/87,0
10/7/87,0
10/8/87,0
10/9/87,0
10/10/87,0.5
10/11/87,0
10/12/87,0
10/13/87,0
10/14/87,4.04
10/15/87,0
10/16/87,0
10/17/87,0
10/18/87,0
10/19/87,0
10/20/87,0
10/21/87,0
10/22/87,0
10/23/87,0
10/24/87,0
10/25/87,1.65
10/26/87,0.9
10/27/87,0
10/28/87,0.34
10/29/87,0
10/30/87,3.54
10/31/87,1.25
11/1/87,2.74
11/2/87,6.07
11/3/87,0
11/4/87,0.4
11/5/87,0
11/6/87,1.99
11/7/87,2.96
11/8/87,0.31
11/9/87,1.27
11/10/87,0
11/11/87,0.53
11/12/87,0
11/13/87,0
11/14/87,0
11/15/87,3.96
11/16/87,1.33
11/17/87,0.69
11/18/87,2.41
11/19/87,0
11/20/87,0
11/21/87,0
11/22/87,0
11/23/87,0
11/24/87,0
11/25/87,0.79
11/26/87,2.75
11/27/87,3.17
11/28/87,0.54
11/29/87,0
11/30/87,0
12/1/87,0
12/2/87,0
12/3/87,0
12/4/87,0
12/5/87,0
12/6/87,0
12/7/87,0
12/8/87,0
12/9/87,0
12/10/87,0
12/11/87,0
12/12/87,1.67
12/13/87,6.85
12/14/87,1.84
12/15/87,0
12/16/87,0
12/17/87,1.17
12/18/87,8.16
12/19/87,0.82
12/20/87,0.31
12/21/87,0
12/22/87,0
12/23/87,0
12/24/87,2.81
12/25/87,4.12
12/26/87,1.79
12/27/87,0.88
12/28/87,0
12/29/87,0
12/30/87,0
12/31/87,0
1/1/88,0
1/2/88,0
1/3/88,0.43
1/4/88,0
1/5/88,0
1/6/88,8.13
1/7/88,1.76
1/8/88,0
1/9/88,0
1/10/88,0
1/11/88,0
1/12/88,0
1/13/88,0
1/14/88,0
1/15/88,0
1/16/88,0
1/17/88,3.38
1/18/88,2.21
1/19/88,8.11
1/20/88,0
1/21/88,1.16
1/22/88,0
1/23/88,0
1/24/88,0.37
1/25/88,0
1/26/88,0
1/27/88,0
1/28/88,0
1/29/88,0
1/30/88,0
1/31/88,0
2/1/88,0
2/2/88,0.87
2/3/88,7.05
2/4/88,0.65
2/5/88,0.42
2/6/88,0
2/7/88,0
2/8/88,0
2/9/88,0
2/10/88,0
2/11/88,0.42
2/12/88,0
2/13/88,0
2/14/88,0
2/15/88,0.42
2/16/88,0
2/17/88,0.39
2/18/88,0
2/19/88,0
2/20/88,0
2/21/88,0
2/22/88,0
2/23/88,0
2/24/88,0
2/25/88,0
2/26/88,0
2/27/88,0
2/28/88,0
2/29/88,0
3/1/88,1.01
3/2/88,0.54
3/3/88,0.41
3/4/88,0
3/5/88,0
3/6/88,0.8
3/7/88,0
3/8/88,0
3/9/88,0
3/10/88,0
3/11/88,0
3/12/88,0
3/13/88,4.8
3/14/88,0
3/15/88,0.8
3/16/88,4.34
3/17/88,4.92
3/18/88,1.06
3/19/88,0
3/20/88,0
3/21/88,0
3/22/88,0
3/23/88,0
3/24/88,0
3/25/88,0
3/26/88,0
3/27/88,0
3/28/88,0
3/29/88,0
3/30/88,0
3/31/88,0.66
4/1/88,4.37
4/2/88,0.76
4/3/88,0
4/4/88,0
4/5/88,0
4/6/88,0
4/7/88,0
4/8/88,0
4/9/88,0
4/10/88,0
4/11/88,0
4/12/88,0.51
4/13/88,0
4/14/88,0.72
4/15/88,0.83
4/16/88,4.42
4/17/88,16.63
4/18/88,2.16
4/19/88,0
4/20/88,0
4/21/88,0
4/22/88,1.53
4/23/88,2.01
4/24/88,0.99
4/25/88,0.77
4/26/88,0
4/27/88,0
4/28/88,0
4/29/88,0
4/30/88,0
5/1/88,0
5/2/88,0
5/3/88,0
5/4/88,0.37
5/5/88,0
5/6/88,0
5/7/88,0
5/8/88,0
5/9/88,0
5/10/88,0
5/11/88,0
5/12/88,0
5/13/88,0
5/14/88,0
5/15/88,0
5/16/88,0
5/17/88,1.22
5/18/88,6.61
5/19/88,9.27
5/20/88,10.82
5/21/88,6.26
5/22/88,0.85
5/23/88,0
5/24/88,0
5/25/88,0
5/26/88,0
5/27/88,0.36
5/28/88,0.86
5/29/88,0
5/30/88,0
5/31/88,0
6/1/88,0
6/2/88,0
6/3/88,0
6/4/88,0
6/5/88,0
6/6/88,2.74
6/7/88,0
6/8/88,0
6/9/88,0
6/10/88,0
6/11/88,22.67
6/12/88,5
6/13/88,1.94
6/14/88,1.93
6/15/88,0
6/16/88,4.4
6/17/88,0
6/18/88,0
6/19/88,0
6/20/88,1.3
6/21/88,0
6/22/88,0.55
6/23/88,0
6/24/88,0.54
6/25/88,3.57
6/26/88,9.54
6/27/88,4.42
6/28/88,1.58
6/29/88,6.19
6/30/88,2.43
7/1/88,0
7/2/88,1.02
7/3/88,3.35
7/4/88,0
7/5/88,0.5
7/6/88,3.19
7/7/88,0
7/8/88,0
7/9/88,10.62
7/10/88,0
7/11/88,1.91
7/12/88,0
7/13/88,0
7/14/88,0
7/15/88,0.53
7/16/88,2.02
7/17/88,1.39
7/18/88,0.73
7/19/88,0.7
7/20/88,2.69
7/21/88,0.71
7/22/88,0
7/23/88,0
7/24/88,0
7/25/88,0
7/26/88,0
7/27/88,3.86
7/28/88,6.49
7/29/88,0.85
7/30/88,3.1
7/31/88,2.09
8/1/88,1.68
8/2/88,11.17
8/3/88,5.19
8/4/88,0
8/5/88,5.37
8/6/88,9.49
8/7/88,11.49
8/8/88,0
8/9/88,0.75
8/10/88,0
8/11/88,0.29
8/12/88,0
8/13/88,0
8/14/88,1.18
8/15/88,0
8/16/88,3.63
8/17/88,6.57
8/18/88,10.86
8/19/88,6.5
8/20/88,0
8/21/88,0
8/22/88,0
8/23/88,0.76
8/24/88,3.14
8/25/88,7.32
8/26/88,1.35
8/27/88,4.15
8/28/88,24.59
8/29/88,0.37
8/30/88,0
8/31/88,0.87
9/1/88,2.99
9/2/88,0.89
9/3/88,0
9/4/88,0
9/5/88,0
9/6/88,0
9/7/88,0
9/8/88,0
9/9/88,0
9/10/88,0
9/11/88,4.71
9/12/88,10.93
9/13/88,20.13
9/14/88,8.17
9/15/88,0.33
9/16/88,0
9/17/88,0
9/18/88,0
9/19/88,0
9/20/88,0
9/21/88,1.81
9/22/88,7.73
9/23/88,6.75
9/24/88,0
9/25/88,0
9/26/88,0
9/27/88,0
9/28/88,0
9/29/88,0.33
9/30/88,0
10/1/88,0
10/2/88,0
10/3/88,0
10/4/88,0
10/5/88,4.88
10/6/88,1.92
10/7/88,2.9
10/8/88,2.57
10/9/88,0
10/10/88,0
10/11/88,0
10/12/88,0
10/13/88,0
10/14/88,0
10/15/88,0
10/16/88,0
10/17/88,0
10/18/88,0
10/19/88,0
10/20/88,0
10/21/88,0
10/22/88,0
10/23/88,0
10/24/88,0
10/25/88,0
10/26/88,0
10/27/88,0
10/28/88,0
10/29/88,0
10/30/88,0
10/31/88,0
11/1/88,0
11/2/88,0
11/3/88,0
11/4/88,0
11/5/88,0
11/6/88,0
11/7/88,0
11/8/88,0
11/9/88,5.14
11/10/88,2.18
11/11/88,0.31
11/12/88,2.11
11/13/88,0
11/14/88,0
11/15/88,3.32
11/16/88,2.78
11/17/88,0.35
11/18/88,1.38
11/19/88,3.27
11/20/88,0.4
11/21/88,0.35
11/22/88,0.35
11/23/88,0
11/24/88,0
11/25/88,0.4
11/26/88,3.72
11/27/88,0.87
11/28/88,0.79
11/29/88,0.73
11/30/88,0.35
12/1/88,0
12/2/88,0
12/3/88,0
12/4/88,0
12/5/88,0
12/6/88,0
12/7/88,0
12/8/88,1.91
12/9/88,0
12/10/88,0
12/11/88,0
12/12/88,0
12/13/88,0
12/14/88,0
12/15/88,0
12/16/88,0
12/17/88,0
12/18/88,0
12/19/88,0.58
12/20/88,1.81
12/21/88,0.49
12/22/88,0
12/23/88,2.42
12/24/88,2.13
12/25/88,0
12/26/88,0
12/27/88,0.76
12/28/88,0
12/29/88,0
12/30/88,0
12/31/88,0
1/1/89,0
1/2/89,0
1/3/89,0
1/4/89,0
1/5/89,7.82
1/6/89,1
1/7/89,0.52
1/8/89,0
1/9/89,0
1/10/89,0
1/11/89,0.69
1/12/89,3.46
1/13/89,0.36
1/14/89,0
1/15/89,0
1/16/89,0
1/17/89,0
1/18/89,0
1/19/89,0
1/20/89,0
1/21/89,0
1/22/89,0
1/23/89,0
1/24/89,0
1/25/89,3.78
1/26/89,2.17
1/27/89,1.51
1/28/89,7.57
1/29/89,1.27
1/30/89,0
1/31/89,0
2/1/89,0
2/2/89,0
2/3/89,0
2/4/89,1.09
2/5/89,13.64
2/6/89,19.96
2/7/89,0.41
2/8/89,0
2/9/89,0
2/10/89,0
2/11/89,0
2/12/89,0
2/13/89,0
2/14/89,0
2/15/89,0
2/16/89,0
2/17/89,0
2/18/89,0
2/19/89,0
2/20/89,4.98
2/21/89,2.54
2/22/89,0
2/23/89,0
2/24/89,0
2/25/89,0
2/26/89,0
2/27/89,0
2/28/89,0
3/1/89,0
3/2/89,0
3/3/89,6.26
3/4/89,9.67
3/5/89,1.16
3/6/89,0
3/7/89,0
3/8/89,0
3/9/89,0
3/10/89,0
3/11/89,0
3/12/89,0
3/13/89,0
3/14/89,0
3/15/89,0
3/16/89,0
3/17/89,0
3/18/89,0
3/19/89,0
3/20/89,0
3/21/89,5.06
3/22/89,0
3/23/89,0
3/24/89,0.88
3/25/89,0
3/26/89,0
3/27/89,0
3/28/89,0
3/29/89,0
3/30/89,0
3/31/89,0
4/1/89,0
4/2/89,0
4/3/89,0
4/4/89,0
4/5/89,0
4/6/89,0
4/7/89,0
4/8/89,0
4/9/89,0
4/10/89,0.28
4/11/89,0
4/12/89,0
4/13/89,6.31
4/14/89,0
4/15/89,0
4/16/89,0
4/17/89,0
4/18/89,0.32
4/19/89,0
4/20/89,0
4/21/89,0
4/22/89,0
4/23/89,0
4/24/89,0
4/25/89,0
4/26/89,0
4/27/89,0
4/28/89,0
4/29/89,0
4/30/89,0
5/1/89,0
5/2/89,0
5/3/89,0
5/4/89,0
5/5/89,0
5/6/89,0
5/7/89,0
5/8/89,0
5/9/89,1.36
5/10/89,11.57
5/11/89,1.87
5/12/89,0
5/13/89,0.39
5/14/89,0
5/15/89,0
5/16/89,0
5/17/89,0
5/18/89,0.66
5/19/89,0
5/20/89,0
5/21/89,0
5/22/89,0
5/23/89,0
5/24/89,0
5/25/89,0
5/26/89,0
5/27/89,0
5/28/89,0
5/29/89,0
5/30/89,0
5/31/89,0
6/1/89,0
6/2/89,0
6/3/89,0
6/4/89,0
6/5/89,0
6/6/89,0
6/7/89,1.03
6/8/89,0
6/9/89,3.68
6/10/89,0
6/11/89,0
6/12/89,0
6/13/89,3.56
6/14/89,0.67
6/15/89,0.35
6/16/89,0
6/17/89,0
6/18/89,0
6/19/89,0
6/20/89,0
6/21/89,0
6/22/89,0
6/23/89,0
6/24/89,0
6/25/89,0
6/26/89,0
6/27/89,0
6/28/89,0
6/29/89,0
6/30/89,0
7/1/89,0
7/2/89,0
7/3/89,0
7/4/89,0
7/5/89,0
7/6/89,0
7/7/89,0
7/8/89,0
7/9/89,0
7/10/89,0
7/11/89,0
7/12/89,0.34
7/13/89,2.31
7/14/89,0
7/15/89,0
7/16/89,0
7/17/89,0
7/18/89,0
7/19/89,0
7/20/89,2.61
7/21/89,1.69
7/22/89,1.76
7/23/89,3.32
7/24/89,3.59
7/25/89,22.51
7/26/89,3.47
7/27/89,7.31
7/28/89,0
7/29/89,0.6
7/30/89,0
7/31/89,5.24
8/1/89,4.23
8/2/89,5.55
8/3/89,0
8/4/89,0
8/5/89,0
8/6/89,0
8/7/89,2.83
8/8/89,3.06
8/9/89,0
8/10/89,0.46
8/11/89,6.25
8/12/89,4.64
8/13/89,0.55
8/14/89,1.93
8/15/89,4.83
8/16/89,0.69
8/17/89,0
8/18/89,6.4
8/19/89,4.01
8/20/89,0
8/21/89,1.46
8/22/89,0
8/23/89,0
8/24/89,0
8/25/89,0
8/26/89,0
8/27/89,0
8/28/89,0
8/29/89,0
8/30/89,1.51
8/31/89,15.52
9/1/89,0
9/2/89,0
9/3/89,0
9/4/89,2.6
9/5/89,8.2
9/6/89,0.54
9/7/89,0
9/8/89,0
9/9/89,0
9/10/89,0
9/11/89,0
9/12/89,1.45
9/13/89,10.29
9/14/89,0
9/15/89,0
9/16/89,0
9/17/89,0
9/18/89,0
9/19/89,1.55
9/20/89,10.56
9/21/89,0
9/22/89,0
9/23/89,0
9/24/89,0
9/25/89,0
9/26/89,0
9/27/89,0
9/28/89,0
9/29/89,0
9/30/89,0
10/1/89,0
10/2/89,0
10/3/89,0.48
10/4/89,14.65
10/5/89,17.81
10/6/89,11.65
10/7/89,0
10/8/89,0
10/9/89,0
10/10/89,0
10/11/89,0
10/12/89,0
10/13/89,0
10/14/89,0
10/15/89,0
10/16/89,0
10/17/89,0.79
10/18/89,0
10/19/89,0
10/20/89,0
10/21/89,0
10/22/89,0
10/23/89,0
10/24/89,0
10/25/89,0
10/26/89,0
10/27/89,0
10/28/89,0
10/29/89,0
10/30/89,0.39
10/31/89,0
11/1/89,0.81
11/2/89,0.65
11/3/89,0
11/4/89,0
11/5/89,0
11/6/89,0
11/7/89,0.75
11/8/89,0
11/9/89,0
11/10/89,0
11/11/89,0
11/12/89,0
11/13/89,0
11/14/89,0.35
11/15/89,0.35
11/16/89,0
11/17/89,0
11/18/89,0
11/19/89,0
11/20/89,0
11/21/89,0
11/22/89,0
11/23/89,0
11/24/89,0
11/25/89,0
11/26/89,0
11/27/89,0.6
11/28/89,0.35
11/29/89,0
11/30/89,0
12/1/89,3.21
12/2/89,4.94
12/3/89,0
12/4/89,0
12/5/89,0
12/6/89,0
12/7/89,1.77
12/8/89,0
12/9/89,0
12/10/89,0
12/11/89,0.96
12/12/89,0.55
12/13/89,0
12/14/89,0
12/15/89,0
12/16/89,0
12/17/89,0.51
12/18/89,0
12/19/89,0
12/20/89,0
12/21/89,0
12/22/89,0
12/23/89,0
12/24/89,0
12/25/89,0
12/26/89,0
12/27/89,0
12/28/89,0
12/29/89,0
12/30/89,1.31
12/31/89,2.7
1/1/90,0
1/2/90,0
1/3/90,5.56
1/4/90,0.93
1/5/90,0
1/6/90,0
1/7/90,0
1/8/90,0
1/9/90,0
1/10/90,0
1/11/90,0
1/12/90,0
1/13/90,0
1/14/90,0
1/15/90,0
1/16/90,0
1/17/90,0.92
1/18/90,2.97
1/19/90,14.59
1/20/90,2.24
1/21/90,0
1/22/90,0
1/23/90,0
1/24/90,0
1/25/90,0
1/26/90,0
1/27/90,0
1/28/90,0
1/29/90,0
1/30/90,0
1/31/90,0
2/1/90,0
2/2/90,2.82
2/3/90,1.12
2/4/90,0
2/5/90,0
2/6/90,3.26
2/7/90,0
2/8/90,1.73
2/9/90,1.74
2/10/90,0
2/11/90,0
2/12/90,0
2/13/90,0
2/14/90,0
2/15/90,11.43
2/16/90,0.48
2/17/90,0
2/18/90,0
2/19/90,0
2/20/90,7.65
2/21/90,6.58
2/22/90,0
2/23/90,0
2/24/90,0
2/25/90,0
2/26/90,0
2/27/90,1.64
2/28/90,6.29
3/1/90,0.74
3/2/90,0
3/3/90,0
3/4/90,0
3/5/90,1.71
3/6/90,9.8
3/7/90,4.69
3/8/90,1.32
3/9/90,0
3/10/90,0
3/11/90,0
3/12/90,1.59
3/13/90,0
3/14/90,4.93
3/15/90,0.92
3/16/90,0
3/17/90,0
3/18/90,0
3/19/90,0
3/20/90,0
3/21/90,0
3/22/90,0
3/23/90,0
3/24/90,0
3/25/90,0
3/26/90,0
3/27/90,0
3/28/90,0.85
3/29/90,3.99
3/30/90,6.12
3/31/90,1.02
4/1/90,0
4/2/90,2.77
4/3/90,1.18
4/4/90,0
4/5/90,0
4/6/90,3.1
4/7/90,0.5
4/8/90,8.89
4/9/90,1.69
4/10/90,0
4/11/90,0
4/12/90,0
4/13/90,0
4/14/90,0
4/15/90,0
4/16/90,0
4/17/90,0
4/18/90,5.73
4/19/90,9.97
4/20/90,0
4/21/90,0
4/22/90,0.42
4/23/90,0.76
4/24/90,0.45
4/25/90,3.4
4/26/90,6.35
4/27/90,0
4/28/90,0
4/29/90,0
4/30/90,0
5/1/90,0.9
5/2/90,0.75
5/3/90,15.91
5/4/90,1.46
5/5/90,0.57
5/6/90,0
5/7/90,0
5/8/90,0
5/9/90,0
5/10/90,0
5/11/90,0
5/12/90,0
5/13/90,0
5/14/90,0
5/15/90,0
5/16/90,0
5/17/90,0
5/18/90,0
5/19/90,0
5/20/90,0
5/21/90,0
5/22/90,0
5/23/90,0
5/24/90,0
5/25/90,0
5/26/90,0
5/27/90,0
5/28/90,0
5/29/90,0
5/30/90,0
5/31/90,0
6/1/90,0.77
6/2/90,0
6/3/90,0
6/4/90,0
6/5/90,0
6/6/90,0
6/7/90,0
6/8/90,0
6/9/90,0
6/10/90,5.67
6/11/90,5.61
6/12/90,3.27
6/13/90,0
6/14/90,0
6/15/90,0
6/16/90,0.51
6/17/90,0
6/18/90,0
6/19/90,0.74
6/20/90,0
6/21/90,0
6/22/90,0
6/23/90,0
6/24/90,0
6/25/90,0
6/26/90,0
6/27/90,0
6/28/90,0
6/29/90,0
6/30/90,0
7/1/90,0
7/2/90,0
7/3/90,9.77
7/4/90,2.44
7/5/90,1.42
7/6/90,1.6
7/7/90,0
7/8/90,3.21
7/9/90,6.45
7/10/90,1.01
7/11/90,5.48
7/12/90,0
7/13/90,2.77
7/14/90,4.67
7/15/90,1.77
7/16/90,0.39
7/17/90,0.34
7/18/90,0
7/19/90,0
7/20/90,3.26
7/21/90,10.07
7/22/90,6.99
7/23/90,9.22
7/24/90,2.37
7/25/90,0.93
7/26/90,0
7/27/90,0
7/28/90,0
7/29/90,0.45
7/30/90,5.92
7/31/90,0.49
8/1/90,0.57
8/2/90,2.77
8/3/90,2.88
8/4/90,1.11
8/5/90,4.61
8/6/90,5.35
8/7/90,3.87
8/8/90,0
8/9/90,0.81
8/10/90,0
8/11/90,0
8/12/90,0
8/13/90,2.21
8/14/90,2.16
8/15/90,4.17
8/16/90,3.21
8/17/90,1.85
8/18/90,4.74
8/19/90,0.96
8/20/90,5.45
8/21/90,1.65
8/22/90,0
8/23/90,0.35
8/24/90,0
8/25/90,0
8/26/90,0
8/27/90,0
8/28/90,1.3
8/29/90,0
8/30/90,0
8/31/90,0
9/1/90,0
9/2/90,0
9/3/90,0
9/4/90,0
9/5/90,0
9/6/90,1.03
9/7/90,0
9/8/90,6.64
9/9/90,0
9/10/90,0
9/11/90,0
9/12/90,0
9/13/90,0
9/14/90,0
9/15/90,0
9/16/90,0.93
9/17/90,12.63
9/18/90,0.97
9/19/90,12.19
9/20/90,0.85
9/21/90,2.18
9/22/90,0.66
9/23/90,2.07
9/24/90,0
9/25/90,0
9/26/90,0
9/27/90,0
9/28/90,0
9/29/90,25.3
9/30/90,3.33
10/1/90,0
10/2/90,1.65
10/3/90,0.54
10/4/90,0
10/5/90,0
10/6/90,0
10/7/90,0
10/8/90,2.94
10/9/90,0
10/10/90,0.76
10/11/90,0
10/12/90,0
10/13/90,0
10/14/90,0
10/15/90,0
10/16/90,0
10/17/90,0
10/18/90,0
10/19/90,0
10/20/90,8.33
10/21/90,6.73
10/22/90,0
10/23/90,0.34
10/24/90,0
10/25/90,0
10/26/90,0
10/27/90,0
10/28/90,0
10/29/90,0
10/30/90,0
10/31/90,0
11/1/90,0
11/2/90,13.07
11/3/90,14.77
11/4/90,2.56
11/5/90,0
11/6/90,0.93
11/7/90,1.17
11/8/90,1.9
11/9/90,0
11/10/90,0
11/11/90,0
11/12/90,0
11/13/90,0
11/14/90,0
11/15/90,0
11/16/90,0
11/17/90,0
11/18/90,0
11/19/90,0
11/20/90,0
11/21/90,0.33
11/22/90,0.57
11/23/90,0
11/24/90,0
11/25/90,0
11/26/90,0
11/27/90,5.52
11/28/90,0.26
11/29/90,0
11/30/90,0.53
12/1/90,0
12/2/90,0
12/3/90,0
12/4/90,0
12/5/90,0.87
12/6/90,0
12/7/90,0
12/8/90,0.38
12/9/90,0
12/10/90,0
12/11/90,0
12/12/90,0
12/13/90,7.87
12/14/90,4.57
12/15/90,0
12/16/90,5.65
12/17/90,6.61
12/18/90,1.3
12/19/90,0
12/20/90,0
12/21/90,10.54
12/22/90,8.59
12/23/90,0.45
12/24/90,0
12/25/90,0
12/26/90,0
12/27/90,0
12/28/90,0.95
12/29/90,2.27
12/30/90,3.7
12/31/90,0
1/1/91,0
1/2/91,0
1/3/91,0
1/4/91,1.92
1/5/91,2.5
1/6/91,0
1/7/91,0
1/8/91,0
1/9/91,0
1/10/91,0
1/11/91,0
1/12/91,0
1/13/91,0
1/14/91,0
1/15/91,0
1/16/91,0
1/17/91,0
1/18/91,0
1/19/91,0
1/20/91,0
1/21/91,2.7
1/22/91,0.81
1/23/91,0
1/24/91,0
1/25/91,0
1/26/91,0
1/27/91,0
1/28/91,0
1/29/91,0
1/30/91,0
1/31/91,0
2/1/91,0
2/2/91,0
2/3/91,0
2/4/91,0
2/5/91,0
2/6/91,0
2/7/91,0
2/8/91,0
2/9/91,0
2/10/91,0
2/11/91,0
2/12/91,0
2/13/91,0
2/14/91,0
2/15/91,0
2/16/91,0
2/17/91,4.85
2/18/91,1.14
2/19/91,2.53
2/20/91,0
2/21/91,0
2/22/91,0
2/23/91,0
2/24/91,0
2/25/91,0
2/26/91,0
2/27/91,0
2/28/91,0
3/1/91,9.41
3/2/91,18.22
3/3/91,3.1
3/4/91,1.75
3/5/91,3.88
3/6/91,0.28
3/7/91,0
3/8/91,0
3/9/91,0.52
3/10/91,0
3/11/91,0
3/12/91,0
3/13/91,0
3/14/91,0
3/15/91,2.36
3/16/91,4.57
3/17/91,8.65
3/18/91,0
3/19/91,1.02
3/20/91,0.91
3/21/91,0.31
3/22/91,1.51
3/23/91,3.33
3/24/91,0
3/25/91,0.54
3/26/91,0
3/27/91,2.89
3/28/91,0
3/29/91,0
3/30/91,6.95
3/31/91,0
4/1/91,0
4/2/91,0.99
4/3/91,0
4/4/91,0
4/5/91,0
4/6/91,0
4/7/91,0
4/8/91,0
4/9/91,0
4/10/91,0
4/11/91,0
4/12/91,0
4/13/91,0
4/14/91,0
4/15/91,0
4/16/91,0
4/17/91,0
4/18/91,0
4/19/91,0
4/20/91,0
4/21/91,0
4/22/91,0
4/23/91,0
4/24/91,0
4/25/91,0
4/26/91,0.42
4/27/91,2.24
4/28/91,0
4/29/91,0
4/30/91,0
5/1/91,0
5/2/91,0
5/3/91,0
5/4/91,0
5/5/91,0
5/6/91,0
5/7/91,0
5/8/91,0
5/9/91,0
5/10/91,0
5/11/91,0
5/12/91,0
5/13/91,0
5/14/91,0
5/15/91,0
5/16/91,0
5/17/91,0.48
5/18/91,0
5/19/91,0
5/20/91,5.38
5/21/91,29.11
5/22/91,18.24
5/23/91,0
5/24/91,0
5/25/91,0
5/26/91,0
5/27/91,0
5/28/91,0
5/29/91,0
5/30/91,0
5/31/91,0
6/1/91,0
6/2/91,0
6/3/91,0.55
6/4/91,0.94
6/5/91,0
6/6/91,0
6/7/91,3.94
6/8/91,0
6/9/91,0
6/10/91,0
6/11/91,3.7
6/12/91,5.33
6/13/91,6.46
6/14/91,8.23
6/15/91,4.55
6/16/91,0.28
6/17/91,0
6/18/91,0
6/19/91,0
6/20/91,2.11
6/21/91,0
6/22/91,0
6/23/91,1.5
6/24/91,0
6/25/91,0
6/26/91,0
6/27/91,0
6/28/91,0
6/29/91,0
6/30/91,10.84
7/1/91,0
7/2/91,0
7/3/91,2
7/4/91,0
7/5/91,0
7/6/91,0
7/7/91,0
7/8/91,0.29
7/9/91,2.72
7/10/91,1.79
7/11/91,0
7/12/91,0
7/13/91,0.92
7/14/91,0
7/15/91,0
7/16/91,0
7/17/91,1.28
7/18/91,0
7/19/91,0.33
7/20/91,1.52
7/21/91,1.93
7/22/91,12.32
7/23/91,24.27
7/24/91,1.91
7/25/91,10.67
7/26/91,7.24
7/27/91,1.42
7/28/91,0
7/29/91,4.23
7/30/91,6.6
7/31/91,0
8/1/91,1.22
8/2/91,1.79
8/3/91,15.67
8/4/91,12.55
8/5/91,6.52
8/6/91,3.37
8/7/91,10.65
8/8/91,0.27
8/9/91,0
8/10/91,4.67
8/11/91,2.69
8/12/91,2.37
8/13/91,5.4
8/14/91,13.8
8/15/91,0.85
8/16/91,1.01
8/17/91,1.32
8/18/91,1.11
8/19/91,1.6
8/20/91,0.32
8/21/91,0
8/22/91,1.4
8/23/91,0
8/24/91,1.02
8/25/91,0.53
8/26/91,2.41
8/27/91,0
8/28/91,0
8/29/91,1.1
8/30/91,0
8/31/91,0
9/1/91,0
9/2/91,0
9/3/91,1.28
9/4/91,2.45
9/5/91,1.97
9/6/91,19.23
9/7/91,4.25
9/8/91,1.34
9/9/91,1.5
9/10/91,25.47
9/11/91,0.49
9/12/91,4.67
9/13/91,3.99
9/14/91,0
9/15/91,0
9/16/91,0
9/17/91,0
9/18/91,0
9/19/91,0
9/20/91,0.38
9/21/91,0
9/22/91,0
9/23/91,0
9/24/91,0
9/25/91,0
9/26/91,0
9/27/91,0
9/28/91,0
9/29/91,0
9/30/91,0
10/1/91,0.88
10/2/91,0
10/3/91,0
10/4/91,0
10/5/91,0
10/6/91,0
10/7/91,0
10/8/91,0
10/9/91,0
10/10/91,0
10/11/91,0
10/12/91,0
10/13/91,0
10/14/91,0
10/15/91,0
10/16/91,0
10/17/91,0
10/18/91,0
10/19/91,0
10/20/91,0
10/21/91,0
10/22/91,0
10/23/91,0
10/24/91,0
10/25/91,0
10/26/91,0
10/27/91,0
10/28/91,0.59
10/29/91,1.83
10/30/91,2.81
10/31/91,6.83
11/1/91,1.15
11/2/91,1.34
11/3/91,0.42
11/4/91,0
11/5/91,0.74
11/6/91,0
11/7/91,0
11/8/91,0
11/9/91,0.74
11/10/91,0.71
11/11/91,5.07
11/12/91,8.17
11/13/91,0.66
11/14/91,5.54
11/15/91,15.07
11/16/91,10.15
11/17/91,5.73
11/18/91,1.64
11/19/91,2.11
11/20/91,0
11/21/91,0
11/22/91,0
11/23/91,0
11/24/91,0
11/25/91,0
11/26/91,0
11/27/91,0
11/28/91,0
11/29/91,0.69
11/30/91,2.51
12/1/91,0.87
12/2/91,0
12/3/91,0
12/4/91,0
12/5/91,0.75
12/6/91,0
12/7/91,0
12/8/91,0
12/9/91,0
12/10/91,0
12/11/91,2.35
12/12/91,20
12/13/91,2.45
12/14/91,0
12/15/91,0
12/16/91,0
12/17/91,0
12/18/91,0
12/19/91,8.16
12/20/91,2.3
12/21/91,0
12/22/91,2.03
12/23/91,0.49
12/24/91,0
12/25/91,0
12/26/91,0
12/27/91,0
12/28/91,0
12/29/91,0
12/30/91,0
12/31/91,1.35
1/1/92,0
1/2/92,0
1/3/92,0
1/4/92,1.05
1/5/92,0
1/6/92,2.28
1/7/92,8.01
1/8/92,0
1/9/92,0
1/10/92,0
1/11/92,0.83
1/12/92,1.89
1/13/92,0
1/14/92,0
1/15/92,0
1/16/92,0
1/17/92,0
1/18/92,0
1/19/92,0
1/20/92,0
1/21/92,0
1/22/92,0
1/23/92,0
1/24/92,0
1/25/92,0
1/26/92,0
1/27/92,0
1/28/92,0
1/29/92,0
1/30/92,0
1/31/92,0
2/1/92,0
2/2/92,0.83
2/3/92,0
2/4/92,0
2/5/92,0
2/6/92,0
2/7/92,0.62
2/8/92,0
2/9/92,0
2/10/92,0
2/11/92,1.03
2/12/92,0
2/13/92,0
2/14/92,3.64
2/15/92,0.89
2/16/92,2.17
2/17/92,2.53
2/18/92,0
2/19/92,0
2/20/92,0
2/21/92,0
2/22/92,0
2/23/92,0
2/24/92,0
2/25/92,0
2/26/92,0
2/27/92,0
2/28/92,0
2/29/92,0
3/1/92,0
3/2/92,0
3/3/92,0
3/4/92,7.99
3/5/92,9.81
3/6/92,2.96
3/7/92,0
3/8/92,0
3/9/92,1.75
3/10/92,0.8
3/11/92,0
3/12/92,0
3/13/92,0
3/14/92,0
3/15/92,0
3/16/92,0
3/17/92,0
3/18/92,0
3/19/92,0
3/20/92,0
3/21/92,0
3/22/92,1.93
3/23/92,0
3/24/92,0
3/25/92,0
3/26/92,0
3/27/92,1.46
3/28/92,3.33
3/29/92,4.93
3/30/92,8.95
3/31/92,6.24
4/1/92,11.43
4/2/92,0
4/3/92,0
4/4/92,0
4/5/92,0
4/6/92,0
4/7/92,0
4/8/92,0
4/9/92,0
4/10/92,0
4/11/92,0
4/12/92,0
4/13/92,0
4/14/92,1.42
4/15/92,1.19
4/16/92,0
4/17/92,0
4/18/92,0
4/19/92,0
4/20/92,0
4/21/92,0
4/22/92,0
4/23/92,0
4/24/92,0
4/25/92,0
4/26/92,0
4/27/92,0
4/28/92,0
4/29/92,0
4/30/92,0
5/1/92,0
5/2/92,0
5/3/92,0
5/4/92,6.57
5/5/92,0.57
5/6/92,0.41
5/7/92,0
5/8/92,1.88
5/9/92,4.32
5/10/92,6.17
5/11/92,0
5/12/92,0
5/13/92,0
5/14/92,0
5/15/92,0
5/16/92,0
5/17/92,0
5/18/92,0.49
5/19/92,0
5/20/92,1.9
5/21/92,5.9
5/22/92,6.17
5/23/92,3.26
5/24/92,3.49
5/25/92,3.92
5/26/92,2.8
5/27/92,0.43
5/28/92,4.47
5/29/92,1.72
5/30/92,9.24
5/31/92,3.95
6/1/92,5.71
6/2/92,0.76
6/3/92,0
6/4/92,0
6/5/92,0
6/6/92,5.07
6/7/92,0
6/8/92,0.67
6/9/92,8.36
6/10/92,1.96
6/11/92,0
6/12/92,0
6/13/92,0
6/14/92,0
6/15/92,0
6/16/92,0
6/17/92,0
6/18/92,0
6/19/92,0
6/20/92,0
6/21/92,1.45
6/22/92,0
6/23/92,0
6/24/92,0
6/25/92,0.42
6/26/92,0
6/27/92,0
6/28/92,0
6/29/92,0
6/30/92,0
7/1/92,0
7/2/92,0
7/3/92,0
7/4/92,0
7/5/92,0
7/6/92,0
7/7/92,0
7/8/92,0
7/9/92,3.67
7/10/92,0
7/11/92,0.61
7/12/92,0.98
7/13/92,0
7/14/92,0
7/15/92,0
7/16/92,0.42
7/17/92,0
7/18/92,0
7/19/92,0.56
7/20/92,0.6
7/21/92,3.82
7/22/92,1.47
7/23/92,7.02
7/24/92,3.85
7/25/92,1.56
7/26/92,6.91
7/27/92,2.28
7/28/92,0.32
7/29/92,0.61
7/30/92,0
7/31/92,0.48
8/1/92,5.91
8/2/92,0
8/3/92,0.43
8/4/92,0.51
8/5/92,1.27
8/6/92,3.19
8/7/92,4.53
8/8/92,0
8/9/92,0
8/10/92,0
8/11/92,4.29
8/12/92,4.7
8/13/92,0.58
8/14/92,3.12
8/15/92,7.55
8/16/92,0
8/17/92,0.4
8/18/92,0
8/19/92,0.88
8/20/92,1.15
8/21/92,0
8/22/92,0.73
8/23/92,7.46
8/24/92,12.36
8/25/92,11.72
8/26/92,5.52
8/27/92,0
8/28/92,0
8/29/92,0
8/30/92,0.65
8/31/92,1.51
9/1/92,0.37
9/2/92,0
9/3/92,0
9/4/92,0
9/5/92,0
9/6/92,0
9/7/92,0
9/8/92,0
9/9/92,0
9/10/92,0
9/11/92,0
9/12/92,0
9/13/92,0
9/14/92,0
9/15/92,4.44
9/16/92,2.37
9/17/92,0
9/18/92,0
9/19/92,2.3
9/20/92,4.25
9/21/92,0.66
9/22/92,0
9/23/92,0
9/24/92,0
9/25/92,0
9/26/92,0
9/27/92,0
9/28/92,0
9/29/92,0
9/30/92,0
10/1/92,0
10/2/92,0
10/3/92,0
10/4/92,0
10/5/92,0
10/6/92,0
10/7/92,0
10/8/92,0
10/9/92,0
10/10/92,0
10/11/92,0
10/12/92,0
10/13/92,0
10/14/92,0
10/15/92,0
10/16/92,0
10/17/92,0
10/18/92,0
10/19/92,0
10/20/92,0
10/21/92,0
10/22/92,0.39
10/23/92,0
10/24/92,0
10/25/92,0.58
10/26/92,1.01
10/27/92,0
10/28/92,0
10/29/92,1.59
10/30/92,0.75
10/31/92,2.32
11/1/92,7.66
11/2/92,0.35
11/3/92,4.36
11/4/92,0.43
11/5/92,0
11/6/92,0
11/7/92,0
11/8/92,0.36
11/9/92,0
11/10/92,0
11/11/92,18.92
11/12/92,2.52
11/13/92,1.64
11/14/92,0.62
11/15/92,0
11/16/92,0
11/17/92,0
11/18/92,0
11/19/92,0
11/20/92,0
11/21/92,5.55
11/22/92,0
11/23/92,0.45
11/24/92,0.49
11/25/92,0
11/26/92,0.37
11/27/92,0
11/28/92,0.36
11/29/92,0.52
11/30/92,0
12/1/92,0
12/2/92,0
12/3/92,0
12/4/92,0.39
12/5/92,14.96
12/6/92,4.22
12/7/92,0
12/8/92,0.5
12/9/92,0
12/10/92,0
12/11/92,0
12/12/92,0
12/13/92,3.26
12/14/92,0
12/15/92,0
12/16/92,1.32
12/17/92,0
12/18/92,1.86
12/19/92,0.79
12/20/92,0
12/21/92,0
12/22/92,0
12/23/92,0
12/24/92,0
12/25/92,0
12/26/92,0
12/27/92,0
12/28/92,3.64
12/29/92,6.06
12/30/92,1.17
12/31/92,0
1/1/93,0
1/2/93,0.6
1/3/93,0
1/4/93,3.88
1/5/93,0.4
1/6/93,0
1/7/93,1.27
1/8/93,5.3
1/9/93,10.64
1/10/93,0
1/11/93,4.2
1/12/93,0.44
1/13/93,0
1/14/93,0.43
1/15/93,0
1/16/93,0
1/17/93,1.33
1/18/93,4.51
1/19/93,5.41
1/20/93,1.36
1/21/93,0
1/22/93,0
1/23/93,0
1/24/93,0
1/25/93,0
1/26/93,0
1/27/93,0
1/28/93,0
1/29/93,0
1/30/93,0
1/31/93,0
2/1/93,0
2/2/93,0
2/3/93,0
2/4/93,1.09
2/5/93,2.7
2/6/93,0
2/7/93,0
2/8/93,0.77
2/9/93,2.79
2/10/93,2.4
2/11/93,0
2/12/93,0
2/13/93,0
2/14/93,0
2/15/93,9.98
2/16/93,5.97
2/17/93,1.42
2/18/93,0.85
2/19/93,1.26
2/20/93,6.14
2/21/93,1.93
2/22/93,0.37
2/23/93,0
2/24/93,0
2/25/93,4.52
2/26/93,0
2/27/93,0
2/28/93,1.51
3/1/93,10.77
3/2/93,2.22
3/3/93,0
3/4/93,0
3/5/93,0
3/6/93,0
3/7/93,0.94
3/8/93,0
3/9/93,0
3/10/93,0
3/11/93,0
3/12/93,4.01
3/13/93,0
3/14/93,0
3/15/93,0.62
3/16/93,0
3/17/93,0
3/18/93,0.53
3/19/93,0
3/20/93,0
3/21/93,0
3/22/93,0
3/23/93,0
3/24/93,0
3/25/93,0
3/26/93,0
3/27/93,6.44
3/28/93,8.11
3/29/93,2.67
3/30/93,5.37
3/31/93,2.61
4/1/93,0
4/2/93,0.84
4/3/93,0
4/4/93,3.03
4/5/93,0
4/6/93,1.23
4/7/93,4.66
4/8/93,3.4
4/9/93,0
4/10/93,0
4/11/93,0
4/12/93,0
4/13/93,0
4/14/93,0
4/15/93,2.22
4/16/93,0
4/17/93,0.82
4/18/93,0
4/19/93,0
4/20/93,0
4/21/93,0
4/22/93,0
4/23/93,0
4/24/93,0
4/25/93,0
4/26/93,0
4/27/93,0
4/28/93,0
4/29/93,0
4/30/93,0
5/1/93,2.01
5/2/93,6.07
5/3/93,0.65
5/4/93,0
5/5/93,0
5/6/93,1.76
5/7/93,0.7
5/8/93,1.97
5/9/93,5.66
5/10/93,0
5/11/93,0
5/12/93,0
5/13/93,0
5/14/93,1.22
5/15/93,1.41
5/16/93,1.43
5/17/93,14.32
5/18/93,0.43
5/19/93,3.83
5/20/93,0
5/21/93,1.61
5/22/93,1.17
5/23/93,0
5/24/93,0
5/25/93,0
5/26/93,1.75
5/27/93,0
5/28/93,2.01
5/29/93,5.18
5/30/93,0
5/31/93,0
6/1/93,0
6/2/93,0
6/3/93,0
6/4/93,0
6/5/93,0
6/6/93,0
6/7/93,0
6/8/93,0
6/9/93,1.04
6/10/93,0.31
6/11/93,0
6/12/93,0
6/13/93,0
6/14/93,0.34
6/15/93,3.59
6/16/93,0.76
6/17/93,1.13
6/18/93,0
6/19/93,0
6/20/93,0
6/21/93,3.37
6/22/93,0.29
6/23/93,0
6/24/93,0
6/25/93,0
6/26/93,0
6/27/93,0
6/28/93,0
6/29/93,0
6/30/93,0
7/1/93,0
7/2/93,0
7/3/93,0
7/4/93,0
7/5/93,0
7/6/93,0
7/7/93,0
7/8/93,0
7/9/93,0
7/10/93,0
7/11/93,0
7/12/93,1.54
7/13/93,14.75
7/14/93,2.64
7/15/93,3.22
7/16/93,0
7/17/93,0
7/18/93,0
7/19/93,0
7/20/93,2.48
7/21/93,1.01
7/22/93,0
7/23/93,0.66
7/24/93,0
7/25/93,0
7/26/93,0
7/27/93,0
7/28/93,0
7/29/93,1.4
7/30/93,0
7/31/93,2.07
8/1/93,1.02
8/2/93,2.78
8/3/93,0
8/4/93,0
8/5/93,3.04
8/6/93,11.99
8/7/93,9.84
8/8/93,1.29
8/9/93,0
8/10/93,1.67
8/11/93,2.26
8/12/93,0
8/13/93,3.9
8/14/93,22.87
8/15/93,4.69
8/16/93,3.58
8/17/93,0.82
8/18/93,0.69
8/19/93,3.53
8/20/93,7.79
8/21/93,11.08
8/22/93,11.48
8/23/93,0
8/24/93,0
8/25/93,0
8/26/93,1.59
8/27/93,19.04
8/28/93,10.12
8/29/93,8.31
8/30/93,4.59
8/31/93,7.92
9/1/93,0.53
9/2/93,0
9/3/93,0
9/4/93,0
9/5/93,0.6
9/6/93,0
9/7/93,1.3
9/8/93,3.29
9/9/93,0
9/10/93,0.92
9/11/93,0
9/12/93,0
9/13/93,1.43
9/14/93,10.69
9/15/93,0
9/16/93,0
9/17/93,0.34
9/18/93,0
9/19/93,0
9/20/93,0
9/21/93,0
9/22/93,2.06
9/23/93,0.82
9/24/93,0
9/25/93,0
9/26/93,0
9/27/93,0
9/28/93,0
9/29/93,0
9/30/93,0
10/1/93,0
10/2/93,0
10/3/93,0
10/4/93,0
10/5/93,0
10/6/93,0
10/7/93,2.75
10/8/93,1.92
10/9/93,0
10/10/93,0.34
10/11/93,0
10/12/93,0
10/13/93,0
10/14/93,0
10/15/93,0.61
10/16/93,0
10/17/93,0.4
10/18/93,6.53
10/19/93,0
10/20/93,0.37
10/21/93,0
10/22/93,0
10/23/93,0
10/24/93,0
10/25/93,0
10/26/93,0.69
10/27/93,0
10/28/93,0
10/29/93,5.8
10/30/93,3.46
10/31/93,0
11/1/93,0
11/2/93,0
11/3/93,0
11/4/93,0
11/5/93,0
11/6/93,0
11/7/93,0.3
11/8/93,0
11/9/93,0.3
11/10/93,0
11/11/93,1.71
11/12/93,12.24
11/13/93,4.99
11/14/93,7.2
11/15/93,3.54
11/16/93,0.29
11/17/93,0
11/18/93,0
11/19/93,0
11/20/93,0
11/21/93,0
11/22/93,0
11/23/93,3.45
11/24/93,8.64
11/25/93,0
11/26/93,0
11/27/93,0.3
11/28/93,0.76
11/29/93,0.3
11/30/93,0
12/1/93,0
12/2/93,0.4
12/3/93,0
12/4/93,0
12/5/93,0
12/6/93,0
12/7/93,0
12/8/93,0
12/9/93,0
12/10/93,0
12/11/93,0
12/12/93,0
12/13/93,5.02
12/14/93,0
12/15/93,0
12/16/93,2.29
12/17/93,0.56
12/18/93,0
12/19/93,0
12/20/93,0.45
12/21/93,0
12/22/93,0
12/23/93,0
12/24/93,0
12/25/93,0.36
12/26/93,0
12/27/93,0
12/28/93,0
12/29/93,0
12/30/93,0
12/31/93,0
1/1/94,0
1/2/94,0
1/3/94,0
1/4/94,0
1/5/94,0
1/6/94,1.15
1/7/94,0
1/8/94,0
1/9/94,0
1/10/94,0
1/11/94,0
1/12/94,0
1/13/94,0
1/14/94,0
1/15/94,0
1/16/94,0
1/17/94,0
1/18/94,0
1/19/94,0
1/20/94,0
1/21/94,0
1/22/94,0
1/23/94,0
1/24/94,0
1/25/94,0
1/26/94,1.53
1/27/94,5.69
1/28/94,0.93
1/29/94,0
1/30/94,2.44
1/31/94,3.94
2/1/94,0
2/2/94,0
2/3/94,0.76
2/4/94,0
2/5/94,3.03
2/6/94,0.99
2/7/94,0
2/8/94,3.51
2/9/94,6.86
2/10/94,0.74
2/11/94,0
2/12/94,0
2/13/94,1.57
2/14/94,0
2/15/94,0
2/16/94,0
2/17/94,0
2/18/94,0.75
2/19/94,9.84
2/20/94,0
2/21/94,1.94
2/22/94,0
2/23/94,0.99
2/24/94,1.76
2/25/94,0
2/26/94,0
2/27/94,0
2/28/94,0.37
3/1/94,2.39
3/2/94,0
3/3/94,0
3/4/94,0
3/5/94,0
3/6/94,0
3/7/94,0
3/8/94,11.81
3/9/94,14.72
3/10/94,2.56
3/11/94,0.86
3/12/94,0
3/13/94,3.21
3/14/94,0
3/15/94,0
3/16/94,0
3/17/94,0
3/18/94,0
3/19/94,0
3/20/94,1.94
3/21/94,1.74
3/22/94,0
3/23/94,0
3/24/94,0
3/25/94,1.33
3/26/94,2.27
3/27/94,22.67
3/28/94,9.51
3/29/94,3.44
3/30/94,0
3/31/94,0
4/1/94,0
4/2/94,0
4/3/94,0
4/4/94,0
4/5/94,0
4/6/94,6.13
4/7/94,0
4/8/94,0
4/9/94,4.01
4/10/94,9.25
4/11/94,12.07
4/12/94,3.24
4/13/94,0
4/14/94,0
4/15/94,0
4/16/94,0
4/17/94,0
4/18/94,0
4/19/94,0
4/20/94,0
4/21/94,0
4/22/94,0
4/23/94,3.5
4/24/94,0.29
4/25/94,0
4/26/94,3.11
4/27/94,0.39
4/28/94,4.9
4/29/94,3.65
4/30/94,7.47
5/1/94,0
5/2/94,0.28
5/3/94,0
5/4/94,0.33
5/5/94,0
5/6/94,0
5/7/94,0
5/8/94,0
5/9/94,0
5/10/94,0.91
5/11/94,11.74
5/12/94,7.06
5/13/94,4.47
5/14/94,3.62
5/15/94,0
5/16/94,3.96
5/17/94,0
5/18/94,0
5/19/94,3.79
5/20/94,6.41
5/21/94,0
5/22/94,0
5/23/94,0
5/24/94,0
5/25/94,0.58
5/26/94,16.15
5/27/94,3.79
5/28/94,0.52
5/29/94,0
5/30/94,0
5/31/94,0.77
6/1/94,0
6/2/94,0
6/3/94,0
6/4/94,0
6/5/94,0
6/6/94,0
6/7/94,0
6/8/94,0
6/9/94,0
6/10/94,0
6/11/94,0
6/12/94,0
6/13/94,0
6/14/94,0
6/15/94,0
6/16/94,0
6/17/94,0
6/18/94,0
6/19/94,0.79
6/20/94,8.11
6/21/94,6.33
6/22/94,1.33
6/23/94,0
6/24/94,0
6/25/94,0
6/26/94,0
6/27/94,0
6/28/94,0
6/29/94,0
6/30/94,0
7/1/94,0
7/2/94,0
7/3/94,0
7/4/94,0
7/5/94,0
7/6/94,0
7/7/94,0
7/8/94,0
7/9/94,0
7/10/94,0
7/11/94,0.46
7/12/94,0
7/13/94,0
7/14/94,0
7/15/94,0
7/16/94,0
7/17/94,0
7/18/94,0.67
7/19/94,0
7/20/94,2.62
7/21/94,3.09
7/22/94,1
7/23/94,0
7/24/94,2.52
7/25/94,5.32
7/26/94,1.7
7/27/94,5.81
7/28/94,1.94
7/29/94,5.24
7/30/94,0.89
7/31/94,4.19
8/1/94,5.02
8/2/94,2.49
8/3/94,0.7
8/4/94,0.65
8/5/94,1.52
8/6/94,8
8/7/94,0
8/8/94,0
8/9/94,0.78
8/10/94,0
8/11/94,1.3
8/12/94,0
8/13/94,2.28
8/14/94,5.64
8/15/94,9.15
8/16/94,4.76
8/17/94,0.7
8/18/94,0
8/19/94,0
8/20/94,7.11
8/21/94,9.64
8/22/94,0.98
8/23/94,2.72
8/24/94,0.63
8/25/94,8
8/26/94,0
8/27/94,4.63
8/28/94,0
8/29/94,2.09
8/30/94,2.48
8/31/94,7.05
9/1/94,13.83
9/2/94,3.84
9/3/94,1.44
9/4/94,4.63
9/5/94,0
9/6/94,6.39
9/7/94,0.4
9/8/94,0
9/9/94,0
9/10/94,0
9/11/94,0
9/12/94,2.56
9/13/94,8.57
9/14/94,9.28
9/15/94,2.29
9/16/94,0
9/17/94,0
9/18/94,0.59
9/19/94,0
9/20/94,0
9/21/94,0
9/22/94,0
9/23/94,0
9/24/94,0.57
9/25/94,0
9/26/94,0
9/27/94,0
9/28/94,0
9/29/94,0
9/30/94,0
10/1/94,0
10/2/94,0
10/3/94,0
10/4/94,0.74
10/5/94,0.93
10/6/94,3.12
10/7/94,0
10/8/94,4.29
10/9/94,0
10/10/94,0
10/11/94,0
10/12/94,0
10/13/94,0
10/14/94,0
10/15/94,17.55
10/16/94,14.41
10/17/94,12.09
10/18/94,0.83
10/19/94,0
10/20/94,0
10/21/94,0
10/22/94,0
10/23/94,0
10/24/94,0
10/25/94,0
10/26/94,0
10/27/94,0
10/28/94,0
10/29/94,0
10/30/94,0
10/31/94,0
11/1/94,0
11/2/94,0.26
11/3/94,1.33
11/4/94,10.06
11/5/94,2.14
11/6/94,0
11/7/94,0
11/8/94,1.03
11/9/94,1.33
11/10/94,0
11/11/94,0.27
11/12/94,16.11
11/13/94,13.22
11/14/94,0
11/15/94,0.54
11/16/94,1.06
11/17/94,0.84
11/18/94,1.01
11/19/94,0
11/20/94,2.38
11/21/94,2.38
11/22/94,0
11/23/94,0
11/24/94,0
11/25/94,0
11/26/94,0
11/27/94,0.45
11/28/94,0.83
11/29/94,0
11/30/94,0.35
12/1/94,0
12/2/94,0
12/3/94,0
12/4/94,0
12/5/94,1.01
12/6/94,8.24
12/7/94,2.8
12/8/94,0
12/9/94,0
12/10/94,0
12/11/94,0.42
12/12/94,0
12/13/94,0
12/14/94,0
12/15/94,0
12/16/94,0
12/17/94,0
12/18/94,0
12/19/94,0
12/20/94,0
12/21/94,0
12/22/94,0
12/23/94,0
12/24/94,0
12/25/94,0
12/26/94,0
12/27/94,0
12/28/94,0
12/29/94,0
12/30/94,1.34
12/31/94,1.77
1/1/95,0
1/2/95,0
1/3/95,0
1/4/95,0
1/5/95,3.56
1/6/95,8.23
1/7/95,1.74
1/8/95,0.37
1/9/95,0.37
1/10/95,0
1/11/95,0
1/12/95,0
1/13/95,0
1/14/95,0
1/15/95,0
1/16/95,0.95
1/17/95,1.81
1/18/95,0.37
1/19/95,0
1/20/95,0.91
1/21/95,0.65
1/22/95,2.04
1/23/95,0
1/24/95,0
1/25/95,0
1/26/95,0
1/27/95,1.35
1/28/95,7.82
1/29/95,1.86
1/30/95,0.36
1/31/95,0
2/1/95,0
2/2/95,0
2/3/95,0
2/4/95,0
2/5/95,0
2/6/95,0
2/7/95,0
2/8/95,0
2/9/95,0
2/10/95,0
2/11/95,0
2/12/95,0
2/13/95,2.01
2/14/95,9.27
2/15/95,9.33
2/16/95,1.81
2/17/95,0
2/18/95,0
2/19/95,0
2/20/95,0
2/21/95,0
2/22/95,0
2/23/95,0
2/24/95,0
2/25/95,0
2/26/95,0
2/27/95,0
2/28/95,0
3/1/95,2.23
3/2/95,9.38
3/3/95,2.52
3/4/95,2.2
3/5/95,4.9
3/6/95,4.56
3/7/95,1.38
3/8/95,0
3/9/95,0
3/10/95,0
3/11/95,0
3/12/95,0.78
3/13/95,0
3/14/95,0
3/15/95,0
3/16/95,0
3/17/95,0
3/18/95,0
3/19/95,0.58
3/20/95,0
3/21/95,0
3/22/95,0.69
3/23/95,0
3/24/95,0
3/25/95,0
3/26/95,1.8
3/27/95,0
3/28/95,0
3/29/95,2.4
3/30/95,4.39
3/31/95,0.8
4/1/95,0
4/2/95,0
4/3/95,0.61
4/4/95,0.62
4/5/95,0
4/6/95,0
4/7/95,0
4/8/95,0
4/9/95,1.44
4/10/95,4.96
4/11/95,2.96
4/12/95,0
4/13/95,0
4/14/95,0
4/15/95,0
4/16/95,0
4/17/95,0.84
4/18/95,0.95
4/19/95,2.16
4/20/95,8.33
4/21/95,6.49
4/22/95,5.17
4/23/95,3.88
4/24/95,3.97
4/25/95,0
4/26/95,0.28
4/27/95,0
4/28/95,0
4/29/95,0
4/30/95,0
5/1/95,0.27
5/2/95,2.81
5/3/95,2.36
5/4/95,0
5/5/95,3.47
5/6/95,0.9
5/7/95,0
5/8/95,4.06
5/9/95,1.94
5/10/95,0.66
5/11/95,1.46
5/12/95,0.3
5/13/95,0
5/14/95,0
5/15/95,0
5/16/95,0
5/17/95,2.21
5/18/95,8.19
5/19/95,0
5/20/95,0
5/21/95,0
5/22/95,0
5/23/95,0.66
5/24/95,3.7
5/25/95,0
5/26/95,0
5/27/95,0.39
5/28/95,1.72
5/29/95,14.71
5/30/95,19.21
5/31/95,0
6/1/95,0
6/2/95,0
6/3/95,0
6/4/95,0
6/5/95,0
6/6/95,0
6/7/95,0
6/8/95,0
6/9/95,0
6/10/95,0
6/11/95,0
6/12/95,0
6/13/95,0
6/14/95,0
6/15/95,0
6/16/95,0
6/17/95,0
6/18/95,0.93
6/19/95,3.29
6/20/95,0
6/21/95,0
6/22/95,0
6/23/95,0
6/24/95,0
6/25/95,0
6/26/95,0.47
6/27/95,0
6/28/95,5.6
6/29/95,5.23
6/30/95,11.2
7/1/95,1.62
7/2/95,0
7/3/95,0.9
7/4/95,1.17
7/5/95,0
7/6/95,0
7/7/95,0
7/8/95,0
7/9/95,0
7/10/95,0
7/11/95,0
7/12/95,0
7/13/95,0
7/14/95,1.54
7/15/95,5.27
7/16/95,0.42
7/17/95,1.87
7/18/95,2.66
7/19/95,1.72
7/20/95,0
7/21/95,0
7/22/95,0
7/23/95,0
7/24/95,0
7/25/95,0
7/26/95,0
7/27/95,0
7/28/95,0
7/29/95,0
7/30/95,1.05
7/31/95,0
8/1/95,5.97
8/2/95,0
8/3/95,0
8/4/95,1.16
8/5/95,0
8/6/95,0
8/7/95,0
8/8/95,1.96
8/9/95,0.67
8/10/95,1.55
8/11/95,2.51
8/12/95,5.13
8/13/95,3.79
8/14/95,1.72
8/15/95,0.95
8/16/95,0.39
8/17/95,2.64
8/18/95,0
8/19/95,0.86
8/20/95,0
8/21/95,0
8/22/95,2.04
8/23/95,0
8/24/95,2.6
8/25/95,0
8/26/95,0.87
8/27/95,5.17
8/28/95,6.41
8/29/95,1.92
8/30/95,3.76
8/31/95,0.51
9/1/95,0.78
9/2/95,0
9/3/95,0.46
9/4/95,0
9/5/95,0
9/6/95,0
9/7/95,7.11
9/8/95,17.97
9/9/95,4.48
9/10/95,3.71
9/11/95,1.75
9/12/95,0
9/13/95,0
9/14/95,0
9/15/95,0
9/16/95,0
9/17/95,0
9/18/95,0
9/19/95,0
9/20/95,0.74
9/21/95,0
9/22/95,0
9/23/95,0
9/24/95,0.94
9/25/95,1.65
9/26/95,0
9/27/95,0
9/28/95,0.99
9/29/95,8.57
9/30/95,4.75
10/1/95,0
10/2/95,0
10/3/95,0
10/4/95,0
10/5/95,0
10/6/95,0
10/7/95,0
10/8/95,0
10/9/95,0
10/10/95,0
10/11/95,0
10/12/95,0
10/13/95,0
10/14/95,0
10/15/95,0
10/16/95,0
10/17/95,0
10/18/95,0
10/19/95,0
10/20/95,0
10/21/95,0
10/22/95,0
10/23/95,0
10/24/95,0
10/25/95,0
10/26/95,0
10/27/95,0
10/28/95,0
10/29/95,0
10/30/95,0
10/31/95,0
11/1/95,0
11/2/95,2.09
11/3/95,1.78
11/4/95,1.4
11/5/95,4.64
11/6/95,0
11/7/95,0
11/8/95,0
11/9/95,0
11/10/95,0
11/11/95,4.06
11/12/95,0
11/13/95,0
11/14/95,0
11/15/95,0
11/16/95,0.5
11/17/95,0
11/18/95,0
11/19/95,0
11/20/95,0
11/21/95,0
11/22/95,0
11/23/95,0
11/24/95,0
11/25/95,0
11/26/95,0
11/27/95,0
11/28/95,2.64
11/29/95,0.53
11/30/95,0
12/1/95,0
12/2/95,0
12/3/95,0
12/4/95,0
12/5/95,0
12/6/95,0
12/7/95,0
12/8/95,0
12/9/95,0
12/10/95,0
12/11/95,0
12/12/95,0
12/13/95,0
12/14/95,0
12/15/95,2.19
12/16/95,0
12/17/95,1.18
12/18/95,5.51
12/19/95,0
12/20/95,0
12/21/95,0.77
12/22/95,6.36
12/23/95,0
12/24/95,0
12/25/95,0
12/26/95,0
12/27/95,0
12/28/95,0
12/29/95,1.43
12/30/95,0
12/31/95,2.94
1/1/96,6.43
1/2/96,6.73
1/3/96,0
1/4/96,0
1/5/96,0
1/6/96,0
1/7/96,0
1/8/96,0
1/9/96,0
1/10/96,0
1/11/96,0
1/12/96,0
1/13/96,0
1/14/96,0
1/15/96,0
1/16/96,0
1/17/96,1.75
1/18/96,12.17
1/19/96,1.59
1/20/96,1.07
1/21/96,0
1/22/96,0
1/23/96,0
1/24/96,0
1/25/96,0
1/26/96,1.69
1/27/96,0
1/28/96,0
1/29/96,0
1/30/96,0
1/31/96,3.87
2/1/96,2.92
2/2/96,7.31
2/3/96,1.29
2/4/96,0
2/5/96,0
2/6/96,0
2/7/96,0
2/8/96,0.27
2/9/96,0
2/10/96,0
2/11/96,0
2/12/96,0
2/13/96,0
2/14/96,0
2/15/96,0
2/16/96,0
2/17/96,0
2/18/96,0
2/19/96,0
2/20/96,0
2/21/96,0
2/22/96,0
2/23/96,0
2/24/96,0
2/25/96,0
2/26/96,0.68
2/27/96,1.99
2/28/96,2.43
2/29/96,3.99
3/1/96,0.51
3/2/96,0
3/3/96,0
3/4/96,1.22
3/5/96,0
3/6/96,2.97
3/7/96,9.32
3/8/96,0
3/9/96,0
3/10/96,0.51
3/11/96,0
3/12/96,0
3/13/96,0
3/14/96,1.08
3/15/96,3.54
3/16/96,5.47
3/17/96,0.51
3/18/96,0
3/19/96,0
3/20/96,0
3/21/96,0
3/22/96,0
3/23/96,0
3/24/96,1.4
3/25/96,0.7
3/26/96,0
3/27/96,0
3/28/96,0
3/29/96,0.31
3/30/96,2.13
3/31/96,0
4/1/96,0
4/2/96,0
4/3/96,0
4/4/96,0
4/5/96,0
4/6/96,0
4/7/96,0
4/8/96,0
4/9/96,0
4/10/96,0
4/11/96,0
4/12/96,0
4/13/96,0
4/14/96,4.15
4/15/96,0
4/16/96,0
4/17/96,0
4/18/96,0
4/19/96,0
4/20/96,0
4/21/96,0
4/22/96,0
4/23/96,0
4/24/96,0
4/25/96,0
4/26/96,0
4/27/96,0
4/28/96,0
4/29/96,0
4/30/96,0
5/1/96,0
5/2/96,0
5/3/96,0
5/4/96,0
5/5/96,0
5/6/96,0
5/7/96,0
5/8/96,0
5/9/96,0
5/10/96,0
5/11/96,0
5/12/96,0
5/13/96,0
5/14/96,0
5/15/96,0
5/16/96,0
5/17/96,0
5/18/96,0
5/19/96,0
5/20/96,0
5/21/96,0
5/22/96,0
5/23/96,0
5/24/96,0
5/25/96,0
5/26/96,0
5/27/96,0
5/28/96,0
5/29/96,0
5/30/96,0
5/31/96,0
6/1/96,0
6/2/96,0
6/3/96,0
6/4/96,0
6/5/96,0
6/6/96,0
6/7/96,0
6/8/96,0
6/9/96,0
6/10/96,0
6/11/96,0
6/12/96,0
6/13/96,1.07
6/14/96,2.06
6/15/96,2.48
6/16/96,0
6/17/96,0
6/18/96,0
6/19/96,0
6/20/96,0
6/21/96,0
6/22/96,0
6/23/96,1.81
6/24/96,1.1
6/25/96,2.61
6/26/96,2.56
6/27/96,21
6/28/96,13.97
6/29/96,2.92
6/30/96,1.87
7/1/96,3.47
7/2/96,2.36
7/3/96,0
7/4/96,0
7/5/96,2.28
7/6/96,0
7/7/96,2.78
7/8/96,1.25
7/9/96,11.07
7/10/96,8.29
7/11/96,4.18
7/12/96,1.46
7/13/96,3.23
7/14/96,0
7/15/96,0
7/16/96,2.17
7/17/96,0.45
7/18/96,1.49
7/19/96,0
7/20/96,0
7/21/96,0
7/22/96,0
7/23/96,0
7/24/96,0.38
7/25/96,0.72
7/26/96,0.41
7/27/96,0.31
7/28/96,0
7/29/96,2.98
7/30/96,2.25
7/31/96,0
8/1/96,1.05
8/2/96,0.73
8/3/96,5.87
8/4/96,0.62
8/5/96,0
8/6/96,0
8/7/96,0
8/8/96,1.41
8/9/96,2.36
8/10/96,4.9
8/11/96,0
8/12/96,0
8/13/96,0
8/14/96,0
8/15/96,0
8/16/96,1.64
8/17/96,0.35
8/18/96,2.53
8/19/96,0.83
8/20/96,0
8/21/96,13.14
8/22/96,9.86
8/23/96,11.82
8/24/96,2.38
8/25/96,1.78
8/26/96,1.81
8/27/96,1.68
8/28/96,2.3
8/29/96,2.43
8/30/96,2.51
8/31/96,0
9/1/96,0
9/2/96,0
9/3/96,0
9/4/96,0
9/5/96,0
9/6/96,1.96
9/7/96,0
9/8/96,0
9/9/96,0
9/10/96,0
9/11/96,0
9/12/96,0
9/13/96,3.47
9/14/96,3.43
9/15/96,7.77
9/16/96,2.02
9/17/96,0.32
9/18/96,5.48
9/19/96,8.03
9/20/96,0
9/21/96,0
9/22/96,0
9/23/96,0
9/24/96,0
9/25/96,0
9/26/96,1.44
9/27/96,1.47
9/28/96,0
9/29/96,0.56
9/30/96,0
10/1/96,0
10/2/96,0
10/3/96,0
10/4/96,1.6
10/5/96,3.77
10/6/96,0
10/7/96,0
10/8/96,0
10/9/96,0
10/10/96,0
10/11/96,0
10/12/96,0
10/13/96,0
10/14/96,0
10/15/96,0
10/16/96,0
10/17/96,0
10/18/96,0
10/19/96,0
10/20/96,2.43
10/21/96,6.6
10/22/96,8.6
10/23/96,0
10/24/96,0
10/25/96,0
10/26/96,9.51
10/27/96,7.79
10/28/96,2.91
10/29/96,7.42
10/30/96,0.28
10/31/96,0
11/1/96,0
11/2/96,0
11/3/96,1.38
11/4/96,4.28
11/5/96,0
11/6/96,0
11/7/96,0
11/8/96,0
11/9/96,0
11/10/96,0
11/11/96,0
11/12/96,0
11/13/96,0
11/14/96,0
11/15/96,0
11/16/96,7.1
11/17/96,3.39
11/18/96,0.47
11/19/96,0.41
11/20/96,0
11/21/96,0
11/22/96,0
11/23/96,0
11/24/96,6.09
11/25/96,0.4
11/26/96,0
11/27/96,0.36
11/28/96,0
11/29/96,0.46
11/30/96,10.95
12/1/96,2.76
12/2/96,0
12/3/96,0
12/4/96,0
12/5/96,0
12/6/96,0
12/7/96,0.72
12/8/96,0
12/9/96,0
12/10/96,0
12/11/96,0.53
12/12/96,1.29
12/13/96,0
12/14/96,0
12/15/96,0
12/16/96,0
12/17/96,0.8
12/18/96,0
12/19/96,0
12/20/96,0
12/21/96,0.43
12/22/96,2.44
12/23/96,0
12/24/96,0
12/25/96,0
12/26/96,0
12/27/96,0
12/28/96,0
12/29/96,0
12/30/96,0
12/31/96,0
1/1/97,0
1/2/97,0
1/3/97,0
1/4/97,2.94
1/5/97,0
1/6/97,11.91
1/7/97,0.38
1/8/97,0
1/9/97,0
1/10/97,0.8
1/11/97,0
1/12/97,5.83
1/13/97,6.72
1/14/97,6.1
1/15/97,2.43
1/16/97,0
1/17/97,0
1/18/97,0
1/19/97,0.67
1/20/97,0
1/21/97,0
1/22/97,0
1/23/97,0
1/24/97,3.63
1/25/97,0
1/26/97,3.19
1/27/97,5.2
1/28/97,1.67
1/29/97,0
1/30/97,0
1/31/97,0
2/1/97,0
2/2/97,0
2/3/97,0
2/4/97,0
2/5/97,0
2/6/97,5.06
2/7/97,5.02
2/8/97,0
2/9/97,0
2/10/97,0
2/11/97,0
2/12/97,0.65
2/13/97,0
2/14/97,0.84
2/15/97,0
2/16/97,0
2/17/97,0
2/18/97,0
2/19/97,0
2/20/97,0
2/21/97,0
2/22/97,0.52
2/23/97,0.43
2/24/97,8.47
2/25/97,2.07
2/26/97,2.17
2/27/97,1.95
2/28/97,7.56
3/1/97,10.42
3/2/97,0
3/3/97,0.64
3/4/97,0
3/5/97,0
3/6/97,0
3/7/97,0
3/8/97,0.44
3/9/97,0
3/10/97,0
3/11/97,0
3/12/97,0
3/13/97,0
3/14/97,0
3/15/97,0
3/16/97,0
3/17/97,0
3/18/97,0
3/19/97,0
3/20/97,0
3/21/97,0.44
3/22/97,0
3/23/97,0
3/24/97,0
3/25/97,4.46
3/26/97,0.62
3/27/97,1.01
3/28/97,0
3/29/97,0
3/30/97,0
3/31/97,0
4/1/97,0
4/2/97,0
4/3/97,1.4
4/4/97,3.36
4/5/97,8.56
4/6/97,2.44
4/7/97,1.54
4/8/97,0
4/9/97,0
4/10/97,0
4/11/97,1.55
4/12/97,3.73
4/13/97,3.38
4/14/97,0.8
4/15/97,0.71
4/16/97,0
4/17/97,0
4/18/97,0
4/19/97,0
4/20/97,0
4/21/97,0
4/22/97,0
4/23/97,0
4/24/97,15.05
4/25/97,13.86
4/26/97,1.17
4/27/97,2.65
4/28/97,0.33
4/29/97,0.58
4/30/97,0.59
5/1/97,0
5/2/97,0
5/3/97,0
5/4/97,0.61
5/5/97,0
5/6/97,0
5/7/97,0
5/8/97,0
5/9/97,0
5/10/97,0
5/11/97,0
5/12/97,1.29
5/13/97,0.31
5/14/97,0.6
5/15/97,0
5/16/97,0
5/17/97,0.42
5/18/97,0
5/19/97,1.08
5/20/97,2.54
5/21/97,3.89
5/22/97,8.8
5/23/97,4.55
5/24/97,3.04
5/25/97,3.92
5/26/97,0.58
5/27/97,0
5/28/97,0
5/29/97,0.6
5/30/97,0
5/31/97,0
6/1/97,0
6/2/97,0
6/3/97,0
6/4/97,0
6/5/97,1.85
6/6/97,1.9
6/7/97,8.4
6/8/97,12.9
6/9/97,5.92
6/10/97,2.1
6/11/97,0.92
6/12/97,0
6/13/97,0
6/14/97,0
6/15/97,1.1
6/16/97,0
6/17/97,0.36
6/18/97,0
6/19/97,0
6/20/97,0
6/21/97,0
6/22/97,0
6/23/97,0
6/24/97,0
6/25/97,0
6/26/97,0.4
6/27/97,2.39
6/28/97,0
6/29/97,0
6/30/97,0
7/1/97,0
7/2/97,0.52
7/3/97,0
7/4/97,0
7/5/97,0
7/6/97,0
7/7/97,0
7/8/97,0
7/9/97,0
7/10/97,0
7/11/97,0.54
7/12/97,0.47
7/13/97,0
7/14/97,0
7/15/97,0
7/16/97,0
7/17/97,0
7/18/97,0
7/19/97,0
7/20/97,5.46
7/21/97,3.19
7/22/97,6.1
7/23/97,0.64
7/24/97,3.49
7/25/97,0.64
7/26/97,0
7/27/97,3.22
7/28/97,9.67
7/29/97,4.4
7/30/97,5.25
7/31/97,8.84
8/1/97,4.73
8/2/97,2.55
8/3/97,1.3
8/4/97,1.45
8/5/97,6.41
8/6/97,8.08
8/7/97,13.72
8/8/97,2.25
8/9/97,0.67
8/10/97,2.47
8/11/97,4.21
8/12/97,0.9
8/13/97,0
8/14/97,0
8/15/97,0
8/16/97,0
8/17/97,2.86
8/18/97,4.13
8/19/97,0.85
8/20/97,0
8/21/97,1.04
8/22/97,5.12
8/23/97,5.35
8/24/97,1.93
8/25/97,0
8/26/97,0
8/27/97,0.53
8/28/97,0
8/29/97,0
8/30/97,0.69
8/31/97,4.5
9/1/97,15.29
9/2/97,0
9/3/97,1.12
9/4/97,2.63
9/5/97,0.42
9/6/97,0
9/7/97,0
9/8/97,0
9/9/97,0.34
9/10/97,1.28
9/11/97,0.75
9/12/97,2.27
9/13/97,0
9/14/97,0.97
9/15/97,0
9/16/97,1.55
9/17/97,0
9/18/97,0
9/19/97,0
9/20/97,2.84
9/21/97,14.55
9/22/97,12.46
9/23/97,0
9/24/97,0
9/25/97,0
9/26/97,0
9/27/97,0
9/28/97,0
9/29/97,0
9/30/97,0
10/1/97,0
10/2/97,0
10/3/97,0.56
10/4/97,0
10/5/97,0
10/6/97,0
10/7/97,0.66
10/8/97,5.28
10/9/97,0
10/10/97,0
10/11/97,0
10/12/97,1.13
10/13/97,0.79
10/14/97,0
10/15/97,0
10/16/97,0
10/17/97,0
10/18/97,0
10/19/97,0
10/20/97,0
10/21/97,0
10/22/97,0
10/23/97,0
10/24/97,3.72
10/25/97,3.86
10/26/97,0
10/27/97,0
10/28/97,0
10/29/97,0
10/30/97,0
10/31/97,0
11/1/97,0
11/2/97,0
11/3/97,0
11/4/97,0
11/5/97,0
11/6/97,0
11/7/97,0
11/8/97,0
11/9/97,0
11/10/97,6.08
11/11/97,0.66
11/12/97,8.45
11/13/97,1.59
11/14/97,5.33
11/15/97,10.2
11/16/97,0.35
11/17/97,0.63
11/18/97,0
11/19/97,0
11/20/97,0
11/21/97,0
11/22/97,0
11/23/97,0
11/24/97,0
11/25/97,0
11/26/97,0.48
11/27/97,0.48
11/28/97,4.25
11/29/97,0.93
11/30/97,0
12/1/97,0
12/2/97,2.18
12/3/97,10.34
12/4/97,0
12/5/97,0
12/6/97,0
12/7/97,1.04
12/8/97,7.16
12/9/97,3.76
12/10/97,0.61
12/11/97,2.06
12/12/97,0
12/13/97,0
12/14/97,0
12/15/97,0
12/16/97,0
12/17/97,0
12/18/97,0
12/19/97,0
12/20/97,0
12/21/97,0
12/22/97,0
12/23/97,1.03
12/24/97,1.67
12/25/97,1.53
12/26/97,0
12/27/97,0
12/28/97,0.49
12/29/97,0
12/30/97,0
12/31/97,0
1/1/98,0
1/2/98,0
1/3/98,2.84
1/4/98,0
1/5/98,0.35
1/6/98,0
1/7/98,1.02
1/8/98,0
1/9/98,0
1/10/98,0
1/11/98,1.13
1/12/98,0
1/13/98,0
1/14/98,0
1/15/98,0
1/16/98,0
1/17/98,0
1/18/98,0
1/19/98,0
1/20/98,0
1/21/98,0
1/22/98,0
1/23/98,0
1/24/98,0
1/25/98,0
1/26/98,0
1/27/98,0
1/28/98,0
1/29/98,0
1/30/98,0
1/31/98,0
2/1/98,0
2/2/98,0
2/3/98,0
2/4/98,0
2/5/98,1.3
2/6/98,2.32
2/7/98,0
2/8/98,1.22
2/9/98,3.2
2/10/98,0
2/11/98,0
2/12/98,0
2/13/98,0.33
2/14/98,0
2/15/98,0
2/16/98,1.27
2/17/98,4.04
2/18/98,0
2/19/98,1.84
2/20/98,0
2/21/98,1.25
2/22/98,0
2/23/98,0
2/24/98,0
2/25/98,8.07
2/26/98,1.67
2/27/98,0.38
2/28/98,0
3/1/98,0
3/2/98,1.34
3/3/98,1.07
3/4/98,0
3/5/98,0
3/6/98,2.3
3/7/98,4.19
3/8/98,2.76
3/9/98,0.64
3/10/98,0
3/11/98,0
3/12/98,0
3/13/98,0
3/14/98,1.38
3/15/98,4.33
3/16/98,11.64
3/17/98,10.19
3/18/98,5.55
3/19/98,5.87
3/20/98,1.66
3/21/98,0
3/22/98,0
3/23/98,0
3/24/98,0
3/25/98,0.42
3/26/98,0
3/27/98,6.27
3/28/98,3.52
3/29/98,0
3/30/98,2.5
3/31/98,2
4/1/98,1.61
4/2/98,0.88
4/3/98,3.38
4/4/98,0
4/5/98,0
4/6/98,0
4/7/98,0.57
4/8/98,3.56
4/9/98,0
4/10/98,0
4/11/98,0.32
4/12/98,0
4/13/98,0.92
4/14/98,0
4/15/98,0.39
4/16/98,1.74
4/17/98,6.82
4/18/98,0.92
4/19/98,0
4/20/98,2.4
4/21/98,0
4/22/98,0
4/23/98,0
4/24/98,0
4/25/98,0
4/26/98,1.65
4/27/98,4
4/28/98,1.8
4/29/98,0
4/30/98,0
5/1/98,0
5/2/98,0
5/3/98,0
5/4/98,0
5/5/98,0
5/6/98,0
5/7/98,0
5/8/98,0
5/9/98,0
5/10/98,0
5/11/98,0
5/12/98,0
5/13/98,0
5/14/98,0
5/15/98,1.72
5/16/98,0
5/17/98,0
5/18/98,0
5/19/98,0
5/20/98,0
5/21/98,0
5/22/98,0
5/23/98,0
5/24/98,0
5/25/98,0
5/26/98,0
5/27/98,0
5/28/98,0
5/29/98,0
5/30/98,0
5/31/98,0
6/1/98,0
6/2/98,0
6/3/98,0
6/4/98,0
6/5/98,0
6/6/98,0
6/7/98,0
6/8/98,0
6/9/98,0
6/10/98,0
6/11/98,4.03
6/12/98,0
6/13/98,0
6/14/98,0
6/15/98,0
6/16/98,0
6/17/98,0
6/18/98,0
6/19/98,0
6/20/98,0
6/21/98,0
6/22/98,0
6/23/98,0
6/24/98,0
6/25/98,0
6/26/98,0
6/27/98,0
6/28/98,0
6/29/98,0
6/30/98,1.18
7/1/98,1.24
7/2/98,0.35
7/3/98,2.86
7/4/98,12.79
7/5/98,10.03
7/6/98,1.41
7/7/98,3.83
7/8/98,17.49
7/9/98,6.39
7/10/98,11.58
7/11/98,1.03
7/12/98,0
7/13/98,0
7/14/98,2.4
7/15/98,0
7/16/98,2.75
7/17/98,2.49
7/18/98,1.05
7/19/98,0
7/20/98,0.49
7/21/98,1.26
7/22/98,0.65
7/23/98,2.64
7/24/98,1.51
7/25/98,2.55
7/26/98,6.17
7/27/98,2.76
7/28/98,15.89
7/29/98,6.39
7/30/98,0
7/31/98,0
8/1/98,4.47
8/2/98,2.76
8/3/98,0
8/4/98,3.25
8/5/98,3.39
8/6/98,0.4
8/7/98,0
8/8/98,0
8/9/98,0.6
8/10/98,0
8/11/98,1.59
8/12/98,2.18
8/13/98,0
8/14/98,1.28
8/15/98,0.78
8/16/98,2.57
8/17/98,2.83
8/18/98,1.7
8/19/98,0
8/20/98,0
8/21/98,5.26
8/22/98,4.22
8/23/98,0
8/24/98,0
8/25/98,0
8/26/98,9.1
8/27/98,0
8/28/98,0.29
8/29/98,0
8/30/98,0
8/31/98,0.35
9/1/98,3.58
9/2/98,4.27
9/3/98,0
9/4/98,0
9/5/98,0
9/6/98,0
9/7/98,0
9/8/98,0
9/9/98,0
9/10/98,0.9
9/11/98,0
9/12/98,0
9/13/98,1.17
9/14/98,0
9/15/98,0.86
9/16/98,9.32
9/17/98,1
9/18/98,0
9/19/98,0
9/20/98,0
9/21/98,0
9/22/98,0
9/23/98,0.82
9/24/98,0
9/25/98,0
9/26/98,0
9/27/98,0
9/28/98,0
9/29/98,0
9/30/98,14.13
10/1/98,11.47
10/2/98,8.56
10/3/98,0
10/4/98,1.4
10/5/98,1.46
10/6/98,0
10/7/98,0
10/8/98,0
10/9/98,0
10/10/98,0
10/11/98,0
10/12/98,0
10/13/98,0
10/14/98,0
10/15/98,0
10/16/98,0
10/17/98,1.52
10/18/98,0
10/19/98,0
10/20/98,0
10/21/98,2.85
10/22/98,0
10/23/98,0
10/24/98,0
10/25/98,1.59
10/26/98,14.64
10/27/98,13.86
10/28/98,9.32
10/29/98,0
10/30/98,3.17
10/31/98,26.68
11/1/98,21.7
11/2/98,0.88
11/3/98,0.94
11/4/98,0
11/5/98,0
11/6/98,0
11/7/98,0
11/8/98,0.75
11/9/98,5.73
11/10/98,10.25
11/11/98,0
11/12/98,1.26
11/13/98,0.28
11/14/98,0
11/15/98,0
11/16/98,0
11/17/98,0
11/18/98,0
11/19/98,0
11/20/98,0
11/21/98,0
11/22/98,0
11/23/98,0
11/24/98,0
11/25/98,0
11/26/98,0
11/27/98,0
11/28/98,0
11/29/98,1.42
11/30/98,3.49
12/1/98,0
12/2/98,0
12/3/98,0
12/4/98,0
12/5/98,0
12/6/98,2.23
12/7/98,0.55
12/8/98,0
12/9/98,0
12/10/98,0
12/11/98,0
12/12/98,0
12/13/98,0
12/14/98,0
12/15/98,0
12/16/98,0
12/17/98,0
12/18/98,0
12/19/98,0
12/20/98,0
12/21/98,0
12/22/98,0
12/23/98,0
12/24/98,0
12/25/98,0
12/26/98,0
12/27/98,0
12/28/98,0
12/29/98,0
12/30/98,0
12/31/98,0
1/1/99,0.82
1/2/99,2.81
1/3/99,0
1/4/99,0
1/5/99,0
1/6/99,0
1/7/99,0
1/8/99,0
1/9/99,0
1/10/99,0
1/11/99,0
1/12/99,0
1/13/99,0
1/14/99,0
1/15/99,0
1/16/99,0
1/17/99,0
1/18/99,0
1/19/99,0
1/20/99,0
1/21/99,1.54
1/22/99,11.26
1/23/99,0
1/24/99,0
1/25/99,0
1/26/99,0
1/27/99,0
1/28/99,0
1/29/99,0
1/30/99,0
1/31/99,0
2/1/99,0
2/2/99,0
2/3/99,0
2/4/99,0
2/5/99,1.8
2/6/99,0.49
2/7/99,0.74
2/8/99,0
2/9/99,0
2/10/99,0
2/11/99,0.87
2/12/99,0
2/13/99,0
2/14/99,0
2/15/99,0
2/16/99,0
2/17/99,0
2/18/99,0
2/19/99,0
2/20/99,0
2/21/99,0
2/22/99,0
2/23/99,0
2/24/99,0
2/25/99,0
2/26/99,0
2/27/99,0
2/28/99,0
3/1/99,0
3/2/99,0
3/3/99,0
3/4/99,0
3/5/99,0
3/6/99,0
3/7/99,0
3/8/99,5.08
3/9/99,0
3/10/99,0.39
3/11/99,0
3/12/99,3.26
3/13/99,6.92
3/14/99,0
3/15/99,0.39
3/16/99,0
3/17/99,0
3/18/99,1.05
3/19/99,7.17
3/20/99,1.36
3/21/99,0
3/22/99,0
3/23/99,0
3/24/99,0
3/25/99,0
3/26/99,0
3/27/99,0.68
3/28/99,0
3/29/99,0.39
3/30/99,0
3/31/99,0.42
4/1/99,0
4/2/99,3.6
4/3/99,4.38
4/4/99,1.29
4/5/99,4.89
4/6/99,0
4/7/99,0
4/8/99,0
4/9/99,0
4/10/99,0
4/11/99,0
4/12/99,0
4/13/99,0
4/14/99,4.38
4/15/99,0
4/16/99,0.85
4/17/99,0
4/18/99,0
4/19/99,0
4/20/99,0
4/21/99,0.32
4/22/99,8.15
4/23/99,1.66
4/24/99,0.89
4/25/99,7.99
4/26/99,2.25
4/27/99,0
4/28/99,0.94
4/29/99,2.43
4/30/99,20.56
5/1/99,14.94
5/2/99,10.21
5/3/99,0
5/4/99,10.18
5/5/99,1.06
5/6/99,0
5/7/99,0
5/8/99,0
5/9/99,0
5/10/99,0
5/11/99,0
5/12/99,0.33
5/13/99,0
5/14/99,0
5/15/99,0
5/16/99,0
5/17/99,0
5/18/99,0
5/19/99,0
5/20/99,0
5/21/99,0
5/22/99,0
5/23/99,0
5/24/99,4.86
5/25/99,12.28
5/26/99,2.11
5/27/99,1.56
5/28/99,6.99
5/29/99,0
5/30/99,0
5/31/99,0
6/1/99,0
6/2/99,0
6/3/99,0
6/4/99,0
6/5/99,0
6/6/99,0
6/7/99,0
6/8/99,0
6/9/99,0
6/10/99,0
6/11/99,0
6/12/99,0
6/13/99,8.15
6/14/99,2.39
6/15/99,5.15
6/16/99,4.57
6/17/99,5.62
6/18/99,5.24
6/19/99,2.12
6/20/99,0.67
6/21/99,1.22
6/22/99,1.29
6/23/99,0.58
6/24/99,0
6/25/99,0
6/26/99,0
6/27/99,0.44
6/28/99,0
6/29/99,0
6/30/99,0
7/1/99,0
7/2/99,0
7/3/99,0
7/4/99,1.78
7/5/99,0.33
7/6/99,4.95
7/7/99,1.53
7/8/99,0
7/9/99,5.81
7/10/99,4.38
7/11/99,0.9
7/12/99,0
7/13/99,0
7/14/99,1.03
7/15/99,1.36
7/16/99,0
7/17/99,0
7/18/99,11.26
7/19/99,7.78
7/20/99,4.92
7/21/99,0.76
7/22/99,0.39
7/23/99,0.95
7/24/99,3.21
7/25/99,1.73
7/26/99,1.7
7/27/99,0
7/28/99,0
7/29/99,1.92
7/30/99,0
7/31/99,0
8/1/99,0
8/2/99,10.67
8/3/99,2.12
8/4/99,10.06
8/5/99,20.72
8/6/99,10.8
8/7/99,2.44
8/8/99,3.29
8/9/99,0.8
8/10/99,0.59
8/11/99,1.16
8/12/99,1.88
8/13/99,0.68
8/14/99,0
8/15/99,9.36
8/16/99,1.61
8/17/99,1.51
8/18/99,0.64
8/19/99,2.25
8/20/99,1.52
8/21/99,1.47
8/22/99,0.39
8/23/99,0
8/24/99,0.67
8/25/99,0
8/26/99,0
8/27/99,0
8/28/99,0
8/29/99,0.86
8/30/99,0.71
8/31/99,1.09
9/1/99,0.58
9/2/99,0
9/3/99,5.52
9/4/99,0.97
9/5/99,0.88
9/6/99,0.64
9/7/99,2.63
9/8/99,0.43
9/9/99,0.81
9/10/99,0
9/11/99,0
9/12/99,0
9/13/99,0
9/14/99,0.31
9/15/99,1.32
9/16/99,5.37
9/17/99,4.46
9/18/99,1.01
9/19/99,0.69
9/20/99,0.82
9/21/99,0.43
9/22/99,0
9/23/99,0
9/24/99,0.75
9/25/99,0
9/26/99,0.43
9/27/99,0
9/28/99,0
9/29/99,0
9/30/99,0
10/1/99,0
10/2/99,0
10/3/99,0
10/4/99,0
10/5/99,0
10/6/99,0
10/7/99,0
10/8/99,2.74
10/9/99,0
10/10/99,0
10/11/99,0
10/12/99,0
10/13/99,0
10/14/99,0
10/15/99,0
10/16/99,0
10/17/99,11.98
10/18/99,0
10/19/99,0.49
10/20/99,0
10/21/99,0
10/22/99,0
10/23/99,0
10/24/99,0
10/25/99,0
10/26/99,0
10/27/99,0
10/28/99,0
10/29/99,0
10/30/99,0
10/31/99,0
11/1/99,0
11/2/99,0
11/3/99,0
11/4/99,0
11/5/99,0
11/6/99,0
11/7/99,0
11/8/99,0
11/9/99,0
11/10/99,0
11/11/99,0
11/12/99,0
11/13/99,0
11/14/99,0
11/15/99,0
11/16/99,0
11/17/99,0
11/18/99,0
11/19/99,0
11/20/99,0
11/21/99,0
11/22/99,0
11/23/99,0
11/24/99,0
11/25/99,0
11/26/99,2.05
11/27/99,0
11/28/99,0
11/29/99,0
11/30/99,0
12/1/99,0
12/2/99,0
12/3/99,0
12/4/99,10.08
12/5/99,0
12/6/99,0
12/7/99,0
12/8/99,0
12/9/99,0
12/10/99,0
12/11/99,0.55
12/12/99,0
12/13/99,0
12/14/99,0
12/15/99,0
12/16/99,0
12/17/99,0
12/18/99,0
12/19/99,0
12/20/99,0
12/21/99,1.21
12/22/99,0
12/23/99,0
12/24/99,0
12/25/99,1.56
12/26/99,0.8
12/27/99,0
12/28/99,0
12/29/99,0
12/30/99,0
12/31/99,0
1/1/00,0
1/2/00,1.72
1/3/00,0.89
1/4/00,0
1/5/00,0
1/6/00,0
1/7/00,0
1/8/00,0
1/9/00,0
1/10/00,0
1/11/00,0.41
1/12/00,0
1/13/00,0
1/14/00,0
1/15/00,0
1/16/00,0
1/17/00,0
1/18/00,0.55
1/19/00,0
1/20/00,0
1/21/00,0
1/22/00,0
1/23/00,0
1/24/00,0
1/25/00,0
1/26/00,5.83
1/27/00,5.59
1/28/00,0.79
1/29/00,0
1/30/00,0
1/31/00,0
2/1/00,0.39
2/2/00,0
2/3/00,0
2/4/00,0
2/5/00,0
2/6/00,0
2/7/00,0
2/8/00,0
2/9/00,0
2/10/00,0
2/11/00,0
2/12/00,0
2/13/00,2.12
2/14/00,0
2/15/00,0
2/16/00,0
2/17/00,0
2/18/00,0
2/19/00,0
2/20/00,0
2/21/00,0
2/22/00,0
2/23/00,0
2/24/00,0
2/25/00,4.7
2/26/00,0
2/27/00,0
2/28/00,0.41
2/29/00,0.87
3/1/00,0
3/2/00,3.54
3/3/00,5.79
3/4/00,0.43
3/5/00,0
3/6/00,3.15
3/7/00,0.92
3/8/00,7.28
3/9/00,0
3/10/00,0
3/11/00,0
3/12/00,0
3/13/00,0.41
3/14/00,0
3/15/00,0
3/16/00,3.21
3/17/00,4.53
3/18/00,0
3/19/00,0
3/20/00,1.45
3/21/00,4.46
3/22/00,5.9
3/23/00,10.12
3/24/00,0
3/25/00,0.54
3/26/00,0
3/27/00,0
3/28/00,0
3/29/00,5.33
3/30/00,1.43
3/31/00,8.48
4/1/00,3.5
4/2/00,3.05
4/3/00,1.29
4/4/00,1.4
4/5/00,0.91
4/6/00,0
4/7/00,0
4/8/00,0
4/9/00,0
4/10/00,5.54
4/11/00,6.81
4/12/00,5.33
4/13/00,0
4/14/00,0
4/15/00,0
4/16/00,0
4/17/00,0
4/18/00,0
4/19/00,0
4/20/00,0
4/21/00,0
4/22/00,0
4/23/00,0
4/24/00,0
4/25/00,0
4/26/00,0
4/27/00,0
4/28/00,0
4/29/00,0
4/30/00,0
5/1/00,0
5/2/00,0
5/3/00,0
5/4/00,0
5/5/00,0
5/6/00,0
5/7/00,0
5/8/00,0
5/9/00,0
5/10/00,0
5/11/00,0
5/12/00,0
5/13/00,0
5/14/00,0
5/15/00,0
5/16/00,0
5/17/00,0
5/18/00,0
5/19/00,0
5/20/00,0
5/21/00,0
5/22/00,0
5/23/00,0
5/24/00,0
5/25/00,0.84
5/26/00,0
5/27/00,0
5/28/00,0
5/29/00,0
5/30/00,0
5/31/00,0
6/1/00,0
6/2/00,0
6/3/00,1.09
6/4/00,0
6/5/00,0.74
6/6/00,0
6/7/00,0
6/8/00,0
6/9/00,1.27
6/10/00,4.86
6/11/00,0
6/12/00,0
6/13/00,0
6/14/00,0
6/15/00,0
6/16/00,0
6/17/00,0
6/18/00,0.63
6/19/00,0
6/20/00,0
6/21/00,0
6/22/00,0
6/23/00,0.75
6/24/00,0
6/25/00,0
6/26/00,0
6/27/00,1.52
6/28/00,1
6/29/00,4.3
6/30/00,0
7/1/00,0
7/2/00,0
7/3/00,1.16
7/4/00,0.69
7/5/00,0
7/6/00,0
7/7/00,0
7/8/00,0
7/9/00,4.1
7/10/00,0
7/11/00,0
7/12/00,2.31
7/13/00,5.82
7/14/00,9.81
7/15/00,1.52
7/16/00,1.4
7/17/00,1.51
7/18/00,0
7/19/00,0.33
7/20/00,0
7/21/00,0.37
7/22/00,0.74
7/23/00,0
7/24/00,0
7/25/00,0
7/26/00,0.78
7/27/00,0
7/28/00,2.47
7/29/00,0.67
7/30/00,1.11
7/31/00,0.32
8/1/00,0
8/2/00,1.23
8/3/00,0
8/4/00,0
8/5/00,1.16
8/6/00,0
8/7/00,1.18
8/8/00,0
8/9/00,0
8/10/00,0
8/11/00,0.36
8/12/00,0.57
8/13/00,2.59
8/14/00,4.08
8/15/00,0
8/16/00,0
8/17/00,0.7
8/18/00,8.58
8/19/00,19.53
8/20/00,5.41
8/21/00,0.95
8/22/00,0
8/23/00,1.26
8/24/00,0
8/25/00,1.9
8/26/00,1.16
8/27/00,0.59
8/28/00,0
8/29/00,0.44
8/30/00,0
8/31/00,0
9/1/00,0
9/2/00,0.85
9/3/00,0
9/4/00,0
9/5/00,0
9/6/00,0
9/7/00,0
9/8/00,0.66
9/9/00,0
9/10/00,0
9/11/00,0
9/12/00,0
9/13/00,0
9/14/00,0.85
9/15/00,0
9/16/00,0
9/17/00,0
9/18/00,0
9/19/00,0
9/20/00,0
9/21/00,0
9/22/00,1.15
9/23/00,0
9/24/00,0
9/25/00,0
9/26/00,0
9/27/00,0
9/28/00,0.78
9/29/00,0
9/30/00,0.94
10/1/00,0
10/2/00,0
10/3/00,0
10/4/00,0
10/5/00,2.16
10/6/00,0
10/7/00,0
10/8/00,1.42
10/9/00,0
10/10/00,0.43
10/11/00,1.26
10/12/00,8.72
10/13/00,5.53
10/14/00,0
10/15/00,0
10/16/00,0
10/17/00,0
10/18/00,0
10/19/00,0
10/20/00,0
10/21/00,0
10/22/00,1.36
10/23/00,11.9
10/24/00,27.87
10/25/00,1.19
10/26/00,0
10/27/00,2.9
10/28/00,4.88
10/29/00,10.95
10/30/00,0
10/31/00,0.39
11/1/00,0
11/2/00,0
11/3/00,0
11/4/00,4.1
11/5/00,3.92
11/6/00,5.77
11/7/00,0.95
11/8/00,2.16
11/9/00,0
11/10/00,0
11/11/00,2.47
11/12/00,4.57
11/13/00,0.72
11/14/00,0
11/15/00,1.21
11/16/00,0
11/17/00,0
11/18/00,0.41
11/19/00,0
11/20/00,0.51
11/21/00,0
11/22/00,0.82
11/23/00,5.04
11/24/00,2.25
11/25/00,0
11/26/00,0
11/27/00,0
11/28/00,0
11/29/00,0
11/30/00,0
12/1/00,0
12/2/00,0
12/3/00,0
12/4/00,0
12/5/00,0
12/6/00,0
12/7/00,0
12/8/00,0.74
12/9/00,0
12/10/00,0
12/11/00,0.42
12/12/00,0
12/13/00,3.04
12/14/00,0
12/15/00,0.98
12/16/00,0
12/17/00,0
12/18/00,0
12/19/00,0
12/20/00,0.51
12/21/00,0
12/22/00,0
12/23/00,0
12/24/00,0
12/25/00,0
12/26/00,6.99
12/27/00,1.24
12/28/00,0
12/29/00,0
12/30/00,0
12/31/00,0
1/1/01,0
1/2/01,0
1/3/01,0
1/4/01,0
1/5/01,0
1/6/01,0
1/7/01,0
1/8/01,0
1/9/01,0
1/10/01,3.16
1/11/01,0
1/12/01,0
1/13/01,4.85
1/14/01,0
1/15/01,0
1/16/01,9.39
1/17/01,3.45
1/18/01,0
1/19/01,0
1/20/01,0
1/21/01,0
1/22/01,0
1/23/01,0
1/24/01,0
1/25/01,0
1/26/01,4.53
1/27/01,3.39
1/28/01,16.07
1/29/01,1.22
1/30/01,0
1/31/01,0
2/1/01,0
2/2/01,0
2/3/01,1.46
2/4/01,1.2
2/5/01,0
2/6/01,0
2/7/01,0
2/8/01,0
2/9/01,5.18
2/10/01,0.4
2/11/01,1.53
2/12/01,0
2/13/01,0
2/14/01,0.88
2/15/01,0.69
2/16/01,0
2/17/01,0
2/18/01,0
2/19/01,0
2/20/01,0
2/21/01,0
2/22/01,0
2/23/01,0
2/24/01,2.01
2/25/01,0
2/26/01,0
2/27/01,2.85
2/28/01,5.91
3/1/01,6.21
3/2/01,0
3/3/01,0
3/4/01,0
3/5/01,0
3/6/01,0.76
3/7/01,0
3/8/01,15.03
3/9/01,2.62
3/10/01,0
3/11/01,4.27
3/12/01,1.99
3/13/01,0.33
3/14/01,0.41
3/15/01,0
3/16/01,0
3/17/01,0.67
3/18/01,6.36
3/19/01,0
3/20/01,0
3/21/01,0.66
3/22/01,0
3/23/01,0
3/24/01,0
3/25/01,0
3/26/01,0
3/27/01,0
3/28/01,0
3/29/01,0
3/30/01,0.34
3/31/01,0
4/1/01,0
4/2/01,0
4/3/01,0
4/4/01,0
4/5/01,0
4/6/01,4.06
4/7/01,6.04
4/8/01,0
4/9/01,0
4/10/01,0
4/11/01,1.68
4/12/01,0.36
4/13/01,0
4/14/01,0
4/15/01,0
4/16/01,0
4/17/01,0
4/18/01,0
4/19/01,0
4/20/01,0
4/21/01,0.9
4/22/01,0.39
4/23/01,2.51
4/24/01,0
4/25/01,0
4/26/01,0
4/27/01,0.52
4/28/01,2.73
4/29/01,0
4/30/01,0
5/1/01,0
5/2/01,0
5/3/01,0
5/4/01,0
5/5/01,18.07
5/6/01,3
5/7/01,0.35
5/8/01,0
5/9/01,0
5/10/01,0
5/11/01,0
5/12/01,0
5/13/01,0
5/14/01,0.8
5/15/01,0.75
5/16/01,0
5/17/01,0
5/18/01,0
5/19/01,0
5/20/01,3.61
5/21/01,0.47
5/22/01,0
5/23/01,0.48
5/24/01,0
5/25/01,0
5/26/01,0
5/27/01,0
5/28/01,0
5/29/01,0
5/30/01,0
5/31/01,0
6/1/01,0
6/2/01,0
6/3/01,0
6/4/01,0
6/5/01,0
6/6/01,0
6/7/01,0
6/8/01,2.55
6/9/01,0
6/10/01,0
6/11/01,0
6/12/01,0
6/13/01,0
6/14/01,0
6/15/01,0
6/16/01,0
6/17/01,0
6/18/01,0
6/19/01,0
6/20/01,0
6/21/01,0
6/22/01,0
6/23/01,0
6/24/01,0
6/25/01,0
6/26/01,1.13
6/27/01,4.54
6/28/01,0
6/29/01,0
6/30/01,1.42
7/1/01,1.21
7/2/01,1.04
7/3/01,2.89
7/4/01,0.63
7/5/01,0
7/6/01,0
7/7/01,0
7/8/01,0
7/9/01,0.77
7/10/01,0.87
7/11/01,0.34
7/12/01,0
7/13/01,0.41
7/14/01,8.12
7/15/01,3.07
7/16/01,0.42
7/17/01,2.5
7/18/01,1.24
7/19/01,0
7/20/01,0.84
7/21/01,10.19
7/22/01,4
7/23/01,1.9
7/24/01,1.44
7/25/01,2.47
7/26/01,7.67
7/27/01,8.04
7/28/01,0.44
7/29/01,0
7/30/01,0
7/31/01,0
8/1/01,0.75
8/2/01,0.32
8/3/01,4.16
8/4/01,2.59
8/5/01,0
8/6/01,1.85
8/7/01,0
8/8/01,2.43
8/9/01,2.17
8/10/01,4.43
8/11/01,3.05
8/12/01,1.65
8/13/01,2.35
8/14/01,6.51
8/15/01,7.12
8/16/01,5.95
8/17/01,0
8/18/01,0
8/19/01,0
8/20/01,0
8/21/01,0
8/22/01,0
8/23/01,0
8/24/01,0
8/25/01,0
8/26/01,0
8/27/01,0
8/28/01,0
8/29/01,0.39
8/30/01,0.69
8/31/01,1.89
9/1/01,3.79
9/2/01,1.32
9/3/01,0.89
9/4/01,0
9/5/01,2.03
9/6/01,0
9/7/01,0
9/8/01,0
9/9/01,0
9/10/01,0
9/11/01,0
9/12/01,0
9/13/01,1.12
9/14/01,0
9/15/01,0.72
9/16/01,0
9/17/01,1.4
9/18/01,0
9/19/01,0
9/20/01,0
9/21/01,0
9/22/01,0
9/23/01,0
9/24/01,0
9/25/01,0
9/26/01,0
9/27/01,0
9/28/01,0
9/29/01,0
9/30/01,0
10/1/01,1.32
10/2/01,1.84
10/3/01,0
10/4/01,0
10/5/01,0
10/6/01,0
10/7/01,0
10/8/01,0
10/9/01,2.82
10/10/01,1.99
10/11/01,0
10/12/01,1.63
10/13/01,2.89
10/14/01,0
10/15/01,0
10/16/01,0
10/17/01,0
10/18/01,0
10/19/01,0
10/20/01,0
10/21/01,0
10/22/01,0
10/23/01,0
10/24/01,0
10/25/01,0
10/26/01,0
10/27/01,0
10/28/01,0
10/29/01,0
10/30/01,0
10/31/01,0
11/1/01,0
11/2/01,0
11/3/01,0
11/4/01,0
11/5/01,0
11/6/01,0
11/7/01,0
11/8/01,0
11/9/01,2.55
11/10/01,0
11/11/01,0
11/12/01,0
11/13/01,0
11/14/01,0
11/15/01,3.87
11/16/01,6.56
11/17/01,0
11/18/01,0
11/19/01,0
11/20/01,0
11/21/01,0
11/22/01,0
11/23/01,5.78
11/24/01,5.2
11/25/01,1.02
11/26/01,2.67
11/27/01,0
11/28/01,1.49
11/29/01,0
11/30/01,6.11
12/1/01,0
12/2/01,0
12/3/01,0
12/4/01,0.6
12/5/01,0
12/6/01,0
12/7/01,0
12/8/01,0
12/9/01,0
12/10/01,0
12/11/01,0.82
12/12/01,2.78
12/13/01,0.94
12/14/01,0
12/15/01,0
12/16/01,0
12/17/01,0
12/18/01,0
12/19/01,0
12/20/01,0
12/21/01,0
12/22/01,0.87
12/23/01,0
12/24/01,0
12/25/01,0
12/26/01,0
12/27/01,0
12/28/01,0
12/29/01,0
12/30/01,4.82
12/31/01,7.3
1/1/02,0
1/2/02,0
1/3/02,0
1/4/02,0
1/5/02,0
1/6/02,0
1/7/02,0
1/8/02,0
1/9/02,0
1/10/02,0
1/11/02,2.24
1/12/02,0
1/13/02,0
1/14/02,0
1/15/02,0
1/16/02,0
1/17/02,3.7
1/18/02,0
1/19/02,0
1/20/02,0
1/21/02,0
1/22/02,0
1/23/02,0
1/24/02,0
1/25/02,0
1/26/02,0
1/27/02,0
1/28/02,0
1/29/02,0
1/30/02,0
1/31/02,12.31
2/1/02,0
2/2/02,0.81
2/3/02,0
2/4/02,0
2/5/02,0
2/6/02,0
2/7/02,0.66
2/8/02,0
2/9/02,0
2/10/02,0
2/11/02,0
2/12/02,0
2/13/02,0
2/14/02,0
2/15/02,2.9
2/16/02,0
2/17/02,0.76
2/18/02,0
2/19/02,0.52
2/20/02,0
2/21/02,0.94
2/22/02,0.55
2/23/02,0.44
2/24/02,0
2/25/02,0
2/26/02,0
2/27/02,0
2/28/02,0
3/1/02,0
3/2/02,0
3/3/02,0
3/4/02,0
3/5/02,0.87
3/6/02,0.87
3/7/02,2.11
3/8/02,0
3/9/02,0
3/10/02,0
3/11/02,0
3/12/02,0
3/13/02,0
3/14/02,0
3/15/02,0
3/16/02,0
3/17/02,0
3/18/02,0
3/19/02,1.18
3/20/02,0
3/21/02,0.93
3/22/02,0
3/23/02,0
3/24/02,0
3/25/02,0.65
3/26/02,2.09
3/27/02,0
3/28/02,0
3/29/02,0
3/30/02,0
3/31/02,0
4/1/02,0
4/2/02,0
4/3/02,0
4/4/02,0
4/5/02,0
4/6/02,0
4/7/02,0
4/8/02,6.35
4/9/02,0
4/10/02,0
4/11/02,0
4/12/02,0
4/13/02,0
4/14/02,0
4/15/02,0
4/16/02,0
4/17/02,0
4/18/02,0
4/19/02,0
4/20/02,0
4/21/02,0
4/22/02,0
4/23/02,0
4/24/02,0
4/25/02,0
4/26/02,0
4/27/02,0
4/28/02,0
4/29/02,0
4/30/02,0
5/1/02,0
5/2/02,0
5/3/02,0
5/4/02,0
5/5/02,0
5/6/02,0
5/7/02,0
5/8/02,0
5/9/02,0
5/10/02,0
5/11/02,0
5/12/02,0
5/13/02,0
5/14/02,0
5/15/02,0
5/16/02,0
5/17/02,0
5/18/02,0
5/19/02,0
5/20/02,0
5/21/02,0
5/22/02,0
5/23/02,0
5/24/02,0
5/25/02,0
5/26/02,0
5/27/02,0
5/28/02,1.35
5/29/02,0
5/30/02,0
5/31/02,0
6/1/02,0
6/2/02,0
6/3/02,0
6/4/02,0
6/5/02,2.63
6/6/02,0
6/7/02,0
6/8/02,0
6/9/02,0
6/10/02,0
6/11/02,0
6/12/02,0
6/13/02,0
6/14/02,0
6/15/02,1.1
6/16/02,0
6/17/02,0
6/18/02,0
6/19/02,0
6/20/02,0
6/21/02,0.79
6/22/02,8.62
6/23/02,7.35
6/24/02,0
6/25/02,0
6/26/02,0
6/27/02,0
6/28/02,0
6/29/02,0
6/30/02,0
7/1/02,0
7/2/02,1.14
7/3/02,0.38
7/4/02,0.92
7/5/02,0
7/6/02,5.75
7/7/02,1.43
7/8/02,3.41
7/9/02,0
7/10/02,7.57
7/11/02,2.51
7/12/02,2.42
7/13/02,0
7/14/02,0
7/15/02,0.43
7/16/02,7.41
7/17/02,0
7/18/02,0
7/19/02,0.3
7/20/02,0
7/21/02,6.14
7/22/02,0
7/23/02,1.34
7/24/02,2.4
7/25/02,3.51
7/26/02,6.97
7/27/02,0
7/28/02,0
7/29/02,0
7/30/02,0
7/31/02,1.44
8/1/02,1.93
8/2/02,0.4
8/3/02,4.85
8/4/02,1.18
8/5/02,0.75
8/6/02,2.04
8/7/02,1.89
8/8/02,0.74
8/9/02,0
8/10/02,0
8/11/02,0
8/12/02,0
8/13/02,0
8/14/02,0
8/15/02,0
8/16/02,0
8/17/02,0
8/18/02,0
8/19/02,0
8/20/02,5.82
8/21/02,1.31
8/22/02,0
8/23/02,0
8/24/02,0
8/25/02,0
8/26/02,0
8/27/02,0
8/28/02,0
8/29/02,4.89
8/30/02,0
8/31/02,0
9/1/02,0
9/2/02,0
9/3/02,0
9/4/02,0.61
9/5/02,0
9/6/02,0
9/7/02,0
9/8/02,3.06
9/9/02,2.07
9/10/02,12.86
9/11/02,21.41
9/12/02,6.74
9/13/02,0
9/14/02,4.67
9/15/02,0
9/16/02,0
9/17/02,0
9/18/02,2.96
9/19/02,18.42
9/20/02,0.76
9/21/02,0.43
9/22/02,0
9/23/02,0
9/24/02,0
9/25/02,0
9/26/02,0
9/27/02,0
9/28/02,3.46
9/29/02,2.68
9/30/02,0.86
10/1/02,0
10/2/02,2.65
10/3/02,0
10/4/02,0
10/5/02,0
10/6/02,0
10/7/02,0
10/8/02,0.41
10/9/02,0
10/10/02,0
10/11/02,0
10/12/02,0
10/13/02,0
10/14/02,0
10/15/02,0
10/16/02,0
10/17/02,0
10/18/02,1.07
10/19/02,0.49
10/20/02,0
10/21/02,0
10/22/02,0
10/23/02,3.89
10/24/02,11.84
10/25/02,1.03
10/26/02,1.15
10/27/02,13.88
10/28/02,1.05
10/29/02,0
10/30/02,2.61
10/31/02,0
11/1/02,0.64
11/2/02,1.42
11/3/02,0.85
11/4/02,3.6
11/5/02,4.68
11/6/02,0
11/7/02,0
11/8/02,0.66
11/9/02,8
11/10/02,15.46
11/11/02,0
11/12/02,0
11/13/02,0.69
11/14/02,0.52
11/15/02,0
11/16/02,0
11/17/02,0
11/18/02,0
11/19/02,0
11/20/02,0
11/21/02,0
11/22/02,0
11/23/02,0
11/24/02,0
11/25/02,0
11/26/02,0
11/27/02,0
11/28/02,0
11/29/02,0.28
11/30/02,0
12/1/02,0
12/2/02,0
12/3/02,5.6
12/4/02,7.5
12/5/02,0
12/6/02,0
12/7/02,0
12/8/02,0.33
12/9/02,0
12/10/02,0
12/11/02,0
12/12/02,0
12/13/02,0
12/14/02,0
12/15/02,0
12/16/02,0
12/17/02,2.36
12/18/02,6.94
12/19/02,0.38
12/20/02,0
12/21/02,0
12/22/02,0
12/23/02,2.88
12/24/02,0.84
12/25/02,0
12/26/02,0
12/27/02,0
12/28/02,0
12/29/02,0
12/30/02,0
12/31/02,0
1/1/03,0.77
1/2/03,0
1/3/03,0.83
1/4/03,0
1/5/03,0
1/6/03,3.78
1/7/03,0
1/8/03,0
1/9/03,0
1/10/03,1.24
1/11/03,0
1/12/03,0
1/13/03,0
1/14/03,0
1/15/03,0
1/16/03,0
1/17/03,0
1/18/03,0
1/19/03,0
1/20/03,0
1/21/03,0
1/22/03,0
1/23/03,0
1/24/03,0
1/25/03,0
1/26/03,0
1/27/03,0
1/28/03,0
1/29/03,0
1/30/03,0
1/31/03,0
2/1/03,0
2/2/03,0
2/3/03,0
2/4/03,0
2/5/03,0
2/6/03,2.62
2/7/03,1.84
2/8/03,0
2/9/03,0
2/10/03,0
2/11/03,0
2/12/03,0.56
2/13/03,2.25
2/14/03,4.74
2/15/03,4.83
2/16/03,4.66
2/17/03,0
2/18/03,1.32
2/19/03,2.4
2/20/03,0
2/21/03,0
2/22/03,0
2/23/03,0
2/24/03,0
2/25/03,2.57
2/26/03,5.48
2/27/03,2.65
2/28/03,5.97
3/1/03,0.49
3/2/03,0.61
3/3/03,0
3/4/03,0.26
3/5/03,0.98
3/6/03,0
3/7/03,0.29
3/8/03,0
3/9/03,0
3/10/03,0
3/11/03,0
3/12/03,0
3/13/03,0
3/14/03,0
3/15/03,0
3/16/03,0
3/17/03,2.31
3/18/03,3.71
3/19/03,5.71
3/20/03,5.66
3/21/03,10.53
3/22/03,7.39
3/23/03,0
3/24/03,0
3/25/03,0
3/26/03,0
3/27/03,0.98
3/28/03,1.83
3/29/03,1.86
3/30/03,0.36
3/31/03,2.25
4/1/03,0
4/2/03,0
4/3/03,0.41
4/4/03,0
4/5/03,0
4/6/03,0
4/7/03,0
4/8/03,0
4/9/03,0
4/10/03,0
4/11/03,0
4/12/03,0
4/13/03,0
4/14/03,0
4/15/03,0.75
4/16/03,5.01
4/17/03,1.1
4/18/03,0
4/19/03,0
4/20/03,1.86
4/21/03,1.75
4/22/03,0.56
4/23/03,0.91
4/24/03,0.72
4/25/03,0
4/26/03,0
4/27/03,0
4/28/03,0
4/29/03,0
4/30/03,0
5/1/03,0
5/2/03,0
5/3/03,0
5/4/03,0
5/5/03,0
5/6/03,0
5/7/03,0
5/8/03,0
5/9/03,0
5/10/03,0
5/11/03,0
5/12/03,0
5/13/03,0
5/14/03,0
5/15/03,0
5/16/03,0
5/17/03,0
5/18/03,0
5/19/03,0
5/20/03,0
5/21/03,0
5/22/03,0
5/23/03,0
5/24/03,0
5/25/03,0
5/26/03,2.3
5/27/03,9.87
5/28/03,5.83
5/29/03,0.4
5/30/03,0
5/31/03,0
6/1/03,1.29
6/2/03,1.32
6/3/03,0
6/4/03,0
6/5/03,0
6/6/03,0
6/7/03,0
6/8/03,0
6/9/03,0
6/10/03,0
6/11/03,0
6/12/03,0
6/13/03,0
6/14/03,0
6/15/03,0
6/16/03,4.11
6/17/03,0.45
6/18/03,0.43
6/19/03,3.46
6/20/03,4.02
6/21/03,1.02
6/22/03,0
6/23/03,0
6/24/03,0
6/25/03,0
6/26/03,0
6/27/03,0
6/28/03,0
6/29/03,0
6/30/03,0
7/1/03,0
7/2/03,0
7/3/03,0
7/4/03,0
7/5/03,0
7/6/03,0
7/7/03,0
7/8/03,0
7/9/03,0
7/10/03,0
7/11/03,0
7/12/03,0
7/13/03,0
7/14/03,0
7/15/03,0
7/16/03,0
7/17/03,0
7/18/03,0
7/19/03,0
7/20/03,0
7/21/03,0.98
7/22/03,0
7/23/03,1.66
7/24/03,0
7/25/03,0
7/26/03,0
7/27/03,9.43
7/28/03,7.97
7/29/03,5.08
7/30/03,2.45
7/31/03,0
8/1/03,0.67
8/2/03,0
8/3/03,0
8/4/03,0.32
8/5/03,0
8/6/03,0
8/7/03,5.72
8/8/03,1.66
8/9/03,11.31
8/10/03,4.37
8/11/03,3.92
8/12/03,1.25
8/13/03,4.2
8/14/03,8.21
8/15/03,1.46
8/16/03,1.37
8/17/03,1.46
8/18/03,0.73
8/19/03,4.75
8/20/03,0.76
8/21/03,0
8/22/03,0
8/23/03,1.61
8/24/03,1.45
8/25/03,5.53
8/26/03,1.03
8/27/03,0.97
8/28/03,2.64
8/29/03,1.51
8/30/03,0
8/31/03,5.27
9/1/03,0
9/2/03,0
9/3/03,0
9/4/03,4.33
9/5/03,0.75
9/6/03,0
9/7/03,1.35
9/8/03,0
9/9/03,1.62
9/10/03,15.85
9/11/03,7.37
9/12/03,0
9/13/03,0
9/14/03,0
9/15/03,0
9/16/03,0
9/17/03,0
9/18/03,0
9/19/03,0
9/20/03,0
9/21/03,0
9/22/03,0
9/23/03,0
9/24/03,0
9/25/03,0
9/26/03,0
9/27/03,0
9/28/03,0
9/29/03,0
9/30/03,0
10/1/03,0
10/2/03,0
10/3/03,2.2
10/4/03,9.87
10/5/03,2.96
10/6/03,0
10/7/03,0.33
10/8/03,6.66
10/9/03,0
10/10/03,1.24
10/11/03,3.27
10/12/03,0
10/13/03,0
10/14/03,0
10/15/03,0
10/16/03,0
10/17/03,0
10/18/03,0
10/19/03,0
10/20/03,0
10/21/03,0
10/22/03,0
10/23/03,0
10/24/03,0
10/25/03,0
10/26/03,0
10/27/03,0
10/28/03,0
10/29/03,0
10/30/03,0
10/31/03,0
11/1/03,0
11/2/03,0
11/3/03,0
11/4/03,0
11/5/03,0
11/6/03,0
11/7/03,0
11/8/03,0
11/9/03,0
11/10/03,0
11/11/03,0
11/12/03,0
11/13/03,14.96
11/14/03,6.35
11/15/03,0
11/16/03,0
11/17/03,0.79
11/18/03,0.54
11/19/03,0
11/20/03,0.39
11/21/03,0
11/22/03,1.14
11/23/03,0
11/24/03,0
11/25/03,1.5
11/26/03,0
11/27/03,0
11/28/03,0
11/29/03,0
11/30/03,0
12/1/03,0
12/2/03,0
12/3/03,0
12/4/03,0
12/5/03,0
12/6/03,0
12/7/03,1.84
12/8/03,0
12/9/03,2.87
12/10/03,0
12/11/03,0
12/12/03,3.74
12/13/03,0.69
12/14/03,0.54
12/15/03,0.4
12/16/03,0.39
12/17/03,0
12/18/03,0
12/19/03,0
12/20/03,0
12/21/03,0
12/22/03,0.49
12/23/03,0
12/24/03,0
12/25/03,0
12/26/03,0
12/27/03,0.66
12/28/03,0
12/29/03,0
12/30/03,0.68
12/31/03,0
1/1/04,0.63
1/2/04,0
1/3/04,0
1/4/04,0
1/5/04,0
1/6/04,0
1/7/04,0
1/8/04,0
1/9/04,0
1/10/04,0
1/11/04,0
1/12/04,0
1/13/04,0
1/14/04,0
1/15/04,0
1/16/04,1.58
1/17/04,0
1/18/04,0
1/19/04,0
1/20/04,0
1/21/04,7.95
1/22/04,0
1/23/04,0
1/24/04,0.95
1/25/04,0
1/26/04,0.92
1/27/04,0
1/28/04,0
1/29/04,0.56
1/30/04,0
1/31/04,1.04
2/1/04,6.09
2/2/04,1.51
2/3/04,3.47
2/4/04,6.11
2/5/04,0
2/6/04,0
2/7/04,0
2/8/04,0
2/9/04,0
2/10/04,1.46
2/11/04,0
2/12/04,5.39
2/13/04,0
2/14/04,0.48
2/15/04,0
2/16/04,0
2/17/04,0.5
2/18/04,1.37
2/19/04,0
2/20/04,1.5
2/21/04,0
2/22/04,2.41
2/23/04,0
2/24/04,9.38
2/25/04,5.52
2/26/04,0
2/27/04,0.48
2/28/04,0.61
2/29/04,0
3/1/04,0.92
3/2/04,0
3/3/04,6.08
3/4/04,6.8
3/5/04,7.92
3/6/04,1.37
3/7/04,1.03
3/8/04,0.52
3/9/04,0
3/10/04,0
3/11/04,0
3/12/04,0
3/13/04,0
3/14/04,0
3/15/04,0
3/16/04,0
3/17/04,0
3/18/04,0
3/19/04,0
3/20/04,0
3/21/04,0
3/22/04,0
3/23/04,0
3/24/04,0
3/25/04,0
3/26/04,0
3/27/04,0
3/28/04,0
3/29/04,0
3/30/04,0
3/31/04,0
4/1/04,0
4/2/04,6.66
4/3/04,40.04
4/4/04,12.38
4/5/04,2.9
4/6/04,0
4/7/04,1.95
4/8/04,9.33
4/9/04,6.43
4/10/04,3.79
4/11/04,12.72
4/12/04,2.44
4/13/04,0
4/14/04,0
4/15/04,0
4/16/04,0
4/17/04,0
4/18/04,0.59
4/19/04,0
4/20/04,0
4/21/04,0
4/22/04,0
4/23/04,7.4
4/24/04,4.74
4/25/04,0
4/26/04,0
4/27/04,0
4/28/04,0
4/29/04,0
4/30/04,5.49
5/1/04,0.89
5/2/04,0
5/3/04,0
5/4/04,0
5/5/04,0
5/6/04,0
5/7/04,0
5/8/04,0
5/9/04,0
5/10/04,0
5/11/04,0
5/12/04,0
5/13/04,0
5/14/04,0
5/15/04,0
5/16/04,0
5/17/04,0
5/18/04,0
5/19/04,0
5/20/04,0
5/21/04,0
5/22/04,0
5/23/04,0
5/24/04,0
5/25/04,0
5/26/04,0
5/27/04,0
5/28/04,0
5/29/04,0
5/30/04,0
5/31/04,0
6/1/04,0
6/2/04,0
6/3/04,0
6/4/04,0
6/5/04,0
6/6/04,0
6/7/04,0
6/8/04,0
6/9/04,0
6/10/04,0
6/11/04,0
6/12/04,0
6/13/04,0
6/14/04,0
6/15/04,0
6/16/04,0
6/17/04,0
6/18/04,0
6/19/04,0
6/20/04,0
6/21/04,0
6/22/04,0
6/23/04,0.36
6/24/04,0
6/25/04,0
6/26/04,0.42
6/27/04,0.57
6/28/04,0.48
6/29/04,2.77
6/30/04,15.16
7/1/04,0
7/2/04,0
7/3/04,0
7/4/04,0
7/5/04,0
7/6/04,0
7/7/04,0
7/8/04,0
7/9/04,0
7/10/04,0
7/11/04,0
7/12/04,0
7/13/04,0.55
7/14/04,2.55
7/15/04,2.82
7/16/04,2.6
7/17/04,0
7/18/04,3.64
7/19/04,6.02
7/20/04,2.72
7/21/04,1.57
7/22/04,5.84
7/23/04,2.7
7/24/04,7.86
7/25/04,10.78
7/26/04,4.16
7/27/04,0
7/28/04,2.52
7/29/04,2.68
7/30/04,1.11
7/31/04,0.34
8/1/04,0
8/2/04,0
8/3/04,2.6
8/4/04,0
8/5/04,0
8/6/04,5.91
8/7/04,0.44
8/8/04,0.82
8/9/04,0
8/10/04,1.08
8/11/04,1.44
8/12/04,0
8/13/04,2.65
8/14/04,0.87
8/15/04,0
8/16/04,1.74
8/17/04,0
8/18/04,0
8/19/04,0.7
8/20/04,6.5
8/21/04,1.66
8/22/04,3.59
8/23/04,0
8/24/04,0
8/25/04,0
8/26/04,0
8/27/04,0
8/28/04,0
8/29/04,0
8/30/04,0
8/31/04,0
9/1/04,1.91
9/2/04,0
9/3/04,0
9/4/04,2.2
9/5/04,8.81
9/6/04,0
9/7/04,0
9/8/04,0
9/9/04,0
9/10/04,0
9/11/04,0
9/12/04,0
9/13/04,0
9/14/04,0
9/15/04,0
9/16/04,0
9/17/04,0
9/18/04,0
9/19/04,9.13
9/20/04,14.46
9/21/04,0
9/22/04,0
9/23/04,0
9/24/04,0
9/25/04,0
9/26/04,4.86
9/27/04,1.71
9/28/04,3.04
9/29/04,0.76
9/30/04,3.15
10/1/04,0
10/2/04,0.76
10/3/04,0
10/4/04,0.71
10/5/04,6.3
10/6/04,7.74
10/7/04,0.56
10/8/04,0
10/9/04,0
10/10/04,0
10/11/04,1.32
10/12/04,1.1
10/13/04,2.26
10/14/04,6.24
10/15/04,0
10/16/04,0
10/17/04,0.76
10/18/04,2.83
10/19/04,0
10/20/04,0
10/21/04,0
10/22/04,1.4
10/23/04,1.43
10/24/04,0
10/25/04,0
10/26/04,3.96
10/27/04,1.64
10/28/04,1.48
10/29/04,0.76
10/30/04,0
10/31/04,0
11/1/04,0
11/2/04,0
11/3/04,0
11/4/04,0
11/5/04,0
11/6/04,0.44
11/7/04,0
11/8/04,1.01
11/9/04,0
11/10/04,2.33
11/11/04,0
11/12/04,0
11/13/04,2.04
11/14/04,0.48
11/15/04,1.19
11/16/04,0
11/17/04,0.39
11/18/04,0
11/19/04,0
11/20/04,1.6
11/21/04,9.41
11/22/04,0.7
11/23/04,1.9
11/24/04,9.81
11/25/04,0
11/26/04,0
11/27/04,0
11/28/04,1.34
11/29/04,3.5
11/30/04,3.72
12/1/04,0
12/2/04,0
12/3/04,0.38
12/4/04,0
12/5/04,2.6
12/6/04,0
12/7/04,0
12/8/04,0
12/9/04,0
12/10/04,0
12/11/04,0
12/12/04,0
12/13/04,0
12/14/04,0
12/15/04,0
12/16/04,0.4
12/17/04,0
12/18/04,0
12/19/04,0
12/20/04,0
12/21/04,0
12/22/04,4.79
12/23/04,0.68
12/24/04,0.89
12/25/04,0
12/26/04,0.68
12/27/04,0
12/28/04,0
12/29/04,1.7
12/30/04,14.2
12/31/04,0.7
1/1/05,0
1/2/05,0
1/3/05,2.07
1/4/05,8.7
1/5/05,9.61
1/6/05,1.78
1/7/05,0
1/8/05,0.42
1/9/05,1.06
1/10/05,0
1/11/05,0.36
1/12/05,2.24
1/13/05,1.84
1/14/05,0
1/15/05,0
1/16/05,0
1/17/05,0
1/18/05,0
1/19/05,0
1/20/05,0
1/21/05,0
1/22/05,0
1/23/05,0
1/24/05,0
1/25/05,0
1/26/05,0
1/27/05,3.09
1/28/05,9.13
1/29/05,1.23
1/30/05,10.55
1/31/05,2.48
2/1/05,0.5
2/2/05,2.16
2/3/05,0
2/4/05,0
2/5/05,0.86
2/6/05,1.43
2/7/05,2.17
2/8/05,2.88
2/9/05,0.47
2/10/05,0
2/11/05,2.34
2/12/05,4.26
2/13/05,5.45
2/14/05,0
2/15/05,0
2/16/05,2.28
2/17/05,1.83
2/18/05,0.55
2/19/05,3.88
2/20/05,4.22
2/21/05,1.25
2/22/05,0
2/23/05,3.58
2/24/05,2.75
2/25/05,0.68
2/26/05,0.49
2/27/05,0
2/28/05,0
3/1/05,0
3/2/05,1.93
3/3/05,0
3/4/05,0.86
3/5/05,0.42
3/6/05,2.11
3/7/05,0
3/8/05,0
3/9/05,0
3/10/05,0
3/11/05,0
3/12/05,0
3/13/05,0
3/14/05,4.95
3/15/05,21.79
3/16/05,2.79
3/17/05,1.32
3/18/05,0.87
3/19/05,0
3/20/05,1.95
3/21/05,5.88
3/22/05,0
3/23/05,0.7
3/24/05,0.8
3/25/05,1.05
3/26/05,8.46
3/27/05,2.44
3/28/05,2.09
3/29/05,0.65
3/30/05,2.29
3/31/05,1.22
4/1/05,0
4/2/05,0.62
4/3/05,0.32
4/4/05,0
4/5/05,0.99
4/6/05,0.27
4/7/05,0.27
4/8/05,0
4/9/05,0
4/10/05,0
4/11/05,1.6
4/12/05,0
4/13/05,0
4/14/05,0.73
4/15/05,0.48
4/16/05,2.91
4/17/05,8
4/18/05,0.55
4/19/05,0
4/20/05,0
4/21/05,0
4/22/05,0
4/23/05,0
4/24/05,2.41
4/25/05,10.84
4/26/05,8.49
4/27/05,0.77
4/28/05,0
4/29/05,1.11
4/30/05,1.01
5/1/05,0
5/2/05,7.61
5/3/05,3.99
5/4/05,10.34
5/5/05,0
5/6/05,0.44
5/7/05,0
5/8/05,0
5/9/05,0
5/10/05,0
5/11/05,0
5/12/05,0
5/13/05,0
5/14/05,0
5/15/05,1.25
5/16/05,0
5/17/05,0
5/18/05,0
5/19/05,0
5/20/05,0
5/21/05,0
5/22/05,0
5/23/05,0
5/24/05,0
5/25/05,0
5/26/05,0
5/27/05,0
5/28/05,0
5/29/05,0
5/30/05,0
5/31/05,1.2
6/1/05,0
6/2/05,0
6/3/05,0
6/4/05,0
6/5/05,0
6/6/05,0
6/7/05,0
6/8/05,0
6/9/05,0
6/10/05,0
6/11/05,0.34
6/12/05,3.28
6/13/05,0
6/14/05,0
6/15/05,0.46
6/16/05,0.5
6/17/05,0
6/18/05,0
6/19/05,0
6/20/05,0
6/21/05,0
6/22/05,3.62
6/23/05,0
6/24/05,0
6/25/05,0
6/26/05,3.77
6/27/05,1.29
6/28/05,0
6/29/05,0
6/30/05,0
7/1/05,0
7/2/05,0
7/3/05,0
7/4/05,0
7/5/05,0
7/6/05,0
7/7/05,0
7/8/05,0
7/9/05,0
7/10/05,0
7/11/05,0
7/12/05,0
7/13/05,0
7/14/05,0
7/15/05,0.9
7/16/05,0.34
7/17/05,0.41
7/18/05,0.33
7/19/05,5.75
7/20/05,0
7/21/05,0
7/22/05,1.76
7/23/05,0
7/24/05,1
7/25/05,1.74
7/26/05,3.22
7/27/05,5.48
7/28/05,0
7/29/05,0.45
7/30/05,0
7/31/05,0
8/1/05,0
8/2/05,0.73
8/3/05,0.73
8/4/05,0.64
8/5/05,4.47
8/6/05,1.97
8/7/05,1.07
8/8/05,1.63
8/9/05,0
8/10/05,2.23
8/11/05,0.54
8/12/05,24.3
8/13/05,13.46
8/14/05,17.38
8/15/05,2.57
8/16/05,1.55
8/17/05,1.29
8/18/05,0
8/19/05,0
8/20/05,0
8/21/05,0
8/22/05,0
8/23/05,0
8/24/05,0.44
8/25/05,0
8/26/05,0
8/27/05,0
8/28/05,0
8/29/05,0.31
8/30/05,0
8/31/05,0
9/1/05,0
9/2/05,1.67
9/3/05,0.29
9/4/05,0
9/5/05,0
9/6/05,0
9/7/05,1.32
9/8/05,1.97
9/9/05,0
9/10/05,1.03
9/11/05,0
9/12/05,0
9/13/05,0
9/14/05,0
9/15/05,0
9/16/05,0
9/17/05,0
9/18/05,0
9/19/05,0
9/20/05,0
9/21/05,0
9/22/05,0
9/23/05,4.37
9/24/05,0
9/25/05,0
9/26/05,0
9/27/05,0
9/28/05,5.8
9/29/05,34.97
9/30/05,16.06
10/1/05,0
10/2/05,0
10/3/05,0
10/4/05,2.01
10/5/05,0.61
10/6/05,0.88
10/7/05,0
10/8/05,0
10/9/05,5.66
10/10/05,4.77
10/11/05,3.68
10/12/05,0
10/13/05,0
10/14/05,0
10/15/05,0
10/16/05,7.73
10/17/05,0
10/18/05,0
10/19/05,7.59
10/20/05,0
10/21/05,0
10/22/05,0
10/23/05,0
10/24/05,0
10/25/05,0
10/26/05,0
10/27/05,0
10/28/05,0
10/29/05,0
10/30/05,0
10/31/05,0
11/1/05,0
11/2/05,0
11/3/05,0
11/4/05,0
11/5/05,0
11/6/05,0
11/7/05,0
11/8/05,0
11/9/05,0
11/10/05,0
11/11/05,0
11/12/05,1.84
11/13/05,0
11/14/05,0
11/15/05,0.54
11/16/05,0
11/17/05,0
11/18/05,0
11/19/05,0
11/20/05,0
11/21/05,0
11/22/05,0
11/23/05,0
11/24/05,0
11/25/05,0
11/26/05,0
11/27/05,1.54
11/28/05,0
11/29/05,0
11/30/05,0.97
12/1/05,0
12/2/05,0
12/3/05,1.08
12/4/05,0
12/5/05,0
12/6/05,0
12/7/05,0.88
12/8/05,0
12/9/05,0.68
12/10/05,0
12/11/05,0
12/12/05,0
12/13/05,0
12/14/05,0
12/15/05,0
12/16/05,0
12/17/05,0
12/18/05,0
12/19/05,0
12/20/05,0
12/21/05,0
12/22/05,0
12/23/05,0
12/24/05,0
12/25/05,0
12/26/05,0
12/27/05,0
12/28/05,0
12/29/05,0
12/30/05,0
12/31/05,0
1/1/06,0
1/2/06,0
1/3/06,0
1/4/06,0
1/5/06,0
1/6/06,0
1/7/06,0
1/8/06,0
1/9/06,0
1/10/06,0
1/11/06,0
1/12/06,0
1/13/06,0
1/14/06,0
1/15/06,0
1/16/06,0
1/17/06,0
1/18/06,0.49
1/19/06,0.74
1/20/06,1.83
1/21/06,0
1/22/06,0
1/23/06,0
1/24/06,0.6
1/25/06,0.48
1/26/06,4.28
1/27/06,0
1/28/06,0
1/29/06,0
1/30/06,0.48
1/31/06,0
2/1/06,0
2/2/06,0
2/3/06,0
2/4/06,0
2/5/06,0
2/6/06,0
2/7/06,0
2/8/06,0
2/9/06,0
2/10/06,0
2/11/06,0
2/12/06,0
2/13/06,0
2/14/06,0
2/15/06,1.34
2/16/06,0
2/17/06,0
2/18/06,0
2/19/06,0
2/20/06,0
2/21/06,0
2/22/06,0
2/23/06,0
2/24/06,0
2/25/06,0
2/26/06,0
2/27/06,1.13
2/28/06,0
3/1/06,0
3/2/06,0
3/3/06,0
3/4/06,0
3/5/06,0
3/6/06,0
3/7/06,0
3/8/06,0
3/9/06,1.31
3/10/06,0
3/11/06,0
3/12/06,4.6
3/13/06,5.27
3/14/06,0.42
3/15/06,2.45
3/16/06,0
3/17/06,0
3/18/06,0
3/19/06,0.57
3/20/06,2.69
3/21/06,2.85
3/22/06,4.5
3/23/06,2.33
3/24/06,0
3/25/06,0.85
3/26/06,0
3/27/06,0
3/28/06,1.65
3/29/06,1.1
3/30/06,1.78
3/31/06,0
4/1/06,0.74
4/2/06,0.61
4/3/06,0
4/4/06,0
4/5/06,0
4/6/06,1
4/7/06,0
4/8/06,0.32
4/9/06,0
4/10/06,0.29
4/11/06,0.79
4/12/06,0
4/13/06,0.32
4/14/06,0.29
4/15/06,0
4/16/06,0
4/17/06,0
4/18/06,0
4/19/06,0
4/20/06,0
4/21/06,0
4/22/06,0
4/23/06,0
4/24/06,0
4/25/06,0
4/26/06,0
4/27/06,0
4/28/06,0
4/29/06,8.29
4/30/06,0
5/1/06,0
5/2/06,0
5/3/06,0
5/4/06,0
5/5/06,0
5/6/06,0.52
5/7/06,0
5/8/06,0
5/9/06,0
5/10/06,0
5/11/06,0
5/12/06,0
5/13/06,0
5/14/06,0
5/15/06,5.7
5/16/06,3.32
5/17/06,0.39
5/18/06,0
5/19/06,0
5/20/06,0
5/21/06,0
5/22/06,0
5/23/06,0.34
5/24/06,0
5/25/06,0
5/26/06,0
5/27/06,0
5/28/06,0
5/29/06,0
5/30/06,0
5/31/06,0
6/1/06,0
6/2/06,0
6/3/06,0
6/4/06,0.32
6/5/06,0
6/6/06,0
6/7/06,0.74
6/8/06,0.45
6/9/06,3.46
6/10/06,2.08
6/11/06,0
6/12/06,0
6/13/06,0
6/14/06,0
6/15/06,0
6/16/06,0
6/17/06,0
6/18/06,0
6/19/06,0
6/20/06,0
6/21/06,0
6/22/06,0
6/23/06,0
6/24/06,0
6/25/06,0
6/26/06,3.43
6/27/06,2.95
6/28/06,1.7
6/29/06,1.69
6/30/06,0.77
7/1/06,0.38
7/2/06,1.57
7/3/06,2.01
7/4/06,8.95
7/5/06,13.74
7/6/06,5.5
7/7/06,6.19
7/8/06,2.37
7/9/06,6.38
7/10/06,3.52
7/11/06,3.28
7/12/06,0
7/13/06,0
7/14/06,0
7/15/06,0
7/16/06,0
7/17/06,0
7/18/06,0
7/19/06,0
7/20/06,0
7/21/06,0
7/22/06,1.55
7/23/06,3.58
7/24/06,0.6
7/25/06,1.65
7/26/06,3.52
7/27/06,2.63
7/28/06,10.74
7/29/06,0.99
7/30/06,0
7/31/06,0
8/1/06,6.23
8/2/06,1.36
8/3/06,1.25
8/4/06,4.81
8/5/06,2.35
8/6/06,10.79
8/7/06,5.33
8/8/06,0.62
8/9/06,5.2
8/10/06,1.15
8/11/06,7.96
8/12/06,0.51
8/13/06,1.47
8/14/06,9.25
8/15/06,6.75
8/16/06,11.28
8/17/06,0.86
8/18/06,0
8/19/06,0.66
8/20/06,9.38
8/21/06,4.69
8/22/06,0.32
8/23/06,1.35
8/24/06,7.16
8/25/06,4.57
8/26/06,0.9
8/27/06,2.34
8/28/06,0
8/29/06,0
8/30/06,0
8/31/06,0
9/1/06,0
9/2/06,4.87
9/3/06,6.99
9/4/06,0.56
9/5/06,0.37
9/6/06,0
9/7/06,1.36
9/8/06,1.63
9/9/06,2.42
9/10/06,0
9/11/06,0
9/12/06,0.67
9/13/06,0
9/14/06,0
9/15/06,3.34
9/16/06,0.45
9/17/06,0
9/18/06,0
9/19/06,0
9/20/06,0
9/21/06,15.33
9/22/06,0
9/23/06,1.32
9/24/06,2.04
9/25/06,0
9/26/06,0
9/27/06,0
9/28/06,0
9/29/06,0
9/30/06,0
10/1/06,0
10/2/06,0
10/3/06,0
10/4/06,0
10/5/06,0
10/6/06,0
10/7/06,0.29
10/8/06,2.11
10/9/06,14.07
10/10/06,12
10/11/06,0
10/12/06,0
10/13/06,0
10/14/06,0
10/15/06,6.5
10/16/06,1.09
10/17/06,0
10/18/06,0.38
10/19/06,0
10/20/06,0
10/21/06,0
10/22/06,0
10/23/06,0
10/24/06,0
10/25/06,0
10/26/06,3.66
10/27/06,1.13
10/28/06,0
10/29/06,0
10/30/06,0
10/31/06,0
11/1/06,0
11/2/06,0
11/3/06,0
11/4/06,0
11/5/06,0
11/6/06,0
11/7/06,0
11/8/06,0
11/9/06,0
11/10/06,0
11/11/06,0
11/12/06,0
11/13/06,0
11/14/06,0
11/15/06,0
11/16/06,0
11/17/06,0
11/18/06,0
11/19/06,0
11/20/06,0
11/21/06,0
11/22/06,0
11/23/06,0
11/24/06,0
11/25/06,0.44
11/26/06,0
11/27/06,0
11/28/06,0
11/29/06,1.01
11/30/06,9.74
12/1/06,0
12/2/06,0
12/3/06,1.75
12/4/06,0
12/5/06,0
12/6/06,0
12/7/06,0.56
12/8/06,0
12/9/06,0
12/10/06,0
12/11/06,1.69
12/12/06,1.65
12/13/06,0
12/14/06,0
12/15/06,0
12/16/06,0
12/17/06,0
12/18/06,0
12/19/06,2.55
12/20/06,4.28
12/21/06,7.06
12/22/06,0
12/23/06,0
12/24/06,0
12/25/06,0
12/26/06,0
12/27/06,0
12/28/06,0
12/29/06,12.82
12/30/06,9.68
12/31/06,10.81
1/1/07,0
1/2/07,0
1/3/07,0
1/4/07,0.32
1/5/07,0
1/6/07,2.94
1/7/07,0
1/8/07,0
1/9/07,0
1/10/07,0
1/11/07,0
1/12/07,0.31
1/13/07,2.03
1/14/07,1.77
1/15/07,4.41
1/16/07,0
1/17/07,0
1/18/07,0
1/19/07,0
1/20/07,1.97
1/21/07,2.57
1/22/07,0
1/23/07,0
1/24/07,0
1/25/07,0
1/26/07,0
1/27/07,0
1/28/07,0
1/29/07,0
1/30/07,0
1/31/07,6.58
2/1/07,6.54
2/2/07,1.42
2/3/07,0.27
2/4/07,0
2/5/07,0
2/6/07,0
2/7/07,0
2/8/07,0
2/9/07,0
2/10/07,0
2/11/07,0
2/12/07,5.71
2/13/07,2.41
2/14/07,2.43
2/15/07,4.13
2/16/07,0
2/17/07,0
2/18/07,0
2/19/07,0
2/20/07,2.28
2/21/07,0
2/22/07,0
2/23/07,0
2/24/07,1.01
2/25/07,0.89
2/26/07,0
2/27/07,0
2/28/07,0
3/1/07,1.11
3/2/07,0
3/3/07,0
3/4/07,0
3/5/07,0
3/6/07,0
3/7/07,0
3/8/07,0
3/9/07,0
3/10/07,0
3/11/07,0
3/12/07,0
3/13/07,0
3/14/07,0
3/15/07,0
3/16/07,0
3/17/07,0
3/18/07,0
3/19/07,0
3/20/07,0
3/21/07,0
3/22/07,1.4
3/23/07,3.21
3/24/07,11.31
3/25/07,5.74
3/26/07,0
3/27/07,0
3/28/07,0
3/29/07,0
3/30/07,0
3/31/07,1.04
4/1/07,0
4/2/07,0
4/3/07,0
4/4/07,0
4/5/07,0
4/6/07,0
4/7/07,0.34
4/8/07,0.82
4/9/07,2.56
4/10/07,0.65
4/11/07,0
4/12/07,1.37
4/13/07,5.61
4/14/07,3.34
4/15/07,0.28
4/16/07,0
4/17/07,0.3
4/18/07,0
4/19/07,0
4/20/07,0
4/21/07,0
4/22/07,0.87
4/23/07,0
4/24/07,6.51
4/25/07,5.34
4/26/07,0
4/27/07,0
4/28/07,0
4/29/07,0
4/30/07,0
5/1/07,0
5/2/07,8.21
5/3/07,4.21
5/4/07,0
5/5/07,0
5/6/07,1.63
5/7/07,0
5/8/07,0
5/9/07,5.79
5/10/07,0
5/11/07,0
5/12/07,0
5/13/07,0
5/14/07,0
5/15/07,0
5/16/07,6.28
5/17/07,4.27
5/18/07,2.92
5/19/07,0.55
5/20/07,1.48
5/21/07,2.52
5/22/07,0
5/23/07,0
5/24/07,4.7
5/25/07,0
5/26/07,4.35
5/27/07,0
5/28/07,0
5/29/07,0
5/30/07,0
5/31/07,0
6/1/07,0
6/2/07,0
6/3/07,0
6/4/07,1.23
6/5/07,2.25
6/6/07,0
6/7/07,0
6/8/07,0
6/9/07,0
6/10/07,5.45
6/11/07,0.35
6/12/07,6.76
6/13/07,1.87
6/14/07,0.35
6/15/07,0.81
6/16/07,0
6/17/07,3.48
6/18/07,0
6/19/07,0
6/20/07,0
6/21/07,0.42
6/22/07,0
6/23/07,0
6/24/07,0
6/25/07,0
6/26/07,0
6/27/07,0
6/28/07,1.48
6/29/07,3.09
6/30/07,0
7/1/07,1.54
7/2/07,0
7/3/07,0
7/4/07,0
7/5/07,4.07
7/6/07,0
7/7/07,1.06
7/8/07,0
7/9/07,0
7/10/07,0
7/11/07,0
7/12/07,1.97
7/13/07,4.65
7/14/07,4.23
7/15/07,0.98
7/16/07,0.58
7/17/07,0
7/18/07,0
7/19/07,0
7/20/07,11.11
7/21/07,0
7/22/07,6.72
7/23/07,0
7/24/07,1.96
7/25/07,0.61
7/26/07,0
7/27/07,7.93
7/28/07,0.64
7/29/07,1.51
7/30/07,3.99
7/31/07,2.83
8/1/07,0
8/2/07,3.82
8/3/07,2.7
8/4/07,1.62
8/5/07,1.52
8/6/07,2.12
8/7/07,6.18
8/8/07,4.5
8/9/07,0
8/10/07,0
8/11/07,0
8/12/07,0.96
8/13/07,0
8/14/07,0.85
8/15/07,1.37
8/16/07,0
8/17/07,1.47
8/18/07,0
8/19/07,0
8/20/07,0
8/21/07,0
8/22/07,0
8/23/07,0
8/24/07,1.27
8/25/07,0
8/26/07,0
8/27/07,0.32
8/28/07,1.26
8/29/07,0
8/30/07,8
8/31/07,0.88
9/1/07,2.12
9/2/07,6.67
9/3/07,1.65
9/4/07,2.19
9/5/07,1.65
9/6/07,0
9/7/07,0
9/8/07,0
9/9/07,0
9/10/07,10.83
9/11/07,0.57
9/12/07,0
9/13/07,0
9/14/07,0
9/15/07,0
9/16/07,0
9/17/07,0
9/18/07,8.43
9/19/07,0.55
9/20/07,4.04
9/21/07,9.72
9/22/07,0
9/23/07,0
9/24/07,8.24
9/25/07,1.08
9/26/07,0
9/27/07,0
9/28/07,0
9/29/07,5.04
9/30/07,4.05
10/1/07,0
10/2/07,4.12
10/3/07,0
10/4/07,0
10/5/07,0.79
10/6/07,0
10/7/07,0
10/8/07,0
10/9/07,0
10/10/07,0
10/11/07,0
10/12/07,0
10/13/07,0
10/14/07,0
10/15/07,0
10/16/07,0
10/17/07,0.76
10/18/07,0.65
10/19/07,0
10/20/07,0
10/21/07,0
10/22/07,0.67
10/23/07,0
10/24/07,0
10/25/07,0
10/26/07,0
10/27/07,0
10/28/07,0
10/29/07,0
10/30/07,0
10/31/07,0
11/1/07,0
11/2/07,0
11/3/07,0
11/4/07,0
11/5/07,0
11/6/07,0
11/7/07,0
11/8/07,0
11/9/07,0
11/10/07,0
11/11/07,0
11/12/07,0
11/13/07,0
11/14/07,0
11/15/07,0
11/16/07,0
11/17/07,0
11/18/07,0
11/19/07,0
11/20/07,0
11/21/07,0
11/22/07,0
11/23/07,3.25
11/24/07,5.55
11/25/07,0
11/26/07,0.54
11/27/07,0
11/28/07,0
11/29/07,0
11/30/07,0.27
12/1/07,18.92
12/2/07,7.7
12/3/07,0.68
12/4/07,0
12/5/07,0
12/6/07,0
12/7/07,0
12/8/07,6.25
12/9/07,14.63
12/10/07,0
12/11/07,15.08
12/12/07,5.29
12/13/07,0
12/14/07,0.34
12/15/07,1.98
12/16/07,0
12/17/07,0
12/18/07,0.3
12/19/07,0
12/20/07,0
12/21/07,0
12/22/07,4.13
12/23/07,0
12/24/07,0
12/25/07,0
12/26/07,2.25
12/27/07,0
12/28/07,1.1
12/29/07,0
12/30/07,0.69
12/31/07,0
1/1/08,0
1/2/08,0
1/3/08,0
1/4/08,0
1/5/08,0
1/6/08,3.44
1/7/08,10.21
1/8/08,7.54
1/9/08,0
1/10/08,0.65
1/11/08,0
1/12/08,0
1/13/08,0
1/14/08,0
1/15/08,0
1/16/08,0
1/17/08,0
1/18/08,0.35
1/19/08,0
1/20/08,0
1/21/08,0.52
1/22/08,0
1/23/08,0
1/24/08,0
1/25/08,1
1/26/08,0.72
1/27/08,0
1/28/08,5.11
1/29/08,6.34
1/30/08,0.45
1/31/08,1.48
2/1/08,0
2/2/08,0.51
2/3/08,0
2/4/08,5.17
2/5/08,9.67
2/6/08,1.52
2/7/08,0
2/8/08,0
2/9/08,0
2/10/08,0
2/11/08,0
2/12/08,0
2/13/08,0
2/14/08,0
2/15/08,0
2/16/08,0
2/17/08,0
2/18/08,0
2/19/08,0
2/20/08,0
2/21/08,0.97
2/22/08,2.65
2/23/08,2.74
2/24/08,3.26
2/25/08,7.73
2/26/08,0.56
2/27/08,0
2/28/08,0
2/29/08,0
3/1/08,0
3/2/08,0
3/3/08,3.77
3/4/08,0
3/5/08,0
3/6/08,10.97
3/7/08,3.95
3/8/08,0.47
3/9/08,0
3/10/08,2.03
3/11/08,0
3/12/08,0
3/13/08,0
3/14/08,0
3/15/08,0
3/16/08,0
3/17/08,0
3/18/08,0
3/19/08,0
3/20/08,0
3/21/08,0
3/22/08,0
3/23/08,0
3/24/08,0
3/25/08,0
3/26/08,0
3/27/08,0
3/28/08,0
3/29/08,0
3/30/08,0
3/31/08,0
4/1/08,0
4/2/08,0
4/3/08,0
4/4/08,0
4/5/08,0
4/6/08,0
4/7/08,0
4/8/08,0
4/9/08,0
4/10/08,3.61
4/11/08,2.05
4/12/08,5.5
4/13/08,0
4/14/08,0
4/15/08,0
4/16/08,0
4/17/08,0.35
4/18/08,4.57
4/19/08,0
4/20/08,0
4/21/08,0
4/22/08,0
4/23/08,0
4/24/08,0
4/25/08,0
4/26/08,0
4/27/08,0
4/28/08,0
4/29/08,0
4/30/08,0
5/1/08,0
5/2/08,0
5/3/08,0
5/4/08,0
5/5/08,0
5/6/08,0
5/7/08,0
5/8/08,0
5/9/08,0
5/10/08,0
5/11/08,0
5/12/08,0
5/13/08,0
5/14/08,0
5/15/08,7.65
5/16/08,3.95
5/17/08,0
5/18/08,0
5/19/08,0
5/20/08,0
5/21/08,0
5/22/08,1.17
5/23/08,3.55
5/24/08,2.41
5/25/08,0
5/26/08,0
5/27/08,0
5/28/08,0
5/29/08,0
5/30/08,0
5/31/08,0
6/1/08,0
6/2/08,0
6/3/08,0
6/4/08,0
6/5/08,0
6/6/08,6.22
6/7/08,0
6/8/08,0
6/9/08,0
6/10/08,0
6/11/08,0
6/12/08,0
6/13/08,0
6/14/08,0
6/15/08,0
6/16/08,0
6/17/08,0
6/18/08,0
6/19/08,0
6/20/08,0
6/21/08,0
6/22/08,0
6/23/08,0
6/24/08,0
6/25/08,0
6/26/08,0
6/27/08,0
6/28/08,0
6/29/08,3.5
6/30/08,3.34
7/1/08,1.39
7/2/08,0
7/3/08,0.49
7/4/08,0.88
7/5/08,0
7/6/08,0.3
7/7/08,1.87
7/8/08,5.07
7/9/08,5.95
7/10/08,0
7/11/08,0.3
7/12/08,15.44
7/13/08,6.86
7/14/08,2.13
7/15/08,1.53
7/16/08,2.67
7/17/08,2.56
7/18/08,1.26
7/19/08,0.93
7/20/08,2.83
7/21/08,1.14
7/22/08,2.16
7/23/08,4.28
7/24/08,0
7/25/08,2.86
7/26/08,3.08
7/27/08,11.61
7/28/08,3.97
7/29/08,1.09
7/30/08,0
7/31/08,0
8/1/08,0
8/2/08,0
8/3/08,0
8/4/08,0.46
8/5/08,1.04
8/6/08,0
8/7/08,0.88
8/8/08,1.75
8/9/08,1.98
8/10/08,2.14
8/11/08,1.72
8/12/08,0
8/13/08,0
8/14/08,0
8/15/08,1.45
8/16/08,1.92
8/17/08,12.48
8/18/08,3.89
8/19/08,0.34
8/20/08,0
8/21/08,0
8/22/08,0
8/23/08,0
8/24/08,1.55
8/25/08,3.69
8/26/08,0
8/27/08,2.15
8/28/08,0
8/29/08,0
8/30/08,2.77
8/31/08,1.53
9/1/08,10.44
9/2/08,1.86
9/3/08,0
9/4/08,0.75
9/5/08,0
9/6/08,0
9/7/08,0
9/8/08,0
9/9/08,0
9/10/08,2.14
9/11/08,0
9/12/08,0
9/13/08,0.93
9/14/08,0
9/15/08,0
9/16/08,0
9/17/08,0
9/18/08,0
9/19/08,0
9/20/08,0
9/21/08,0
9/22/08,1.02
9/23/08,1.33
9/24/08,0
9/25/08,0
9/26/08,0
9/27/08,0
9/28/08,0
9/29/08,0
9/30/08,0
10/1/08,0
10/2/08,0
10/3/08,0
10/4/08,0
10/5/08,14.26
10/6/08,2.94
10/7/08,0
10/8/08,0
10/9/08,0
10/10/08,0
10/11/08,0.76
10/12/08,16.41
10/13/08,0.29
10/14/08,2.15
10/15/08,8.74
10/16/08,0
10/17/08,0
10/18/08,0
10/19/08,0
10/20/08,0
10/21/08,0.31
10/22/08,0
10/23/08,0
10/24/08,0
10/25/08,0
10/26/08,0
10/27/08,0
10/28/08,0
10/29/08,0
10/30/08,0
10/31/08,0
11/1/08,0
11/2/08,0
11/3/08,0
11/4/08,0
11/5/08,0.47
11/6/08,1.17
11/7/08,0
11/8/08,0.31
11/9/08,0
11/10/08,2.63
11/11/08,3.61
11/12/08,0
11/13/08,0
11/14/08,0
11/15/08,0
11/16/08,0
11/17/08,0
11/18/08,0
11/19/08,0
11/20/08,0
11/21/08,0
11/22/08,0
11/23/08,0
11/24/08,0
11/25/08,0
11/26/08,0.97
11/27/08,0
11/28/08,8.8
11/29/08,0.84
11/30/08,0.32
12/1/08,0
12/2/08,0
12/3/08,0
12/4/08,0
12/5/08,0
12/6/08,0
12/7/08,0
12/8/08,0
12/9/08,8.63
12/10/08,2.01
12/11/08,0
12/12/08,0
12/13/08,4.52
12/14/08,3.93
12/15/08,2.79
12/16/08,14.94
12/17/08,2.68
12/18/08,0.5
12/19/08,3.48
12/20/08,0
12/21/08,0
12/22/08,0.28
12/23/08,6.98
12/24/08,3.23
12/25/08,1.07
12/26/08,2.44
12/27/08,4.35
12/28/08,0
12/29/08,0.77
12/30/08,0
12/31/08,0
1/1/09,0
1/2/09,0
1/3/09,0
1/4/09,1.51
1/5/09,5.41
1/6/09,0.33
1/7/09,0
1/8/09,0
1/9/09,0
1/10/09,2.88
1/11/09,0
1/12/09,0
1/13/09,0
1/14/09,0
1/15/09,0
1/16/09,0
1/17/09,0
1/18/09,0
1/19/09,0
1/20/09,0
1/21/09,0
1/22/09,0
1/23/09,0
1/24/09,0
1/25/09,0.37
1/26/09,0
1/27/09,1.24
1/28/09,1.2
1/29/09,0
1/30/09,0
1/31/09,0
2/1/09,0
2/2/09,0
2/3/09,0
2/4/09,0
2/5/09,0
2/6/09,0
2/7/09,0
2/8/09,0
2/9/09,3.3
2/10/09,0.85
2/11/09,3.42
2/12/09,0
2/13/09,0
2/14/09,0
2/15/09,0
2/16/09,0
2/17/09,0
2/18/09,0
2/19/09,0
2/20/09,0
2/21/09,0
2/22/09,0
2/23/09,0
2/24/09,0
2/25/09,0
2/26/09,0
2/27/09,0
2/28/09,0
3/1/09,0
3/2/09,0
3/3/09,0
3/4/09,0
3/5/09,0
3/6/09,0
3/7/09,0.27
3/8/09,0
3/9/09,1.32
3/10/09,3.22
3/11/09,0
3/12/09,0
3/13/09,1.55
3/14/09,6.32
3/15/09,0
3/16/09,0
3/17/09,0
3/18/09,0
3/19/09,0
3/20/09,0
3/21/09,0
3/22/09,0
3/23/09,0
3/24/09,0
3/25/09,0
3/26/09,0
3/27/09,12.57
3/28/09,1.71
3/29/09,0
3/30/09,0
3/31/09,0
4/1/09,0
4/2/09,0
4/3/09,0
4/4/09,0
4/5/09,0.31
4/6/09,0
4/7/09,0
4/8/09,0
4/9/09,0
4/10/09,0
4/11/09,2.72
4/12/09,14.79
4/13/09,5.95
4/14/09,0
4/15/09,0.27
4/16/09,0
4/17/09,3.7
4/18/09,6.08
4/19/09,0.31
4/20/09,0
4/21/09,0
4/22/09,0
4/23/09,0
4/24/09,0
4/25/09,0
4/26/09,0
4/27/09,0
4/28/09,0
4/29/09,0
4/30/09,0
5/1/09,0
5/2/09,0
5/3/09,6.39
5/4/09,0
5/5/09,0
5/6/09,0
5/7/09,0
5/8/09,0
5/9/09,0
5/10/09,0
5/11/09,0
5/12/09,0
5/13/09,0
5/14/09,0
5/15/09,0
5/16/09,0
5/17/09,0.52
5/18/09,0
5/19/09,0
5/20/09,0
5/21/09,0.71
5/22/09,2.89
5/23/09,0.91
5/24/09,4.55
5/25/09,9.96
5/26/09,2.57
5/27/09,1.42
5/28/09,5.29
5/29/09,0
5/30/09,0
5/31/09,0.34
6/1/09,0
6/2/09,0
6/3/09,1.21
6/4/09,0
6/5/09,0
6/6/09,0
6/7/09,0
6/8/09,0
6/9/09,0
6/10/09,10.77
6/11/09,11.26
6/12/09,0
6/13/09,0
6/14/09,0
6/15/09,4.26
6/16/09,0
6/17/09,0
6/18/09,0
6/19/09,0
6/20/09,5.77
6/21/09,7.52
6/22/09,0
6/23/09,0
6/24/09,2.93
6/25/09,0
6/26/09,8.18
6/27/09,1.45
6/28/09,0
6/29/09,2.29
6/30/09,0.51
7/1/09,0.48
7/2/09,0.47
7/3/09,0
7/4/09,2.13
7/5/09,2.35
7/6/09,1.73
7/7/09,1.7
7/8/09,0
7/9/09,0
7/10/09,0.55
7/11/09,0
7/12/09,0
7/13/09,0.93
7/14/09,0
7/15/09,0
7/16/09,0
7/17/09,0
7/18/09,0
7/19/09,0
7/20/09,0.54
7/21/09,0
7/22/09,14.2
7/23/09,0.43
7/24/09,0
7/25/09,0
7/26/09,2.43
7/27/09,8.79
7/28/09,0.32
7/29/09,2.6
7/30/09,6.82
7/31/09,2.01
8/1/09,0.3
8/2/09,0
8/3/09,0
8/4/09,0
8/5/09,0.39
8/6/09,1.24
8/7/09,0
8/8/09,0
8/9/09,0
8/10/09,0
8/11/09,0
8/12/09,0
8/13/09,0
8/14/09,4.87
8/15/09,9.55
8/16/09,0
8/17/09,0
8/18/09,0
8/19/09,0
8/20/09,0
8/21/09,0
8/22/09,0
8/23/09,0.34
8/24/09,5.47
8/25/09,2.91
8/26/09,0.58
8/27/09,0
8/28/09,0
8/29/09,0
8/30/09,0
8/31/09,0
9/1/09,0.32
9/2/09,0
9/3/09,1.69
9/4/09,2.54
9/5/09,0.83
9/6/09,4.24
9/7/09,0.74
9/8/09,0
9/9/09,0
9/10/09,1.89
9/11/09,0.73
9/12/09,0.54
9/13/09,8.77
9/14/09,2.4
9/15/09,0.33
9/16/09,3.72
9/17/09,5.06
9/18/09,3.65
9/19/09,1.67
9/20/09,0.33
9/21/09,3.11
9/22/09,0
9/23/09,0.33
9/24/09,6.47
9/25/09,5.08
9/26/09,0.34
9/27/09,0
9/28/09,0
9/29/09,0
9/30/09,0
10/1/09,0
10/2/09,0
10/3/09,0
10/4/09,0
10/5/09,0
10/6/09,0
10/7/09,1.5
10/8/09,3.17
10/9/09,2.46
10/10/09,0
10/11/09,0
10/12/09,0
10/13/09,6.14
10/14/09,1.35
10/15/09,0
10/16/09,0
10/17/09,0
10/18/09,0
10/19/09,0
10/20/09,0
10/21/09,18.75
10/22/09,5.92
10/23/09,0
10/24/09,0
10/25/09,0
10/26/09,4.58
10/27/09,0.48
10/28/09,1.21
10/29/09,1.22
10/30/09,1.4
10/31/09,0
11/1/09,0
11/2/09,0
11/3/09,0
11/4/09,0
11/5/09,0
11/6/09,0
11/7/09,0
11/8/09,0
11/9/09,0
11/10/09,0
11/11/09,0
11/12/09,0
11/13/09,0
11/14/09,2.05
11/15/09,1.47
11/16/09,1.7
11/17/09,0
11/18/09,0
11/19/09,0
11/20/09,0
11/21/09,0
11/22/09,0
11/23/09,0
11/24/09,0
11/25/09,0
11/26/09,0
11/27/09,0
11/28/09,0
11/29/09,2.61
11/30/09,0.31
12/1/09,0
12/2/09,0
12/3/09,0.98
12/4/09,0
12/5/09,0
12/6/09,0
12/7/09,0
12/8/09,11.91
12/9/09,2.69
12/10/09,0
12/11/09,0
12/12/09,0
12/13/09,0
12/14/09,2.44
12/15/09,0
12/16/09,0
12/17/09,0
12/18/09,0
12/19/09,0
12/20/09,0
12/21/09,0
12/22/09,0
12/23/09,1.85
12/24/09,1.99
12/25/09,0
12/26/09,0
12/27/09,0
12/28/09,0
12/29/09,0
12/30/09,0.73
12/31/09,4.13
1/1/10,0
1/2/10,0
1/3/10,0
1/4/10,0
1/5/10,0
1/6/10,0
1/7/10,0
1/8/10,0
1/9/10,0
1/10/10,0
1/11/10,0
1/12/10,0
1/13/10,0
1/14/10,0
1/15/10,0
1/16/10,0
1/17/10,0
1/18/10,0
1/19/10,3.62
1/20/10,5.51
1/21/10,1.22
1/22/10,7.97
1/23/10,5.41
1/24/10,0
1/25/10,0
1/26/10,0
1/27/10,0
1/28/10,1.14
1/29/10,2.8
1/30/10,0
1/31/10,0
2/1/10,0
2/2/10,0
2/3/10,0
2/4/10,7.89
2/5/10,0
2/6/10,0
2/7/10,0
2/8/10,2.38
2/9/10,2.16
2/10/10,0.99
2/11/10,0.3
2/12/10,0
2/13/10,0
2/14/10,0
2/15/10,0
2/16/10,0
2/17/10,0
2/18/10,0
2/19/10,0
2/20/10,0
2/21/10,0.39
2/22/10,7.88
2/23/10,5.03
2/24/10,0
2/25/10,0.4
2/26/10,0.89
2/27/10,0
2/28/10,0.36
3/1/10,4.54
3/2/10,1
3/3/10,0
3/4/10,0
3/5/10,0
3/6/10,0
3/7/10,0
3/8/10,20.91
3/9/10,4.13
3/10/10,7.74
3/11/10,4.79
3/12/10,0
3/13/10,0
3/14/10,0
3/15/10,8.9
3/16/10,0
3/17/10,0
3/18/10,0
3/19/10,0
3/20/10,11.38
3/21/10,0
3/22/10,0
3/23/10,0
3/24/10,7.66
3/25/10,0
3/26/10,0
3/27/10,0
3/28/10,0
3/29/10,0
3/30/10,0
3/31/10,0
4/1/10,0
4/2/10,0.38
4/3/10,0
4/4/10,0
4/5/10,0
4/6/10,0
4/7/10,0
4/8/10,0
4/9/10,0
4/10/10,0
4/11/10,0
4/12/10,0
4/13/10,0.51
4/14/10,0
4/15/10,0
4/16/10,0
4/17/10,9.93
4/18/10,2.23
4/19/10,0
4/20/10,0
4/21/10,0
4/22/10,3.07
4/23/10,6.57
4/24/10,0
4/25/10,0
4/26/10,0
4/27/10,0
4/28/10,0.39
4/29/10,0
4/30/10,3.41
5/1/10,0
5/2/10,0
5/3/10,1.38
5/4/10,0
5/5/10,0
5/6/10,0
5/7/10,0
5/8/10,0
5/9/10,0
5/10/10,0
5/11/10,0
5/12/10,0
5/13/10,0
5/14/10,0
5/15/10,21.31
5/16/10,0
5/17/10,0
5/18/10,0
5/19/10,0
5/20/10,0
5/21/10,0
5/22/10,0
5/23/10,0
5/24/10,0
5/25/10,0
5/26/10,0
5/27/10,0
5/28/10,0
5/29/10,0
5/30/10,0
5/31/10,0
6/1/10,0
6/2/10,0
6/3/10,0
6/4/10,0
6/5/10,0
6/6/10,0
6/7/10,0
6/8/10,0
6/9/10,0
6/10/10,0
6/11/10,0
6/12/10,0
6/13/10,0
6/14/10,0
6/15/10,0
6/16/10,0
6/17/10,0
6/18/10,0
6/19/10,0
6/20/10,0
6/21/10,0
6/22/10,0
6/23/10,0
6/24/10,0
6/25/10,0
6/26/10,3.18
6/27/10,0
6/28/10,0
6/29/10,0
6/30/10,0
7/1/10,0
7/2/10,0.72
7/3/10,6.09
7/4/10,2.83
7/5/10,0
7/6/10,0
7/7/10,0
7/8/10,0.96
7/9/10,5.58
7/10/10,0
7/11/10,0.66
7/12/10,0
7/13/10,0
7/14/10,0
7/15/10,1.06
7/16/10,0.43
7/17/10,0
7/18/10,0
7/19/10,0.81
7/20/10,0.95
7/21/10,1.15
7/22/10,9.34
7/23/10,2.31
7/24/10,8.18
7/25/10,8
7/26/10,14.09
7/27/10,5.31
7/28/10,2.91
7/29/10,5.79
7/30/10,1.9
7/31/10,3.06
8/1/10,4.59
8/2/10,0
8/3/10,6.34
8/4/10,10.98
8/5/10,4.27
8/6/10,0
8/7/10,0.53
8/8/10,0
8/9/10,0
8/10/10,0
8/11/10,0
8/12/10,0
8/13/10,2.83
8/14/10,0
8/15/10,0
8/16/10,0
8/17/10,3.34
8/18/10,0
8/19/10,0.93
8/20/10,0
8/21/10,0
8/22/10,0
8/23/10,3.68
8/24/10,5.47
8/25/10,0
8/26/10,0
8/27/10,0
8/28/10,0
8/29/10,4.31
8/30/10,5.74
8/31/10,0.78
9/1/10,0
9/2/10,0
9/3/10,0
9/4/10,0
9/5/10,0
9/6/10,0
9/7/10,0
9/8/10,0
9/9/10,1.61
9/10/10,0
9/11/10,0
9/12/10,0
9/13/10,0
9/14/10,0
9/15/10,0
9/16/10,0
9/17/10,0
9/18/10,0
9/19/10,0
9/20/10,0
9/21/10,1.94
9/22/10,0
9/23/10,29.26
9/24/10,0
9/25/10,0
9/26/10,0
9/27/10,0
9/28/10,0
9/29/10,0
9/30/10,0
10/1/10,0
10/2/10,0
10/3/10,0
10/4/10,0
10/5/10,0
10/6/10,0
10/7/10,0
10/8/10,0
10/9/10,2.96
10/10/10,0
10/11/10,0
10/12/10,0
10/13/10,0
10/14/10,0
10/15/10,0
10/16/10,0
10/17/10,0
10/18/10,0
10/19/10,0
10/20/10,0
10/21/10,11.68
10/22/10,7.9
10/23/10,3.47
10/24/10,0
10/25/10,0.31
10/26/10,0.96
10/27/10,0
10/28/10,0
10/29/10,0
10/30/10,0
10/31/10,0
11/1/10,0
11/2/10,0
11/3/10,0
11/4/10,0
11/5/10,0
11/6/10,0
11/7/10,0
11/8/10,0
11/9/10,0
11/10/10,0
11/11/10,0
11/12/10,0
11/13/10,0
11/14/10,0.52
11/15/10,0
11/16/10,0.53
11/17/10,0.52
11/18/10,0
11/19/10,0.26
11/20/10,0
11/21/10,0
11/22/10,0.92
11/23/10,0.55
11/24/10,0.74
11/25/10,0
11/26/10,0
11/27/10,0
11/28/10,0
11/29/10,0.52
11/30/10,1.48
12/1/10,0
12/2/10,0
12/3/10,0
12/4/10,0
12/5/10,0
12/6/10,0
12/7/10,0
12/8/10,0
12/9/10,0
12/10/10,0
12/11/10,0
12/12/10,0
12/13/10,0
12/14/10,0
12/15/10,0
12/16/10,0.34
12/17/10,11.23
12/18/10,3.93
12/19/10,0.31
12/20/10,0
12/21/10,0
12/22/10,1.55
12/23/10,1.25
12/24/10,1.28
12/25/10,0
12/26/10,0
12/27/10,0
12/28/10,0
12/29/10,0
12/30/10,5.29
12/31/10,2.91
1/1/11,1.23
1/2/11,0
1/3/11,0.94
1/4/11,0
1/5/11,0.37
1/6/11,0
1/7/11,0
1/8/11,0
1/9/11,0
1/10/11,0.51
1/11/11,0
1/12/11,0
1/13/11,0
1/14/11,0
1/15/11,0
1/16/11,0
1/17/11,0
1/18/11,0
1/19/11,0
1/20/11,0
1/21/11,0
1/22/11,0
1/23/11,0
1/24/11,0
1/25/11,0
1/26/11,0.36
1/27/11,0
1/28/11,0
1/29/11,0
1/30/11,0
1/31/11,0
2/1/11,4.79
2/2/11,2.3
2/3/11,0.3
2/4/11,0.65
2/5/11,0
2/6/11,0.42
2/7/11,1.85
2/8/11,0.54
2/9/11,5.44
2/10/11,0
2/11/11,0.58
2/12/11,0
2/13/11,0
2/14/11,0
2/15/11,0
2/16/11,0
2/17/11,0
2/18/11,0
2/19/11,0.49
2/20/11,0.62
2/21/11,2.79
2/22/11,0
2/23/11,0
2/24/11,1.02
2/25/11,0.75
2/26/11,0
2/27/11,0
2/28/11,0
3/1/11,0
3/2/11,0
3/3/11,0
3/4/11,0
3/5/11,3.13
3/6/11,0
3/7/11,0
3/8/11,6.83
3/9/11,0
3/10/11,0
3/11/11,0
3/12/11,0
3/13/11,0
3/14/11,0
3/15/11,0
3/16/11,0
3/17/11,0
3/18/11,0
3/19/11,0
3/20/11,0
3/21/11,0
3/22/11,0.88
3/23/11,0
3/24/11,0
3/25/11,0
3/26/11,0
3/27/11,0.92
3/28/11,0
3/29/11,0
3/30/11,0
3/31/11,0
4/1/11,0
4/2/11,0
4/3/11,0
4/4/11,0
4/5/11,0
4/6/11,0
4/7/11,5.72
4/8/11,10.11
4/9/11,0
4/10/11,1.9
4/11/11,0
4/12/11,0
4/13/11,0
4/14/11,0
4/15/11,0
4/16/11,0
4/17/11,0
4/18/11,0
4/19/11,0
4/20/11,1.25
4/21/11,0
4/22/11,0
4/23/11,0
4/24/11,0.3
4/25/11,7.91
4/26/11,3.17
4/27/11,2.53
4/28/11,0
4/29/11,0
4/30/11,0
5/1/11,0
5/2/11,9.19
5/3/11,1.79
5/4/11,0
5/5/11,0
5/6/11,0
5/7/11,0
5/8/11,0
5/9/11,0
5/10/11,0
5/11/11,0
5/12/11,0
5/13/11,0
5/14/11,0
5/15/11,0
5/16/11,0
5/17/11,0
5/18/11,0
5/19/11,7.61
5/20/11,1.54
5/21/11,0.33
5/22/11,0
5/23/11,0
5/24/11,0
5/25/11,4.39
5/26/11,0
5/27/11,0
5/28/11,0
5/29/11,0
5/30/11,0
5/31/11,0
6/1/11,0
6/2/11,0
6/3/11,0
6/4/11,0
6/5/11,0
6/6/11,0
6/7/11,0
6/8/11,0
6/9/11,0
6/10/11,0
6/11/11,0
6/12/11,0
6/13/11,0
6/14/11,0
6/15/11,0
6/16/11,0
6/17/11,0
6/18/11,0
6/19/11,0
6/20/11,0
6/21/11,0
6/22/11,0
6/23/11,0
6/24/11,0
6/25/11,0
6/26/11,0
6/27/11,0
6/28/11,0
6/29/11,0
6/30/11,0
7/1/11,0
7/2/11,0
7/3/11,3.24
7/4/11,0
7/5/11,0
7/6/11,0
7/7/11,0.79
7/8/11,0
7/9/11,0
7/10/11,0
7/11/11,0.41
7/12/11,0.92
7/13/11,1.42
7/14/11,0
7/15/11,0
7/16/11,0
7/17/11,0
7/18/11,0
7/19/11,2.61
7/20/11,0.27
7/21/11,0
7/22/11,0
7/23/11,0
7/24/11,0
7/25/11,0
7/26/11,0.7
7/27/11,0.68
7/28/11,0
7/29/11,0
7/30/11,4.05
7/31/11,2.95
8/1/11,2.88
8/2/11,0
8/3/11,5.08
8/4/11,0
8/5/11,0
8/6/11,0
8/7/11,0
8/8/11,0
8/9/11,0
8/10/11,0
8/11/11,0
8/12/11,1.24
8/13/11,0
8/14/11,1.49
8/15/11,0
8/16/11,0
8/17/11,0.79
8/18/11,0.92
8/19/11,1.34
8/20/11,0.51
8/21/11,6.61
8/22/11,4.91
8/23/11,0
8/24/11,0
8/25/11,0
8/26/11,0
8/27/11,1.06
8/28/11,0.89
8/29/11,15.6
8/30/11,2.21
8/31/11,0
9/1/11,1.09
9/2/11,3.07
9/3/11,0
9/4/11,0.84
9/5/11,1.75
9/6/11,0
9/7/11,2.06
9/8/11,0
9/9/11,5.11
9/10/11,14.67
9/11/11,3.17
9/12/11,0.68
9/13/11,0
9/14/11,0.28
9/15/11,3.87
9/16/11,2.84
9/17/11,2.75
9/18/11,1.63
9/19/11,0.39
9/20/11,0
9/21/11,0
9/22/11,0
9/23/11,0
9/24/11,0
9/25/11,0
9/26/11,0
9/27/11,0
9/28/11,0
9/29/11,0
9/30/11,0.41
10/1/11,0
10/2/11,0
10/3/11,0
10/4/11,1.56
10/5/11,10.92
10/6/11,0
10/7/11,0.44
10/8/11,19.02
10/9/11,0.63
10/10/11,0
10/11/11,0
10/12/11,0
10/13/11,0
10/14/11,0
10/15/11,0
10/16/11,0
10/17/11,0
10/18/11,0
10/19/11,0
10/20/11,0
10/21/11,0
10/22/11,0
10/23/11,0
10/24/11,0
10/25/11,0
10/26/11,0.87
10/27/11,19.78
10/28/11,0.27
10/29/11,0
10/30/11,0
10/31/11,0
11/1/11,0
11/2/11,0
11/3/11,0
11/4/11,0
11/5/11,0
11/6/11,2.86
11/7/11,0.36
11/8/11,4.5
11/9/11,0
11/10/11,0
11/11/11,0
11/12/11,0
11/13/11,0.28
11/14/11,8.57
11/15/11,0
11/16/11,0
11/17/11,0
11/18/11,0
11/19/11,0
11/20/11,0
11/21/11,0
11/22/11,0
11/23/11,0
11/24/11,0
11/25/11,1.13
11/26/11,3.87
11/27/11,0
11/28/11,0
11/29/11,0.34
11/30/11,0
12/1/11,0
12/2/11,0
12/3/11,4.95
12/4/11,2
12/5/11,3.82
12/6/11,1.78
12/7/11,0.32
12/8/11,0
12/9/11,0
12/10/11,0
12/11/11,0
12/12/11,0.6
12/13/11,4.2
12/14/11,7.81
12/15/11,1.5
12/16/11,0
12/17/11,0
12/18/11,0.72
12/19/11,0
12/20/11,2.09
12/21/11,0
12/22/11,0
12/23/11,1.43
12/24/11,0
12/25/11,0
12/26/11,0
12/27/11,0
12/28/11,0
12/29/11,0
12/30/11,0
12/31/11,0
1/1/12,0
1/2/12,0
1/3/12,0
1/4/12,0
1/5/12,0
1/6/12,0
1/7/12,0
1/8/12,0
1/9/12,0
1/10/12,0
1/11/12,0
1/12/12,0
1/13/12,0
1/14/12,0
1/15/12,0
1/16/12,1.78
1/17/12,5.3
1/18/12,0.26
1/19/12,0.26
1/20/12,0
1/21/12,0
1/22/12,1.16
1/23/12,0.67
1/24/12,0.36
1/25/12,0.38
1/26/12,0
1/27/12,0
1/28/12,0
1/29/12,0
1/30/12,0
1/31/12,0
2/1/12,0
2/2/12,0
2/3/12,1.63
2/4/12,5.86
2/5/12,0
2/6/12,0
2/7/12,0
2/8/12,0
2/9/12,1.05
2/10/12,0
2/11/12,0
2/12/12,0.31
2/13/12,3.72
2/14/12,0.39
2/15/12,5.4
2/16/12,0
2/17/12,0
2/18/12,0
2/19/12,0
2/20/12,5.04
2/21/12,0
2/22/12,0
2/23/12,0
2/24/12,0
2/25/12,0
2/26/12,0
2/27/12,0
2/28/12,0
2/29/12,0.32
3/1/12,0
3/2/12,0
3/3/12,3.79
3/4/12,0
3/5/12,0
3/6/12,0
3/7/12,0
3/8/12,0
3/9/12,0.65
3/10/12,3.82
3/11/12,3.86
3/12/12,2.96
3/13/12,0
3/14/12,0
3/15/12,0
3/16/12,0
3/17/12,0
3/18/12,0
3/19/12,3.97
3/20/12,0
3/21/12,1.64
3/22/12,0.53
3/23/12,0
3/24/12,0
3/25/12,0
3/26/12,0
3/27/12,0
3/28/12,0
3/29/12,0
3/30/12,0
3/31/12,0
4/1/12,0
4/2/12,0
4/3/12,19.07
4/4/12,2.98
4/5/12,0.5
4/6/12,0
4/7/12,0
4/8/12,0
4/9/12,0
4/10/12,0
4/11/12,0
4/12/12,0.33
4/13/12,0
4/14/12,0
4/15/12,1.07
4/16/12,1.28
4/17/12,0
4/18/12,0.42
4/19/12,0.3
4/20/12,0.33
4/21/12,0
4/22/12,0
4/23/12,0
4/24/12,0
4/25/12,0
4/26/12,0
4/27/12,1.04
4/28/12,0.36
4/29/12,0
4/30/12,0
5/1/12,0
5/2/12,0
5/3/12,0
5/4/12,0
5/5/12,0
5/6/12,0
5/7/12,0
5/8/12,0
5/9/12,0
5/10/12,0
5/11/12,0
5/12/12,1.48
5/13/12,5.48
5/14/12,4.71
5/15/12,0
5/16/12,0
5/17/12,0
5/18/12,0
5/19/12,0
5/20/12,0
5/21/12,0
5/22/12,0
5/23/12,0
5/24/12,0
5/25/12,0
5/26/12,0
5/27/12,0
5/28/12,0
5/29/12,0
5/30/12,0
5/31/12,0
6/1/12,0
6/2/12,0
6/3/12,0
6/4/12,0
6/5/12,7.25
6/6/12,0
6/7/12,0
6/8/12,0
6/9/12,0
6/10/12,0
6/11/12,0
6/12/12,0
6/13/12,0
6/14/12,0
6/15/12,0
6/16/12,0
6/17/12,0
6/18/12,0
6/19/12,0
6/20/12,0
6/21/12,0
6/22/12,0
6/23/12,0
6/24/12,0
6/25/12,0
6/26/12,0
6/27/12,0
6/28/12,0
6/29/12,0
6/30/12,0
7/1/12,0
7/2/12,0
7/3/12,1.45
7/4/12,2.18
7/5/12,2.1
7/6/12,11.92
7/7/12,3.85
7/8/12,3.15
7/9/12,1.13
7/10/12,4.51
7/11/12,1.23
7/12/12,4.22
7/13/12,0.72
7/14/12,0.53
7/15/12,0
7/16/12,0
7/17/12,0
7/18/12,0
7/19/12,0.33
7/20/12,0.33
7/21/12,0.98
7/22/12,3.23
7/23/12,0.38
7/24/12,0.77
7/25/12,0
7/26/12,0.7
7/27/12,4.23
7/28/12,0
7/29/12,0.41
7/30/12,0
7/31/12,0
8/1/12,1.2
8/2/12,1.03
8/3/12,5.29
8/4/12,1.18
8/5/12,7.58
8/6/12,12.04
8/7/12,0.31
8/8/12,5.34
8/9/12,0
8/10/12,0
8/11/12,0
8/12/12,0
8/13/12,2.09
8/14/12,0.9
8/15/12,0
8/16/12,0
8/17/12,1.4
8/18/12,3.03
8/19/12,1.95
8/20/12,0.3
8/21/12,2.44
8/22/12,0
8/23/12,7.03
8/24/12,2.54
8/25/12,0.34
8/26/12,0.76
8/27/12,1.5
8/28/12,2.8
8/29/12,0
8/30/12,0
8/31/12,0
9/1/12,0
9/2/12,0
9/3/12,0
9/4/12,0
9/5/12,0
9/6/12,0
9/7/12,0
9/8/12,1.4
9/9/12,0
9/10/12,0
9/11/12,0
9/12/12,0.4
9/13/12,30.65
9/14/12,0
9/15/12,0
9/16/12,0
9/17/12,0
9/18/12,0
9/19/12,0
9/20/12,0
9/21/12,0
9/22/12,0
9/23/12,0
9/24/12,0
9/25/12,2.15
9/26/12,4.03
9/27/12,0
9/28/12,0
9/29/12,0
9/30/12,0.76
10/1/12,0
10/2/12,0
10/3/12,0
10/4/12,0
10/5/12,0
10/6/12,0
10/7/12,0
10/8/12,0
10/9/12,0
10/10/12,0
10/11/12,0
10/12/12,0
10/13/12,8.05
10/14/12,0.38
10/15/12,0
10/16/12,0
10/17/12,0
10/18/12,0
10/19/12,0
10/20/12,0
10/21/12,0
10/22/12,0
10/23/12,0
10/24/12,0
10/25/12,0
10/26/12,0
10/27/12,0
10/28/12,0
10/29/12,0
10/30/12,0
10/31/12,0
11/1/12,0
11/2/12,0
11/3/12,0
11/4/12,0
11/5/12,0
11/6/12,0
11/7/12,0
11/8/12,0
11/9/12,0
11/10/12,1.03
11/11/12,2.56
11/12/12,0
11/13/12,0
11/14/12,0
11/15/12,0
11/16/12,0
11/17/12,0
11/18/12,0
11/19/12,0
11/20/12,0
11/21/12,0
11/22/12,0
11/23/12,0
11/24/12,0
11/25/12,0
11/26/12,0
11/27/12,0
11/28/12,0
11/29/12,0
11/30/12,0
12/1/12,0
12/2/12,0
12/3/12,0
12/4/12,0
12/5/12,0
12/6/12,0
12/7/12,0
12/8/12,0
12/9/12,0
12/10/12,5.72
12/11/12,0
12/12/12,0
12/13/12,0.63
12/14/12,0.31
12/15/12,8.55
12/16/12,3.12
12/17/12,0
12/18/12,0.56
12/19/12,0.89
12/20/12,2.93
12/21/12,0
12/22/12,0
12/23/12,0.47
12/24/12,0
12/25/12,3.63
12/26/12,0
12/27/12,0.61
12/28/12,0
12/29/12,0
12/30/12,0
12/31/12,1.7
1/1/13,3.6
1/2/13,0
1/3/13,0
1/4/13,0
1/5/13,0
1/6/13,0
1/7/13,0
1/8/13,0
1/9/13,0
1/10/13,0
1/11/13,0
1/12/13,0
1/13/13,0
1/14/13,0
1/15/13,1.36
1/16/13,0
1/17/13,0.58
1/18/13,0
1/19/13,0
1/20/13,0
1/21/13,0
1/22/13,0
1/23/13,0
1/24/13,0
1/25/13,0
1/26/13,0
1/27/13,6.11
1/28/13,0.74
1/29/13,6.78
1/30/13,1.98
1/31/13,0.48
2/1/13,0
2/2/13,0
2/3/13,0
2/4/13,0
2/5/13,0
2/6/13,0
2/7/13,0
2/8/13,0
2/9/13,0
2/10/13,1.68
2/11/13,0
2/12/13,2.06
2/13/13,0
2/14/13,0
2/15/13,0
2/16/13,0
2/17/13,0
2/18/13,0
2/19/13,0
2/20/13,2.96
2/21/13,3.47
2/22/13,0.87
2/23/13,2.56
2/24/13,0.34
2/25/13,1.48
2/26/13,0
2/27/13,0.34
2/28/13,0
3/1/13,0.36
3/2/13,0
3/3/13,0
3/4/13,0
3/5/13,0
3/6/13,0
3/7/13,0
3/8/13,0
3/9/13,8.81
3/10/13,7.17
3/11/13,0
3/12/13,0.38
3/13/13,0
3/14/13,0
3/15/13,0
3/16/13,0
3/17/13,1.35
3/18/13,0
3/19/13,0
3/20/13,0
3/21/13,0
3/22/13,0
3/23/13,0
3/24/13,0
3/25/13,0
3/26/13,0
3/27/13,0
3/28/13,0
3/29/13,0
3/30/13,0
3/31/13,0
4/1/13,0
4/2/13,0
4/3/13,0
4/4/13,0
4/5/13,0
4/6/13,0
4/7/13,0
4/8/13,0
4/9/13,0
4/10/13,2.8
4/11/13,0.79
4/12/13,0.51
4/13/13,0
4/14/13,0
4/15/13,0
4/16/13,0
4/17/13,0
4/18/13,1
4/19/13,0
4/20/13,0.38
4/21/13,0
4/22/13,0
4/23/13,0
4/24/13,0
4/25/13,0.44
4/26/13,1.19
4/27/13,0
4/28/13,0
4/29/13,0
4/30/13,0
5/1/13,0
5/2/13,0
5/3/13,0
5/4/13,0
5/5/13,0
5/6/13,0
5/7/13,2.45
5/8/13,0
5/9/13,0
5/10/13,0
5/11/13,0.94
5/12/13,0
5/13/13,0
5/14/13,0
5/15/13,0
5/16/13,0
5/17/13,0
5/18/13,0
5/19/13,0
5/20/13,0
5/21/13,0
5/22/13,0
5/23/13,0
5/24/13,0
5/25/13,0
5/26/13,0
5/27/13,0
5/28/13,0
5/29/13,0
5/30/13,0
5/31/13,0
6/1/13,0
6/2/13,0
6/3/13,0
6/4/13,0
6/5/13,0
6/6/13,0.51
6/7/13,0.46
6/8/13,0.5
6/9/13,0
6/10/13,0
6/11/13,0
6/12/13,0
6/13/13,0
6/14/13,2.28
6/15/13,0.31
6/16/13,0
6/17/13,0
6/18/13,0
6/19/13,0
6/20/13,0
6/21/13,0
6/22/13,0
6/23/13,0
6/24/13,0
6/25/13,0
6/26/13,0
6/27/13,0
6/28/13,0
6/29/13,2.66
6/30/13,0.96
7/1/13,3.76
7/2/13,0.99
7/3/13,3.49
7/4/13,0.45
7/5/13,1.6
7/6/13,3.44
7/7/13,1.06
7/8/13,1.34
7/9/13,0.7
7/10/13,0.83
7/11/13,1.57
7/12/13,0
7/13/13,0
7/14/13,1.16
7/15/13,6.3
7/16/13,1.97
7/17/13,0
7/18/13,0
7/19/13,0.41
7/20/13,6.43
7/21/13,0.32
7/22/13,2.47
7/23/13,0
7/24/13,1.07
7/25/13,0
7/26/13,11.93
7/27/13,3.42
7/28/13,3.31
7/29/13,3.35
7/30/13,0
7/31/13,0
8/1/13,0
8/2/13,1.02
8/3/13,3.5
8/4/13,0.93
8/5/13,1.05
8/6/13,0
8/7/13,1.69
8/8/13,3.21
8/9/13,1.96
8/10/13,0.28
8/11/13,6.15
8/12/13,0
8/13/13,2.33
8/14/13,0
8/15/13,0
8/16/13,0
8/17/13,0
8/18/13,0
8/19/13,1.88
8/20/13,0.47
8/21/13,0
8/22/13,1.55
8/23/13,2.96
8/24/13,0
8/25/13,1.23
8/26/13,1.79
8/27/13,0.27
8/28/13,0
8/29/13,2.24
8/30/13,0
8/31/13,0.5
9/1/13,1.01
9/2/13,0.39
9/3/13,1.88
9/4/13,0
9/5/13,0
9/6/13,0
9/7/13,0
9/8/13,1.17
9/9/13,0.26
9/10/13,0
9/11/13,17.52
9/12/13,2.35
9/13/13,21.69
9/14/13,25.46
9/15/13,12.16
9/16/13,4.59
9/17/13,0.5
9/18/13,0
9/19/13,6.16
9/20/13,0.3
9/21/13,0
9/22/13,0
9/23/13,18.38
9/24/13,0
9/25/13,0
9/26/13,0
9/27/13,0
9/28/13,3.44
9/29/13,0
9/30/13,0
10/1/13,0
10/2/13,0
10/3/13,0
10/4/13,0
10/5/13,0
10/6/13,0
10/7/13,0
10/8/13,0
10/9/13,0
10/10/13,0
10/11/13,8.59
10/12/13,0
10/13/13,0.28
10/14/13,1.22
10/15/13,0
10/16/13,6.82
10/17/13,0.68
10/18/13,0
10/19/13,0
10/20/13,0
10/21/13,0
10/22/13,0
10/23/13,0
10/24/13,0
10/25/13,3.39
10/26/13,6.13
10/27/13,0
10/28/13,0
10/29/13,0
10/30/13,1.59
10/31/13,7.93
11/1/13,0
11/2/13,0.32
11/3/13,0
11/4/13,0
11/5/13,14.74
11/6/13,3.51
11/7/13,0.32
11/8/13,0
11/9/13,0.34
11/10/13,0
11/11/13,0
11/12/13,0
11/13/13,0
11/14/13,0
11/15/13,0
11/16/13,4.1
11/17/13,1.95
11/18/13,0
11/19/13,0
11/20/13,0
11/21/13,1.41
11/22/13,14.41
11/23/13,2.73
11/24/13,5.79
11/25/13,4.54
11/26/13,0
11/27/13,0
11/28/13,0
11/29/13,0
11/30/13,0
12/1/13,0
12/2/13,0
12/3/13,0
12/4/13,0.64
12/5/13,0.77
12/6/13,1.33
12/7/13,0
12/8/13,2.39
12/9/13,0.3
12/10/13,0.27
12/11/13,0.33
12/12/13,0
12/13/13,0
12/14/13,0
12/15/13,0
12/16/13,0.44
12/17/13,0
12/18/13,0
12/19/13,0
12/20/13,0
12/21/13,0
12/22/13,0.61
12/23/13,0
12/24/13,0.33
12/25/13,0
12/26/13,0
12/27/13,0.39
12/28/13,0
12/29/13,0.57
12/30/13,0
12/31/13,0
1/1/14,0
1/2/14,0
1/3/14,0
1/4/14,0
1/5/14,0
1/6/14,0
1/7/14,0
1/8/14,0
1/9/14,0
1/10/14,0
1/11/14,0
1/12/14,0
1/13/14,0
1/14/14,0
1/15/14,0
1/16/14,0
1/17/14,0
1/18/14,0
1/19/14,0
1/20/14,0
1/21/14,0
1/22/14,0
1/23/14,0
1/24/14,0
1/25/14,0
1/26/14,0
1/27/14,0
1/28/14,0
1/29/14,0
1/30/14,0.63
1/31/14,1.5
2/1/14,0.39
2/2/14,0
2/3/14,0
2/4/14,1.31
2/5/14,1.58
2/6/14,0
2/7/14,0.47
2/8/14,0.74
2/9/14,0
2/10/14,0
2/11/14,0
2/12/14,0
2/13/14,0
2/14/14,0
2/15/14,0
2/16/14,0
2/17/14,0
2/18/14,0
2/19/14,0
2/20/14,0
2/21/14,0
2/22/14,0
2/23/14,0
2/24/14,0
2/25/14,0
2/26/14,0
2/27/14,0
2/28/14,2.29
3/1/14,1.07
3/2/14,15.39
3/3/14,4.99
3/4/14,0
3/5/14,3.95
3/6/14,0
3/7/14,0
3/8/14,0.41
3/9/14,0
3/10/14,0
3/11/14,0
3/12/14,0
3/13/14,0
3/14/14,0
3/15/14,2.59
3/16/14,0.55
3/17/14,0.55
3/18/14,0
3/19/14,0
3/20/14,0
3/21/14,0
3/22/14,0
3/23/14,0
3/24/14,1.69
3/25/14,0
3/26/14,0
3/27/14,0.43
3/28/14,0
3/29/14,0
3/30/14,0
3/31/14,0
4/1/14,0
4/2/14,0
4/3/14,0
4/4/14,2.65
4/5/14,0
4/6/14,2.88
4/7/14,2.09
4/8/14,0
4/9/14,0
4/10/14,0
4/11/14,0
4/12/14,0
4/13/14,0
4/14/14,1.65
4/15/14,1.72
4/16/14,0
4/17/14,1.68
4/18/14,0
4/19/14,0.34
4/20/14,1.05
4/21/14,0.8
4/22/14,0
4/23/14,0
4/24/14,0
4/25/14,0
4/26/14,0
4/27/14,3.38
4/28/14,0.85
4/29/14,0
4/30/14,0.3
5/1/14,0
5/2/14,0
5/3/14,0
5/4/14,0
5/5/14,0
5/6/14,0
5/7/14,0
5/8/14,0
5/9/14,1.62
5/10/14,0
5/11/14,0
5/12/14,0
5/13/14,4.44
5/14/14,2.73
5/15/14,0
5/16/14,0
5/17/14,0
5/18/14,0
5/19/14,0
5/20/14,0
5/21/14,0
5/22/14,0
5/23/14,6.93
5/24/14,9.56
5/25/14,8.08
5/26/14,1.9
5/27/14,1.27
5/28/14,0
5/29/14,0
5/30/14,1.34
5/31/14,0
6/1/14,0
6/2/14,0
6/3/14,0
6/4/14,0
6/5/14,0
6/6/14,0
6/7/14,0
6/8/14,5.83
6/9/14,1.65
6/10/14,0
6/11/14,0
6/12/14,0
6/13/14,0
6/14/14,0.87
6/15/14,0
6/16/14,0
6/17/14,0
6/18/14,0
6/19/14,0
6/20/14,0
6/21/14,0
6/22/14,0
6/23/14,0
6/24/14,0
6/25/14,0
6/26/14,0
6/27/14,0
6/28/14,0
6/29/14,0
6/30/14,0
7/1/14,0
7/2/14,0
7/3/14,3.08
7/4/14,4.46
7/5/14,4.9
7/6/14,2.09
7/7/14,0
7/8/14,1.12
7/9/14,2.45
7/10/14,0
7/11/14,0
7/12/14,4.77
7/13/14,3.27
7/14/14,2.67
7/15/14,12.79
7/16/14,9.47
7/17/14,1.9
7/18/14,3.02
7/19/14,0
7/20/14,0
7/21/14,0
7/22/14,0
7/23/14,0.65
7/24/14,1.97
7/25/14,0
7/26/14,0
7/27/14,0.63
7/28/14,7.52
7/29/14,5.43
7/30/14,3.17
7/31/14,1.62
8/1/14,14.89
8/2/14,20.04
8/3/14,0
8/4/14,7.02
8/5/14,4.55
8/6/14,0
8/7/14,0
8/8/14,0
8/9/14,0
8/10/14,0
8/11/14,1.82
8/12/14,0.46
8/13/14,1.2
8/14/14,0.35
8/15/14,0
8/16/14,0
8/17/14,0
8/18/14,1.26
8/19/14,0
8/20/14,0.55
8/21/14,0
8/22/14,0
8/23/14,4.57
8/24/14,0
8/25/14,0
8/26/14,0
8/27/14,19.45
8/28/14,1.26
8/29/14,0
8/30/14,0
8/31/14,0
9/1/14,0
9/2/14,0
9/3/14,0
9/4/14,0
9/5/14,0
9/6/14,2.03
9/7/14,1.46
9/8/14,0
9/9/14,0
9/10/14,0.79
9/11/14,0
9/12/14,0
9/13/14,0
9/14/14,0
9/15/14,0
9/16/14,2.64
9/17/14,1.75
9/18/14,0
9/19/14,0
9/20/14,0
9/21/14,0
9/22/14,1.02
9/23/14,3.57
9/24/14,0
9/25/14,0
9/26/14,0.62
9/27/14,0
9/28/14,0
9/29/14,0
9/30/14,5.51
10/1/14,0.31
10/2/14,0
10/3/14,0
10/4/14,0
10/5/14,0
10/6/14,0
10/7/14,0
10/8/14,0
10/9/14,3.23
10/10/14,4.49
10/11/14,5.14
10/12/14,0
10/13/14,0.42
10/14/14,0
10/15/14,0
10/16/14,0
10/17/14,0
10/18/14,2.16
10/19/14,0
10/20/14,0.43
10/21/14,0
10/22/14,0.5
10/23/14,0
10/24/14,0
10/25/14,0
10/26/14,0
10/27/14,0
10/28/14,0
10/29/14,0
10/30/14,0
10/31/14,0
11/1/14,0.4
11/2/14,0
11/3/14,9.83
11/4/14,0
11/5/14,0
11/6/14,0
11/7/14,0
11/8/14,0
11/9/14,0
11/10/14,0
11/11/14,0
11/12/14,0
11/13/14,0
11/14/14,0
11/15/14,4.92
11/16/14,8.8
11/17/14,8.3
11/18/14,0
11/19/14,0
11/20/14,0
11/21/14,0
11/22/14,0
11/23/14,0.42
11/24/14,4.78
11/25/14,0
11/26/14,0.95
11/27/14,0
11/28/14,0
11/29/14,0
11/30/14,0
12/1/14,0
12/2/14,0
12/3/14,0
12/4/14,0
12/5/14,10.28
12/6/14,0
12/7/14,0.7
12/8/14,0
12/9/14,0
12/10/14,0
12/11/14,0
12/12/14,0
12/13/14,0
12/14/14,7.71
12/15/14,2.42
12/16/14,0.58
12/17/14,0.4
12/18/14,4.35
12/19/14,0
12/20/14,0
12/21/14,0
12/22/14,0.37
12/23/14,4.53
12/24/14,0
12/25/14,0.79
12/26/14,4.75
12/27/14,1.73
12/28/14,0
12/29/14,0
12/30/14,0
12/31/14,0
1/1/15,0.38
1/2/15,0
1/3/15,0
1/4/15,0
1/5/15,0
1/6/15,0
1/7/15,0
1/8/15,0
1/9/15,0
1/10/15,0
1/11/15,0
1/12/15,0
1/13/15,0.64
1/14/15,3.18
1/15/15,0
1/16/15,0
1/17/15,0
1/18/15,0
1/19/15,0
1/20/15,0
1/21/15,0.35
1/22/15,10.97
1/23/15,0.82
1/24/15,0.36
1/25/15,0
1/26/15,0
1/27/15,0
1/28/15,0
1/29/15,0
1/30/15,3.67
1/31/15,13.07
2/1/15,0.99
2/2/15,0
2/3/15,0
2/4/15,0
2/5/15,0
2/6/15,0
2/7/15,0
2/8/15,0
2/9/15,0
2/10/15,0
2/11/15,1.04
2/12/15,0.64
2/13/15,0.35
2/14/15,0
2/15/15,0
2/16/15,0
2/17/15,0.68
2/18/15,0.35
2/19/15,0.36
2/20/15,0
2/21/15,0
2/22/15,0.78
2/23/15,1.71
2/24/15,0.62
2/25/15,4.37
2/26/15,2.31
2/27/15,3.4
2/28/15,12.86
3/1/15,12.02
3/2/15,4.32
3/3/15,7.91
3/4/15,0.63
3/5/15,0.4
3/6/15,0.37
3/7/15,0
3/8/15,0
3/9/15,0
3/10/15,0
3/11/15,0
3/12/15,0
3/13/15,0
3/14/15,0
3/15/15,0
3/16/15,0
3/17/15,0
3/18/15,0
3/19/15,11.69
3/20/15,17.16
3/21/15,0.68
3/22/15,0
3/23/15,0
3/24/15,0
3/25/15,0
3/26/15,0
3/27/15,0
3/28/15,0
3/29/15,0
3/30/15,0
3/31/15,0
4/1/15,0
4/2/15,0
4/3/15,0
4/4/15,0
4/5/15,0
4/6/15,0
4/7/15,0
4/8/15,0
4/9/15,0
4/10/15,0
4/11/15,0
4/12/15,0
4/13/15,0
4/14/15,0
4/15/15,0
4/16/15,0
4/17/15,0
4/18/15,1.13
4/19/15,1.72
4/20/15,0
4/21/15,0
4/22/15,0
4/23/15,0
4/24/15,0
4/25/15,0.4
4/26/15,0
4/27/15,13.52
4/28/15,1.07
4/29/15,0
4/30/15,0
5/1/15,0
5/2/15,0
5/3/15,0
5/4/15,0
5/5/15,14.44
5/6/15,4.04
5/7/15,1.74
5/8/15,0
5/9/15,0
5/10/15,0.93
5/11/15,0
5/12/15,0
5/13/15,5.42
5/14/15,0.33
5/15/15,0
5/16/15,21.81
5/17/15,4.98
5/18/15,0.58
5/19/15,10.14
5/20/15,0.65
5/21/15,0
5/22/15,19.83
5/23/15,0.66
5/24/15,0
5/25/15,1.31
5/26/15,0.89
5/27/15,0.4
5/28/15,0
5/29/15,0
5/30/15,0
5/31/15,0
6/1/15,0
6/2/15,0
6/3/15,0
6/4/15,0
6/5/15,0
6/6/15,0
6/7/15,1.04
6/8/15,2.8
6/9/15,0
6/10/15,2.55
6/11/15,6.32
6/12/15,0
6/13/15,0
6/14/15,4.81
6/15/15,2.12
6/16/15,0.63
6/17/15,1.9
6/18/15,0
6/19/15,0
6/20/15,0
6/21/15,0
6/22/15,0
6/23/15,0
6/24/15,2.12
6/25/15,0
6/26/15,0
6/27/15,0.45
6/28/15,0
6/29/15,1.12
6/30/15,0.3
7/1/15,0.83
7/2/15,2.73
7/3/15,6.8
7/4/15,0
7/5/15,0
7/6/15,2.55
7/7/15,14.18
7/8/15,4.75
7/9/15,0.62
7/10/15,1.79
7/11/15,0
7/12/15,0.61
7/13/15,3.38
7/14/15,0
7/15/15,2.22
7/16/15,0.65
7/17/15,0
7/18/15,0
7/19/15,2.04
7/20/15,1
7/21/15,7.51
7/22/15,0
7/23/15,0
7/24/15,0
7/25/15,0
7/26/15,0
7/27/15,10.23
7/28/15,0
7/29/15,0.42
7/30/15,14.25
7/31/15,0.54
8/1/15,6.93
8/2/15,2.29
8/3/15,3
8/4/15,0
8/5/15,0
8/6/15,0
8/7/15,0
8/8/15,2.28
8/9/15,1.18
8/10/15,0
8/11/15,5.47
8/12/15,1.34
8/13/15,0
8/14/15,0
8/15/15,0.56
8/16/15,4.09
8/17/15,0.42
8/18/15,4.14
8/19/15,0
8/20/15,0
8/21/15,0
8/22/15,0
8/23/15,0
8/24/15,1.44
8/25/15,0.9
8/26/15,0
8/27/15,1.74
8/28/15,0.34
8/29/15,0.48
8/30/15,1.54
8/31/15,0
9/1/15,0
9/2/15,0
9/3/15,0
9/4/15,0
9/5/15,1.96
9/6/15,0
9/7/15,0
9/8/15,0
9/9/15,0
9/10/15,0
9/11/15,0
9/12/15,0
9/13/15,0
9/14/15,0
9/15/15,0.43
9/16/15,1.33
9/17/15,0
9/18/15,0
9/19/15,0
9/20/15,0
9/21/15,0
9/22/15,0
9/23/15,1.93
9/24/15,4.16
9/25/15,0
9/26/15,0
9/27/15,0
9/28/15,0
9/29/15,0
9/30/15,0
10/1/15,0
10/2/15,0
10/3/15,0.48
10/4/15,2.82
10/5/15,1.48
10/6/15,1.53
10/7/15,1.52
10/8/15,0.78
10/9/15,0
10/10/15,0
10/11/15,0
10/12/15,0
10/13/15,0
10/14/15,0
10/15/15,0
10/16/15,0
10/17/15,0
10/18/15,0
10/19/15,0
10/20/15,0.51
10/21/15,5.93
10/22/15,39.42
10/23/15,1.45
10/24/15,4.27
10/25/15,0
10/26/15,0
10/27/15,0
10/28/15,0
10/29/15,0
10/30/15,5.93
10/31/15,3.28
11/1/15,0
11/2/15,0
11/3/15,0
11/4/15,0
11/5/15,5.44
11/6/15,2.67
11/7/15,0.4
11/8/15,0
11/9/15,0
11/10/15,0
11/11/15,1.27
11/12/15,0
11/13/15,0
11/14/15,0
11/15/15,0
11/16/15,8.08
11/17/15,23.69
11/18/15,2.12
11/19/15,0.26
11/20/15,0
11/21/15,0
11/22/15,0
11/23/15,0
11/24/15,0
11/25/15,0
11/26/15,0
11/27/15,2.1
11/28/15,0
11/29/15,0
11/30/15,1.42
12/1/15,0
12/2/15,0
12/3/15,0
12/4/15,0
12/5/15,0
12/6/15,0
12/7/15,0
12/8/15,0
12/9/15,0
12/10/15,0
12/11/15,0
12/12/15,0.29
12/13/15,9.05
12/14/15,2.63
12/15/15,6.36
12/16/15,0.99
12/17/15,0
12/18/15,0
12/19/15,0.8
12/20/15,0
12/21/15,0.7
12/22/15,0.88
12/23/15,5.21
12/24/15,1.05
12/25/15,0.34
12/26/15,2.34
12/27/15,2.48
12/28/15,4.22
12/29/15,0
12/30/15,0.35
12/31/15,0
1/1/16,0
1/2/16,0.26
1/3/16,0
1/4/16,0
1/5/16,1.12
1/6/16,0
1/7/16,9.05
1/8/16,4.11
1/9/16,5.44
1/10/16,0
1/11/16,0
1/12/16,0
1/13/16,0
1/14/16,0
1/15/16,0
1/16/16,0.45
1/17/16,0
1/18/16,0
1/19/16,0
1/20/16,0
1/21/16,1.11
1/22/16,0
1/23/16,0.38
1/24/16,0
1/25/16,0
1/26/16,3.59
1/27/16,0
1/28/16,0
1/29/16,0
1/30/16,0
1/31/16,0
2/1/16,3.73
2/2/16,7.06
2/3/16,4.3
2/4/16,0.46
2/5/16,0
2/6/16,0
2/7/16,0
2/8/16,0
2/9/16,0
2/10/16,0
2/11/16,0
2/12/16,0
2/13/16,0
2/14/16,0
2/15/16,0
2/16/16,0
2/17/16,0
2/18/16,0
2/19/16,0
2/20/16,0
2/21/16,0
2/22/16,0
2/23/16,2.89
2/24/16,0
2/25/16,0
2/26/16,0
2/27/16,0
2/28/16,0
2/29/16,0
3/1/16,0
3/2/16,0
3/3/16,0
3/4/16,0
3/5/16,0
3/6/16,0
3/7/16,0
3/8/16,0
3/9/16,0
3/10/16,0.79
3/11/16,0
3/12/16,0
3/13/16,1.81
3/14/16,0
3/15/16,0
3/16/16,0
3/17/16,0
3/18/16,0
3/19/16,0
3/20/16,0
3/21/16,0
3/22/16,0
3/23/16,0
3/24/16,0
3/25/16,0
3/26/16,0
3/27/16,0
3/28/16,0.68
3/29/16,0
3/30/16,0.7
3/31/16,0
4/1/16,2.1
4/2/16,0.85
4/3/16,0
4/4/16,0
4/5/16,0
4/6/16,0
4/7/16,0
4/8/16,0
4/9/16,0.92
4/10/16,0.72
4/11/16,0
4/12/16,1.3
4/13/16,1.41
4/14/16,0
4/15/16,0.42
4/16/16,7.62
4/17/16,9.27
4/18/16,6.87
4/19/16,2.85
4/20/16,0
4/21/16,0
4/22/16,0
4/23/16,0
4/24/16,0
4/25/16,0
4/26/16,0
4/27/16,0
4/28/16,0
4/29/16,5.15
4/30/16,3.82
5/1/16,4.54
5/2/16,3.61
5/3/16,2.12
5/4/16,0
5/5/16,0
5/6/16,0
5/7/16,0
5/8/16,0
5/9/16,0.39
5/10/16,0.42
5/11/16,0
5/12/16,0
5/13/16,0
5/14/16,0
5/15/16,1.04
5/16/16,7.17
5/17/16,0
5/18/16,3.28
5/19/16,3.87
5/20/16,0.64
5/21/16,0
5/22/16,0
5/23/16,0
5/24/16,0
5/25/16,0
5/26/16,0
5/27/16,0
5/28/16,0
5/29/16,0
5/30/16,0
5/31/16,0
6/1/16,0.65
6/2/16,1.94
6/3/16,0
6/4/16,0
6/5/16,3.78
6/6/16,1.06
6/7/16,0
6/8/16,0
6/9/16,0
6/10/16,0
6/11/16,0.55
6/12/16,0
6/13/16,0
6/14/16,0
6/15/16,0
6/16/16,0
6/17/16,0
6/18/16,0
6/19/16,0
6/20/16,0
6/21/16,0
6/22/16,1.04
6/23/16,0.59
6/24/16,2.46
6/25/16,0.51
6/26/16,0
6/27/16,0.79
6/28/16,0.89
6/29/16,4.1
6/30/16,1.4
7/1/16,1.67
7/2/16,4.8
7/3/16,2.13
7/4/16,0
7/5/16,0
7/6/16,0
7/7/16,0
7/8/16,0
7/9/16,0
7/10/16,0
7/11/16,0
7/12/16,0
7/13/16,0
7/14/16,0
7/15/16,0
7/16/16,0
7/17/16,0
7/18/16,0
7/19/16,0.86
7/20/16,1.67
7/21/16,0.62
7/22/16,0
7/23/16,0.38
7/24/16,2.65
7/25/16,0.58
7/26/16,2.6
7/27/16,0.54
7/28/16,0
7/29/16,1.08
7/30/16,2.44
7/31/16,0.51
8/1/16,7.71
8/2/16,1.28
8/3/16,13.61
8/4/16,2.88
8/5/16,10.77
8/6/16,6.13
8/7/16,3.15
8/8/16,4.59
8/9/16,0
8/10/16,0
8/11/16,7.35
8/12/16,0.62
8/13/16,0
8/14/16,0
8/15/16,2.16
8/16/16,0
8/17/16,3.87
8/18/16,2.18
8/19/16,0
8/20/16,0.52
8/21/16,2.37
8/22/16,2.18
8/23/16,11.48
8/24/16,1.32
8/25/16,1.32
8/26/16,4.91
8/27/16,2.16
8/28/16,0.9
8/29/16,0.47
8/30/16,0.84
8/31/16,1.4
9/1/16,0.74
9/2/16,1.46
9/3/16,1.37
9/4/16,0.31
9/5/16,0
9/6/16,3.72
9/7/16,6.71
9/8/16,0
9/9/16,0
9/10/16,0
9/11/16,0
9/12/16,0
9/13/16,0.63
9/14/16,0
9/15/16,1.28
9/16/16,0
9/17/16,1.02
9/18/16,1.31
9/19/16,0
9/20/16,0
9/21/16,0
9/22/16,4.73
9/23/16,7.73
9/24/16,1.59
9/25/16,0
9/26/16,0
9/27/16,0
9/28/16,0
9/29/16,0
9/30/16,0
10/1/16,0
10/2/16,0
10/3/16,0.66
10/4/16,1.33
10/5/16,0
10/6/16,0
10/7/16,0
10/8/16,0
10/9/16,0.33
10/10/16,5.34
10/11/16,0
10/12/16,0
10/13/16,0
10/14/16,0
10/15/16,0
10/16/16,0
10/17/16,0
10/18/16,0
10/19/16,0
10/20/16,0
10/21/16,0
10/22/16,0
10/23/16,0
10/24/16,0
10/25/16,0
10/26/16,0.35
10/27/16,0
10/28/16,0
10/29/16,0
10/30/16,0
10/31/16,0
11/1/16,0
11/2/16,0
11/3/16,0
11/4/16,0
11/5/16,8.54
11/6/16,5.34
11/7/16,1.03
11/8/16,0
11/9/16,0
11/10/16,0
11/11/16,0
11/12/16,0
11/13/16,0
11/14/16,0
11/15/16,0
11/16/16,0
11/17/16,0
11/18/16,0
11/19/16,0
11/20/16,0
11/21/16,0.9
11/22/16,14.09
11/23/16,0.44
11/24/16,0
11/25/16,0
11/26/16,0
11/27/16,4.42
11/28/16,1.41
11/29/16,2.79
11/30/16,1.12
12/1/16,0
12/2/16,0
12/3/16,0.38
12/4/16,0
12/5/16,0.28
12/6/16,0
12/7/16,0
12/8/16,0
12/9/16,0
12/10/16,0
12/11/16,0
12/12/16,0
12/13/16,0
12/14/16,0
12/15/16,0
12/16/16,1.62
12/17/16,6.13
12/18/16,2.55
12/19/16,0
12/20/16,0.36
12/21/16,0.36
12/22/16,1.97
12/23/16,8.12
12/24/16,0
12/25/16,4.42
12/26/16,0
12/27/16,0
12/28/16,0.27
12/29/16,0
12/30/16,0
12/31/16,0
1/1/17,0.82
1/2/17,1.25
1/3/17,0
1/4/17,0
1/5/17,0
1/6/17,4.57
1/7/17,1
1/8/17,0.54
1/9/17,0
1/10/17,0.47
1/11/17,0
1/12/17,0
1/13/17,0
1/14/17,0
1/15/17,5.39
1/16/17,13.6
1/17/17,3.46
1/18/17,0
1/19/17,0
1/20/17,0.68
1/21/17,3.53
1/22/17,4.35
1/23/17,0.58
1/24/17,6.31
1/25/17,2.06
1/26/17,0
1/27/17,0
1/28/17,0
1/29/17,0
1/30/17,0
1/31/17,0
2/1/17,0
2/2/17,0
2/3/17,0
2/4/17,0
2/5/17,0
2/6/17,0
2/7/17,0.31
2/8/17,0.3
2/9/17,0
2/10/17,0
2/11/17,0
2/12/17,0
2/13/17,4.75
2/14/17,0
2/15/17,0
2/16/17,0
2/17/17,0.3
2/18/17,0
2/19/17,0
2/20/17,2.03
2/21/17,0
2/22/17,0
2/23/17,1.08
2/24/17,0
2/25/17,0
2/26/17,0
2/27/17,0
2/28/17,5.34
3/1/17,5.53
3/2/17,0
3/3/17,0
3/4/17,0
3/5/17,0
3/6/17,0
3/7/17,0
3/8/17,0
3/9/17,0
3/10/17,0
3/11/17,0
3/12/17,0
3/13/17,0
3/14/17,0
3/15/17,0
3/16/17,0
3/17/17,0
3/18/17,0
3/19/17,0
3/20/17,0
3/21/17,0
3/22/17,0
3/23/17,0
3/24/17,15.55
3/25/17,9.72
3/26/17,3.22
3/27/17,1.47
3/28/17,1.35
3/29/17,7.53
3/30/17,0.86
3/31/17,0
4/1/17,2.37
4/2/17,5.22
4/3/17,0.27
4/4/17,1.49
4/5/17,2.64
4/6/17,0.41
4/7/17,0
4/8/17,0
4/9/17,0
4/10/17,0
4/11/17,0
4/12/17,0
4/13/17,0
4/14/17,0
4/15/17,0
4/16/17,0
4/17/17,0
4/18/17,0
4/19/17,0
4/20/17,0
4/21/17,0
4/22/17,0
4/23/17,0
4/24/17,0
4/25/17,0
4/26/17,5.18
4/27/17,0.72
4/28/17,3.28
4/29/17,8.44
4/30/17,4.94
5/1/17,1.03
5/2/17,0
5/3/17,0
5/4/17,0
5/5/17,0
5/6/17,0
5/7/17,0
5/8/17,0
5/9/17,0.8
5/10/17,7.38
5/11/17,6.21
5/12/17,0
5/13/17,0
5/14/17,0
5/15/17,0
5/16/17,0
5/17/17,1.36
5/18/17,1.34
5/19/17,1.65
5/20/17,2.45
5/21/17,0
5/22/17,0
5/23/17,0.28
5/24/17,0
5/25/17,0
5/26/17,0
5/27/17,0
5/28/17,0
5/29/17,0
5/30/17,0.6
5/31/17,0
6/1/17,0.52
6/2/17,0.43
6/3/17,1.16
6/4/17,0
6/5/17,0.34
6/6/17,1.11
6/7/17,0.91
6/8/17,0
6/9/17,0
6/10/17,0
6/11/17,0
6/12/17,0
6/13/17,0
6/14/17,0
6/15/17,0
6/16/17,0
6/17/17,0
6/18/17,0
6/19/17,0
6/20/17,0
6/21/17,0
6/22/17,0
6/23/17,0
6/24/17,0
6/25/17,0
6/26/17,0
6/27/17,0
6/28/17,0
6/29/17,0
6/30/17,0
7/1/17,0
7/2/17,0.42
7/3/17,0
7/4/17,0
7/5/17,0
7/6/17,0
7/7/17,0.29
7/8/17,1.37
7/9/17,0
7/10/17,1.45
7/11/17,1.21
7/12/17,0.3
7/13/17,2.82
7/14/17,3.98
7/15/17,2.32
7/16/17,1.7
7/17/17,1.63
7/18/17,2.49
7/19/17,1.74
7/20/17,0.38
7/21/17,0
7/22/17,0.28
7/23/17,2.1
7/24/17,2.06
7/25/17,3.24
7/26/17,0.4
7/27/17,8.69
7/28/17,2.19
7/29/17,14.12
7/30/17,4.36
7/31/17,14.55
8/1/17,4.85
8/2/17,0.9
8/3/17,0
8/4/17,1.82
8/5/17,0
8/6/17,1.19
8/7/17,6.74
8/8/17,5.38
8/9/17,2.06
8/10/17,0
8/11/17,0
8/12/17,6.13
8/13/17,0
8/14/17,0
8/15/17,1.01
8/16/17,0
8/17/17,0
8/18/17,0
8/19/17,0
8/20/17,0
8/21/17,7.09
8/22/17,7.62
8/23/17,6.27
8/24/17,0
8/25/17,2.75
8/26/17,0.27
8/27/17,0
8/28/17,1.79
8/29/17,1.13
8/30/17,3.81
8/31/17,0.42
9/1/17,0
9/2/17,0.45
9/3/17,0
9/4/17,0
9/5/17,0
9/6/17,0
9/7/17,0.69
9/8/17,0
9/9/17,0
9/10/17,0
9/11/17,0
9/12/17,2.11
9/13/17,0.3
9/14/17,0
9/15/17,0.62
9/16/17,0
9/17/17,0
9/18/17,0.31
9/19/17,0
9/20/17,0
9/21/17,0
9/22/17,0
9/23/17,0
9/24/17,6.42
9/25/17,0
9/26/17,0
9/27/17,9.53
9/28/17,22.81
9/29/17,17.99
9/30/17,2.74
10/1/17,11.37
10/2/17,0
10/3/17,0
10/4/17,0
10/5/17,10.18
10/6/17,10.92
10/7/17,0
10/8/17,0
10/9/17,0
10/10/17,0
10/11/17,0
10/12/17,0
10/13/17,0
10/14/17,0
10/15/17,0
10/16/17,0
10/17/17,0
10/18/17,0
10/19/17,0
10/20/17,0
10/21/17,0
10/22/17,0
10/23/17,0
10/24/17,0
10/25/17,0
10/26/17,0
10/27/17,0
10/28/17,0
10/29/17,0
10/30/17,0
10/31/17,0
11/1/17,0
11/2/17,0
11/3/17,0
11/4/17,0
11/5/17,0
11/6/17,0
11/7/17,0
11/8/17,6.52
11/9/17,0
11/10/17,0
11/11/17,0
11/12/17,0
11/13/17,0
11/14/17,0
11/15/17,0
11/16/17,0
11/17/17,0
11/18/17,1.11
11/19/17,0
11/20/17,0
11/21/17,0
11/22/17,0
11/23/17,0
11/24/17,0
11/25/17,0
11/26/17,0
11/27/17,0
11/28/17,0
11/29/17,0
11/30/17,0
12/1/17,0
12/2/17,0
12/3/17,0
12/4/17,0
12/5/17,0
12/6/17,0
12/7/17,0.85
12/8/17,0
12/9/17,0
12/10/17,0
12/11/17,0
12/12/17,0
12/13/17,0
12/14/17,0
12/15/17,0
12/16/17,0
12/17/17,0
12/18/17,0
12/19/17,0
12/20/17,0
12/21/17,0
12/22/17,0.62
12/23/17,0
12/24/17,0
12/25/17,0
12/26/17,0
12/27/17,0
12/28/17,0
12/29/17,0
12/30/17,0
12/31/17,0
1/1/18,0
1/2/18,0
1/3/18,0
1/4/18,0
1/5/18,0
1/6/18,0
1/7/18,0
1/8/18,0.28
1/9/18,0
1/10/18,0
1/11/18,3.51
1/12/18,0
1/13/18,0
1/14/18,0
1/15/18,0
1/16/18,0
1/17/18,0
1/18/18,0
1/19/18,0
1/20/18,0
1/21/18,4.07
1/22/18,2.31
1/23/18,0
1/24/18,0
1/25/18,0
1/26/18,0
1/27/18,0
1/28/18,0
1/29/18,0
1/30/18,0
1/31/18,0
2/1/18,0
2/2/18,0
2/3/18,0
2/4/18,0
2/5/18,0
2/6/18,0
2/7/18,0
2/8/18,0
2/9/18,0
2/10/18,0
2/11/18,0.75
2/12/18,0
2/13/18,0
2/14/18,0
2/15/18,9.29
2/16/18,3.32
2/17/18,0
2/18/18,0
2/19/18,0
2/20/18,3.05
2/21/18,0.39
2/22/18,2.58
2/23/18,1.75
2/24/18,0.58
2/25/18,0
2/26/18,0
2/27/18,0
2/28/18,0
3/1/18,0
3/2/18,0
3/3/18,0
3/4/18,0
3/5/18,0
3/6/18,0
3/7/18,0
3/8/18,0
3/9/18,0
3/10/18,0
3/11/18,0
3/12/18,0.39
3/13/18,0
3/14/18,0
3/15/18,0
3/16/18,3.4
3/17/18,0
3/18/18,0
3/19/18,5.12
3/20/18,0
3/21/18,0
3/22/18,0.28
3/23/18,0
3/24/18,1.22
3/25/18,0
3/26/18,0
3/27/18,0.42
3/28/18,2.72
3/29/18,0.4
3/30/18,0
3/31/18,0
4/1/18,0
4/2/18,0
4/3/18,0
4/4/18,0
4/5/18,0
4/6/18,0
4/7/18,0.32
4/8/18,1.6
4/9/18,1.17
4/10/18,0
4/11/18,0
4/12/18,0
4/13/18,0
4/14/18,0
4/15/18,0
4/16/18,0
4/17/18,0
4/18/18,0
4/19/18,0
4/20/18,0
4/21/18,1.21
4/22/18,0
4/23/18,0
4/24/18,0
4/25/18,0
4/26/18,0
4/27/18,0
4/28/18,0
4/29/18,0
4/30/18,0
5/1/18,0
5/2/18,0
5/3/18,2.74
5/4/18,1.01
5/5/18,0
5/6/18,0
5/7/18,0
5/8/18,0
5/9/18,0
5/10/18,0
5/11/18,0
5/12/18,0
5/13/18,0
5/14/18,0
5/15/18,0
5/16/18,0
5/17/18,0
5/18/18,0
5/19/18,0
5/20/18,0
5/21/18,0
5/22/18,6.33
5/23/18,2.64
5/24/18,0
5/25/18,0
5/26/18,0
5/27/18,0
5/28/18,0
5/29/18,0
5/30/18,0
5/31/18,0
6/1/18,0
6/2/18,0
6/3/18,0
6/4/18,6.47
6/5/18,0
6/6/18,0
6/7/18,0
6/8/18,0
6/9/18,0
6/10/18,0
6/11/18,0
6/12/18,0
6/13/18,0
6/14/18,2.54
6/15/18,0
6/16/18,0
6/17/18,3.31
6/18/18,1.65
6/19/18,0
6/20/18,0
6/21/18,0
6/22/18,0
6/23/18,0
6/24/18,0
6/25/18,0
6/26/18,0
6/27/18,0
6/28/18,0
6/29/18,0
6/30/18,0
7/1/18,0
7/2/18,0
7/3/18,0
7/4/18,0
7/5/18,0
7/6/18,4.35
7/7/18,1.24
7/8/18,1.66
7/9/18,6.21
7/10/18,0
7/11/18,1.36
7/12/18,0.83
7/13/18,0.72
7/14/18,1.44
7/15/18,0.8
7/16/18,2.48
7/17/18,13.43
7/18/18,2.45
7/19/18,0
7/20/18,0
7/21/18,0
7/22/18,0
7/23/18,0
7/24/18,11.81
7/25/18,7.47
7/26/18,1.61
7/27/18,0
7/28/18,4.31
7/29/18,0
7/30/18,0
7/31/18,4
8/1/18,0
8/2/18,0
8/3/18,1.07
8/4/18,1.05
8/5/18,0
8/6/18,0
8/7/18,0
8/8/18,0
8/9/18,0
8/10/18,3.23
8/11/18,2.28
8/12/18,0
8/13/18,0
8/14/18,0.57
8/15/18,0.64
8/16/18,0
8/17/18,2.73
8/18/18,0
8/19/18,7.04
8/20/18,0
8/21/18,0
8/22/18,3.03
8/23/18,4.54
8/24/18,0.27
8/25/18,0
8/26/18,5.39
8/27/18,4.99
8/28/18,0.31
8/29/18,0
8/30/18,0
8/31/18,0
9/1/18,4.92
9/2/18,4.44
9/3/18,3.66
9/4/18,1.26
9/5/18,0.91
9/6/18,2.64
9/7/18,2.93
9/8/18,0.63
9/9/18,0
9/10/18,2.05
9/11/18,0
9/12/18,0
9/13/18,0
9/14/18,0
9/15/18,0
9/16/18,0
9/17/18,0
9/18/18,0
9/19/18,0
9/20/18,4.42
9/21/18,3.29
9/22/18,0
9/23/18,0
9/24/18,0
9/25/18,0
9/26/18,0
9/27/18,0
9/28/18,0
9/29/18,0
9/30/18,0
10/1/18,0
10/2/18,0
10/3/18,5.68
10/4/18,0
10/5/18,0
10/6/18,0
10/7/18,0
10/8/18,2.68
10/9/18,0
10/10/18,2.48
10/11/18,0
10/12/18,1.02
10/13/18,0
10/14/18,0
10/15/18,12.82
10/16/18,0
10/17/18,0.44
10/18/18,0
10/19/18,0
10/20/18,0
10/21/18,0
10/22/18,0
10/23/18,0.56
10/24/18,11.91
10/25/18,7.2
10/26/18,0
10/27/18,0
10/28/18,0
10/29/18,0
10/30/18,0
10/31/18,18.05
11/1/18,7.67
11/2/18,0
11/3/18,0
11/4/18,0
11/5/18,0
11/6/18,0
11/7/18,0
11/8/18,0
11/9/18,0
11/10/18,0
11/11/18,0
11/12/18,17.92
11/13/18,0.49
11/14/18,0
11/15/18,0.29
11/16/18,0
11/17/18,0
11/18/18,0
11/19/18,0
11/20/18,0
11/21/18,0
11/22/18,0
11/23/18,2.14
11/24/18,0
11/25/18,0
11/26/18,0
11/27/18,0
11/28/18,0.29
11/29/18,0
11/30/18,0
12/1/18,2.38
12/2/18,0.26
12/3/18,1.2
12/4/18,0
12/5/18,0
12/6/18,0.38
12/7/18,2.26
12/8/18,0
12/9/18,0
12/10/18,0
12/11/18,0
12/12/18,0
12/13/18,2.37
12/14/18,0.43
12/15/18,0
12/16/18,0
12/17/18,0
12/18/18,0
12/19/18,0
12/20/18,0
12/21/18,0
12/22/18,0
12/23/18,0
12/24/18,0
12/25/18,0
12/26/18,0
12/27/18,11.67
12/28/18,6.05
12/29/18,1.86
12/30/18,0
12/31/18,0
1/1/19,3.77
1/2/19,3
1/3/19,0
1/4/19,0
1/5/19,0
1/6/19,0.45
1/7/19,0.61
1/8/19,0
1/9/19,0
1/10/19,0.4
1/11/19,4.95
1/12/19,11.73
1/13/19,0.56
1/14/19,1.79
1/15/19,0
1/16/19,0
1/17/19,0.4
1/18/19,3.07
1/19/19,2.96
1/20/19,0
1/21/19,0
1/22/19,2.54
1/23/19,1.46
1/24/19,0
1/25/19,0
1/26/19,0
1/27/19,0
1/28/19,0
1/29/19,0
1/30/19,0
1/31/19,0
2/1/19,0
2/2/19,0
2/3/19,0.49
2/4/19,0
2/5/19,0
2/6/19,0.28
2/7/19,2.79
2/8/19,0
2/9/19,0.32
2/10/19,0
2/11/19,0
2/12/19,0.44
2/13/19,0.61
2/14/19,0
2/15/19,9.95
2/16/19,0
2/17/19,0
2/18/19,0.87
2/19/19,1.31
2/20/19,1.55
2/21/19,0
2/22/19,0
2/23/19,13.87
2/24/19,2.72
2/25/19,0
2/26/19,0
2/27/19,0
2/28/19,0
3/1/19,0
3/2/19,0
3/3/19,6.35
3/4/19,3.86
3/5/19,2.38
3/6/19,0
3/7/19,0
3/8/19,0
3/9/19,3.38
3/10/19,0.64
3/11/19,0
3/12/19,7.4
3/13/19,10.07
3/14/19,13.53
3/15/19,2
3/16/19,0
3/17/19,0
3/18/19,0
3/19/19,0
3/20/19,0.63
3/21/19,0
3/22/19,6.46
3/23/19,2.44
3/24/19,0
3/25/19,0
3/26/19,0
3/27/19,0
3/28/19,0
3/29/19,0
3/30/19,0
3/31/19,0
4/1/19,5.33
4/2/19,0
4/3/19,0
4/4/19,1.51
4/5/19,0
4/6/19,0
4/7/19,0
4/8/19,0
4/9/19,0
4/10/19,0
4/11/19,1.82
4/12/19,0
4/13/19,0
4/14/19,1.03
4/15/19,0
4/16/19,0
4/17/19,0
4/18/19,2.85
4/19/19,0
4/20/19,0
4/21/19,0
4/22/19,0
4/23/19,8.77
4/24/19,4.65
4/25/19,0
4/26/19,0
4/27/19,4.55
4/28/19,0
4/29/19,0
4/30/19,3.26
5/1/19,1.94
5/2/19,0
5/3/19,0
5/4/19,0
5/5/19,0
5/6/19,0
5/7/19,0
5/8/19,0.66
5/9/19,10.73
5/10/19,10.61
5/11/19,6.39
5/12/19,0.47
5/13/19,0
5/14/19,0
5/15/19,0
5/16/19,0
5/17/19,0
5/18/19,0
5/19/19,0
5/20/19,0.39
5/21/19,3.98
5/22/19,4.21
5/23/19,0
5/24/19,0
5/25/19,0
5/26/19,0
5/27/19,0.53
5/28/19,0
5/29/19,0
5/30/19,0
5/31/19,1.81
6/1/19,0.33
6/2/19,0.34
6/3/19,0.35
6/4/19,0
6/5/19,0.91
6/6/19,0
6/7/19,0
6/8/19,0
6/9/19,0
6/10/19,0
6/11/19,0
6/12/19,0
6/13/19,0
6/14/19,0
6/15/19,0
6/16/19,1.1
6/17/19,0.52
6/18/19,7.01
6/19/19,0.55
6/20/19,0
6/21/19,0
6/22/19,0
6/23/19,0
6/24/19,0
6/25/19,0
6/26/19,0
6/27/19,0
6/28/19,2.32
6/29/19,0
6/30/19,0
7/1/19,0.68
7/2/19,5.53
7/3/19,0.93
7/4/19,0
7/5/19,0
7/6/19,0
7/7/19,12.15
7/8/19,1.27
7/9/19,0
7/10/19,0
7/11/19,0
7/12/19,0
7/13/19,0.43
7/14/19,1.57
7/15/19,2.31
7/16/19,0
7/17/19,5.08
7/18/19,0
7/19/19,0
7/20/19,0
7/21/19,0
7/22/19,0
7/23/19,2.94
7/24/19,0.38
7/25/19,0
7/26/19,10.49
7/27/19,1.63
7/28/19,7
7/29/19,0
7/30/19,0
7/31/19,0.43
8/1/19,1.09
8/2/19,0.42
8/3/19,1.36
8/4/19,12.17
8/5/19,3.46
8/6/19,0.33
8/7/19,1.47
8/8/19,0
8/9/19,3.17
8/10/19,5.72
8/11/19,7.71
8/12/19,5.01
8/13/19,0
8/14/19,0
8/15/19,0
8/16/19,0
8/17/19,0
8/18/19,0
8/19/19,0
8/20/19,0
8/21/19,0
8/22/19,0
8/23/19,0
8/24/19,0
8/25/19,0
8/26/19,0
8/27/19,0
8/28/19,0
8/29/19,0
8/30/19,0
8/31/19,0
9/1/19,0
9/2/19,6.52
9/3/19,1.1
9/4/19,0
9/5/19,0
9/6/19,0
9/7/19,0
9/8/19,0
9/9/19,0.5
9/10/19,0
9/11/19,1.31
9/12/19,0.69
9/13/19,0
9/14/19,0
9/15/19,0
9/16/19,5.86
9/17/19,1.24
9/18/19,0
9/19/19,0
9/20/19,0
9/21/19,0
9/22/19,0
9/23/19,0
9/24/19,2.6
9/25/19,0
9/26/19,0
9/27/19,0
9/28/19,0
9/29/19,0
9/30/19,0
10/1/19,0
10/2/19,0
10/3/19,0
10/4/19,4.16
10/5/19,16.62
10/6/19,0
10/7/19,0
10/8/19,0
10/9/19,0.54
10/10/19,0
10/11/19,0
10/12/19,0
10/13/19,0
10/14/19,0
10/15/19,0
10/16/19,0
10/17/19,0
10/18/19,0
10/19/19,0
10/20/19,0
10/21/19,0
10/22/19,0
10/23/19,0
10/24/19,0
10/25/19,3.76
10/26/19,0.39
10/27/19,0
10/28/19,0
10/29/19,3.73
10/30/19,0
10/31/19,0
11/1/19,0.4
11/2/19,0
11/3/19,0
11/4/19,0
11/5/19,0
11/6/19,0
11/7/19,0
11/8/19,0
11/9/19,0
11/10/19,0
11/11/19,0
11/12/19,0
11/13/19,0
11/14/19,0
11/15/19,0
11/16/19,0
11/17/19,0
11/18/19,0
11/19/19,0
11/20/19,2.51
11/21/19,5.11
11/22/19,18.13
11/23/19,0.36
11/24/19,0
11/25/19,0
11/26/19,0
11/27/19,0
11/28/19,9.11
11/29/19,5.84
11/30/19,6.6
12/1/19,0
12/2/19,0
12/3/19,0
12/4/19,0
12/5/19,0.56
12/6/19,0.63
12/7/19,0
12/8/19,3.06
12/9/19,5.75
12/10/19,0
12/11/19,0
12/12/19,0
12/13/19,0
12/14/19,0
12/15/19,0.38
12/16/19,1.66
12/17/19,0
12/18/19,0
12/19/19,0
12/20/19,0
12/21/19,0
12/22/19,0.31
12/23/19,0
12/24/19,0
12/25/19,3.21
12/26/19,0
12/27/19,0.73
12/28/19,5.27
12/29/19,4.13
12/30/19,0
12/31/19,0
1/1/20,0
1/2/20,0
1/3/20,1.66
1/4/20,0
1/5/20,0
1/6/20,0
1/7/20,0
1/8/20,0
1/9/20,0
1/10/20,0
1/11/20,0
1/12/20,0
1/13/20,0
1/14/20,0
1/15/20,0
1/16/20,0
1/17/20,12
1/18/20,0.56
1/19/20,0.72
1/20/20,0
1/21/20,0
1/22/20,4.2
1/23/20,0
1/24/20,0
1/25/20,0
1/26/20,0
1/27/20,0
1/28/20,0.73
1/29/20,0
1/30/20,0
1/31/20,0
2/1/20,0
2/2/20,0
2/3/20,0
2/4/20,1.42
2/5/20,2.37
2/6/20,0
2/7/20,0
2/8/20,0
2/9/20,0
2/10/20,0
2/11/20,10.83
2/12/20,2.5
2/13/20,0.3
2/14/20,0
2/15/20,0
2/16/20,0
2/17/20,0
2/18/20,0
2/19/20,0.86
2/20/20,0
2/21/20,0
2/22/20,0
2/23/20,3.46
2/24/20,2.04
2/25/20,0
2/26/20,0
2/27/20,0
2/28/20,0
2/29/20,0
3/1/20,0
3/2/20,0
3/3/20,0
3/4/20,0
3/5/20,0
3/6/20,0
3/7/20,0
3/8/20,1.04
3/9/20,2.83
3/10/20,0
3/11/20,0.65
3/12/20,4.29
3/13/20,1.39
3/14/20,16.22
3/15/20,0
3/16/20,0
3/17/20,0
3/18/20,0
3/19/20,3.62
3/20/20,0.8
3/21/20,0.83
3/22/20,0.27
3/23/20,0.49
3/24/20,0
3/25/20,0
3/26/20,0
3/27/20,0
3/28/20,0
3/29/20,0
3/30/20,1.04
3/31/20,0.39
4/1/20,0
4/2/20,0
4/3/20,0
4/4/20,0
4/5/20,0
4/6/20,0
4/7/20,0
4/8/20,0
4/9/20,0
4/10/20,0
4/11/20,0
4/12/20,0
4/13/20,6.73
4/14/20,1.32
4/15/20,0
4/16/20,0.4
4/17/20,0
4/18/20,0
4/19/20,0
4/20/20,0
4/21/20,0.76
4/22/20,0.43
4/23/20,0
4/24/20,0
4/25/20,0
4/26/20,0
4/27/20,0
4/28/20,0
4/29/20,0
4/30/20,0
5/1/20,0
5/2/20,0
5/3/20,0
5/4/20,0
5/5/20,0
5/6/20,0
5/7/20,0
5/8/20,0
5/9/20,0
5/10/20,0
5/11/20,0
5/12/20,4.47
5/13/20,0
5/14/20,0
5/15/20,0
5/16/20,0
5/17/20,0
5/18/20,0
5/19/20,0
5/20/20,0
5/21/20,0
5/22/20,0
5/23/20,0
5/24/20,0
5/25/20,0
5/26/20,0.29
5/27/20,0
5/28/20,0
5/29/20,0.36
5/30/20,0
5/31/20,4.42
6/1/20,1.37
6/2/20,0.93
6/3/20,0
6/4/20,0
6/5/20,0
6/6/20,0.82
6/7/20,0.85
6/8/20,0
6/9/20,0
6/10/20,0
6/11/20,0
6/12/20,0
6/13/20,0
6/14/20,2.48
6/15/20,0
6/16/20,0.74
6/17/20,0.64
6/18/20,0
6/19/20,0
6/20/20,0
6/21/20,0
6/22/20,0
6/23/20,0
6/24/20,0
6/25/20,0
6/26/20,0
6/27/20,0
6/28/20,0
6/29/20,0
6/30/20,0
7/1/20,0
7/2/20,0
7/3/20,0
7/4/20,2.97
7/5/20,0
7/6/20,0
7/7/20,0
7/8/20,0
7/9/20,0
7/10/20,0
7/11/20,0
7/12/20,0
7/13/20,0
7/14/20,0
7/15/20,0
7/16/20,0
7/17/20,3.44
7/18/20,0.32
7/19/20,0
7/20/20,3.31
7/21/20,0
7/22/20,1.41
7/23/20,1.57
7/24/20,0.88
7/25/20,6.58
7/26/20,4.58
7/27/20,2.28
7/28/20,7.21
7/29/20,0
7/30/20,0.36
7/31/20,0
8/1/20,0
8/2/20,0
8/3/20,0.5
8/4/20,0.6
8/5/20,0
8/6/20,0
8/7/20,0
8/8/20,0
8/9/20,0
8/10/20,0
8/11/20,0
8/12/20,0
8/13/20,0
8/14/20,0
8/15/20,0
8/16/20,0
8/17/20,0.69
8/18/20,0
8/19/20,0.47
8/20/20,0
8/21/20,0
8/22/20,0
8/23/20,0
8/24/20,0
8/25/20,1.18
8/26/20,0.54
8/27/20,1.29
8/28/20,0
8/29/20,3.09
8/30/20,3.74
8/31/20,0
9/1/20,0
9/2/20,0
9/3/20,0
9/4/20,0
9/5/20,0
9/6/20,0.5
9/7/20,0
9/8/20,0
9/9/20,12.25
9/10/20,7.52
9/11/20,0.38
9/12/20,0
9/13/20,0
9/14/20,0
9/15/20,0
9/16/20,0
9/17/20,0
9/18/20,0
9/19/20,0
9/20/20,0
9/21/20,0
9/22/20,0
9/23/20,0
9/24/20,0
9/25/20,0
9/26/20,0
9/27/20,0
9/28/20,0
9/29/20,0
9/30/20,0
10/1/20,0
10/2/20,0
10/3/20,0
10/4/20,0
10/5/20,0
10/6/20,0
10/7/20,0
10/8/20,0
10/9/20,0
10/10/20,0
10/11/20,0
10/12/20,0
10/13/20,0
10/14/20,0
10/15/20,0
10/16/20,0
10/17/20,0
10/18/20,0
10/19/20,0
10/20/20,0
10/21/20,0
10/22/20,0
10/23/20,0
10/24/20,0
10/25/20,0
10/26/20,1.62
10/27/20,13.5
10/28/20,0.87
10/29/20,0.64
10/30/20,0
10/31/20,0
11/1/20,0
11/2/20,0
11/3/20,0
11/4/20,0
11/5/20,0
11/6/20,0
11/7/20,0.39
11/8/20,3.67
11/9/20,1.55
11/10/20,0.39
11/11/20,0
11/12/20,0
11/13/20,0
11/14/20,0
11/15/20,0
11/16/20,0
11/17/20,0
11/18/20,0
11/19/20,0
11/20/20,0
11/21/20,0
11/22/20,0
11/23/20,0
11/24/20,11.78
11/25/20,2.75
11/26/20,0
11/27/20,0
11/28/20,2.9
11/29/20,0
11/30/20,0
12/1/20,0
12/2/20,0.41
12/3/20,0
12/4/20,0
12/5/20,0
12/6/20,0
12/7/20,0
12/8/20,0
12/9/20,0
12/10/20,0
12/11/20,1.99
12/12/20,0.98
12/13/20,7.17
12/14/20,0.28
12/15/20,1.28
12/16/20,0
12/17/20,0
12/18/20,0
12/19/20,0
12/20/20,0
12/21/20,0
12/22/20,0
12/23/20,0
12/24/20,0
12/25/20,0
12/26/20,0
12/27/20,0
12/28/20,0.75
12/29/20,2.87
12/30/20,0.38
12/31/20,0
1/1/21,0
1/2/21,0
1/3/21,0
1/4/21,0
1/5/21,0.34
1/6/21,0
1/7/21,0
1/8/21,0
1/9/21,0
1/10/21,0.58
1/11/21,0
1/12/21,0
1/13/21,0
1/14/21,0
1/15/21,0
1/16/21,0
1/17/21,0
1/18/21,0
1/19/21,4.52
1/20/21,3.19
1/21/21,0
1/22/21,0
1/23/21,0.59
1/24/21,0.56
1/25/21,8.7
1/26/21,1.88
1/27/21,1.67
1/28/21,0
1/29/21,0
1/30/21,0.8
1/31/21,0
2/1/21,0
2/2/21,0
2/3/21,0
2/4/21,0
2/5/21,0
2/6/21,0
2/7/21,0
2/8/21,0
2/9/21,0
2/10/21,0
2/11/21,0
2/12/21,0
2/13/21,0
2/14/21,7.71
2/15/21,0.62
2/16/21,2.28
2/17/21,7.65
2/18/21,5.28
2/19/21,1.33
2/20/21,0
2/21/21,0
2/22/21,0
2/23/21,0
2/24/21,0
2/25/21,0
2/26/21,0.54
2/27/21,0
2/28/21,0
3/1/21,0
3/2/21,0
3/3/21,0
3/4/21,0.97
3/5/21,0
3/6/21,0
3/7/21,0
3/8/21,0
3/9/21,0
3/10/21,0
3/11/21,0
3/12/21,0
3/13/21,0
3/14/21,0
3/15/21,7.4
3/16/21,0
3/17/21,1.43
3/18/21,0
3/19/21,0
3/20/21,0
3/21/21,0
3/22/21,0
3/23/21,0
3/24/21,8.37
3/25/21,4.02
3/26/21,1.79
3/27/21,0
3/28/21,0
3/29/21,0
3/30/21,0
3/31/21,0
4/1/21,0
4/2/21,0
4/3/21,0
4/4/21,0
4/5/21,0
4/6/21,0
4/7/21,0
4/8/21,0
4/9/21,0
4/10/21,0
4/11/21,0
4/12/21,0
4/13/21,0
4/14/21,0
4/15/21,0
4/16/21,0
4/17/21,0.57
4/18/21,3.34
4/19/21,0
4/20/21,0
4/21/21,0
4/22/21,0
4/23/21,0
4/24/21,0
4/25/21,0
4/26/21,0
4/27/21,0
4/28/21,0
4/29/21,1.47
4/30/21,0
5/1/21,0
5/2/21,0
5/3/21,0
5/4/21,6.5
5/5/21,0
5/6/21,0
5/7/21,0
5/8/21,0
5/9/21,0
5/10/21,0
5/11/21,0
5/12/21,0
5/13/21,0
5/14/21,0
5/15/21,0
5/16/21,0
5/17/21,0
5/18/21,10.18
5/19/21,6.13
5/20/21,0.57
5/21/21,0
5/22/21,0
5/23/21,7.35
5/24/21,3.12
5/25/21,0
5/26/21,0
5/27/21,0
5/28/21,0
5/29/21,0
5/30/21,0
5/31/21,3.4
6/1/21,14.7
6/2/21,0.75
6/3/21,0.48
6/4/21,0.38
6/5/21,0
6/6/21,0.59
6/7/21,0.45
6/8/21,0
6/9/21,0
6/10/21,0
6/11/21,0
6/12/21,0
6/13/21,0
6/14/21,0
6/15/21,0.28
6/16/21,1.12
6/17/21,0.57
6/18/21,0.52
6/19/21,2.65
6/20/21,0.29
6/21/21,0
6/22/21,0
6/23/21,0
6/24/21,0
6/25/21,3.35
6/26/21,0.57
6/27/21,7.51
6/28/21,14.15
6/29/21,1.18
6/30/21,4.9
7/1/21,3.49
7/2/21,0.32
7/3/21,0.92
7/4/21,0
7/5/21,1.42
7/6/21,6.5
7/7/21,2.91
7/8/21,0.82
7/9/21,0
7/10/21,0.46
7/11/21,0.67
7/12/21,4.79
7/13/21,0
7/14/21,2.25
7/15/21,9.94
7/16/21,0.29
7/17/21,2.67
7/18/21,0.27
7/19/21,6.11
7/20/21,0.41
7/21/21,2.46
7/22/21,1.4
7/23/21,1.12
7/24/21,10.76
7/25/21,1.11
7/26/21,2.72
7/27/21,5.71
7/28/21,0.27
7/29/21,2.22
7/30/21,0
7/31/21,0.82
8/1/21,4.67
8/2/21,1.07
8/3/21,0
8/4/21,2.85
8/5/21,0
8/6/21,0
8/7/21,0
8/8/21,0
8/9/21,0
8/10/21,0
8/11/21,0
8/12/21,0.68
8/13/21,1.33
8/14/21,0
8/15/21,0
8/16/21,14.75
8/17/21,3.61
8/18/21,0
8/19/21,2.08
8/20/21,0
8/21/21,0
8/22/21,0
8/23/21,0
8/24/21,0
8/25/21,0
8/26/21,0
8/27/21,2.29
8/28/21,0
8/29/21,0.65
8/30/21,1.82
8/31/21,0
9/1/21,0.3
9/2/21,11.36
9/3/21,0
9/4/21,0
9/5/21,0
9/6/21,0
9/7/21,0
9/8/21,0
9/9/21,0
9/10/21,0
9/11/21,0
9/12/21,0
9/13/21,0
9/14/21,0
9/15/21,0
9/16/21,0
9/17/21,0
9/18/21,0
9/19/21,0.29
9/20/21,0.29
9/21/21,0
9/22/21,0
9/23/21,0
9/24/21,0
9/25/21,0
9/26/21,0
9/27/21,0
9/28/21,1
9/29/21,0.43
9/30/21,0
10/1/21,15.76
10/2/21,4.81
10/3/21,0
10/4/21,0
10/5/21,0
10/6/21,0
10/7/21,0
10/8/21,0
10/9/21,0
10/10/21,0
10/11/21,0.4
10/12/21,0
10/13/21,5.31
10/14/21,0
10/15/21,0
10/16/21,0
10/17/21,0
10/18/21,0
10/19/21,0
10/20/21,0
10/21/21,0
10/22/21,0
10/23/21,0
10/24/21,0
10/25/21,0
10/26/21,0
10/27/21,0.83
10/28/21,0
10/29/21,0
10/30/21,0
10/31/21,0
11/1/21,0
11/2/21,0
11/3/21,0
11/4/21,0
11/5/21,0
11/6/21,0
11/7/21,0
11/8/21,0
11/9/21,0
11/10/21,0
11/11/21,0
11/12/21,0
11/13/21,0
11/14/21,0
11/15/21,0
11/16/21,0
11/17/21,0
11/18/21,0
11/19/21,0
11/20/21,0
11/21/21,0
11/22/21,0
11/23/21,0
11/24/21,2.94
11/25/21,1.19
11/26/21,0
11/27/21,0
11/28/21,0
11/29/21,0
11/30/21,0
12/1/21,0
12/2/21,0
12/3/21,0
12/4/21,0
12/5/21,0
12/6/21,0
12/7/21,0
12/8/21,0
12/9/21,0
12/10/21,0
12/11/21,0.91
12/12/21,0
12/13/21,0
12/14/21,0
12/15/21,1.84
12/16/21,1.45
12/17/21,0
12/18/21,0
12/19/21,0
12/20/21,0
12/21/21,0
12/22/21,0
12/23/21,0.41
12/24/21,2.23
12/25/21,10.91
12/26/21,1.64
12/27/21,0
12/28/21,0
12/29/21,0.68
12/30/21,1.7
12/31/21,0
1/1/22,13.28
1/2/22,4.55
1/3/22,0.34
1/4/22,0
1/5/22,0
1/6/22,0
1/7/22,0
1/8/22,0
1/9/22,0
1/10/22,0
1/11/22,0
1/12/22,0
1/13/22,0
1/14/22,0
1/15/22,0
1/16/22,0
1/17/22,0
1/18/22,0
1/19/22,0
1/20/22,0
1/21/22,0
1/22/22,0
1/23/22,0
1/24/22,0
1/25/22,0
1/26/22,2.95
1/27/22,0
1/28/22,1.63
1/29/22,0
1/30/22,0.34
1/31/22,0
2/1/22,0
2/2/22,1.4
2/3/22,7.18
2/4/22,0
2/5/22,0.51
2/6/22,0
2/7/22,0.76
2/8/22,0.38
2/9/22,0
2/10/22,0
2/11/22,0
2/12/22,0.39
2/13/22,0.68
2/14/22,0
2/15/22,0
2/16/22,0.39
2/17/22,4.22
2/18/22,2.25
2/19/22,0
2/20/22,0
2/21/22,0
2/22/22,0
2/23/22,0.39
2/24/22,1.9
2/25/22,0
2/26/22,0
2/27/22,0
2/28/22,0
3/1/22,0
3/2/22,0
3/3/22,0
3/4/22,0
3/5/22,2.61
3/6/22,1.42
3/7/22,4.99
3/8/22,6.2
3/9/22,1
3/10/22,1.36
3/11/22,5.72
3/12/22,0
3/13/22,0
3/14/22,0
3/15/22,0
3/16/22,0.4
3/17/22,0
3/18/22,4.33
3/19/22,0
3/20/22,0.31
3/21/22,0
3/22/22,1.74
3/23/22,2.13
3/24/22,0.32
3/25/22,0
3/26/22,0
3/27/22,0
3/28/22,0
3/29/22,0
3/30/22,7.94
3/31/22,3.83
4/1/22,3
4/2/22,0.85
4/3/22,0
4/4/22,0
4/5/22,0
4/6/22,0
4/7/22,0
4/8/22,0
4/9/22,0
4/10/22,0
4/11/22,0
4/12/22,0
4/13/22,0
4/14/22,0
4/15/22,0
4/16/22,0
4/17/22,0
4/18/22,0
4/19/22,0
4/20/22,0
4/21/22,0
4/22/22,0
4/23/22,0
4/24/22,0
4/25/22,0
4/26/22,0
4/27/22,0
4/28/22,0
4/29/22,0
4/30/22,0
5/1/22,0
5/2/22,0
5/3/22,0
5/4/22,0
5/5/22,0
5/6/22,0
5/7/22,0
5/8/22,0
5/9/22,0
5/10/22,0
5/11/22,0
5/12/22,0
5/13/22,0
5/14/22,0
5/15/22,0
5/16/22,0
5/17/22,0
5/18/22,0
5/19/22,0
5/20/22,0
5/21/22,0
5/22/22,0
5/23/22,0
5/24/22,0.54
5/25/22,1.62
5/26/22,0
5/27/22,0
5/28/22,0
5/29/22,0
5/30/22,0
5/31/22,0
6/1/22,0
6/2/22,0
6/3/22,0
6/4/22,0
6/5/22,0
6/6/22,0
6/7/22,0
6/8/22,0
6/9/22,0
6/10/22,0
6/11/22,0
6/12/22,0
6/13/22,0
6/14/22,0
6/15/22,0
6/16/22,0
6/17/22,2.33
6/18/22,2.91
6/19/22,5.65
6/20/22,10.34
6/21/22,1.24
6/22/22,1.84
6/23/22,13.71
6/24/22,0.75
6/25/22,0
6/26/22,22.49
6/27/22,26.14
6/28/22,7.48
6/29/22,2.06
6/30/22,0
7/1/22,0
7/2/22,7.42
7/3/22,3.23
7/4/22,1.86
7/5/22,0
7/6/22,0.84
7/7/22,0
7/8/22,0
7/9/22,0
7/10/22,0
7/11/22,1.39
7/12/22,1.62
7/13/22,3.56
7/14/22,1.45
7/15/22,1.93
7/16/22,0.94
7/17/22,1.55
7/18/22,0
7/19/22,0
7/20/22,0.29
7/21/22,2.59
7/22/22,0.49
7/23/22,0
7/24/22,4.23
7/25/22,4.77
7/26/22,6.97
7/27/22,7.15
7/28/22,2.82
7/29/22,6.84
7/30/22,3.24
7/31/22,1.35
8/1/22,2.6
8/2/22,1.93
8/3/22,0.48
8/4/22,0
8/5/22,1.29
8/6/22,0.65
8/7/22,9.93
8/8/22,6.44
8/9/22,2.4
8/10/22,4.15
8/11/22,0
8/12/22,0
8/13/22,0.91
8/14/22,1.47
8/15/22,0
8/16/22,1.56
8/17/22,2.64
8/18/22,6.4
8/19/22,4.56
8/20/22,1.16
8/21/22,9.46
8/22/22,3.72
8/23/22,7.83
8/24/22,1.71
8/25/22,1.36
8/26/22,0.99
8/27/22,5.94
8/28/22,0
8/29/22,0
8/30/22,5.02
8/31/22,0
9/1/22,3.04
9/2/22,0
9/3/22,0.89
9/4/22,0
9/5/22,0
9/6/22,0
9/7/22,0
9/8/22,0
9/9/22,0
9/10/22,4.59
9/11/22,0.99
9/12/22,0
9/13/22,0
9/14/22,2.29
9/15/22,2.45
9/16/22,0
9/17/22,0
9/18/22,0
9/19/22,0
9/20/22,0
9/21/22,8.17
9/22/22,0.8
9/23/22,10.45
9/24/22,0
9/25/22,0
9/26/22,1.16
9/27/22,0
9/28/22,0.58
9/29/22,1.13
9/30/22,0
10/1/22,0
10/2/22,0
10/3/22,6.03
10/4/22,3.21
10/5/22,7.81
10/6/22,9.38
10/7/22,0
10/8/22,0.56
10/9/22,0.89
10/10/22,0
10/11/22,0
10/12/22,0
10/13/22,0
10/14/22,0
10/15/22,0
10/16/22,4.76
10/17/22,6.53
10/18/22,1.03
10/19/22,0
10/20/22,0
10/21/22,0
10/22/22,0
10/23/22,0.66
10/24/22,1.76
10/25/22,0
10/26/22,0
10/27/22,0
10/28/22,2.09
10/29/22,0
10/30/22,0
10/31/22,0
11/1/22,0
11/2/22,0
11/3/22,0
11/4/22,9.38
11/5/22,1.53
11/6/22,0.33
11/7/22,0
11/8/22,0
11/9/22,0
11/10/22,0
11/11/22,0
11/12/22,0
11/13/22,0
11/14/22,11.22
11/15/22,1.94
11/16/22,0.57
11/17/22,0
11/18/22,0
11/19/22,0
11/20/22,0
11/21/22,0
11/22/22,0
11/23/22,0
11/24/22,0
11/25/22,0
11/26/22,0
11/27/22,0.94
11/28/22,0
11/29/22,0
11/30/22,0
12/1/22,0.5
12/2/22,0
12/3/22,0
12/4/22,0
12/5/22,0
12/6/22,0
12/7/22,0
12/8/22,2.7
12/9/22,0
12/10/22,0
12/11/22,0
12/12/22,0
12/13/22,3.5
12/14/22,0
12/15/22,0
12/16/22,1.5
12/17/22,0
12/18/22,0.36
12/19/22,0
12/20/22,0
12/21/22,0
12/22/22,0
12/23/22,0.36
12/24/22,0
12/25/22,0
12/26/22,0
12/27/22,0
12/28/22,0
12/29/22,4.69
12/30/22,0
12/31/22,0.55
1/1/23,0.48
1/2/23,6.02
1/3/23,4.92
1/4/23,0.81
1/5/23,0
1/6/23,0
1/7/23,0
1/8/23,0
1/9/23,0
1/10/23,0
1/11/23,0
1/12/23,0
1/13/23,0
1/14/23,0
1/15/23,1.13
1/16/23,2.58
1/17/23,3.4
1/18/23,5.39
1/19/23,1.78
1/20/23,0
1/21/23,3.92
1/22/23,0.42
1/23/23,0
1/24/23,0
1/25/23,0.56
1/26/23,0
1/27/23,0
1/28/23,0
1/29/23,0
1/30/23,0
1/31/23,0
2/1/23,0
2/2/23,0
2/3/23,0
2/4/23,0
2/5/23,0
2/6/23,0
2/7/23,0
2/8/23,0.28
2/9/23,0
2/10/23,0.99
2/11/23,0
2/12/23,0
2/13/23,0
2/14/23,16.45
2/15/23,6.13
2/16/23,2.46
2/17/23,0
2/18/23,0
2/19/23,0
2/20/23,1.29
2/21/23,0
2/22/23,1.04
2/23/23,7.06
2/24/23,0.36
2/25/23,0
2/26/23,0
2/27/23,4.04
2/28/23,0
3/1/23,0
3/2/23,5.97
3/3/23,2.19
3/4/23,0
3/5/23,0
3/6/23,0
3/7/23,0.77
3/8/23,0
3/9/23,0
3/10/23,0
3/11/23,0.28
3/12/23,0.59
3/13/23,0.31
3/14/23,0.38
3/15/23,1.1
3/16/23,8.43
3/17/23,19.15
3/18/23,4.44
3/19/23,0.32
3/20/23,0.76
3/21/23,2.73
3/22/23,4.01
3/23/23,1.43
3/24/23,1.3
3/25/23,2.41
3/26/23,0
3/27/23,0
3/28/23,0
3/29/23,1.27
3/30/23,0
3/31/23,0
4/1/23,0
4/2/23,0
4/3/23,0
4/4/23,0
4/5/23,0.48
4/6/23,0
4/7/23,0
4/8/23,0
4/9/23,0
4/10/23,0
4/11/23,0
4/12/23,0
4/13/23,0
4/14/23,0
4/15/23,0
4/16/23,0
4/17/23,0
4/18/23,0
4/19/23,0
4/20/23,0
4/21/23,0
4/22/23,0
4/23/23,0
4/24/23,0
4/25/23,0.45
4/26/23,1.26
4/27/23,0.52
4/28/23,0.41
4/29/23,1.92
4/30/23,0
5/1/23,0
5/2/23,0
5/3/23,0
5/4/23,0
5/5/23,0
5/6/23,0
5/7/23,0
5/8/23,0
5/9/23,0
5/10/23,0
5/11/23,0
5/12/23,0.46
5/13/23,0
5/14/23,4.35
5/15/23,0.99
5/16/23,1.55
5/17/23,0.47
5/18/23,0.42
5/19/23,7.3
5/20/23,11.89
5/21/23,2.82
5/22/23,3.34
5/23/23,0.97
5/24/23,2.41
5/25/23,0
5/26/23,0
5/27/23,0.33
5/28/23,0
5/29/23,0
5/30/23,0
5/31/23,0
6/1/23,5.73
6/2/23,3.79
6/3/23,0.33
6/4/23,2.22
6/5/23,0.46
6/6/23,2.94
6/7/23,15.34
6/8/23,0.54
6/9/23,0
6/10/23,0
6/11/23,0
6/12/23,0.42
6/13/23,0
6/14/23,0
6/15/23,0
6/16/23,0
6/17/23,0
6/18/23,0
6/19/23,0
6/20/23,0
6/21/23,0
6/22/23,0
6/23/23,0
6/24/23,0
6/25/23,0
6/26/23,0
6/27/23,0
6/28/23,0.28
6/29/23,0
6/30/23,0.92
7/1/23,0
7/2/23,0
7/3/23,0
7/4/23,0
7/5/23,0
7/6/23,0
7/7/23,0
7/8/23,0
7/9/23,0.38
7/10/23,0
7/11/23,0
7/12/23,0
7/13/23,0.5
7/14/23,0
7/15/23,0
7/16/23,0
7/17/23,0
7/18/23,0
7/19/23,0
7/20/23,0.29
7/21/23,0.8
7/22/23,1.17
7/23/23,0
7/24/23,0
7/25/23,0
7/26/23,0
7/27/23,0
7/28/23,0.62
7/29/23,3.09
7/30/23,0.86
7/31/23,0.44
8/1/23,0.41
8/2/23,0
8/3/23,0
8/4/23,0
8/5/23,0
8/6/23,0
8/7/23,0
8/8/23,0
8/9/23,6.18
8/10/23,0
8/11/23,0
8/12/23,0
8/13/23,2.08
8/14/23,1.86
8/15/23,2.99
8/16/23,0
8/17/23,1.88
8/18/23,0.67
8/19/23,0
8/20/23,0
8/21/23,0
8/22/23,0
8/23/23,0
8/24/23,0.5
8/25/23,0
8/26/23,10.81
8/27/23,4.56
8/28/23,0.87
8/29/23,0.5
8/30/23,0
8/31/23,0
9/1/23,0
9/2/23,0
9/3/23,0
9/4/23,0.48
9/5/23,0
9/6/23,0
9/7/23,0
9/8/23,0
9/9/23,0
9/10/23,0
9/11/23,1.65
9/12/23,15.87
9/13/23,13.06
9/14/23,3.16
9/15/23,0.9
9/16/23,4.72
9/17/23,0
9/18/23,0
9/19/23,3.04
9/20/23,0
9/21/23,0
9/22/23,0
9/23/23,0
9/24/23,2.5
9/25/23,0
9/26/23,0
9/27/23,0
9/28/23,0
9/29/23,0
9/30/23,0
10/1/23,7.46
10/2/23,0.72
10/3/23,5.01
10/4/23,0
10/5/23,0
10/6/23,0
10/7/23,0
10/8/23,0
10/9/23,0
10/10/23,0
10/11/23,0
10/12/23,0
10/13/23,0
10/14/23,0
10/15/23,0
10/16/23,0
10/17/23,0
10/18/23,0
10/19/23,0
10/20/23,0
10/21/23,0
10/22/23,0
10/23/23,0
10/24/23,0
10/25/23,0
10/26/23,0
10/27/23,0
10/28/23,0
10/29/23,0
10/30/23,0
10/31/23,0
11/1/23,0
11/2/23,0
11/3/23,0
11/4/23,0
11/5/23,0
11/6/23,0
11/7/23,0
11/8/23,0
11/9/23,0
11/10/23,0
11/11/23,0
11/12/23,0
11/13/23,0
11/14/23,0
11/15/23,0
11/16/23,0
11/17/23,0
11/18/23,0
11/19/23,3.06
11/20/23,4.25
11/21/23,0
11/22/23,0
11/23/23,0
11/24/23,0
11/25/23,6.42
11/26/23,2.06
11/27/23,0
11/28/23,0
11/29/23,0.42
11/30/23,1.11
12/1/23,2.14
12/2/23,3.72
12/3/23,0
12/4/23,0
12/5/23,0
12/6/23,0
12/7/23,0
12/8/23,0
12/9/23,0
12/10/23,0
12/11/23,0
12/12/23,0
12/13/23,0.37
12/14/23,15.08
12/15/23,10.6
12/16/23,0
12/17/23,0
12/18/23,0
12/19/23,0.38
12/20/23,0
12/21/23,1.69
12/22/23,0
12/23/23,5.82
12/24/23,8.99
12/25/23,0
12/26/23,0
12/27/23,0
12/28/23,0
12/29/23,0
12/30/23,0
12/31/23,0
1/1/24,0
1/2/24,0
1/3/24,0
1/4/24,0.31
1/5/24,12.19
1/6/24,1.52
1/7/24,0
1/8/24,10.53
1/9/24,1.63
1/10/24,0.34
1/11/24,0.47
1/12/24,3.39
1/13/24,0.32
1/14/24,1.15
1/15/24,1.36
1/16/24,0
1/17/24,0
1/18/24,0
1/19/24,0
1/20/24,0
1/21/24,0.29
1/22/24,0
1/23/24,0
1/24/24,0
1/25/24,0.56
1/26/24,0
1/27/24,0.62
1/28/24,0
1/29/24,0
1/30/24,0
1/31/24,0
2/1/24,0
2/2/24,2.08
2/3/24,9.43
2/4/24,4.64
2/5/24,0
2/6/24,0.57
2/7/24,1.61
2/8/24,2.93
2/9/24,1.16
2/10/24,0
2/11/24,2.78
2/12/24,0
2/13/24,0
2/14/24,0
2/15/24,0
2/16/24,0
2/17/24,0
2/18/24,0
2/19/24,0
2/20/24,0
2/21/24,0
2/22/24,0
2/23/24,0
2/24/24,0
2/25/24,0
2/26/24,0
2/27/24,8.61
2/28/24,0.78
2/29/24,0
3/1/24,0
3/2/24,0
3/3/24,0
3/4/24,0
3/5/24,0
3/6/24,0
3/7/24,0
3/8/24,0
3/9/24,7.82
3/10/24,0
3/11/24,0
3/12/24,0
3/13/24,0
3/14/24,4.06
3/15/24,4.77
3/16/24,3.24
3/17/24,4.32
3/18/24,2.36
3/19/24,0
3/20/24,0.86
3/21/24,0
3/22/24,0
3/23/24,0
3/24/24,0
3/25/24,9.51
3/26/24,14.35
3/27/24,2.51
3/28/24,0
3/29/24,0
3/30/24,0
3/31/24,0
4/1/24,1.9
4/2/24,5.12
4/3/24,0
4/4/24,0
4/5/24,0
4/6/24,3.36
4/7/24,1.11
4/8/24,0
4/9/24,0
4/10/24,0
4/11/24,0
4/12/24,0
4/13/24,0
4/14/24,0
4/15/24,0
4/16/24,0
4/17/24,0
4/18/24,0
4/19/24,0
4/20/24,0
4/21/24,0
4/22/24,0
4/23/24,0
4/24/24,0
4/25/24,0
4/26/24,0
4/27/24,2.84
4/28/24,2.85
4/29/24,0
4/30/24,0
5/1/24,0
5/2/24,0
5/3/24,0
5/4/24,0
5/5/24,0
5/6/24,0
5/7/24,0
5/8/24,0
5/9/24,0
5/10/24,1.73
5/11/24,0.95
5/12/24,5.4
5/13/24,1.65
5/14/24,0
5/15/24,0
5/16/24,1.53
5/17/24,1.28
5/18/24,0
5/19/24,0
5/20/24,0
5/21/24,0
5/22/24,0
5/23/24,0
5/24/24,0
5/25/24,0
5/26/24,0
5/27/24,0
5/28/24,0
5/29/24,0
5/30/24,0
5/31/24,0
6/1/24,0
6/2/24,0
6/3/24,0
6/4/24,0
6/5/24,0
6/6/24,0
6/7/24,0
6/8/24,0
6/9/24,0
6/10/24,7.19
6/11/24,4.06
6/12/24,1.81
6/13/24,0
6/14/24,0
6/15/24,2.9
6/16/24,0
6/17/24,0
6/18/24,0
6/19/24,0
6/20/24,2.62
6/21/24,5.75
6/22/24,3.06
6/23/24,0
6/24/24,1.77
6/25/24,0
6/26/24,0
6/27/24,1.16
6/28/24,8.05
6/29/24,0
6/30/24,17.12