PRISM Time Series Data,
Location:  Lat: 36.4023   Lon: -106.2543   Elev: 2444m,
Climate variable: ppt,
Spatial resolution: 800m,
Period: 1984-01-01 - 2024-06-30,
Dataset: AN91d,
PRISM day definition: 24 hours ending at 1200 UTC on the day shown,
Grid Cell Interpolation: Off,
Time series generated: 2026-Feb-14,
Details: http://www.prism.oregonstate.edu/documents/PRISM_datasets.pdf,
Date,ppt (mm)
1/1/84,0
1/2/84,0
1/3/84,0
1/4/84,0
1/5/84,0
1/6/84,0
1/7/84,0
1/8/84,0
1/9/84,0
1/10/84,0
1/11/84,0
1/12/84,0
1/13/84,0
1/14/84,5.57
1/15/84,10.72
1/16/84,0
1/17/84,0.81
1/18/84,0
1/19/84,0
1/20/84,0
1/21/84,0
1/22/84,0
1/23/84,0
1/24/84,0
1/25/84,0
1/26/84,0
1/27/84,0
1/28/84,0
1/29/84,0
1/30/84,0
1/31/84,0
2/1/84,0
2/2/84,0
2/3/84,0
2/4/84,0
2/5/84,0
2/6/84,0
2/7/84,0
2/8/84,0
2/9/84,0
2/10/84,0
2/11/84,0
2/12/84,0.53
2/13/84,0
2/14/84,0
2/15/84,2.29
2/16/84,0
2/17/84,0
2/18/84,3.69
2/19/84,0
2/20/84,0
2/21/84,0
2/22/84,0
2/23/84,0
2/24/84,0
2/25/84,0
2/26/84,0.64
2/27/84,0
2/28/84,0
2/29/84,0
3/1/84,0
3/2/84,0
3/3/84,0
3/4/84,0
3/5/84,2.09
3/6/84,0
3/7/84,0
3/8/84,0
3/9/84,0
3/10/84,0
3/11/84,0
3/12/84,0.62
3/13/84,0
3/14/84,0
3/15/84,3.02
3/16/84,1.51
3/17/84,0
3/18/84,0.47
3/19/84,0
3/20/84,0
3/21/84,0
3/22/84,0
3/23/84,1
3/24/84,0
3/25/84,0.4
3/26/84,0
3/27/84,11.03
3/28/84,9
3/29/84,0
3/30/84,0.59
3/31/84,5.42
4/1/84,0
4/2/84,3.37
4/3/84,0
4/4/84,0
4/5/84,0
4/6/84,0
4/7/84,0.33
4/8/84,0.38
4/9/84,0
4/10/84,3.8
4/11/84,0
4/12/84,0
4/13/84,0
4/14/84,0
4/15/84,0
4/16/84,0
4/17/84,0
4/18/84,0
4/19/84,0
4/20/84,1.31
4/21/84,2.05
4/22/84,1.18
4/23/84,0
4/24/84,0
4/25/84,0
4/26/84,2.13
4/27/84,0.91
4/28/84,0
4/29/84,5.54
4/30/84,0
5/1/84,0
5/2/84,0
5/3/84,0
5/4/84,0
5/5/84,0.28
5/6/84,0
5/7/84,0
5/8/84,0
5/9/84,0
5/10/84,0
5/11/84,0
5/12/84,0
5/13/84,0
5/14/84,0
5/15/84,0
5/16/84,7.03
5/17/84,0
5/18/84,0
5/19/84,0
5/20/84,0
5/21/84,0
5/22/84,0
5/23/84,0
5/24/84,0
5/25/84,0
5/26/84,0
5/27/84,0
5/28/84,0
5/29/84,0
5/30/84,0
5/31/84,0
6/1/84,0
6/2/84,3.32
6/3/84,0
6/4/84,0
6/5/84,3.33
6/6/84,12.59
6/7/84,4.69
6/8/84,0
6/9/84,0
6/10/84,0
6/11/84,0
6/12/84,0
6/13/84,0
6/14/84,0
6/15/84,0.45
6/16/84,0
6/17/84,4.68
6/18/84,0
6/19/84,0
6/20/84,2.95
6/21/84,0
6/22/84,0
6/23/84,0
6/24/84,0.37
6/25/84,2.72
6/26/84,4.83
6/27/84,0
6/28/84,5.04
6/29/84,0
6/30/84,4.46
7/1/84,7.7
7/2/84,0
7/3/84,0.87
7/4/84,0
7/5/84,0
7/6/84,0
7/7/84,0
7/8/84,0
7/9/84,0.88
7/10/84,2.59
7/11/84,5.19
7/12/84,0.71
7/13/84,0
7/14/84,0
7/15/84,9.24
7/16/84,0.41
7/17/84,3.79
7/18/84,0.78
7/19/84,0
7/20/84,1.37
7/21/84,0
7/22/84,0
7/23/84,1.23
7/24/84,0.31
7/25/84,2.7
7/26/84,0
7/27/84,0
7/28/84,1.22
7/29/84,0
7/30/84,7.9
7/31/84,0
8/1/84,0
8/2/84,7.33
8/3/84,1.19
8/4/84,0
8/5/84,5.93
8/6/84,10.06
8/7/84,3.7
8/8/84,0
8/9/84,0
8/10/84,0
8/11/84,0
8/12/84,0
8/13/84,2.53
8/14/84,2.92
8/15/84,3.96
8/16/84,1.52
8/17/84,0
8/18/84,1.38
8/19/84,8.18
8/20/84,4.85
8/21/84,5.35
8/22/84,0
8/23/84,5.44
8/24/84,6.22
8/25/84,0
8/26/84,5.88
8/27/84,0
8/28/84,0
8/29/84,0
8/30/84,0
8/31/84,2.67
9/1/84,0
9/2/84,0
9/3/84,0
9/4/84,0
9/5/84,0
9/6/84,0
9/7/84,0
9/8/84,0
9/9/84,0
9/10/84,0
9/11/84,0.41
9/12/84,1.04
9/13/84,0
9/14/84,0
9/15/84,0
9/16/84,0.49
9/17/84,6.25
9/18/84,0
9/19/84,0
9/20/84,0
9/21/84,1.94
9/22/84,0
9/23/84,1.46
9/24/84,0
9/25/84,0
9/26/84,3.65
9/27/84,7.15
9/28/84,0
9/29/84,0
9/30/84,0
10/1/84,0
10/2/84,0.54
10/3/84,1.62
10/4/84,11.86
10/5/84,5.4
10/6/84,0
10/7/84,0
10/8/84,0
10/9/84,0
10/10/84,0
10/11/84,0
10/12/84,5.07
10/13/84,4.59
10/14/84,0
10/15/84,3.96
10/16/84,6.4
10/17/84,4.13
10/18/84,6.8
10/19/84,0.45
10/20/84,3.04
10/21/84,2.94
10/22/84,5.04
10/23/84,3.05
10/24/84,0.92
10/25/84,2.73
10/26/84,0
10/27/84,0
10/28/84,0
10/29/84,0
10/30/84,0
10/31/84,0
11/1/84,0
11/2/84,0
11/3/84,0
11/4/84,0
11/5/84,0
11/6/84,0
11/7/84,0
11/8/84,0
11/9/84,0.51
11/10/84,0
11/11/84,0
11/12/84,0
11/13/84,0
11/14/84,0
11/15/84,0
11/16/84,0
11/17/84,0.7
11/18/84,0
11/19/84,0
11/20/84,0
11/21/84,0
11/22/84,0
11/23/84,0.45
11/24/84,1.06
11/25/84,2.7
11/26/84,2.95
11/27/84,0
11/28/84,0.76
11/29/84,0.59
11/30/84,0
12/1/84,0
12/2/84,0
12/3/84,0
12/4/84,0.69
12/5/84,0.41
12/6/84,0
12/7/84,0.3
12/8/84,0
12/9/84,2.74
12/10/84,0
12/11/84,0.38
12/12/84,4.57
12/13/84,6.69
12/14/84,6.81
12/15/84,11.52
12/16/84,2.25
12/17/84,0
12/18/84,0
12/19/84,0
12/20/84,0.99
12/21/84,1.17
12/22/84,0
12/23/84,0
12/24/84,0
12/25/84,0
12/26/84,0.48
12/27/84,0
12/28/84,7.85
12/29/84,0.69
12/30/84,0
12/31/84,0
1/1/85,2.76
1/2/85,0
1/3/85,0
1/4/85,0
1/5/85,0
1/6/85,0
1/7/85,0.38
1/8/85,2.43
1/9/85,10.1
1/10/85,0.26
1/11/85,0
1/12/85,0
1/13/85,0
1/14/85,0
1/15/85,0
1/16/85,0
1/17/85,0
1/18/85,0
1/19/85,0
1/20/85,0
1/21/85,0
1/22/85,0
1/23/85,0
1/24/85,0
1/25/85,0
1/26/85,0
1/27/85,1.07
1/28/85,1.72
1/29/85,2.07
1/30/85,1.01
1/31/85,1.87
2/1/85,0
2/2/85,0
2/3/85,0.96
2/4/85,4.69
2/5/85,0.79
2/6/85,0
2/7/85,0
2/8/85,0.44
2/9/85,2.32
2/10/85,3.46
2/11/85,0
2/12/85,0
2/13/85,0
2/14/85,0
2/15/85,0
2/16/85,0
2/17/85,0
2/18/85,0
2/19/85,0
2/20/85,1.38
2/21/85,0
2/22/85,0
2/23/85,9.78
2/24/85,0.54
2/25/85,0
2/26/85,0
2/27/85,0
2/28/85,0
3/1/85,0
3/2/85,0.58
3/3/85,0.43
3/4/85,0.69
3/5/85,0
3/6/85,0
3/7/85,0
3/8/85,0
3/9/85,0.39
3/10/85,0
3/11/85,4.8
3/12/85,20.59
3/13/85,11.32
3/14/85,0
3/15/85,0
3/16/85,7.76
3/17/85,0
3/18/85,0
3/19/85,0
3/20/85,5.91
3/21/85,0
3/22/85,0
3/23/85,0
3/24/85,0
3/25/85,0
3/26/85,0.28
3/27/85,0
3/28/85,0
3/29/85,0
3/30/85,12.79
3/31/85,0
4/1/85,0.49
4/2/85,0
4/3/85,0
4/4/85,0
4/5/85,0
4/6/85,0
4/7/85,0
4/8/85,0
4/9/85,0.8
4/10/85,0
4/11/85,0
4/12/85,0
4/13/85,0
4/14/85,0
4/15/85,0
4/16/85,0
4/17/85,0
4/18/85,0
4/19/85,5.38
4/20/85,0
4/21/85,0
4/22/85,6.95
4/23/85,3.22
4/24/85,0
4/25/85,0.28
4/26/85,5.25
4/27/85,11.71
4/28/85,4.17
4/29/85,30.93
4/30/85,4.35
5/1/85,0
5/2/85,1.8
5/3/85,0
5/4/85,0
5/5/85,0
5/6/85,0
5/7/85,0
5/8/85,0
5/9/85,0
5/10/85,0.99
5/11/85,0
5/12/85,0
5/13/85,4.19
5/14/85,2.41
5/15/85,0.58
5/16/85,0
5/17/85,0.41
5/18/85,0
5/19/85,2.9
5/20/85,0
5/21/85,1.63
5/22/85,13.2
5/23/85,2.78
5/24/85,1.41
5/25/85,0
5/26/85,0
5/27/85,0
5/28/85,0
5/29/85,0
5/30/85,0.5
5/31/85,0.51
6/1/85,0.53
6/2/85,0
6/3/85,0
6/4/85,0
6/5/85,11.51
6/6/85,3.33
6/7/85,0.88
6/8/85,0
6/9/85,0
6/10/85,0
6/11/85,0.36
6/12/85,0.3
6/13/85,0
6/14/85,0
6/15/85,0
6/16/85,0
6/17/85,0
6/18/85,0
6/19/85,4.63
6/20/85,3.58
6/21/85,0
6/22/85,2.01
6/23/85,0
6/24/85,0
6/25/85,10.79
6/26/85,0
6/27/85,0
6/28/85,0
6/29/85,0
6/30/85,0
7/1/85,0
7/2/85,0
7/3/85,0
7/4/85,0
7/5/85,0
7/6/85,0
7/7/85,0
7/8/85,1.99
7/9/85,0
7/10/85,0
7/11/85,0
7/12/85,0
7/13/85,0.39
7/14/85,1.57
7/15/85,1.56
7/16/85,2.55
7/17/85,8.4
7/18/85,0.6
7/19/85,5.04
7/20/85,0.78
7/21/85,1.84
7/22/85,5.16
7/23/85,2.68
7/24/85,2.56
7/25/85,0.89
7/26/85,3.11
7/27/85,1.53
7/28/85,0.71
7/29/85,5.16
7/30/85,1.51
7/31/85,0.77
8/1/85,1.26
8/2/85,7.11
8/3/85,0
8/4/85,5.58
8/5/85,2.37
8/6/85,0
8/7/85,0
8/8/85,0
8/9/85,6.17
8/10/85,0
8/11/85,7.91
8/12/85,0
8/13/85,0
8/14/85,0
8/15/85,5.45
8/16/85,0
8/17/85,0
8/18/85,0
8/19/85,0
8/20/85,0
8/21/85,3.32
8/22/85,0
8/23/85,0
8/24/85,0
8/25/85,0
8/26/85,0.46
8/27/85,1.45
8/28/85,0
8/29/85,2.68
8/30/85,0
8/31/85,1.34
9/1/85,0
9/2/85,0.32
9/3/85,4.92
9/4/85,3.95
9/5/85,0
9/6/85,0
9/7/85,0
9/8/85,0
9/9/85,0
9/10/85,0
9/11/85,0
9/12/85,11.63
9/13/85,0
9/14/85,0.98
9/15/85,0
9/16/85,2.83
9/17/85,0.57
9/18/85,1.89
9/19/85,11.78
9/20/85,1.68
9/21/85,18.67
9/22/85,10.73
9/23/85,2.09
9/24/85,0
9/25/85,0
9/26/85,0
9/27/85,0.4
9/28/85,0
9/29/85,4.64
9/30/85,0
10/1/85,0
10/2/85,0
10/3/85,0
10/4/85,0
10/5/85,0
10/6/85,0
10/7/85,15.12
10/8/85,3.23
10/9/85,0
10/10/85,4.38
10/11/85,29.62
10/12/85,0.63
10/13/85,0
10/14/85,0
10/15/85,0
10/16/85,0.35
10/17/85,4.6
10/18/85,4.2
10/19/85,0
10/20/85,1.24
10/21/85,0
10/22/85,0
10/23/85,0
10/24/85,0
10/25/85,0
10/26/85,0
10/27/85,0
10/28/85,0
10/29/85,3.1
10/30/85,3.2
10/31/85,0
11/1/85,0
11/2/85,0
11/3/85,0
11/4/85,0
11/5/85,0
11/6/85,0
11/7/85,0
11/8/85,0
11/9/85,0
11/10/85,0
11/11/85,0
11/12/85,0
11/13/85,2.82
11/14/85,5.69
11/15/85,0
11/16/85,0
11/17/85,0
11/18/85,5.6
11/19/85,3.23
11/20/85,0.68
11/21/85,0.77
11/22/85,0
11/23/85,0
11/24/85,0.37
11/25/85,0
11/26/85,1.76
11/27/85,2.75
11/28/85,0
11/29/85,5.46
11/30/85,5.9
12/1/85,0.88
12/2/85,0
12/3/85,0.47
12/4/85,0
12/5/85,0
12/6/85,0
12/7/85,2.62
12/8/85,0
12/9/85,0.71
12/10/85,2.13
12/11/85,1.86
12/12/85,0
12/13/85,0
12/14/85,0
12/15/85,0
12/16/85,0
12/17/85,0
12/18/85,0
12/19/85,0
12/20/85,0
12/21/85,0
12/22/85,0
12/23/85,0
12/24/85,0
12/25/85,0
12/26/85,0
12/27/85,0
12/28/85,0
12/29/85,0
12/30/85,0
12/31/85,1.4
1/1/86,0
1/2/86,0
1/3/86,0
1/4/86,0
1/5/86,0
1/6/86,0
1/7/86,4.32
1/8/86,0
1/9/86,0
1/10/86,0
1/11/86,0
1/12/86,0
1/13/86,0
1/14/86,0
1/15/86,0
1/16/86,0
1/17/86,0
1/18/86,0
1/19/86,0
1/20/86,0
1/21/86,0
1/22/86,0
1/23/86,0
1/24/86,0
1/25/86,0
1/26/86,0
1/27/86,0
1/28/86,0
1/29/86,0
1/30/86,0
1/31/86,0
2/1/86,0
2/2/86,0.43
2/3/86,0.33
2/4/86,0
2/5/86,0
2/6/86,0.82
2/7/86,8.78
2/8/86,3.67
2/9/86,2.64
2/10/86,7.56
2/11/86,0
2/12/86,0
2/13/86,0.78
2/14/86,2.32
2/15/86,0.39
2/16/86,4.71
2/17/86,1.27
2/18/86,0
2/19/86,0
2/20/86,1.7
2/21/86,0
2/22/86,0
2/23/86,0
2/24/86,0
2/25/86,0
2/26/86,0
2/27/86,0
2/28/86,0
3/1/86,0
3/2/86,0
3/3/86,0
3/4/86,0
3/5/86,0
3/6/86,0
3/7/86,0
3/8/86,0
3/9/86,1.92
3/10/86,1.01
3/11/86,5.97
3/12/86,0.77
3/13/86,0
3/14/86,0.8
3/15/86,2.6
3/16/86,0
3/17/86,1.38
3/18/86,3.81
3/19/86,5.07
3/20/86,0
3/21/86,0
3/22/86,0
3/23/86,0
3/24/86,0
3/25/86,0
3/26/86,0
3/27/86,0
3/28/86,0
3/29/86,0
3/30/86,0.51
3/31/86,0
4/1/86,0
4/2/86,10.08
4/3/86,12.27
4/4/86,1.88
4/5/86,0
4/6/86,0
4/7/86,2.02
4/8/86,0
4/9/86,0
4/10/86,0
4/11/86,0
4/12/86,0
4/13/86,0
4/14/86,0
4/15/86,0
4/16/86,0
4/17/86,0.77
4/18/86,0
4/19/86,1.75
4/20/86,0
4/21/86,0
4/22/86,0
4/23/86,0
4/24/86,1.51
4/25/86,0
4/26/86,7.52
4/27/86,4.77
4/28/86,0.49
4/29/86,0
4/30/86,0
5/1/86,0
5/2/86,0.33
5/3/86,0
5/4/86,2.81
5/5/86,0
5/6/86,0
5/7/86,0
5/8/86,0
5/9/86,1.79
5/10/86,0.32
5/11/86,0
5/12/86,0
5/13/86,0
5/14/86,0
5/15/86,0
5/16/86,0
5/17/86,6.87
5/18/86,0
5/19/86,0
5/20/86,0
5/21/86,0
5/22/86,0
5/23/86,0
5/24/86,0
5/25/86,0.63
5/26/86,0
5/27/86,0
5/28/86,6.29
5/29/86,1.21
5/30/86,11.83
5/31/86,7.48
6/1/86,0.73
6/2/86,5.47
6/3/86,3.69
6/4/86,5.29
6/5/86,0.41
6/6/86,0
6/7/86,2.03
6/8/86,0
6/9/86,6.64
6/10/86,0.3
6/11/86,3.77
6/12/86,0
6/13/86,0
6/14/86,0
6/15/86,0
6/16/86,0
6/17/86,0
6/18/86,3.13
6/19/86,0
6/20/86,1.2
6/21/86,0
6/22/86,0
6/23/86,0
6/24/86,1
6/25/86,9.81
6/26/86,10.87
6/27/86,6.22
6/28/86,2.3
6/29/86,0
6/30/86,2.83
7/1/86,0.29
7/2/86,0
7/3/86,0
7/4/86,0
7/5/86,6.24
7/6/86,3.35
7/7/86,0
7/8/86,1.78
7/9/86,0
7/10/86,6.46
7/11/86,0
7/12/86,0
7/13/86,0
7/14/86,0
7/15/86,0
7/16/86,4.76
7/17/86,8.51
7/18/86,1.64
7/19/86,1.47
7/20/86,3.77
7/21/86,5.47
7/22/86,4.69
7/23/86,5.5
7/24/86,3.68
7/25/86,0
7/26/86,0.36
7/27/86,0
7/28/86,0
7/29/86,0
7/30/86,0
7/31/86,1.09
8/1/86,0.56
8/2/86,1.79
8/3/86,0.78
8/4/86,2.86
8/5/86,0
8/6/86,6.1
8/7/86,0
8/8/86,0.81
8/9/86,2.06
8/10/86,0
8/11/86,7.49
8/12/86,0
8/13/86,14.75
8/14/86,0
8/15/86,0
8/16/86,0
8/17/86,0
8/18/86,0
8/19/86,0.48
8/20/86,0
8/21/86,1.88
8/22/86,1.84
8/23/86,0
8/24/86,1.78
8/25/86,9.72
8/26/86,0.73
8/27/86,8.33
8/28/86,6.26
8/29/86,0
8/30/86,7.12
8/31/86,0
9/1/86,0
9/2/86,0
9/3/86,0
9/4/86,0
9/5/86,0
9/6/86,0
9/7/86,0
9/8/86,5.87
9/9/86,3.79
9/10/86,9.48
9/11/86,17.01
9/12/86,0
9/13/86,0
9/14/86,7.03
9/15/86,0
9/16/86,1.32
9/17/86,6.91
9/18/86,0
9/19/86,0
9/20/86,0
9/21/86,0
9/22/86,0
9/23/86,0
9/24/86,0.95
9/25/86,11.28
9/26/86,7.18
9/27/86,6.2
9/28/86,0
9/29/86,0
9/30/86,4.56
10/1/86,0
10/2/86,0
10/3/86,2.32
10/4/86,3.21
10/5/86,0
10/6/86,3.36
10/7/86,0
10/8/86,0
10/9/86,0
10/10/86,0
10/11/86,15.96
10/12/86,12.32
10/13/86,2.75
10/14/86,0
10/15/86,0
10/16/86,0
10/17/86,0
10/18/86,0
10/19/86,0
10/20/86,4.83
10/21/86,3.82
10/22/86,0
10/23/86,0
10/24/86,0
10/25/86,0
10/26/86,0
10/27/86,0
10/28/86,0
10/29/86,0
10/30/86,0
10/31/86,0
11/1/86,2
11/2/86,16.68
11/3/86,1.21
11/4/86,5.95
11/5/86,1.74
11/6/86,0.31
11/7/86,3.4
11/8/86,1.42
11/9/86,0
11/10/86,0.29
11/11/86,0
11/12/86,0
11/13/86,0
11/14/86,0
11/15/86,0
11/16/86,0
11/17/86,0
11/18/86,0
11/19/86,9.52
11/20/86,0.64
11/21/86,0
11/22/86,0
11/23/86,10.02
11/24/86,0
11/25/86,0
11/26/86,1.52
11/27/86,0
11/28/86,0
11/29/86,0
11/30/86,0
12/1/86,0.43
12/2/86,0
12/3/86,0
12/4/86,0
12/5/86,0
12/6/86,0.77
12/7/86,9.97
12/8/86,0.85
12/9/86,2.77
12/10/86,3.26
12/11/86,0
12/12/86,0
12/13/86,0
12/14/86,0
12/15/86,0
12/16/86,0
12/17/86,0
12/18/86,3.73
12/19/86,0.31
12/20/86,0
12/21/86,0
12/22/86,0
12/23/86,0
12/24/86,0
12/25/86,0
12/26/86,0
12/27/86,0
12/28/86,0
12/29/86,0
12/30/86,0
12/31/86,0
1/1/87,0
1/2/87,0
1/3/87,0
1/4/87,0
1/5/87,0.57
1/6/87,1.9
1/7/87,0
1/8/87,5.6
1/9/87,1.38
1/10/87,0
1/11/87,0
1/12/87,0
1/13/87,0
1/14/87,0
1/15/87,0.56
1/16/87,9.76
1/17/87,5.32
1/18/87,0.68
1/19/87,0
1/20/87,3.08
1/21/87,0
1/22/87,0
1/23/87,0
1/24/87,0
1/25/87,0
1/26/87,0
1/27/87,0
1/28/87,0
1/29/87,0.45
1/30/87,0
1/31/87,0
2/1/87,9.8
2/2/87,0
2/3/87,0
2/4/87,0
2/5/87,0
2/6/87,0
2/7/87,0
2/8/87,0
2/9/87,0
2/10/87,0
2/11/87,0
2/12/87,0.33
2/13/87,2.44
2/14/87,0.95
2/15/87,4.26
2/16/87,2.16
2/17/87,3.69
2/18/87,2.81
2/19/87,3.44
2/20/87,1.68
2/21/87,1.14
2/22/87,0
2/23/87,0
2/24/87,0
2/25/87,3.22
2/26/87,6.94
2/27/87,4
2/28/87,1.01
3/1/87,0
3/2/87,0
3/3/87,0
3/4/87,0
3/5/87,0
3/6/87,0
3/7/87,0
3/8/87,0
3/9/87,0.55
3/10/87,2.91
3/11/87,0
3/12/87,0
3/13/87,0
3/14/87,0
3/15/87,0
3/16/87,0.66
3/17/87,0
3/18/87,0
3/19/87,0
3/20/87,0.9
3/21/87,0
3/22/87,0.84
3/23/87,2.4
3/24/87,0
3/25/87,0
3/26/87,1.15
3/27/87,0
3/28/87,1.28
3/29/87,4.94
3/30/87,1.48
3/31/87,0
4/1/87,0
4/2/87,0
4/3/87,0
4/4/87,0
4/5/87,6.1
4/6/87,9.54
4/7/87,0
4/8/87,0
4/9/87,0
4/10/87,0
4/11/87,0
4/12/87,0
4/13/87,3.79
4/14/87,0
4/15/87,0
4/16/87,0
4/17/87,0
4/18/87,0
4/19/87,0
4/20/87,0
4/21/87,0
4/22/87,0
4/23/87,0
4/24/87,0
4/25/87,0
4/26/87,0
4/27/87,0
4/28/87,0
4/29/87,0
4/30/87,0
5/1/87,2.92
5/2/87,0.35
5/3/87,1.55
5/4/87,0
5/5/87,9.4
5/6/87,0.55
5/7/87,0
5/8/87,0
5/9/87,0
5/10/87,2.61
5/11/87,0
5/12/87,3.28
5/13/87,0.67
5/14/87,2.6
5/15/87,1.07
5/16/87,7.45
5/17/87,0
5/18/87,0
5/19/87,0
5/20/87,2.17
5/21/87,0.84
5/22/87,3.24
5/23/87,3.53
5/24/87,10.12
5/25/87,1.86
5/26/87,0
5/27/87,0
5/28/87,0
5/29/87,0.36
5/30/87,0
5/31/87,0
6/1/87,0
6/2/87,0
6/3/87,0
6/4/87,0
6/5/87,0
6/6/87,0
6/7/87,0
6/8/87,5.99
6/9/87,16.22
6/10/87,0
6/11/87,0
6/12/87,0
6/13/87,0
6/14/87,1.48
6/15/87,0
6/16/87,2.18
6/17/87,0
6/18/87,0
6/19/87,0
6/20/87,0
6/21/87,0
6/22/87,0
6/23/87,0
6/24/87,0
6/25/87,0
6/26/87,0
6/27/87,2.89
6/28/87,0.66
6/29/87,6.42
6/30/87,0
7/1/87,0
7/2/87,0
7/3/87,0
7/4/87,0
7/5/87,0
7/6/87,0
7/7/87,0
7/8/87,0
7/9/87,0
7/10/87,0
7/11/87,0
7/12/87,0
7/13/87,0
7/14/87,0
7/15/87,0
7/16/87,0
7/17/87,5.64
7/18/87,4.43
7/19/87,0
7/20/87,0
7/21/87,4.03
7/22/87,0.68
7/23/87,0
7/24/87,0
7/25/87,2.53
7/26/87,0
7/27/87,0
7/28/87,0.47
7/29/87,1.51
7/30/87,2.27
7/31/87,0
8/1/87,0
8/2/87,0
8/3/87,0.3
8/4/87,4.1
8/5/87,4.53
8/6/87,2.93
8/7/87,3.68
8/8/87,1.32
8/9/87,0
8/10/87,3.08
8/11/87,0.35
8/12/87,0.38
8/13/87,8.61
8/14/87,0
8/15/87,0
8/16/87,0
8/17/87,0
8/18/87,0
8/19/87,0
8/20/87,0.87
8/21/87,0
8/22/87,0
8/23/87,21.07
8/24/87,12.72
8/25/87,4.45
8/26/87,1.9
8/27/87,0
8/28/87,0.37
8/29/87,0.73
8/30/87,0
8/31/87,0.34
9/1/87,0
9/2/87,0
9/3/87,6.97
9/4/87,0
9/5/87,1.81
9/6/87,3
9/7/87,1.51
9/8/87,1.64
9/9/87,0.46
9/10/87,0
9/11/87,2.22
9/12/87,0
9/13/87,0
9/14/87,3.49
9/15/87,0
9/16/87,0
9/17/87,0
9/18/87,0
9/19/87,0
9/20/87,0
9/21/87,0
9/22/87,0
9/23/87,0
9/24/87,0
9/25/87,0.33
9/26/87,0
9/27/87,0
9/28/87,0
9/29/87,0
9/30/87,0
10/1/87,0
10/2/87,0
10/3/87,0
10/4/87,0
10/5/87,0
10/6/87,0
10/7/87,0
10/8/87,0
10/9/87,0
10/10/87,0
10/11/87,0
10/12/87,0
10/13/87,0
10/14/87,8.45
10/15/87,0
10/16/87,0
10/17/87,0
10/18/87,0
10/19/87,0
10/20/87,0
10/21/87,0
10/22/87,0
10/23/87,0
10/24/87,0
10/25/87,4.55
10/26/87,0
10/27/87,0
10/28/87,0
10/29/87,0.58
10/30/87,2.44
10/31/87,1.48
11/1/87,4
11/2/87,14.62
11/3/87,1.17
11/4/87,0
11/5/87,0
11/6/87,2.65
11/7/87,6.01
11/8/87,2.96
11/9/87,0
11/10/87,0
11/11/87,0
11/12/87,0
11/13/87,0
11/14/87,1.12
11/15/87,5.81
11/16/87,2.87
11/17/87,0
11/18/87,0
11/19/87,0
11/20/87,0
11/21/87,0
11/22/87,0
11/23/87,0
11/24/87,0
11/25/87,0
11/26/87,8.58
11/27/87,2.83
11/28/87,0
11/29/87,0
11/30/87,0
12/1/87,0
12/2/87,0
12/3/87,0
12/4/87,0
12/5/87,0
12/6/87,0
12/7/87,0
12/8/87,0
12/9/87,0
12/10/87,0
12/11/87,0
12/12/87,0
12/13/87,5.55
12/14/87,2.04
12/15/87,0
12/16/87,0
12/17/87,2.52
12/18/87,6.96
12/19/87,1.59
12/20/87,0
12/21/87,0
12/22/87,0
12/23/87,0
12/24/87,2.52
12/25/87,8.42
12/26/87,2.6
12/27/87,0.81
12/28/87,0
12/29/87,0.47
12/30/87,0
12/31/87,0
1/1/88,0
1/2/88,0
1/3/88,0
1/4/88,0
1/5/88,2.63
1/6/88,11.39
1/7/88,2.85
1/8/88,0
1/9/88,0.42
1/10/88,0
1/11/88,0
1/12/88,0
1/13/88,0
1/14/88,0
1/15/88,0
1/16/88,0.7
1/17/88,2.42
1/18/88,5.48
1/19/88,6.54
1/20/88,0
1/21/88,0.79
1/22/88,0
1/23/88,0
1/24/88,0
1/25/88,0
1/26/88,0
1/27/88,0
1/28/88,0
1/29/88,0
1/30/88,0
1/31/88,0
2/1/88,0
2/2/88,4.11
2/3/88,10.37
2/4/88,0
2/5/88,0
2/6/88,0
2/7/88,0
2/8/88,0
2/9/88,0
2/10/88,0
2/11/88,0
2/12/88,0
2/13/88,0
2/14/88,0
2/15/88,0
2/16/88,0
2/17/88,1.64
2/18/88,0
2/19/88,0
2/20/88,0
2/21/88,0
2/22/88,0
2/23/88,0
2/24/88,0
2/25/88,0
2/26/88,0
2/27/88,0
2/28/88,0
2/29/88,0
3/1/88,0
3/2/88,0.74
3/3/88,2.53
3/4/88,0
3/5/88,0
3/6/88,0
3/7/88,0
3/8/88,0
3/9/88,0
3/10/88,0
3/11/88,0
3/12/88,0.49
3/13/88,0
3/14/88,0.59
3/15/88,0
3/16/88,0.97
3/17/88,2.04
3/18/88,0
3/19/88,0
3/20/88,0
3/21/88,0
3/22/88,0
3/23/88,0
3/24/88,0
3/25/88,0
3/26/88,0
3/27/88,0
3/28/88,0
3/29/88,0
3/30/88,0
3/31/88,0
4/1/88,8.67
4/2/88,0.53
4/3/88,0
4/4/88,0
4/5/88,0
4/6/88,0
4/7/88,0
4/8/88,0
4/9/88,0
4/10/88,0
4/11/88,0
4/12/88,0
4/13/88,0
4/14/88,0
4/15/88,2.08
4/16/88,0.34
4/17/88,20.32
4/18/88,0
4/19/88,0.35
4/20/88,0
4/21/88,0
4/22/88,3.02
4/23/88,3.07
4/24/88,0
4/25/88,0.76
4/26/88,0
4/27/88,0
4/28/88,0
4/29/88,0
4/30/88,0
5/1/88,0
5/2/88,0
5/3/88,0
5/4/88,0
5/5/88,0
5/6/88,0
5/7/88,0
5/8/88,0
5/9/88,0
5/10/88,0
5/11/88,0
5/12/88,0
5/13/88,0
5/14/88,0
5/15/88,0
5/16/88,0
5/17/88,0.3
5/18/88,7.39
5/19/88,7.11
5/20/88,10.09
5/21/88,4.18
5/22/88,0
5/23/88,0
5/24/88,0
5/25/88,1.12
5/26/88,0
5/27/88,0.4
5/28/88,0
5/29/88,0
5/30/88,0.74
5/31/88,0.71
6/1/88,0
6/2/88,0
6/3/88,0
6/4/88,3.06
6/5/88,0
6/6/88,6.71
6/7/88,0
6/8/88,0
6/9/88,0
6/10/88,0
6/11/88,17.11
6/12/88,0.61
6/13/88,0.51
6/14/88,0
6/15/88,0
6/16/88,9.79
6/17/88,0
6/18/88,0
6/19/88,0
6/20/88,0
6/21/88,0
6/22/88,2.59
6/23/88,1.17
6/24/88,1.57
6/25/88,6.11
6/26/88,3.9
6/27/88,2.38
6/28/88,5.95
6/29/88,4.09
6/30/88,0
7/1/88,0
7/2/88,0.36
7/3/88,0
7/4/88,0.65
7/5/88,0
7/6/88,2.15
7/7/88,0
7/8/88,0
7/9/88,2.51
7/10/88,0.42
7/11/88,2.29
7/12/88,2.09
7/13/88,0
7/14/88,0
7/15/88,1.03
7/16/88,4.72
7/17/88,1.01
7/18/88,0
7/19/88,0
7/20/88,2.35
7/21/88,2.41
7/22/88,1.01
7/23/88,0
7/24/88,0
7/25/88,0
7/26/88,0
7/27/88,0
7/28/88,5.21
7/29/88,2.9
7/30/88,5.02
7/31/88,1.63
8/1/88,3.06
8/2/88,2.31
8/3/88,12.87
8/4/88,0
8/5/88,6.03
8/6/88,17.36
8/7/88,4.42
8/8/88,0
8/9/88,0
8/10/88,0
8/11/88,0
8/12/88,0
8/13/88,0
8/14/88,0
8/15/88,1.73
8/16/88,0.77
8/17/88,7.25
8/18/88,2.81
8/19/88,0
8/20/88,0
8/21/88,0
8/22/88,1.19
8/23/88,2.97
8/24/88,6.29
8/25/88,8.11
8/26/88,1.6
8/27/88,12.05
8/28/88,14.28
8/29/88,3.81
8/30/88,0
8/31/88,1.11
9/1/88,2.35
9/2/88,0
9/3/88,0
9/4/88,0
9/5/88,0
9/6/88,0
9/7/88,0
9/8/88,0
9/9/88,0
9/10/88,0
9/11/88,8.6
9/12/88,11.97
9/13/88,12.96
9/14/88,7.52
9/15/88,0
9/16/88,0
9/17/88,0
9/18/88,0
9/19/88,0
9/20/88,0
9/21/88,0.86
9/22/88,4.4
9/23/88,5.37
9/24/88,0
9/25/88,0
9/26/88,0
9/27/88,0
9/28/88,0
9/29/88,0
9/30/88,0.33
10/1/88,0
10/2/88,0
10/3/88,0
10/4/88,0
10/5/88,2.46
10/6/88,1.53
10/7/88,3.86
10/8/88,3.83
10/9/88,0.76
10/10/88,0
10/11/88,0
10/12/88,0
10/13/88,0
10/14/88,0
10/15/88,0
10/16/88,0
10/17/88,0
10/18/88,0
10/19/88,0
10/20/88,0
10/21/88,0
10/22/88,0
10/23/88,0
10/24/88,0
10/25/88,0
10/26/88,0
10/27/88,0
10/28/88,0
10/29/88,0
10/30/88,0
10/31/88,0
11/1/88,0
11/2/88,0
11/3/88,0
11/4/88,0
11/5/88,0
11/6/88,0
11/7/88,0
11/8/88,0
11/9/88,4.25
11/10/88,1.68
11/11/88,0
11/12/88,3.36
11/13/88,0
11/14/88,0
11/15/88,8.39
11/16/88,2.58
11/17/88,0
11/18/88,0
11/19/88,2.17
11/20/88,0
11/21/88,0
11/22/88,0
11/23/88,0
11/24/88,0
11/25/88,1.93
11/26/88,4.79
11/27/88,0.35
11/28/88,0
11/29/88,0
11/30/88,0
12/1/88,0
12/2/88,0
12/3/88,0
12/4/88,0
12/5/88,0
12/6/88,0
12/7/88,0
12/8/88,2.15
12/9/88,0
12/10/88,0
12/11/88,0
12/12/88,0
12/13/88,0
12/14/88,0
12/15/88,0
12/16/88,0
12/17/88,0
12/18/88,0
12/19/88,0.46
12/20/88,1.84
12/21/88,1.23
12/22/88,0.84
12/23/88,1.66
12/24/88,1.43
12/25/88,0
12/26/88,0
12/27/88,1.12
12/28/88,0
12/29/88,0
12/30/88,0
12/31/88,0
1/1/89,0
1/2/89,0
1/3/89,0
1/4/89,0
1/5/89,3.75
1/6/89,1.34
1/7/89,0.82
1/8/89,0
1/9/89,0
1/10/89,0
1/11/89,0.32
1/12/89,1.11
1/13/89,0
1/14/89,0
1/15/89,0
1/16/89,0
1/17/89,0
1/18/89,0
1/19/89,0
1/20/89,0
1/21/89,0
1/22/89,0
1/23/89,0
1/24/89,0
1/25/89,3.65
1/26/89,0.42
1/27/89,0.95
1/28/89,9.36
1/29/89,0.31
1/30/89,0
1/31/89,0
2/1/89,0
2/2/89,0
2/3/89,0
2/4/89,1.41
2/5/89,8.56
2/6/89,17.27
2/7/89,0
2/8/89,0
2/9/89,0
2/10/89,0
2/11/89,0
2/12/89,0
2/13/89,0
2/14/89,0
2/15/89,0
2/16/89,0
2/17/89,0
2/18/89,0
2/19/89,0.3
2/20/89,2
2/21/89,0.27
2/22/89,0
2/23/89,0
2/24/89,0
2/25/89,0
2/26/89,0
2/27/89,0
2/28/89,0
3/1/89,0
3/2/89,0
3/3/89,4.39
3/4/89,3.9
3/5/89,0.52
3/6/89,0
3/7/89,0
3/8/89,0
3/9/89,0
3/10/89,0
3/11/89,0
3/12/89,0
3/13/89,0
3/14/89,0
3/15/89,0
3/16/89,0
3/17/89,0
3/18/89,0
3/19/89,0
3/20/89,0
3/21/89,4.82
3/22/89,0
3/23/89,0
3/24/89,0
3/25/89,0
3/26/89,0
3/27/89,0
3/28/89,0
3/29/89,0
3/30/89,0
3/31/89,0
4/1/89,0
4/2/89,0
4/3/89,0
4/4/89,0
4/5/89,0
4/6/89,0
4/7/89,0
4/8/89,0
4/9/89,0
4/10/89,0
4/11/89,0
4/12/89,0
4/13/89,3.4
4/14/89,0
4/15/89,0
4/16/89,0
4/17/89,0
4/18/89,0
4/19/89,0
4/20/89,0
4/21/89,0
4/22/89,0
4/23/89,0
4/24/89,0
4/25/89,0
4/26/89,0
4/27/89,0
4/28/89,0
4/29/89,0
4/30/89,0
5/1/89,0
5/2/89,0
5/3/89,0
5/4/89,0
5/5/89,0
5/6/89,0
5/7/89,0
5/8/89,0
5/9/89,0
5/10/89,8.66
5/11/89,1.08
5/12/89,0
5/13/89,0
5/14/89,0
5/15/89,0
5/16/89,0
5/17/89,0.73
5/18/89,2.11
5/19/89,0
5/20/89,0
5/21/89,0
5/22/89,0
5/23/89,0
5/24/89,0
5/25/89,0
5/26/89,0
5/27/89,0
5/28/89,0
5/29/89,0
5/30/89,0
5/31/89,0
6/1/89,0
6/2/89,0
6/3/89,0
6/4/89,0
6/5/89,0
6/6/89,0
6/7/89,0.39
6/8/89,1.87
6/9/89,6.01
6/10/89,0
6/11/89,0
6/12/89,1.37
6/13/89,1.03
6/14/89,2.16
6/15/89,2.48
6/16/89,0
6/17/89,0
6/18/89,0
6/19/89,0
6/20/89,0
6/21/89,0
6/22/89,0
6/23/89,0
6/24/89,0
6/25/89,0
6/26/89,0
6/27/89,0
6/28/89,0
6/29/89,0
6/30/89,0
7/1/89,0
7/2/89,0
7/3/89,0
7/4/89,0.31
7/5/89,0
7/6/89,0
7/7/89,0
7/8/89,0
7/9/89,0
7/10/89,0.55
7/11/89,0.39
7/12/89,1.11
7/13/89,0.29
7/14/89,0.29
7/15/89,0.47
7/16/89,0
7/17/89,0
7/18/89,0
7/19/89,0.34
7/20/89,2.45
7/21/89,0
7/22/89,3.89
7/23/89,2.69
7/24/89,1.78
7/25/89,7.68
7/26/89,7.52
7/27/89,8.95
7/28/89,0
7/29/89,4.73
7/30/89,1.87
7/31/89,1.41
8/1/89,9.48
8/2/89,18.23
8/3/89,0
8/4/89,0
8/5/89,0
8/6/89,0
8/7/89,0
8/8/89,4.37
8/9/89,0
8/10/89,0
8/11/89,6.04
8/12/89,6.1
8/13/89,0
8/14/89,1.74
8/15/89,7.04
8/16/89,0
8/17/89,0
8/18/89,6.42
8/19/89,6.63
8/20/89,0
8/21/89,3.41
8/22/89,0
8/23/89,0
8/24/89,0
8/25/89,0
8/26/89,0
8/27/89,0
8/28/89,0
8/29/89,0
8/30/89,0
8/31/89,2.78
9/1/89,0
9/2/89,0
9/3/89,0
9/4/89,4.17
9/5/89,6.3
9/6/89,0
9/7/89,0.95
9/8/89,2.56
9/9/89,0
9/10/89,0
9/11/89,0
9/12/89,1.1
9/13/89,2.18
9/14/89,0
9/15/89,0
9/16/89,0
9/17/89,0
9/18/89,0
9/19/89,0.45
9/20/89,8.45
9/21/89,0
9/22/89,0
9/23/89,0
9/24/89,0
9/25/89,0
9/26/89,0
9/27/89,0
9/28/89,0
9/29/89,0
9/30/89,0
10/1/89,0
10/2/89,0
10/3/89,0
10/4/89,15.64
10/5/89,19.32
10/6/89,6.98
10/7/89,0
10/8/89,0
10/9/89,0
10/10/89,0
10/11/89,0
10/12/89,0
10/13/89,0
10/14/89,0
10/15/89,0
10/16/89,0
10/17/89,0.43
10/18/89,0
10/19/89,0
10/20/89,0
10/21/89,0
10/22/89,0
10/23/89,0
10/24/89,0
10/25/89,0
10/26/89,0
10/27/89,0
10/28/89,0
10/29/89,0
10/30/89,0
10/31/89,0
11/1/89,0
11/2/89,0
11/3/89,0
11/4/89,0
11/5/89,0
11/6/89,0
11/7/89,0
11/8/89,0
11/9/89,0
11/10/89,0
11/11/89,0
11/12/89,0
11/13/89,0
11/14/89,0
11/15/89,0
11/16/89,0
11/17/89,0
11/18/89,0
11/19/89,0
11/20/89,0
11/21/89,0
11/22/89,0
11/23/89,0
11/24/89,0
11/25/89,0
11/26/89,0
11/27/89,0
11/28/89,0
11/29/89,0
11/30/89,0
12/1/89,3.6
12/2/89,0
12/3/89,0
12/4/89,0
12/5/89,0
12/6/89,0
12/7/89,1.11
12/8/89,0
12/9/89,0
12/10/89,0
12/11/89,0
12/12/89,1.25
12/13/89,0
12/14/89,0
12/15/89,0
12/16/89,0.44
12/17/89,0
12/18/89,0
12/19/89,0
12/20/89,0
12/21/89,0
12/22/89,0
12/23/89,0
12/24/89,0
12/25/89,0
12/26/89,0
12/27/89,0
12/28/89,0
12/29/89,0
12/30/89,2.29
12/31/89,4.88
1/1/90,0.33
1/2/90,0
1/3/90,4.37
1/4/90,0.48
1/5/90,0
1/6/90,0
1/7/90,0
1/8/90,0
1/9/90,0
1/10/90,0
1/11/90,0
1/12/90,0
1/13/90,0.84
1/14/90,0.92
1/15/90,0
1/16/90,0.59
1/17/90,0.28
1/18/90,0
1/19/90,5.48
1/20/90,1.4
1/21/90,0
1/22/90,0
1/23/90,0
1/24/90,0
1/25/90,0
1/26/90,0
1/27/90,0
1/28/90,0
1/29/90,0
1/30/90,0
1/31/90,0
2/1/90,0
2/2/90,1.38
2/3/90,0
2/4/90,0
2/5/90,0
2/6/90,0.97
2/7/90,0
2/8/90,0
2/9/90,1.41
2/10/90,0
2/11/90,0
2/12/90,0
2/13/90,0
2/14/90,0
2/15/90,3.76
2/16/90,0
2/17/90,0
2/18/90,0
2/19/90,0
2/20/90,8.24
2/21/90,2.61
2/22/90,0
2/23/90,0
2/24/90,0
2/25/90,0
2/26/90,0
2/27/90,0
2/28/90,4.15
3/1/90,0.59
3/2/90,0
3/3/90,0
3/4/90,0.37
3/5/90,1.29
3/6/90,7.53
3/7/90,3.42
3/8/90,0
3/9/90,0
3/10/90,0.54
3/11/90,0.32
3/12/90,1.29
3/13/90,0.88
3/14/90,2.57
3/15/90,0
3/16/90,0
3/17/90,0
3/18/90,0
3/19/90,0
3/20/90,0
3/21/90,0
3/22/90,0
3/23/90,0
3/24/90,0
3/25/90,0
3/26/90,0
3/27/90,0
3/28/90,3.55
3/29/90,6.65
3/30/90,7.9
3/31/90,0.33
4/1/90,0
4/2/90,2.57
4/3/90,0
4/4/90,1.09
4/5/90,0
4/6/90,3.81
4/7/90,0
4/8/90,8.75
4/9/90,1.56
4/10/90,0
4/11/90,0
4/12/90,0
4/13/90,0
4/14/90,0
4/15/90,0
4/16/90,0
4/17/90,0
4/18/90,6.34
4/19/90,9.83
4/20/90,0
4/21/90,0
4/22/90,2.24
4/23/90,0.34
4/24/90,0.49
4/25/90,6.95
4/26/90,6.9
4/27/90,0
4/28/90,0
4/29/90,0
4/30/90,0
5/1/90,3.76
5/2/90,2.91
5/3/90,12.12
5/4/90,1.03
5/5/90,2.64
5/6/90,0
5/7/90,0
5/8/90,0
5/9/90,0
5/10/90,0
5/11/90,0
5/12/90,0
5/13/90,0
5/14/90,0
5/15/90,0
5/16/90,0
5/17/90,0
5/18/90,0
5/19/90,0
5/20/90,0
5/21/90,0
5/22/90,0
5/23/90,0
5/24/90,0.88
5/25/90,0
5/26/90,0
5/27/90,0
5/28/90,0
5/29/90,0
5/30/90,0.45
5/31/90,0
6/1/90,0
6/2/90,0
6/3/90,0
6/4/90,0
6/5/90,0
6/6/90,0
6/7/90,0
6/8/90,0
6/9/90,0
6/10/90,6.14
6/11/90,16.75
6/12/90,0
6/13/90,0
6/14/90,0
6/15/90,0.53
6/16/90,1.46
6/17/90,0
6/18/90,1.73
6/19/90,0.52
6/20/90,0
6/21/90,0
6/22/90,0
6/23/90,0
6/24/90,0
6/25/90,0
6/26/90,0
6/27/90,0
6/28/90,0.88
6/29/90,0
6/30/90,0
7/1/90,0.65
7/2/90,0
7/3/90,3.18
7/4/90,0.91
7/5/90,0
7/6/90,10.31
7/7/90,0
7/8/90,3.18
7/9/90,9.7
7/10/90,10.05
7/11/90,4.95
7/12/90,0
7/13/90,9.48
7/14/90,6.05
7/15/90,3.51
7/16/90,0
7/17/90,1.12
7/18/90,0
7/19/90,0
7/20/90,5.24
7/21/90,6.52
7/22/90,0
7/23/90,4.69
7/24/90,9.99
7/25/90,2.25
7/26/90,0
7/27/90,0
7/28/90,0
7/29/90,0.79
7/30/90,2.06
7/31/90,2.03
8/1/90,2.33
8/2/90,1.71
8/3/90,2.79
8/4/90,0
8/5/90,2.01
8/6/90,4.32
8/7/90,4.94
8/8/90,0
8/9/90,2.51
8/10/90,0
8/11/90,0
8/12/90,0
8/13/90,3.16
8/14/90,2.69
8/15/90,5.75
8/16/90,4.8
8/17/90,2.37
8/18/90,0
8/19/90,0
8/20/90,0.33
8/21/90,4.02
8/22/90,1.44
8/23/90,2.32
8/24/90,0
8/25/90,0
8/26/90,0
8/27/90,0
8/28/90,0.65
8/29/90,0
8/30/90,0
8/31/90,0
9/1/90,0
9/2/90,0
9/3/90,0
9/4/90,0
9/5/90,2.36
9/6/90,2.03
9/7/90,0
9/8/90,3.97
9/9/90,0
9/10/90,0.82
9/11/90,0
9/12/90,0
9/13/90,0
9/14/90,0
9/15/90,0
9/16/90,0.71
9/17/90,11.81
9/18/90,3.06
9/19/90,6.66
9/20/90,0
9/21/90,3.37
9/22/90,0
9/23/90,0.93
9/24/90,0
9/25/90,0
9/26/90,0
9/27/90,0
9/28/90,0
9/29/90,21.71
9/30/90,0
10/1/90,0
10/2/90,4.67
10/3/90,1.75
10/4/90,0
10/5/90,0
10/6/90,0
10/7/90,0
10/8/90,5.09
10/9/90,1.35
10/10/90,0
10/11/90,0
10/12/90,0
10/13/90,0
10/14/90,0
10/15/90,0
10/16/90,0
10/17/90,0
10/18/90,0
10/19/90,0
10/20/90,7.72
10/21/90,3.37
10/22/90,0
10/23/90,0
10/24/90,0
10/25/90,0
10/26/90,0
10/27/90,0
10/28/90,0
10/29/90,0
10/30/90,0
10/31/90,0
11/1/90,0
11/2/90,15.78
11/3/90,16.14
11/4/90,4.5
11/5/90,0
11/6/90,0
11/7/90,1.87
11/8/90,3.53
11/9/90,0
11/10/90,0
11/11/90,0
11/12/90,0
11/13/90,0
11/14/90,0
11/15/90,0
11/16/90,0
11/17/90,0
11/18/90,0
11/19/90,0
11/20/90,0
11/21/90,1.47
11/22/90,0
11/23/90,0
11/24/90,0
11/25/90,0
11/26/90,0
11/27/90,5.96
11/28/90,0.66
11/29/90,0
11/30/90,0
12/1/90,0
12/2/90,0
12/3/90,0
12/4/90,0
12/5/90,0
12/6/90,0
12/7/90,0
12/8/90,0
12/9/90,0
12/10/90,0
12/11/90,0
12/12/90,0
12/13/90,12.44
12/14/90,3.52
12/15/90,0
12/16/90,7.73
12/17/90,11.25
12/18/90,3.66
12/19/90,0
12/20/90,2.25
12/21/90,7.28
12/22/90,2.59
12/23/90,0
12/24/90,0
12/25/90,0
12/26/90,0.38
12/27/90,0
12/28/90,0
12/29/90,5.95
12/30/90,7.59
12/31/90,0
1/1/91,0
1/2/91,0
1/3/91,0
1/4/91,3.15
1/5/91,4.98
1/6/91,0
1/7/91,0
1/8/91,0
1/9/91,0
1/10/91,0
1/11/91,0
1/12/91,0
1/13/91,0
1/14/91,0
1/15/91,0
1/16/91,0
1/17/91,0
1/18/91,0
1/19/91,0
1/20/91,0.73
1/21/91,3.2
1/22/91,1.39
1/23/91,0
1/24/91,0
1/25/91,0
1/26/91,0
1/27/91,0
1/28/91,0
1/29/91,0
1/30/91,0
1/31/91,0
2/1/91,0
2/2/91,0
2/3/91,0
2/4/91,0
2/5/91,0
2/6/91,0
2/7/91,0
2/8/91,0
2/9/91,0
2/10/91,0
2/11/91,0
2/12/91,0
2/13/91,0
2/14/91,0
2/15/91,0
2/16/91,0
2/17/91,3.15
2/18/91,0
2/19/91,0
2/20/91,0
2/21/91,0
2/22/91,0
2/23/91,0
2/24/91,0
2/25/91,0
2/26/91,0
2/27/91,0
2/28/91,0
3/1/91,9.46
3/2/91,9.71
3/3/91,0.54
3/4/91,0.63
3/5/91,1.91
3/6/91,2.51
3/7/91,0
3/8/91,0
3/9/91,0
3/10/91,0
3/11/91,0
3/12/91,0
3/13/91,0
3/14/91,0.32
3/15/91,2.72
3/16/91,4
3/17/91,3.41
3/18/91,0
3/19/91,0
3/20/91,0
3/21/91,1.49
3/22/91,1.61
3/23/91,1.03
3/24/91,0
3/25/91,0
3/26/91,0
3/27/91,2.17
3/28/91,0.43
3/29/91,0
3/30/91,2.2
3/31/91,0
4/1/91,0
4/2/91,0.44
4/3/91,0
4/4/91,0
4/5/91,0
4/6/91,0
4/7/91,0
4/8/91,0
4/9/91,0
4/10/91,0
4/11/91,0
4/12/91,0
4/13/91,0
4/14/91,0
4/15/91,0
4/16/91,0
4/17/91,0
4/18/91,0
4/19/91,0
4/20/91,0
4/21/91,0
4/22/91,0
4/23/91,0
4/24/91,0
4/25/91,0
4/26/91,1.84
4/27/91,1.45
4/28/91,0
4/29/91,0
4/30/91,0
5/1/91,0.65
5/2/91,0
5/3/91,0
5/4/91,0
5/5/91,0
5/6/91,0
5/7/91,0
5/8/91,0
5/9/91,0
5/10/91,0
5/11/91,0
5/12/91,0
5/13/91,0
5/14/91,0
5/15/91,0
5/16/91,0
5/17/91,0
5/18/91,0
5/19/91,0
5/20/91,2.88
5/21/91,28.42
5/22/91,8.12
5/23/91,0
5/24/91,0
5/25/91,0
5/26/91,0
5/27/91,0
5/28/91,0
5/29/91,0
5/30/91,0
5/31/91,0
6/1/91,0
6/2/91,0
6/3/91,0
6/4/91,0
6/5/91,0
6/6/91,0
6/7/91,3.9
6/8/91,0
6/9/91,0
6/10/91,0
6/11/91,3.55
6/12/91,5.21
6/13/91,8.53
6/14/91,15.22
6/15/91,3.93
6/16/91,0.28
6/17/91,0
6/18/91,0
6/19/91,0
6/20/91,1.1
6/21/91,0
6/22/91,0
6/23/91,0
6/24/91,0
6/25/91,0
6/26/91,0
6/27/91,0
6/28/91,0
6/29/91,0
6/30/91,8.62
7/1/91,0
7/2/91,0
7/3/91,1.93
7/4/91,0
7/5/91,0
7/6/91,0
7/7/91,0
7/8/91,0.57
7/9/91,4.31
7/10/91,0
7/11/91,0
7/12/91,0
7/13/91,0.58
7/14/91,0
7/15/91,0
7/16/91,0
7/17/91,1.12
7/18/91,0
7/19/91,1.84
7/20/91,1.46
7/21/91,4.25
7/22/91,15.44
7/23/91,8.7
7/24/91,3.71
7/25/91,9.55
7/26/91,8.14
7/27/91,5.42
7/28/91,0
7/29/91,1.59
7/30/91,3.22
7/31/91,0
8/1/91,1.34
8/2/91,3.43
8/3/91,8.14
8/4/91,10.22
8/5/91,6.75
8/6/91,1.29
8/7/91,7.49
8/8/91,0
8/9/91,0
8/10/91,2.01
8/11/91,3.97
8/12/91,5.26
8/13/91,1.12
8/14/91,7.2
8/15/91,0
8/16/91,4.36
8/17/91,0.28
8/18/91,0
8/19/91,2.73
8/20/91,0
8/21/91,0
8/22/91,4.05
8/23/91,0
8/24/91,0
8/25/91,0
8/26/91,0.86
8/27/91,0
8/28/91,1.35
8/29/91,0.91
8/30/91,0
8/31/91,0
9/1/91,0
9/2/91,0
9/3/91,1.22
9/4/91,0.62
9/5/91,2.38
9/6/91,15.45
9/7/91,11.95
9/8/91,0
9/9/91,0
9/10/91,11.02
9/11/91,2.57
9/12/91,1.07
9/13/91,5.08
9/14/91,0
9/15/91,0
9/16/91,0
9/17/91,0
9/18/91,0
9/19/91,0
9/20/91,0
9/21/91,0
9/22/91,0
9/23/91,0
9/24/91,0
9/25/91,0
9/26/91,0
9/27/91,0
9/28/91,0
9/29/91,0
9/30/91,0.92
10/1/91,0
10/2/91,0
10/3/91,0
10/4/91,0
10/5/91,0
10/6/91,0
10/7/91,0
10/8/91,0
10/9/91,0
10/10/91,0
10/11/91,0
10/12/91,0
10/13/91,0
10/14/91,0
10/15/91,0
10/16/91,0
10/17/91,0
10/18/91,0
10/19/91,0
10/20/91,0
10/21/91,0
10/22/91,0
10/23/91,0
10/24/91,0
10/25/91,0
10/26/91,0
10/27/91,0
10/28/91,1.48
10/29/91,1.22
10/30/91,3.67
10/31/91,7.16
11/1/91,0.67
11/2/91,0
11/3/91,0
11/4/91,0
11/5/91,0.35
11/6/91,0
11/7/91,0
11/8/91,0
11/9/91,0
11/10/91,0.41
11/11/91,9.28
11/12/91,10.55
11/13/91,0
11/14/91,5.57
11/15/91,9.46
11/16/91,15.26
11/17/91,7.7
11/18/91,2.83
11/19/91,2.49
11/20/91,0
11/21/91,0
11/22/91,0
11/23/91,0
11/24/91,0
11/25/91,0.27
11/26/91,0
11/27/91,0
11/28/91,0
11/29/91,5.48
11/30/91,1.91
12/1/91,1.37
12/2/91,0
12/3/91,0
12/4/91,0.4
12/5/91,0
12/6/91,0
12/7/91,0
12/8/91,0
12/9/91,0
12/10/91,0
12/11/91,0.59
12/12/91,21.55
12/13/91,0
12/14/91,0
12/15/91,0
12/16/91,0
12/17/91,0.42
12/18/91,0
12/19/91,7.95
12/20/91,3.46
12/21/91,0
12/22/91,1.14
12/23/91,0.89
12/24/91,0
12/25/91,0
12/26/91,0
12/27/91,0
12/28/91,0
12/29/91,0
12/30/91,0
12/31/91,3.06
1/1/92,0
1/2/92,0
1/3/92,0
1/4/92,0.98
1/5/92,0.3
1/6/92,4.45
1/7/92,6.69
1/8/92,0.42
1/9/92,0
1/10/92,0
1/11/92,0
1/12/92,0
1/13/92,0.27
1/14/92,0
1/15/92,0
1/16/92,0
1/17/92,0
1/18/92,0
1/19/92,0
1/20/92,0
1/21/92,0
1/22/92,0
1/23/92,0
1/24/92,0
1/25/92,0
1/26/92,0
1/27/92,0
1/28/92,0
1/29/92,0
1/30/92,0
1/31/92,0
2/1/92,0
2/2/92,0
2/3/92,0
2/4/92,0
2/5/92,0
2/6/92,0
2/7/92,0
2/8/92,0.37
2/9/92,0
2/10/92,0
2/11/92,1.32
2/12/92,0.28
2/13/92,0
2/14/92,6.77
2/15/92,0.39
2/16/92,3.4
2/17/92,2.91
2/18/92,0
2/19/92,0
2/20/92,0
2/21/92,0.33
2/22/92,0
2/23/92,0
2/24/92,0
2/25/92,0
2/26/92,0
2/27/92,0
2/28/92,0
2/29/92,0
3/1/92,0
3/2/92,0
3/3/92,0
3/4/92,14.61
3/5/92,8.35
3/6/92,1.89
3/7/92,0.46
3/8/92,0
3/9/92,1.99
3/10/92,0.4
3/11/92,0
3/12/92,0
3/13/92,0
3/14/92,0
3/15/92,0
3/16/92,0
3/17/92,0
3/18/92,0
3/19/92,0
3/20/92,0
3/21/92,0.76
3/22/92,2.24
3/23/92,0
3/24/92,0.48
3/25/92,0
3/26/92,0
3/27/92,0.39
3/28/92,3.04
3/29/92,1.16
3/30/92,6.28
3/31/92,6.93
4/1/92,14.17
4/2/92,0
4/3/92,0
4/4/92,0
4/5/92,0
4/6/92,0
4/7/92,0
4/8/92,0
4/9/92,0
4/10/92,0
4/11/92,0
4/12/92,0
4/13/92,0
4/14/92,1.19
4/15/92,0.84
4/16/92,0.36
4/17/92,0
4/18/92,0
4/19/92,0
4/20/92,0
4/21/92,0
4/22/92,0
4/23/92,0
4/24/92,0
4/25/92,0
4/26/92,0
4/27/92,0
4/28/92,0
4/29/92,0
4/30/92,0
5/1/92,0
5/2/92,0
5/3/92,0
5/4/92,2.38
5/5/92,0.72
5/6/92,0.37
5/7/92,0
5/8/92,2.26
5/9/92,4.72
5/10/92,9.29
5/11/92,0
5/12/92,0
5/13/92,0
5/14/92,0
5/15/92,0
5/16/92,0
5/17/92,0
5/18/92,0
5/19/92,0
5/20/92,1.51
5/21/92,6.39
5/22/92,6.36
5/23/92,5.2
5/24/92,6.41
5/25/92,2.6
5/26/92,3.02
5/27/92,0.4
5/28/92,2.68
5/29/92,0
5/30/92,15.28
5/31/92,3.3
6/1/92,5.17
6/2/92,0.89
6/3/92,0
6/4/92,0
6/5/92,0
6/6/92,2.26
6/7/92,1.14
6/8/92,0.54
6/9/92,7.88
6/10/92,2.74
6/11/92,1.02
6/12/92,0
6/13/92,0
6/14/92,0
6/15/92,0
6/16/92,0
6/17/92,0
6/18/92,0
6/19/92,0
6/20/92,0
6/21/92,0
6/22/92,0
6/23/92,0
6/24/92,0
6/25/92,0
6/26/92,0
6/27/92,0
6/28/92,0
6/29/92,0
6/30/92,0
7/1/92,0
7/2/92,0
7/3/92,0
7/4/92,0
7/5/92,0
7/6/92,0
7/7/92,0
7/8/92,0
7/9/92,0.83
7/10/92,0
7/11/92,0.38
7/12/92,1.51
7/13/92,4.32
7/14/92,0
7/15/92,0
7/16/92,0
7/17/92,0
7/18/92,0
7/19/92,0.52
7/20/92,1.82
7/21/92,2.98
7/22/92,0
7/23/92,3.01
7/24/92,14.03
7/25/92,3.2
7/26/92,4.47
7/27/92,5.73
7/28/92,0
7/29/92,0.99
7/30/92,0
7/31/92,0.37
8/1/92,3.61
8/2/92,0
8/3/92,0
8/4/92,0
8/5/92,2.35
8/6/92,3.44
8/7/92,13.22
8/8/92,0
8/9/92,0.36
8/10/92,0
8/11/92,3.95
8/12/92,6.15
8/13/92,1.31
8/14/92,2.59
8/15/92,4.44
8/16/92,0
8/17/92,0.31
8/18/92,2.83
8/19/92,0
8/20/92,2.6
8/21/92,0
8/22/92,0
8/23/92,12.62
8/24/92,9.89
8/25/92,26.61
8/26/92,5.18
8/27/92,0
8/28/92,0
8/29/92,0
8/30/92,0
8/31/92,0
9/1/92,1.72
9/2/92,0
9/3/92,0
9/4/92,0
9/5/92,0
9/6/92,0
9/7/92,0
9/8/92,0
9/9/92,0
9/10/92,0
9/11/92,0
9/12/92,0
9/13/92,0
9/14/92,0
9/15/92,5.79
9/16/92,3.11
9/17/92,0
9/18/92,0
9/19/92,2.2
9/20/92,5.12
9/21/92,1.29
9/22/92,0
9/23/92,0
9/24/92,0
9/25/92,0
9/26/92,0
9/27/92,0
9/28/92,0
9/29/92,0
9/30/92,0
10/1/92,0
10/2/92,0
10/3/92,0
10/4/92,0
10/5/92,0
10/6/92,0
10/7/92,0
10/8/92,0
10/9/92,0
10/10/92,0
10/11/92,0
10/12/92,0
10/13/92,0
10/14/92,0
10/15/92,0
10/16/92,0
10/17/92,0
10/18/92,0
10/19/92,0
10/20/92,0
10/21/92,0
10/22/92,0
10/23/92,0
10/24/92,0
10/25/92,0
10/26/92,0
10/27/92,0
10/28/92,0
10/29/92,2.79
10/30/92,1.92
10/31/92,6.67
11/1/92,7.07
11/2/92,0
11/3/92,2.2
11/4/92,0
11/5/92,0
11/6/92,0.4
11/7/92,0
11/8/92,0
11/9/92,0
11/10/92,0
11/11/92,20.96
11/12/92,1.04
11/13/92,0
11/14/92,0
11/15/92,0
11/16/92,0
11/17/92,0
11/18/92,0
11/19/92,0
11/20/92,1.33
11/21/92,4.89
11/22/92,0
11/23/92,0
11/24/92,0.37
11/25/92,0
11/26/92,0.31
11/27/92,0
11/28/92,0
11/29/92,0.33
11/30/92,0
12/1/92,0
12/2/92,0
12/3/92,0
12/4/92,0
12/5/92,13.18
12/6/92,7.12
12/7/92,0
12/8/92,0.38
12/9/92,0.73
12/10/92,0
12/11/92,0
12/12/92,0
12/13/92,4.86
12/14/92,0.45
12/15/92,0
12/16/92,1.5
12/17/92,0
12/18/92,1.45
12/19/92,1.38
12/20/92,0
12/21/92,0
12/22/92,0
12/23/92,0
12/24/92,0
12/25/92,0
12/26/92,0
12/27/92,0
12/28/92,5.13
12/29/92,8.57
12/30/92,5.69
12/31/92,0
1/1/93,0
1/2/93,0
1/3/93,0
1/4/93,0.86
1/5/93,0.27
1/6/93,0
1/7/93,3.39
1/8/93,8.85
1/9/93,12.53
1/10/93,0.31
1/11/93,7.2
1/12/93,0.61
1/13/93,0
1/14/93,0
1/15/93,0.34
1/16/93,0
1/17/93,1.75
1/18/93,5.58
1/19/93,8.04
1/20/93,1.99
1/21/93,0
1/22/93,0
1/23/93,0
1/24/93,0
1/25/93,0
1/26/93,0
1/27/93,0
1/28/93,0
1/29/93,0
1/30/93,0
1/31/93,0
2/1/93,0
2/2/93,0
2/3/93,0
2/4/93,1.07
2/5/93,2.01
2/6/93,0
2/7/93,0
2/8/93,0
2/9/93,4.32
2/10/93,2.08
2/11/93,0
2/12/93,0
2/13/93,1.03
2/14/93,0.3
2/15/93,9.33
2/16/93,7.42
2/17/93,1.79
2/18/93,0.29
2/19/93,2.45
2/20/93,9.97
2/21/93,2.94
2/22/93,0
2/23/93,0
2/24/93,0
2/25/93,3.47
2/26/93,0.58
2/27/93,0
2/28/93,2.5
3/1/93,8.52
3/2/93,1.18
3/3/93,0
3/4/93,0
3/5/93,0
3/6/93,0
3/7/93,0
3/8/93,0
3/9/93,0
3/10/93,0
3/11/93,0
3/12/93,0.37
3/13/93,0
3/14/93,0
3/15/93,0
3/16/93,0
3/17/93,0
3/18/93,0
3/19/93,0
3/20/93,0
3/21/93,0
3/22/93,0
3/23/93,0
3/24/93,0
3/25/93,0
3/26/93,0
3/27/93,8.91
3/28/93,5.54
3/29/93,3.47
3/30/93,5.16
3/31/93,0
4/1/93,0
4/2/93,0
4/3/93,0
4/4/93,0
4/5/93,0
4/6/93,2.29
4/7/93,4.08
4/8/93,1.35
4/9/93,0
4/10/93,0
4/11/93,0
4/12/93,0
4/13/93,0
4/14/93,0
4/15/93,0
4/16/93,0.7
4/17/93,0.5
4/18/93,0
4/19/93,0
4/20/93,0
4/21/93,0
4/22/93,0
4/23/93,0
4/24/93,0
4/25/93,0
4/26/93,0
4/27/93,0
4/28/93,0
4/29/93,0
4/30/93,0
5/1/93,0.86
5/2/93,4.32
5/3/93,0.92
5/4/93,0
5/5/93,0.43
5/6/93,2.03
5/7/93,0
5/8/93,1.16
5/9/93,4.26
5/10/93,0
5/11/93,0
5/12/93,0
5/13/93,0.48
5/14/93,0
5/15/93,0
5/16/93,4.81
5/17/93,9.14
5/18/93,0.42
5/19/93,0
5/20/93,0
5/21/93,0.38
5/22/93,0
5/23/93,0
5/24/93,0
5/25/93,0
5/26/93,2.4
5/27/93,0
5/28/93,1.63
5/29/93,6.67
5/30/93,0
5/31/93,0
6/1/93,0
6/2/93,0
6/3/93,0
6/4/93,0
6/5/93,0
6/6/93,0
6/7/93,0
6/8/93,0
6/9/93,0
6/10/93,0
6/11/93,0
6/12/93,0
6/13/93,0
6/14/93,0
6/15/93,0.88
6/16/93,0
6/17/93,0.77
6/18/93,0
6/19/93,0
6/20/93,0
6/21/93,6.47
6/22/93,1.02
6/23/93,0
6/24/93,0
6/25/93,0
6/26/93,0
6/27/93,0
6/28/93,0
6/29/93,0
6/30/93,0
7/1/93,0
7/2/93,0
7/3/93,0
7/4/93,0
7/5/93,0
7/6/93,0
7/7/93,0
7/8/93,0
7/9/93,0
7/10/93,0
7/11/93,0
7/12/93,0
7/13/93,2.83
7/14/93,0
7/15/93,0
7/16/93,0.55
7/17/93,0
7/18/93,0
7/19/93,0
7/20/93,1.79
7/21/93,0
7/22/93,0
7/23/93,0
7/24/93,0
7/25/93,0
7/26/93,0
7/27/93,0
7/28/93,0
7/29/93,1.19
7/30/93,0
7/31/93,0
8/1/93,1.62
8/2/93,0.58
8/3/93,0
8/4/93,0
8/5/93,0.31
8/6/93,3.08
8/7/93,5.78
8/8/93,0.72
8/9/93,0.34
8/10/93,2.23
8/11/93,3.79
8/12/93,0
8/13/93,1.08
8/14/93,7.54
8/15/93,9.03
8/16/93,0
8/17/93,0
8/18/93,0
8/19/93,2.75
8/20/93,4.25
8/21/93,10.45
8/22/93,10.81
8/23/93,0
8/24/93,0
8/25/93,0
8/26/93,4.01
8/27/93,9.06
8/28/93,16.07
8/29/93,9.92
8/30/93,2.47
8/31/93,6.64
9/1/93,0
9/2/93,0
9/3/93,0
9/4/93,0
9/5/93,0
9/6/93,0
9/7/93,4.94
9/8/93,1.95
9/9/93,0
9/10/93,0.82
9/11/93,0.88
9/12/93,0
9/13/93,2.19
9/14/93,13.67
9/15/93,0
9/16/93,0
9/17/93,0
9/18/93,0
9/19/93,0
9/20/93,0
9/21/93,0
9/22/93,2.09
9/23/93,0.9
9/24/93,0
9/25/93,0
9/26/93,0
9/27/93,0
9/28/93,0
9/29/93,0
9/30/93,0
10/1/93,0
10/2/93,0
10/3/93,0
10/4/93,0
10/5/93,0
10/6/93,0
10/7/93,1.19
10/8/93,3.33
10/9/93,0
10/10/93,0
10/11/93,0
10/12/93,0
10/13/93,0
10/14/93,0
10/15/93,1.99
10/16/93,0
10/17/93,1.53
10/18/93,9.22
10/19/93,0
10/20/93,0
10/21/93,0
10/22/93,0
10/23/93,0
10/24/93,0
10/25/93,0
10/26/93,0.51
10/27/93,0.52
10/28/93,0
10/29/93,2.9
10/30/93,5.92
10/31/93,0
11/1/93,0.62
11/2/93,0
11/3/93,0
11/4/93,0
11/5/93,0
11/6/93,0
11/7/93,0
11/8/93,0
11/9/93,0
11/10/93,0
11/11/93,0
11/12/93,8.38
11/13/93,5.76
11/14/93,10.53
11/15/93,5.71
11/16/93,0
11/17/93,0
11/18/93,0
11/19/93,0
11/20/93,0
11/21/93,0
11/22/93,0
11/23/93,2.94
11/24/93,7.33
11/25/93,0
11/26/93,0
11/27/93,0
11/28/93,0
11/29/93,0
11/30/93,0
12/1/93,0
12/2/93,0
12/3/93,0
12/4/93,0
12/5/93,0
12/6/93,0
12/7/93,0
12/8/93,0
12/9/93,0
12/10/93,0
12/11/93,0
12/12/93,1.47
12/13/93,5.38
12/14/93,0
12/15/93,0
12/16/93,1.79
12/17/93,2.38
12/18/93,0
12/19/93,0.46
12/20/93,0
12/21/93,0
12/22/93,0
12/23/93,0
12/24/93,0
12/25/93,0.46
12/26/93,0
12/27/93,0
12/28/93,0
12/29/93,0
12/30/93,0
12/31/93,0
1/1/94,0
1/2/94,0
1/3/94,0
1/4/94,0
1/5/94,0
1/6/94,0.4
1/7/94,0
1/8/94,0
1/9/94,0
1/10/94,0
1/11/94,0
1/12/94,0
1/13/94,0
1/14/94,0
1/15/94,0
1/16/94,0
1/17/94,0
1/18/94,0
1/19/94,0
1/20/94,0
1/21/94,0
1/22/94,0
1/23/94,0
1/24/94,0
1/25/94,0
1/26/94,4.85
1/27/94,2.51
1/28/94,2.6
1/29/94,0.44
1/30/94,0.43
1/31/94,2.56
2/1/94,0
2/2/94,0
2/3/94,0
2/4/94,0.9
2/5/94,4.74
2/6/94,0
2/7/94,0
2/8/94,5.86
2/9/94,8.34
2/10/94,0.35
2/11/94,0.69
2/12/94,1.27
2/13/94,0.75
2/14/94,0
2/15/94,0
2/16/94,0
2/17/94,0
2/18/94,1.92
2/19/94,4.9
2/20/94,1.88
2/21/94,1.3
2/22/94,0.81
2/23/94,0.99
2/24/94,0
2/25/94,0
2/26/94,0
2/27/94,0
2/28/94,0
3/1/94,1.06
3/2/94,0
3/3/94,0
3/4/94,0
3/5/94,0
3/6/94,0
3/7/94,0
3/8/94,12.13
3/9/94,7.62
3/10/94,0.83
3/11/94,0
3/12/94,0
3/13/94,0
3/14/94,0
3/15/94,0
3/16/94,0
3/17/94,0
3/18/94,0
3/19/94,0
3/20/94,1.44
3/21/94,1.06
3/22/94,0
3/23/94,0
3/24/94,0
3/25/94,1.1
3/26/94,0
3/27/94,11.07
3/28/94,7.24
3/29/94,0
3/30/94,0
3/31/94,0
4/1/94,0
4/2/94,0
4/3/94,0
4/4/94,0
4/5/94,0
4/6/94,0.73
4/7/94,0
4/8/94,0
4/9/94,5.92
4/10/94,6.67
4/11/94,14.16
4/12/94,2.05
4/13/94,0
4/14/94,0
4/15/94,0
4/16/94,0
4/17/94,0
4/18/94,0
4/19/94,0
4/20/94,0
4/21/94,0
4/22/94,0
4/23/94,0.62
4/24/94,0
4/25/94,0.74
4/26/94,1.8
4/27/94,0.53
4/28/94,4.18
4/29/94,1.4
4/30/94,6.54
5/1/94,0
5/2/94,0
5/3/94,0
5/4/94,0
5/5/94,0
5/6/94,0
5/7/94,0
5/8/94,0
5/9/94,0
5/10/94,1.49
5/11/94,10.5
5/12/94,10.11
5/13/94,7.01
5/14/94,3.99
5/15/94,0
5/16/94,0.37
5/17/94,0
5/18/94,0
5/19/94,0
5/20/94,3.14
5/21/94,0
5/22/94,0
5/23/94,0
5/24/94,0
5/25/94,0
5/26/94,17.46
5/27/94,2.15
5/28/94,0
5/29/94,0
5/30/94,0
5/31/94,0.56
6/1/94,0
6/2/94,0
6/3/94,0
6/4/94,0
6/5/94,0
6/6/94,0
6/7/94,0
6/8/94,0
6/9/94,0
6/10/94,0
6/11/94,0
6/12/94,0
6/13/94,0
6/14/94,0
6/15/94,0
6/16/94,0
6/17/94,0
6/18/94,0
6/19/94,0
6/20/94,2.83
6/21/94,5.45
6/22/94,10.58
6/23/94,0.51
6/24/94,0
6/25/94,0
6/26/94,0
6/27/94,0
6/28/94,0
6/29/94,0
6/30/94,0
7/1/94,0
7/2/94,0
7/3/94,0
7/4/94,0
7/5/94,0
7/6/94,0
7/7/94,0
7/8/94,0
7/9/94,0
7/10/94,0
7/11/94,0.4
7/12/94,0
7/13/94,0
7/14/94,0
7/15/94,0.45
7/16/94,0
7/17/94,0
7/18/94,0
7/19/94,0.28
7/20/94,0.62
7/21/94,2.36
7/22/94,0.28
7/23/94,0.96
7/24/94,0
7/25/94,17.01
7/26/94,0
7/27/94,1.63
7/28/94,0.71
7/29/94,3.4
7/30/94,0
7/31/94,1.35
8/1/94,2.54
8/2/94,6.4
8/3/94,2.34
8/4/94,0
8/5/94,1.72
8/6/94,2.92
8/7/94,0
8/8/94,4.07
8/9/94,0.3
8/10/94,0
8/11/94,4.12
8/12/94,1.97
8/13/94,0
8/14/94,3.04
8/15/94,15.89
8/16/94,3.51
8/17/94,0.64
8/18/94,0.66
8/19/94,0
8/20/94,2.89
8/21/94,5.7
8/22/94,3.64
8/23/94,0
8/24/94,0
8/25/94,3.95
8/26/94,0
8/27/94,0
8/28/94,0
8/29/94,3.19
8/30/94,0
8/31/94,0
9/1/94,5.18
9/2/94,5.86
9/3/94,2.39
9/4/94,12.14
9/5/94,0
9/6/94,1.03
9/7/94,2.68
9/8/94,0
9/9/94,0
9/10/94,0
9/11/94,0
9/12/94,1.39
9/13/94,6.12
9/14/94,6.71
9/15/94,3.53
9/16/94,0
9/17/94,0.8
9/18/94,0.44
9/19/94,0.65
9/20/94,0
9/21/94,0
9/22/94,0
9/23/94,0
9/24/94,0
9/25/94,0
9/26/94,0
9/27/94,0
9/28/94,0
9/29/94,0
9/30/94,0
10/1/94,0.39
10/2/94,0
10/3/94,0
10/4/94,0.77
10/5/94,0.65
10/6/94,2.37
10/7/94,0
10/8/94,1.51
10/9/94,0
10/10/94,0
10/11/94,0
10/12/94,0
10/13/94,0
10/14/94,0
10/15/94,15.2
10/16/94,16.59
10/17/94,10.97
10/18/94,1.21
10/19/94,0
10/20/94,0
10/21/94,0
10/22/94,0
10/23/94,0
10/24/94,0
10/25/94,0
10/26/94,0
10/27/94,0
10/28/94,0
10/29/94,0
10/30/94,0
10/31/94,0
11/1/94,0
11/2/94,0
11/3/94,4.19
11/4/94,14.93
11/5/94,2.07
11/6/94,0
11/7/94,0
11/8/94,3.16
11/9/94,2.59
11/10/94,0
11/11/94,0.58
11/12/94,16.58
11/13/94,15.7
11/14/94,0
11/15/94,0
11/16/94,0
11/17/94,0.67
11/18/94,0
11/19/94,0
11/20/94,1.87
11/21/94,1.65
11/22/94,0
11/23/94,0
11/24/94,0
11/25/94,0
11/26/94,0.77
11/27/94,0.73
11/28/94,1.17
11/29/94,0.51
11/30/94,0.47
12/1/94,0
12/2/94,0
12/3/94,0
12/4/94,0
12/5/94,0.61
12/6/94,5.93
12/7/94,6.15
12/8/94,1.07
12/9/94,0
12/10/94,0
12/11/94,0.46
12/12/94,0
12/13/94,0
12/14/94,0.58
12/15/94,0.5
12/16/94,0
12/17/94,0
12/18/94,0
12/19/94,0
12/20/94,0
12/21/94,0
12/22/94,0
12/23/94,0
12/24/94,0
12/25/94,0
12/26/94,0
12/27/94,0
12/28/94,0
12/29/94,0
12/30/94,0
12/31/94,2.72
1/1/95,0
1/2/95,0
1/3/95,0
1/4/95,0
1/5/95,5.9
1/6/95,10.08
1/7/95,2.61
1/8/95,1.15
1/9/95,0.33
1/10/95,0
1/11/95,0
1/12/95,0.96
1/13/95,0
1/14/95,0
1/15/95,0.9
1/16/95,0
1/17/95,1.89
1/18/95,1.73
1/19/95,0
1/20/95,1.03
1/21/95,0.74
1/22/95,4.02
1/23/95,0
1/24/95,0
1/25/95,0.36
1/26/95,0
1/27/95,3.73
1/28/95,2.43
1/29/95,0.57
1/30/95,0
1/31/95,0
2/1/95,0
2/2/95,0
2/3/95,0
2/4/95,0
2/5/95,0
2/6/95,0
2/7/95,0
2/8/95,0
2/9/95,0
2/10/95,0
2/11/95,0
2/12/95,0.36
2/13/95,1.57
2/14/95,4.37
2/15/95,8.12
2/16/95,1.8
2/17/95,0
2/18/95,0
2/19/95,0
2/20/95,0
2/21/95,0
2/22/95,0
2/23/95,0
2/24/95,0
2/25/95,0
2/26/95,1.25
2/27/95,0
2/28/95,0
3/1/95,6.24
3/2/95,15.1
3/3/95,4.02
3/4/95,3.44
3/5/95,4.89
3/6/95,12.79
3/7/95,2.43
3/8/95,0
3/9/95,0
3/10/95,0
3/11/95,0
3/12/95,0
3/13/95,0
3/14/95,0
3/15/95,0
3/16/95,0.29
3/17/95,0.31
3/18/95,0
3/19/95,0
3/20/95,0
3/21/95,0
3/22/95,0
3/23/95,0
3/24/95,0
3/25/95,0
3/26/95,0
3/27/95,0
3/28/95,0
3/29/95,0
3/30/95,1.36
3/31/95,0
4/1/95,0
4/2/95,0
4/3/95,0
4/4/95,0
4/5/95,0
4/6/95,0
4/7/95,0
4/8/95,0
4/9/95,0
4/10/95,4.97
4/11/95,3.66
4/12/95,0
4/13/95,0
4/14/95,0
4/15/95,0
4/16/95,0
4/17/95,0
4/18/95,1.29
4/19/95,2.04
4/20/95,7.14
4/21/95,5.99
4/22/95,10.39
4/23/95,4.68
4/24/95,2.17
4/25/95,0
4/26/95,0
4/27/95,0
4/28/95,0
4/29/95,0
4/30/95,0
5/1/95,0.42
5/2/95,4.75
5/3/95,1.74
5/4/95,0
5/5/95,1.33
5/6/95,0
5/7/95,0
5/8/95,4.7
5/9/95,2.85
5/10/95,0.77
5/11/95,1.04
5/12/95,0
5/13/95,0
5/14/95,0
5/15/95,0
5/16/95,0
5/17/95,1.78
5/18/95,6.84
5/19/95,1.71
5/20/95,0
5/21/95,0
5/22/95,0
5/23/95,0
5/24/95,1.34
5/25/95,0
5/26/95,0
5/27/95,0
5/28/95,0
5/29/95,12.2
5/30/95,15.53
5/31/95,0.37
6/1/95,0
6/2/95,0
6/3/95,0
6/4/95,0
6/5/95,0
6/6/95,0
6/7/95,0
6/8/95,0
6/9/95,0
6/10/95,0
6/11/95,0
6/12/95,0
6/13/95,0
6/14/95,0
6/15/95,0
6/16/95,0
6/17/95,1.57
6/18/95,13.05
6/19/95,1.2
6/20/95,0
6/21/95,0
6/22/95,0
6/23/95,0
6/24/95,0
6/25/95,0
6/26/95,1.42
6/27/95,0
6/28/95,0
6/29/95,2.29
6/30/95,9.97
7/1/95,9.81
7/2/95,0
7/3/95,0
7/4/95,0.76
7/5/95,0
7/6/95,0
7/7/95,0
7/8/95,0
7/9/95,0
7/10/95,0
7/11/95,0
7/12/95,0
7/13/95,0
7/14/95,0
7/15/95,0
7/16/95,1.33
7/17/95,2.48
7/18/95,4.01
7/19/95,4.12
7/20/95,0
7/21/95,0
7/22/95,0
7/23/95,0
7/24/95,0
7/25/95,0
7/26/95,0
7/27/95,0
7/28/95,0
7/29/95,0
7/30/95,0
7/31/95,0
8/1/95,2.37
8/2/95,0
8/3/95,0
8/4/95,0
8/5/95,0
8/6/95,0
8/7/95,0
8/8/95,0
8/9/95,0
8/10/95,3.01
8/11/95,2.62
8/12/95,3.84
8/13/95,6.59
8/14/95,6.7
8/15/95,5.68
8/16/95,0
8/17/95,3.09
8/18/95,0
8/19/95,0
8/20/95,17.38
8/21/95,0
8/22/95,2.31
8/23/95,2.65
8/24/95,1.86
8/25/95,8.65
8/26/95,5.48
8/27/95,6.61
8/28/95,6.98
8/29/95,1.61
8/30/95,0
8/31/95,1.44
9/1/95,0
9/2/95,0
9/3/95,0
9/4/95,0
9/5/95,0
9/6/95,0
9/7/95,5.55
9/8/95,14.86
9/9/95,15.38
9/10/95,0
9/11/95,0
9/12/95,0
9/13/95,0
9/14/95,0
9/15/95,0
9/16/95,0
9/17/95,0
9/18/95,0
9/19/95,0
9/20/95,0
9/21/95,0
9/22/95,0
9/23/95,0
9/24/95,0
9/25/95,0
9/26/95,0
9/27/95,0
9/28/95,0
9/29/95,5.6
9/30/95,10.21
10/1/95,0
10/2/95,0
10/3/95,0
10/4/95,0
10/5/95,0
10/6/95,0
10/7/95,0
10/8/95,0
10/9/95,0
10/10/95,0
10/11/95,0
10/12/95,0
10/13/95,0
10/14/95,0
10/15/95,0
10/16/95,0
10/17/95,0
10/18/95,0
10/19/95,0
10/20/95,0
10/21/95,0
10/22/95,0
10/23/95,0
10/24/95,0
10/25/95,0
10/26/95,0
10/27/95,0
10/28/95,0
10/29/95,0
10/30/95,0
10/31/95,0
11/1/95,0
11/2/95,3.9
11/3/95,0
11/4/95,1.34
11/5/95,3.61
11/6/95,0
11/7/95,0
11/8/95,0
11/9/95,0
11/10/95,0
11/11/95,3.45
11/12/95,0
11/13/95,0
11/14/95,0
11/15/95,0
11/16/95,0
11/17/95,0
11/18/95,0
11/19/95,0
11/20/95,0
11/21/95,0
11/22/95,0
11/23/95,0
11/24/95,0
11/25/95,0
11/26/95,0
11/27/95,0
11/28/95,0
11/29/95,0
11/30/95,0
12/1/95,0
12/2/95,0
12/3/95,0
12/4/95,0
12/5/95,0
12/6/95,0
12/7/95,0
12/8/95,0.83
12/9/95,0
12/10/95,0
12/11/95,0
12/12/95,0
12/13/95,0
12/14/95,0
12/15/95,2.87
12/16/95,0
12/17/95,0.74
12/18/95,1.76
12/19/95,0
12/20/95,0.46
12/21/95,0
12/22/95,0.98
12/23/95,0.48
12/24/95,0
12/25/95,0
12/26/95,0.46
12/27/95,0
12/28/95,0
12/29/95,1.2
12/30/95,0
12/31/95,0
1/1/96,2.22
1/2/96,1.83
1/3/96,0
1/4/96,0
1/5/96,0
1/6/96,0
1/7/96,0
1/8/96,0
1/9/96,0
1/10/96,0
1/11/96,0
1/12/96,0
1/13/96,0
1/14/96,0
1/15/96,0
1/16/96,0
1/17/96,6.04
1/18/96,7.2
1/19/96,0
1/20/96,1.48
1/21/96,0
1/22/96,0
1/23/96,0
1/24/96,0
1/25/96,0
1/26/96,2.35
1/27/96,0
1/28/96,0
1/29/96,0
1/30/96,0.33
1/31/96,0
2/1/96,5.31
2/2/96,6.06
2/3/96,2.16
2/4/96,0
2/5/96,0
2/6/96,0
2/7/96,0
2/8/96,0
2/9/96,0
2/10/96,0
2/11/96,0
2/12/96,0
2/13/96,0
2/14/96,0
2/15/96,0
2/16/96,0
2/17/96,0
2/18/96,0
2/19/96,0
2/20/96,0
2/21/96,0.44
2/22/96,0
2/23/96,0
2/24/96,0
2/25/96,0
2/26/96,0
2/27/96,0.93
2/28/96,1.41
2/29/96,2.69
3/1/96,0.38
3/2/96,0
3/3/96,0
3/4/96,0
3/5/96,1.12
3/6/96,3
3/7/96,6.21
3/8/96,0
3/9/96,0
3/10/96,0
3/11/96,0
3/12/96,0
3/13/96,0
3/14/96,0
3/15/96,3.02
3/16/96,2.76
3/17/96,0
3/18/96,0
3/19/96,0
3/20/96,0
3/21/96,0
3/22/96,0
3/23/96,0
3/24/96,0
3/25/96,0.37
3/26/96,0
3/27/96,0
3/28/96,0
3/29/96,0
3/30/96,3.53
3/31/96,0
4/1/96,0
4/2/96,0
4/3/96,0
4/4/96,0
4/5/96,0
4/6/96,0
4/7/96,0
4/8/96,0
4/9/96,0
4/10/96,0
4/11/96,0
4/12/96,0
4/13/96,0
4/14/96,2.12
4/15/96,0
4/16/96,0
4/17/96,0
4/18/96,0
4/19/96,0
4/20/96,0
4/21/96,0
4/22/96,0
4/23/96,0
4/24/96,0
4/25/96,0
4/26/96,0
4/27/96,0
4/28/96,0
4/29/96,0
4/30/96,0
5/1/96,0
5/2/96,0
5/3/96,0
5/4/96,0
5/5/96,0
5/6/96,0
5/7/96,0
5/8/96,0
5/9/96,0
5/10/96,0
5/11/96,0
5/12/96,0
5/13/96,0
5/14/96,0
5/15/96,0
5/16/96,0
5/17/96,0
5/18/96,0
5/19/96,0
5/20/96,0
5/21/96,0
5/22/96,0
5/23/96,0
5/24/96,0
5/25/96,0
5/26/96,0
5/27/96,0
5/28/96,0
5/29/96,0
5/30/96,0
5/31/96,0
6/1/96,0
6/2/96,0
6/3/96,0
6/4/96,0
6/5/96,0
6/6/96,0
6/7/96,0
6/8/96,0
6/9/96,0
6/10/96,0
6/11/96,0
6/12/96,0
6/13/96,0
6/14/96,1.25
6/15/96,3.43
6/16/96,0
6/17/96,0
6/18/96,0
6/19/96,0
6/20/96,0
6/21/96,0
6/22/96,0
6/23/96,3.93
6/24/96,0
6/25/96,0
6/26/96,2.93
6/27/96,15.24
6/28/96,9.42
6/29/96,3.66
6/30/96,2.1
7/1/96,10.75
7/2/96,2.51
7/3/96,0
7/4/96,0
7/5/96,0
7/6/96,0
7/7/96,3.11
7/8/96,2.25
7/9/96,18.07
7/10/96,15.45
7/11/96,3.06
7/12/96,2.78
7/13/96,8.69
7/14/96,0
7/15/96,1.83
7/16/96,0
7/17/96,0.34
7/18/96,3.73
7/19/96,0
7/20/96,0
7/21/96,0
7/22/96,0
7/23/96,0
7/24/96,0
7/25/96,0
7/26/96,0
7/27/96,0.94
7/28/96,1.4
7/29/96,7.42
7/30/96,0
7/31/96,0
8/1/96,0
8/2/96,0
8/3/96,3.08
8/4/96,1.54
8/5/96,0
8/6/96,0
8/7/96,0
8/8/96,0
8/9/96,1.89
8/10/96,2.25
8/11/96,0
8/12/96,0
8/13/96,0
8/14/96,0
8/15/96,0.87
8/16/96,5.45
8/17/96,0.45
8/18/96,0.27
8/19/96,0
8/20/96,0
8/21/96,8.75
8/22/96,8.44
8/23/96,18.49
8/24/96,4.25
8/25/96,5.34
8/26/96,2.58
8/27/96,0.82
8/28/96,1.49
8/29/96,0
8/30/96,0
8/31/96,0
9/1/96,0
9/2/96,1.2
9/3/96,0
9/4/96,0
9/5/96,0
9/6/96,0.42
9/7/96,0
9/8/96,0
9/9/96,0
9/10/96,0
9/11/96,0
9/12/96,0.82
9/13/96,4.75
9/14/96,2.48
9/15/96,13.99
9/16/96,0
9/17/96,1.73
9/18/96,4.6
9/19/96,7.17
9/20/96,0
9/21/96,0
9/22/96,0
9/23/96,0
9/24/96,0.51
9/25/96,0
9/26/96,0.66
9/27/96,0
9/28/96,0
9/29/96,0
9/30/96,0
10/1/96,0
10/2/96,0
10/3/96,0
10/4/96,4.26
10/5/96,4.88
10/6/96,0
10/7/96,0
10/8/96,0
10/9/96,0
10/10/96,0
10/11/96,0
10/12/96,0
10/13/96,0
10/14/96,0
10/15/96,0
10/16/96,0
10/17/96,0
10/18/96,0
10/19/96,0
10/20/96,2.07
10/21/96,3.7
10/22/96,4.32
10/23/96,0
10/24/96,0
10/25/96,0
10/26/96,4.32
10/27/96,7.86
10/28/96,5.05
10/29/96,11.88
10/30/96,0
10/31/96,0
11/1/96,0
11/2/96,0
11/3/96,0
11/4/96,1.88
11/5/96,0
11/6/96,0
11/7/96,0
11/8/96,0
11/9/96,0
11/10/96,0
11/11/96,0.62
11/12/96,0
11/13/96,0
11/14/96,0
11/15/96,0
11/16/96,9.77
11/17/96,6.36
11/18/96,0.86
11/19/96,0
11/20/96,0
11/21/96,0
11/22/96,0
11/23/96,1.68
11/24/96,4.35
11/25/96,0
11/26/96,0
11/27/96,2.75
11/28/96,0.91
11/29/96,2.96
11/30/96,13
12/1/96,4.95
12/2/96,0
12/3/96,0
12/4/96,0
12/5/96,0
12/6/96,1.15
12/7/96,2.44
12/8/96,0
12/9/96,0
12/10/96,1.41
12/11/96,3.37
12/12/96,2.05
12/13/96,0
12/14/96,0
12/15/96,0
12/16/96,0
12/17/96,0
12/18/96,0
12/19/96,0
12/20/96,0
12/21/96,0
12/22/96,0
12/23/96,2.22
12/24/96,1.83
12/25/96,0
12/26/96,0
12/27/96,0
12/28/96,0
12/29/96,0
12/30/96,0
12/31/96,0
1/1/97,0
1/2/97,0
1/3/97,0
1/4/97,2.48
1/5/97,0
1/6/97,6.3
1/7/97,0.45
1/8/97,0
1/9/97,0
1/10/97,0.42
1/11/97,0.27
1/12/97,8.91
1/13/97,5.74
1/14/97,5.71
1/15/97,4.32
1/16/97,0
1/17/97,0
1/18/97,0
1/19/97,0
1/20/97,0
1/21/97,0
1/22/97,0.55
1/23/97,0
1/24/97,4.21
1/25/97,0.83
1/26/97,4.03
1/27/97,7.6
1/28/97,0
1/29/97,0
1/30/97,0
1/31/97,0
2/1/97,0
2/2/97,0
2/3/97,0
2/4/97,0
2/5/97,0
2/6/97,2.98
2/7/97,2.44
2/8/97,0
2/9/97,0
2/10/97,0
2/11/97,0
2/12/97,0
2/13/97,1.46
2/14/97,0.59
2/15/97,0
2/16/97,0
2/17/97,0
2/18/97,0
2/19/97,0
2/20/97,0
2/21/97,0
2/22/97,0.44
2/23/97,0.72
2/24/97,3.55
2/25/97,1.75
2/26/97,2.63
2/27/97,0
2/28/97,10.5
3/1/97,3.79
3/2/97,0
3/3/97,0
3/4/97,0
3/5/97,0
3/6/97,0
3/7/97,0
3/8/97,0
3/9/97,0
3/10/97,0
3/11/97,0.28
3/12/97,0
3/13/97,0
3/14/97,0
3/15/97,0.28
3/16/97,0
3/17/97,0
3/18/97,0
3/19/97,0
3/20/97,0
3/21/97,0
3/22/97,0
3/23/97,0
3/24/97,0
3/25/97,1.22
3/26/97,0
3/27/97,0
3/28/97,0
3/29/97,0
3/30/97,0
3/31/97,0
4/1/97,0.73
4/2/97,0
4/3/97,0
4/4/97,0.3
4/5/97,10.55
4/6/97,3.04
4/7/97,0
4/8/97,0
4/9/97,0
4/10/97,0
4/11/97,0.59
4/12/97,0.42
4/13/97,1.16
4/14/97,0
4/15/97,0.33
4/16/97,0.69
4/17/97,0
4/18/97,0
4/19/97,0
4/20/97,0
4/21/97,0
4/22/97,0.58
4/23/97,0
4/24/97,10.76
4/25/97,7.91
4/26/97,0.49
4/27/97,1.27
4/28/97,0.51
4/29/97,0
4/30/97,1.3
5/1/97,0
5/2/97,1.65
5/3/97,0
5/4/97,0
5/5/97,0
5/6/97,0
5/7/97,0
5/8/97,0
5/9/97,0
5/10/97,10.43
5/11/97,0
5/12/97,3.11
5/13/97,1.45
5/14/97,0
5/15/97,0
5/16/97,1.55
5/17/97,1.25
5/18/97,0
5/19/97,0
5/20/97,7.17
5/21/97,4.25
5/22/97,9.81
5/23/97,5.07
5/24/97,0.37
5/25/97,5.63
5/26/97,0.92
5/27/97,0
5/28/97,0
5/29/97,0
5/30/97,0
5/31/97,0
6/1/97,0
6/2/97,0
6/3/97,0
6/4/97,0
6/5/97,0
6/6/97,1.51
6/7/97,8.6
6/8/97,15.38
6/9/97,7.72
6/10/97,0.57
6/11/97,1.98
6/12/97,0
6/13/97,0.71
6/14/97,0
6/15/97,0.45
6/16/97,0.31
6/17/97,3.11
6/18/97,0
6/19/97,0
6/20/97,0
6/21/97,0
6/22/97,0
6/23/97,0
6/24/97,0
6/25/97,0
6/26/97,0.95
6/27/97,0
6/28/97,0
6/29/97,0
6/30/97,0
7/1/97,0
7/2/97,0
7/3/97,0
7/4/97,0
7/5/97,0
7/6/97,0
7/7/97,0
7/8/97,0
7/9/97,0
7/10/97,0.52
7/11/97,1.09
7/12/97,0
7/13/97,0
7/14/97,0
7/15/97,0
7/16/97,0
7/17/97,0
7/18/97,0.65
7/19/97,0
7/20/97,6.39
7/21/97,2.35
7/22/97,0
7/23/97,0
7/24/97,1.95
7/25/97,0
7/26/97,0
7/27/97,4.44
7/28/97,7.47
7/29/97,6.08
7/30/97,4.05
7/31/97,8.81
8/1/97,2.56
8/2/97,0.76
8/3/97,0
8/4/97,8.98
8/5/97,6.34
8/6/97,8.35
8/7/97,4.46
8/8/97,6.52
8/9/97,1.57
8/10/97,3.89
8/11/97,3.84
8/12/97,0
8/13/97,0
8/14/97,3.74
8/15/97,0
8/16/97,0
8/17/97,1.15
8/18/97,9.05
8/19/97,0.44
8/20/97,0
8/21/97,0.28
8/22/97,1.51
8/23/97,3.43
8/24/97,2.91
8/25/97,6.24
8/26/97,1.13
8/27/97,0
8/28/97,0
8/29/97,0
8/30/97,3.36
8/31/97,5.25
9/1/97,3.72
9/2/97,0
9/3/97,0
9/4/97,4.95
9/5/97,0.7
9/6/97,0
9/7/97,0
9/8/97,0.52
9/9/97,0
9/10/97,3.3
9/11/97,3.02
9/12/97,4.77
9/13/97,0
9/14/97,2.67
9/15/97,0
9/16/97,3.55
9/17/97,0
9/18/97,0
9/19/97,0
9/20/97,2.91
9/21/97,23.74
9/22/97,8.74
9/23/97,0
9/24/97,0
9/25/97,0
9/26/97,0
9/27/97,0
9/28/97,0
9/29/97,0
9/30/97,0
10/1/97,0
10/2/97,0
10/3/97,1.13
10/4/97,0.4
10/5/97,0
10/6/97,0
10/7/97,0.9
10/8/97,7.61
10/9/97,0
10/10/97,0
10/11/97,0
10/12/97,1.06
10/13/97,1.42
10/14/97,0
10/15/97,0
10/16/97,0
10/17/97,0
10/18/97,0
10/19/97,0
10/20/97,0
10/21/97,0
10/22/97,0
10/23/97,0
10/24/97,5.54
10/25/97,6.36
10/26/97,0
10/27/97,0
10/28/97,0
10/29/97,0
10/30/97,0
10/31/97,0
11/1/97,0
11/2/97,0
11/3/97,0
11/4/97,0
11/5/97,0
11/6/97,0
11/7/97,0
11/8/97,0
11/9/97,0
11/10/97,11.52
11/11/97,1.52
11/12/97,7.97
11/13/97,1.95
11/14/97,2.48
11/15/97,3.8
11/16/97,0
11/17/97,0
11/18/97,0
11/19/97,0
11/20/97,0
11/21/97,0
11/22/97,0
11/23/97,0
11/24/97,0
11/25/97,0
11/26/97,0
11/27/97,1.26
11/28/97,5.16
11/29/97,0
11/30/97,0
12/1/97,0
12/2/97,2.5
12/3/97,9.25
12/4/97,1.28
12/5/97,0
12/6/97,0
12/7/97,0
12/8/97,4.96
12/9/97,5.31
12/10/97,1.79
12/11/97,1.31
12/12/97,0
12/13/97,0
12/14/97,0
12/15/97,0
12/16/97,0
12/17/97,0
12/18/97,0
12/19/97,0
12/20/97,0
12/21/97,0
12/22/97,0
12/23/97,0.93
12/24/97,0.93
12/25/97,1.49
12/26/97,0.46
12/27/97,0
12/28/97,0
12/29/97,0
12/30/97,0
12/31/97,0
1/1/98,0
1/2/98,0
1/3/98,2.3
1/4/98,0.81
1/5/98,0.49
1/6/98,0.88
1/7/98,0
1/8/98,0
1/9/98,0
1/10/98,0
1/11/98,1.76
1/12/98,0.31
1/13/98,0
1/14/98,0.66
1/15/98,0
1/16/98,0
1/17/98,0
1/18/98,0
1/19/98,0
1/20/98,0.63
1/21/98,0
1/22/98,0
1/23/98,0
1/24/98,0
1/25/98,0
1/26/98,0
1/27/98,0
1/28/98,0
1/29/98,0
1/30/98,0
1/31/98,0
2/1/98,0
2/2/98,0.34
2/3/98,0
2/4/98,0
2/5/98,2.77
2/6/98,0.31
2/7/98,0
2/8/98,1.86
2/9/98,3.93
2/10/98,0
2/11/98,0
2/12/98,0
2/13/98,0
2/14/98,0
2/15/98,1.71
2/16/98,2.11
2/17/98,0.97
2/18/98,0
2/19/98,1.13
2/20/98,0
2/21/98,0.46
2/22/98,0
2/23/98,0.52
2/24/98,0.82
2/25/98,3.98
2/26/98,1.26
2/27/98,0
2/28/98,0.47
3/1/98,0
3/2/98,0
3/3/98,0
3/4/98,0
3/5/98,0
3/6/98,0.46
3/7/98,2.56
3/8/98,1.81
3/9/98,0
3/10/98,0
3/11/98,0
3/12/98,0
3/13/98,0
3/14/98,0
3/15/98,2.44
3/16/98,5.54
3/17/98,3.46
3/18/98,3.29
3/19/98,2.45
3/20/98,0
3/21/98,0
3/22/98,0
3/23/98,0
3/24/98,0
3/25/98,0
3/26/98,0
3/27/98,9.02
3/28/98,1.86
3/29/98,0.68
3/30/98,1.42
3/31/98,0.53
4/1/98,0.61
4/2/98,2.36
4/3/98,0.91
4/4/98,0
4/5/98,0
4/6/98,0.6
4/7/98,1.44
4/8/98,1.91
4/9/98,0
4/10/98,0
4/11/98,0
4/12/98,0.43
4/13/98,3.92
4/14/98,0
4/15/98,0
4/16/98,1.15
4/17/98,3.24
4/18/98,0
4/19/98,0
4/20/98,0
4/21/98,0
4/22/98,0
4/23/98,0
4/24/98,0
4/25/98,0
4/26/98,0
4/27/98,3.97
4/28/98,0
4/29/98,0
4/30/98,0
5/1/98,0
5/2/98,0
5/3/98,0
5/4/98,0
5/5/98,0
5/6/98,0
5/7/98,0
5/8/98,0
5/9/98,0
5/10/98,0
5/11/98,0
5/12/98,0
5/13/98,0
5/14/98,0
5/15/98,2.3
5/16/98,0
5/17/98,0
5/18/98,0
5/19/98,0
5/20/98,0
5/21/98,0
5/22/98,0
5/23/98,0
5/24/98,0
5/25/98,0
5/26/98,0
5/27/98,0
5/28/98,0
5/29/98,0
5/30/98,0
5/31/98,0
6/1/98,0
6/2/98,0
6/3/98,0
6/4/98,0
6/5/98,0
6/6/98,0
6/7/98,0
6/8/98,0
6/9/98,0
6/10/98,0
6/11/98,1.7
6/12/98,0
6/13/98,0
6/14/98,0
6/15/98,0
6/16/98,0
6/17/98,0
6/18/98,0
6/19/98,0
6/20/98,0
6/21/98,0
6/22/98,0
6/23/98,0
6/24/98,0
6/25/98,0
6/26/98,0
6/27/98,0
6/28/98,0
6/29/98,0
6/30/98,1.69
7/1/98,0
7/2/98,0.76
7/3/98,0
7/4/98,0
7/5/98,5
7/6/98,0
7/7/98,12.88
7/8/98,23.37
7/9/98,4.02
7/10/98,2.78
7/11/98,0
7/12/98,2.1
7/13/98,0
7/14/98,2.18
7/15/98,0
7/16/98,2.35
7/17/98,3.34
7/18/98,0
7/19/98,1.86
7/20/98,0
7/21/98,0
7/22/98,0
7/23/98,0.51
7/24/98,3.17
7/25/98,2.27
7/26/98,4.29
7/27/98,13.77
7/28/98,3.19
7/29/98,3.43
7/30/98,0
7/31/98,0.78
8/1/98,1.56
8/2/98,9.03
8/3/98,0.61
8/4/98,0
8/5/98,8.57
8/6/98,0.69
8/7/98,0
8/8/98,0
8/9/98,0
8/10/98,0
8/11/98,0.57
8/12/98,5.39
8/13/98,2.95
8/14/98,0
8/15/98,0
8/16/98,1.92
8/17/98,1.31
8/18/98,2.78
8/19/98,0
8/20/98,0
8/21/98,6.47
8/22/98,4.68
8/23/98,0
8/24/98,0
8/25/98,0
8/26/98,4.6
8/27/98,0
8/28/98,0
8/29/98,2.64
8/30/98,0.29
8/31/98,1.82
9/1/98,4.88
9/2/98,10.03
9/3/98,0.28
9/4/98,0
9/5/98,0
9/6/98,0
9/7/98,0
9/8/98,0
9/9/98,0
9/10/98,0
9/11/98,0
9/12/98,0
9/13/98,2.73
9/14/98,0
9/15/98,2.47
9/16/98,0
9/17/98,0.94
9/18/98,0
9/19/98,0
9/20/98,0
9/21/98,0
9/22/98,0
9/23/98,0
9/24/98,0
9/25/98,0
9/26/98,0
9/27/98,0
9/28/98,0
9/29/98,1.06
9/30/98,21.98
10/1/98,3.23
10/2/98,6.23
10/3/98,0
10/4/98,0.62
10/5/98,3.49
10/6/98,0
10/7/98,0
10/8/98,0
10/9/98,0
10/10/98,0
10/11/98,0
10/12/98,0
10/13/98,0
10/14/98,0
10/15/98,0
10/16/98,0
10/17/98,2.93
10/18/98,0
10/19/98,0
10/20/98,0
10/21/98,3.97
10/22/98,0.37
10/23/98,0
10/24/98,0.48
10/25/98,0.7
10/26/98,20.25
10/27/98,15.16
10/28/98,9.88
10/29/98,0
10/30/98,2.02
10/31/98,17.72
11/1/98,15.82
11/2/98,0.7
11/3/98,1.51
11/4/98,0
11/5/98,0
11/6/98,0
11/7/98,0.6
11/8/98,1.07
11/9/98,11.28
11/10/98,6.7
11/11/98,0
11/12/98,1.69
11/13/98,0.55
11/14/98,0
11/15/98,0
11/16/98,0
11/17/98,0
11/18/98,0
11/19/98,0
11/20/98,0
11/21/98,0
11/22/98,0
11/23/98,0
11/24/98,0
11/25/98,0
11/26/98,0
11/27/98,0
11/28/98,0
11/29/98,2.77
11/30/98,3.37
12/1/98,0
12/2/98,0
12/3/98,0
12/4/98,0
12/5/98,0
12/6/98,1.59
12/7/98,1.17
12/8/98,0
12/9/98,0.6
12/10/98,0
12/11/98,0.54
12/12/98,0
12/13/98,0.6
12/14/98,0
12/15/98,0
12/16/98,0
12/17/98,0
12/18/98,0
12/19/98,0
12/20/98,0.6
12/21/98,0.51
12/22/98,0
12/23/98,0.54
12/24/98,0
12/25/98,0
12/26/98,0
12/27/98,0
12/28/98,0
12/29/98,0
12/30/98,0
12/31/98,0
1/1/99,0
1/2/99,1
1/3/99,0
1/4/99,0
1/5/99,0
1/6/99,0
1/7/99,0
1/8/99,0
1/9/99,0
1/10/99,0
1/11/99,0
1/12/99,0
1/13/99,0
1/14/99,0
1/15/99,0
1/16/99,0
1/17/99,0
1/18/99,0
1/19/99,0
1/20/99,0
1/21/99,7.54
1/22/99,8.52
1/23/99,0
1/24/99,0.36
1/25/99,0
1/26/99,0.43
1/27/99,0
1/28/99,0
1/29/99,0
1/30/99,0
1/31/99,0
2/1/99,0
2/2/99,0
2/3/99,0
2/4/99,0
2/5/99,2.6
2/6/99,2.03
2/7/99,1.9
2/8/99,0
2/9/99,0
2/10/99,0
2/11/99,0
2/12/99,0
2/13/99,0
2/14/99,0
2/15/99,0
2/16/99,0
2/17/99,0
2/18/99,0
2/19/99,0
2/20/99,0
2/21/99,0
2/22/99,0
2/23/99,0
2/24/99,0
2/25/99,0
2/26/99,0
2/27/99,0
2/28/99,0
3/1/99,0
3/2/99,0
3/3/99,0
3/4/99,0
3/5/99,0
3/6/99,0
3/7/99,0
3/8/99,4.49
3/9/99,0.42
3/10/99,0
3/11/99,0
3/12/99,3.74
3/13/99,9.07
3/14/99,0
3/15/99,0
3/16/99,0
3/17/99,0
3/18/99,0
3/19/99,4.63
3/20/99,0.68
3/21/99,0
3/22/99,0
3/23/99,0
3/24/99,0
3/25/99,0
3/26/99,0
3/27/99,0.52
3/28/99,0
3/29/99,0
3/30/99,0
3/31/99,0
4/1/99,0
4/2/99,11.07
4/3/99,7.45
4/4/99,2.79
4/5/99,4.33
4/6/99,0.41
4/7/99,0
4/8/99,0
4/9/99,0
4/10/99,0
4/11/99,0
4/12/99,0.37
4/13/99,0.43
4/14/99,4.36
4/15/99,0
4/16/99,0
4/17/99,0
4/18/99,0
4/19/99,0
4/20/99,0
4/21/99,0
4/22/99,13.52
4/23/99,1.61
4/24/99,0
4/25/99,8.33
4/26/99,2.76
4/27/99,0.53
4/28/99,0.27
4/29/99,0
4/30/99,13.86
5/1/99,13.1
5/2/99,10.3
5/3/99,1.37
5/4/99,6.84
5/5/99,2.35
5/6/99,0.53
5/7/99,0
5/8/99,0
5/9/99,0
5/10/99,0
5/11/99,0
5/12/99,0
5/13/99,0
5/14/99,0
5/15/99,0
5/16/99,0
5/17/99,0
5/18/99,0
5/19/99,0
5/20/99,0
5/21/99,0
5/22/99,0.73
5/23/99,0
5/24/99,3.65
5/25/99,9.15
5/26/99,0.87
5/27/99,0.84
5/28/99,2.76
5/29/99,0
5/30/99,0.47
5/31/99,0
6/1/99,0
6/2/99,0
6/3/99,0
6/4/99,0
6/5/99,0
6/6/99,0
6/7/99,0
6/8/99,0
6/9/99,0
6/10/99,0
6/11/99,0
6/12/99,0
6/13/99,2.72
6/14/99,0
6/15/99,2.06
6/16/99,1.67
6/17/99,12.55
6/18/99,7.06
6/19/99,4.64
6/20/99,5.56
6/21/99,0
6/22/99,7.47
6/23/99,0
6/24/99,0
6/25/99,0
6/26/99,0
6/27/99,1.25
6/28/99,0
6/29/99,0
6/30/99,0
7/1/99,0
7/2/99,0
7/3/99,0.44
7/4/99,1.56
7/5/99,0
7/6/99,1.2
7/7/99,0
7/8/99,0
7/9/99,8.82
7/10/99,8.77
7/11/99,0
7/12/99,0
7/13/99,0
7/14/99,0.7
7/15/99,6.32
7/16/99,0
7/17/99,1.45
7/18/99,18.98
7/19/99,3.01
7/20/99,1.07
7/21/99,0
7/22/99,3.12
7/23/99,2.06
7/24/99,7.62
7/25/99,2.53
7/26/99,0
7/27/99,1.19
7/28/99,1.56
7/29/99,1.08
7/30/99,2.84
7/31/99,0
8/1/99,5.85
8/2/99,9.24
8/3/99,1.68
8/4/99,8.81
8/5/99,18.23
8/6/99,13.89
8/7/99,1.73
8/8/99,0
8/9/99,2.41
8/10/99,0.73
8/11/99,7.45
8/12/99,0.7
8/13/99,0.98
8/14/99,0
8/15/99,16.75
8/16/99,2.61
8/17/99,1.7
8/18/99,0
8/19/99,0.39
8/20/99,0.95
8/21/99,4.24
8/22/99,1.05
8/23/99,0
8/24/99,0
8/25/99,0
8/26/99,0
8/27/99,0
8/28/99,0.28
8/29/99,0.96
8/30/99,0
8/31/99,0
9/1/99,0
9/2/99,2.41
9/3/99,2.91
9/4/99,4.68
9/5/99,0
9/6/99,0
9/7/99,0.9
9/8/99,0
9/9/99,1.34
9/10/99,0
9/11/99,0
9/12/99,0
9/13/99,0
9/14/99,0
9/15/99,6.88
9/16/99,8.7
9/17/99,3.37
9/18/99,4.11
9/19/99,0
9/20/99,0.36
9/21/99,0
9/22/99,0
9/23/99,0
9/24/99,0.9
9/25/99,0.89
9/26/99,0
9/27/99,0
9/28/99,0
9/29/99,0
9/30/99,0
10/1/99,0
10/2/99,0
10/3/99,0
10/4/99,0
10/5/99,0
10/6/99,0
10/7/99,0.54
10/8/99,0.31
10/9/99,0
10/10/99,0
10/11/99,0
10/12/99,0
10/13/99,0
10/14/99,0
10/15/99,0
10/16/99,0
10/17/99,6.28
10/18/99,0
10/19/99,0
10/20/99,0
10/21/99,0
10/22/99,0
10/23/99,0
10/24/99,0
10/25/99,0
10/26/99,0
10/27/99,0
10/28/99,0
10/29/99,0
10/30/99,0
10/31/99,0
11/1/99,0
11/2/99,0
11/3/99,0
11/4/99,0
11/5/99,0
11/6/99,0
11/7/99,0
11/8/99,0
11/9/99,0
11/10/99,0
11/11/99,0
11/12/99,0
11/13/99,0
11/14/99,0
11/15/99,0
11/16/99,0
11/17/99,0
11/18/99,0
11/19/99,0
11/20/99,0
11/21/99,0
11/22/99,0
11/23/99,1.96
11/24/99,0
11/25/99,0
11/26/99,0
11/27/99,0
11/28/99,0
11/29/99,0
11/30/99,0
12/1/99,0
12/2/99,0
12/3/99,0
12/4/99,3.7
12/5/99,0
12/6/99,0
12/7/99,0
12/8/99,0
12/9/99,0.69
12/10/99,0
12/11/99,0
12/12/99,0
12/13/99,0
12/14/99,0
12/15/99,0
12/16/99,0
12/17/99,0
12/18/99,0
12/19/99,0
12/20/99,0
12/21/99,0
12/22/99,0
12/23/99,0
12/24/99,0
12/25/99,0
12/26/99,0.66
12/27/99,0
12/28/99,0
12/29/99,0
12/30/99,0
12/31/99,0
1/1/00,0
1/2/00,1.04
1/3/00,6.95
1/4/00,0.42
1/5/00,0
1/6/00,0
1/7/00,0
1/8/00,0
1/9/00,0
1/10/00,0
1/11/00,0
1/12/00,0
1/13/00,0
1/14/00,0
1/15/00,0.29
1/16/00,0
1/17/00,0
1/18/00,0
1/19/00,0
1/20/00,0
1/21/00,0
1/22/00,0
1/23/00,0
1/24/00,0
1/25/00,0
1/26/00,9.44
1/27/00,4.86
1/28/00,0
1/29/00,0
1/30/00,0
1/31/00,0
2/1/00,0.4
2/2/00,0
2/3/00,0.4
2/4/00,0
2/5/00,0
2/6/00,0
2/7/00,0
2/8/00,0
2/9/00,0
2/10/00,0
2/11/00,0.53
2/12/00,0
2/13/00,2.71
2/14/00,0.53
2/15/00,0
2/16/00,0
2/17/00,0.51
2/18/00,0
2/19/00,0
2/20/00,0.29
2/21/00,0
2/22/00,0
2/23/00,0.45
2/24/00,0
2/25/00,3.24
2/26/00,0
2/27/00,0
2/28/00,0
2/29/00,1.28
3/1/00,0
3/2/00,3.08
3/3/00,0
3/4/00,0
3/5/00,1.66
3/6/00,1.61
3/7/00,0
3/8/00,4.78
3/9/00,0
3/10/00,0.3
3/11/00,0
3/12/00,0
3/13/00,0
3/14/00,0
3/15/00,0
3/16/00,1.46
3/17/00,0
3/18/00,0
3/19/00,0
3/20/00,0
3/21/00,4.3
3/22/00,4.02
3/23/00,6.53
3/24/00,0
3/25/00,0
3/26/00,0
3/27/00,0
3/28/00,0
3/29/00,3.78
3/30/00,2.5
3/31/00,11.99
4/1/00,5.75
4/2/00,2.05
4/3/00,0.6
4/4/00,0
4/5/00,0.34
4/6/00,0
4/7/00,0
4/8/00,0
4/9/00,0
4/10/00,0
4/11/00,1.02
4/12/00,0.97
4/13/00,0
4/14/00,0
4/15/00,0
4/16/00,0.3
4/17/00,0
4/18/00,0
4/19/00,0
4/20/00,0
4/21/00,0
4/22/00,0
4/23/00,0
4/24/00,0
4/25/00,0
4/26/00,0
4/27/00,0
4/28/00,0
4/29/00,0
4/30/00,0
5/1/00,2.11
5/2/00,0
5/3/00,0
5/4/00,0
5/5/00,0
5/6/00,0
5/7/00,0
5/8/00,0
5/9/00,0
5/10/00,0
5/11/00,0
5/12/00,0
5/13/00,0
5/14/00,0
5/15/00,0
5/16/00,0
5/17/00,0
5/18/00,0
5/19/00,5.6
5/20/00,0
5/21/00,0
5/22/00,0
5/23/00,0
5/24/00,0
5/25/00,0
5/26/00,0
5/27/00,0
5/28/00,0
5/29/00,0
5/30/00,0
5/31/00,0
6/1/00,0
6/2/00,0
6/3/00,0
6/4/00,0
6/5/00,0
6/6/00,0.99
6/7/00,0.39
6/8/00,0
6/9/00,1.5
6/10/00,1.55
6/11/00,0
6/12/00,0
6/13/00,0
6/14/00,0
6/15/00,0
6/16/00,0
6/17/00,0
6/18/00,0
6/19/00,5.72
6/20/00,0
6/21/00,0
6/22/00,0
6/23/00,0
6/24/00,0
6/25/00,0
6/26/00,0
6/27/00,0.9
6/28/00,19.28
6/29/00,3.42
6/30/00,2.44
7/1/00,0.36
7/2/00,0
7/3/00,0
7/4/00,1.28
7/5/00,0
7/6/00,0
7/7/00,0
7/8/00,0.93
7/9/00,4.53
7/10/00,0
7/11/00,0
7/12/00,0.65
7/13/00,0.93
7/14/00,2.82
7/15/00,1.54
7/16/00,0
7/17/00,9.79
7/18/00,0.97
7/19/00,0
7/20/00,0
7/21/00,0
7/22/00,0
7/23/00,0
7/24/00,0
7/25/00,0.38
7/26/00,0.31
7/27/00,1.78
7/28/00,1.63
7/29/00,1.38
7/30/00,0.71
7/31/00,4.12
8/1/00,0
8/2/00,0
8/3/00,0
8/4/00,0
8/5/00,0
8/6/00,0
8/7/00,0.75
8/8/00,0.73
8/9/00,0
8/10/00,0
8/11/00,0
8/12/00,3.11
8/13/00,0
8/14/00,1.96
8/15/00,1.86
8/16/00,2.2
8/17/00,0
8/18/00,7.01
8/19/00,7.28
8/20/00,0.87
8/21/00,0
8/22/00,5.75
8/23/00,0
8/24/00,0
8/25/00,1.63
8/26/00,0
8/27/00,0
8/28/00,0
8/29/00,4.44
8/30/00,0.5
8/31/00,0.76
9/1/00,0
9/2/00,0
9/3/00,0
9/4/00,0
9/5/00,0
9/6/00,0
9/7/00,0
9/8/00,0
9/9/00,4.97
9/10/00,0
9/11/00,0
9/12/00,0
9/13/00,0
9/14/00,0
9/15/00,0
9/16/00,0
9/17/00,0
9/18/00,0
9/19/00,0
9/20/00,0
9/21/00,0
9/22/00,3.01
9/23/00,0
9/24/00,0
9/25/00,0
9/26/00,0
9/27/00,0
9/28/00,0
9/29/00,0
9/30/00,0
10/1/00,0
10/2/00,0
10/3/00,0
10/4/00,0
10/5/00,3.39
10/6/00,0
10/7/00,0
10/8/00,0.91
10/9/00,1.54
10/10/00,0
10/11/00,3.15
10/12/00,8.18
10/13/00,2.95
10/14/00,0
10/15/00,0
10/16/00,0
10/17/00,0
10/18/00,0
10/19/00,0
10/20/00,0
10/21/00,0
10/22/00,0
10/23/00,3.45
10/24/00,27.13
10/25/00,2.88
10/26/00,0
10/27/00,0.55
10/28/00,9.47
10/29/00,7.63
10/30/00,0
10/31/00,0
11/1/00,0
11/2/00,0.41
11/3/00,0
11/4/00,4.1
11/5/00,2.66
11/6/00,3.42
11/7/00,0.38
11/8/00,0.95
11/9/00,0
11/10/00,0.33
11/11/00,2.05
11/12/00,4.03
11/13/00,1.21
11/14/00,0
11/15/00,0.53
11/16/00,0
11/17/00,0
11/18/00,0
11/19/00,0
11/20/00,0
11/21/00,0
11/22/00,0
11/23/00,7.91
11/24/00,2.12
11/25/00,0
11/26/00,0
11/27/00,0
11/28/00,0
11/29/00,0
11/30/00,0
12/1/00,0
12/2/00,0
12/3/00,0
12/4/00,0
12/5/00,0
12/6/00,0
12/7/00,0
12/8/00,0
12/9/00,0.96
12/10/00,0.52
12/11/00,1.32
12/12/00,1.16
12/13/00,0.89
12/14/00,1.27
12/15/00,0
12/16/00,0
12/17/00,0
12/18/00,0
12/19/00,0
12/20/00,0.39
12/21/00,0
12/22/00,0
12/23/00,0
12/24/00,0
12/25/00,0
12/26/00,4.42
12/27/00,0
12/28/00,0
12/29/00,0
12/30/00,0
12/31/00,0
1/1/01,0
1/2/01,0
1/3/01,0
1/4/01,0
1/5/01,0
1/6/01,0
1/7/01,0
1/8/01,0
1/9/01,0
1/10/01,1.38
1/11/01,0
1/12/01,0
1/13/01,2.4
1/14/01,0.72
1/15/01,0
1/16/01,5.35
1/17/01,7.13
1/18/01,0
1/19/01,0
1/20/01,0
1/21/01,0
1/22/01,0
1/23/01,0
1/24/01,0
1/25/01,0
1/26/01,2.89
1/27/01,0
1/28/01,10.76
1/29/01,2.32
1/30/01,0.93
1/31/01,0.32
2/1/01,0
2/2/01,0
2/3/01,0
2/4/01,0
2/5/01,0
2/6/01,0
2/7/01,0
2/8/01,0
2/9/01,10.79
2/10/01,0.35
2/11/01,0
2/12/01,0
2/13/01,0
2/14/01,0.64
2/15/01,0.35
2/16/01,0
2/17/01,0
2/18/01,0
2/19/01,1.09
2/20/01,0
2/21/01,0
2/22/01,0
2/23/01,0
2/24/01,1.17
2/25/01,0.93
2/26/01,0.42
2/27/01,6.39
2/28/01,7.32
3/1/01,5.43
3/2/01,0
3/3/01,0
3/4/01,0
3/5/01,0
3/6/01,0
3/7/01,0.38
3/8/01,6.65
3/9/01,0.87
3/10/01,0
3/11/01,3.61
3/12/01,3.45
3/13/01,0.63
3/14/01,0
3/15/01,0
3/16/01,0
3/17/01,1.74
3/18/01,5.72
3/19/01,0.36
3/20/01,0.34
3/21/01,0
3/22/01,0
3/23/01,0
3/24/01,0
3/25/01,0
3/26/01,0
3/27/01,0
3/28/01,0
3/29/01,0
3/30/01,0
3/31/01,0
4/1/01,0
4/2/01,0
4/3/01,0
4/4/01,0
4/5/01,0
4/6/01,4.07
4/7/01,7.09
4/8/01,0
4/9/01,0
4/10/01,0
4/11/01,1.7
4/12/01,1.48
4/13/01,0.72
4/14/01,0.5
4/15/01,0
4/16/01,0
4/17/01,0
4/18/01,0
4/19/01,0
4/20/01,0
4/21/01,0.63
4/22/01,0
4/23/01,2.29
4/24/01,0.31
4/25/01,0
4/26/01,0
4/27/01,0
4/28/01,3.04
4/29/01,0.91
4/30/01,0
5/1/01,0
5/2/01,0
5/3/01,0
5/4/01,1.71
5/5/01,12.12
5/6/01,8.25
5/7/01,0.79
5/8/01,0
5/9/01,0.39
5/10/01,0
5/11/01,0
5/12/01,0
5/13/01,0
5/14/01,0
5/15/01,0.86
5/16/01,0
5/17/01,0
5/18/01,0
5/19/01,0
5/20/01,5.55
5/21/01,0
5/22/01,0
5/23/01,0
5/24/01,0
5/25/01,0
5/26/01,0
5/27/01,0
5/28/01,0
5/29/01,0
5/30/01,0
5/31/01,0
6/1/01,0
6/2/01,0
6/3/01,0
6/4/01,0
6/5/01,0
6/6/01,0
6/7/01,0
6/8/01,2.82
6/9/01,0
6/10/01,0
6/11/01,0.31
6/12/01,0
6/13/01,0
6/14/01,0
6/15/01,0
6/16/01,0
6/17/01,0
6/18/01,0
6/19/01,0
6/20/01,0
6/21/01,0
6/22/01,0.5
6/23/01,1.17
6/24/01,0
6/25/01,0
6/26/01,0
6/27/01,1.41
6/28/01,0
6/29/01,1.52
6/30/01,0
7/1/01,6.68
7/2/01,1.86
7/3/01,0.4
7/4/01,0
7/5/01,0
7/6/01,0
7/7/01,0
7/8/01,0.54
7/9/01,0
7/10/01,2.29
7/11/01,0
7/12/01,0.73
7/13/01,0
7/14/01,6.54
7/15/01,0
7/16/01,0
7/17/01,0
7/18/01,1.36
7/19/01,0
7/20/01,0
7/21/01,2.95
7/22/01,0
7/23/01,0.91
7/24/01,2.4
7/25/01,3.16
7/26/01,4.94
7/27/01,9.14
7/28/01,0.65
7/29/01,0.93
7/30/01,0.61
7/31/01,6.03
8/1/01,7.9
8/2/01,0.64
8/3/01,5.31
8/4/01,0
8/5/01,0.3
8/6/01,5.17
8/7/01,0
8/8/01,1.33
8/9/01,5.48
8/10/01,0
8/11/01,2.36
8/12/01,6.42
8/13/01,8.22
8/14/01,9.81
8/15/01,3.37
8/16/01,3.88
8/17/01,0.7
8/18/01,0
8/19/01,0
8/20/01,0
8/21/01,0
8/22/01,0
8/23/01,0
8/24/01,0
8/25/01,0
8/26/01,0
8/27/01,0
8/28/01,2.71
8/29/01,0
8/30/01,1.03
8/31/01,0.31
9/1/01,1.08
9/2/01,0
9/3/01,0.49
9/4/01,0
9/5/01,0
9/6/01,0
9/7/01,0
9/8/01,0.38
9/9/01,0
9/10/01,0
9/11/01,0
9/12/01,0
9/13/01,0
9/14/01,11.52
9/15/01,1.5
9/16/01,0
9/17/01,0
9/18/01,1.19
9/19/01,0
9/20/01,0
9/21/01,0
9/22/01,0
9/23/01,0
9/24/01,0
9/25/01,0
9/26/01,0
9/27/01,0
9/28/01,0
9/29/01,0
9/30/01,0
10/1/01,0
10/2/01,0
10/3/01,0
10/4/01,0
10/5/01,0
10/6/01,0
10/7/01,0
10/8/01,0
10/9/01,1.19
10/10/01,2.58
10/11/01,0
10/12/01,0.69
10/13/01,0
10/14/01,0
10/15/01,0
10/16/01,0
10/17/01,0
10/18/01,0
10/19/01,0
10/20/01,0
10/21/01,0
10/22/01,0
10/23/01,0
10/24/01,0
10/25/01,0
10/26/01,0
10/27/01,0
10/28/01,0.84
10/29/01,1.87
10/30/01,0
10/31/01,0
11/1/01,0.27
11/2/01,0
11/3/01,0
11/4/01,0
11/5/01,0
11/6/01,0
11/7/01,0
11/8/01,0
11/9/01,10.42
11/10/01,0
11/11/01,0
11/12/01,0
11/13/01,0
11/14/01,0
11/15/01,0
11/16/01,0
11/17/01,0
11/18/01,0
11/19/01,0
11/20/01,0
11/21/01,0
11/22/01,0.35
11/23/01,6.87
11/24/01,3.81
11/25/01,1.57
11/26/01,3.05
11/27/01,0.45
11/28/01,1.91
11/29/01,0
11/30/01,1.58
12/1/01,1.23
12/2/01,0.34
12/3/01,0
12/4/01,0.32
12/5/01,0.71
12/6/01,0.57
12/7/01,0
12/8/01,0
12/9/01,0
12/10/01,0.55
12/11/01,0.45
12/12/01,1.07
12/13/01,0.95
12/14/01,0.29
12/15/01,0
12/16/01,0.31
12/17/01,0.29
12/18/01,0
12/19/01,0
12/20/01,0
12/21/01,0.35
12/22/01,0.34
12/23/01,0
12/24/01,0
12/25/01,0
12/26/01,0
12/27/01,0
12/28/01,0
12/29/01,0
12/30/01,3.74
12/31/01,6.94
1/1/02,0
1/2/02,0
1/3/02,0
1/4/02,0
1/5/02,0
1/6/02,0
1/7/02,0
1/8/02,0
1/9/02,0
1/10/02,0
1/11/02,3.65
1/12/02,0
1/13/02,0
1/14/02,0
1/15/02,0
1/16/02,0
1/17/02,0.9
1/18/02,0
1/19/02,0
1/20/02,0
1/21/02,0
1/22/02,0
1/23/02,0
1/24/02,0
1/25/02,0
1/26/02,0
1/27/02,0
1/28/02,0
1/29/02,0
1/30/02,0.45
1/31/02,11.41
2/1/02,0.44
2/2/02,0.32
2/3/02,0
2/4/02,0
2/5/02,0
2/6/02,0
2/7/02,0
2/8/02,0
2/9/02,0
2/10/02,0
2/11/02,0
2/12/02,0.33
2/13/02,0
2/14/02,0
2/15/02,0.59
2/16/02,0
2/17/02,0
2/18/02,0.3
2/19/02,0.76
2/20/02,0
2/21/02,2.09
2/22/02,0
2/23/02,0
2/24/02,0
2/25/02,0
2/26/02,0
2/27/02,0
2/28/02,0
3/1/02,0
3/2/02,0
3/3/02,0
3/4/02,0
3/5/02,0
3/6/02,0
3/7/02,0
3/8/02,2.67
3/9/02,1.79
3/10/02,0
3/11/02,0
3/12/02,0
3/13/02,0
3/14/02,0
3/15/02,0
3/16/02,0
3/17/02,0
3/18/02,0
3/19/02,0
3/20/02,0
3/21/02,0
3/22/02,0
3/23/02,0
3/24/02,0
3/25/02,0
3/26/02,0.94
3/27/02,0
3/28/02,0
3/29/02,0
3/30/02,0
3/31/02,0
4/1/02,0
4/2/02,0
4/3/02,0
4/4/02,0
4/5/02,0
4/6/02,0
4/7/02,0.52
4/8/02,9.77
4/9/02,0
4/10/02,0
4/11/02,0
4/12/02,0
4/13/02,0
4/14/02,0
4/15/02,0
4/16/02,0
4/17/02,0
4/18/02,0
4/19/02,0
4/20/02,0
4/21/02,0
4/22/02,0
4/23/02,0
4/24/02,0
4/25/02,0
4/26/02,0
4/27/02,0
4/28/02,0
4/29/02,0
4/30/02,0
5/1/02,0
5/2/02,0
5/3/02,0
5/4/02,0
5/5/02,0
5/6/02,0
5/7/02,0
5/8/02,0
5/9/02,0
5/10/02,0
5/11/02,0
5/12/02,0
5/13/02,0
5/14/02,0
5/15/02,0
5/16/02,0
5/17/02,0
5/18/02,0
5/19/02,0
5/20/02,0
5/21/02,0
5/22/02,0
5/23/02,0
5/24/02,0
5/25/02,0
5/26/02,0
5/27/02,0
5/28/02,0
5/29/02,0
5/30/02,0
5/31/02,0
6/1/02,0
6/2/02,0
6/3/02,0
6/4/02,0
6/5/02,0.64
6/6/02,0
6/7/02,1.07
6/8/02,0
6/9/02,0
6/10/02,0
6/11/02,0
6/12/02,0
6/13/02,0
6/14/02,0
6/15/02,0
6/16/02,0
6/17/02,0
6/18/02,0
6/19/02,0
6/20/02,0
6/21/02,0
6/22/02,5.9
6/23/02,4.92
6/24/02,0
6/25/02,0
6/26/02,0
6/27/02,0
6/28/02,0
6/29/02,0
6/30/02,1.07
7/1/02,0
7/2/02,0
7/3/02,0
7/4/02,0.76
7/5/02,0
7/6/02,0
7/7/02,4.87
7/8/02,0
7/9/02,0.67
7/10/02,1.01
7/11/02,1.24
7/12/02,0
7/13/02,0
7/14/02,0.82
7/15/02,0
7/16/02,0.76
7/17/02,0
7/18/02,0
7/19/02,0
7/20/02,0
7/21/02,5.88
7/22/02,2.32
7/23/02,8.18
7/24/02,7.68
7/25/02,2.07
7/26/02,4.4
7/27/02,0
7/28/02,0
7/29/02,0
7/30/02,0
7/31/02,0
8/1/02,0
8/2/02,0
8/3/02,2.71
8/4/02,0.3
8/5/02,5.77
8/6/02,4.2
8/7/02,2.38
8/8/02,1.79
8/9/02,0.96
8/10/02,0
8/11/02,0
8/12/02,0
8/13/02,0
8/14/02,0
8/15/02,0
8/16/02,0
8/17/02,0
8/18/02,0
8/19/02,0
8/20/02,0
8/21/02,2.86
8/22/02,0
8/23/02,0
8/24/02,0
8/25/02,0
8/26/02,0
8/27/02,0
8/28/02,0
8/29/02,6.71
8/30/02,0.59
8/31/02,0
9/1/02,0
9/2/02,0
9/3/02,0
9/4/02,0
9/5/02,0
9/6/02,0
9/7/02,0
9/8/02,4.04
9/9/02,0.98
9/10/02,17.67
9/11/02,23.99
9/12/02,7.92
9/13/02,0.42
9/14/02,4.29
9/15/02,0
9/16/02,0
9/17/02,0
9/18/02,4.32
9/19/02,17.87
9/20/02,0
9/21/02,0.32
9/22/02,0
9/23/02,0
9/24/02,0
9/25/02,0
9/26/02,0
9/27/02,0
9/28/02,7.33
9/29/02,4.46
9/30/02,1.49
10/1/02,0
10/2/02,4.09
10/3/02,0.7
10/4/02,0
10/5/02,0
10/6/02,0.34
10/7/02,0
10/8/02,0
10/9/02,0
10/10/02,0
10/11/02,0
10/12/02,0
10/13/02,0
10/14/02,0
10/15/02,0
10/16/02,0
10/17/02,0
10/18/02,1.73
10/19/02,2.6
10/20/02,0
10/21/02,0
10/22/02,0
10/23/02,3.54
10/24/02,6.53
10/25/02,1.08
10/26/02,0
10/27/02,11.19
10/28/02,0.79
10/29/02,0.41
10/30/02,3.55
10/31/02,0.45
11/1/02,0
11/2/02,0.5
11/3/02,0
11/4/02,2.01
11/5/02,5.93
11/6/02,0
11/7/02,0
11/8/02,0
11/9/02,17.61
11/10/02,11.61
11/11/02,1.02
11/12/02,0.9
11/13/02,0.54
11/14/02,0
11/15/02,0
11/16/02,0
11/17/02,0.38
11/18/02,0
11/19/02,0
11/20/02,0
11/21/02,0
11/22/02,0
11/23/02,0
11/24/02,0
11/25/02,0
11/26/02,0
11/27/02,0
11/28/02,0
11/29/02,0.58
11/30/02,0
12/1/02,0
12/2/02,0
12/3/02,1.94
12/4/02,10.33
12/5/02,0
12/6/02,0
12/7/02,0
12/8/02,0
12/9/02,0
12/10/02,0
12/11/02,0
12/12/02,0
12/13/02,0
12/14/02,0
12/15/02,0.43
12/16/02,0
12/17/02,3.65
12/18/02,8.8
12/19/02,0.38
12/20/02,0
12/21/02,0
12/22/02,0
12/23/02,0.4
12/24/02,1.97
12/25/02,0.31
12/26/02,0
12/27/02,0
12/28/02,0.5
12/29/02,0
12/30/02,0
12/31/02,0
1/1/03,2.5
1/2/03,0
1/3/03,0
1/4/03,0
1/5/03,0
1/6/03,0
1/7/03,0
1/8/03,0
1/9/03,0
1/10/03,0
1/11/03,0
1/12/03,0.54
1/13/03,0
1/14/03,0
1/15/03,0
1/16/03,0
1/17/03,0
1/18/03,0
1/19/03,0
1/20/03,0
1/21/03,0
1/22/03,0
1/23/03,0
1/24/03,0
1/25/03,0
1/26/03,0
1/27/03,0
1/28/03,0
1/29/03,0
1/30/03,0
1/31/03,0
2/1/03,0
2/2/03,0
2/3/03,0
2/4/03,0
2/5/03,0
2/6/03,0
2/7/03,0
2/8/03,0
2/9/03,0
2/10/03,0
2/11/03,0
2/12/03,0
2/13/03,1.92
2/14/03,7.54
2/15/03,1.37
2/16/03,0
2/17/03,0
2/18/03,1.5
2/19/03,2.91
2/20/03,0.31
2/21/03,0
2/22/03,0
2/23/03,0
2/24/03,0
2/25/03,5.77
2/26/03,9.64
2/27/03,5.01
2/28/03,8.17
3/1/03,0.88
3/2/03,0
3/3/03,0
3/4/03,0
3/5/03,2.85
3/6/03,1.09
3/7/03,0
3/8/03,0.28
3/9/03,0
3/10/03,0
3/11/03,0
3/12/03,0
3/13/03,0
3/14/03,0
3/15/03,0
3/16/03,0
3/17/03,3.76
3/18/03,5.61
3/19/03,4.88
3/20/03,1.64
3/21/03,3.83
3/22/03,3.57
3/23/03,0
3/24/03,0
3/25/03,1.19
3/26/03,0
3/27/03,1.24
3/28/03,0.46
3/29/03,0
3/30/03,0.69
3/31/03,0.47
4/1/03,0
4/2/03,0
4/3/03,0
4/4/03,0
4/5/03,0
4/6/03,0
4/7/03,0
4/8/03,1.2
4/9/03,0
4/10/03,0
4/11/03,0
4/12/03,0
4/13/03,0
4/14/03,0
4/15/03,0
4/16/03,6.16
4/17/03,0
4/18/03,0
4/19/03,0
4/20/03,0.5
4/21/03,0.45
4/22/03,0.68
4/23/03,0
4/24/03,2.5
4/25/03,0
4/26/03,0
4/27/03,0
4/28/03,0
4/29/03,0
4/30/03,0
5/1/03,0
5/2/03,0
5/3/03,0
5/4/03,0
5/5/03,0
5/6/03,0
5/7/03,0
5/8/03,0
5/9/03,0
5/10/03,0
5/11/03,0
5/12/03,1.19
5/13/03,0
5/14/03,0
5/15/03,1.11
5/16/03,0
5/17/03,0
5/18/03,0
5/19/03,0
5/20/03,0
5/21/03,0
5/22/03,0
5/23/03,0
5/24/03,0
5/25/03,0
5/26/03,2.75
5/27/03,3.34
5/28/03,0.95
5/29/03,0
5/30/03,0.45
5/31/03,0
6/1/03,0
6/2/03,1.12
6/3/03,0
6/4/03,0
6/5/03,0
6/6/03,0
6/7/03,0
6/8/03,0
6/9/03,0
6/10/03,0
6/11/03,0
6/12/03,0
6/13/03,0.55
6/14/03,0
6/15/03,0
6/16/03,2.2
6/17/03,0.41
6/18/03,0
6/19/03,0
6/20/03,4.3
6/21/03,0.86
6/22/03,0
6/23/03,0
6/24/03,0
6/25/03,0
6/26/03,0
6/27/03,0
6/28/03,0
6/29/03,0
6/30/03,0
7/1/03,0
7/2/03,0
7/3/03,0
7/4/03,0
7/5/03,0
7/6/03,0
7/7/03,0
7/8/03,0
7/9/03,0
7/10/03,0
7/11/03,0
7/12/03,0
7/13/03,0
7/14/03,0
7/15/03,0
7/16/03,0
7/17/03,0
7/18/03,0
7/19/03,0
7/20/03,1.73
7/21/03,1.06
7/22/03,0
7/23/03,3.18
7/24/03,0.73
7/25/03,0
7/26/03,0
7/27/03,0.61
7/28/03,11.92
7/29/03,4.74
7/30/03,0
7/31/03,0.5
8/1/03,1.12
8/2/03,0
8/3/03,0.82
8/4/03,0
8/5/03,0
8/6/03,0
8/7/03,0
8/8/03,3.32
8/9/03,0.46
8/10/03,8.01
8/11/03,0
8/12/03,0
8/13/03,1.42
8/14/03,0
8/15/03,0
8/16/03,0
8/17/03,1.93
8/18/03,0
8/19/03,1.51
8/20/03,0
8/21/03,0
8/22/03,0
8/23/03,2.35
8/24/03,8.52
8/25/03,3.21
8/26/03,6.23
8/27/03,1.52
8/28/03,2.47
8/29/03,7.1
8/30/03,2.62
8/31/03,6.59
9/1/03,0
9/2/03,0
9/3/03,0.66
9/4/03,4.07
9/5/03,2.68
9/6/03,3.31
9/7/03,6.35
9/8/03,1.38
9/9/03,1.55
9/10/03,32.39
9/11/03,7.16
9/12/03,0
9/13/03,0
9/14/03,0
9/15/03,0
9/16/03,0
9/17/03,0
9/18/03,0
9/19/03,0
9/20/03,0
9/21/03,0
9/22/03,0
9/23/03,0
9/24/03,0
9/25/03,0
9/26/03,0
9/27/03,0
9/28/03,0
9/29/03,0
9/30/03,0
10/1/03,0
10/2/03,0.36
10/3/03,4.46
10/4/03,7.79
10/5/03,3.09
10/6/03,0
10/7/03,0
10/8/03,6.29
10/9/03,0
10/10/03,0
10/11/03,0.53
10/12/03,0
10/13/03,0
10/14/03,0
10/15/03,0
10/16/03,0
10/17/03,0
10/18/03,0
10/19/03,0
10/20/03,0
10/21/03,0
10/22/03,0
10/23/03,0
10/24/03,0
10/25/03,0
10/26/03,0
10/27/03,0
10/28/03,0
10/29/03,0
10/30/03,0
10/31/03,0
11/1/03,0
11/2/03,0
11/3/03,0.99
11/4/03,0.87
11/5/03,0
11/6/03,0
11/7/03,0
11/8/03,0
11/9/03,0
11/10/03,0
11/11/03,0.41
11/12/03,0.46
11/13/03,19.47
11/14/03,3.2
11/15/03,0
11/16/03,0
11/17/03,0.48
11/18/03,0.75
11/19/03,0
11/20/03,0
11/21/03,0.41
11/22/03,0
11/23/03,0
11/24/03,0
11/25/03,0
11/26/03,0.91
11/27/03,0
11/28/03,0
11/29/03,0.57
11/30/03,0
12/1/03,0
12/2/03,0
12/3/03,0
12/4/03,0
12/5/03,0
12/6/03,0.5
12/7/03,0
12/8/03,0.66
12/9/03,5.13
12/10/03,0
12/11/03,0
12/12/03,2.42
12/13/03,0.74
12/14/03,0
12/15/03,1.43
12/16/03,1.98
12/17/03,0
12/18/03,0
12/19/03,0
12/20/03,0.38
12/21/03,0
12/22/03,2.98
12/23/03,0
12/24/03,0
12/25/03,0
12/26/03,0.55
12/27/03,1.14
12/28/03,0
12/29/03,0
12/30/03,0.57
12/31/03,0
1/1/04,0.34
1/2/04,1.08
1/3/04,1.86
1/4/04,2.97
1/5/04,0
1/6/04,0
1/7/04,0
1/8/04,0
1/9/04,0
1/10/04,0
1/11/04,0
1/12/04,0
1/13/04,0
1/14/04,0
1/15/04,0
1/16/04,1.24
1/17/04,0
1/18/04,0
1/19/04,0
1/20/04,0.74
1/21/04,11.15
1/22/04,0
1/23/04,0
1/24/04,0
1/25/04,1.07
1/26/04,1.04
1/27/04,0
1/28/04,0
1/29/04,0
1/30/04,0
1/31/04,0
2/1/04,6.47
2/2/04,1.36
2/3/04,0
2/4/04,6.1
2/5/04,2.3
2/6/04,0.72
2/7/04,0
2/8/04,0.38
2/9/04,0
2/10/04,0
2/11/04,0
2/12/04,4.93
2/13/04,0.73
2/14/04,0.29
2/15/04,0
2/16/04,0
2/17/04,0.35
2/18/04,0
2/19/04,0
2/20/04,0.4
2/21/04,0
2/22/04,3.04
2/23/04,0
2/24/04,4.11
2/25/04,4.51
2/26/04,0
2/27/04,0.48
2/28/04,0.89
2/29/04,4.19
3/1/04,0.65
3/2/04,0
3/3/04,3.08
3/4/04,3.07
3/5/04,7.15
3/6/04,0.8
3/7/04,0
3/8/04,0
3/9/04,0
3/10/04,0
3/11/04,0
3/12/04,0
3/13/04,0
3/14/04,0
3/15/04,0
3/16/04,0
3/17/04,0
3/18/04,0.3
3/19/04,0
3/20/04,0
3/21/04,0.3
3/22/04,0
3/23/04,0
3/24/04,0
3/25/04,0.34
3/26/04,0
3/27/04,0
3/28/04,0
3/29/04,0
3/30/04,0
3/31/04,0.3
4/1/04,0
4/2/04,5.9
4/3/04,17.42
4/4/04,6.11
4/5/04,2.3
4/6/04,0
4/7/04,2.01
4/8/04,13.97
4/9/04,9.78
4/10/04,2.54
4/11/04,15.3
4/12/04,2.92
4/13/04,0
4/14/04,0
4/15/04,0
4/16/04,0
4/17/04,0
4/18/04,0
4/19/04,0
4/20/04,0
4/21/04,0
4/22/04,0
4/23/04,1.87
4/24/04,0
4/25/04,0.29
4/26/04,0
4/27/04,0
4/28/04,0
4/29/04,0
4/30/04,0.79
5/1/04,0
5/2/04,0
5/3/04,0
5/4/04,0
5/5/04,0
5/6/04,0
5/7/04,0
5/8/04,0
5/9/04,0
5/10/04,0
5/11/04,0
5/12/04,0
5/13/04,0
5/14/04,0
5/15/04,0
5/16/04,0
5/17/04,0
5/18/04,0
5/19/04,0
5/20/04,0
5/21/04,0
5/22/04,0
5/23/04,0
5/24/04,0
5/25/04,0
5/26/04,0
5/27/04,0
5/28/04,0
5/29/04,0
5/30/04,0
5/31/04,0
6/1/04,0
6/2/04,0
6/3/04,0
6/4/04,0
6/5/04,0
6/6/04,0
6/7/04,0
6/8/04,0
6/9/04,0
6/10/04,0
6/11/04,0
6/12/04,0
6/13/04,0
6/14/04,0
6/15/04,0
6/16/04,0
6/17/04,0
6/18/04,0
6/19/04,0
6/20/04,0
6/21/04,0
6/22/04,0
6/23/04,0
6/24/04,0
6/25/04,0
6/26/04,0.56
6/27/04,1.05
6/28/04,0
6/29/04,5.98
6/30/04,8.46
7/1/04,0
7/2/04,0
7/3/04,0
7/4/04,0
7/5/04,0
7/6/04,0
7/7/04,0
7/8/04,0
7/9/04,0
7/10/04,0
7/11/04,0
7/12/04,0
7/13/04,0
7/14/04,0
7/15/04,4.6
7/16/04,0.31
7/17/04,0
7/18/04,0
7/19/04,5.64
7/20/04,1.26
7/21/04,4.17
7/22/04,1.91
7/23/04,2.46
7/24/04,5.25
7/25/04,4.28
7/26/04,4.46
7/27/04,5.44
7/28/04,2.97
7/29/04,2.81
7/30/04,0.81
7/31/04,0
8/1/04,0
8/2/04,0
8/3/04,1.2
8/4/04,0
8/5/04,0
8/6/04,8.63
8/7/04,0
8/8/04,0
8/9/04,0
8/10/04,0
8/11/04,2.21
8/12/04,0
8/13/04,0
8/14/04,1.06
8/15/04,0
8/16/04,0.57
8/17/04,0.66
8/18/04,0
8/19/04,0
8/20/04,4.01
8/21/04,2.94
8/22/04,2.12
8/23/04,0
8/24/04,0
8/25/04,0
8/26/04,0
8/27/04,0
8/28/04,0
8/29/04,0
8/30/04,0
8/31/04,2.36
9/1/04,0
9/2/04,0
9/3/04,0.85
9/4/04,3.31
9/5/04,9.45
9/6/04,1.46
9/7/04,0
9/8/04,0
9/9/04,0
9/10/04,0
9/11/04,0
9/12/04,0
9/13/04,0
9/14/04,0
9/15/04,0
9/16/04,0
9/17/04,0
9/18/04,0
9/19/04,3.77
9/20/04,5.33
9/21/04,0
9/22/04,0
9/23/04,0.73
9/24/04,0
9/25/04,0
9/26/04,2.08
9/27/04,0
9/28/04,0.86
9/29/04,0.51
9/30/04,7.91
10/1/04,1.33
10/2/04,0
10/3/04,0
10/4/04,0.73
10/5/04,4.89
10/6/04,4.96
10/7/04,0.98
10/8/04,0
10/9/04,0.4
10/10/04,0
10/11/04,0.63
10/12/04,3.62
10/13/04,1.36
10/14/04,4.58
10/15/04,0
10/16/04,0
10/17/04,0.42
10/18/04,1.35
10/19/04,0
10/20/04,0
10/21/04,0
10/22/04,1.46
10/23/04,1
10/24/04,0.37
10/25/04,0
10/26/04,4.14
10/27/04,2.61
10/28/04,1.13
10/29/04,1.67
10/30/04,1.33
10/31/04,0.57
11/1/04,0
11/2/04,0
11/3/04,0.69
11/4/04,0
11/5/04,0
11/6/04,0
11/7/04,0
11/8/04,0.62
11/9/04,0.35
11/10/04,0
11/11/04,0
11/12/04,0
11/13/04,0.46
11/14/04,0.65
11/15/04,0.33
11/16/04,0
11/17/04,0
11/18/04,0
11/19/04,0
11/20/04,0
11/21/04,5.95
11/22/04,0
11/23/04,0
11/24/04,2.26
11/25/04,0
11/26/04,0
11/27/04,1.73
11/28/04,1.6
11/29/04,5.75
11/30/04,3.29
12/1/04,0
12/2/04,0.43
12/3/04,0
12/4/04,0
12/5/04,1.22
12/6/04,2.56
12/7/04,0
12/8/04,0
12/9/04,0.66
12/10/04,0
12/11/04,0
12/12/04,0
12/13/04,0
12/14/04,0
12/15/04,0
12/16/04,0.27
12/17/04,0
12/18/04,0
12/19/04,0
12/20/04,0
12/21/04,0
12/22/04,1.53
12/23/04,0
12/24/04,0.29
12/25/04,0
12/26/04,0
12/27/04,0
12/28/04,0
12/29/04,0
12/30/04,9.02
12/31/04,0.85
1/1/05,0
1/2/05,0
1/3/05,1.05
1/4/05,6.32
1/5/05,4.94
1/6/05,0.48
1/7/05,0
1/8/05,3.43
1/9/05,4.35
1/10/05,1.72
1/11/05,2.54
1/12/05,3.46
1/13/05,1.35
1/14/05,0
1/15/05,0
1/16/05,0
1/17/05,0
1/18/05,0
1/19/05,0
1/20/05,0
1/21/05,0
1/22/05,0
1/23/05,0
1/24/05,0
1/25/05,0
1/26/05,0
1/27/05,3.81
1/28/05,9.51
1/29/05,0
1/30/05,15.02
1/31/05,5.25
2/1/05,0
2/2/05,1.26
2/3/05,0
2/4/05,0
2/5/05,0
2/6/05,0
2/7/05,1.33
2/8/05,6.55
2/9/05,1.3
2/10/05,0
2/11/05,0
2/12/05,8.46
2/13/05,6.3
2/14/05,0.34
2/15/05,0
2/16/05,1.93
2/17/05,3.38
2/18/05,0.81
2/19/05,7.57
2/20/05,3.97
2/21/05,3.56
2/22/05,1.52
2/23/05,4.19
2/24/05,1.12
2/25/05,0.96
2/26/05,0.42
2/27/05,0
2/28/05,0
3/1/05,0
3/2/05,0
3/3/05,1.3
3/4/05,0.8
3/5/05,0.36
3/6/05,0
3/7/05,0.56
3/8/05,0
3/9/05,0
3/10/05,0
3/11/05,0
3/12/05,0
3/13/05,0
3/14/05,2.1
3/15/05,12.62
3/16/05,0
3/17/05,0.44
3/18/05,0
3/19/05,0
3/20/05,2.4
3/21/05,5.49
3/22/05,0
3/23/05,0.45
3/24/05,3.41
3/25/05,2.59
3/26/05,4.72
3/27/05,0
3/28/05,0.61
3/29/05,0.61
3/30/05,1.31
3/31/05,0.98
4/1/05,0
4/2/05,0
4/3/05,0
4/4/05,0
4/5/05,0
4/6/05,0.54
4/7/05,0.93
4/8/05,0
4/9/05,0
4/10/05,0
4/11/05,1.06
4/12/05,0
4/13/05,0
4/14/05,0.74
4/15/05,0
4/16/05,0
4/17/05,4.17
4/18/05,0
4/19/05,0
4/20/05,0
4/21/05,0
4/22/05,0
4/23/05,1.19
4/24/05,0.86
4/25/05,16.39
4/26/05,10.33
4/27/05,0.42
4/28/05,0
4/29/05,3.56
4/30/05,0.84
5/1/05,1.13
5/2/05,6.34
5/3/05,8.91
5/4/05,12.45
5/5/05,0
5/6/05,0
5/7/05,0
5/8/05,0
5/9/05,0
5/10/05,0
5/11/05,0
5/12/05,0
5/13/05,0
5/14/05,0
5/15/05,1.16
5/16/05,0
5/17/05,0
5/18/05,0
5/19/05,0
5/20/05,0
5/21/05,0
5/22/05,0
5/23/05,0
5/24/05,0
5/25/05,0
5/26/05,0
5/27/05,0
5/28/05,0
5/29/05,0.65
5/30/05,0
5/31/05,0
6/1/05,0
6/2/05,0
6/3/05,0
6/4/05,0
6/5/05,0
6/6/05,0
6/7/05,0
6/8/05,0
6/9/05,0
6/10/05,0
6/11/05,0
6/12/05,4.79
6/13/05,0
6/14/05,0
6/15/05,0.31
6/16/05,0
6/17/05,0
6/18/05,0
6/19/05,0
6/20/05,0
6/21/05,0
6/22/05,0
6/23/05,0
6/24/05,0
6/25/05,0
6/26/05,5.68
6/27/05,2.64
6/28/05,0
6/29/05,0
6/30/05,0
7/1/05,0
7/2/05,0
7/3/05,0
7/4/05,0
7/5/05,0
7/6/05,0
7/7/05,0
7/8/05,0
7/9/05,0
7/10/05,0
7/11/05,0
7/12/05,0
7/13/05,3.48
7/14/05,0
7/15/05,0
7/16/05,5.45
7/17/05,0
7/18/05,1.75
7/19/05,0
7/20/05,0
7/21/05,0
7/22/05,6.93
7/23/05,0
7/24/05,0.33
7/25/05,2.87
7/26/05,0
7/27/05,0
7/28/05,0.82
7/29/05,0
7/30/05,0
7/31/05,0
8/1/05,0
8/2/05,0
8/3/05,0
8/4/05,0
8/5/05,2.62
8/6/05,2.08
8/7/05,4.01
8/8/05,0
8/9/05,0
8/10/05,0
8/11/05,1.08
8/12/05,15.74
8/13/05,5.52
8/14/05,6.55
8/15/05,9.73
8/16/05,4.1
8/17/05,3.56
8/18/05,0
8/19/05,0
8/20/05,0
8/21/05,0
8/22/05,0.56
8/23/05,0.53
8/24/05,1.1
8/25/05,0
8/26/05,0
8/27/05,0
8/28/05,0
8/29/05,0
8/30/05,0
8/31/05,0
9/1/05,0
9/2/05,2.74
9/3/05,0
9/4/05,0.54
9/5/05,0
9/6/05,0
9/7/05,3.99
9/8/05,1.22
9/9/05,0.53
9/10/05,1.6
9/11/05,0
9/12/05,1.83
9/13/05,0
9/14/05,0
9/15/05,0
9/16/05,0
9/17/05,0
9/18/05,0
9/19/05,0
9/20/05,0
9/21/05,0
9/22/05,0
9/23/05,3.21
9/24/05,0
9/25/05,0.38
9/26/05,1.79
9/27/05,0
9/28/05,2.6
9/29/05,14.12
9/30/05,13.51
10/1/05,0.92
10/2/05,0
10/3/05,0
10/4/05,6.84
10/5/05,1.54
10/6/05,0.57
10/7/05,0
10/8/05,1.17
10/9/05,8.3
10/10/05,6.21
10/11/05,4.25
10/12/05,0
10/13/05,0.31
10/14/05,0.31
10/15/05,0
10/16/05,6.88
10/17/05,0
10/18/05,0
10/19/05,5.72
10/20/05,0.79
10/21/05,0
10/22/05,0
10/23/05,0
10/24/05,0
10/25/05,0
10/26/05,0.7
10/27/05,0
10/28/05,0
10/29/05,0.68
10/30/05,0
10/31/05,0
11/1/05,0
11/2/05,0
11/3/05,0
11/4/05,0
11/5/05,0
11/6/05,0
11/7/05,0
11/8/05,0
11/9/05,0
11/10/05,0
11/11/05,0
11/12/05,2.84
11/13/05,0
11/14/05,0
11/15/05,0
11/16/05,0
11/17/05,0
11/18/05,0
11/19/05,0
11/20/05,0
11/21/05,0
11/22/05,0
11/23/05,0
11/24/05,0
11/25/05,0
11/26/05,0
11/27/05,0
11/28/05,0
11/29/05,0
11/30/05,0
12/1/05,0
12/2/05,0
12/3/05,0
12/4/05,0
12/5/05,0
12/6/05,0
12/7/05,0
12/8/05,0
12/9/05,2.52
12/10/05,0
12/11/05,0.65
12/12/05,0
12/13/05,3.31
12/14/05,0
12/15/05,0
12/16/05,0
12/17/05,0
12/18/05,0
12/19/05,0
12/20/05,0
12/21/05,0
12/22/05,0
12/23/05,0
12/24/05,0
12/25/05,0
12/26/05,0
12/27/05,0.5
12/28/05,0
12/29/05,0
12/30/05,0
12/31/05,0
1/1/06,0.36
1/2/06,0
1/3/06,0
1/4/06,0
1/5/06,0
1/6/06,0
1/7/06,0
1/8/06,0
1/9/06,0
1/10/06,0
1/11/06,0
1/12/06,0
1/13/06,0
1/14/06,0
1/15/06,0
1/16/06,0
1/17/06,0
1/18/06,0
1/19/06,1
1/20/06,2.84
1/21/06,0.32
1/22/06,0.28
1/23/06,0.31
1/24/06,0.28
1/25/06,0.68
1/26/06,2.29
1/27/06,0
1/28/06,0.42
1/29/06,0
1/30/06,0
1/31/06,0
2/1/06,0
2/2/06,0
2/3/06,0
2/4/06,0
2/5/06,0
2/6/06,0
2/7/06,0
2/8/06,0
2/9/06,0
2/10/06,0
2/11/06,0
2/12/06,0
2/13/06,0
2/14/06,0
2/15/06,0
2/16/06,0.28
2/17/06,0
2/18/06,4.12
2/19/06,0
2/20/06,0
2/21/06,0
2/22/06,0
2/23/06,0
2/24/06,0
2/25/06,0
2/26/06,0
2/27/06,0
2/28/06,0
3/1/06,0
3/2/06,0
3/3/06,0
3/4/06,0
3/5/06,0
3/6/06,0
3/7/06,0
3/8/06,0
3/9/06,0
3/10/06,0.67
3/11/06,2.43
3/12/06,7.64
3/13/06,4.53
3/14/06,0
3/15/06,0
3/16/06,0
3/17/06,0
3/18/06,0
3/19/06,0
3/20/06,4.95
3/21/06,0
3/22/06,0.85
3/23/06,1.04
3/24/06,0
3/25/06,0
3/26/06,0
3/27/06,0
3/28/06,1.41
3/29/06,0.67
3/30/06,3.01
3/31/06,0
4/1/06,2.81
4/2/06,4.39
4/3/06,0
4/4/06,0
4/5/06,0
4/6/06,0.96
4/7/06,1.9
4/8/06,0
4/9/06,0
4/10/06,0
4/11/06,1.52
4/12/06,0
4/13/06,0.36
4/14/06,0
4/15/06,0
4/16/06,0
4/17/06,0
4/18/06,0
4/19/06,0
4/20/06,0
4/21/06,0
4/22/06,0
4/23/06,0
4/24/06,0
4/25/06,0
4/26/06,0
4/27/06,0
4/28/06,0
4/29/06,4.43
4/30/06,0
5/1/06,0
5/2/06,0
5/3/06,0
5/4/06,0
5/5/06,0
5/6/06,0
5/7/06,0
5/8/06,0
5/9/06,0
5/10/06,0
5/11/06,0
5/12/06,0
5/13/06,0
5/14/06,0
5/15/06,6.74
5/16/06,0
5/17/06,0
5/18/06,0
5/19/06,0
5/20/06,0
5/21/06,0
5/22/06,0
5/23/06,3.93
5/24/06,0
5/25/06,0
5/26/06,0
5/27/06,0
5/28/06,0
5/29/06,0
5/30/06,0
5/31/06,0
6/1/06,0
6/2/06,0
6/3/06,0
6/4/06,0
6/5/06,0
6/6/06,0
6/7/06,0
6/8/06,0
6/9/06,5.23
6/10/06,0
6/11/06,0
6/12/06,0
6/13/06,0
6/14/06,0
6/15/06,0
6/16/06,0
6/17/06,0
6/18/06,0
6/19/06,0
6/20/06,0
6/21/06,0
6/22/06,0
6/23/06,0
6/24/06,0
6/25/06,0
6/26/06,3.69
6/27/06,4.78
6/28/06,3.32
6/29/06,0
6/30/06,1.53
7/1/06,0.72
7/2/06,0.44
7/3/06,2.62
7/4/06,1.95
7/5/06,2.86
7/6/06,4.08
7/7/06,2.83
7/8/06,4.96
7/9/06,9.13
7/10/06,7.84
7/11/06,2.73
7/12/06,0
7/13/06,0
7/14/06,0
7/15/06,0
7/16/06,0
7/17/06,0
7/18/06,0
7/19/06,0
7/20/06,0
7/21/06,0.69
7/22/06,0.59
7/23/06,6.82
7/24/06,3.59
7/25/06,0.72
7/26/06,2.16
7/27/06,0.49
7/28/06,7.18
7/29/06,0
7/30/06,0.86
7/31/06,1.36
8/1/06,7.49
8/2/06,1.62
8/3/06,0.77
8/4/06,3.71
8/5/06,6.57
8/6/06,8.52
8/7/06,12.3
8/8/06,6.4
8/9/06,11.38
8/10/06,4.86
8/11/06,2.49
8/12/06,3.98
8/13/06,1.9
8/14/06,5.88
8/15/06,2.78
8/16/06,18.51
8/17/06,2.95
8/18/06,0
8/19/06,0
8/20/06,2.96
8/21/06,2.88
8/22/06,1.9
8/23/06,0
8/24/06,0.88
8/25/06,7.32
8/26/06,1.17
8/27/06,2.97
8/28/06,0
8/29/06,1.17
8/30/06,0
8/31/06,0
9/1/06,0
9/2/06,1.37
9/3/06,10.36
9/4/06,0
9/5/06,0
9/6/06,0
9/7/06,0
9/8/06,2.5
9/9/06,6.09
9/10/06,0
9/11/06,0
9/12/06,0
9/13/06,0
9/14/06,0
9/15/06,11.73
9/16/06,7.32
9/17/06,0
9/18/06,0
9/19/06,0
9/20/06,0
9/21/06,17.72
9/22/06,0
9/23/06,3.38
9/24/06,0
9/25/06,0
9/26/06,0
9/27/06,0
9/28/06,0
9/29/06,0
9/30/06,0
10/1/06,0
10/2/06,0
10/3/06,0
10/4/06,0
10/5/06,0
10/6/06,0
10/7/06,0
10/8/06,2.71
10/9/06,12.45
10/10/06,11.82
10/11/06,0
10/12/06,0
10/13/06,0
10/14/06,0
10/15/06,5.91
10/16/06,0
10/17/06,0
10/18/06,2.22
10/19/06,0
10/20/06,0
10/21/06,0
10/22/06,0
10/23/06,0
10/24/06,0
10/25/06,0
10/26/06,2.54
10/27/06,0
10/28/06,0
10/29/06,0
10/30/06,0
10/31/06,0
11/1/06,0
11/2/06,0
11/3/06,0
11/4/06,0
11/5/06,0
11/6/06,0
11/7/06,0
11/8/06,0
11/9/06,0
11/10/06,0
11/11/06,0
11/12/06,0
11/13/06,0
11/14/06,0
11/15/06,1.25
11/16/06,0
11/17/06,0
11/18/06,0
11/19/06,0
11/20/06,0
11/21/06,0
11/22/06,0
11/23/06,0
11/24/06,0
11/25/06,0
11/26/06,0
11/27/06,0
11/28/06,1.17
11/29/06,4.21
11/30/06,1.84
12/1/06,0
12/2/06,0
12/3/06,0
12/4/06,0
12/5/06,0
12/6/06,0
12/7/06,0
12/8/06,0
12/9/06,0
12/10/06,0
12/11/06,2.85
12/12/06,0
12/13/06,0
12/14/06,0
12/15/06,0
12/16/06,0
12/17/06,0
12/18/06,0
12/19/06,4.32
12/20/06,8.29
12/21/06,6.54
12/22/06,0
12/23/06,0
12/24/06,0
12/25/06,0
12/26/06,0
12/27/06,0
12/28/06,0
12/29/06,5.54
12/30/06,9.51
12/31/06,4.59
1/1/07,0
1/2/07,0
1/3/07,0
1/4/07,0
1/5/07,0
1/6/07,6.1
1/7/07,0
1/8/07,0.34
1/9/07,0
1/10/07,0
1/11/07,0
1/12/07,0
1/13/07,5.15
1/14/07,8.26
1/15/07,0
1/16/07,0.37
1/17/07,0
1/18/07,0
1/19/07,0
1/20/07,1.34
1/21/07,0.56
1/22/07,0
1/23/07,0
1/24/07,0
1/25/07,0
1/26/07,0
1/27/07,0
1/28/07,0
1/29/07,0
1/30/07,0
1/31/07,8.23
2/1/07,6.37
2/2/07,0.47
2/3/07,0
2/4/07,0
2/5/07,0.81
2/6/07,0
2/7/07,0
2/8/07,0
2/9/07,0
2/10/07,0
2/11/07,0
2/12/07,4.74
2/13/07,0
2/14/07,2.52
2/15/07,8.69
2/16/07,0
2/17/07,0
2/18/07,0
2/19/07,0.65
2/20/07,1.26
2/21/07,0
2/22/07,0
2/23/07,0
2/24/07,2.23
2/25/07,0
2/26/07,0.46
2/27/07,0
2/28/07,0
3/1/07,1.03
3/2/07,0
3/3/07,0
3/4/07,0
3/5/07,0
3/6/07,0
3/7/07,0
3/8/07,0
3/9/07,0
3/10/07,0
3/11/07,0
3/12/07,0
3/13/07,0
3/14/07,0
3/15/07,0
3/16/07,0
3/17/07,0
3/18/07,0
3/19/07,0
3/20/07,0
3/21/07,0
3/22/07,2.3
3/23/07,1
3/24/07,13.12
3/25/07,8.5
3/26/07,0
3/27/07,0
3/28/07,0
3/29/07,0
3/30/07,0
3/31/07,0.63
4/1/07,0
4/2/07,0
4/3/07,0
4/4/07,0
4/5/07,0
4/6/07,0
4/7/07,0.56
4/8/07,2.73
4/9/07,3.45
4/10/07,1.26
4/11/07,0
4/12/07,3.48
4/13/07,10.78
4/14/07,5.89
4/15/07,0
4/16/07,0
4/17/07,0
4/18/07,0
4/19/07,0
4/20/07,0
4/21/07,0
4/22/07,0
4/23/07,0
4/24/07,4.02
4/25/07,2.68
4/26/07,0
4/27/07,0
4/28/07,0
4/29/07,0.85
4/30/07,0
5/1/07,0
5/2/07,17.1
5/3/07,5.67
5/4/07,0
5/5/07,0
5/6/07,6.51
5/7/07,0
5/8/07,0
5/9/07,8.13
5/10/07,0.35
5/11/07,0
5/12/07,0
5/13/07,0
5/14/07,1.15
5/15/07,1.95
5/16/07,8.63
5/17/07,4.33
5/18/07,4.75
5/19/07,0
5/20/07,0.48
5/21/07,2.58
5/22/07,0
5/23/07,0
5/24/07,2
5/25/07,0
5/26/07,2.45
5/27/07,0
5/28/07,0
5/29/07,0
5/30/07,0
5/31/07,0
6/1/07,0
6/2/07,0
6/3/07,0
6/4/07,0.93
6/5/07,1.14
6/6/07,0
6/7/07,0
6/8/07,0
6/9/07,0
6/10/07,1.14
6/11/07,0
6/12/07,7.83
6/13/07,1.39
6/14/07,0
6/15/07,0
6/16/07,0.91
6/17/07,0.75
6/18/07,0
6/19/07,0
6/20/07,0
6/21/07,0
6/22/07,0
6/23/07,0
6/24/07,0
6/25/07,0
6/26/07,0
6/27/07,0
6/28/07,0
6/29/07,0
6/30/07,0
7/1/07,0
7/2/07,0
7/3/07,0
7/4/07,0
7/5/07,0.58
7/6/07,0
7/7/07,0
7/8/07,0
7/9/07,0.67
7/10/07,0
7/11/07,0
7/12/07,2.62
7/13/07,2.9
7/14/07,2.55
7/15/07,7.76
7/16/07,1.72
7/17/07,0
7/18/07,0
7/19/07,0
7/20/07,2.49
7/21/07,0
7/22/07,4.51
7/23/07,0
7/24/07,5.07
7/25/07,0.49
7/26/07,0
7/27/07,10.84
7/28/07,2.48
7/29/07,2.07
7/30/07,0.77
7/31/07,0.36
8/1/07,1.71
8/2/07,0
8/3/07,0.32
8/4/07,10.11
8/5/07,1.08
8/6/07,1.15
8/7/07,8.87
8/8/07,1.83
8/9/07,0
8/10/07,0
8/11/07,0
8/12/07,0.45
8/13/07,0
8/14/07,7.7
8/15/07,0
8/16/07,0
8/17/07,1.03
8/18/07,0
8/19/07,0
8/20/07,0.84
8/21/07,0
8/22/07,0
8/23/07,0
8/24/07,1.23
8/25/07,0
8/26/07,0
8/27/07,0.71
8/28/07,4.08
8/29/07,0
8/30/07,6.18
8/31/07,7.36
9/1/07,0
9/2/07,5.3
9/3/07,4.74
9/4/07,4.34
9/5/07,0.55
9/6/07,1.44
9/7/07,0
9/8/07,0
9/9/07,0
9/10/07,1
9/11/07,0
9/12/07,0
9/13/07,0
9/14/07,0
9/15/07,0
9/16/07,0
9/17/07,0
9/18/07,10.58
9/19/07,0
9/20/07,7.13
9/21/07,6.14
9/22/07,0
9/23/07,1.35
9/24/07,11.29
9/25/07,0
9/26/07,0
9/27/07,0
9/28/07,0
9/29/07,6.47
9/30/07,0.58
10/1/07,0
10/2/07,8.66
10/3/07,0
10/4/07,0
10/5/07,0
10/6/07,0
10/7/07,0
10/8/07,0
10/9/07,0
10/10/07,0
10/11/07,0.47
10/12/07,0
10/13/07,0
10/14/07,0
10/15/07,0
10/16/07,0
10/17/07,0.32
10/18/07,1.17
10/19/07,0
10/20/07,0
10/21/07,0
10/22/07,0
10/23/07,0
10/24/07,0
10/25/07,0
10/26/07,0
10/27/07,0
10/28/07,0
10/29/07,0
10/30/07,0
10/31/07,0
11/1/07,0
11/2/07,0
11/3/07,0
11/4/07,0
11/5/07,0
11/6/07,0
11/7/07,0
11/8/07,0
11/9/07,0
11/10/07,0
11/11/07,0
11/12/07,0
11/13/07,0
11/14/07,0
11/15/07,0
11/16/07,0
11/17/07,0
11/18/07,0
11/19/07,0
11/20/07,0
11/21/07,0
11/22/07,0
11/23/07,5.52
11/24/07,2.7
11/25/07,0
11/26/07,0
11/27/07,0
11/28/07,0
11/29/07,0
11/30/07,0
12/1/07,14.59
12/2/07,8.62
12/3/07,0
12/4/07,0
12/5/07,0
12/6/07,0
12/7/07,0
12/8/07,15.83
12/9/07,25.08
12/10/07,0
12/11/07,14.92
12/12/07,4.98
12/13/07,0
12/14/07,0
12/15/07,0.3
12/16/07,0
12/17/07,0.9
12/18/07,0
12/19/07,0
12/20/07,0
12/21/07,0
12/22/07,1.2
12/23/07,0
12/24/07,0
12/25/07,0
12/26/07,0.34
12/27/07,0
12/28/07,0.57
12/29/07,0
12/30/07,0
12/31/07,0
1/1/08,0
1/2/08,0
1/3/08,0
1/4/08,0
1/5/08,0
1/6/08,13.26
1/7/08,7.04
1/8/08,8.33
1/9/08,0
1/10/08,2.46
1/11/08,0
1/12/08,0
1/13/08,0
1/14/08,0
1/15/08,0
1/16/08,0
1/17/08,0
1/18/08,0
1/19/08,0
1/20/08,0
1/21/08,0
1/22/08,0
1/23/08,0
1/24/08,0
1/25/08,1.52
1/26/08,0
1/27/08,0
1/28/08,7.11
1/29/08,5.64
1/30/08,0
1/31/08,0
2/1/08,0
2/2/08,0.37
2/3/08,0.49
2/4/08,11.17
2/5/08,7.96
2/6/08,0
2/7/08,0
2/8/08,0
2/9/08,0
2/10/08,0
2/11/08,0
2/12/08,0
2/13/08,0
2/14/08,0
2/15/08,0.3
2/16/08,0
2/17/08,0
2/18/08,0
2/19/08,0
2/20/08,0
2/21/08,2.27
2/22/08,0.27
2/23/08,6.31
2/24/08,10.32
2/25/08,8.32
2/26/08,0
2/27/08,0
2/28/08,0
2/29/08,0
3/1/08,0
3/2/08,0
3/3/08,3.66
3/4/08,0
3/5/08,0
3/6/08,0
3/7/08,0
3/8/08,0
3/9/08,0.88
3/10/08,0
3/11/08,0
3/12/08,0
3/13/08,0
3/14/08,0
3/15/08,0
3/16/08,0
3/17/08,0
3/18/08,0
3/19/08,0
3/20/08,0
3/21/08,0
3/22/08,0
3/23/08,0
3/24/08,0
3/25/08,0
3/26/08,0
3/27/08,0
3/28/08,0
3/29/08,0
3/30/08,0
3/31/08,0
4/1/08,0
4/2/08,0
4/3/08,0
4/4/08,0
4/5/08,0
4/6/08,0
4/7/08,0
4/8/08,0
4/9/08,0
4/10/08,3.17
4/11/08,0
4/12/08,4.2
4/13/08,0
4/14/08,0
4/15/08,0
4/16/08,0
4/17/08,0
4/18/08,0
4/19/08,0
4/20/08,0
4/21/08,0
4/22/08,0
4/23/08,0
4/24/08,0
4/25/08,0
4/26/08,0
4/27/08,0
4/28/08,0
4/29/08,0
4/30/08,0
5/1/08,0
5/2/08,0
5/3/08,0
5/4/08,0
5/5/08,0
5/6/08,0
5/7/08,0
5/8/08,0
5/9/08,0
5/10/08,0
5/11/08,0
5/12/08,0
5/13/08,0
5/14/08,0
5/15/08,4.58
5/16/08,4.79
5/17/08,0
5/18/08,0
5/19/08,0
5/20/08,0.27
5/21/08,0
5/22/08,1.99
5/23/08,6.25
5/24/08,10.22
5/25/08,0
5/26/08,0
5/27/08,0
5/28/08,0
5/29/08,0
5/30/08,0
5/31/08,0
6/1/08,0
6/2/08,0
6/3/08,0
6/4/08,0
6/5/08,2.55
6/6/08,0
6/7/08,0
6/8/08,0
6/9/08,0
6/10/08,0
6/11/08,0
6/12/08,0
6/13/08,0
6/14/08,0
6/15/08,0
6/16/08,0
6/17/08,0
6/18/08,0
6/19/08,0
6/20/08,0
6/21/08,0.97
6/22/08,0
6/23/08,0
6/24/08,0
6/25/08,3.05
6/26/08,0
6/27/08,0
6/28/08,0
6/29/08,0
6/30/08,8.37
7/1/08,2.76
7/2/08,0
7/3/08,0
7/4/08,0.61
7/5/08,0
7/6/08,0.66
7/7/08,1.43
7/8/08,4.78
7/9/08,4.99
7/10/08,0
7/11/08,0
7/12/08,9.49
7/13/08,11.15
7/14/08,0
7/15/08,2.89
7/16/08,2.15
7/17/08,5.6
7/18/08,1.12
7/19/08,2.05
7/20/08,0.66
7/21/08,1.18
7/22/08,0.74
7/23/08,1.73
7/24/08,0
7/25/08,4.15
7/26/08,3.85
7/27/08,3.11
7/28/08,3.07
7/29/08,0
7/30/08,0
7/31/08,0
8/1/08,0
8/2/08,0
8/3/08,0
8/4/08,0
8/5/08,0
8/6/08,0
8/7/08,2.29
8/8/08,4.15
8/9/08,1.78
8/10/08,2.52
8/11/08,3.5
8/12/08,0
8/13/08,0
8/14/08,0
8/15/08,0
8/16/08,0.77
8/17/08,9.32
8/18/08,6.82
8/19/08,1.05
8/20/08,0
8/21/08,0
8/22/08,0
8/23/08,0
8/24/08,4.27
8/25/08,1.36
8/26/08,0
8/27/08,2.57
8/28/08,0
8/29/08,0
8/30/08,0.28
8/31/08,0
9/1/08,16.51
9/2/08,3.2
9/3/08,0
9/4/08,1.59
9/5/08,0
9/6/08,0
9/7/08,0.45
9/8/08,0
9/9/08,0
9/10/08,2.48
9/11/08,0
9/12/08,0.47
9/13/08,0
9/14/08,0
9/15/08,0.48
9/16/08,0
9/17/08,0
9/18/08,0
9/19/08,0.41
9/20/08,0
9/21/08,0
9/22/08,0
9/23/08,0.59
9/24/08,0
9/25/08,0
9/26/08,0
9/27/08,0
9/28/08,0
9/29/08,0
9/30/08,0
10/1/08,0
10/2/08,0
10/3/08,0
10/4/08,0
10/5/08,11.2
10/6/08,4.46
10/7/08,0
10/8/08,0
10/9/08,0
10/10/08,0
10/11/08,0
10/12/08,13.54
10/13/08,0
10/14/08,1.74
10/15/08,5.04
10/16/08,0
10/17/08,0
10/18/08,0
10/19/08,0
10/20/08,0
10/21/08,0
10/22/08,0
10/23/08,0
10/24/08,0
10/25/08,0
10/26/08,0
10/27/08,0
10/28/08,0
10/29/08,0
10/30/08,0
10/31/08,0
11/1/08,0
11/2/08,0
11/3/08,0
11/4/08,0
11/5/08,0.4
11/6/08,1.72
11/7/08,0
11/8/08,0
11/9/08,0
11/10/08,0.5
11/11/08,0
11/12/08,0
11/13/08,0
11/14/08,0
11/15/08,0
11/16/08,0
11/17/08,0
11/18/08,0
11/19/08,0
11/20/08,0
11/21/08,0
11/22/08,0
11/23/08,0
11/24/08,0
11/25/08,0
11/26/08,0
11/27/08,0
11/28/08,14.62
11/29/08,0
11/30/08,0
12/1/08,0
12/2/08,0
12/3/08,0
12/4/08,0
12/5/08,0
12/6/08,0
12/7/08,0
12/8/08,0
12/9/08,5.49
12/10/08,0
12/11/08,0
12/12/08,0
12/13/08,3.59
12/14/08,1.06
12/15/08,1.12
12/16/08,17.87
12/17/08,6.54
12/18/08,0.98
12/19/08,0.78
12/20/08,0
12/21/08,0
12/22/08,1.15
12/23/08,18.94
12/24/08,2.98
12/25/08,1.87
12/26/08,6.25
12/27/08,1.88
12/28/08,0
12/29/08,0
12/30/08,0
12/31/08,0
1/1/09,0
1/2/09,0
1/3/09,0
1/4/09,4.72
1/5/09,12.2
1/6/09,0.66
1/7/09,0
1/8/09,0
1/9/09,0
1/10/09,0.92
1/11/09,0
1/12/09,0
1/13/09,0
1/14/09,0
1/15/09,0
1/16/09,0
1/17/09,0
1/18/09,0
1/19/09,0
1/20/09,0
1/21/09,0
1/22/09,0
1/23/09,0
1/24/09,0
1/25/09,2.04
1/26/09,0
1/27/09,0
1/28/09,0
1/29/09,0
1/30/09,0
1/31/09,0
2/1/09,0
2/2/09,0
2/3/09,0
2/4/09,0
2/5/09,0
2/6/09,0
2/7/09,0
2/8/09,0
2/9/09,1.32
2/10/09,2.38
2/11/09,1.04
2/12/09,0
2/13/09,1.03
2/14/09,0
2/15/09,0
2/16/09,0
2/17/09,0
2/18/09,0
2/19/09,0
2/20/09,0
2/21/09,0
2/22/09,0
2/23/09,0
2/24/09,0
2/25/09,0
2/26/09,0
2/27/09,0
2/28/09,0
3/1/09,0
3/2/09,0
3/3/09,0
3/4/09,0
3/5/09,0
3/6/09,0
3/7/09,0
3/8/09,0.87
3/9/09,0.53
3/10/09,0.99
3/11/09,0
3/12/09,0
3/13/09,0.43
3/14/09,8.78
3/15/09,0
3/16/09,0
3/17/09,0
3/18/09,0
3/19/09,0
3/20/09,0
3/21/09,0
3/22/09,0
3/23/09,0
3/24/09,0
3/25/09,0
3/26/09,0
3/27/09,11.43
3/28/09,0
3/29/09,0
3/30/09,0
3/31/09,0
4/1/09,0
4/2/09,0
4/3/09,0
4/4/09,0.68
4/5/09,2.35
4/6/09,0
4/7/09,0
4/8/09,0
4/9/09,0
4/10/09,0
4/11/09,4.11
4/12/09,10.8
4/13/09,3.02
4/14/09,0
4/15/09,0
4/16/09,0
4/17/09,0.7
4/18/09,4.63
4/19/09,0.3
4/20/09,0
4/21/09,0
4/22/09,0
4/23/09,0
4/24/09,0
4/25/09,0
4/26/09,0
4/27/09,0
4/28/09,0
4/29/09,0
4/30/09,0
5/1/09,0
5/2/09,0
5/3/09,3.39
5/4/09,0
5/5/09,0
5/6/09,0
5/7/09,0
5/8/09,0
5/9/09,0
5/10/09,0
5/11/09,0
5/12/09,0
5/13/09,0
5/14/09,0
5/15/09,0
5/16/09,0
5/17/09,1.26
5/18/09,0
5/19/09,0
5/20/09,0
5/21/09,0
5/22/09,2.99
5/23/09,0.96
5/24/09,1.24
5/25/09,2.89
5/26/09,1.1
5/27/09,1.89
5/28/09,12.21
5/29/09,0.29
5/30/09,0
5/31/09,0
6/1/09,0
6/2/09,0
6/3/09,0.29
6/4/09,0.52
6/5/09,0
6/6/09,0.66
6/7/09,0
6/8/09,0
6/9/09,0
6/10/09,17.01
6/11/09,2.77
6/12/09,0
6/13/09,0
6/14/09,0
6/15/09,4.86
6/16/09,0
6/17/09,0
6/18/09,0
6/19/09,0
6/20/09,3.36
6/21/09,6.6
6/22/09,0
6/23/09,0
6/24/09,2.46
6/25/09,0
6/26/09,4.83
6/27/09,2.68
6/28/09,0
6/29/09,3.38
6/30/09,0
7/1/09,0
7/2/09,0
7/3/09,0
7/4/09,0
7/5/09,8.02
7/6/09,4.14
7/7/09,0.51
7/8/09,0
7/9/09,0
7/10/09,1.02
7/11/09,0
7/12/09,0
7/13/09,0
7/14/09,0
7/15/09,0
7/16/09,0
7/17/09,0
7/18/09,0
7/19/09,0
7/20/09,0
7/21/09,0.54
7/22/09,15.82
7/23/09,2.39
7/24/09,3.96
7/25/09,1.98
7/26/09,1.06
7/27/09,2.93
7/28/09,0
7/29/09,1
7/30/09,3.14
7/31/09,0
8/1/09,1.53
8/2/09,0
8/3/09,0
8/4/09,0
8/5/09,0
8/6/09,0
8/7/09,0
8/8/09,0
8/9/09,0
8/10/09,0
8/11/09,0
8/12/09,0
8/13/09,0
8/14/09,8.69
8/15/09,4.27
8/16/09,0
8/17/09,0
8/18/09,0
8/19/09,0
8/20/09,0
8/21/09,0
8/22/09,0
8/23/09,0
8/24/09,3.22
8/25/09,3.94
8/26/09,0
8/27/09,0
8/28/09,0
8/29/09,0
8/30/09,0
8/31/09,4.11
9/1/09,0.61
9/2/09,3.96
9/3/09,3.49
9/4/09,0
9/5/09,0
9/6/09,0.27
9/7/09,6.54
9/8/09,0
9/9/09,6.99
9/10/09,4.29
9/11/09,0.96
9/12/09,0
9/13/09,3.55
9/14/09,0.49
9/15/09,0
9/16/09,5.21
9/17/09,1.3
9/18/09,2.52
9/19/09,0.4
9/20/09,8.99
9/21/09,0.62
9/22/09,0
9/23/09,0
9/24/09,4.64
9/25/09,0.56
9/26/09,0
9/27/09,0
9/28/09,0
9/29/09,0
9/30/09,0
10/1/09,0
10/2/09,0
10/3/09,0
10/4/09,0
10/5/09,0
10/6/09,0
10/7/09,1.52
10/8/09,3.75
10/9/09,1.15
10/10/09,0
10/11/09,0
10/12/09,0
10/13/09,1.2
10/14/09,0
10/15/09,0
10/16/09,0
10/17/09,0
10/18/09,0
10/19/09,0
10/20/09,0
10/21/09,17.95
10/22/09,6.59
10/23/09,0.72
10/24/09,0
10/25/09,0
10/26/09,1.95
10/27/09,0
10/28/09,1.55
10/29/09,1.75
10/30/09,0.86
10/31/09,0
11/1/09,0
11/2/09,0
11/3/09,0
11/4/09,0
11/5/09,0
11/6/09,0
11/7/09,0
11/8/09,0
11/9/09,0
11/10/09,0
11/11/09,0
11/12/09,0
11/13/09,0
11/14/09,4.5
11/15/09,4.44
11/16/09,0
11/17/09,0
11/18/09,0
11/19/09,0
11/20/09,0
11/21/09,0
11/22/09,0
11/23/09,0
11/24/09,0
11/25/09,0
11/26/09,0
11/27/09,0
11/28/09,0
11/29/09,5.16
11/30/09,0
12/1/09,0
12/2/09,0
12/3/09,0
12/4/09,0
12/5/09,0
12/6/09,0
12/7/09,0
12/8/09,19
12/9/09,4.84
12/10/09,0
12/11/09,0
12/12/09,0
12/13/09,0
12/14/09,3.08
12/15/09,0
12/16/09,0
12/17/09,0
12/18/09,0
12/19/09,0
12/20/09,0
12/21/09,0
12/22/09,0
12/23/09,3.17
12/24/09,3.8
12/25/09,0
12/26/09,0
12/27/09,0
12/28/09,0
12/29/09,0
12/30/09,1.42
12/31/09,2.44
1/1/10,0
1/2/10,0
1/3/10,0
1/4/10,0
1/5/10,0
1/6/10,0
1/7/10,0
1/8/10,0
1/9/10,0
1/10/10,0
1/11/10,0
1/12/10,0
1/13/10,0
1/14/10,0
1/15/10,0
1/16/10,0
1/17/10,0
1/18/10,0
1/19/10,6.4
1/20/10,4.76
1/21/10,2.82
1/22/10,10.13
1/23/10,4.47
1/24/10,0
1/25/10,0
1/26/10,0
1/27/10,0
1/28/10,0
1/29/10,3.87
1/30/10,0
1/31/10,0
2/1/10,0
2/2/10,0
2/3/10,0
2/4/10,5.33
2/5/10,0
2/6/10,0
2/7/10,0.27
2/8/10,3.95
2/9/10,1.5
2/10/10,0.97
2/11/10,0
2/12/10,0
2/13/10,0
2/14/10,0
2/15/10,0
2/16/10,0
2/17/10,0
2/18/10,0
2/19/10,0
2/20/10,0
2/21/10,3.82
2/22/10,10.93
2/23/10,1.66
2/24/10,0
2/25/10,0.99
2/26/10,0
2/27/10,0
2/28/10,0
3/1/10,3
3/2/10,0
3/3/10,0
3/4/10,0
3/5/10,0
3/6/10,0
3/7/10,0
3/8/10,5.4
3/9/10,2.13
3/10/10,4.58
3/11/10,0.94
3/12/10,0
3/13/10,0
3/14/10,0
3/15/10,14.76
3/16/10,0
3/17/10,0
3/18/10,0
3/19/10,0
3/20/10,4.06
3/21/10,0
3/22/10,0
3/23/10,0
3/24/10,0
3/25/10,0
3/26/10,0
3/27/10,0.84
3/28/10,0
3/29/10,0
3/30/10,0
3/31/10,0
4/1/10,0
4/2/10,0.51
4/3/10,0.38
4/4/10,0
4/5/10,0
4/6/10,0
4/7/10,0
4/8/10,0
4/9/10,0
4/10/10,0
4/11/10,0
4/12/10,0
4/13/10,0
4/14/10,0
4/15/10,0
4/16/10,0
4/17/10,14.01
4/18/10,3.62
4/19/10,0
4/20/10,0
4/21/10,0
4/22/10,2.37
4/23/10,3.52
4/24/10,0
4/25/10,0.4
4/26/10,0
4/27/10,0
4/28/10,0
4/29/10,0
4/30/10,0
5/1/10,0
5/2/10,0
5/3/10,4.45
5/4/10,0
5/5/10,0
5/6/10,0
5/7/10,0
5/8/10,0
5/9/10,0
5/10/10,0
5/11/10,0
5/12/10,0
5/13/10,0
5/14/10,0
5/15/10,9.62
5/16/10,0
5/17/10,0
5/18/10,0
5/19/10,0
5/20/10,0
5/21/10,0
5/22/10,0
5/23/10,0
5/24/10,0
5/25/10,0
5/26/10,0
5/27/10,0
5/28/10,0
5/29/10,0
5/30/10,0
5/31/10,0
6/1/10,0
6/2/10,0
6/3/10,0
6/4/10,0
6/5/10,0
6/6/10,0
6/7/10,2.88
6/8/10,0
6/9/10,0
6/10/10,0
6/11/10,0
6/12/10,0
6/13/10,0
6/14/10,0
6/15/10,0
6/16/10,0
6/17/10,0
6/18/10,0
6/19/10,0
6/20/10,0
6/21/10,0
6/22/10,0
6/23/10,0
6/24/10,0
6/25/10,0
6/26/10,1.61
6/27/10,0
6/28/10,0
6/29/10,0
6/30/10,0
7/1/10,0
7/2/10,0
7/3/10,4.59
7/4/10,0
7/5/10,0
7/6/10,0
7/7/10,0
7/8/10,0
7/9/10,2.09
7/10/10,0
7/11/10,1.25
7/12/10,0
7/13/10,0
7/14/10,0
7/15/10,0.99
7/16/10,0
7/17/10,0
7/18/10,0
7/19/10,0
7/20/10,0.6
7/21/10,1.71
7/22/10,2.8
7/23/10,2.89
7/24/10,4.93
7/25/10,2.88
7/26/10,13.04
7/27/10,0
7/28/10,4.47
7/29/10,0
7/30/10,4.46
7/31/10,6.28
8/1/10,13.63
8/2/10,3.48
8/3/10,1.51
8/4/10,1.27
8/5/10,2.92
8/6/10,9.84
8/7/10,1.37
8/8/10,0
8/9/10,0
8/10/10,0.27
8/11/10,0
8/12/10,0
8/13/10,2.95
8/14/10,0
8/15/10,0
8/16/10,0
8/17/10,2.76
8/18/10,0
8/19/10,0.36
8/20/10,0
8/21/10,0
8/22/10,0
8/23/10,6.63
8/24/10,4.48
8/25/10,0
8/26/10,0
8/27/10,0
8/28/10,0
8/29/10,4.08
8/30/10,4.09
8/31/10,1.41
9/1/10,0
9/2/10,0
9/3/10,0
9/4/10,0
9/5/10,0
9/6/10,0
9/7/10,0
9/8/10,0.66
9/9/10,1.99
9/10/10,0
9/11/10,0
9/12/10,0
9/13/10,0
9/14/10,0
9/15/10,0
9/16/10,0
9/17/10,0
9/18/10,0
9/19/10,0
9/20/10,0
9/21/10,4.87
9/22/10,0
9/23/10,24.33
9/24/10,0
9/25/10,0
9/26/10,0
9/27/10,0
9/28/10,0
9/29/10,0
9/30/10,0
10/1/10,0
10/2/10,0
10/3/10,0
10/4/10,1.67
10/5/10,0
10/6/10,0
10/7/10,0
10/8/10,0
10/9/10,0
10/10/10,0
10/11/10,0
10/12/10,0
10/13/10,0
10/14/10,0
10/15/10,0
10/16/10,0
10/17/10,0
10/18/10,0
10/19/10,0
10/20/10,0
10/21/10,9.28
10/22/10,2.05
10/23/10,2.44
10/24/10,3.41
10/25/10,0
10/26/10,2.41
10/27/10,0
10/28/10,0
10/29/10,0
10/30/10,0
10/31/10,0
11/1/10,0
11/2/10,0
11/3/10,0
11/4/10,0
11/5/10,0
11/6/10,0
11/7/10,0
11/8/10,0
11/9/10,0
11/10/10,1.63
11/11/10,0
11/12/10,0
11/13/10,0
11/14/10,0
11/15/10,0
11/16/10,0
11/17/10,0
11/18/10,0
11/19/10,0
11/20/10,0
11/21/10,0
11/22/10,3.11
11/23/10,1.56
11/24/10,0
11/25/10,0
11/26/10,0
11/27/10,0
11/28/10,0
11/29/10,0
11/30/10,0
12/1/10,0
12/2/10,0
12/3/10,0
12/4/10,0
12/5/10,0
12/6/10,0
12/7/10,0
12/8/10,0
12/9/10,0
12/10/10,0
12/11/10,0
12/12/10,0
12/13/10,0
12/14/10,0
12/15/10,0
12/16/10,0.35
12/17/10,5.09
12/18/10,3.41
12/19/10,2.91
12/20/10,1.35
12/21/10,0
12/22/10,3.34
12/23/10,3.01
12/24/10,1.18
12/25/10,0
12/26/10,0
12/27/10,0
12/28/10,0
12/29/10,0
12/30/10,13.14
12/31/10,6.89
1/1/11,0
1/2/11,0.35
1/3/11,0.75
1/4/11,0.35
1/5/11,0.35
1/6/11,0
1/7/11,0.41
1/8/11,0
1/9/11,0.39
1/10/11,1.26
1/11/11,0
1/12/11,0.35
1/13/11,0
1/14/11,0
1/15/11,0.35
1/16/11,0
1/17/11,0
1/18/11,0
1/19/11,0
1/20/11,0
1/21/11,0
1/22/11,0
1/23/11,0
1/24/11,0
1/25/11,0
1/26/11,0
1/27/11,0
1/28/11,0
1/29/11,0.41
1/30/11,0
1/31/11,0
2/1/11,1.5
2/2/11,1.13
2/3/11,0
2/4/11,1.49
2/5/11,0.41
2/6/11,0
2/7/11,0
2/8/11,0.53
2/9/11,1.04
2/10/11,0
2/11/11,0.41
2/12/11,0.49
2/13/11,0.41
2/14/11,0.41
2/15/11,0.41
2/16/11,0
2/17/11,0
2/18/11,0
2/19/11,0
2/20/11,0.74
2/21/11,0.97
2/22/11,0
2/23/11,0.41
2/24/11,0
2/25/11,0
2/26/11,0.63
2/27/11,0.41
2/28/11,0
3/1/11,0
3/2/11,0
3/3/11,0
3/4/11,0
3/5/11,0
3/6/11,0
3/7/11,0
3/8/11,12.22
3/9/11,0.91
3/10/11,0
3/11/11,0
3/12/11,0
3/13/11,0
3/14/11,0
3/15/11,0
3/16/11,0
3/17/11,0
3/18/11,0
3/19/11,0
3/20/11,0
3/21/11,0
3/22/11,0
3/23/11,0
3/24/11,0
3/25/11,0
3/26/11,0
3/27/11,0.46
3/28/11,0.69
3/29/11,0
3/30/11,0
3/31/11,0
4/1/11,0
4/2/11,0
4/3/11,0
4/4/11,0
4/5/11,0
4/6/11,0.76
4/7/11,2.86
4/8/11,6.05
4/9/11,1.03
4/10/11,0.27
4/11/11,0.96
4/12/11,0.43
4/13/11,0
4/14/11,0
4/15/11,0
4/16/11,0
4/17/11,0.34
4/18/11,0.34
4/19/11,0.58
4/20/11,0.47
4/21/11,0
4/22/11,0
4/23/11,0
4/24/11,0.85
4/25/11,8.26
4/26/11,3.76
4/27/11,2.68
4/28/11,0.81
4/29/11,0.53
4/30/11,0
5/1/11,0
5/2/11,14.43
5/3/11,1.99
5/4/11,0
5/5/11,0.43
5/6/11,0.43
5/7/11,0.43
5/8/11,0
5/9/11,0
5/10/11,0
5/11/11,0
5/12/11,0.58
5/13/11,0
5/14/11,0.43
5/15/11,0
5/16/11,0
5/17/11,0
5/18/11,0
5/19/11,1.8
5/20/11,0.97
5/21/11,2.82
5/22/11,0.84
5/23/11,0
5/24/11,0
5/25/11,0.32
5/26/11,0.84
5/27/11,1.36
5/28/11,0
5/29/11,0
5/30/11,0
5/31/11,0
6/1/11,0
6/2/11,0
6/3/11,0
6/4/11,0
6/5/11,0
6/6/11,0
6/7/11,0
6/8/11,0
6/9/11,0
6/10/11,0
6/11/11,0
6/12/11,0
6/13/11,0
6/14/11,0
6/15/11,0
6/16/11,0
6/17/11,0
6/18/11,0
6/19/11,0
6/20/11,0
6/21/11,0
6/22/11,0
6/23/11,0
6/24/11,0
6/25/11,0
6/26/11,0
6/27/11,0
6/28/11,0
6/29/11,0
6/30/11,0
7/1/11,0
7/2/11,0
7/3/11,0
7/4/11,0
7/5/11,0
7/6/11,0
7/7/11,0
7/8/11,0
7/9/11,3.94
7/10/11,0
7/11/11,2.27
7/12/11,1.17
7/13/11,2.53
7/14/11,0
7/15/11,0
7/16/11,0
7/17/11,0
7/18/11,0
7/19/11,2.35
7/20/11,1.26
7/21/11,0
7/22/11,1.74
7/23/11,0.55
7/24/11,0
7/25/11,10.02
7/26/11,0
7/27/11,1.36
7/28/11,0
7/29/11,0
7/30/11,9.48
7/31/11,2.03
8/1/11,3.36
8/2/11,0.52
8/3/11,3.09
8/4/11,2.97
8/5/11,1.11
8/6/11,0
8/7/11,0
8/8/11,0
8/9/11,0
8/10/11,1.15
8/11/11,0.94
8/12/11,0
8/13/11,0
8/14/11,0
8/15/11,0
8/16/11,0
8/17/11,0
8/18/11,1.27
8/19/11,0
8/20/11,0.78
8/21/11,10.28
8/22/11,12.08
8/23/11,0
8/24/11,0.8
8/25/11,2
8/26/11,0
8/27/11,1.18
8/28/11,1.12
8/29/11,3.96
8/30/11,0.68
8/31/11,0
9/1/11,0
9/2/11,8.66
9/3/11,0
9/4/11,0.42
9/5/11,2.45
9/6/11,0
9/7/11,1.9
9/8/11,0
9/9/11,4.3
9/10/11,13.08
9/11/11,7.62
9/12/11,0
9/13/11,15.2
9/14/11,0
9/15/11,7.09
9/16/11,3.45
9/17/11,2.75
9/18/11,0.27
9/19/11,0
9/20/11,0
9/21/11,0
9/22/11,0
9/23/11,0
9/24/11,0
9/25/11,0
9/26/11,0
9/27/11,0
9/28/11,4.2
9/29/11,0
9/30/11,0
10/1/11,0
10/2/11,0
10/3/11,0
10/4/11,0.63
10/5/11,14.62
10/6/11,1.04
10/7/11,3.36
10/8/11,7.4
10/9/11,0
10/10/11,0
10/11/11,0
10/12/11,0
10/13/11,0
10/14/11,0
10/15/11,0
10/16/11,0
10/17/11,0
10/18/11,0
10/19/11,0
10/20/11,0
10/21/11,0
10/22/11,0
10/23/11,0
10/24/11,0
10/25/11,0
10/26/11,2.67
10/27/11,20.35
10/28/11,0.56
10/29/11,0
10/30/11,0
10/31/11,0
11/1/11,0
11/2/11,0
11/3/11,0
11/4/11,0.66
11/5/11,0
11/6/11,5.07
11/7/11,0
11/8/11,5.24
11/9/11,0.33
11/10/11,0
11/11/11,0.55
11/12/11,0
11/13/11,0.76
11/14/11,6.63
11/15/11,0
11/16/11,0
11/17/11,0
11/18/11,0
11/19/11,0.39
11/20/11,0
11/21/11,0
11/22/11,0.97
11/23/11,0
11/24/11,0
11/25/11,1.99
11/26/11,4.37
11/27/11,0
11/28/11,0.69
11/29/11,0
11/30/11,0
12/1/11,0
12/2/11,0
12/3/11,4.37
12/4/11,3.02
12/5/11,9.05
12/6/11,4.26
12/7/11,0
12/8/11,0
12/9/11,0
12/10/11,0
12/11/11,0
12/12/11,0
12/13/11,2.67
12/14/11,4.39
12/15/11,0
12/16/11,0
12/17/11,0
12/18/11,0
12/19/11,0.31
12/20/11,0
12/21/11,0
12/22/11,0
12/23/11,7.2
12/24/11,0
12/25/11,0
12/26/11,0
12/27/11,0
12/28/11,0
12/29/11,0
12/30/11,0
12/31/11,0
1/1/12,0
1/2/12,0
1/3/12,0
1/4/12,0
1/5/12,0
1/6/12,0
1/7/12,0
1/8/12,0
1/9/12,0
1/10/12,0
1/11/12,0
1/12/12,0
1/13/12,0
1/14/12,0
1/15/12,0
1/16/12,0.69
1/17/12,4.74
1/18/12,0
1/19/12,0
1/20/12,0
1/21/12,0
1/22/12,1.72
1/23/12,1.31
1/24/12,0.44
1/25/12,0
1/26/12,0
1/27/12,0
1/28/12,0
1/29/12,0
1/30/12,0
1/31/12,0
2/1/12,0
2/2/12,0
2/3/12,1.49
2/4/12,0
2/5/12,0
2/6/12,0
2/7/12,0
2/8/12,0
2/9/12,0
2/10/12,0.41
2/11/12,0
2/12/12,0.72
2/13/12,7.14
2/14/12,1.75
2/15/12,2.39
2/16/12,0.54
2/17/12,0
2/18/12,0
2/19/12,0
2/20/12,2.23
2/21/12,0
2/22/12,0
2/23/12,0
2/24/12,0
2/25/12,0
2/26/12,0
2/27/12,0
2/28/12,0
2/29/12,2.29
3/1/12,0
3/2/12,0
3/3/12,5.19
3/4/12,0
3/5/12,0
3/6/12,0
3/7/12,0
3/8/12,0
3/9/12,0
3/10/12,0
3/11/12,3.51
3/12/12,0
3/13/12,0
3/14/12,0
3/15/12,0
3/16/12,0
3/17/12,0
3/18/12,0
3/19/12,0.66
3/20/12,0
3/21/12,0
3/22/12,0
3/23/12,0
3/24/12,0
3/25/12,0
3/26/12,0
3/27/12,0
3/28/12,0
3/29/12,0
3/30/12,0
3/31/12,0
4/1/12,0
4/2/12,0
4/3/12,19.35
4/4/12,2.89
4/5/12,0
4/6/12,0
4/7/12,0
4/8/12,0
4/9/12,0
4/10/12,0
4/11/12,0
4/12/12,0.41
4/13/12,0
4/14/12,0
4/15/12,1.27
4/16/12,1
4/17/12,0
4/18/12,0
4/19/12,0
4/20/12,0
4/21/12,0
4/22/12,0
4/23/12,0
4/24/12,0
4/25/12,0
4/26/12,0
4/27/12,2.11
4/28/12,0
4/29/12,0
4/30/12,0
5/1/12,0
5/2/12,0
5/3/12,0
5/4/12,0
5/5/12,0
5/6/12,0
5/7/12,0.72
5/8/12,4.39
5/9/12,0
5/10/12,0
5/11/12,0
5/12/12,2.76
5/13/12,3.53
5/14/12,3.23
5/15/12,0
5/16/12,0
5/17/12,0
5/18/12,0
5/19/12,0
5/20/12,0
5/21/12,0
5/22/12,0
5/23/12,0
5/24/12,0
5/25/12,0
5/26/12,0
5/27/12,0
5/28/12,0
5/29/12,0
5/30/12,0
5/31/12,0
6/1/12,0
6/2/12,0
6/3/12,0
6/4/12,0
6/5/12,0
6/6/12,0
6/7/12,0
6/8/12,0
6/9/12,0
6/10/12,0
6/11/12,0
6/12/12,0
6/13/12,0
6/14/12,0
6/15/12,0
6/16/12,0
6/17/12,0
6/18/12,0
6/19/12,0
6/20/12,0
6/21/12,0
6/22/12,3.05
6/23/12,0
6/24/12,0
6/25/12,0
6/26/12,0
6/27/12,0
6/28/12,0
6/29/12,0
6/30/12,0
7/1/12,0
7/2/12,0
7/3/12,0.39
7/4/12,1.73
7/5/12,2.09
7/6/12,1.15
7/7/12,4.23
7/8/12,0.75
7/9/12,0.59
7/10/12,6.17
7/11/12,3.31
7/12/12,5.95
7/13/12,1.66
7/14/12,0.53
7/15/12,0.71
7/16/12,0
7/17/12,0.44
7/18/12,0
7/19/12,2.18
7/20/12,0.56
7/21/12,0
7/22/12,3.04
7/23/12,1.08
7/24/12,0
7/25/12,2.93
7/26/12,1.38
7/27/12,2.05
7/28/12,0
7/29/12,1.09
7/30/12,0
7/31/12,0
8/1/12,0
8/2/12,0
8/3/12,1.19
8/4/12,0.74
8/5/12,4.86
8/6/12,11.47
8/7/12,1.57
8/8/12,4.4
8/9/12,0
8/10/12,3.07
8/11/12,1.12
8/12/12,0
8/13/12,1.24
8/14/12,3.23
8/15/12,0
8/16/12,0
8/17/12,1.02
8/18/12,3.38
8/19/12,1.93
8/20/12,0
8/21/12,1.5
8/22/12,0
8/23/12,3.13
8/24/12,1.98
8/25/12,0.9
8/26/12,0
8/27/12,0.76
8/28/12,0.86
8/29/12,0
8/30/12,0
8/31/12,0
9/1/12,0
9/2/12,0
9/3/12,0
9/4/12,0
9/5/12,0
9/6/12,0
9/7/12,0
9/8/12,0.46
9/9/12,0
9/10/12,1.15
9/11/12,0
9/12/12,1.39
9/13/12,16.78
9/14/12,0.91
9/15/12,0
9/16/12,0
9/17/12,0
9/18/12,0
9/19/12,0
9/20/12,0
9/21/12,0
9/22/12,0
9/23/12,0
9/24/12,0
9/25/12,4.13
9/26/12,1.95
9/27/12,0
9/28/12,0
9/29/12,0
9/30/12,0
10/1/12,0
10/2/12,0
10/3/12,0
10/4/12,0
10/5/12,0
10/6/12,0
10/7/12,0
10/8/12,0
10/9/12,0
10/10/12,0
10/11/12,0
10/12/12,0
10/13/12,9.7
10/14/12,0
10/15/12,0
10/16/12,0
10/17/12,0
10/18/12,0
10/19/12,0
10/20/12,0
10/21/12,0
10/22/12,0
10/23/12,0
10/24/12,0
10/25/12,0
10/26/12,0
10/27/12,0
10/28/12,0
10/29/12,0
10/30/12,0
10/31/12,0
11/1/12,0
11/2/12,0
11/3/12,0
11/4/12,0
11/5/12,0
11/6/12,0
11/7/12,0
11/8/12,0
11/9/12,0
11/10/12,3.26
11/11/12,2.28
11/12/12,0
11/13/12,0.46
11/14/12,0
11/15/12,0
11/16/12,0
11/17/12,0
11/18/12,0
11/19/12,0
11/20/12,0
11/21/12,0
11/22/12,0
11/23/12,0
11/24/12,0
11/25/12,0
11/26/12,0
11/27/12,0
11/28/12,0
11/29/12,0
11/30/12,0
12/1/12,0
12/2/12,0
12/3/12,0
12/4/12,0
12/5/12,0
12/6/12,0
12/7/12,0
12/8/12,0
12/9/12,0
12/10/12,0
12/11/12,0
12/12/12,0
12/13/12,0
12/14/12,0.97
12/15/12,2.69
12/16/12,5.32
12/17/12,0
12/18/12,0.38
12/19/12,2.9
12/20/12,3.2
12/21/12,0.5
12/22/12,0
12/23/12,0
12/24/12,0
12/25/12,1.87
12/26/12,0
12/27/12,2.18
12/28/12,1.01
12/29/12,0
12/30/12,0
12/31/12,4.06
1/1/13,3.06
1/2/13,0
1/3/13,0
1/4/13,0
1/5/13,0
1/6/13,0.37
1/7/13,0.37
1/8/13,0
1/9/13,0
1/10/13,0
1/11/13,0.47
1/12/13,0
1/13/13,0
1/14/13,0
1/15/13,0.32
1/16/13,0
1/17/13,0
1/18/13,0
1/19/13,0
1/20/13,0
1/21/13,0
1/22/13,0.37
1/23/13,0
1/24/13,0
1/25/13,0.51
1/26/13,0
1/27/13,6.08
1/28/13,2.46
1/29/13,3.8
1/30/13,1.39
1/31/13,0.97
2/1/13,0
2/2/13,0
2/3/13,0
2/4/13,0
2/5/13,0
2/6/13,0
2/7/13,0
2/8/13,0
2/9/13,0
2/10/13,2.44
2/11/13,1.92
2/12/13,1.42
2/13/13,0.53
2/14/13,0
2/15/13,0
2/16/13,0
2/17/13,0
2/18/13,0
2/19/13,0
2/20/13,7.51
2/21/13,3.33
2/22/13,0.98
2/23/13,1.73
2/24/13,0.44
2/25/13,0
2/26/13,0
2/27/13,0
2/28/13,0
3/1/13,0
3/2/13,0.37
3/3/13,0
3/4/13,0
3/5/13,0
3/6/13,0
3/7/13,0.39
3/8/13,0
3/9/13,6.98
3/10/13,1.73
3/11/13,0
3/12/13,0.37
3/13/13,0.37
3/14/13,0
3/15/13,0
3/16/13,0
3/17/13,0
3/18/13,0
3/19/13,0
3/20/13,0
3/21/13,0
3/22/13,0
3/23/13,0
3/24/13,0
3/25/13,0
3/26/13,0
3/27/13,0
3/28/13,0
3/29/13,0
3/30/13,0
3/31/13,0
4/1/13,0
4/2/13,0
4/3/13,0
4/4/13,0
4/5/13,0
4/6/13,0.46
4/7/13,0
4/8/13,0
4/9/13,0
4/10/13,4.91
4/11/13,0
4/12/13,1.79
4/13/13,0
4/14/13,0.47
4/15/13,0
4/16/13,0
4/17/13,0
4/18/13,0
4/19/13,0
4/20/13,1.17
4/21/13,0
4/22/13,0
4/23/13,0.46
4/24/13,0
4/25/13,0
4/26/13,0.44
4/27/13,0
4/28/13,0
4/29/13,0
4/30/13,0
5/1/13,0
5/2/13,0
5/3/13,0
5/4/13,0
5/5/13,0
5/6/13,0
5/7/13,0.55
5/8/13,4.31
5/9/13,0
5/10/13,0
5/11/13,0.59
5/12/13,0
5/13/13,0
5/14/13,0
5/15/13,0
5/16/13,0
5/17/13,0
5/18/13,0
5/19/13,0
5/20/13,0
5/21/13,0
5/22/13,0
5/23/13,0
5/24/13,0
5/25/13,0
5/26/13,0
5/27/13,0
5/28/13,0
5/29/13,0
5/30/13,0
5/31/13,0
6/1/13,0
6/2/13,0
6/3/13,0
6/4/13,0
6/5/13,0
6/6/13,0
6/7/13,0
6/8/13,0
6/9/13,0
6/10/13,0
6/11/13,0
6/12/13,0
6/13/13,0
6/14/13,0
6/15/13,0.43
6/16/13,0
6/17/13,0
6/18/13,0
6/19/13,0
6/20/13,0
6/21/13,0
6/22/13,0
6/23/13,0
6/24/13,0
6/25/13,0
6/26/13,0
6/27/13,0
6/28/13,1.53
6/29/13,2.3
6/30/13,0
7/1/13,1.45
7/2/13,1.09
7/3/13,5.31
7/4/13,0
7/5/13,1.14
7/6/13,4.26
7/7/13,2.5
7/8/13,1.45
7/9/13,3.41
7/10/13,0
7/11/13,0.69
7/12/13,0
7/13/13,0.59
7/14/13,2
7/15/13,3.78
7/16/13,1.81
7/17/13,0
7/18/13,0
7/19/13,0
7/20/13,8.94
7/21/13,2.3
7/22/13,1.38
7/23/13,0
7/24/13,0
7/25/13,0.34
7/26/13,4.33
7/27/13,3.95
7/28/13,11.48
7/29/13,8.62
7/30/13,0
7/31/13,1.67
8/1/13,0
8/2/13,3.94
8/3/13,4.55
8/4/13,0
8/5/13,6.42
8/6/13,1.76
8/7/13,8.84
8/8/13,4.44
8/9/13,3.25
8/10/13,3.65
8/11/13,0.42
8/12/13,0
8/13/13,1.01
8/14/13,0.61
8/15/13,0
8/16/13,0
8/17/13,0
8/18/13,0
8/19/13,0.35
8/20/13,0
8/21/13,1.65
8/22/13,3.85
8/23/13,1.34
8/24/13,0.4
8/25/13,3.55
8/26/13,1.43
8/27/13,0
8/28/13,0
8/29/13,0
8/30/13,0
8/31/13,0.31
9/1/13,0
9/2/13,0
9/3/13,6.14
9/4/13,0.43
9/5/13,0
9/6/13,0
9/7/13,0
9/8/13,0
9/9/13,5.8
9/10/13,0
9/11/13,10.61
9/12/13,5.21
9/13/13,20.93
9/14/13,33.97
9/15/13,4.88
9/16/13,4.02
9/17/13,0
9/18/13,0.49
9/19/13,2.8
9/20/13,0
9/21/13,0
9/22/13,0
9/23/13,13.2
9/24/13,0.68
9/25/13,0
9/26/13,0
9/27/13,0
9/28/13,0.83
9/29/13,0
9/30/13,0
10/1/13,0
10/2/13,0
10/3/13,0
10/4/13,0
10/5/13,0
10/6/13,0
10/7/13,0
10/8/13,0
10/9/13,0.89
10/10/13,0
10/11/13,7.82
10/12/13,0
10/13/13,0
10/14/13,0.69
10/15/13,0
10/16/13,5.55
10/17/13,0.79
10/18/13,0
10/19/13,0
10/20/13,0
10/21/13,0
10/22/13,0
10/23/13,0
10/24/13,0
10/25/13,3.98
10/26/13,2.12
10/27/13,0
10/28/13,0
10/29/13,0
10/30/13,0.43
10/31/13,4.19
11/1/13,0
11/2/13,0.71
11/3/13,0
11/4/13,0
11/5/13,9.31
11/6/13,1.2
11/7/13,0
11/8/13,0
11/9/13,0
11/10/13,0
11/11/13,0
11/12/13,0
11/13/13,0
11/14/13,0
11/15/13,0
11/16/13,2.88
11/17/13,2.01
11/18/13,0
11/19/13,0
11/20/13,0
11/21/13,2.27
11/22/13,14.58
11/23/13,5.34
11/24/13,2.78
11/25/13,1.93
11/26/13,0.87
11/27/13,0
11/28/13,0
11/29/13,0
11/30/13,0
12/1/13,0
12/2/13,0
12/3/13,0
12/4/13,0.56
12/5/13,1.45
12/6/13,0
12/7/13,0
12/8/13,1.97
12/9/13,2.76
12/10/13,0.66
12/11/13,0.47
12/12/13,0
12/13/13,0.38
12/14/13,0
12/15/13,0
12/16/13,0
12/17/13,0
12/18/13,0
12/19/13,0
12/20/13,0
12/21/13,0
12/22/13,0.39
12/23/13,0
12/24/13,0
12/25/13,0
12/26/13,0
12/27/13,0
12/28/13,0
12/29/13,0
12/30/13,0
12/31/13,0
1/1/14,0
1/2/14,0
1/3/14,0
1/4/14,0
1/5/14,0
1/6/14,0
1/7/14,0
1/8/14,0
1/9/14,0
1/10/14,0
1/11/14,0
1/12/14,0
1/13/14,0
1/14/14,0
1/15/14,0
1/16/14,0
1/17/14,0
1/18/14,0
1/19/14,0
1/20/14,0
1/21/14,0
1/22/14,0
1/23/14,0
1/24/14,0
1/25/14,0
1/26/14,0
1/27/14,0
1/28/14,0
1/29/14,0
1/30/14,0
1/31/14,1.97
2/1/14,1.51
2/2/14,0
2/3/14,0
2/4/14,0.41
2/5/14,0.53
2/6/14,0
2/7/14,0.5
2/8/14,0.76
2/9/14,0
2/10/14,0
2/11/14,0
2/12/14,0
2/13/14,0
2/14/14,0
2/15/14,0
2/16/14,0
2/17/14,0
2/18/14,0
2/19/14,0
2/20/14,0
2/21/14,0
2/22/14,0
2/23/14,0
2/24/14,0
2/25/14,0
2/26/14,0
2/27/14,0
2/28/14,4.11
3/1/14,0
3/2/14,9.79
3/3/14,3.31
3/4/14,0.41
3/5/14,1.03
3/6/14,0.38
3/7/14,0.72
3/8/14,0.58
3/9/14,0
3/10/14,0.32
3/11/14,0
3/12/14,0
3/13/14,0
3/14/14,0
3/15/14,0
3/16/14,0.87
3/17/14,0
3/18/14,0
3/19/14,0
3/20/14,0
3/21/14,0
3/22/14,0
3/23/14,0.62
3/24/14,0
3/25/14,0
3/26/14,0.32
3/27/14,0.74
3/28/14,0
3/29/14,0
3/30/14,0
3/31/14,0
4/1/14,0
4/2/14,0
4/3/14,0
4/4/14,2.41
4/5/14,1.15
4/6/14,1.26
4/7/14,1.14
4/8/14,0
4/9/14,0
4/10/14,0
4/11/14,0
4/12/14,0
4/13/14,0
4/14/14,1.59
4/15/14,0.69
4/16/14,0.7
4/17/14,0.42
4/18/14,0
4/19/14,0.63
4/20/14,0
4/21/14,0
4/22/14,0
4/23/14,0
4/24/14,0
4/25/14,0
4/26/14,0
4/27/14,1.98
4/28/14,0.8
4/29/14,0
4/30/14,0.55
5/1/14,0
5/2/14,0.61
5/3/14,0.44
5/4/14,0.74
5/5/14,0
5/6/14,0
5/7/14,0
5/8/14,0
5/9/14,0.42
5/10/14,0
5/11/14,0
5/12/14,0
5/13/14,2.95
5/14/14,1.73
5/15/14,1.57
5/16/14,0.39
5/17/14,0.62
5/18/14,0
5/19/14,0
5/20/14,0
5/21/14,0
5/22/14,0
5/23/14,2.62
5/24/14,5.87
5/25/14,1.75
5/26/14,2.16
5/27/14,1.67
5/28/14,0.52
5/29/14,0
5/30/14,3.16
5/31/14,0
6/1/14,0
6/2/14,0
6/3/14,0
6/4/14,0
6/5/14,0
6/6/14,0
6/7/14,0
6/8/14,2.06
6/9/14,0.39
6/10/14,0
6/11/14,0
6/12/14,0
6/13/14,0
6/14/14,3.07
6/15/14,0
6/16/14,0
6/17/14,0
6/18/14,0
6/19/14,0
6/20/14,0
6/21/14,0
6/22/14,0
6/23/14,0
6/24/14,0
6/25/14,0
6/26/14,0
6/27/14,0
6/28/14,0
6/29/14,0
6/30/14,0
7/1/14,4.53
7/2/14,0
7/3/14,2.41
7/4/14,0.26
7/5/14,2.26
7/6/14,1.1
7/7/14,0
7/8/14,1.07
7/9/14,7.61
7/10/14,2.44
7/11/14,0
7/12/14,7.5
7/13/14,1.82
7/14/14,5.29
7/15/14,10.02
7/16/14,13.79
7/17/14,4.17
7/18/14,9.15
7/19/14,0
7/20/14,0
7/21/14,1.05
7/22/14,0
7/23/14,0.51
7/24/14,0
7/25/14,0
7/26/14,0
7/27/14,0.94
7/28/14,7.02
7/29/14,4.66
7/30/14,4.96
7/31/14,0.72
8/1/14,12.8
8/2/14,7.78
8/3/14,0
8/4/14,0.66
8/5/14,0.81
8/6/14,0
8/7/14,0
8/8/14,0.95
8/9/14,0
8/10/14,0
8/11/14,0
8/12/14,0
8/13/14,0
8/14/14,2.49
8/15/14,0
8/16/14,0.46
8/17/14,0
8/18/14,1.36
8/19/14,0
8/20/14,0
8/21/14,0
8/22/14,0
8/23/14,7.08
8/24/14,0
8/25/14,0
8/26/14,0.34
8/27/14,9.6
8/28/14,0
8/29/14,0
8/30/14,0
8/31/14,0
9/1/14,0
9/2/14,0
9/3/14,0
9/4/14,0
9/5/14,4.98
9/6/14,0
9/7/14,0.44
9/8/14,0
9/9/14,0
9/10/14,2.13
9/11/14,0
9/12/14,0
9/13/14,0
9/14/14,0
9/15/14,0
9/16/14,7.98
9/17/14,0
9/18/14,0
9/19/14,0
9/20/14,0
9/21/14,0
9/22/14,0
9/23/14,6.32
9/24/14,0
9/25/14,0
9/26/14,0
9/27/14,1.07
9/28/14,0
9/29/14,0
9/30/14,7.14
10/1/14,0
10/2/14,0.48
10/3/14,0
10/4/14,0
10/5/14,0
10/6/14,0
10/7/14,0
10/8/14,0
10/9/14,2.58
10/10/14,11.24
10/11/14,0.63
10/12/14,0.43
10/13/14,0
10/14/14,0
10/15/14,0
10/16/14,0
10/17/14,0
10/18/14,0.81
10/19/14,0
10/20/14,0
10/21/14,0.3
10/22/14,0.56
10/23/14,0
10/24/14,0
10/25/14,0
10/26/14,0
10/27/14,0
10/28/14,0
10/29/14,0
10/30/14,0
10/31/14,0
11/1/14,0
11/2/14,0.44
11/3/14,6.26
11/4/14,0.5
11/5/14,0.68
11/6/14,0
11/7/14,0
11/8/14,0
11/9/14,0
11/10/14,0
11/11/14,0
11/12/14,0
11/13/14,0
11/14/14,1.2
11/15/14,5.57
11/16/14,9.03
11/17/14,3.64
11/18/14,0
11/19/14,0.68
11/20/14,0
11/21/14,0
11/22/14,0
11/23/14,0.54
11/24/14,0.58
11/25/14,0
11/26/14,0.74
11/27/14,0
11/28/14,0.3
11/29/14,0
11/30/14,0
12/1/14,0
12/2/14,0
12/3/14,0
12/4/14,1.78
12/5/14,9.18
12/6/14,0
12/7/14,0
12/8/14,0
12/9/14,0
12/10/14,0
12/11/14,0
12/12/14,0
12/13/14,0
12/14/14,8.42
12/15/14,2.7
12/16/14,0
12/17/14,0
12/18/14,3.73
12/19/14,0
12/20/14,0
12/21/14,0
12/22/14,0.5
12/23/14,2.53
12/24/14,0
12/25/14,0
12/26/14,5.09
12/27/14,1.54
12/28/14,0
12/29/14,0
12/30/14,0
12/31/14,0.77
1/1/15,0.78
1/2/15,0
1/3/15,0
1/4/15,0
1/5/15,0
1/6/15,0
1/7/15,0
1/8/15,0
1/9/15,0
1/10/15,0
1/11/15,0.72
1/12/15,0
1/13/15,1.44
1/14/15,5.73
1/15/15,0
1/16/15,0
1/17/15,0
1/18/15,0
1/19/15,0
1/20/15,0
1/21/15,0.63
1/22/15,7.11
1/23/15,0
1/24/15,0
1/25/15,0.27
1/26/15,0
1/27/15,0
1/28/15,0
1/29/15,0
1/30/15,3.36
1/31/15,15.84
2/1/15,1.32
2/2/15,0
2/3/15,0
2/4/15,0
2/5/15,0
2/6/15,0
2/7/15,0
2/8/15,0
2/9/15,0
2/10/15,0
2/11/15,1.4
2/12/15,1.54
2/13/15,0
2/14/15,0
2/15/15,0
2/16/15,0
2/17/15,0
2/18/15,0
2/19/15,0
2/20/15,0
2/21/15,0
2/22/15,2.29
2/23/15,2.98
2/24/15,3.42
2/25/15,1.55
2/26/15,0
2/27/15,3.96
2/28/15,15.17
3/1/15,11.67
3/2/15,2.81
3/3/15,1.95
3/4/15,0
3/5/15,0
3/6/15,0
3/7/15,0
3/8/15,0
3/9/15,0
3/10/15,0
3/11/15,0
3/12/15,0
3/13/15,0
3/14/15,0
3/15/15,0
3/16/15,0
3/17/15,0
3/18/15,0.4
3/19/15,1.91
3/20/15,14.42
3/21/15,0
3/22/15,0
3/23/15,0
3/24/15,0
3/25/15,0
3/26/15,0
3/27/15,0
3/28/15,0
3/29/15,0
3/30/15,0
3/31/15,0
4/1/15,0
4/2/15,0
4/3/15,0
4/4/15,0
4/5/15,0
4/6/15,0
4/7/15,0
4/8/15,0
4/9/15,0
4/10/15,0
4/11/15,0
4/12/15,0
4/13/15,0
4/14/15,0
4/15/15,0
4/16/15,0
4/17/15,0
4/18/15,2.38
4/19/15,0.46
4/20/15,0
4/21/15,0
4/22/15,0
4/23/15,0.4
4/24/15,0
4/25/15,0.69
4/26/15,0
4/27/15,10.87
4/28/15,0
4/29/15,0
4/30/15,0
5/1/15,0
5/2/15,0
5/3/15,0
5/4/15,0
5/5/15,6.46
5/6/15,4.25
5/7/15,3.54
5/8/15,0
5/9/15,0
5/10/15,3.32
5/11/15,0
5/12/15,0
5/13/15,11.36
5/14/15,0
5/15/15,0
5/16/15,12.33
5/17/15,8.38
5/18/15,0
5/19/15,9.49
5/20/15,1.9
5/21/15,0
5/22/15,15.44
5/23/15,0
5/24/15,0
5/25/15,3.41
5/26/15,0
5/27/15,0
5/28/15,0
5/29/15,0
5/30/15,0
5/31/15,0
6/1/15,0.31
6/2/15,0.3
6/3/15,0
6/4/15,0
6/5/15,0
6/6/15,3.35
6/7/15,3.7
6/8/15,2.97
6/9/15,0
6/10/15,0.44
6/11/15,4.36
6/12/15,0.41
6/13/15,0
6/14/15,5.57
6/15/15,0.53
6/16/15,0
6/17/15,1.29
6/18/15,0
6/19/15,0
6/20/15,0
6/21/15,0
6/22/15,0
6/23/15,0
6/24/15,2.28
6/25/15,4.31
6/26/15,0
6/27/15,0
6/28/15,2.43
6/29/15,2.38
6/30/15,0
7/1/15,0.36
7/2/15,9.12
7/3/15,3.47
7/4/15,0.59
7/5/15,1.78
7/6/15,2.53
7/7/15,6.96
7/8/15,5.42
7/9/15,1.28
7/10/15,2.28
7/11/15,0.59
7/12/15,0.36
7/13/15,2.53
7/14/15,3.53
7/15/15,5.08
7/16/15,0.78
7/17/15,0.32
7/18/15,2.95
7/19/15,1.62
7/20/15,1
7/21/15,5.52
7/22/15,0
7/23/15,0
7/24/15,0
7/25/15,0.55
7/26/15,0.55
7/27/15,5.25
7/28/15,0.95
7/29/15,0
7/30/15,7.56
7/31/15,0.54
8/1/15,3.78
8/2/15,4.41
8/3/15,9.39
8/4/15,0.52
8/5/15,0
8/6/15,0
8/7/15,0
8/8/15,6.47
8/9/15,0.71
8/10/15,0
8/11/15,3.66
8/12/15,0
8/13/15,0
8/14/15,0
8/15/15,0.4
8/16/15,2.98
8/17/15,0
8/18/15,3.18
8/19/15,0
8/20/15,0
8/21/15,0
8/22/15,0
8/23/15,0
8/24/15,0.57
8/25/15,0
8/26/15,0
8/27/15,5.06
8/28/15,0
8/29/15,1.13
8/30/15,0
8/31/15,0
9/1/15,0
9/2/15,0
9/3/15,0
9/4/15,0
9/5/15,1.69
9/6/15,4.85
9/7/15,0
9/8/15,0
9/9/15,0
9/10/15,0
9/11/15,0
9/12/15,0
9/13/15,0
9/14/15,0
9/15/15,0
9/16/15,5.27
9/17/15,0.52
9/18/15,0
9/19/15,0
9/20/15,0
9/21/15,0
9/22/15,0.65
9/23/15,6.72
9/24/15,4.12
9/25/15,0
9/26/15,0
9/27/15,0
9/28/15,0
9/29/15,0
9/30/15,0
10/1/15,0
10/2/15,0
10/3/15,0
10/4/15,1.81
10/5/15,0
10/6/15,1.3
10/7/15,0.84
10/8/15,0
10/9/15,0
10/10/15,0
10/11/15,0
10/12/15,0
10/13/15,0
10/14/15,0
10/15/15,0
10/16/15,0
10/17/15,0
10/18/15,0
10/19/15,0.84
10/20/15,1.4
10/21/15,7.92
10/22/15,29.93
10/23/15,1.41
10/24/15,1.26
10/25/15,0
10/26/15,0
10/27/15,0
10/28/15,0
10/29/15,0
10/30/15,5.88
10/31/15,1.3
11/1/15,0
11/2/15,0
11/3/15,0
11/4/15,0
11/5/15,6.31
11/6/15,2.93
11/7/15,0
11/8/15,0
11/9/15,0.56
11/10/15,0
11/11/15,0.61
11/12/15,0.89
11/13/15,0.31
11/14/15,0
11/15/15,0
11/16/15,3.61
11/17/15,10.74
11/18/15,1.15
11/19/15,0
11/20/15,0
11/21/15,0
11/22/15,0
11/23/15,0
11/24/15,0
11/25/15,0
11/26/15,0
11/27/15,2.91
11/28/15,0
11/29/15,0
11/30/15,0
12/1/15,0
12/2/15,0
12/3/15,0
12/4/15,0
12/5/15,1
12/6/15,0
12/7/15,0
12/8/15,0
12/9/15,0
12/10/15,0
12/11/15,0.29
12/12/15,0
12/13/15,5.8
12/14/15,0
12/15/15,3.03
12/16/15,1.86
12/17/15,0
12/18/15,0
12/19/15,0
12/20/15,0.58
12/21/15,1.5
12/22/15,0.52
12/23/15,9.93
12/24/15,3.19
12/25/15,1.04
12/26/15,0
12/27/15,1.83
12/28/15,0.93
12/29/15,0
12/30/15,0.45
12/31/15,0.46
1/1/16,0
1/2/16,0
1/3/16,1.24
1/4/16,0
1/5/16,1.76
1/6/16,0.46
1/7/16,9.45
1/8/16,4.3
1/9/16,2.38
1/10/16,0
1/11/16,0.39
1/12/16,0.29
1/13/16,0.54
1/14/16,0
1/15/16,0
1/16/16,0.66
1/17/16,0.6
1/18/16,0
1/19/16,0.37
1/20/16,0.44
1/21/16,0.87
1/22/16,0.43
1/23/16,0
1/24/16,0
1/25/16,0.93
1/26/16,0
1/27/16,0
1/28/16,0.74
1/29/16,0.29
1/30/16,0.35
1/31/16,0.27
2/1/16,5.27
2/2/16,5.4
2/3/16,0.65
2/4/16,0
2/5/16,0
2/6/16,0
2/7/16,0
2/8/16,0
2/9/16,0
2/10/16,0
2/11/16,0
2/12/16,0
2/13/16,0
2/14/16,0
2/15/16,0
2/16/16,0
2/17/16,0
2/18/16,0
2/19/16,0
2/20/16,0
2/21/16,0
2/22/16,0
2/23/16,1.83
2/24/16,0
2/25/16,0
2/26/16,0
2/27/16,0
2/28/16,0
2/29/16,0
3/1/16,0
3/2/16,0
3/3/16,0
3/4/16,0
3/5/16,0
3/6/16,0
3/7/16,0
3/8/16,0
3/9/16,0
3/10/16,0
3/11/16,0
3/12/16,0
3/13/16,0
3/14/16,0
3/15/16,0
3/16/16,0
3/17/16,0
3/18/16,0
3/19/16,0
3/20/16,0
3/21/16,0
3/22/16,0
3/23/16,0
3/24/16,0
3/25/16,0
3/26/16,0
3/27/16,0
3/28/16,3.09
3/29/16,0
3/30/16,0
3/31/16,0
4/1/16,1.23
4/2/16,0.28
4/3/16,0
4/4/16,0
4/5/16,0
4/6/16,0
4/7/16,0
4/8/16,0
4/9/16,1.46
4/10/16,0
4/11/16,0.26
4/12/16,0
4/13/16,0.73
4/14/16,0
4/15/16,0
4/16/16,7
4/17/16,4.41
4/18/16,8.89
4/19/16,5.94
4/20/16,0
4/21/16,0
4/22/16,0
4/23/16,0.29
4/24/16,0
4/25/16,0
4/26/16,0
4/27/16,0
4/28/16,0
4/29/16,4.04
4/30/16,3.72
5/1/16,5.39
5/2/16,3.89
5/3/16,0
5/4/16,0
5/5/16,0
5/6/16,0
5/7/16,0
5/8/16,0
5/9/16,0.9
5/10/16,0.9
5/11/16,0
5/12/16,0
5/13/16,0
5/14/16,0
5/15/16,1.92
5/16/16,3.43
5/17/16,0.26
5/18/16,8.01
5/19/16,4.31
5/20/16,0.55
5/21/16,0
5/22/16,0
5/23/16,0
5/24/16,0
5/25/16,0
5/26/16,0
5/27/16,0
5/28/16,0
5/29/16,0
5/30/16,0
5/31/16,0
6/1/16,0
6/2/16,1.49
6/3/16,0
6/4/16,0.44
6/5/16,1.4
6/6/16,1.45
6/7/16,2.45
6/8/16,0
6/9/16,0
6/10/16,0.43
6/11/16,0
6/12/16,0.46
6/13/16,0
6/14/16,0
6/15/16,0
6/16/16,0
6/17/16,0
6/18/16,0
6/19/16,0
6/20/16,0
6/21/16,0
6/22/16,1.17
6/23/16,0
6/24/16,3.74
6/25/16,0
6/26/16,0
6/27/16,1.54
6/28/16,0
6/29/16,2.07
6/30/16,1.33
7/1/16,8
7/2/16,9.76
7/3/16,5.19
7/4/16,0
7/5/16,0
7/6/16,0
7/7/16,0
7/8/16,0
7/9/16,0
7/10/16,0
7/11/16,0
7/12/16,0
7/13/16,0
7/14/16,0
7/15/16,0
7/16/16,0
7/17/16,0
7/18/16,0
7/19/16,1.08
7/20/16,2.37
7/21/16,0
7/22/16,2.26
7/23/16,0
7/24/16,0.61
7/25/16,2.5
7/26/16,0.52
7/27/16,0.34
7/28/16,0
7/29/16,2.07
7/30/16,0.88
7/31/16,2.58
8/1/16,3.46
8/2/16,9
8/3/16,4.41
8/4/16,0.64
8/5/16,17.66
8/6/16,7.58
8/7/16,1.61
8/8/16,9.28
8/9/16,0.76
8/10/16,0.29
8/11/16,5.51
8/12/16,0.45
8/13/16,0
8/14/16,0
8/15/16,4.55
8/16/16,0.49
8/17/16,0.29
8/18/16,1.22
8/19/16,18.08
8/20/16,1.56
8/21/16,1.34
8/22/16,1.31
8/23/16,7.59
8/24/16,1.4
8/25/16,0.9
8/26/16,2.54
8/27/16,0
8/28/16,1.33
8/29/16,0.83
8/30/16,1.57
8/31/16,0
9/1/16,0.94
9/2/16,0.61
9/3/16,5.68
9/4/16,1.02
9/5/16,0
9/6/16,2.26
9/7/16,0.9
9/8/16,0
9/9/16,0
9/10/16,0.72
9/11/16,0
9/12/16,0
9/13/16,2.25
9/14/16,1.79
9/15/16,1.99
9/16/16,0
9/17/16,0
9/18/16,0
9/19/16,0
9/20/16,0.52
9/21/16,0
9/22/16,11.89
9/23/16,6.44
9/24/16,4.71
9/25/16,0
9/26/16,0
9/27/16,0
9/28/16,0
9/29/16,0
9/30/16,0
10/1/16,0
10/2/16,0
10/3/16,0.58
10/4/16,1.45
10/5/16,0
10/6/16,0
10/7/16,0
10/8/16,0
10/9/16,0
10/10/16,2.01
10/11/16,0
10/12/16,0
10/13/16,0
10/14/16,0
10/15/16,0
10/16/16,0
10/17/16,0
10/18/16,0
10/19/16,0
10/20/16,0.42
10/21/16,0
10/22/16,0
10/23/16,0
10/24/16,0
10/25/16,0
10/26/16,0.69
10/27/16,0
10/28/16,0
10/29/16,0
10/30/16,0
10/31/16,0
11/1/16,0
11/2/16,0
11/3/16,0
11/4/16,0
11/5/16,7.74
11/6/16,4.58
11/7/16,0.82
11/8/16,0
11/9/16,0
11/10/16,0
11/11/16,0
11/12/16,0
11/13/16,0
11/14/16,0
11/15/16,0
11/16/16,0
11/17/16,0
11/18/16,0
11/19/16,0
11/20/16,0
11/21/16,0.52
11/22/16,14.03
11/23/16,1.52
11/24/16,0
11/25/16,0
11/26/16,0
11/27/16,3.96
11/28/16,3.65
11/29/16,4.21
11/30/16,2.94
12/1/16,0
12/2/16,0
12/3/16,1.09
12/4/16,0
12/5/16,0
12/6/16,0
12/7/16,0
12/8/16,0
12/9/16,0.56
12/10/16,0
12/11/16,0.6
12/12/16,1.58
12/13/16,0
12/14/16,0
12/15/16,0
12/16/16,2.97
12/17/16,16.05
12/18/16,3.12
12/19/16,0
12/20/16,0
12/21/16,0.75
12/22/16,2.36
12/23/16,18.61
12/24/16,0
12/25/16,5.52
12/26/16,0.67
12/27/16,0.85
12/28/16,0
12/29/16,0
12/30/16,0
12/31/16,0
1/1/17,0.93
1/2/17,1.39
1/3/17,0
1/4/17,0
1/5/17,1.92
1/6/17,9.31
1/7/17,0.43
1/8/17,0.79
1/9/17,0
1/10/17,1.41
1/11/17,0
1/12/17,0
1/13/17,0
1/14/17,0
1/15/17,5.74
1/16/17,13.72
1/17/17,5.58
1/18/17,0
1/19/17,0
1/20/17,1
1/21/17,5.09
1/22/17,6.43
1/23/17,1.62
1/24/17,6.56
1/25/17,2.54
1/26/17,0.89
1/27/17,0.32
1/28/17,0
1/29/17,0.49
1/30/17,0
1/31/17,0
2/1/17,0
2/2/17,0
2/3/17,0
2/4/17,0
2/5/17,0
2/6/17,0
2/7/17,0
2/8/17,0
2/9/17,0
2/10/17,0
2/11/17,0
2/12/17,0
2/13/17,4.57
2/14/17,0.46
2/15/17,0
2/16/17,0
2/17/17,0
2/18/17,0
2/19/17,0
2/20/17,1.04
2/21/17,0
2/22/17,0
2/23/17,0
2/24/17,0
2/25/17,0
2/26/17,0
2/27/17,0
2/28/17,9.01
3/1/17,6.11
3/2/17,0
3/3/17,0
3/4/17,0
3/5/17,0
3/6/17,0
3/7/17,0
3/8/17,0
3/9/17,0
3/10/17,0
3/11/17,0
3/12/17,0
3/13/17,0
3/14/17,0
3/15/17,0
3/16/17,0
3/17/17,0
3/18/17,0
3/19/17,0
3/20/17,0
3/21/17,0
3/22/17,0
3/23/17,0
3/24/17,11.4
3/25/17,0.8
3/26/17,1.65
3/27/17,0.59
3/28/17,1.8
3/29/17,6.44
3/30/17,0.65
3/31/17,0
4/1/17,2.04
4/2/17,4.73
4/3/17,0
4/4/17,1.94
4/5/17,6.33
4/6/17,0
4/7/17,0
4/8/17,0
4/9/17,0
4/10/17,0
4/11/17,0
4/12/17,0
4/13/17,0
4/14/17,0
4/15/17,0
4/16/17,0
4/17/17,0
4/18/17,0
4/19/17,0
4/20/17,0
4/21/17,0
4/22/17,0
4/23/17,0
4/24/17,0
4/25/17,0
4/26/17,3.71
4/27/17,1.92
4/28/17,6.49
4/29/17,4.64
4/30/17,2.15
5/1/17,0
5/2/17,0
5/3/17,0
5/4/17,0
5/5/17,0
5/6/17,0
5/7/17,0
5/8/17,0
5/9/17,1.91
5/10/17,9.3
5/11/17,5.2
5/12/17,0
5/13/17,0
5/14/17,0
5/15/17,0
5/16/17,0
5/17/17,1.64
5/18/17,0
5/19/17,0
5/20/17,0.86
5/21/17,0
5/22/17,0
5/23/17,0
5/24/17,0
5/25/17,0
5/26/17,0
5/27/17,0
5/28/17,0
5/29/17,0
5/30/17,0.89
5/31/17,0
6/1/17,1.96
6/2/17,0.96
6/3/17,0.28
6/4/17,0
6/5/17,0
6/6/17,0.45
6/7/17,0.92
6/8/17,0.34
6/9/17,0
6/10/17,0
6/11/17,0
6/12/17,0
6/13/17,0
6/14/17,0
6/15/17,0
6/16/17,0
6/17/17,0
6/18/17,0
6/19/17,0
6/20/17,0
6/21/17,0
6/22/17,0
6/23/17,0
6/24/17,0
6/25/17,0
6/26/17,0.44
6/27/17,0
6/28/17,0
6/29/17,0
6/30/17,0
7/1/17,0
7/2/17,0
7/3/17,0
7/4/17,0
7/5/17,0
7/6/17,0
7/7/17,1.58
7/8/17,0
7/9/17,0
7/10/17,0
7/11/17,0
7/12/17,0
7/13/17,4.2
7/14/17,3.07
7/15/17,3.36
7/16/17,3.19
7/17/17,3.67
7/18/17,3.31
7/19/17,5.38
7/20/17,0.26
7/21/17,0
7/22/17,0.46
7/23/17,9.58
7/24/17,0.25
7/25/17,4.62
7/26/17,4.08
7/27/17,4.05
7/28/17,1.92
7/29/17,4.17
7/30/17,2.83
7/31/17,10.01
8/1/17,4.44
8/2/17,0
8/3/17,2.58
8/4/17,1.98
8/5/17,4.51
8/6/17,2.59
8/7/17,4.46
8/8/17,2.08
8/9/17,1.66
8/10/17,0.47
8/11/17,0
8/12/17,3.07
8/13/17,1.01
8/14/17,0
8/15/17,0
8/16/17,0
8/17/17,0
8/18/17,0
8/19/17,0
8/20/17,0
8/21/17,2.28
8/22/17,6.1
8/23/17,2.58
8/24/17,1.52
8/25/17,2.63
8/26/17,0
8/27/17,0
8/28/17,1.73
8/29/17,0
8/30/17,2.11
8/31/17,0
9/1/17,0.35
9/2/17,3.3
9/3/17,0
9/4/17,0
9/5/17,0
9/6/17,0
9/7/17,0
9/8/17,6.57
9/9/17,0
9/10/17,1.28
9/11/17,0
9/12/17,0
9/13/17,0
9/14/17,0
9/15/17,3.46
9/16/17,0
9/17/17,0
9/18/17,2.19
9/19/17,0
9/20/17,0
9/21/17,0
9/22/17,0
9/23/17,0
9/24/17,6.26
9/25/17,0
9/26/17,0
9/27/17,6.04
9/28/17,36.64
9/29/17,8.58
9/30/17,6.04
10/1/17,13.17
10/2/17,0
10/3/17,0
10/4/17,0
10/5/17,6.82
10/6/17,10.12
10/7/17,0.43
10/8/17,0
10/9/17,0
10/10/17,0
10/11/17,0
10/12/17,0
10/13/17,0
10/14/17,0
10/15/17,0
10/16/17,0
10/17/17,0
10/18/17,0
10/19/17,0
10/20/17,0
10/21/17,0
10/22/17,0
10/23/17,0
10/24/17,0
10/25/17,0
10/26/17,0
10/27/17,0
10/28/17,0
10/29/17,0
10/30/17,0
10/31/17,0
11/1/17,0.9
11/2/17,0
11/3/17,0
11/4/17,0
11/5/17,0
11/6/17,0
11/7/17,0
11/8/17,3.46
11/9/17,0
11/10/17,0
11/11/17,0
11/12/17,0
11/13/17,0
11/14/17,0
11/15/17,0
11/16/17,0
11/17/17,0
11/18/17,1.05
11/19/17,0
11/20/17,0
11/21/17,0
11/22/17,0
11/23/17,0
11/24/17,0
11/25/17,0
11/26/17,0
11/27/17,0
11/28/17,0
11/29/17,0
11/30/17,0.37
12/1/17,0
12/2/17,0
12/3/17,0
12/4/17,0
12/5/17,0
12/6/17,0
12/7/17,0
12/8/17,0
12/9/17,0.98
12/10/17,0
12/11/17,0
12/12/17,0
12/13/17,0
12/14/17,0
12/15/17,0
12/16/17,0
12/17/17,0
12/18/17,0
12/19/17,0
12/20/17,0
12/21/17,0
12/22/17,0
12/23/17,0
12/24/17,0
12/25/17,0
12/26/17,0
12/27/17,0
12/28/17,0
12/29/17,0
12/30/17,0
12/31/17,0
1/1/18,0
1/2/18,0
1/3/18,0
1/4/18,0
1/5/18,0
1/6/18,0
1/7/18,0
1/8/18,0.65
1/9/18,0
1/10/18,0
1/11/18,1.42
1/12/18,0
1/13/18,0
1/14/18,0
1/15/18,0
1/16/18,0
1/17/18,0
1/18/18,0
1/19/18,0.5
1/20/18,0
1/21/18,2.94
1/22/18,1.36
1/23/18,0
1/24/18,0
1/25/18,0.36
1/26/18,0
1/27/18,0
1/28/18,0
1/29/18,0
1/30/18,0
1/31/18,0
2/1/18,0
2/2/18,0
2/3/18,0
2/4/18,0
2/5/18,0
2/6/18,0
2/7/18,0
2/8/18,0
2/9/18,0.34
2/10/18,0
2/11/18,1.79
2/12/18,0
2/13/18,0.55
2/14/18,0
2/15/18,6.84
2/16/18,2.41
2/17/18,0
2/18/18,0
2/19/18,0.86
2/20/18,2.25
2/21/18,0
2/22/18,4.81
2/23/18,2.18
2/24/18,0.63
2/25/18,0
2/26/18,0.6
2/27/18,0
2/28/18,0
3/1/18,0
3/2/18,0
3/3/18,0
3/4/18,0
3/5/18,0
3/6/18,0
3/7/18,0
3/8/18,0
3/9/18,0
3/10/18,0
3/11/18,0
3/12/18,2.13
3/13/18,0
3/14/18,0
3/15/18,0
3/16/18,3.88
3/17/18,0.34
3/18/18,0
3/19/18,2.25
3/20/18,0
3/21/18,0
3/22/18,0
3/23/18,0
3/24/18,0.61
3/25/18,0
3/26/18,0
3/27/18,0
3/28/18,3.51
3/29/18,0
3/30/18,0
3/31/18,0
4/1/18,0
4/2/18,0
4/3/18,0
4/4/18,0
4/5/18,0
4/6/18,0
4/7/18,0
4/8/18,2.27
4/9/18,4.19
4/10/18,0
4/11/18,0
4/12/18,0
4/13/18,0
4/14/18,0
4/15/18,0
4/16/18,0
4/17/18,0
4/18/18,0
4/19/18,0
4/20/18,0
4/21/18,2.46
4/22/18,0
4/23/18,0
4/24/18,0
4/25/18,0
4/26/18,0
4/27/18,0
4/28/18,0
4/29/18,0
4/30/18,0
5/1/18,0
5/2/18,0
5/3/18,2.17
5/4/18,0
5/5/18,0
5/6/18,0
5/7/18,0
5/8/18,0
5/9/18,0
5/10/18,0
5/11/18,0
5/12/18,0
5/13/18,0
5/14/18,0
5/15/18,0
5/16/18,0
5/17/18,0
5/18/18,0
5/19/18,0
5/20/18,0
5/21/18,0
5/22/18,9.96
5/23/18,0
5/24/18,0
5/25/18,0
5/26/18,0
5/27/18,0
5/28/18,0
5/29/18,0
5/30/18,0
5/31/18,0
6/1/18,0
6/2/18,0
6/3/18,1.27
6/4/18,1.46
6/5/18,0
6/6/18,0
6/7/18,0
6/8/18,0
6/9/18,0
6/10/18,0
6/11/18,0
6/12/18,0
6/13/18,0
6/14/18,0
6/15/18,0
6/16/18,0
6/17/18,11.78
6/18/18,2.91
6/19/18,0
6/20/18,0
6/21/18,0
6/22/18,0
6/23/18,0
6/24/18,0
6/25/18,0
6/26/18,0
6/27/18,0
6/28/18,0
6/29/18,0
6/30/18,0
7/1/18,0
7/2/18,0
7/3/18,0
7/4/18,0
7/5/18,0
7/6/18,0
7/7/18,0.92
7/8/18,0
7/9/18,1.2
7/10/18,0
7/11/18,0
7/12/18,3.6
7/13/18,0
7/14/18,2.41
7/15/18,1.2
7/16/18,1.2
7/17/18,4
7/18/18,0
7/19/18,0.57
7/20/18,0.44
7/21/18,0
7/22/18,0
7/23/18,0
7/24/18,5.82
7/25/18,2.8
7/26/18,0.74
7/27/18,6.17
7/28/18,14.33
7/29/18,0
7/30/18,0.39
7/31/18,1.29
8/1/18,1.16
8/2/18,1.38
8/3/18,1.11
8/4/18,0
8/5/18,0
8/6/18,7.52
8/7/18,0
8/8/18,0
8/9/18,0
8/10/18,3.8
8/11/18,0.28
8/12/18,0
8/13/18,2.2
8/14/18,1.78
8/15/18,0.3
8/16/18,0
8/17/18,4.33
8/18/18,3.37
8/19/18,0.73
8/20/18,0
8/21/18,0
8/22/18,3.79
8/23/18,3.82
8/24/18,0
8/25/18,0
8/26/18,6.3
8/27/18,1.05
8/28/18,0.63
8/29/18,0
8/30/18,0
8/31/18,0
9/1/18,2.38
9/2/18,2.76
9/3/18,1.37
9/4/18,4.48
9/5/18,2
9/6/18,1.12
9/7/18,0.99
9/8/18,0
9/9/18,0
9/10/18,0.52
9/11/18,0
9/12/18,0
9/13/18,0
9/14/18,0
9/15/18,0
9/16/18,0
9/17/18,0
9/18/18,0
9/19/18,0
9/20/18,3.57
9/21/18,3.36
9/22/18,0
9/23/18,0
9/24/18,0
9/25/18,0
9/26/18,0
9/27/18,0
9/28/18,0
9/29/18,0
9/30/18,0
10/1/18,0.33
10/2/18,0.79
10/3/18,2.83
10/4/18,1.16
10/5/18,0
10/6/18,0.59
10/7/18,0
10/8/18,5.2
10/9/18,0.66
10/10/18,3.58
10/11/18,0.61
10/12/18,1.21
10/13/18,0
10/14/18,0
10/15/18,7.21
10/16/18,0.4
10/17/18,0
10/18/18,0
10/19/18,0
10/20/18,0
10/21/18,0
10/22/18,0
10/23/18,0.51
10/24/18,12.24
10/25/18,9.89
10/26/18,0
10/27/18,0
10/28/18,0
10/29/18,0
10/30/18,0
10/31/18,12.32
11/1/18,4.75
11/2/18,0
11/3/18,0.73
11/4/18,0
11/5/18,0
11/6/18,0
11/7/18,0
11/8/18,0
11/9/18,0
11/10/18,0
11/11/18,0.77
11/12/18,7.23
11/13/18,1.28
11/14/18,0.43
11/15/18,0
11/16/18,0
11/17/18,0
11/18/18,0
11/19/18,0
11/20/18,0
11/21/18,0
11/22/18,0
11/23/18,1.02
11/24/18,0
11/25/18,0
11/26/18,0
11/27/18,0
11/28/18,0
11/29/18,0
11/30/18,0
12/1/18,2.79
12/2/18,2.67
12/3/18,5.19
12/4/18,0
12/5/18,0
12/6/18,0
12/7/18,3.43
12/8/18,0
12/9/18,0
12/10/18,0
12/11/18,0
12/12/18,0
12/13/18,0.61
12/14/18,0.49
12/15/18,0
12/16/18,0
12/17/18,0
12/18/18,0
12/19/18,0
12/20/18,0
12/21/18,0
12/22/18,0
12/23/18,0
12/24/18,0
12/25/18,0
12/26/18,0
12/27/18,4.82
12/28/18,5.14
12/29/18,3.73
12/30/18,0
12/31/18,0
1/1/19,6.64
1/2/19,2.51
1/3/19,0
1/4/19,0
1/5/19,0
1/6/19,0
1/7/19,2.77
1/8/19,0
1/9/19,0
1/10/19,0
1/11/19,3.73
1/12/19,2.81
1/13/19,1.05
1/14/19,3.58
1/15/19,0
1/16/19,1.16
1/17/19,1.96
1/18/19,2.37
1/19/19,3.54
1/20/19,0.29
1/21/19,0
1/22/19,0.58
1/23/19,0.78
1/24/19,0
1/25/19,0
1/26/19,0
1/27/19,0
1/28/19,0
1/29/19,0
1/30/19,0
1/31/19,0
2/1/19,0
2/2/19,0.4
2/3/19,0
2/4/19,0
2/5/19,3.36
2/6/19,1.81
2/7/19,1.65
2/8/19,0.44
2/9/19,0.47
2/10/19,0.33
2/11/19,0
2/12/19,0
2/13/19,0
2/14/19,0
2/15/19,20.12
2/16/19,2.71
2/17/19,0.8
2/18/19,1.46
2/19/19,1.71
2/20/19,2.37
2/21/19,0.57
2/22/19,0.82
2/23/19,6.37
2/24/19,0
2/25/19,0.46
2/26/19,0
2/27/19,0
2/28/19,0
3/1/19,0
3/2/19,0.92
3/3/19,6.9
3/4/19,8.48
3/5/19,1.31
3/6/19,0.46
3/7/19,0
3/8/19,0
3/9/19,0.72
3/10/19,0.45
3/11/19,0
3/12/19,5.11
3/13/19,8.47
3/14/19,8.59
3/15/19,1.07
3/16/19,0.35
3/17/19,0.3
3/18/19,0
3/19/19,0
3/20/19,0
3/21/19,0
3/22/19,3.85
3/23/19,2.13
3/24/19,0
3/25/19,0.33
3/26/19,0
3/27/19,0
3/28/19,0
3/29/19,0
3/30/19,0
3/31/19,0
4/1/19,2.57
4/2/19,0
4/3/19,0
4/4/19,0.45
4/5/19,0
4/6/19,0
4/7/19,0
4/8/19,0
4/9/19,0
4/10/19,0
4/11/19,0.4
4/12/19,0
4/13/19,0
4/14/19,0
4/15/19,0
4/16/19,0
4/17/19,0
4/18/19,1.17
4/19/19,0
4/20/19,0
4/21/19,0
4/22/19,0
4/23/19,10.18
4/24/19,4.94
4/25/19,0
4/26/19,0
4/27/19,1.87
4/28/19,0
4/29/19,0
4/30/19,6.23
5/1/19,5.05
5/2/19,0
5/3/19,0
5/4/19,0
5/5/19,0
5/6/19,0
5/7/19,0
5/8/19,0
5/9/19,9.55
5/10/19,22.13
5/11/19,9.25
5/12/19,0.66
5/13/19,0
5/14/19,0
5/15/19,0
5/16/19,0
5/17/19,0
5/18/19,0
5/19/19,0
5/20/19,0
5/21/19,2.63
5/22/19,6.66
5/23/19,0
5/24/19,0
5/25/19,0
5/26/19,0
5/27/19,0
5/28/19,0
5/29/19,0
5/30/19,0
5/31/19,0.43
6/1/19,1.4
6/2/19,0
6/3/19,0
6/4/19,0.9
6/5/19,0
6/6/19,0
6/7/19,0
6/8/19,0
6/9/19,0
6/10/19,0
6/11/19,0
6/12/19,0
6/13/19,0
6/14/19,0
6/15/19,1.28
6/16/19,0.92
6/17/19,4.24
6/18/19,3.63
6/19/19,0
6/20/19,0
6/21/19,0
6/22/19,0
6/23/19,0
6/24/19,0
6/25/19,0
6/26/19,0
6/27/19,0
6/28/19,0.55
6/29/19,0
6/30/19,0
7/1/19,3.49
7/2/19,5.35
7/3/19,0.8
7/4/19,0
7/5/19,0
7/6/19,0
7/7/19,6.39
7/8/19,0.71
7/9/19,0
7/10/19,0
7/11/19,0
7/12/19,0
7/13/19,0
7/14/19,0
7/15/19,5.61
7/16/19,0
7/17/19,0.7
7/18/19,0
7/19/19,0
7/20/19,0
7/21/19,0
7/22/19,0
7/23/19,4.92
7/24/19,2.12
7/25/19,1.11
7/26/19,9.76
7/27/19,3.64
7/28/19,1.88
7/29/19,0.6
7/30/19,0.7
7/31/19,0
8/1/19,0
8/2/19,3.26
8/3/19,0.47
8/4/19,6.59
8/5/19,4.36
8/6/19,0.78
8/7/19,3
8/8/19,0
8/9/19,0.59
8/10/19,5.43
8/11/19,3.88
8/12/19,13.96
8/13/19,0
8/14/19,0
8/15/19,0
8/16/19,0
8/17/19,0.4
8/18/19,0
8/19/19,0
8/20/19,0
8/21/19,0
8/22/19,3.06
8/23/19,0
8/24/19,0
8/25/19,0
8/26/19,0
8/27/19,0
8/28/19,0
8/29/19,0
8/30/19,0
8/31/19,0
9/1/19,0
9/2/19,2.99
9/3/19,0
9/4/19,0
9/5/19,0
9/6/19,0
9/7/19,0.48
9/8/19,1.45
9/9/19,0
9/10/19,0
9/11/19,3.11
9/12/19,5.22
9/13/19,0
9/14/19,0
9/15/19,0
9/16/19,2.63
9/17/19,5.11
9/18/19,0
9/19/19,0
9/20/19,0
9/21/19,0
9/22/19,0
9/23/19,0
9/24/19,2.13
9/25/19,0
9/26/19,0
9/27/19,0
9/28/19,0
9/29/19,0
9/30/19,0
10/1/19,0
10/2/19,0
10/3/19,0
10/4/19,2.01
10/5/19,5.54
10/6/19,0
10/7/19,0
10/8/19,0
10/9/19,0
10/10/19,0
10/11/19,0
10/12/19,0
10/13/19,0
10/14/19,0
10/15/19,0
10/16/19,0
10/17/19,0
10/18/19,0
10/19/19,0
10/20/19,0
10/21/19,0
10/22/19,0
10/23/19,0
10/24/19,0
10/25/19,0
10/26/19,0
10/27/19,0
10/28/19,0
10/29/19,3.64
10/30/19,0
10/31/19,0
11/1/19,0
11/2/19,0
11/3/19,0
11/4/19,0
11/5/19,0
11/6/19,0
11/7/19,0
11/8/19,0
11/9/19,0
11/10/19,0
11/11/19,0
11/12/19,0
11/13/19,0
11/14/19,0
11/15/19,0
11/16/19,0
11/17/19,0
11/18/19,0
11/19/19,0
11/20/19,1.99
11/21/19,6.62
11/22/19,8.19
11/23/19,0
11/24/19,0
11/25/19,0
11/26/19,0.3
11/27/19,0.36
11/28/19,5.75
11/29/19,4.26
11/30/19,6.66
12/1/19,1.14
12/2/19,0.29
12/3/19,0
12/4/19,0
12/5/19,2.5
12/6/19,2.14
12/7/19,0
12/8/19,1.8
12/9/19,9.91
12/10/19,0
12/11/19,0
12/12/19,0
12/13/19,0
12/14/19,0.87
12/15/19,3.86
12/16/19,4.33
12/17/19,0.63
12/18/19,0
12/19/19,0
12/20/19,0.35
12/21/19,0
12/22/19,0
12/23/19,0
12/24/19,0
12/25/19,2.45
12/26/19,0.68
12/27/19,0
12/28/19,9.89
12/29/19,3.32
12/30/19,0
12/31/19,0
1/1/20,0
1/2/20,0
1/3/20,0.52
1/4/20,0
1/5/20,0
1/6/20,0
1/7/20,0
1/8/20,0
1/9/20,0
1/10/20,0
1/11/20,0.42
1/12/20,0
1/13/20,0.29
1/14/20,0
1/15/20,0
1/16/20,0
1/17/20,10.09
1/18/20,1.22
1/19/20,0.39
1/20/20,0
1/21/20,0.86
1/22/20,4.13
1/23/20,0
1/24/20,0
1/25/20,0
1/26/20,0
1/27/20,0
1/28/20,0
1/29/20,0
1/30/20,0
1/31/20,0
2/1/20,0
2/2/20,0
2/3/20,0
2/4/20,0.58
2/5/20,0.84
2/6/20,0
2/7/20,0
2/8/20,0
2/9/20,0
2/10/20,0
2/11/20,7.5
2/12/20,1.41
2/13/20,0
2/14/20,0
2/15/20,0
2/16/20,0
2/17/20,0
2/18/20,0
2/19/20,0
2/20/20,0.61
2/21/20,0.41
2/22/20,0
2/23/20,2.89
2/24/20,2.12
2/25/20,0
2/26/20,0
2/27/20,0
2/28/20,0
2/29/20,0
3/1/20,0
3/2/20,0
3/3/20,0
3/4/20,0
3/5/20,0
3/6/20,0
3/7/20,0
3/8/20,0
3/9/20,1.41
3/10/20,0
3/11/20,0.7
3/12/20,4.4
3/13/20,1.93
3/14/20,8.96
3/15/20,0
3/16/20,0
3/17/20,0
3/18/20,0
3/19/20,3.25
3/20/20,1.24
3/21/20,1.15
3/22/20,1.74
3/23/20,1.08
3/24/20,0
3/25/20,0
3/26/20,0
3/27/20,0
3/28/20,0.34
3/29/20,0
3/30/20,0
3/31/20,0
4/1/20,0
4/2/20,0
4/3/20,0
4/4/20,0
4/5/20,0
4/6/20,0.68
4/7/20,0
4/8/20,0
4/9/20,0
4/10/20,0
4/11/20,0
4/12/20,0
4/13/20,2.11
4/14/20,0
4/15/20,0
4/16/20,0
4/17/20,0
4/18/20,0
4/19/20,0
4/20/20,0
4/21/20,0
4/22/20,0
4/23/20,0
4/24/20,0
4/25/20,0
4/26/20,0
4/27/20,0
4/28/20,0
4/29/20,0
4/30/20,0
5/1/20,0
5/2/20,0
5/3/20,0
5/4/20,0
5/5/20,0
5/6/20,0
5/7/20,0
5/8/20,0
5/9/20,0.77
5/10/20,0
5/11/20,0
5/12/20,3.52
5/13/20,0
5/14/20,0
5/15/20,0
5/16/20,0
5/17/20,0
5/18/20,0
5/19/20,0
5/20/20,0
5/21/20,0
5/22/20,0
5/23/20,0
5/24/20,0
5/25/20,0
5/26/20,0
5/27/20,0
5/28/20,0
5/29/20,0.37
5/30/20,0.44
5/31/20,1.7
6/1/20,2.6
6/2/20,5.49
6/3/20,0
6/4/20,0
6/5/20,0
6/6/20,0.42
6/7/20,7.32
6/8/20,0
6/9/20,0
6/10/20,0
6/11/20,0
6/12/20,0
6/13/20,0
6/14/20,4.63
6/15/20,0.31
6/16/20,0
6/17/20,0
6/18/20,0
6/19/20,0.35
6/20/20,0
6/21/20,0
6/22/20,0
6/23/20,0
6/24/20,0
6/25/20,0
6/26/20,0
6/27/20,0
6/28/20,0
6/29/20,0
6/30/20,0
7/1/20,0
7/2/20,0
7/3/20,0
7/4/20,0
7/5/20,0
7/6/20,0.39
7/7/20,0
7/8/20,0
7/9/20,0
7/10/20,0
7/11/20,0
7/12/20,0
7/13/20,0
7/14/20,0
7/15/20,0
7/16/20,0.6
7/17/20,1.36
7/18/20,1.68
7/19/20,0.31
7/20/20,1.21
7/21/20,0
7/22/20,5.44
7/23/20,0.64
7/24/20,1.16
7/25/20,5.58
7/26/20,4.63
7/27/20,0.85
7/28/20,16.74
7/29/20,0
7/30/20,0
7/31/20,0
8/1/20,2.42
8/2/20,1
8/3/20,0.59
8/4/20,1.35
8/5/20,0
8/6/20,0
8/7/20,0
8/8/20,0
8/9/20,0
8/10/20,0
8/11/20,0
8/12/20,0
8/13/20,0
8/14/20,0
8/15/20,0
8/16/20,1.69
8/17/20,1.51
8/18/20,0
8/19/20,0
8/20/20,0
8/21/20,0
8/22/20,0
8/23/20,0
8/24/20,0
8/25/20,0
8/26/20,1.43
8/27/20,2.1
8/28/20,0.52
8/29/20,9.5
8/30/20,2.87
8/31/20,0
9/1/20,0
9/2/20,0
9/3/20,0
9/4/20,0
9/5/20,0
9/6/20,0
9/7/20,0
9/8/20,0
9/9/20,24.85
9/10/20,12.99
9/11/20,0.93
9/12/20,0
9/13/20,0
9/14/20,0
9/15/20,0
9/16/20,0
9/17/20,0
9/18/20,0
9/19/20,0
9/20/20,0
9/21/20,0
9/22/20,0
9/23/20,0.32
9/24/20,0
9/25/20,0
9/26/20,0
9/27/20,0
9/28/20,0
9/29/20,0
9/30/20,0
10/1/20,0.3
10/2/20,0
10/3/20,0
10/4/20,0
10/5/20,0
10/6/20,0
10/7/20,0
10/8/20,0
10/9/20,0
10/10/20,0
10/11/20,0
10/12/20,0
10/13/20,0
10/14/20,0
10/15/20,0
10/16/20,0
10/17/20,0
10/18/20,0
10/19/20,0
10/20/20,0
10/21/20,0
10/22/20,0
10/23/20,0
10/24/20,0
10/25/20,0
10/26/20,8.52
10/27/20,18.19
10/28/20,1.4
10/29/20,0
10/30/20,0
10/31/20,0
11/1/20,0
11/2/20,0
11/3/20,0
11/4/20,0
11/5/20,0
11/6/20,0
11/7/20,0
11/8/20,5.66
11/9/20,0.77
11/10/20,2.7
11/11/20,0
11/12/20,0
11/13/20,0
11/14/20,0
11/15/20,0
11/16/20,0
11/17/20,0
11/18/20,0
11/19/20,0
11/20/20,0
11/21/20,0
11/22/20,1.05
11/23/20,0
11/24/20,3.68
11/25/20,3.78
11/26/20,0
11/27/20,0
11/28/20,1.72
11/29/20,0
11/30/20,0
12/1/20,0
12/2/20,0
12/3/20,0
12/4/20,0
12/5/20,0
12/6/20,0
12/7/20,0
12/8/20,0
12/9/20,0
12/10/20,0
12/11/20,6.75
12/12/20,2.63
12/13/20,7.74
12/14/20,0
12/15/20,0.42
12/16/20,0
12/17/20,0
12/18/20,0
12/19/20,0
12/20/20,0
12/21/20,0
12/22/20,0
12/23/20,0
12/24/20,0
12/25/20,0
12/26/20,0
12/27/20,0
12/28/20,1.92
12/29/20,1.73
12/30/20,3.89
12/31/20,0
1/1/21,0
1/2/21,0
1/3/21,0
1/4/21,0
1/5/21,0
1/6/21,0
1/7/21,0
1/8/21,0
1/9/21,0
1/10/21,0.61
1/11/21,0
1/12/21,0
1/13/21,0
1/14/21,0
1/15/21,0
1/16/21,0
1/17/21,0
1/18/21,0
1/19/21,5.78
1/20/21,3.54
1/21/21,0
1/22/21,0
1/23/21,0.88
1/24/21,1.98
1/25/21,3.62
1/26/21,3.27
1/27/21,1.25
1/28/21,0
1/29/21,0
1/30/21,0.92
1/31/21,0
2/1/21,0
2/2/21,0
2/3/21,0.36
2/4/21,0
2/5/21,0
2/6/21,0
2/7/21,0
2/8/21,0
2/9/21,0
2/10/21,0
2/11/21,0
2/12/21,0
2/13/21,0
2/14/21,4.92
2/15/21,0.48
2/16/21,2.55
2/17/21,3.75
2/18/21,0.76
2/19/21,0
2/20/21,0
2/21/21,0
2/22/21,0
2/23/21,0
2/24/21,0
2/25/21,0
2/26/21,0.28
2/27/21,0
2/28/21,0
3/1/21,0
3/2/21,0
3/3/21,0
3/4/21,1.11
3/5/21,1.79
3/6/21,0
3/7/21,0
3/8/21,0
3/9/21,0
3/10/21,1.19
3/11/21,0.62
3/12/21,0
3/13/21,0
3/14/21,2.18
3/15/21,6.76
3/16/21,0
3/17/21,0.69
3/18/21,0
3/19/21,0
3/20/21,0
3/21/21,0
3/22/21,0
3/23/21,0
3/24/21,10.37
3/25/21,1.24
3/26/21,2.96
3/27/21,0
3/28/21,0
3/29/21,0
3/30/21,0
3/31/21,0
4/1/21,0
4/2/21,0
4/3/21,0.33
4/4/21,0
4/5/21,0.33
4/6/21,0
4/7/21,0
4/8/21,0.33
4/9/21,0
4/10/21,0
4/11/21,0
4/12/21,0
4/13/21,0
4/14/21,0
4/15/21,0
4/16/21,0
4/17/21,1.26
4/18/21,6.49
4/19/21,0
4/20/21,0
4/21/21,0
4/22/21,0
4/23/21,0
4/24/21,0
4/25/21,0
4/26/21,0
4/27/21,0
4/28/21,0
4/29/21,0.5
4/30/21,0
5/1/21,0
5/2/21,0
5/3/21,0
5/4/21,6.49
5/5/21,0.34
5/6/21,0
5/7/21,0
5/8/21,1.05
5/9/21,0
5/10/21,0
5/11/21,0
5/12/21,0
5/13/21,0
5/14/21,0
5/15/21,0
5/16/21,0
5/17/21,0
5/18/21,4.75
5/19/21,7.19
5/20/21,2.1
5/21/21,0
5/22/21,0
5/23/21,4.89
5/24/21,0.45
5/25/21,0
5/26/21,0
5/27/21,0
5/28/21,0
5/29/21,0
5/30/21,0
5/31/21,2.01
6/1/21,8.12
6/2/21,0.61
6/3/21,0.29
6/4/21,1.92
6/5/21,0.29
6/6/21,0
6/7/21,0.37
6/8/21,0
6/9/21,0
6/10/21,0
6/11/21,0
6/12/21,0
6/13/21,0
6/14/21,0
6/15/21,0
6/16/21,0.31
6/17/21,0
6/18/21,0.26
6/19/21,0.26
6/20/21,0
6/21/21,0
6/22/21,0
6/23/21,0.26
6/24/21,0
6/25/21,2.44
6/26/21,1.48
6/27/21,3.42
6/28/21,5.64
6/29/21,0.7
6/30/21,1.44
7/1/21,0.7
7/2/21,0.85
7/3/21,3
7/4/21,0
7/5/21,1.48
7/6/21,4.51
7/7/21,0.32
7/8/21,0.87
7/9/21,1.81
7/10/21,0.95
7/11/21,0
7/12/21,3.77
7/13/21,2.1
7/14/21,9.2
7/15/21,9.18
7/16/21,0.32
7/17/21,1.46
7/18/21,1.17
7/19/21,0.68
7/20/21,0
7/21/21,1.32
7/22/21,3.96
7/23/21,0.71
7/24/21,8.21
7/25/21,4.26
7/26/21,3.26
7/27/21,3.88
7/28/21,2.08
7/29/21,0
7/30/21,0
7/31/21,1.25
8/1/21,1.74
8/2/21,1.54
8/3/21,1.85
8/4/21,2.75
8/5/21,0
8/6/21,0.35
8/7/21,0
8/8/21,0
8/9/21,0
8/10/21,0
8/11/21,0
8/12/21,0
8/13/21,0.51
8/14/21,0.43
8/15/21,0
8/16/21,4.64
8/17/21,1.37
8/18/21,0
8/19/21,2.82
8/20/21,0
8/21/21,0
8/22/21,0
8/23/21,0
8/24/21,0
8/25/21,0
8/26/21,0
8/27/21,3.38
8/28/21,0.26
8/29/21,0
8/30/21,2
8/31/21,0
9/1/21,0.39
9/2/21,11.42
9/3/21,0
9/4/21,0
9/5/21,0
9/6/21,0
9/7/21,0
9/8/21,0
9/9/21,0
9/10/21,0
9/11/21,0
9/12/21,0
9/13/21,0
9/14/21,0
9/15/21,0
9/16/21,0
9/17/21,0
9/18/21,0
9/19/21,0.42
9/20/21,1.07
9/21/21,0.71
9/22/21,0
9/23/21,0
9/24/21,0
9/25/21,0
9/26/21,0
9/27/21,0
9/28/21,4.84
9/29/21,0.99
9/30/21,6.35
10/1/21,12.24
10/2/21,5.17
10/3/21,0.59
10/4/21,0
10/5/21,0
10/6/21,0
10/7/21,0
10/8/21,0
10/9/21,0
10/10/21,0.53
10/11/21,0.89
10/12/21,0
10/13/21,3.74
10/14/21,0.61
10/15/21,0
10/16/21,0
10/17/21,0
10/18/21,0
10/19/21,0
10/20/21,0
10/21/21,0
10/22/21,0
10/23/21,0
10/24/21,0
10/25/21,0
10/26/21,0
10/27/21,2.97
10/28/21,0
10/29/21,0
10/30/21,0
10/31/21,0
11/1/21,0
11/2/21,0
11/3/21,0
11/4/21,0.4
11/5/21,0
11/6/21,0
11/7/21,0
11/8/21,0
11/9/21,0
11/10/21,0
11/11/21,0
11/12/21,0
11/13/21,0
11/14/21,0
11/15/21,0
11/16/21,0
11/17/21,0
11/18/21,0.51
11/19/21,0
11/20/21,0
11/21/21,0
11/22/21,0
11/23/21,0
11/24/21,1.22
11/25/21,1.81
11/26/21,0
11/27/21,0
11/28/21,0
11/29/21,0
11/30/21,0
12/1/21,0
12/2/21,0
12/3/21,0
12/4/21,0
12/5/21,0
12/6/21,0
12/7/21,0.31
12/8/21,0
12/9/21,0
12/10/21,2.32
12/11/21,4.54
12/12/21,0
12/13/21,0
12/14/21,0
12/15/21,3.21
12/16/21,0
12/17/21,0
12/18/21,0
12/19/21,0
12/20/21,0
12/21/21,0
12/22/21,0
12/23/21,0
12/24/21,2.79
12/25/21,13.24
12/26/21,0.5
12/27/21,0.49
12/28/21,0
12/29/21,3.41
12/30/21,2.63
12/31/21,0.72
1/1/22,15.8
1/2/22,3.93
1/3/22,0.38
1/4/22,0
1/5/22,0.34
1/6/22,0
1/7/22,0
1/8/22,0
1/9/22,0
1/10/22,0
1/11/22,0
1/12/22,0
1/13/22,0
1/14/22,0
1/15/22,0
1/16/22,0
1/17/22,0
1/18/22,0
1/19/22,0
1/20/22,0
1/21/22,0
1/22/22,0
1/23/22,0
1/24/22,0
1/25/22,0
1/26/22,3.08
1/27/22,0
1/28/22,0
1/29/22,0
1/30/22,0
1/31/22,0
2/1/22,0
2/2/22,4.05
2/3/22,7.48
2/4/22,0
2/5/22,0
2/6/22,0
2/7/22,0.33
2/8/22,0
2/9/22,0
2/10/22,0
2/11/22,0
2/12/22,0
2/13/22,0
2/14/22,0
2/15/22,0
2/16/22,0
2/17/22,1.92
2/18/22,3.05
2/19/22,0
2/20/22,0
2/21/22,0
2/22/22,0
2/23/22,1.1
2/24/22,3.77
2/25/22,0
2/26/22,0
2/27/22,0
2/28/22,0
3/1/22,0
3/2/22,0
3/3/22,0
3/4/22,0
3/5/22,0
3/6/22,1.31
3/7/22,2.63
3/8/22,4.17
3/9/22,0.49
3/10/22,0
3/11/22,3.11
3/12/22,0
3/13/22,0
3/14/22,0
3/15/22,0
3/16/22,0
3/17/22,0
3/18/22,3.14
3/19/22,0
3/20/22,0
3/21/22,0
3/22/22,1.75
3/23/22,0.83
3/24/22,0
3/25/22,0
3/26/22,0
3/27/22,0
3/28/22,0
3/29/22,0
3/30/22,4.44
3/31/22,2.51
4/1/22,0.57
4/2/22,3.45
4/3/22,0
4/4/22,0
4/5/22,0
4/6/22,0
4/7/22,0
4/8/22,0
4/9/22,0
4/10/22,0
4/11/22,0
4/12/22,0
4/13/22,0
4/14/22,0
4/15/22,0
4/16/22,0
4/17/22,0
4/18/22,0
4/19/22,0
4/20/22,0
4/21/22,0
4/22/22,0
4/23/22,0
4/24/22,0
4/25/22,0
4/26/22,0
4/27/22,0
4/28/22,0
4/29/22,0
4/30/22,0
5/1/22,0
5/2/22,0
5/3/22,0
5/4/22,0
5/5/22,0
5/6/22,0
5/7/22,0
5/8/22,0
5/9/22,0
5/10/22,0
5/11/22,0
5/12/22,0
5/13/22,0
5/14/22,0
5/15/22,0
5/16/22,0
5/17/22,0
5/18/22,0
5/19/22,0
5/20/22,0
5/21/22,0
5/22/22,0
5/23/22,0
5/24/22,0
5/25/22,1.53
5/26/22,0
5/27/22,0
5/28/22,0
5/29/22,0
5/30/22,0
5/31/22,0
6/1/22,0
6/2/22,0
6/3/22,0
6/4/22,0
6/5/22,0
6/6/22,0
6/7/22,0
6/8/22,0
6/9/22,0
6/10/22,0
6/11/22,0
6/12/22,0
6/13/22,0
6/14/22,0
6/15/22,0
6/16/22,0
6/17/22,0
6/18/22,3.23
6/19/22,9.3
6/20/22,5.67
6/21/22,0
6/22/22,1.26
6/23/22,17.81
6/24/22,1.5
6/25/22,0
6/26/22,5.65
6/27/22,26.42
6/28/22,8.54
6/29/22,0
6/30/22,0
7/1/22,0.7
7/2/22,1.22
7/3/22,2.92
7/4/22,9.05
7/5/22,1.15
7/6/22,1.54
7/7/22,1.73
7/8/22,0
7/9/22,0
7/10/22,0.38
7/11/22,0
7/12/22,6.54
7/13/22,9.97
7/14/22,0
7/15/22,1.82
7/16/22,0
7/17/22,3.09
7/18/22,3.16
7/19/22,0
7/20/22,0
7/21/22,1.16
7/22/22,0
7/23/22,0
7/24/22,0
7/25/22,8.72
7/26/22,10.15
7/27/22,8.99
7/28/22,2.48
7/29/22,11.27
7/30/22,4.59
7/31/22,1.7
8/1/22,2.91
8/2/22,3.4
8/3/22,0
8/4/22,1.13
8/5/22,1.38
8/6/22,0.98
8/7/22,5.09
8/8/22,4.82
8/9/22,0.48
8/10/22,0
8/11/22,0.34
8/12/22,0
8/13/22,0
8/14/22,0
8/15/22,0
8/16/22,1.18
8/17/22,9.46
8/18/22,6.65
8/19/22,0
8/20/22,1.11
8/21/22,6.78
8/22/22,2.58
8/23/22,6.57
8/24/22,2.58
8/25/22,2.84
8/26/22,0.85
8/27/22,8.44
8/28/22,1.44
8/29/22,0
8/30/22,0
8/31/22,0
9/1/22,1.15
9/2/22,5.51
9/3/22,0.36
9/4/22,2.46
9/5/22,0
9/6/22,0
9/7/22,0
9/8/22,0
9/9/22,0
9/10/22,0.84
9/11/22,0.66
9/12/22,2.41
9/13/22,0
9/14/22,4.23
9/15/22,0
9/16/22,0
9/17/22,0
9/18/22,0
9/19/22,0
9/20/22,0
9/21/22,5.86
9/22/22,5.39
9/23/22,15.25
9/24/22,0
9/25/22,0
9/26/22,0.66
9/27/22,0
9/28/22,0
9/29/22,1.76
9/30/22,0
10/1/22,0
10/2/22,0.39
10/3/22,9.08
10/4/22,7.92
10/5/22,5.19
10/6/22,3.56
10/7/22,0
10/8/22,0.33
10/9/22,0
10/10/22,0
10/11/22,0
10/12/22,0
10/13/22,0
10/14/22,0
10/15/22,0
10/16/22,4.38
10/17/22,2.83
10/18/22,0.43
10/19/22,0
10/20/22,0
10/21/22,0
10/22/22,0
10/23/22,0
10/24/22,4.15
10/25/22,0
10/26/22,0
10/27/22,0
10/28/22,2.62
10/29/22,0
10/30/22,0
10/31/22,0
11/1/22,0
11/2/22,0
11/3/22,0
11/4/22,6.72
11/5/22,0
11/6/22,0
11/7/22,0
11/8/22,0
11/9/22,0
11/10/22,0
11/11/22,0
11/12/22,0
11/13/22,0
11/14/22,6.82
11/15/22,1.16
11/16/22,0
11/17/22,0
11/18/22,0
11/19/22,0
11/20/22,0
11/21/22,0
11/22/22,0
11/23/22,0
11/24/22,0
11/25/22,0
11/26/22,0
11/27/22,0
11/28/22,0
11/29/22,0
11/30/22,0
12/1/22,0.34
12/2/22,0
12/3/22,0
12/4/22,0.4
12/5/22,0.58
12/6/22,0
12/7/22,0
12/8/22,2.65
12/9/22,0
12/10/22,0
12/11/22,0
12/12/22,0
12/13/22,1.4
12/14/22,0.77
12/15/22,0
12/16/22,0
12/17/22,0
12/18/22,0
12/19/22,0
12/20/22,0
12/21/22,0
12/22/22,0
12/23/22,0
12/24/22,0
12/25/22,0
12/26/22,0
12/27/22,0
12/28/22,1.57
12/29/22,6.05
12/30/22,0.96
12/31/22,0.63
1/1/23,0.29
1/2/23,6.46
1/3/23,3.36
1/4/23,1.14
1/5/23,0
1/6/23,0
1/7/23,0.28
1/8/23,0
1/9/23,0
1/10/23,0
1/11/23,0
1/12/23,0.6
1/13/23,0
1/14/23,0
1/15/23,2.68
1/16/23,4.98
1/17/23,6.7
1/18/23,6.39
1/19/23,2
1/20/23,0
1/21/23,2.65
1/22/23,0
1/23/23,0
1/24/23,0
1/25/23,0
1/26/23,0.34
1/27/23,0
1/28/23,0
1/29/23,0
1/30/23,0
1/31/23,0
2/1/23,0
2/2/23,0
2/3/23,0
2/4/23,0
2/5/23,0
2/6/23,0
2/7/23,0
2/8/23,0
2/9/23,0
2/10/23,0.28
2/11/23,0
2/12/23,0
2/13/23,0
2/14/23,6.93
2/15/23,6.34
2/16/23,1.92
2/17/23,0
2/18/23,0
2/19/23,0
2/20/23,0
2/21/23,0
2/22/23,1.04
2/23/23,3.11
2/24/23,0.92
2/25/23,0
2/26/23,0
2/27/23,0.9
2/28/23,0
3/1/23,0
3/2/23,6.05
3/3/23,2.93
3/4/23,0
3/5/23,0
3/6/23,0
3/7/23,0
3/8/23,0
3/9/23,0
3/10/23,0
3/11/23,1.58
3/12/23,5.16
3/13/23,0.96
3/14/23,0
3/15/23,0
3/16/23,6.22
3/17/23,9.95
3/18/23,3.74
3/19/23,0
3/20/23,1.81
3/21/23,5.54
3/22/23,8.62
3/23/23,2.56
3/24/23,0.35
3/25/23,4.04
3/26/23,0
3/27/23,0.74
3/28/23,0
3/29/23,0
3/30/23,0
3/31/23,0.58
4/1/23,0
4/2/23,0
4/3/23,0
4/4/23,0.35
4/5/23,0.61
4/6/23,0
4/7/23,0.79
4/8/23,0
4/9/23,0
4/10/23,0
4/11/23,0
4/12/23,0
4/13/23,0
4/14/23,0
4/15/23,0
4/16/23,0
4/17/23,0
4/18/23,0
4/19/23,0
4/20/23,0
4/21/23,0
4/22/23,0
4/23/23,0
4/24/23,0
4/25/23,1.02
4/26/23,0.67
4/27/23,0
4/28/23,0
4/29/23,1.57
4/30/23,0
5/1/23,0
5/2/23,0
5/3/23,0.38
5/4/23,0
5/5/23,0
5/6/23,0
5/7/23,0
5/8/23,0
5/9/23,0
5/10/23,0
5/11/23,0
5/12/23,0
5/13/23,0
5/14/23,8.92
5/15/23,1.02
5/16/23,1.11
5/17/23,0.79
5/18/23,1.39
5/19/23,7.12
5/20/23,4.99
5/21/23,2.65
5/22/23,1.96
5/23/23,5.81
5/24/23,4.55
5/25/23,0.38
5/26/23,0
5/27/23,2.16
5/28/23,0
5/29/23,0
5/30/23,0
5/31/23,0
6/1/23,8.63
6/2/23,4.48
6/3/23,0.42
6/4/23,1.49
6/5/23,0.78
6/6/23,2.44
6/7/23,9.77
6/8/23,2.69
6/9/23,0
6/10/23,0
6/11/23,0
6/12/23,0.36
6/13/23,0
6/14/23,0
6/15/23,0
6/16/23,0
6/17/23,0
6/18/23,0
6/19/23,0
6/20/23,0
6/21/23,0
6/22/23,0
6/23/23,0
6/24/23,0
6/25/23,0
6/26/23,0
6/27/23,0
6/28/23,0.44
6/29/23,0
6/30/23,0.96
7/1/23,0
7/2/23,0
7/3/23,0
7/4/23,0
7/5/23,0
7/6/23,0
7/7/23,0
7/8/23,0
7/9/23,0
7/10/23,0
7/11/23,0
7/12/23,0
7/13/23,0
7/14/23,0
7/15/23,0
7/16/23,0
7/17/23,0
7/18/23,0
7/19/23,0
7/20/23,0.57
7/21/23,0.75
7/22/23,1.43
7/23/23,0.74
7/24/23,0
7/25/23,0
7/26/23,0
7/27/23,0
7/28/23,2.44
7/29/23,0.64
7/30/23,1.83
7/31/23,0
8/1/23,0
8/2/23,2.02
8/3/23,0.44
8/4/23,0
8/5/23,0
8/6/23,0
8/7/23,0
8/8/23,0
8/9/23,2.53
8/10/23,0
8/11/23,0
8/12/23,0
8/13/23,2.7
8/14/23,2.53
8/15/23,5.38
8/16/23,0.76
8/17/23,0
8/18/23,1.27
8/19/23,0
8/20/23,0
8/21/23,0
8/22/23,0.43
8/23/23,0
8/24/23,0
8/25/23,0.27
8/26/23,3.08
8/27/23,3.59
8/28/23,1.35
8/29/23,3.69
8/30/23,0
8/31/23,0
9/1/23,0
9/2/23,0
9/3/23,0
9/4/23,0
9/5/23,0
9/6/23,0
9/7/23,0
9/8/23,0
9/9/23,0
9/10/23,0
9/11/23,1.33
9/12/23,8.47
9/13/23,12.82
9/14/23,7.29
9/15/23,7.41
9/16/23,7.33
9/17/23,0
9/18/23,0
9/19/23,13.54
9/20/23,0
9/21/23,0
9/22/23,0
9/23/23,0
9/24/23,0.44
9/25/23,0
9/26/23,0
9/27/23,0
9/28/23,0
9/29/23,0
9/30/23,0
10/1/23,0
10/2/23,0.58
10/3/23,6.19
10/4/23,0
10/5/23,0
10/6/23,0
10/7/23,0
10/8/23,0
10/9/23,0
10/10/23,0
10/11/23,0
10/12/23,0
10/13/23,0
10/14/23,0
10/15/23,0
10/16/23,0
10/17/23,0
10/18/23,0
10/19/23,0
10/20/23,0
10/21/23,0
10/22/23,0
10/23/23,0
10/24/23,0
10/25/23,0
10/26/23,0
10/27/23,0
10/28/23,0
10/29/23,0
10/30/23,0
10/31/23,0
11/1/23,0
11/2/23,0
11/3/23,0
11/4/23,0
11/5/23,0
11/6/23,0
11/7/23,0
11/8/23,0
11/9/23,0
11/10/23,0
11/11/23,0
11/12/23,0
11/13/23,0
11/14/23,0
11/15/23,0
11/16/23,0
11/17/23,0
11/18/23,0
11/19/23,3.23
11/20/23,5.02
11/21/23,0
11/22/23,0
11/23/23,0
11/24/23,0
11/25/23,11.29
11/26/23,1.27
11/27/23,0
11/28/23,0
11/29/23,0
11/30/23,0
12/1/23,4.52
12/2/23,4.85
12/3/23,0
12/4/23,0
12/5/23,0
12/6/23,0
12/7/23,0
12/8/23,0
12/9/23,0
12/10/23,0
12/11/23,0
12/12/23,0
12/13/23,0
12/14/23,10.54
12/15/23,5.86
12/16/23,0
12/17/23,0
12/18/23,0
12/19/23,0
12/20/23,0
12/21/23,0.66
12/22/23,0.33
12/23/23,4.29
12/24/23,5.33
12/25/23,0
12/26/23,0
12/27/23,0
12/28/23,0
12/29/23,0
12/30/23,0
12/31/23,0
1/1/24,0
1/2/24,0
1/3/24,0
1/4/24,1
1/5/24,8.68
1/6/24,0
1/7/24,0
1/8/24,5.39
1/9/24,0.74
1/10/24,0
1/11/24,0.54
1/12/24,3.56
1/13/24,0.58
1/14/24,1.76
1/15/24,2.16
1/16/24,0
1/17/24,0
1/18/24,0.35
1/19/24,0
1/20/24,0
1/21/24,0.41
1/22/24,1.53
1/23/24,0
1/24/24,0
1/25/24,0.4
1/26/24,0.62
1/27/24,0
1/28/24,0
1/29/24,0
1/30/24,0
1/31/24,0
2/1/24,0
2/2/24,2.99
2/3/24,5.24
2/4/24,1.97
2/5/24,0
2/6/24,0
2/7/24,1.44
2/8/24,2.79
2/9/24,1.43
2/10/24,0
2/11/24,4.12
2/12/24,0
2/13/24,0
2/14/24,0
2/15/24,0
2/16/24,0
2/17/24,0
2/18/24,0
2/19/24,0
2/20/24,0
2/21/24,0
2/22/24,0
2/23/24,0
2/24/24,0
2/25/24,0
2/26/24,0
2/27/24,6.2
2/28/24,3.2
2/29/24,0
3/1/24,0
3/2/24,0
3/3/24,0
3/4/24,0
3/5/24,0
3/6/24,0
3/7/24,0
3/8/24,0
3/9/24,17.46
3/10/24,0
3/11/24,0
3/12/24,0
3/13/24,0
3/14/24,2.41
3/15/24,5.86
3/16/24,2.88
3/17/24,6.76
3/18/24,3.79
3/19/24,0
3/20/24,0
3/21/24,0
3/22/24,0
3/23/24,0
3/24/24,0
3/25/24,6.25
3/26/24,3.56
3/27/24,1.78
3/28/24,0
3/29/24,0
3/30/24,0
3/31/24,0
4/1/24,2.22
4/2/24,2.82
4/3/24,0
4/4/24,0
4/5/24,0
4/6/24,2.32
4/7/24,1.25
4/8/24,0
4/9/24,0
4/10/24,0
4/11/24,0
4/12/24,0
4/13/24,0
4/14/24,0
4/15/24,0
4/16/24,0
4/17/24,0
4/18/24,0
4/19/24,0
4/20/24,0
4/21/24,0
4/22/24,0
4/23/24,0
4/24/24,0
4/25/24,0
4/26/24,0
4/27/24,1.72
4/28/24,4.15
4/29/24,0
4/30/24,0
5/1/24,0
5/2/24,0
5/3/24,0
5/4/24,0
5/5/24,0
5/6/24,0
5/7/24,0
5/8/24,0
5/9/24,0
5/10/24,5.13
5/11/24,3.14
5/12/24,5.96
5/13/24,0.48
5/14/24,0
5/15/24,0
5/16/24,2.03
5/17/24,1.35
5/18/24,0
5/19/24,0
5/20/24,0
5/21/24,0
5/22/24,0
5/23/24,0
5/24/24,0
5/25/24,0
5/26/24,0
5/27/24,0
5/28/24,0
5/29/24,0
5/30/24,0
5/31/24,0
6/1/24,0
6/2/24,0
6/3/24,0
6/4/24,0
6/5/24,0
6/6/24,0
6/7/24,0
6/8/24,0
6/9/24,0
6/10/24,6.42
6/11/24,5.44
6/12/24,0
6/13/24,0
6/14/24,0
6/15/24,2.41
6/16/24,0
6/17/24,0
6/18/24,0
6/19/24,0
6/20/24,7.21
6/21/24,17.25
6/22/24,5.63
6/23/24,0
6/24/24,0
6/25/24,0
6/26/24,0
6/27/24,3.06
6/28/24,11.81
6/29/24,0
6/30/24,11.51