kest,chamber,set,day,temp,rh,vpd_m,vpd_max,vpd_min
1L,1,low elevation,-5,17.197916666666668,91,0.17900522753264558,0.28285910967108924,0.07241469937133813
1L,1,low elevation,-4,17.535416666666666,91.51666666666667,0.1720757866783394,0.30907242494769865,0.06566379064956727
1L,1,low elevation,-3,17.81875,90.21875,0.20200437982231248,0.288247021902447,0.060092144365923354
1L,1,low elevation,-2,17.375,90.56041666666667,0.18984818274601853,0.30553768435539275,0.0733538990772391
1L,1,low elevation,-1,17.185416666666665,90.1125,0.19664754092612485,0.3429565898595855,0.09093938990819223
1L,1,low elevation,0,18.102083333333333,86.56041666666667,0.296044041372623,0.5174143282002086,0.10708341699081528
1L,1,low elevation,1,16.38125,88.8125,0.22285561950031926,0.4757986029681604,0
1L,1,low elevation,2,16.652083333333334,85.775,0.3089406295278853,0.6765820840488364,0
1L,1,low elevation,3,16.739583333333332,81.43333333333334,0.41933426009014546,0.7892287577140793,0
1L,1,low elevation,4,16.027083333333334,80.7125,0.42718613660898064,0.9721046398332538,0
1L,1,low elevation,5,15.739583333333334,80.02916666666667,0.44462096162055564,0.7913110839545154,0.007943902018360437
1L,1,low elevation,6,15.7625,79.425,0.4607074256870984,0.7984304472114084,0.02822869280703563
1L,1,low elevation,7,15.747916666666667,81.225,0.40626358115365135,0.787842256403554,0.04643921833684915
1L,1,low elevation,8,15.716666666666667,85.88125,0.2793338313441618,0.5969561181876027,0
1L,1,low elevation,9,15.64375,85.01875,0.3100949566610582,0.6587843632275882,0
1L,1,low elevation,10,15.81875,86.775,0.266653359217052,0.5694455155882655,0
1L,1,low elevation,11,16.03125,87.2875,0.25477809508011273,0.5582537099131167,0
1L,1,low elevation,12,16.222916666666666,86.10416666666667,0.28339490829711184,0.5569979380078751,0
1L,1,low elevation,13,16.204166666666666,81.975,0.39992848202611203,0.8051451652432854,0
1L,1,low elevation,14,16.039583333333333,82.98125,0.3654495565343805,0.734665288149844,0
1L,1,low elevation,15,15.804166666666667,85.19791666666667,0.30419162082694506,0.6453304483620196,0
1L,1,low elevation,16,15.931249999999999,84.21041666666666,0.33982220910590477,0.6954607766387108,0
1L,1,low elevation,17,16.197916666666668,83.28125,0.3714098402646273,0.8186678731379265,0
1L,1,low elevation,18,16.395833333333332,83.76666666666667,0.35955585485194413,0.7402538432873982,0
1L,1,low elevation,19,16.535416666666666,86.80208333333333,0.27116814324051897,0.6438863804585232,0
1L,1,low elevation,20,16.508333333333333,85.79166666666667,0.3018821711097585,0.6944427151397949,0
1L,1,low elevation,21,16.9875,85.00208333333333,0.3347468809800515,0.8643161514258657,0
1L,1,low elevation,22,17.00208333333333,84.81458333333333,0.3367698907917694,0.7045335408890944,0
1L,1,low elevation,23,16.63125,84.20833333333333,0.3489573904571191,0.7424233767727134,0
1L,1,low elevation,24,16.466666666666665,85.55833333333334,0.31453894286695955,0.7120860971856355,0
1L,1,low elevation,25,16.7625,86.57291666666667,0.28163742443712153,0.6439578308957805,0
1L,1,low elevation,26,17.056250000000002,86.70416666666667,0.2714017000806305,0.6474441095018043,0
1L,1,low elevation,27,17.06875,87.00208333333333,0.26040840309974067,0.7748834234592552,0
1L,1,low elevation,28,16.585416666666667,86.74375,0.2709809568433878,0.6117555061019616,0
1L,1,low elevation,29,17.0125,83.79791666666667,0.3709221431223619,0.7990225873383846,0
1L,1,low elevation,30,17.120833333333334,83.57916666666667,0.3733649901283993,0.7657066786185973,0
1L,1,low elevation,31,17.289583333333333,83.89791666666666,0.3713762551585678,0.7811972154877946,0
1L,1,low elevation,32,17.316666666666666,84.08333333333333,0.36912997190315894,0.7696570995249005,0
1L,1,low elevation,33,17.54375,83.36041666666667,0.39933405750088846,1.0059823842986821,0
1L,1,low elevation,34,17.5375,80.6625,0.4864383941663187,1.152629973545399,0
1L,1,low elevation,35,17.325,82.7375,0.4075160890759948,0.8904370073616044,0
1L,1,low elevation,36,16.51875,86.38125,0.2871538699869839,0.5957484372862407,0
1L,1,low elevation,37,16.529166666666665,86.95625,0.27536867332388437,0.6621867205584356,0
1L,1,low elevation,38,16.591666666666665,84.58333333333333,0.3449274107437923,0.8438185012346667,0
1L,1,low elevation,39,17.025,86.40208333333334,0.299202580605967,0.6474267851734482,0
1L,1,low elevation,40,17.41875,83.275,0.40174030567516067,1.0325773380741952,0
1L,1,low elevation,41,17.29375,79.22291666666666,0.5268320124243482,1.1617473986417037,0
1L,1,low elevation,42,17.099999999999998,80.58958333333334,0.4668220699156963,0.9966841717481932,0
1L,1,low elevation,43,17.702083333333334,77.99375,0.5579922423826703,1.355780022080714,0
1L,1,low elevation,44,17.795833333333334,78.96666666666667,0.5263059341840896,1.2095684510720095,0
1L,1,low elevation,45,17.758333333333333,79.28541666666666,0.5310306068260555,1.2650218054492424,0
1L,1,low elevation,46,18.091666666666665,81.99791666666667,0.4643654339979227,1.1318616154019536,0
1L,1,low elevation,47,18.410416666666666,82.48333333333333,0.46039264860828133,1.1038278911814718,0
1L,1,low elevation,48,18.379166666666666,81.63958333333333,0.48349812007516013,1.1769475108852994,0
1L,1,low elevation,49,18.34375,80.88541666666667,0.5069681811390959,1.2232448589115756,0
1L,1,low elevation,50,18.31041666666667,78.6875,0.5773302125631324,1.4108835987315724,0
1L,1,low elevation,51,18.25625,77.59583333333333,0.6173033355735551,1.3806609178587297,0
1L,1,low elevation,52,18.39375,79.89166666666667,0.5418991147437208,1.2661102011038825,0
1L,1,low elevation,53,17.90625,82.40416666666667,0.43576431729148446,1.0271541913180793,0
1L,1,low elevation,54,17.395833333333332,81.33333333333333,0.4588863309800895,1.2526103236751331,0
1L,1,low elevation,55,17.2625,75.37291666666667,0.6472914244004397,1.255855428140613,0
1L,1,low elevation,56,17.329166666666666,73.08333333333333,0.7168956496221373,1.4567851227669948,0
1L,1,low elevation,57,17.51666666666667,78.12083333333334,0.5426046206501882,1.1095396241418367,0
1L,1,low elevation,58,17.552083333333332,79.88541666666667,0.48843235322619283,1.0678517191885308,0
1L,1,low elevation,59,17.491666666666667,80.92708333333333,0.4661056275092884,1.2389938724070344,0
1L,1,low elevation,60,17.858333333333334,82.68125,0.42140435962041,1.0583659414245061,0
1L,1,low elevation,61,17.460416666666667,81.88333333333334,0.439762025183719,1.0871227483964514,0
1L,1,low elevation,62,17.472916666666666,81.07708333333333,0.46173080712131487,1.1175719477050547,0
1L,1,low elevation,63,17.61875,82.34166666666667,0.43436885591627583,0.955847610769859,0
1L,1,low elevation,64,16.68958333333333,83.29375,0.3913017775745,0.9512278143976978,0
1L,1,low elevation,65,16.766666666666666,82.28333333333333,0.42971960296465705,1.08654728306007,0
1L,1,low elevation,66,17.125,80.55208333333333,0.47892872344503046,1.2434897543244932,0
1L,1,low elevation,67,17.579166666666666,80.02916666666667,0.5021411889409918,1.3085301395957876,0
1L,1,low elevation,68,17.402083333333334,82.14791666666667,0.4468488934994901,1.1947796125623071,0
1L,1,low elevation,69,17.379166666666666,78.71458333333334,0.55532691835398,1.3240026219156849,0
1L,1,low elevation,70,17.264583333333334,76.55208333333333,0.6132222830986747,1.4387440527739386,0
1L,1,low elevation,71,17.18958333333333,73.69375,0.6923091815516437,1.5296254355943824,0
1L,1,low elevation,72,17.147916666666667,70.49583333333334,0.7903098054558586,1.5823130925292301,0
1L,1,low elevation,73,17.09583333333333,69.63541666666667,0.8098605441286125,1.6129960412866373,0
1L,1,low elevation,74,17.26875,71.15208333333334,0.7639864704661854,1.5173638649257695,0.0048915829953806835
1L,1,low elevation,75,17.6375,68.43958333333333,0.8645030175598267,1.6947250276008925,0
1L,1,low elevation,76,17.662499999999998,56.545833333333334,1.1438888822125646,2.1592930987743464,0.2425559794960174
1L,1,low elevation,77,17.360416666666666,54.577083333333334,1.167305445416697,2.158015223919814,0.26393906773424874
1L,1,low elevation,78,16.4125,55.74166666666667,1.0606475009060676,1.8447133653016057,0.2589698451281018
1L,1,low elevation,79,16.370833333333334,63.05625,0.8864633757795499,1.6635830419333553,0.12700415909090845
1L,1,low elevation,80,17.133333333333333,75.49791666666667,0.6272777191983461,1.5509442949099883,0
1L,1,low elevation,81,18.40625,76.18125,0.6321840421921437,1.52549352035711,0
1L,1,low elevation,82,18.410416666666666,77.025,0.6046515147616569,1.3711757516363308,0
1L,1,low elevation,83,18.452083333333334,79.45,0.5272393656523834,1.1168757407453516,0
1L,1,low elevation,84,17.714583333333334,80.89166666666667,0.4601415490424479,1.0055805910444318,0
1L,1,low elevation,85,17.391666666666666,77.58541666666666,0.5800814204107237,1.4232893745277757,0
1L,1,low elevation,86,17.320833333333333,75.95,0.6297896940671341,1.3774522657723585,0
1L,1,low elevation,87,17.266666666666666,74.49791666666667,0.6831608210417508,1.543407656884153,0
1L,1,low elevation,88,17.09166666666667,73.0875,0.7180869102855368,1.5603952317070569,0
1L,1,low elevation,89,16.8875,68.67916666666667,0.8435137763370486,1.7054404784354762,0.0016305276651268174
1L,1,low elevation,90,16.86875,66.375,0.9078962475738698,1.7618611248863068,0.02052038690544362
1L,1,low elevation,91,17.289583333333333,62.293749999999996,1.0302418207169077,2.104950350823314,0.04289707089914641
1L,1,low elevation,92,16.989583333333332,59.75208333333333,1.0590789962174814,1.972158580483323,0.15201665074404772
1L,1,low elevation,93,16.95,63.43541666666667,0.9794400215646073,1.8118204845090689,0.1246060112197826
1L,1,low elevation,94,16.847916666666666,63.2125,0.9773640919881484,2.024945186459283,0.0031569826008375317
1L,1,low elevation,95,17.083333333333332,58.675,1.0662382637884815,1.9438175748222921,0.2102780022144223
1L,1,low elevation,96,17.245833333333334,59.9125,1.0727367674961055,1.9455974018774183,0.1435929709565403
1L,1,low elevation,97,17.335416666666667,56.6625,1.158417897173724,2.0602539551226537,0.2023355499842158
1L,1,low elevation,98,17.079166666666666,53.63125,1.1907911200648709,2.168959982529682,0.24911204809884646
1L,1,low elevation,99,16.160416666666666,53.48125,1.0962004209043315,1.8317430606125393,0.2645772291153525
1L,1,low elevation,100,16.16875,51.91458333333333,1.1409954257994188,1.922632462401216,0.25054661848044735
1L,1,low elevation,101,16.30625,50.17916666666667,1.1706147827832079,1.9802202408259582,0.2814412165454532
1L,1,low elevation,102,16.8625,52.90208333333334,1.1662497206874236,2.0010194377586887,0.2560403847272714
1L,1,low elevation,103,17.410416666666666,48.35208333333333,1.3085237956650368,2.226469779467017,0.3349397458405719
1L,1,low elevation,104,17.43125,46.93333333333333,1.3270125085236641,2.2430184188835343,0.3884547676921528
1L,1,low elevation,105,17.022916666666667,48.608333333333334,1.2573676675966388,2.116360382382743,0.3322428801818165
1L,1,low elevation,106,16.295833333333334,50.09166666666667,1.161526332627878,2.0449971050911326,0.2972542656743664
1L,1,low elevation,107,16.283333333333335,46.43541666666667,1.218316698472283,2.0089116517209655,0.3631719730451873
1L,1,low elevation,108,16.585416666666664,48.84791666666667,1.2128213697798116,2.1041924997816404,0.3413871796363619
1L,1,low elevation,109,16.579166666666666,49.00833333333333,1.222652449403655,2.1389501066515413,0.33804480008405147
1L,1,low elevation,110,16.14375,48.36875,1.1915755156301682,1.9908740467148391,0.3337280958159558
1L,1,low elevation,111,16.133333333333333,48.28125,1.179421210085163,1.9759972919890159,0.3397412146594867
1L,1,low elevation,112,16.285416666666666,42.87291666666667,1.2959921869855076,2.1837156266583864,0.42201805960565697
1L,1,low elevation,113,16.241666666666667,44.15833333333333,1.2706756394881575,2.059960228820003,0.3958636571991068
1L,1,low elevation,114,16.210416666666667,44.072916666666664,1.2774202172073483,2.111619348056866,0.3911629656250547
1L,1,low elevation,115,16.2125,43.34375,1.2841494467766355,2.105003090966213,0.4050975241969397
1L,1,low elevation,116,16.202083333333334,47.01041666666667,1.2120576559238116,2.0029059367681374,0.330210813636362
1L,1,low elevation,117,16.316666666666666,54.41041666666666,1.1031191019314601,1.9398459297634432,0.15856804456902546
1L,1,low elevation,118,16.772916666666667,68.875,0.808697304198552,1.6852439930885894,0
1L,1,low elevation,119,16.683333333333334,66.0625,0.8931769715895453,1.7293438358983841,0
1L,1,low elevation,120,16.25625,64.63125,0.9126189092143389,1.7518405840850146,0.022473919979973285
1L,1,low elevation,121,16.297916666666666,66.91041666666666,0.853723274844489,1.6259005773251387,0.016480874651980323
1L,1,low elevation,122,16.304166666666667,66.3875,0.849435354165854,1.7521330887488018,0
1L,1,low elevation,123,16.160416666666666,62.68541666666667,0.9259750581749115,2.063242645743974,0.15934764935356457
1L,1,low elevation,124,16.06041666666667,64.75208333333333,0.8876887926064012,1.6338843280028577,0.12903622563636302
1L,1,low elevation,125,16.120833333333334,70.20833333333333,0.7574504994761188,1.5280180835441763,0
1L,1,low elevation,126,15.991666666666667,69.94583333333334,0.7598019748258297,1.4924137786848946,0
1L,1,low elevation,127,15.9625,68.95,0.7871670959670262,1.5925948323493562,0
1L,1,low elevation,128,15.985416666666667,64.04583333333333,0.9184082607519152,1.8255855578226876,0.008872633050330415
1L,1,low elevation,129,16.052083333333332,59.22291666666667,1.0176516884230966,1.85275032572033,0.15029416745390137
1L,1,low elevation,130,16.047916666666666,61.743750000000006,0.9493205847963118,1.801991560306401,0.12802019236363565
1L,1,low elevation,131,16.116666666666667,59,1.0055298122071485,1.8124935938035704,0.15976768671209507
1L,1,low elevation,132,16.1875,55.36041666666667,1.083935702180983,1.9303644683953325,0.19576325736210745
1L,1,low elevation,133,16.197916666666664,54.014583333333334,1.0927178657209637,1.8729670898358468,0.21946318690908975
1L,1,low elevation,134,16.183333333333334,57.9875,1.033343852140231,1.8095278819543101,0.19406235509090805
1L,1,low elevation,135,16.12708333333333,58.58541666666667,1.0230995240949778,1.9001553217850768,0.17356330034166226
1L,1,low elevation,136,16.070833333333333,54.90208333333333,1.0881219325816593,1.9348806210378953,0.17137388704062592
1L,1,low elevation,137,16.135416666666668,49.70625,1.1668861804591686,1.93765704602505,0.31551821909196526
1L,1,low elevation,138,16.197916666666668,48.08958333333334,1.2101573253887221,2.050622541687269,0.32391755470740446
1L,1,low elevation,139,16.258333333333333,47.25,1.2454570594665562,2.1140116633954555,0.3271627138181802
1L,1,low elevation,140,16.222916666666666,45.84375,1.2713592549491584,2.137184483039424,0.3347302822898777
1L,1,low elevation,141,16.235416666666666,45.31666666666667,1.2788172197656484,2.1629748972943004,0.3350175332176271
1L,1,low elevation,142,16.289583333333333,42.78125,1.334011815309492,2.2264141051758375,0.37033564665924446
1L,1,low elevation,143,16.291666666666668,43.94583333333333,1.3151725245010486,2.1890831003058056,0.34775870645086093
1L,1,low elevation,144,16.233333333333334,46.50208333333333,1.260872413270073,2.1085984333958403,0.3129382479999984
1L,1,low elevation,145,16.297916666666666,47.9625,1.2508624564729671,2.1327657506840447,0.2987137821818167
1L,1,low elevation,146,16.283333333333335,44.545833333333334,1.3168283978479065,2.2626650811081443,0.29356376038440857
1L,1,low elevation,147,16.352083333333333,40.40208333333334,1.3773844564782933,2.2624119236001934,0.38406057709090713
1L,1,low elevation,148,16.33125,44.02708333333333,1.3158210781496582,2.1942060127640186,0.3642811129263957
1L,1,low elevation,149,16.289583333333333,41.25625,1.375305495040143,2.2989160570404503,0.3576437119999982
1L,1,low elevation,150,16.291666666666668,40.59583333333333,1.3710654654533418,2.2445395931419907,0.3713447356147192
1L,1,low elevation,151,16.327083333333334,41.95625,1.365827564485635,2.2989160570404503,0.3535795789090891
1L,1,low elevation,152,16.352083333333333,39.610416666666666,1.3953257073488947,2.2989160570404503,0.4207900944329835
1L,1,low elevation,153,16.347916666666666,38.87708333333333,1.4142665777402177,2.316278154802504,0.422808272343933
1L,1,low elevation,154,18.060416666666665,35.145833333333336,1.5691598016293202,2.4380913096272305,0.4308809839877313
1L,1,low elevation,155,21.4,24.041666666666668,1.937018648074756,2.058287218836261,1.838539232395276
1L,1,low elevation,156,21.01875,44.125,1.3941533674798796,1.9265098189909728,1.1621123178033468
1L,1,low elevation,157,21.039583333333333,50.145833333333336,1.2432169061487048,1.305984770297362,1.1225510474100413
1L,1,low elevation,158,21.141666666666666,50.364583333333336,1.245383425898617,1.335993107218742,1.1441056980958375
1L,1,low elevation,159,21.12608695652174,50.130434782608695,1.2511578265792536,1.4647631246922048,1.1052429916129705
1R,1,low elevation,-5,17.104166666666668,90.96458333333334,0.17902594328572233,0.27351532004922513,0.07039365482865298
1R,1,low elevation,-4,17.48125,91.82291666666667,0.16582465209850908,0.2919041445739015,0.05274757971762203
1R,1,low elevation,-3,18.027083333333334,90.15416666666667,0.20644686164659243,0.3389134358694596,0.08692945268417275
1R,1,low elevation,-2,18.466666666666665,88.00416666666666,0.26126673223583385,0.39560321140971005,0.10703405824178158
1R,1,low elevation,-1,18.3375,87.66875,0.26644919323187044,0.43574196873625987,0.12800686303487582
1R,1,low elevation,0,18.59583333333333,85.72083333333333,0.31202943332639277,0.5235137303457055,0.12426375633162956
1R,1,low elevation,1,16.116666666666667,90.00208333333333,0.1893114858412536,0.4652073218046529,0
1R,1,low elevation,2,16.152083333333334,87.25416666666666,0.27315342979016355,0.6783274285932442,0
1R,1,low elevation,3,16.45,82.51041666666667,0.40383630987470553,0.7874496671060706,0
1R,1,low elevation,4,16.041666666666668,80.88333333333334,0.4330079214727177,0.949757406733639,0.004735473901256186
1R,1,low elevation,5,15.997916666666667,79.25208333333333,0.4674907567954713,0.8029817989555152,0
1R,1,low elevation,6,16.010416666666668,78.525,0.48608756836393974,0.8723590275182869,0.0340200346331498
1R,1,low elevation,7,16.447916666666668,79.54583333333333,0.479777595792966,0.8360464685217254,0.0820815476217747
1R,1,low elevation,8,16.735416666666666,83.55833333333334,0.3788914645655847,0.8141276472496202,0
1R,1,low elevation,9,16.460416666666667,83.67916666666666,0.3712137792084885,0.7288274437479326,0
1R,1,low elevation,10,15.752083333333333,87.5125,0.24619061198774822,0.5303836086111314,0
1R,1,low elevation,11,16.120833333333334,87.83541666666666,0.24662561924224488,0.5775203375954482,0
1R,1,low elevation,12,16.43125,86.61666666666666,0.28457795108101025,0.564813382348136,0
1R,1,low elevation,13,16.329166666666666,83.17291666666667,0.38146242029858385,0.7763750678835688,0
1R,1,low elevation,14,16.216666666666665,83.47083333333333,0.3663879560625552,0.7488920476005106,0
1R,1,low elevation,15,15.850000000000001,85.10833333333333,0.3098651713237534,0.6427308754597947,0
1R,1,low elevation,16,16,83.92708333333333,0.3520251553336723,0.7246769620789038,0
1R,1,low elevation,17,16.202083333333334,83.08125,0.38401233393913875,0.8059215229338611,0
1R,1,low elevation,18,16.35625,83.88333333333333,0.3654221117851354,0.8172589074313493,0
1R,1,low elevation,19,16.635416666666668,86.08958333333334,0.2968521427583701,0.6237962499358345,0
1R,1,low elevation,20,16.620833333333334,85.075,0.3289052765761153,0.6727583729470767,0
1R,1,low elevation,21,16.677083333333332,84.65625,0.33958416567815547,0.6868290289261332,0
1R,1,low elevation,22,16.508333333333333,86.00833333333334,0.30449497888996663,0.6615803107645977,0
1R,1,low elevation,23,16.412499999999998,84.9625,0.3311638043466327,0.7234916716000368,0
1R,1,low elevation,24,16.489583333333332,85.54375,0.3121706447301176,0.6719831010500902,0
1R,1,low elevation,25,16.7125,86.60208333333334,0.2818722131169349,0.6179420193704716,0
1R,1,low elevation,26,16.89375,86.98541666666667,0.2774835709460236,0.6253824960927965,0
1R,1,low elevation,27,16.735416666666666,87.57916666666667,0.25313224217441554,0.7348565302947542,0
1R,1,low elevation,28,16.579166666666666,86.87083333333334,0.2813635794575229,0.6656314800527815,0
1R,1,low elevation,29,16.533333333333335,84.32083333333334,0.34525592457630205,0.716838302372473,0
1R,1,low elevation,30,16.414583333333333,84.54166666666667,0.32993852961405185,0.6835690165854362,0
1R,1,low elevation,31,16.604166666666668,84.89791666666666,0.3275665143334613,0.6806725377015999,0
1R,1,low elevation,32,16.35625,86.03541666666666,0.2940277460139764,0.6206770666883609,0
1R,1,low elevation,33,16.08125,86.9375,0.2691593039471884,0.718686553184789,0
1R,1,low elevation,34,16.058333333333334,84.30416666666666,0.34369073026103164,0.8538750115653719,0
1R,1,low elevation,35,16.197916666666668,85.65416666666667,0.30824793044491966,0.725526319916199,0
1R,1,low elevation,36,16.212500000000002,87.2125,0.26415419967727427,0.5518395980609443,0
1R,1,low elevation,37,16.225,87.74166666666667,0.2529786793988451,0.6136153586951636,0
1R,1,low elevation,38,16.335416666666667,85.31875,0.3238780479011023,0.7951628085239596,0
1R,1,low elevation,39,16.725,87.30416666666666,0.28107425363908556,0.6419083372545081,0
1R,1,low elevation,40,17.227083333333333,83.47083333333333,0.4039822233107,1.0582314334300758,0
1R,1,low elevation,41,17.087500000000002,79.39166666666667,0.526846844206427,1.1882507622204366,0
1R,1,low elevation,42,16.879166666666666,80.94583333333334,0.4610954433362838,1.0935745154492496,0
1R,1,low elevation,43,17.306250000000002,79.25416666666666,0.5102543563999663,1.2602574343576356,0
1R,1,low elevation,44,17.3875,80.29375,0.47612464627212225,1.1095396241418367,0
1R,1,low elevation,45,17.233333333333334,80.50208333333333,0.47481264084377106,1.0964099805947158,0
1R,1,low elevation,46,17.1875,82.86666666666666,0.40999396182267867,1.045803814686209,0
1R,1,low elevation,47,17.604166666666668,82.97291666666666,0.42591259809367643,1.0409792068771841,0
1R,1,low elevation,48,17.57708333333333,82.05416666666666,0.44908031806990467,1.1030957498039857,0
1R,1,low elevation,49,17.508333333333333,81.29791666666667,0.46921527177417666,1.1429651983614062,0
1R,1,low elevation,50,17.491666666666667,79.125,0.5341676211591696,1.2982234767515395,0
1R,1,low elevation,51,17.43125,78.03125,0.5711459395546352,1.269877720116091,0
1R,1,low elevation,52,17.575,80.16666666666667,0.5066329710506974,1.1980440377332426,0
1R,1,low elevation,53,17.35625,82.60416666666667,0.41647147694057296,1.0932637923150859,0
1R,1,low elevation,54,17.195833333333333,81.48125,0.442315858096092,1.1898788690571371,0
1R,1,low elevation,55,17.102083333333333,75.53125,0.6261965837884855,1.203295710952974,0
1R,1,low elevation,56,16.860416666666666,73.8,0.6706378245586011,1.3261452730659742,0
1R,1,low elevation,57,16.616666666666667,80.36875,0.47165104016080817,1.0059645821215113,0
1R,1,low elevation,58,16.645833333333336,82.11458333333333,0.4213748683987053,0.966692691528179,0
1R,1,low elevation,59,16.78333333333333,82.48333333333333,0.41602836219790185,1.1419627683452338,0
1R,1,low elevation,60,17.152083333333334,83.74791666666667,0.37978960181617527,1.0425438729022514,0
1R,1,low elevation,61,16.891666666666666,83.44375,0.374568184496776,0.9459001050704097,0
1R,1,low elevation,62,16.875,82.70208333333333,0.3935255007066469,0.9263659633119712,0
1R,1,low elevation,63,16.95,84.14583333333333,0.3588195580646738,0.7890349282314576,0
1R,1,low elevation,64,17.070833333333333,82.29166666666667,0.4311472873631566,1.0024864969181415,0
1R,1,low elevation,65,17.135416666666668,81.12291666666667,0.47285380044518144,1.1544342910146281,0
1R,1,low elevation,66,17.235416666666666,80.06458333333333,0.4968798633507869,1.1672613386925683,0
1R,1,low elevation,67,16.941666666666666,81.45416666666667,0.4551233124021539,1.281014318903353,0
1R,1,low elevation,68,16.647916666666667,83.48333333333333,0.40075099999182834,1.110779791338311,0
1R,1,low elevation,69,16.629166666666666,80.05,0.5033281099407881,1.222925364108213,0
1R,1,low elevation,70,16.935416666666665,77.13125,0.6046773952844976,1.4841651906453626,0
1R,1,low elevation,71,17.4625,73.93333333333334,0.7347751049676527,1.663400613231543,0
1R,1,low elevation,72,17.34583333333333,70.83125,0.8291020373874629,1.7275782550871925,0
1R,1,low elevation,73,17.497916666666665,69.5375,0.8709526263338108,1.769031288573766,0
1R,1,low elevation,74,17.691666666666666,70.28333333333333,0.8350978408788072,1.6878520325015474,0
1R,1,low elevation,75,17.5625,68.36041666666667,0.877757261176329,1.7448969133263048,0
1R,1,low elevation,76,17.525,56.47083333333334,1.1460070527271666,2.1550925494495403,0.23599671370544759
1R,1,low elevation,77,17.425,54.21875,1.1886951907795837,2.062454780694119,0.2709026981792963
1R,1,low elevation,78,16.541666666666668,55.48125,1.0726347299425074,1.847752431801279,0.2649502827901721
1R,1,low elevation,79,16.525,62.78958333333333,0.8998518951067558,1.6766076368691856,0.12978608353837007
1R,1,low elevation,80,16.822916666666668,76.06041666666667,0.5936468888524686,1.3611119053994098,0
1R,1,low elevation,81,17.164583333333333,79.28541666666666,0.502500722896982,1.3324452506102304,0
1R,1,low elevation,82,17.10625,80.14583333333333,0.475030652913157,1.134435760268521,0
1R,1,low elevation,83,17.145833333333332,82.79375,0.40016918618707,0.8819968561958973,0
1R,1,low elevation,84,17.310416666666665,82.40416666666667,0.429413657253285,1.1496088582257258,0
1R,1,low elevation,85,16.65833333333333,78.88958333333333,0.524485906938007,1.3242722860523595,0
1R,1,low elevation,86,16.625,77.26041666666667,0.5723417653639382,1.2718423786725415,0
1R,1,low elevation,87,16.75625,75.19791666666667,0.6452731478769648,1.5200051498359268,0
1R,1,low elevation,88,17.05,72.83333333333333,0.7281044346640402,1.586856083619534,0
1R,1,low elevation,89,17.197916666666664,67.84375,0.8831794222051339,1.7548806383610374,0.013823955926224651
1R,1,low elevation,90,17.1625,65.65416666666667,0.9457733260204966,1.8378713712365544,0.055797863374176755
1R,1,low elevation,91,17.277083333333334,62.18541666666667,1.0355454639129715,2.0925392102342273,0.07931081566714403
1R,1,low elevation,92,16.931250000000002,59.75,1.0557191622931958,1.9668350938218482,0.14729151481041033
1R,1,low elevation,93,16.891666666666666,63.47291666666667,0.9752349012053031,1.78919362256882,0.12183687449339128
1R,1,low elevation,94,16.529166666666665,63.42916666666667,0.9492905642531909,1.9077635680088119,0
1R,1,low elevation,95,16.34166666666667,59.30416666666667,1.0018812377906399,1.8440800992691733,0.19130467312521138
1R,1,low elevation,96,16.285416666666666,60.987500000000004,0.9714681142768284,1.7521330887488018,0.1318967999102767
1R,1,low elevation,97,16.335416666666667,57.7375,1.0473215204671766,1.8649611802650243,0.1905725520827039
1R,1,low elevation,98,16.45625,54.24583333333333,1.124254436060977,2.066067362276748,0.22649414310632435
1R,1,low elevation,99,16.53125,53.02916666666667,1.1384173507166984,1.908041438996749,0.27331295036363507
1R,1,low elevation,100,16.529166666666665,51.50416666666667,1.1826410746455058,1.993024966302302,0.25807245127272604
1R,1,low elevation,101,16.725,49.68541666666667,1.2244913048759347,2.1349340617916637,0.28347328309090775
1R,1,low elevation,102,16.98125,52.579166666666666,1.2098791453682127,2.1479917624754044,0.2588239695223447
1R,1,low elevation,103,17.049999999999997,48.82083333333333,1.2848718155175616,2.236379882342983,0.3180184143636347
1R,1,low elevation,104,17.0125,47.447916666666664,1.2970376979802067,2.2529873896341277,0.36272387836363457
1R,1,low elevation,105,16.745833333333334,49.1625,1.2324284621219879,2.0761371587409654,0.3208902878409801
1R,1,low elevation,106,16.3125,50.4625,1.1635128866706517,2.0882490670864677,0.29261758254545306
1R,1,low elevation,107,16.260416666666668,46.81458333333333,1.2192610225955591,2.0270573552819955,0.35396479626375993
1R,1,low elevation,108,16.522916666666667,49.014583333333334,1.2073127375279875,2.0606893941705904,0.3332589134545437
1R,1,low elevation,109,16.6625,48.80833333333333,1.2326860486525313,2.11028335836315,0.3403711463636347
1R,1,low elevation,110,16.860416666666666,47.68125,1.2892636698352202,2.1708504033916993,0.33935511309090743
1R,1,low elevation,111,16.85625,47.604166666666664,1.2758960658667557,2.1579629964884437,0.3440993338169001
1R,1,low elevation,112,16.760416666666668,42.60625,1.3613543120012164,2.24109271790809,0.40938053016694065
1R,1,low elevation,113,16.022916666666667,44.50208333333333,1.2441868562356937,2.0119145091973794,0.3884829191739936
1R,1,low elevation,114,15.989583333333334,44.458333333333336,1.2492515665270096,2.074501697922346,0.3825518822400395
1R,1,low elevation,115,15.9875,43.69583333333333,1.257043398713458,2.0491653127824536,0.3956363397057004
1R,1,low elevation,116,15.987499999999999,47.44166666666667,1.183594229325893,1.9524032944727292,0.32189937679645503
1R,1,low elevation,117,16.09166666666667,55.00208333333333,1.0750168861734157,1.8934183006820122,0.13716449181818113
1R,1,low elevation,118,16.697916666666668,69.27083333333333,0.8080364270566818,1.7079912703484161,0
1R,1,low elevation,119,16.66875,66.18124999999999,0.9016008480181239,1.75454374607541,0.08154955699810311
1R,1,low elevation,120,16.475,64.29791666666667,0.9365852495272398,1.7959868031013448,0.02460667525194301
1R,1,low elevation,121,16.485416666666666,66.50625,0.8747441732260339,1.6540065549563578,0.015279178496783384
1R,1,low elevation,122,16.431250000000002,66.14791666666667,0.8655417012440475,1.7793187353440545,0
1R,1,low elevation,123,16.097916666666666,62.55833333333334,0.92816341942764935,1.8879291293732476,0.1563410899317991
1R,1,low elevation,124,16.00625,64.56041666666667,0.8906279087344393,1.6358143698606709,0.1272776821880673
1R,1,low elevation,125,16.068749999999998,70.04375,0.7609202973595743,1.5342357881037207,0
1R,1,low elevation,126,15.916666666666666,69.82708333333333,0.7604090643570476,1.492167588277924,0
1R,1,low elevation,127,15.847916666666666,68.88541666666667,0.7837599168337637,1.5889092983234476,0
1R,1,low elevation,128,15.879166666666666,63.9125,0.9143065697553558,1.821753598633251,0.0015080901913058133
1R,1,low elevation,129,15.956249999999999,59.19166666666667,1.012238107132018,1.8363676123524013,0.15133015756219015
1R,1,low elevation,130,16.12291666666667,61.50625,0.9601133335996622,1.7915856584185317,0.12669593869221843
1R,1,low elevation,131,16.48125,58.793749999999996,1.0443410904002801,1.8880716631409746,0.1577085016608167
1R,1,low elevation,132,16.568749999999998,55.1625,1.1239721771161113,2.013400296851945,0.19539675169473453
1R,1,low elevation,133,16.54375,53.85208333333333,1.1287402823010773,1.9329424691957278,0.2230182820390164
1R,1,low elevation,134,16.5125,57.80625,1.06802435316624,1.880027780022898,0.19609442163636262
1R,1,low elevation,135,16.477083333333333,58.449999999999996,1.0591386890505246,1.9585615819419242,0.17304811138449347
1R,1,low elevation,136,16.425,54.71666666666667,1.1271477768281997,2.0029059367681374,0.17595937848949925
1R,1,low elevation,137,16.489583333333332,49.53333333333333,1.2072148403498069,2.0204434644677356,0.31700238109090756
1R,1,low elevation,138,16.545833333333334,47.854166666666664,1.2525002302100787,2.134924947140486,0.327366285561859
1R,1,low elevation,139,16.631249999999998,47.135416666666664,1.2882927323993074,2.1975159150598773,0.32919478036363475
1R,1,low elevation,140,16.58125,45.672916666666666,1.3143478722470994,2.2246536768029124,0.33804480008405147
1R,1,low elevation,141,16.5875,45.15833333333333,1.3202393259147394,2.2370300533080743,0.3375964819856671
1R,1,low elevation,142,16.629166666666666,42.62083333333334,1.3775131063126194,2.317132534479688,0.3734021694689954
1R,1,low elevation,143,16.641666666666666,43.791666666666664,1.3573242700387131,2.282688672480666,0.3535795789090891
1R,1,low elevation,144,16.604166666666668,46.38333333333333,1.3026762944220467,2.2012759077557034,0.31611306949567014
1R,1,low elevation,145,16.633333333333333,47.81041666666666,1.291664875625826,2.1981446475739745,0.29462965700567306
1R,1,low elevation,146,16.652083333333334,44.422916666666666,1.3615465288654032,2.348445136296981,0.29565267664805395
1R,1,low elevation,147,16.70625,40.27291666666667,1.423421543679515,2.351260709830287,0.388919778850535
1R,1,low elevation,148,16.681250000000002,43.90208333333334,1.3594711599335765,2.2639011113902896,0.36373991163636177
1R,1,low elevation,149,16.7,41.1875,1.4220050760923633,2.3922827788411913,0.36257699528179593
1R,1,low elevation,150,16.65833333333333,40.510416666666664,1.4150500387057325,2.3233950548431466,0.3738355022413728
1R,1,low elevation,151,16.720833333333335,41.85208333333333,1.4135984982842236,2.406591421905948,0.35498781590614087
1R,1,low elevation,152,16.720833333333335,39.46666666666667,1.443197847264767,2.400291444361692,0.4265991908727975
1R,1,low elevation,153,16.75625,38.797916666666666,1.464411420868765,2.4216251868506866,0.42368587472727065
1R,1,low elevation,154,18.179166666666667,35.12916666666667,1.583117453556861,2.417332860295026,0.432830174181816
1R,1,low elevation,155,21.45625,24.041666666666668,1.9436688728088654,2.0602968003033326,1.8335021386078918
1R,1,low elevation,156,21.058333333333334,44.2875,1.3937015422268497,1.9383291748879814,1.1546945796046022
1R,1,low elevation,157,21.09375,50.29375,1.243684365779571,1.3034037727276042,1.1132115857548792
1R,1,low elevation,158,21.1875,50.510416666666664,1.2452135689356376,1.3416306728791998,1.1441056980958375
1R,1,low elevation,159,21.18,50.36666666666667,1.2494619980037147,1.4647631246922048,1.1027704122133888
2L,2,low elevation,-5,17.4125,90.29166666666667,0.19683700824973016,0.31502443495609256,0.08468607842110712
2L,2,low elevation,-4,17.314583333333335,91.58958333333334,0.1681365972227038,0.28345279586179106,0.07995641528395983
2L,2,low elevation,-3,17.210416666666667,91.88958333333333,0.16003289844520033,0.23003381942252257,0.012490239276734157
2L,2,low elevation,-2,17.3125,90.98333333333333,0.1775719574484519,0.35041158170862735,0.08586008740747349
2L,2,low elevation,-1,17.33125,91.53958333333333,0.16717647008461006,0.37018130464560234,0.02141183876011566
2L,2,low elevation,0,18.74791666666667,90,0.21035930713525378,0.7022567564098513,0
2L,2,low elevation,1,16.84583333333333,89.925,0.20551993662557114,0.5721835689519755,0
2L,2,low elevation,2,16.272916666666667,89.40833333333333,0.2130340559801327,0.6300488699121854,0
2L,2,low elevation,3,16.441666666666666,90.3875,0.19257812955840584,0.5504953308021727,0
2L,2,low elevation,4,16.479166666666668,89.46875,0.21620399805423562,0.5435567408873624,0
2L,2,low elevation,5,16.18125,83.68958333333333,0.36864760998287954,0.7208518778489762,0
2L,2,low elevation,6,16.079166666666666,81.28958333333334,0.42582804676627395,0.854168273382398,0
2L,2,low elevation,7,16.110416666666666,82.575,0.3828400324896466,0.7710021133931119,0
2L,2,low elevation,8,15.98125,87.04791666666667,0.26080436839496224,0.633651121319413,0
2L,2,low elevation,9,16.410416666666666,88.08958333333334,0.246274493389394,0.7080974876284989,0
2L,2,low elevation,10,16.604166666666668,89.05833333333334,0.22802247046795962,0.7957572312497098,0
2L,2,low elevation,11,17.2375,86.42291666666667,0.30174518033446346,0.7410630277159258,0
2L,2,low elevation,12,17.25208333333333,86.60833333333333,0.28172771793328694,0.8778928974570565,0
2L,2,low elevation,13,17.12708333333333,82.84166666666667,0.3891792398820554,0.7764186319679864,0
2L,2,low elevation,14,16.60625,83.91458333333334,0.35269487010172856,0.8070309101437203,0
2L,2,low elevation,15,16.51875,85.83541666666666,0.31180794308352,0.755032523084944,0
2L,2,low elevation,16,16.45,85.00833333333334,0.33767095695333016,0.718977689324083,0
2L,2,low elevation,17,16.645833333333332,84.1375,0.3611471905877544,0.815913514895498,0
2L,2,low elevation,18,19.029166666666665,85.73125,0.3844409093870271,1.2127499231580852,0
2L,2,low elevation,19,26.358333333333334,79.88541666666667,0.9446474207284031,1.8898395015361815,0
2L,2,low elevation,20,26.4625,73.31041666666667,1.2447795073621484,2.300429631334221,0.18975156023671075
2L,2,low elevation,21,26.48125,73.10416666666667,1.225918773699982,2.3341767652902243,0.18405905015238383
2L,2,low elevation,22,26.443749999999998,74.28333333333333,1.1692703496588501,2.147181076100462,0.20220546602622821
2L,2,low elevation,23,26.379166666666666,66.60625,1.4790470485829186,2.9706003825906455,0.3118981249679174
2L,2,low elevation,24,26.202083333333334,67.50833333333333,1.4155619080627324,2.7655988131412537,0.2927693404194906
2L,2,low elevation,25,23.085416666666667,73.63541666666667,0.9548757735609391,2.3028721634717053,0.16185615320506366
2L,2,low elevation,26,16.020833333333332,83.40625,0.3438034090012971,0.7831811755577225,0
2L,2,low elevation,27,15.93125,84.99375,0.3076301691453725,0.6885126902648168,0
2L,2,low elevation,28,16.297916666666666,84.31875,0.33539816875102335,0.8888458130185435,0
2L,2,low elevation,29,17.139583333333334,83.375,0.3852754113709622,0.9197778755314459,0
2L,2,low elevation,30,16.979166666666668,83.48333333333333,0.3730193305547017,0.850694940874631,0
2L,2,low elevation,31,17.018749999999997,83.54375,0.3715190289339079,0.8197800910610217,0
2L,2,low elevation,32,16.766666666666666,84.87916666666666,0.331754896956049,0.7783562632309733,0
2L,2,low elevation,33,16.747916666666665,84.85208333333334,0.33422411264174046,0.9524151549857874,0
2L,2,low elevation,34,16.568749999999998,82.225,0.40193278868676813,0.9966841717481932,0
2L,2,low elevation,35,16.733333333333334,84.68958333333333,0.3419517550107153,0.7673856659779034,0
2L,2,low elevation,36,16.285416666666666,86.44791666666667,0.28565218028374545,0.7658443884877398,0
2L,2,low elevation,37,16.4125,87.01458333333333,0.2802061889987549,0.873353309422414,0
2L,2,low elevation,38,16.397916666666667,86.06666666666666,0.2981041012347444,0.8047658036789517,0
2L,2,low elevation,39,17.06875,86.07291666666667,0.3028894441062545,0.8843727230887881,0
2L,2,low elevation,40,17.354166666666668,82.275,0.42143765625018337,1.148020767175658,0
2L,2,low elevation,41,17.504166666666666,77.81041666666667,0.5691372342601355,1.319162911173554,0
2L,2,low elevation,42,17.59375,78.71666666666667,0.5420604791033284,1.276642857480176,0
2L,2,low elevation,43,17.00625,79.29375,0.4901581751997558,1.2548686917691976,0
2L,2,low elevation,44,17.079166666666666,81.04583333333333,0.44426866940202553,1.1207593392404827,0
2L,2,low elevation,45,16.852083333333333,80.60208333333334,0.44233832124703665,1.175998874614626,0
2L,2,low elevation,46,16.658333333333335,83.5625,0.3591825661793761,0.8746960357214069,0
2L,2,low elevation,47,17.216666666666665,83.71875,0.3793463466541344,1.0194062012708047,0
2L,2,low elevation,48,17.360416666666666,83.7125,0.389583236601062,1.2512767674986838,0
2L,2,low elevation,49,17.414583333333333,82.38541666666667,0.42200778370864944,1.083923491375489,0
2L,2,low elevation,50,17.341666666666665,80.33333333333333,0.48398450511096097,1.2062454608218118,0
2L,2,low elevation,51,17.28125,79.08333333333333,0.5222494576603987,1.1730155583198334,0
2L,2,low elevation,52,17.227083333333333,82.00625,0.42604530651724304,1.0550860970650806,0
2L,2,low elevation,53,17.008333333333333,84.75208333333333,0.33673997004287437,0.7279349557231128,0
2L,2,low elevation,54,16.947916666666668,86.15833333333333,0.28623040303038616,0.8462734422793249,0
2L,2,low elevation,55,17.1375,85.75625,0.32332564517270873,0.6960229267304591,0
2L,2,low elevation,56,17.114583333333332,80.84583333333333,0.455943841480822,1.0678906458393622,0
2L,2,low elevation,57,16.8125,80.65625,0.4700088515113026,0.9926094776081907,0
2L,2,low elevation,58,16.69375,82.45,0.40530537122026983,1.035152187401351,0
2L,2,low elevation,59,16.987499999999997,82.68541666666667,0.4080495493271562,1.2153343094930993,0
2L,2,low elevation,60,17.597916666666666,82.05208333333333,0.4482265723014871,1.0520465709752767,0
2L,2,low elevation,61,17.339583333333334,83.97083333333333,0.3868616086015761,1.0055764555751705,0
2L,2,low elevation,62,17.652083333333334,82.375,0.44470490232584314,1.040479214874393,0
2L,2,low elevation,63,17.2125,83.01875,0.399364877946507,0.9328795373610157,0
2L,2,low elevation,64,16.979166666666668,82.84583333333333,0.39960724303417605,0.9935721261308813,0
2L,2,low elevation,65,16.90625,81.47291666666666,0.4402083441901836,1.0968003989756483,0
2L,2,low elevation,66,16.99375,80.91458333333333,0.4605171023427434,1.1854684343301687,0
2L,2,low elevation,67,17.147916666666667,81.85833333333333,0.4363391584111961,1.2481641387238114,0
2L,2,low elevation,68,17.497916666666665,79.86041666666667,0.5128879679631069,1.3333381527043326,0
2L,2,low elevation,69,17.641666666666666,76.86458333333333,0.6117837339739645,1.4857196558705419,0
2L,2,low elevation,70,17.452083333333334,75.3125,0.6609502332919981,1.5458501557008546,0
2L,2,low elevation,71,16.704166666666666,75.48333333333333,0.6070684982125119,1.4080449811413074,0
2L,2,low elevation,72,16.760416666666664,72.79166666666667,0.7098711681639973,1.4552948127232306,0
2L,2,low elevation,73,17.083333333333332,71.6125,0.7281672388010269,1.5717322265172806,0
2L,2,low elevation,74,17.377083333333335,76.65416666666667,0.5803622007771041,1.3069707392338146,0
2L,2,low elevation,75,17.614583333333332,79.22083333333333,0.5249645242865602,1.2602574343576356,0
2L,2,low elevation,76,17.6375,71.62083333333334,0.7501744341743996,1.3360752561885996,0.07725769401462994
2L,2,low elevation,77,17.185416666666665,68.9875,0.7839864640670725,1.5065123270382161,0.189078888780968
2L,2,low elevation,78,15.977083333333333,63.675000000000004,0.839863366480508,1.6191316960646565,0.1979842478340177
2L,2,low elevation,79,16.589583333333334,65.63958333333333,0.8457777475101564,1.587038399092574,0.13228861455767624
2L,2,low elevation,80,16.38125,77.82083333333334,0.5257360246665366,1.2326009948494496,0
2L,2,low elevation,81,16.9875,82.33958333333334,0.4043842370235705,1.0806709813436535,0
2L,2,low elevation,82,17.435416666666665,83.97291666666666,0.3577485377826895,0.9275678047599213,0
2L,2,low elevation,83,17.575,83.90625,0.38161357621134884,0.9414657064282469,0
2L,2,low elevation,84,17.479166666666668,84.53958333333334,0.3674616154950462,0.9567833526019006,0
2L,2,low elevation,85,16.1875,80.8125,0.43798740822508325,1.1751358031389427,0
2L,2,low elevation,86,16.15,78.35208333333334,0.4986089582819423,1.150968485850738,0
2L,2,low elevation,87,16.71875,76.76458333333333,0.5801701446949896,1.4853766418384293,0
2L,2,low elevation,88,17.3,75.04791666666667,0.6375895368377138,1.5209350489721623,0
2L,2,low elevation,89,17.389583333333334,69.50833333333333,0.8131413463450871,1.6911807304156146,0
2L,2,low elevation,90,17.24791666666667,67.04791666666667,0.9053940760586635,1.7844457643562341,0
2L,2,low elevation,91,17.006249999999998,64.03958333333334,0.9481534634304524,1.998943207220556,0
2L,2,low elevation,92,16.56041666666667,61.606249999999996,0.9821198219467893,1.8378919110165923,0.15882626657601315
2L,2,low elevation,93,16.54375,65.02708333333334,0.9036742268204714,1.6769990164494832,0.0663967040054424
2L,2,low elevation,94,16.535416666666666,64.18541666666667,0.9186045304999156,1.9763983114579349,0
2L,2,low elevation,95,16.914583333333333,63.81666666666667,0.9307880262777559,1.872769648934905,0.15437912894486344
2L,2,low elevation,96,17.38125,71.77708333333334,0.7451945575704848,1.4882863613240096,0
2L,2,low elevation,97,17.441666666666666,66.38541666666667,0.8776975076277223,1.5366810069109498,0.19076849505329546
2L,2,low elevation,98,17.46875,63.71041666666667,0.941316211879959,1.8815826977569314,0.170788609395279
2L,2,low elevation,99,16.65625,61.708333333333336,0.9266556535272665,1.5594270162110462,0.24654773381377498
2L,2,low elevation,100,16.70625,60.225,0.9727579589500097,1.668961676861721,0.22555938654545343
2L,2,low elevation,101,16.81875,57.68541666666667,1.030713038779979,1.8849276490457527,0.2502540609577455
2L,2,low elevation,102,16.95,62.66875,0.9582399265053966,1.8835733236296486,0.13562931142830245
2L,2,low elevation,103,16.662499999999998,65.05208333333333,0.846546015923094,1.4816112968392376,0.15733578655879799
2L,2,low elevation,104,16.008333333333333,62.2875,0.8314614178119192,1.3802488547027751,0.2856584507236405
2L,2,low elevation,105,16.722916666666666,61.391666666666666,0.9222188711470668,1.8054069606700989,0.27072163571653607
2L,2,low elevation,106,16.627083333333335,60.577083333333334,0.9463546866972806,1.6442941390509227,0.24727330506392267
2L,2,low elevation,107,16.604166666666668,57.65,0.998641405946458,1.668961676861721,0.293586328230728
2L,2,low elevation,108,15.945833333333333,57.108333333333334,0.9685909471858603,1.7342252724376823,0.2784091503616728
2L,2,low elevation,109,16.297916666666666,54.43958333333333,1.0878969533529055,1.9352793887012467,0.2807357482071608
2L,2,low elevation,110,16.289583333333333,52.172916666666666,1.1520772026983535,1.9833143349522484,0.27586553711489276
2L,2,low elevation,111,16.35,51.77708333333334,1.1477710565513248,1.9771261466996675,0.28177357748060095
2L,2,low elevation,112,16.335416666666667,46.37291666666667,1.242355925264521,2.1482923425914358,0.37600178190392863
2L,2,low elevation,113,16.95625,45.50208333333333,1.3225885552758059,2.1710196132665036,0.38143562516946694
2L,2,low elevation,114,16.997916666666665,45.24791666666667,1.3366153253810116,2.232631872249978,0.37941744725851745
2L,2,low elevation,115,16.952083333333334,44.68541666666667,1.335148901278716,2.1738070713525293,0.39726900963636164
2L,2,low elevation,116,16.958333333333336,48.016666666666666,1.2641976276807094,2.103635819182211,0.3196974851810509
2L,2,low elevation,117,16.910416666666666,54.5625,1.1577020632429584,2.0266735331145695,0.1683673276188606
2L,2,low elevation,118,17.25625,70.21666666666667,0.789362260210491,1.764507822855047,0
2L,2,low elevation,119,17.24375,65.275,0.9412098749423197,1.8384929163399764,0
2L,2,low elevation,120,16.8125,64.95,0.9346125867940115,1.7957866749116438,0
2L,2,low elevation,121,16.785416666666666,66.77708333333334,0.8820138854187575,1.6667966757017938,0
2L,2,low elevation,122,16.997916666666665,66.43541666666667,0.9000349705576637,1.9258633255627164,0
2L,2,low elevation,123,16.952083333333334,63.93958333333334,0.9635229407489869,2.049083923120737,0.15140690707235974
2L,2,low elevation,124,16.8,65.19583333333333,0.9207987446626552,1.718191435283592,0.02659946495520008
2L,2,low elevation,125,16.6875,69.76458333333333,0.7817729068503954,1.6066205628625794,0
2L,2,low elevation,126,16.641666666666666,70.06666666666666,0.7823128796088413,1.540344509570692,0
2L,2,low elevation,127,16.233333333333334,68.78125,0.7880490633570449,1.5799383677163676,0.011788439432543473
2L,2,low elevation,128,16.37708333333333,64.20208333333333,0.9269702552881713,1.834388046162319,0.0050197023319650215
2L,2,low elevation,129,16.483333333333334,60.15,1.029517297201184,1.8781151346583695,0.14732698749931789
2L,2,low elevation,130,16.414583333333333,64.56666666666666,0.8947943218666299,1.8423178315047515,0.1383017334012069
2L,2,low elevation,131,15.8,62.71875,0.8813024841601929,1.6483725361783914,0.15976768671209507
2L,2,low elevation,132,16.414583333333333,58.27291666666667,1.0390734953041545,1.868018493675295,0.13521313167859259
2L,2,low elevation,133,16.383333333333333,56.28958333333333,1.0592455350537902,1.8038149120596136,0.21107149636904612
2L,2,low elevation,134,15.83125,61.34791666666667,0.9175836757184177,1.6065225655287263,0.1231713904058878
2L,2,low elevation,135,16.360416666666666,61.03333333333333,0.9877272760197895,1.834388046162319,0.16145423287596486
2L,2,low elevation,136,16.320833333333333,57.43125,1.0585714641520696,1.9389244267914738,0.13962415070419765
2L,2,low elevation,137,16.35625,52.19583333333333,1.1400170812244126,1.9169355082396236,0.28267247388680805
2L,2,low elevation,138,16.295833333333334,50.739583333333336,1.173278239031728,2.0300561044196335,0.28371936023560157
2L,2,low elevation,139,16.3625,49.822916666666664,1.2126169095161683,2.0728584921634203,0.290635078785028
2L,2,low elevation,140,15.81875,48.889583333333334,1.1632312499231119,1.9631659024624588,0.2995930092955253
2L,2,low elevation,141,16.364583333333332,47.6875,1.254306983257588,2.1431767005996427,0.3034713897873182
2L,2,low elevation,142,16.37291666666667,45.0375,1.3050451640806568,2.208320873155946,0.3230353828311015
2L,2,low elevation,143,16.412499999999998,46.31666666666667,1.286672978585108,2.162186035973022,0.3247084175506598
2L,2,low elevation,144,16.368750000000002,48.92916666666667,1.2293657086109997,2.0667438653428793,0.2875903523103124
2L,2,low elevation,145,16.391666666666666,50.358333333333334,1.2185085763635333,2.0883702964803446,0.2525509914282909
2L,2,low elevation,146,16.385416666666668,47.21041666666667,1.2825733322313961,2.2329261196535053,0.2567940079675931
2L,2,low elevation,147,16.4375,43.025,1.3397197625080521,2.2012656553947827,0.36080474681554114
2L,2,low elevation,148,16.377083333333335,46.510416666666664,1.2810186580787872,2.140119387189372,0.3170981084986134
2L,2,low elevation,149,15.76875,44.735416666666666,1.242865456376666,2.077636217474847,0.3131711969382592
2L,2,low elevation,150,16.320833333333333,43.081250000000004,1.3365622824077243,2.2134949090358655,0.3271955375231345
2L,2,low elevation,151,16.422916666666666,44.45,1.33454556935986,2.275985301024234,0.3143449574995673
2L,2,low elevation,152,16.34375,41.762499999999996,1.3646581443482644,2.268526550420735,0.3825518822400395
2L,2,low elevation,153,16.341666666666665,41.047916666666666,1.3865222782339615,2.320500878395334,0.3841956863391123
2L,2,low elevation,154,18,36.91875,1.531159303740605,2.3143824064653384,0.3911629656250547
2L,2,low elevation,155,21.429166666666667,24.3375,1.9329185358151082,2.0550072064642997,1.8234279510331235
2L,2,low elevation,156,21.041666666666668,44.8625,1.3778990928487227,1.930586182178709,1.1373865238075311
2L,2,low elevation,157,21.077083333333334,50.87708333333333,1.2278344127625274,1.290498784878816,1.0928800946150625
2L,2,low elevation,158,21.160416666666666,51.07083333333333,1.2290646647023202,1.3236738569898032,1.126148882206441
2L,2,low elevation,159,21.164444444444445,50.897777777777776,1.2349529668079895,1.454502087041121,1.0879349358158992
2R,2,low elevation,-5,16.9375,91.08958333333334,0.17488416762018608,0.27480952612510595,0.0810205943880154
2R,2,low elevation,-4,16.902083333333334,92.38541666666667,0.14836649806255195,0.24618863775398547,0.06945361721842482
2R,2,low elevation,-3,16.764583333333334,92.65416666666667,0.14052784867750387,0.2095996145422577,0.014092796211543851
2R,2,low elevation,-2,16.635416666666668,91.9375,0.1516199363927048,0.2942565810669019,0.07515903036692229
2R,2,low elevation,-1,16.658333333333335,92.56875,0.1401354004208449,0.33800241131400616,0.019377594790872765
2R,2,low elevation,0,17.683333333333334,91.725,0.15907607940286944,0.4925778777018588,0
2R,2,low elevation,1,15.608333333333334,91.96041666666666,0.14178238397002862,0.4469543027780648,0
2R,2,low elevation,2,15.220833333333333,91.3625,0.15530255327588446,0.5413351848221342,0
2R,2,low elevation,3,16.03333333333333,90.72916666666667,0.18581343129652766,0.46102717534322524,0
2R,2,low elevation,4,16.402083333333334,89.15,0.23565401728498306,0.5782773592585706,0
2R,2,low elevation,5,16.8125,80.83333333333333,0.4771973106010815,0.931631602008227,0
2R,2,low elevation,6,16.672916666666666,78.23333333333333,0.5400400866598681,0.9375105202660395,0
2R,2,low elevation,7,16.733333333333334,79.62083333333334,0.4896209802597064,0.8760652516974122,0
2R,2,low elevation,8,16.558333333333334,84.58125,0.33829043407174947,0.7791528197520443,0
2R,2,low elevation,9,16.164583333333333,87.32291666666667,0.26157155943272375,0.5499028853333094,0
2R,2,low elevation,10,16.0125,89.62291666666667,0.19764890432489565,0.5742642754969072,0
2R,2,low elevation,11,16.079166666666666,88.72083333333333,0.21570122070115022,0.49782525117268805,0
2R,2,low elevation,12,16.139583333333334,87.65833333333333,0.2347270134725315,0.6260669991010878,0
2R,2,low elevation,13,16.06875,83.34375,0.3502604389734566,0.6785761681314213,0
2R,2,low elevation,14,15.764583333333333,84.23541666666667,0.3227911793473344,0.7514257129745556,0
2R,2,low elevation,15,15.972916666666668,87.13958333333333,0.2674567258671137,0.5906994521535252,0
2R,2,low elevation,16,15.854166666666666,86.19375,0.29241644203803446,0.5949950812772501,0
2R,2,low elevation,17,15.720833333333333,85.4375,0.30599020524528453,0.7094392070005061,0
2R,2,low elevation,18,18.314583333333335,86.69583333333334,0.3319132005672239,0.925324474776037,0
2R,2,low elevation,19,25.635416666666664,81.53958333333334,0.8085353454372908,1.6426650054085923,0
2R,2,low elevation,20,25.960416666666667,74.54791666666667,1.1353148404659983,2.08442688904082,0.1842248157637969
2R,2,low elevation,21,25.93541666666667,74.13333333333334,1.1375956285276188,2.3359198540119595,0.18961246544392246
2R,2,low elevation,22,26.135416666666668,74.79375,1.0991312991546487,1.9634497178369317,0.2028013735107439
2R,2,low elevation,23,26,66.88125,1.4218986184031999,2.8297498207021983,0.31771274291303564
2R,2,low elevation,24,25.93958333333333,67.52916666666667,1.3938668024832033,2.7039292459804587,0.27195995042934246
2R,2,low elevation,25,22.672916666666666,74.1125,0.9229504710131233,2.1454772379816283,0.1402125916363629
2R,2,low elevation,26,15.268749999999999,84.36458333333333,0.3100916068263752,0.6625346573600724,0
2R,2,low elevation,27,15.166666666666666,85.92083333333333,0.2754869630930755,0.6068060296146194,0
2R,2,low elevation,28,15.458333333333334,85.48333333333333,0.2909036192797086,0.6859866712318945,0
2R,2,low elevation,29,16.352083333333333,84.53541666666666,0.33138689104334484,0.8129649609536008,0
2R,2,low elevation,30,16.2,84.76666666666667,0.3165242032339784,0.6781949742751628,0
2R,2,low elevation,31,16.164583333333333,85.06666666666666,0.3075197518721037,0.6650659851412184,0
2R,2,low elevation,32,15.964583333333334,86.16875,0.2802192501017692,0.6180510388204911,0
2R,2,low elevation,33,15.995833333333334,86.02916666666667,0.29041866558021345,0.7892287577140793,0
2R,2,low elevation,34,16.00625,83.36666666666666,0.3616326543459371,0.9432266712855557,0
2R,2,low elevation,35,16.160416666666666,85.43333333333334,0.31148835117515494,0.6982689215755686,0
2R,2,low elevation,36,15.0125,88.87916666666666,0.20473527009816192,0.4920433005167364,0
2R,2,low elevation,37,15.2875,89.35833333333333,0.2036235902075122,0.5692786382752194,0
2R,2,low elevation,38,15.660416666666666,86.69791666666667,0.27394313066089243,0.7922037432042746,0
2R,2,low elevation,39,16.35625,85.95,0.28965749932460794,0.6105638730150604,0
2R,2,low elevation,40,16.127083333333335,84.1125,0.34122943387008214,0.9107020444937021,0
2R,2,low elevation,41,16.23125,79.77708333333334,0.46858180478242534,1.1147175099184314,0
2R,2,low elevation,42,16.370833333333334,80.63333333333334,0.4468136699612558,1.1287801956587475,0
2R,2,low elevation,43,17.179166666666667,78.36041666666667,0.5494507445941361,1.4104895742548003,0
2R,2,low elevation,44,17.229166666666668,80.29791666666667,0.49407273106025706,1.2481310621103627,0
2R,2,low elevation,45,16.925,79.6125,0.4863875694020744,1.1599218944908578,0
2R,2,low elevation,46,16.4875,82.86875,0.37896735996730907,0.8861915009440418,0
2R,2,low elevation,47,16.847916666666666,83.80625,0.3693422000086644,0.8997738255026767,0
2R,2,low elevation,48,17.03125,83.69166666666666,0.38164804284372345,1.0414953215850002,0
2R,2,low elevation,49,17.052083333333332,82.24791666666667,0.4163583133950588,1.04009594831192,0
2R,2,low elevation,50,16.947916666666668,80.37083333333334,0.47417055341230413,1.21563928611849,0
2R,2,low elevation,51,16.95625,79.06458333333333,0.5147891641630745,1.1896305095708226,0
2R,2,low elevation,52,16.827083333333334,82.12916666666666,0.41262582091318467,1.0636843753536789,0
2R,2,low elevation,53,16.74375,84.42708333333333,0.34268921923136436,0.7425825903097343,0
2R,2,low elevation,54,16.810416666666665,85.46458333333334,0.305596888749223,0.7872042587760778,0
2R,2,low elevation,55,17.06875,84.99166666666666,0.34765501344920274,0.6990740984477469,0
2R,2,low elevation,56,16.9,80.45833333333333,0.46925014304913254,1.0508307451126149,0
2R,2,low elevation,57,16.0625,81.29583333333333,0.4328904357740545,0.9402417767561712,0
2R,2,low elevation,58,15.877083333333333,82.96666666666667,0.3717940747715379,0.9080220828503481,0
2R,2,low elevation,59,16.210416666666667,83.63958333333333,0.3627115722588598,1.038734495500467,0
2R,2,low elevation,60,16.604166666666668,84.25416666666666,0.3541579897610406,1.0583962274350767,0
2R,2,low elevation,61,15.91875,86.525,0.27521957686654874,0.7511986765007227,0
2R,2,low elevation,62,16.233333333333334,85.12916666666666,0.32009931612577575,0.7608719172335034,0
2R,2,low elevation,63,16.322916666666668,84.45208333333333,0.34263372080493204,0.9084260969635456,0
2R,2,low elevation,64,16.258333333333333,83.6375,0.3702483600072298,0.9706906563360855,0
2R,2,low elevation,65,16.227083333333333,82.125,0.4127860333007725,1.0708909821514234,0
2R,2,low elevation,66,16.429166666666667,81.54166666666667,0.4351244489375537,1.220090753571075,0
2R,2,low elevation,67,16.758333333333333,82.01041666666667,0.433603045810942,1.2687850652622708,0
2R,2,low elevation,68,16.575,81.75833333333333,0.43054371641209144,1.1704681006120534,0
2R,2,low elevation,69,16.76875,78.72916666666667,0.525406972558411,1.3510773587566913,0
2R,2,low elevation,70,16.73125,76.44375,0.5922147490939972,1.3821143872980686,0
2R,2,low elevation,71,16.44375,75.63958333333333,0.608527003663766,1.4458448464068459,0
2R,2,low elevation,72,16.497916666666665,72.82083333333334,0.7118435331062863,1.4710447565838716,0
2R,2,low elevation,73,16.799999999999997,71.34166666666667,0.7377694843494088,1.5014287382069995,0
2R,2,low elevation,74,16.95625,76.60625,0.5781001392258607,1.4223546300291723,0.012895737103465836
2R,2,low elevation,75,16.33125,81.49791666666667,0.4129040534182204,0.9857697408219643,0
2R,2,low elevation,76,16.370833333333334,73.63958333333333,0.6207515683670949,1.117738424579457,0.14452991163078027
2R,2,low elevation,77,16.427083333333332,69.67083333333333,0.7209090881935095,1.521031186952207,0.18728681842610542
2R,2,low elevation,78,16.15833333333333,62.422916666666666,0.9013109750855618,1.7687367028097771,0.1957242188204853
2R,2,low elevation,79,16.760416666666668,64.21458333333334,0.9148931542996545,1.7508920080388528,0.12762462571151625
2R,2,low elevation,80,16.395833333333332,76.47708333333333,0.5738547793148095,1.298041786191848,0
2R,2,low elevation,81,16.806250000000002,81.93958333333333,0.41966394726257056,1.1751930615366957,0
2R,2,low elevation,82,16.849999999999998,84.47083333333333,0.3336244185566459,0.7598059253869112,0
2R,2,low elevation,83,17.129166666666666,84.37291666666667,0.36450015442147166,0.7237029419013032,0
2R,2,low elevation,84,16.90625,85.4875,0.33334658956744173,0.6483641687898883,0
2R,2,low elevation,85,16.341666666666665,79.27916666666667,0.48577085615067694,1.2914953965725637,0
2R,2,low elevation,86,16.339583333333334,76.86875,0.5472442587741264,1.235713623624322,0
2R,2,low elevation,87,16.645833333333332,76.11458333333333,0.6004564086236207,1.4983711534592867,0
2R,2,low elevation,88,16.620833333333334,75.50833333333334,0.6122691209030704,1.5393693134000446,0
2R,2,low elevation,89,16.160416666666666,71.05625,0.7120363621559983,1.5133415263980279,0
2R,2,low elevation,90,15.98125,68.66041666666666,0.7879923080411476,1.5730394169857214,0
2R,2,low elevation,91,16.2,64.66041666666666,0.8858270893351542,1.8781151346583695,0
2R,2,low elevation,92,16.28333333333333,61.55416666666667,0.9777811751887237,1.8595505699006263,0.1530735245910412
2R,2,low elevation,93,16.28125,64.97916666666667,0.9021746561176689,1.6823837292706163,0.0643124383014064
2R,2,low elevation,94,16.045833333333334,64.26041666666667,0.8915929459771734,1.8148158738658795,0
2R,2,low elevation,95,16.1125,64.72291666666666,0.8624219191367648,1.7760122449838789,0.12129788702810697
2R,2,low elevation,96,15.972916666666666,73.99583333333334,0.6141107519159411,1.225381492240281,0
2R,2,low elevation,97,15.985416666666666,68.59791666666666,0.7326409495585644,1.2732115699995354,0.17430395917536456
2R,2,low elevation,98,16.010416666666664,65.65833333333333,0.7927613351172624,1.5932926424528597,0.15238305316158857
2R,2,low elevation,99,16.777083333333334,60.78125,0.9724802650780594,1.6744739041874839,0.24218134931394728
2R,2,low elevation,100,16.872916666666665,59.202083333333334,1.0256198970441786,1.7733393414752479,0.2229529371501585
2R,2,low elevation,101,16.75208333333333,56.89375,1.058784183530787,1.8220686093698313,0.23561469362126078
2R,2,low elevation,102,16.441666666666666,62.43333333333333,0.9346563265793719,1.8349184664933744,0.1319937714005309
2R,2,low elevation,103,16.06458333333333,64.95416666666667,0.8133455683699472,1.4353658737258914,0.16308513037738018
2R,2,low elevation,104,15.379166666666666,62.302083333333336,0.7963272617790237,1.3268669652896425,0.2720906366737074
2R,2,low elevation,105,15.79375,61.9625,0.8497654731074968,1.5720347895044595,0.2586806525059812
2R,2,low elevation,106,16.885416666666668,59.354166666666664,1.0262425369679693,1.812683035319261,0.23984768821271413
2R,2,low elevation,107,16.795833333333334,56.485416666666666,1.0722980781079756,1.8527598135840992,0.28177357748060095
2R,2,low elevation,108,16.28333333333333,55.697916666666664,1.0524047456019507,1.941394015521788,0.2672491662702607
2R,2,low elevation,109,16.560416666666665,52.94583333333333,1.1715121177453631,2.1479917624754044,0.27884731231234244
2R,2,low elevation,110,16.21875,51.202083333333334,1.181700348961736,2.054106679214426,0.27499551891577556
2R,2,low elevation,111,16.28333333333333,50.72291666666667,1.178339102842024,2.04188447631626,0.2779115446634849
2R,2,low elevation,112,15.985416666666666,45.952083333333334,1.231543334646665,2.079236021614728,0.36420364866702126
2R,2,low elevation,113,15.860416666666666,46.45625,1.217647978318877,2.0514572982915267,0.34144092062533243
2R,2,low elevation,114,15.90625,46.204166666666666,1.2322595732547215,2.1608922976799483,0.34189805151040414
2R,2,low elevation,115,15.858333333333333,45.608333333333334,1.226909280424242,2.0359139350991877,0.3615759306403305
2R,2,low elevation,116,15.760416666666668,49.106249999999996,1.1474052405700568,1.9308373573342015,0.2806896088972203
2R,2,low elevation,117,15.904166666666667,55.60208333333333,1.0629284053586325,1.9059619817949847,0.14224465818181747
2R,2,low elevation,118,16.68958333333333,71.02499999999999,0.7443156463085892,1.6863140431633026,0
2R,2,low elevation,119,16.660416666666666,65.75833333333333,0.898156693330074,1.7750721426173521,0.0035915521942062882
2R,2,low elevation,120,16.552083333333336,64.66875,0.939766286590154,1.8093933494785632,0.014458373724152034
2R,2,low elevation,121,16.522916666666667,66.40833333333333,0.8902688151754116,1.6931702934881212,0.005456646177684974
2R,2,low elevation,122,16.51875,66.3625,0.8782431105313003,1.8084373182008338,0
2R,2,low elevation,123,16.46666666666667,63.916666666666664,0.9349139565366006,1.94500255979082,0.14034091133112644
2R,2,low elevation,124,16.68958333333333,64.60000000000001,0.9454709654244202,1.8403179261115588,0.04820476785409677
2R,2,low elevation,125,16.587500000000002,69.075,0.8070666297030087,1.6675161981322406,0.0027765400845933437
2R,2,low elevation,126,16.577083333333334,69.30833333333334,0.8124938769948736,1.6193935302522806,0
2R,2,low elevation,127,15.925,68.30208333333333,0.7796649943780098,1.5507989276994534,0.01186466995368599
2R,2,low elevation,128,16.002083333333335,63.770833333333336,0.9081987311595533,1.8386352323022594,0.019253682226775114
2R,2,low elevation,129,16.127083333333335,59.766666666666666,1.010794936435246,1.8377487755653674,0.14732141166650306
2R,2,low elevation,130,16.16875,64.00416666666666,0.8886044061020749,1.8028762957483409,0.1393039198751288
2R,2,low elevation,131,15.768749999999999,61.985416666666666,0.9017192741976118,1.6813784556788103,0.16302284850075147
2R,2,low elevation,132,16.425,57.4375,1.0668174181143084,1.9391677267454726,0.14543833536288372
2R,2,low elevation,133,16.3875,55.42916666666667,1.0905286978202795,1.8931432520490508,0.21205322425913464
2R,2,low elevation,134,15.877083333333333,60.545833333333334,0.9473328203424393,1.6840215727249674,0.1263079524564514
2R,2,low elevation,135,16.429166666666667,60.09583333333333,1.0253510879718324,1.9309431173145892,0.16024742357667632
2R,2,low elevation,136,16.395833333333332,56.552083333333336,1.0950871565970468,1.996100622114497,0.1435929709565403
2R,2,low elevation,137,16.395833333333332,51.38333333333333,1.1743545247516654,2.0040065163067573,0.2817559044554244
2R,2,low elevation,138,16.366666666666667,49.99583333333333,1.2098540377588676,2.1199424436422816,0.28177357748060095
2R,2,low elevation,139,16.397916666666667,49.10208333333333,1.2430062485458295,2.1539391122116647,0.2916093159194099
2R,2,low elevation,140,15.802083333333334,48.29375,1.1830130457605406,2.001466908731087,0.30040873436710747
2R,2,low elevation,141,16.4125,47.03333333333333,1.2830851531403096,2.22767692589042,0.30127209616962886
2R,2,low elevation,142,16.395833333333332,44.44375,1.3278001008753257,2.2463123356869463,0.3351035867684068
2R,2,low elevation,143,16.422916666666666,45.66041666666667,1.3111099882277126,2.2317548315834737,0.3254714752147402
2R,2,low elevation,144,16.38125,48.291666666666664,1.2556538457102777,2.145142353819307,0.29163626391124065
2R,2,low elevation,145,16.364583333333332,49.68958333333333,1.239580316668621,2.151175744848035,0.2522722388686951
2R,2,low elevation,146,16.452083333333334,46.579166666666666,1.312133525889488,2.3120917587421026,0.25701160047134436
2R,2,low elevation,147,16.485416666666666,42.37708333333333,1.368265676956375,2.286891848565076,0.3587965417165806
2R,2,low elevation,148,16.433333333333334,45.83958333333333,1.3114853750310613,2.227042061894641,0.3190615642787907
2R,2,low elevation,149,15.779166666666667,44.177083333333336,1.2611531954096586,2.113239360390834,0.31513465271843627
2R,2,low elevation,150,16.360416666666666,42.41458333333333,1.3621992835474328,2.308941769969974,0.327897115289588
2R,2,low elevation,151,16.420833333333334,43.8375,1.3551562823317884,2.3313589523793885,0.3141529248283477
2R,2,low elevation,152,16.333333333333332,41.108333333333334,1.3877321162502412,2.3344715811542605,0.3838556050246374
2R,2,low elevation,153,16.354166666666668,40.40416666666667,1.4112476893928478,2.4016765593863796,0.3818921492444602
2R,2,low elevation,154,18.10833333333333,36.458333333333336,1.5567427265991824,2.3438094674788776,0.3897459723651689
2R,2,low elevation,155,21.447916666666668,24.1375,1.9402509996217374,2.057652003383816,1.8309835917141997
2R,2,low elevation,156,21.054166666666667,44.325,1.3923690113983895,1.9357481773182241,1.1522220002050207
2R,2,low elevation,157,21.089583333333334,50.3625,1.2416539900607204,1.3087972886381385,1.1101881504121336
2R,2,low elevation,158,21.175,50.59375,1.2421953775697225,1.3390654134664288,1.1389751792702958
2R,2,low elevation,159,21.168888888888887,50.46222222222222,1.246184607909055,1.4558245500417972,1.1002978328138073
3L,3,high elevation,-5,17.945833333333333,85.16041666666666,0.3101175200076324,0.42059733124659066,0.18270974642229007
3L,3,high elevation,-4,17.37708333333333,87.15416666666667,0.2600701040979434,0.39024130567314375,0.12447399960705596
3L,3,high elevation,-3,17.29375,86.75625,0.2685481628060843,0.666652488537023,0.12447399960705596
3L,3,high elevation,-2,17.995833333333334,84.3875,0.32884302103247004,0.4283489258905669,0.16790847209631563
3L,3,high elevation,-1,17.529166666666665,84.40208333333334,0.3186536543981506,0.42626931724199324,0.1740769389767199
3L,3,high elevation,0,17.333333333333332,83.23541666666667,0.3346869982720427,0.6345809814984569,0.15432925200359077
3L,3,high elevation,1,13.820833333333331,84.49791666666667,0.27808176549921765,0.5486156894540374,0
3L,3,high elevation,2,14.354166666666668,83.07083333333334,0.32998168674273004,0.6058857442627891,0
3L,3,high elevation,3,14.075,81.01666666666667,0.3664020070917985,0.71442959761354,0
3L,3,high elevation,4,13.325,80.20416666666667,0.35844539386202373,0.6773947548877475,0
3L,3,high elevation,5,12.637500000000001,80.86458333333333,0.32286615607756075,0.7097543769365253,0.03728896271158444
3L,3,high elevation,6,12.589583333333334,80.45833333333333,0.33036469290328346,0.69901980098769,0.011941332407922703
3L,3,high elevation,7,12.835416666666667,82.09375,0.30024391538891587,0.6603072375051513,0.0017059046297031395
3L,3,high elevation,8,13.291666666666666,84.15,0.2657658623305007,0.5774018080937621,0
3L,3,high elevation,9,13.197916666666668,84.12291666666667,0.26202250267205945,0.6274601788040686,0
3L,3,high elevation,10,13.239583333333334,84.4375,0.26046502106311425,0.5566534235058569,0
3L,3,high elevation,11,13.758333333333333,84.2125,0.2762434367375836,0.6006608109772447,0
3L,3,high elevation,12,14.40625,81.92083333333333,0.35497847619137807,0.7027798205730549,0
3L,3,high elevation,13,14.2625,80.55833333333334,0.3788926377725746,0.830396731932195,0
3L,3,high elevation,14,14.25625,81.19166666666666,0.35556130443031103,0.6259250203363895,0
3L,3,high elevation,15,14.410416666666666,81.23958333333333,0.36481367621883126,0.7284646733153537,0.036104499830349655
3L,3,high elevation,16,15.108333333333334,80.9875,0.3892511403954112,0.6789566034666108,0
3L,3,high elevation,17,14.6875,80.7,0.3782394101856897,0.7433803458802799,0
3L,3,high elevation,18,14.027083333333334,82.89791666666666,0.3117284163389591,0.6191684388643507,0
3L,3,high elevation,19,13.341666666666667,84.37291666666667,0.2701397680111313,0.5080040920008672,0
3L,3,high elevation,20,13.333333333333332,84.53333333333333,0.2683716367892715,0.5541654316923281,0
3L,3,high elevation,21,13.522916666666667,84.32291666666667,0.2745691086807113,0.5969086259347676,0
3L,3,high elevation,22,13.966666666666667,82.98333333333333,0.3059525105304182,0.5721835689519755,0
3L,3,high elevation,23,14.352083333333333,82.21041666666666,0.3223438550095492,0.5771420605329448,0
3L,3,high elevation,24,14.127083333333333,82.40833333333333,0.3089592464526667,0.7166348363554388,0
3L,3,high elevation,25,13.520833333333334,84.10416666666667,0.26067771251289823,0.5221675227149147,0
3L,3,high elevation,26,13.137500000000001,86.13333333333333,0.22021512207569727,0.5378806958708398,0.016095352919714583
3L,3,high elevation,27,13.1375,86.16041666666666,0.22013299674169673,0.5069522249785482,0
3L,3,high elevation,28,13.21875,85.90625,0.22707631844391465,0.5601797178550811,0
3L,3,high elevation,29,13.727083333333333,83.86458333333333,0.2792658560882492,0.7369679849705291,0
3L,3,high elevation,30,13.691666666666666,83.68541666666667,0.28517287369254,0.767284771035588,0
3L,3,high elevation,31,13.710416666666667,83.56666666666666,0.28704369041028804,0.7649087962331551,0
3L,3,high elevation,32,14.083333333333334,83.375,0.30681032560146276,0.6640688109383056,0
3L,3,high elevation,33,14.28125,83.23958333333333,0.3218914805958814,0.7211039126723964,0.001807296715518908
3L,3,high elevation,34,14.216666666666665,82.74375,0.3298298422700456,0.7630929586612524,0
3L,3,high elevation,35,14.295833333333334,83.125,0.3241944033775286,0.7484338375450562,0
3L,3,high elevation,36,12.9625,86.8625,0.2105970989693911,0.4753000246705959,0
3L,3,high elevation,37,12.94375,86.83541666666666,0.211535784959411,0.5125490822797715,0
3L,3,high elevation,38,13.133333333333333,85.99583333333334,0.23714118679377885,0.4902097148282923,0
3L,3,high elevation,39,13.572916666666666,85.4875,0.246491311992535,0.6738170316675354,0
3L,3,high elevation,40,13.341666666666667,85.39375,0.2494972056724739,0.6403964506526263,0
3L,3,high elevation,41,13.295833333333333,84.93541666666667,0.2571720290805868,0.5642226735009772,0
3L,3,high elevation,42,13.297916666666666,84.84375,0.2580303580402378,0.6309160114504319,0
3L,3,high elevation,43,13.054166666666667,85.7125,0.22780090930663244,0.5341770531861043,0
3L,3,high elevation,44,12.995833333333334,85.85625,0.22337283142279987,0.5467131838003951,0
3L,3,high elevation,45,13.177083333333332,85.675,0.23624688236679475,0.7175533506906886,0
3L,3,high elevation,46,13.591666666666667,85.39375,0.2503071763262314,0.540197504930655,0
3L,3,high elevation,47,13.452083333333334,86.02291666666667,0.22710850471338317,0.519835821025733,0
3L,3,high elevation,48,13.566666666666666,85.8125,0.23286517647239027,0.5938477428211912,0
3L,3,high elevation,49,13.545833333333334,85.60625,0.23857895711882546,0.4910565968474083,0
3L,3,high elevation,50,13.627083333333333,85.6375,0.23856649520508993,0.568121486814497,0
3L,3,high elevation,51,13.504166666666666,85.31458333333333,0.24062664671264702,0.6018889701072662,0
3L,3,high elevation,52,13.466666666666667,85.65208333333334,0.2318511919119396,0.55525835881115,0
3L,3,high elevation,53,13.664583333333333,85.27291666666666,0.2507222806237323,0.620380073376575,0
3L,3,high elevation,54,13.5,84.92916666666667,0.26574431088160677,0.6067108708245383,0
3L,3,high elevation,55,13.381250000000001,84.95208333333333,0.26157353981124987,0.6440470612671225,0
3L,3,high elevation,56,13.514583333333334,83.84583333333333,0.2905680037918264,0.6387729319390428,0
3L,3,high elevation,57,14.214583333333334,83.35416666666667,0.31724136449682216,0.7187520892224425,0
3L,3,high elevation,58,14.060416666666667,83.31041666666667,0.3185314584311566,0.6822440465952709,0
3L,3,high elevation,59,14.029166666666667,84.14375,0.3000163170412939,0.5403864541122269,0
3L,3,high elevation,60,13.8125,85.76666666666667,0.2615539047716613,0.5808778579313368,0
3L,3,high elevation,61,13.9625,85.31041666666667,0.2711419086042229,0.6940991496775949,0
3L,3,high elevation,62,13.897916666666667,85.275,0.2694712222708933,0.6704202945294482,0
3L,3,high elevation,63,13.84375,85.14166666666667,0.27085766353685214,0.6799622939310725,0
3L,3,high elevation,64,14.004166666666666,84.5875,0.28765146396435787,0.6796041341805363,0
3L,3,high elevation,65,13.989583333333332,84.42708333333333,0.2916392029823408,0.6607174417250897,0
3L,3,high elevation,66,13.983333333333334,84.17708333333333,0.2961764759841465,0.5534350843072455,0
3L,3,high elevation,67,13.618749999999999,85.15416666666667,0.26413302974723446,0.5292919559147918,0
3L,3,high elevation,68,13.287500000000001,86.7,0.22028437354780261,0.5164207280235643,0
3L,3,high elevation,69,13.170833333333334,86.74166666666666,0.21605137053166334,0.5402935843294567,0
3L,3,high elevation,70,13.077083333333333,86.44166666666666,0.22160721601965594,0.4989798318628027,0
3L,3,high elevation,71,12.83125,86.79583333333333,0.21896074583345085,0.49615917867164316,0
3L,3,high elevation,72,12.78125,83.7375,0.2844313779466916,0.6508076192986724,0
3L,3,high elevation,73,13.083333333333332,81.0125,0.3533913402668087,0.8379804652150415,0
3L,3,high elevation,74,13.4625,80.8625,0.3481439194523206,0.9759300633015786,0
3L,3,high elevation,75,13.920833333333333,80.34791666666666,0.40169049716229044,1.0006181862187105,0.006232353414462808
3L,3,high elevation,76,13.729166666666666,70.20208333333333,0.6437734880502092,1.2747921152069401,0.05831211961570616
3L,3,high elevation,77,13.766666666666667,67.21875,0.6998121917887435,1.2791055877620934,0.10434800352284258
3L,3,high elevation,78,13.835416666666665,65.76666666666667,0.7308804085368016,1.372413785832451,0.0883948947272723
3L,3,high elevation,79,14.104166666666668,71.71041666666666,0.5937841653957667,1.154007776588913,0.0828645910328455
3L,3,high elevation,80,14.15625,82.1,0.3420562202871861,0.6267097320963781,0
3L,3,high elevation,81,14.170833333333333,82.97083333333333,0.30444874834066593,0.6975981453161187,0
3L,3,high elevation,82,14.089583333333334,84.13333333333334,0.29474164436007827,0.66841843559674885,0
3L,3,high elevation,83,14.114583333333334,83.5125,0.30725261176386887,0.5225454272030853,0
3L,3,high elevation,84,13.839583333333332,84.5375,0.27436614840010587,0.8208963606610876,0
3L,3,high elevation,85,13.65,85.71666666666667,0.25599897838939345,0.672958982041743,0
3L,3,high elevation,86,13.439583333333333,85.60416666666667,0.2572351355203103,0.6208589318191562,0
3L,3,high elevation,87,13.19375,85.69166666666666,0.24928403373341795,0.6976938290316608,0
3L,3,high elevation,88,13.297916666666666,84.64375,0.2796959383474078,0.6341912521721851,0
3L,3,high elevation,89,13.88125,79.43541666666667,0.40825660823617,1.0138258945753698,0
3L,3,high elevation,90,13.90625,74.67916666666667,0.5245126850544009,1.1319730815530504,0
3L,3,high elevation,91,13.870833333333334,71.95,0.5899374605692116,1.3038848813216213,0
3L,3,high elevation,92,13.670833333333333,69.84583333333333,0.6593397226739531,1.3359277882871612,0.030186827669769756
3L,3,high elevation,93,13.75,72.55833333333334,0.5943738043877215,1.1894492778876384,0
3L,3,high elevation,94,13.635416666666668,71.53541666666666,0.5961143400291488,1.2567548999523874,0
3L,3,high elevation,95,13.335416666666667,72.30625,0.5536604371851607,1.3439594182768637,0.07161137496665666
3L,3,high elevation,96,13.702083333333333,73.03541666666666,0.5662038309263249,1.2750127994602702,0
3L,3,high elevation,97,13.710416666666667,66.64166666666667,0.7196911363845763,1.3779391950680826,0.06342721782761021
3L,3,high elevation,98,13.685416666666665,64.06666666666666,0.7694316702106092,1.4668253743430828,0.0802666285454542
3L,3,high elevation,99,13.664583333333333,62.53125,0.7821915910711255,1.3690690192720834,0.15447596599950214
3L,3,high elevation,100,13.606250000000001,61.38125,0.814137904274534,1.4905746898378798,0.13973185043710185
3L,3,high elevation,101,13.375,59.7625,0.8016174685525097,1.408327417611244,0.18500515205208035
3L,3,high elevation,102,12.622916666666667,70.06458333333333,0.5674682907347202,1.3994627276386695,0.10422739328786615
3L,3,high elevation,103,12.239583333333332,67.55624999999999,0.6079666901796026,1.1951953465200904,0.06213556138315097
3L,3,high elevation,104,12.339583333333334,60.543749999999996,0.7137650846396425,1.248118707316432,0.18548424482214085
3L,3,high elevation,105,12.520833333333334,61.525,0.7122574478758913,1.236690755110685,0.16921369703072497
3L,3,high elevation,106,12.954166666666666,60.37083333333334,0.7600074704442347,1.3759026295422114,0.14233156255568144
3L,3,high elevation,107,13.035416666666666,56.3625,0.817064851279115,1.383412442323653,0.2315050754759333
3L,3,high elevation,108,13.054166666666667,59.266666666666666,0.7825241314108353,1.4090569097721444,0.18161965966638852
3L,3,high elevation,109,13.329166666666666,62.41041666666666,0.736692295602771,1.5347206301292455,0.1806379317763
3L,3,high elevation,110,13.658333333333333,57.80625,0.8877669637840172,1.618821288777238,0.17863621100127602
3L,3,high elevation,111,13.645833333333334,57.43958333333333,0.8810385815666627,1.6239053085831145,0.18811154949213968
3L,3,high elevation,112,13.691666666666666,51.54166666666667,0.9771461026825238,1.6794460438929604,0.26154105784652754
3L,3,high elevation,113,13.533333333333333,52.13125,0.9493525939131088,1.6178188706776988,0.2567376241832293
3L,3,high elevation,114,13.577083333333333,52.25416666666666,0.9577918359667463,1.6593679909519254,0.24669014604451656
3L,3,high elevation,115,13.708333333333334,51.59583333333333,0.9733992267289828,1.6749489110547606,0.2560356061901386
3L,3,high elevation,116,13.89375,54.77291666666667,0.9161591593810159,1.6001021363074661,0.2296289096800167
3L,3,high elevation,117,13.85,63.06666666666666,0.7691029320796661,1.4852264095050927,0.1548494612606974
3L,3,high elevation,118,14.297916666666666,79.07708333333333,0.41373534917562044,1.0424781272701549,0
3L,3,high elevation,119,14.014583333333334,72.51041666666667,0.5746330631539373,1.2358199353352965,0
3L,3,high elevation,120,13.441666666666666,71.10625,0.5916256925434404,1.1942558499979075,0.004649213365077828
3L,3,high elevation,121,13.391666666666666,73.55,0.5335448206783798,1.0801693531435277,0
3L,3,high elevation,122,13.716666666666667,73.15416666666667,0.5685357026690498,1.3817892198714194,0
3L,3,high elevation,123,13.329166666666667,73.35833333333333,0.5505499223363982,1.4256541894094006,0.033789560577166734
3L,3,high elevation,124,13.027083333333334,73.67291666666667,0.5260042059244212,1.0648616915365794,0.004396225674178373
3L,3,high elevation,125,13.695833333333333,75.99583333333334,0.4977318169759713,1.0969239671469937,0
3L,3,high elevation,126,13.04375,76.37916666666666,0.45852424794679325,0.9734236595899532,0
3L,3,high elevation,127,13.533333333333333,74.37291666666667,0.5278644784684052,1.1569319951596924,0
3L,3,high elevation,128,13.575,69.04375,0.6562488258724726,1.3817344472647204,0
3L,3,high elevation,129,13.641666666666666,65.12916666666666,0.7465246543580099,1.4242878632130902,0.0897998971274768
3L,3,high elevation,130,13.633333333333333,72.33958333333334,0.5690069487280756,1.5934727268997602,0.03044907058394533
3L,3,high elevation,131,13.63125,68.73958333333333,0.6581835112901595,1.3614891588832219,0.009070489467577441
3L,3,high elevation,132,13.645833333333332,63.447916666666664,0.7756971281590689,1.478911607471123,0.04149957487684998
3L,3,high elevation,133,13.227083333333333,62.56458333333333,0.7505059042481284,1.3793363950483577,0.12731082845573233
3L,3,high elevation,134,12.710416666666667,66.87916666666666,0.6441101049597887,1.1838434600162369,0.04292343750375513
3L,3,high elevation,135,12.645833333333334,67.47291666666666,0.6300629530168208,1.2379754671342755,0.03623875873863922
3L,3,high elevation,136,12.6375,64.175,0.694099277345646,1.348271875872551,0.08460148474954712
3L,3,high elevation,137,12.68125,62.27291666666667,0.7085772223881428,1.302489580461646,0.1550408790294743
3L,3,high elevation,138,12.810416666666667,59.03958333333333,0.7960307684583593,1.4201722331790736,0.15992457976980237
3L,3,high elevation,139,12.8875,57.88125,0.8270051821332737,1.4673282750469245,0.16369800190416584
3L,3,high elevation,140,12.783333333333333,56.454166666666666,0.8393802320289588,1.5146644412619354,0.17905758079963952
3L,3,high elevation,141,13.064583333333333,55.80416666666667,0.8741831592178941,1.5432602115983758,0.1807310161342155
3L,3,high elevation,142,13.020833333333334,53.05833333333333,0.9109874244470151,1.5680801154796369,0.21103998881080985
3L,3,high elevation,143,13.08125,54.614583333333336,0.8879346952212549,1.5270687893824773,0.2030679391755086
3L,3,high elevation,144,13.464583333333334,62.302083333333336,0.750440950056718,1.4671110781189665,0.17800970422696397
3L,3,high elevation,145,14.356250000000001,59.12916666666666,0.9276109148869689,1.684422694883483,0.1495403368746164
3L,3,high elevation,146,13.316666666666666,57.00625,0.8865680190125478,1.6269812933251346,0.14397843724239728
3L,3,high elevation,147,13.295833333333334,52.24583333333334,0.9325940384904081,1.5794826743189103,0.23589132864129556
3L,3,high elevation,148,13.327083333333333,56.047916666666666,0.8872901124458659,1.548906339620678,0.18630270030642862
3L,3,high elevation,149,13.266666666666666,53.39791666666666,0.9364627543538202,1.6521667622620562,0.19160834580896005
3L,3,high elevation,150,13.216666666666669,52.354166666666664,0.9289604927793428,1.570087918734309,0.22160526142389533
3L,3,high elevation,151,13.241666666666667,54.09583333333333,0.9220017222329236,1.6245462907986254,0.1864614481808051
3L,3,high elevation,152,13.241666666666669,51.60208333333333,0.9476016653276378,1.6369853895030557,0.23104177863810532
3L,3,high elevation,153,13.000000000000002,57.104166666666664,0.8400373985994324,1.5487785193125756,0.1464425876827277
3L,3,high elevation,154,12.779166666666667,50.67916666666667,0.9084274817838573,1.5451810212956114,0.24182779478577177
3L,3,high elevation,155,12.639583333333333,48.052083333333336,0.9446139239297762,1.577324460074421,0.22926064083692163
3L,3,high elevation,156,12.7125,67.42916666666667,0.5894639149183925,1.0469577202240696,0.030809894738123837
3L,3,high elevation,157,12.722916666666666,75.99166666666667,0.44088313220821895,0.971191043102591,0
3L,3,high elevation,158,12.74375,77.11666666666666,0.4191560324724589,0.9551193237131864,0
3L,3,high elevation,159,12.80625,77.58125,0.40771852819892873,1.0836930788284231,0
3L,3,high elevation,160,12.583333333333334,75.34791666666666,0.4506009623696624,1.1988985312613003,0
3L,3,high elevation,161,12.379166666666668,65.35,0.6594466503269982,1.2698482189557276,0.04024732255860251
3L,3,high elevation,162,12.285416666666666,62.62916666666666,0.7138543495245107,1.331094329366971,0.07018393705179013
3L,3,high elevation,163,12.25,61.10625,0.7385579978207848,1.3220596570445693,0.11466671405644588
3L,3,high elevation,164,12.364583333333332,81.23125,0.32278229992206414,0.71442959761354,0
3L,3,high elevation,165,12.514583333333333,82.075,0.30977998402675866,0.8405081863515244,0
3L,3,high elevation,166,12.4125,76.62916666666666,0.427622146784143,0.9831805434242759,0
3L,3,high elevation,167,12.527083333333334,80.7125,0.3399344540392984,0.9249511718319496,0
3L,3,high elevation,168,12.3625,75.20833333333333,0.4587675496008624,1.0349456911207489,0
3L,3,high elevation,169,12.26875,70.10208333333334,0.5665403596123555,1.2317751682992066,0
3L,3,high elevation,170,12.222916666666666,73.03125,0.5009939900131799,0.9848095078217824,0
3L,3,high elevation,171,12.275,74.1875,0.47723184040831834,1.1039420705287986,0
3L,3,high elevation,172,12.152083333333334,61.72708333333333,0.722181501942725,1.4378175600874377,0.01637337626567169
3L,3,high elevation,173,12.2125,45.52291666666667,0.9649530568437222,1.6069479333100656,0.18575132213794376
3L,3,high elevation,174,12.220833333333333,50.052083333333336,0.9149258477022091,1.6371411782304,0.15015921933144485
3L,3,high elevation,175,9.47037037037037,43.24074074074074,0.8124284759062972,1.7442345725791515,0.39049314699398074
3R,3,high elevation,-5,16.90625,89.10208333333334,0.21125625141591423,0.28242786322454955,0.13931765501054744
3R,3,high elevation,-4,17.1375,89.56458333333333,0.20572342511500719,0.2769288927531381,0.13732874313643073
3R,3,high elevation,-3,17.554166666666667,88.85208333333334,0.22551390915380107,0.3787709422569061,0.13957520332367648
3R,3,high elevation,-2,17.491666666666667,88.31458333333333,0.23552223386533766,0.3237303477008635,0.15859953432272014
3R,3,high elevation,-1,17.22083333333333,87.66458333333334,0.24470159040174835,0.33177954724402275,0.16950760040199472
3R,3,high elevation,0,17.320833333333333,86.12083333333334,0.2739268189135175,0.5073530017377481,0.1454675153818398
3R,3,high elevation,1,13.872916666666669,86.46458333333334,0.232337521481578,0.5287962854285018,0
3R,3,high elevation,2,13.9,86.37291666666667,0.23347477805547354,0.5206921277974137,0
3R,3,high elevation,3,13.958333333333334,83.41666666666667,0.29904159903537797,0.5560157982500538,0
3R,3,high elevation,4,13.827083333333333,81.9375,0.3351822322548963,0.6076558840105645,0
3R,3,high elevation,5,13.8625,81.67916666666666,0.34994826265282314,0.6581543802881962,0
3R,3,high elevation,6,13.835416666666667,81.06458333333333,0.3627196990871112,0.6543986443190692,0
3R,3,high elevation,7,13.94375,82.58333333333333,0.3255925377424183,0.5826381513314399,0
3R,3,high elevation,8,14.120833333333332,84.50208333333333,0.2794304512279084,0.6353879986013521,0
3R,3,high elevation,9,14.014583333333334,84.08541666666666,0.2785094326271936,0.6320958629640703,0
3R,3,high elevation,10,14.277083333333334,83.74791666666667,0.2961344383828535,0.6345809814984569,0
3R,3,high elevation,11,14.4125,83.67291666666667,0.292754278763221,0.6006608109772447,0
3R,3,high elevation,12,14.3125,83.85416666666667,0.2896326629116242,0.5617503166442417,0
3R,3,high elevation,13,14.2125,82.38958333333333,0.319961461607234,0.6884528511636916,0
3R,3,high elevation,14,14.3125,82.69166666666666,0.3120393927872675,0.6087610344026226,0
3R,3,high elevation,15,14.239583333333334,82.61041666666667,0.3131697719894843,0.5414027937507899,0.00784130355750991
3R,3,high elevation,16,13.997916666666667,85.06666666666666,0.26208349632632455,0.6465084644836897,0
3R,3,high elevation,17,14,84.60625,0.27002069341707163,0.5595242242398916,0
3R,3,high elevation,18,14.127083333333333,86.22708333333334,0.237344048101144,0.48825543714886116,0
3R,3,high elevation,19,13.995833333333334,87.12083333333334,0.21685805737386632,0.4976037784194667,0
3R,3,high elevation,20,13.96875,87.35208333333334,0.21302377341982692,0.5331469054494287,0
3R,3,high elevation,21,13.970833333333333,87.36458333333333,0.2120078792999087,0.5027992161277635,0
3R,3,high elevation,22,14.635416666666666,83.75625,0.3038710161551279,0.6323346006614908,0
3R,3,high elevation,23,15.089583333333332,81.95208333333333,0.33441992175956536,0.6403964506526263,0
3R,3,high elevation,24,14.808333333333334,82.36458333333333,0.3144569058621271,0.6741169557419293,0
3R,3,high elevation,25,14.477083333333333,83.75416666666666,0.28240697899510037,0.6235961508959403,0
3R,3,high elevation,26,14.50625,84.07291666666667,0.28277303452860697,0.684525799259469,0
3R,3,high elevation,27,14.566666666666666,83.72291666666666,0.28936118721671356,0.6405728156634113,0
3R,3,high elevation,28,14.622916666666667,83.64583333333333,0.2946605447665521,0.6708352832742798,0
3R,3,high elevation,29,14.38125,84.08958333333334,0.2860217761169317,0.7175533506906886,0
3R,3,high elevation,30,15.204166666666666,81.62291666666667,0.3417349177630308,0.7836632183791225,0
3R,3,high elevation,31,15.227083333333333,81.50833333333334,0.34394879855731186,0.7410630277159258,0
3R,3,high elevation,32,14.764583333333333,83.08125,0.2971486507261266,0.5381198222193834,0
3R,3,high elevation,33,14.166666666666666,85.72083333333333,0.2516323256005229,0.5674009767406568,0
3R,3,high elevation,34,14.197916666666666,85.09166666666667,0.2667030928218945,0.6453002548345795,0
3R,3,high elevation,35,14.25625,85.55625,0.2557383741994619,0.5610494732696794,0
3R,3,high elevation,36,15.104166666666668,83.49375,0.3021492252394525,0.6767263661457331,0
3R,3,high elevation,37,15.016666666666667,83.55625,0.30080816753475975,0.7057125363228555,0
3R,3,high elevation,38,14.660416666666666,83.79791666666667,0.29010410887303995,0.5489448296353472,0
3R,3,high elevation,39,14.485416666666667,84.8625,0.2792430399961838,0.5388775738989362,0
3R,3,high elevation,40,14.270833333333332,84.8375,0.2821252321317734,0.5512655641035096,0
3R,3,high elevation,41,14.218749999999998,84.29791666666667,0.2906577480097511,0.5464305530644701,0
3R,3,high elevation,42,14.210416666666667,84.13125000000001,0.2907010381102982,0.6188685647569837,0
3R,3,high elevation,43,14.027083333333334,84.78541666666666,0.2637902056770717,0.6062099716340035,0
3R,3,high elevation,44,13.995833333333334,84.87708333333333,0.2601413556954556,0.6365472422807184,0
3R,3,high elevation,45,13.887500000000001,85.3125,0.2516971090355135,0.6372018850973061,0
3R,3,high elevation,46,14.116666666666667,85.55,0.2551438728723186,0.6401698233089791,0
3R,3,high elevation,47,14.702083333333333,84.24791666666667,0.28707423210490085,0.6329651382555362,0
3R,3,high elevation,48,14.895833333333332,83.82916666666667,0.29968254464807503,0.7120857805374782,0
3R,3,high elevation,49,14.754166666666666,83.82083333333334,0.29658492569250255,0.6400496254845041,0
3R,3,high elevation,50,14.870833333333334,83.77708333333334,0.2988685808251088,0.6695778481934892,0
3R,3,high elevation,51,14.839583333333334,83.27083333333333,0.3082540603320128,0.7257767114380108,0
3R,3,high elevation,52,14.887500000000001,83.33541666666666,0.3065443155709206,0.6713266617861747,0
3R,3,high elevation,53,14.4,84.87291666666667,0.2644286503273666,0.511255906159366,0
3R,3,high elevation,54,13.622916666666667,86.79583333333333,0.22312262496438612,0.5152653123953939,0
3R,3,high elevation,55,13.654166666666667,86.4625,0.22928282931955368,0.540197504930655,0
3R,3,high elevation,56,13.695833333333335,85.64375,0.2477065133618451,0.5368796184364126,0
3R,3,high elevation,57,14.110416666666666,85.66666666666667,0.25049737292835733,0.5488912490256936,0
3R,3,high elevation,58,13.889583333333334,85.78125,0.24588647341422057,0.5332602960459357,0
3R,3,high elevation,59,14.089583333333335,86.16875,0.24364777282966632,0.6306967394888852,0
3R,3,high elevation,60,14.316666666666666,85.74791666666667,0.25717352159605866,0.48826796361409314,0
3R,3,high elevation,61,13.997916666666667,86.62708333333333,0.23452184832337195,0.5874161788195179,0
3R,3,high elevation,62,14.033333333333333,86.44583333333333,0.2391898608760621,0.563584714546325,0
3R,3,high elevation,63,14.075,86.28125,0.2462409772552008,0.5832446464491039,0
3R,3,high elevation,64,13.793750000000001,87.46041666666667,0.21396450371818215,0.5314091237384508,0
3R,3,high elevation,65,13.735416666666666,87.45,0.21195261919351027,0.5079368032787116,0
3R,3,high elevation,66,13.758333333333335,87.28541666666666,0.2175573486348842,0.4799353506326634,0
3R,3,high elevation,67,13.745833333333335,87.25208333333333,0.220052304636919,0.580083635267017,0
3R,3,high elevation,68,13.860416666666666,87.1625,0.21972872585876924,0.5811516706347203,0
3R,3,high elevation,69,13.889583333333334,86.59583333333333,0.2314266103957668,0.6346176243331144,0
3R,3,high elevation,70,13.845833333333333,86.11041666666667,0.2395333957741912,0.5625101786291602,0
3R,3,high elevation,71,14.229166666666666,84.46041666666666,0.286827632477857,0.5890124895685296,0
3R,3,high elevation,72,14.308333333333334,81.07291666666667,0.3695255161351389,0.8107744429304578,0
3R,3,high elevation,73,14.468750000000002,78.45625,0.43283295210137,0.9110921421244441,0
3R,3,high elevation,74,14.143749999999999,80.82708333333333,0.3710310737229175,0.8869120583480535,0
3R,3,high elevation,75,13.825,81.69791666666667,0.3437695015074008,0.8309317934559586,0
3R,3,high elevation,76,13.625,71.2,0.5807656635644418,1.1274962062092047,0.06054533732848682
3R,3,high elevation,77,13.658333333333331,68,0.6391534668905274,1.1274962062092047,0.10623176623570961
3R,3,high elevation,78,13.439583333333333,68.64791666666667,0.6206493186055166,1.132098707537243,0.07409928578929376
3R,3,high elevation,79,13.516666666666666,75.23125,0.46927039385664454,0.8951655662081857,0.06872095230620107
3R,3,high elevation,80,13.633333333333333,85.225,0.2507614872185799,0.5782437035580538,0
3R,3,high elevation,81,14.108333333333333,85.0875,0.26666247544937277,0.6174233868317035,0
3R,3,high elevation,82,14.0875,86.34791666666666,0.23925538128412915,0.6254376018443019,0
3R,3,high elevation,83,14.23125,85.475,0.2578199070297972,0.6676462205218923,0
3R,3,high elevation,84,14.310416666666667,85.76041666666667,0.2502275031587661,0.7278183121052767,0
3R,3,high elevation,85,14.850000000000001,83.51458333333333,0.32590842291250915,0.7211483712588083,0
3R,3,high elevation,86,14.583333333333332,83.13333333333333,0.3297995057318091,0.7115552958336141,0
3R,3,high elevation,87,14.320833333333335,83.54166666666667,0.31052171475929824,0.7272517478032152,0
3R,3,high elevation,88,13.816666666666665,84.53125,0.277911494658484,0.7172346345417803,0
3R,3,high elevation,89,14.1625,79.92083333333333,0.3862537670125379,0.9374597312799796,0
3R,3,high elevation,90,14.058333333333332,75.54583333333333,0.48957594145905603,1.0237731592239163,0
3R,3,high elevation,91,14.075,72.61458333333334,0.5564428264266319,1.1884621581863917,0
3R,3,high elevation,92,13.539583333333333,70.59583333333333,0.6018313403076544,1.1893106911987446,0
3R,3,high elevation,93,13.718750000000002,73.13958333333333,0.5483281028692125,1.0738479671676902,0
3R,3,high elevation,94,13.78125,71.81041666666667,0.5755962136238579,1.2822214329260433,0
3R,3,high elevation,95,13.902083333333332,71.91875,0.5760062238104433,1.330332850516786,0.07568167166060853
3R,3,high elevation,96,14.414583333333333,71.85000000000001,0.6005323403103585,1.319836335195232,0
3R,3,high elevation,97,14.372916666666669,65.32708333333333,0.75816382901783,1.405535248197915,0.07769984957155812
3R,3,high elevation,98,14.347916666666666,62.68958333333333,0.8139791654628762,1.523332488046883,0.09620990149649172
3R,3,high elevation,99,13.364583333333334,63.360416666666666,0.7199006074297685,1.235519552247316,0.1483035162293465
3R,3,high elevation,100,13.354166666666666,61.96875,0.757267075797022,1.334074313631137,0.15420696028280656
3R,3,high elevation,101,13.491666666666667,60.079166666666666,0.7806297724216956,1.3516967418894004,0.20098693284188565
3R,3,high elevation,102,13.604166666666666,68.88125,0.6247293133046266,1.471122181040485,0.11071268943380991
3R,3,high elevation,103,13.325,66.01458333333333,0.6849472116630412,1.3398954672701737,0.05473749743624749
3R,3,high elevation,104,13.352083333333333,59.329166666666666,0.786762568036269,1.3859852855756114,0.19521253702124222
3R,3,high elevation,105,13.381250000000001,60.5,0.7703735798785857,1.3277587329651903,0.17501813663973445
3R,3,high elevation,106,13.541666666666668,60.06875,0.7977807757843021,1.4253040170813025,0.14333227195293358
3R,3,high elevation,107,13.520833333333334,56.18541666666667,0.8475241207412854,1.41547433420488,0.2261978197778443
3R,3,high elevation,108,13.608333333333333,59.175000000000004,0.811155438614072,1.4297073011270511,0.18107099308890856
3R,3,high elevation,109,13.53125,62.70625,0.7325520320530037,1.5885933308700675,0.1735658013178773
3R,3,high elevation,110,13.325,58.483333333333334,0.8159142258845655,1.4030064856560875,0.1855961558871909
3R,3,high elevation,111,13.445833333333335,58.03958333333333,0.8208644081469912,1.4442713822930313,0.1906378473491439
3R,3,high elevation,112,13.483333333333334,52.09791666666667,0.916902073588544,1.5113137422500018,0.27902078836590705
3R,3,high elevation,113,13.441666666666668,52.989583333333336,0.9014719732482444,1.487387087490314,0.26651360748810665
3R,3,high elevation,114,13.39375,53.072916666666664,0.9027514460057101,1.518686004407319,0.2607281910315365
3R,3,high elevation,115,13.589583333333334,52.39791666666667,0.9250246518992333,1.5623507972764727,0.2667516145867205
3R,3,high elevation,116,13.750000000000002,55.62083333333334,0.866090547424461,1.4578623681592564,0.2294856971233761
3R,3,high elevation,117,13.770833333333334,64.01041666666667,0.7208947158717842,1.3426106139728027,0.146000920617229
3R,3,high elevation,118,13.760416666666666,81.63125000000001,0.3402333052939073,0.892165291701508,0
3R,3,high elevation,119,13.597916666666666,74.42291666666667,0.5096267809748497,1.087669991014877,0
3R,3,high elevation,120,14.137499999999998,70.60208333333334,0.6319220680693226,1.275010842375528,0
3R,3,high elevation,121,14.09375,73.05,0.5686278664463138,1.1666109015304498,0
3R,3,high elevation,122,13.960416666666665,73.26666666666667,0.548797569200084,1.2016735881966523,0
3R,3,high elevation,123,13.593749999999998,73.4625,0.5321064816852578,1.3368368711934977,0.018000151211252143
3R,3,high elevation,124,13.3625,73.4375,0.5276863333547526,1.0413318033675805,0
3R,3,high elevation,125,13.595833333333333,76.74791666666667,0.4556595824439061,1.017518274022416,0
3R,3,high elevation,126,13.585416666666667,76.05833333333334,0.4736389763177325,1.0212819827608801,0
3R,3,high elevation,127,13.69375,74.49583333333334,0.5236530919604554,1.1358646490551638,0
3R,3,high elevation,128,13.591666666666667,69.3125,0.6389924590641451,1.3441873155455704,0
3R,3,high elevation,129,13.537500000000001,65.68958333333333,0.7113502697654683,1.3540388162272374,0.08327958655033535
3R,3,high elevation,130,13.602083333333333,72.85833333333333,0.5381246054574117,1.3301860798261866,0.029463485682818345
3R,3,high elevation,131,13.78125,68.12916666666666,0.6548421127152241,1.327274212975768,0
3R,3,high elevation,132,13.758333333333333,62.8625,0.766424516652194,1.4118428371610876,0.04180255042863059
3R,3,high elevation,133,13.829166666666666,61.42916666666667,0.7892499856942177,1.4053491666802247,0.14305972640579823
3R,3,high elevation,134,14.1625,64.34166666666667,0.7626822021274899,1.3800776371507502,0.03750769794206381
3R,3,high elevation,135,14.175,64.78958333333333,0.7545339402263396,1.462009669649349,0.03725970275485273
3R,3,high elevation,136,14.13125,61.639583333333334,0.8239742079895269,1.5833126444253482,0.07927533558065407
3R,3,high elevation,137,13.975,60.11666666666667,0.8134453556435562,1.5006767564709975,0.18323286168604286
3R,3,high elevation,138,13.78125,57.49583333333333,0.8665956025752163,1.506091042427911,0.18522261275327434
3R,3,high elevation,139,13.752083333333331,56.485416666666666,0.8887141783728841,1.5394324004851503,0.18833383252525038
3R,3,high elevation,140,13.954166666666666,54.69583333333333,0.9396938737359423,1.6645616309862037,0.20913214277589534
3R,3,high elevation,141,13.91875,54.53125,0.9368393855493099,1.6139000703615718,0.21052131108055083
3R,3,high elevation,142,13.99375,51.641666666666666,0.9866925885872792,1.6699913840234275,0.24775913801711588
3R,3,high elevation,143,13.985416666666667,53.22291666666667,0.9579165880980173,1.6466764495053694,0.2379075557521243
3R,3,high elevation,144,13.964583333333334,61.108333333333334,0.7806530523113565,1.5725040200285838,0.2110794644727444
3R,3,high elevation,145,13.814583333333333,59.297916666666666,0.8507312566557634,1.5001483958344224,0.15771399763343072
3R,3,high elevation,146,14.208333333333332,55.324999999999996,0.959563518394727,1.7428637077654145,0.1761873633506756
3R,3,high elevation,147,14.227083333333335,50.58958333333333,1.0116882790913262,1.6850090769783441,0.2791892065403014
3R,3,high elevation,148,14.239583333333334,54.295833333333334,0.9607775874500671,1.6407926414176877,0.21955656048314956
3R,3,high elevation,149,14.222916666666668,51.67916666666667,1.014526524037363,1.7533557790086671,0.23239114109843026
3R,3,high elevation,150,14.170833333333333,50.6625,1.0085397271895624,1.6852090027299498,0.2674433823169229
3R,3,high elevation,151,14.14375,52.4375,0.9974772634298771,1.7400762725862735,0.22543300226699414
3R,3,high elevation,152,14.164583333333333,49.925,1.0259621603782645,1.7424662315003785,0.26834690725718285
3R,3,high elevation,153,14.508333333333333,54.956250000000004,0.9852668343584788,1.7937306977001966,0.1826633625669203
3R,3,high elevation,154,13.91875,49.17916666666667,1.0094953499700552,1.7429290313566068,0.25483797053189056
3R,3,high elevation,155,13.433333333333334,47.68333333333334,1.0113112424159925,1.69254392714415,0.24083665866000994
3R,3,high elevation,156,13.477083333333335,67.03333333333333,0.6362716057014556,1.1479013647297989,0.0056693121315764365
3R,3,high elevation,157,13.516666666666666,75.55624999999999,0.47993361963722664,1.0558958845335606,0
3R,3,high elevation,158,13.5375,76.65833333333333,0.4580327511687689,1.0413318033675805,0
3R,3,high elevation,159,13.645833333333334,77.01666666666667,0.4503366172115877,1.1699811870004053,0
3R,3,high elevation,160,13.164583333333333,75.20833333333333,0.47916282762778806,1.2638646879298594,0
3R,3,high elevation,161,13.152083333333334,65.07083333333334,0.7158267457200264,1.3906052279856473,0
3R,3,high elevation,162,13.272916666666667,61.6375,0.787218107001511,1.452283430028833,0.0701850781285406
3R,3,high elevation,163,13.252083333333333,60.108333333333334,0.8124149645193824,1.4481475132816053,0.10926172695328032
3R,3,high elevation,164,13.354166666666666,79.91666666666667,0.3725934779333318,0.8103871845847392,0
3R,3,high elevation,165,13.502083333333333,80.74583333333334,0.35897696532160733,0.9422549217213093,0
3R,3,high elevation,166,13.375,75.41666666666666,0.4824317315928168,1.090905825402534,0
3R,3,high elevation,167,13.55625,79.17916666666666,0.3944031034635514,1.028568349665246,0
3R,3,high elevation,168,13.393749999999999,73.70208333333333,0.5218593436774797,1.153141992614256,0
3R,3,high elevation,169,13.297916666666666,68.73541666666667,0.635886003659491,1.3570388948963388,0
3R,3,high elevation,170,13.289583333333333,71.56041666666667,0.5664672925170261,1.083713039740539,0
3R,3,high elevation,171,13.36875,72.625,0.5442379432926234,1.2299663482010985,0
3R,3,high elevation,172,13.21875,60.71666666666667,0.7995468679211093,1.5704248695355156,0.005575193652098433
3R,3,high elevation,173,13.191666666666666,44.81666666666667,1.0488352009470538,1.7562497293371933,0.1919712496565297
3R,3,high elevation,174,13.2,49.59375,0.997596075410667,1.780374038806111,0.15488803427616027
3R,3,high elevation,175,10.181481481481482,42.48148148148148,0.867933449419833,1.8627249050821162,0.4195551145877515
4L,4,high elevation,-5,20.4875,85.79791666666667,0.3565845156963975,0.6035743527592137,0.13849840667113877
4L,4,high elevation,-4,20.527083333333334,88.46875,0.2916973013518405,0.896524617403581,0.11436346661031063
4L,4,high elevation,-3,19.80625,88.08958333333334,0.2830489206695664,0.5495272490727761,0.10600568458768382
4L,4,high elevation,-2,19.045833333333334,84.20833333333333,0.3607135957844516,0.5933494721322334,0.1426895616418819
4L,4,high elevation,-1,18.979166666666668,82.43958333333333,0.39871581511065024,0.6347459469321567,0.17739158332177102
4L,4,high elevation,0,18.78333333333333,82.05625,0.39927459347981253,0.5718173330515526,0.13846098157010533
4L,4,high elevation,1,14.554166666666665,86.98333333333333,0.24044221576246325,0.4309862633047485,0
4L,4,high elevation,2,14.575,87.20833333333333,0.2504559700392838,0.4914475949730498,0
4L,4,high elevation,3,14.216666666666667,82.87291666666667,0.3492634719523579,0.7310989326397168,0
4L,4,high elevation,4,14.635416666666666,82.14791666666666,0.37486833381393175,0.7028235995881498,0
4L,4,high elevation,5,15.183333333333334,84.76458333333333,0.3271983895586689,0.6585587655942232,0.007511161981879511
4L,4,high elevation,6,15.089583333333332,85.08541666666666,0.31452967744175303,0.6332184657525176,0
4L,4,high elevation,7,15.045833333333334,84.20833333333333,0.3364762852917113,0.6441572996256925,0
4L,4,high elevation,8,14.854166666666668,84.61458333333333,0.3134983447187998,0.7253772362394213,0
4L,4,high elevation,9,15.147916666666669,83.98125,0.33189666995816414,0.6607031021844163,0
4L,4,high elevation,10,14.810416666666667,86.24375,0.2641540242666405,0.5020799084849402,0
4L,4,high elevation,11,14.620833333333335,87.71875,0.22697390081910393,0.42438065197618635,0
4L,4,high elevation,12,14.464583333333334,87.9125,0.22416501139955447,0.44380722245171556,0
4L,4,high elevation,13,14.510416666666666,84.45416666666667,0.3044584916994765,0.6322799669157332,0
4L,4,high elevation,14,14.527083333333334,85.21458333333334,0.2827568348822716,0.5395385715813606,0
4L,4,high elevation,15,15.147916666666667,85.09166666666667,0.3135040140874755,0.8045422892268458,0
4L,4,high elevation,16,16.120833333333334,82.05,0.4114351544255649,0.8058218227950666,0
4L,4,high elevation,17,14.675,83.31666666666666,0.33220599571922793,0.7022808603672323,0
4L,4,high elevation,18,16.002083333333335,89.32291666666667,0.23018301924940238,0.5992641107723735,0
4L,4,high elevation,19,24.5,83.36458333333333,0.6904373365220431,1.5722961331187035,0
4L,4,high elevation,20,25.960416666666667,75.05833333333334,1.0241232468358317,1.8114492523120767,0.28313719615685395
4L,4,high elevation,21,25.75,73.82291666666667,1.0558804140693894,1.919722471924905,0.28364551708808533
4L,4,high elevation,22,25.875,71.20208333333333,1.1641960867434396,1.998886285200159,0.3282738683809364
4L,4,high elevation,23,26.027083333333334,70.2875,1.1901514280292054,1.9641682481665717,0.3472673722426002
4L,4,high elevation,24,26.25,68.15833333333333,1.3427060613647681,2.5934214551246777,0.34489533007111034
4L,4,high elevation,25,23.947916666666668,70.87708333333333,1.0958507883326412,2.439919356567811,0.18023077160282786
4L,4,high elevation,26,18.322916666666668,84.125,0.3971437966683409,0.8159609953253955,0
4L,4,high elevation,27,18.441666666666666,84.83333333333333,0.3857475063426607,0.7792235957362983,0
4L,4,high elevation,28,17.66875,82.83958333333334,0.4205051089248504,0.9639172499288935,0
4L,4,high elevation,29,14.897916666666667,85.38958333333333,0.2834319643651584,0.5765486354714879,0
4L,4,high elevation,30,14.254166666666666,88.14583333333333,0.206603607152545,0.43653703413138967,0
4L,4,high elevation,31,14.1625,88.75625,0.19339593899998017,0.44034694235484634,0
4L,4,high elevation,32,14.589583333333334,88.44166666666666,0.21716574206057979,0.45146131354577673,0
4L,4,high elevation,33,15.241666666666667,87.12916666666666,0.2708099963745886,0.5161186956687728,0
4L,4,high elevation,34,15.289583333333335,86.03958333333334,0.2984024273295303,0.5921765281574474,0
4L,4,high elevation,35,15.0625,87.20833333333333,0.2564109528647989,0.442924479514699,0
4L,4,high elevation,36,13.545833333333334,90.87916666666666,0.14636533886221478,0.3745139656356758,0
4L,4,high elevation,37,13.554166666666665,91.29583333333333,0.14171283605157556,0.3831876167886975,0
4L,4,high elevation,38,13.5875,90.81041666666667,0.1538322570112264,0.3871974175787573,0
4L,4,high elevation,39,14.075000000000001,90.06041666666667,0.17544917810488067,0.4616533536796201,0
4L,4,high elevation,40,14.341666666666665,89.80625,0.18547951863654324,0.4720668492193904,0
4L,4,high elevation,41,14.422916666666666,89.14166666666667,0.19993614484425545,0.49742385494563973,0
4L,4,high elevation,42,14.597916666666666,88.61875,0.21320700376933055,0.4496572068852938,0
4L,4,high elevation,43,14.493749999999999,86.4,0.2714751129671886,0.5845001192131404,0
4L,4,high elevation,44,14.325000000000001,87.37083333333334,0.24166039967164127,0.5055824671110768,0
4L,4,high elevation,45,14.147916666666665,88.13541666666667,0.22124655380461727,0.43088514503002734,0
4L,4,high elevation,46,14.072916666666666,89.375,0.18943661149490265,0.5182309235579807,0
4L,4,high elevation,47,14.770833333333334,87.36458333333333,0.25173675223462705,0.5109283208607328,0
4L,4,high elevation,48,14.708333333333334,86.84166666666667,0.26027780251213284,0.5519123606245924,0
4L,4,high elevation,49,14.88125,86.42916666666666,0.27294319596926153,0.5293434536845529,0
4L,4,high elevation,50,14.833333333333332,86.32083333333334,0.27228658105216486,0.6639900252816848,0
4L,4,high elevation,51,14.88125,86.04375,0.2794601005378601,0.6293251314401399,0
4L,4,high elevation,52,14.89375,86.09166666666667,0.2783946952445139,0.6497566553144993,0
4L,4,high elevation,53,14.599999999999998,87.51666666666667,0.23682368271306176,0.45168799594865305,0
4L,4,high elevation,54,14.7125,87.25833333333334,0.2414223187320463,0.5091279456502429,0
4L,4,high elevation,55,14.479166666666668,86.84375,0.2415679628011182,0.5359176276377343,0
4L,4,high elevation,56,14.620833333333334,83.56458333333333,0.324615218140151,0.7876442645519931,0
4L,4,high elevation,57,14.189583333333331,86.44375,0.25684975856041103,0.5394284920793453,0
4L,4,high elevation,58,14.20625,87.37916666666666,0.23432561486737907,0.47393272609377557,0
4L,4,high elevation,59,14.4125,87.88541666666667,0.2297186162127272,0.42198063774097544,0
4L,4,high elevation,60,14.70625,88.58541666666666,0.2251121359845177,0.4567009920369748,0
4L,4,high elevation,61,15.431249999999999,87.50625,0.2722006507281891,0.5075241054454172,0
4L,4,high elevation,62,15.539583333333335,86.87291666666667,0.2868522368215728,0.5255000583724498,0
4L,4,high elevation,63,15.416666666666668,86.91041666666666,0.2794279551169618,0.5044927483912686,0
4L,4,high elevation,64,13.420833333333333,90.67291666666667,0.15137110697266234,0.3831876167886975,0
4L,4,high elevation,65,13.464583333333334,90.57083333333333,0.15571435356300597,0.39239885757688736,0
4L,4,high elevation,66,13.495833333333334,90.50416666666666,0.1575883698414369,0.3819300837670751,0
4L,4,high elevation,67,14.008333333333333,89.60625,0.1871622846381267,0.575001671377954,0
4L,4,high elevation,68,14.512500000000001,88.15625,0.22732113045726857,0.6401698233089791,0
4L,4,high elevation,69,14.633333333333333,87.325,0.24854105135394897,0.671960687510904,0
4L,4,high elevation,70,14.847916666666666,86.50625,0.2717203878500956,0.6953835845646682,0
4L,4,high elevation,71,14.668750000000001,84.02708333333334,0.34153697569634667,0.8588412225037977,0
4L,4,high elevation,72,14.714583333333334,79.40416666666667,0.4643919695089856,1.030096371384189,0
4L,4,high elevation,73,14.266666666666666,78.78541666666666,0.4543966150860832,0.9926044213552724,0
4L,4,high elevation,74,14.133333333333333,81.68125,0.377850784148324,1.0424023939380884,0
4L,4,high elevation,75,14.879166666666666,77.74791666666667,0.5035875657730814,1.2309366038484917,0
4L,4,high elevation,76,14.700000000000001,66.32708333333333,0.7672052755397609,1.5112316383614666,0.07631037627900107
4L,4,high elevation,77,14.674999999999999,63.36875,0.8181082868075218,1.4749173845745922,0.14258763576173092
4L,4,high elevation,78,14.120833333333334,63.3,0.7864205545159313,1.451047818139562,0.1470215232176049
4L,4,high elevation,79,13.924999999999999,71.45625,0.5840190939056248,1.30325747414862,0.11058433134954355
4L,4,high elevation,80,14.2125,84.64166666666667,0.29480381020229424,0.7595800389936458,0
4L,4,high elevation,81,14.814583333333335,87.09166666666667,0.25571317352853595,0.5223565426423173,0
4L,4,high elevation,82,14.568750000000001,89.26875,0.2006248928132429,0.4064100712402137,0
4L,4,high elevation,83,14.591666666666669,89.73125,0.19386317551252732,0.3998897657406123,0
4L,4,high elevation,84,14.577083333333334,89.58333333333333,0.19869182857213857,0.39305426096417456,0
4L,4,high elevation,85,13.952083333333333,89.75,0.18425505589608487,0.4251984098682368,0
4L,4,high elevation,86,13.966666666666667,88.31041666666667,0.21826553608464186,0.551561769718583,0
4L,4,high elevation,87,13.960416666666667,85.6875,0.279225003357259,0.7644534620434617,0
4L,4,high elevation,88,13.920833333333334,85.37083333333334,0.2916129154993288,0.7912894715520336,0
4L,4,high elevation,89,14.262500000000001,80.56875,0.4291678534518077,1.058563671363485,0
4L,4,high elevation,90,14.28125,76.27708333333334,0.5378104152236497,1.1538775085205741,0
4L,4,high elevation,91,14.229166666666666,73.32916666666667,0.6006885557677034,1.3278192162548805,0
4L,4,high elevation,92,14.137500000000001,69.98125,0.6637021285698458,1.3144505639322663,0.06726519189740471
4L,4,high elevation,93,14.220833333333333,73.04583333333333,0.5933171690696211,1.1757272112069417,0
4L,4,high elevation,94,14.095833333333333,72.02708333333334,0.6023070779406802,1.2898235362833124,0
4L,4,high elevation,95,13.629166666666666,73.64166666666667,0.5454785068905711,1.2671726609674816,0.0814090371012313
4L,4,high elevation,96,13.320833333333333,74.83541666666667,0.5054420696084407,1.108529363156357,0
4L,4,high elevation,97,13.329166666666666,68.35625,0.6420558011425066,1.1911859254040145,0.052382051691889045
4L,4,high elevation,98,13.383333333333333,70.16666666666667,0.5922365532553978,1.2172357170132475,0.09532022105387025
4L,4,high elevation,99,13.372916666666667,72.73958333333333,0.5146848487981427,0.8559414937773727,0.14389247985324705
4L,4,high elevation,100,13.38125,72.50416666666666,0.5273847953202505,0.9078617799349447,0.1363839901427081
4L,4,high elevation,101,13.389583333333334,69.87291666666667,0.5673567162085892,1.0213755640032514,0.16240461984098786
4L,4,high elevation,102,13.65625,74.14166666666667,0.5131439312896064,1.2128652125640076,0.10876911862922603
4L,4,high elevation,103,14.245833333333334,67.7875,0.7108718472746424,1.40967675810228,0.05098552435744973
4L,4,high elevation,104,14.216666666666667,60.22291666666667,0.821330337635908,1.440538181254497,0.21594246072211012
4L,4,high elevation,105,14.208333333333334,61.13541666666667,0.8071438084504401,1.4103089872045826,0.20148606167795208
4L,4,high elevation,106,13.918750000000001,58.985416666666666,0.8404511216725264,1.4993821266513903,0.16654765412399355
4L,4,high elevation,107,13.839583333333332,54.831250000000004,0.88944292156775,1.5068166533707565,0.24565282503293526
4L,4,high elevation,108,13.604166666666666,58.579166666666666,0.8134298157937061,1.3858100375443174,0.21289911502854394
4L,4,high elevation,109,13.860416666666667,60.95,0.7848548765680485,1.5588305501531328,0.19591757936450271
4L,4,high elevation,110,14.441666666666668,55.55625,0.9549770282298711,1.7082945267435,0.21503893578185018
4L,4,high elevation,111,14.46875,55.03125,0.9538178810917245,1.6741564500539274,0.23220590964678783
4L,4,high elevation,112,14.418750000000001,49.12708333333333,1.0451117397095655,1.7454179619428456,0.30843076920801876
4L,4,high elevation,113,13.395833333333332,51.4375,0.910330152914835,1.4865090368122438,0.28443240049498986
4L,4,high elevation,114,13.439583333333333,51.60416666666667,0.9175662944578039,1.5248705603428825,0.2763570326575927
4L,4,high elevation,115,13.40625,51.22083333333333,0.9143840633140229,1.5226343238278994,0.28492300871968324
4L,4,high elevation,116,13.472916666666666,55.452083333333334,0.8440333139853355,1.4257466896130235,0.23109562058653915
4L,4,high elevation,117,13.460416666666665,64.60625,0.6975394564125863,1.3138821809243701,0.11215788663051651
4L,4,high elevation,118,13.739583333333332,83.05,0.3254678274261469,0.9638422895416181,0
4L,4,high elevation,119,13.679166666666667,74.73541666666667,0.5172046974626082,1.1314202358037202,0
4L,4,high elevation,120,13.920833333333333,71.14791666666666,0.610551291781148,1.2340747783300061,0
4L,4,high elevation,121,13.875,74.00208333333333,0.5397296026083211,1.1045919649534297,0
4L,4,high elevation,122,13.775,74.36666666666666,0.5273477949621961,1.1989781806051993,0
4L,4,high elevation,123,13.639583333333333,74.9875,0.5169625199430354,1.3073478225642292,0.05401853372485107
4L,4,high elevation,124,13.722916666666666,73.28333333333333,0.5590695028494107,1.1028938015058583,0
4L,4,high elevation,125,13.697916666666668,77.26666666666667,0.46041820612421014,1.0146309878966169,0
4L,4,high elevation,126,13.914583333333333,76.4375,0.49217680713704776,1.089656330840787,0
4L,4,high elevation,127,13.58125,75.22083333333333,0.5077625072287789,1.1214342497804715,0
4L,4,high elevation,128,13.591666666666667,69.69166666666666,0.6353275535859259,1.3335194577499367,0
4L,4,high elevation,129,13.602083333333333,65.57083333333333,0.7226851158589296,1.3606110540469463,0.07778395577010701
4L,4,high elevation,130,13.879166666666668,73.22291666666666,0.5555476489944776,1.3447501609921668,0.006649866238800136
4L,4,high elevation,131,14.160416666666666,67.54583333333333,0.7125489586774001,1.4334446494608184,0
4L,4,high elevation,132,14.25,62.231249999999996,0.835030151172625,1.5676362816092555,0.08961420053839844
4L,4,high elevation,133,13.920833333333334,60.87291666666667,0.8084613739699161,1.441235109512236,0.15240499090909013
4L,4,high elevation,134,13.635416666666666,65.7625,0.7022570079608573,1.250083633413296,0.09167429710249958
4L,4,high elevation,135,13.65,66.27499999999999,0.6945292353075607,1.3220121588966782,0.08034376599994338
4L,4,high elevation,136,13.63125,62.84583333333333,0.7613896328816186,1.4369893417100414,0.09081800599273024
4L,4,high elevation,137,13.533333333333333,61.9,0.7278133733451414,1.3641689358801405,0.2134662838642399
4L,4,high elevation,138,13.4625,57.55625,0.83299599073836,1.452283430028833,0.19829514356275316
4L,4,high elevation,139,13.414583333333333,56.14791666666667,0.8609262487076043,1.4913042272535737,0.203678722121018
4L,4,high elevation,140,13.485416666666667,54.25,0.8973169808876988,1.5631425922239466,0.21444587923754763
4L,4,high elevation,141,13.760416666666666,53.766666666666666,0.917570326650373,1.5623507972764727,0.2272087484906931
4L,4,high elevation,142,13.766666666666667,50.97291666666666,0.9614219774290576,1.6343749831234302,0.26293915651947153
4L,4,high elevation,143,13.766666666666667,52.574999999999996,0.9319008299975655,1.5559293378988788,0.25185403020590524
4L,4,high elevation,144,13.65625,62.12708333333333,0.7252636830580652,1.518686004407319,0.19972381923778668
4L,4,high elevation,145,13.65,58.58125,0.8413490464144245,1.486020219148535,0.1743803134701558
4L,4,high elevation,146,13.652083333333332,54.93333333333334,0.9080310011893586,1.5923395408138292,0.17980146311171516
4L,4,high elevation,147,13.795833333333334,49.831250000000004,0.977755110144779,1.6120235218088403,0.273072501615194
4L,4,high elevation,148,13.833333333333332,53.672916666666666,0.9292829876715671,1.5981566141562933,0.2391686379302696
4L,4,high elevation,149,13.647916666666667,50.96458333333333,0.965672858770425,1.6415570403626034,0.23801589667810824
4L,4,high elevation,150,13.63125,49.927083333333336,0.9629093861959112,1.589951205261384,0.261106827902611
4L,4,high elevation,151,13.625,51.610416666666666,0.9523693730669974,1.6263223968677833,0.2347349216981381
4L,4,high elevation,152,13.645833333333332,49.08541666666667,0.9802951786327181,1.6263223968677833,0.2918385557039395
4L,4,high elevation,153,13.46875,57.775,0.8680839493022156,1.6440144610817093,0.10767157116529585
4L,4,high elevation,154,13.635416666666666,48.59791666666666,0.9960244219948876,1.6931628754638233,0.2637953493549749
4L,4,high elevation,155,13.479166666666668,45.82083333333333,1.0346099708858685,1.7258436181686474,0.2529314272561333
4L,4,high elevation,156,13.516666666666667,65.74166666666666,0.6616419273652024,1.1724085338614019,0.0029769775028494557
4L,4,high elevation,157,13.520833333333332,74.98958333333333,0.5026228737751451,1.0933034206231986,0
4L,4,high elevation,158,13.522916666666667,75.92083333333333,0.4812397145103373,1.0885082301818687,0
4L,4,high elevation,159,13.527083333333332,76.46666666666667,0.463702107121769,1.2038030424989827,0
4L,4,high elevation,160,13.589583333333334,75.43541666666667,0.4947102512316611,1.3546412996756736,0
4L,4,high elevation,161,13.572916666666666,62.829166666666666,0.777036925615939,1.4636901571810048,0.04884951722112134
4L,4,high elevation,162,13.610416666666667,59.30625,0.8384828021060031,1.4937018224742384,0.11178870643719702
4L,4,high elevation,163,13.5875,57.66041666666666,0.8636073198878976,1.5195191349839288,0.136473791684964
4L,4,high elevation,164,13.654166666666667,78.55624999999999,0.41879783286495853,0.8938976584917157,0
4L,4,high elevation,165,13.729166666666668,79.575,0.3986570570550701,1.0542334884963427,0
4L,4,high elevation,166,13.639583333333334,73.92708333333333,0.5307640094810961,1.1918273087493754,0
4L,4,high elevation,167,13.597916666666666,80.45208333333333,0.3779870852496353,1.0097762941746236,0
4L,4,high elevation,168,13.585416666666667,73.58333333333333,0.5432619765078355,1.1821179213053887,0
4L,4,high elevation,169,13.556249999999999,68.00208333333333,0.6680998817999001,1.387251010992608,0
4L,4,high elevation,170,13.549999999999999,70.90416666666667,0.6023314621164237,1.1384256778074482,0
4L,4,high elevation,171,13.547916666666667,72.32708333333333,0.5701458788620067,1.2704865117776438,0
4L,4,high elevation,172,13.485416666666667,60.05416666666667,0.8271804920919962,1.5753174083203123,0.06880834514642105
4L,4,high elevation,173,13.49375,43.860416666666666,1.0685498350293998,1.740654130202724,0.18847391570587738
4L,4,high elevation,174,13.4,53.827083333333334,0.9325201915366951,1.7633010948867691,0.10767157116529585
4L,4,high elevation,175,10.792592592592593,41.21111111111111,0.9086366485947939,1.782786469753003,0.44863154652206605
4R,4,high elevation,-5,20.43125,86.92916666666666,0.3269419270640987,0.5633066907013461,0.11899158883013332
4R,4,high elevation,-4,20.416666666666668,89.41458333333334,0.26554901120601115,0.832704220910445,0.09304146436093054
4R,4,high elevation,-3,19.514583333333334,89.35833333333333,0.24704919886825039,0.5257340763259453,0.08141128131581432
4R,4,high elevation,-2,17.902083333333334,87.88958333333333,0.25480445025222487,0.4256344250339751,0.13474251341628
4R,4,high elevation,-1,17.872916666666665,86.2,0.28936379729048,0.460894081545665,0.16735195501208383
4R,4,high elevation,0,17.89375,85.96041666666666,0.2911093818709646,0.49428277941744375,0.1346794742466589
4R,4,high elevation,1,14.872916666666667,88.88333333333333,0.20595600949417114,0.44920784780543155,0
4R,4,high elevation,2,14.889583333333333,89.43125,0.19893221302482444,0.39666005894934914,0
4R,4,high elevation,3,14.322916666666668,85.1625,0.289146267373167,0.5725790275516267,0
4R,4,high elevation,4,13.841666666666667,85.76666666666667,0.267388689972277,0.5153344424638031,0
4R,4,high elevation,5,14.079166666666667,88.09791666666666,0.20971064193003325,0.47848304655577667,0
4R,4,high elevation,6,14.1625,88.26458333333333,0.20770262352304214,0.4884676878948856,0
4R,4,high elevation,7,14.19375,87.26041666666667,0.23252333411152562,0.5104202316524014,0
4R,4,high elevation,8,14.629166666666666,87.0125,0.24805751321255015,0.6569235035431652,0
4R,4,high elevation,9,14.958333333333334,86.38541666666667,0.2662610370730103,0.6517210435910346,0
4R,4,high elevation,10,14.777083333333334,87.64166666666667,0.23064997702333062,0.49815982052112573,0
4R,4,high elevation,11,14.249999999999998,89.14583333333333,0.19319535340235658,0.4254199273597669,0
4R,4,high elevation,12,14.047916666666666,89.18541666666667,0.18722377357438208,0.4880527074868922,0
4R,4,high elevation,13,14.033333333333333,85.74583333333334,0.26064991290591255,0.5489126267071129,0
4R,4,high elevation,14,14.075000000000001,86.51666666666667,0.2411898317732096,0.4932301554471546,0
4R,4,high elevation,15,14.654166666666667,87.10625,0.24009268892079594,0.6254187939890974,0
4R,4,high elevation,16,15.058333333333332,85.59791666666666,0.2765833690710066,0.6315647226552297,0
4R,4,high elevation,17,14.7875,84.30625,0.30395561363669027,0.6218290583716714,0
4R,4,high elevation,18,16.8,88.24583333333334,0.2616751297530413,0.7491843548902342,0
4R,4,high elevation,19,24.837500000000002,83.3,0.7097165015425791,1.5927063773993182,0
4R,4,high elevation,20,26.260416666666668,75.16458333333334,1.0339459622958416,1.760627497061227,0.2869884397392804
4R,4,high elevation,21,26.072916666666668,73.75833333333333,1.0767733761762612,1.948133812789922,0.297311764909758
4R,4,high elevation,22,25.6875,71.91666666666667,1.1142597669101226,2.133364407809405,0.33032672884966285
4R,4,high elevation,23,25.81875,71.07291666666667,1.1227285737693513,1.8243388642008256,0.353658796271605
4R,4,high elevation,24,26.022916666666667,69.05625,1.2632541598610854,2.3378310469963557,0.3490506954936539
4R,4,high elevation,25,23.179166666666664,72.61041666666667,0.9643350498469864,2.158639996785645,0.16431201247104424
4R,4,high elevation,26,16.956249999999997,87.19583333333333,0.2748284677181212,0.7200983219623796,0
4R,4,high elevation,27,16.972916666666666,88.18333333333334,0.2545386523711773,0.6951853008609237,0
4R,4,high elevation,28,16.225,86.08958333333334,0.2897478513918222,0.6583263761424301,0
4R,4,high elevation,29,14.677083333333334,86.31666666666666,0.2532797678275229,0.5096850657705357,0
4R,4,high elevation,30,14.249999999999998,88.34166666666667,0.2001533516268612,0.4781534020263014,0
4R,4,high elevation,31,14.125,88.95208333333333,0.1864859084626969,0.48309564968543994,0
4R,4,high elevation,32,14.0125,89.65,0.1734259923176325,0.45239488395911914,0
4R,4,high elevation,33,14.004166666666668,89.83958333333334,0.17572066686998716,0.45500705711401207,0
4R,4,high elevation,34,14.012500000000001,88.95208333333333,0.19489070448713863,0.48624945786528906,0
4R,4,high elevation,35,14.049999999999999,89.5875,0.17704357288018135,0.4852066405507828,0
4R,4,high elevation,36,13.997916666666665,90.38541666666667,0.16113952250330887,0.43701610711166583,0
4R,4,high elevation,37,13.987499999999999,90.6,0.1589896052052115,0.4477547091176203,0
4R,4,high elevation,38,13.941666666666666,90.18958333333333,0.16699257822501043,0.4612271223334243,0
4R,4,high elevation,39,14.070833333333333,89.81458333333333,0.17450611687010795,0.5905675940943605,0
4R,4,high elevation,40,13.925,89.45625,0.18252112396833156,0.6126862305772954,0
4R,4,high elevation,41,14.002083333333333,88.86875,0.19464276698682076,0.6320454879829098,0
4R,4,high elevation,42,14.135416666666666,88.25208333333333,0.2079636330057317,0.5919823939614499,0
4R,4,high elevation,43,15.027083333333334,86.15625,0.27882147425390513,0.5914030380184156,0
4R,4,high elevation,44,15.112499999999999,86.73958333333333,0.2628724259770413,0.5723224620586712,0
4R,4,high elevation,45,14.945833333333333,87.40625,0.2448174856407116,0.5423952308078027,0
4R,4,high elevation,46,14.5,89.2125,0.19737576658763203,0.6119270369865241,0
4R,4,high elevation,47,14.427083333333334,88.85416666666667,0.20886492929854036,0.6617362809035149,0
4R,4,high elevation,48,14.385416666666666,88.4,0.2165694551428796,0.6942212022450535,0
4R,4,high elevation,49,14.472916666666668,88.07916666666667,0.22453660343874493,0.671644415533393,0
4R,4,high elevation,50,14.46875,88.09583333333333,0.22217718643190568,0.6869391616620636,0
4R,4,high elevation,51,14.495833333333334,87.73541666666667,0.23128364328585432,0.6905352220686998,0
4R,4,high elevation,52,14.487499999999999,87.94583333333334,0.22611020775353396,0.6789714455210298,0
4R,4,high elevation,53,14.183333333333334,89.40625,0.18788220663039,0.5293396571483705,0
4R,4,high elevation,54,13.86875,90.34375,0.1700601653772499,0.5716866561950734,0
4R,4,high elevation,55,13.839583333333334,89.4625,0.1882867257191094,0.5941668308395366,0
4R,4,high elevation,56,13.864583333333334,86.45625,0.2573376921689129,0.6596999371821326,0
4R,4,high elevation,57,14.4,87.61875,0.23520352716860685,0.5035943974693426,0
4R,4,high elevation,58,14.41875,88.60833333333333,0.21000362877199794,0.49446423386812893,0
4R,4,high elevation,59,14.489583333333334,89.15208333333334,0.2001171182427347,0.5049224982913881,0
4R,4,high elevation,60,14.13125,90.80208333333333,0.16208204566268322,0.38316253167390313,0
4R,4,high elevation,61,13.935416666666667,91.71458333333334,0.14482004616476543,0.43427371117801605,0
4R,4,high elevation,62,13.997916666666669,91.08958333333334,0.15532633509747307,0.4485456171791716,0
4R,4,high elevation,63,13.960416666666667,90.85208333333334,0.15685679439161895,0.4648563668947778,0
4R,4,high elevation,64,14.204166666666667,90.68333333333334,0.16372794624542605,0.4674694919105178,0
4R,4,high elevation,65,14.208333333333334,90.375,0.17112320448877932,0.48494498693521004,0
4R,4,high elevation,66,14.227083333333335,90.28333333333333,0.1725334659589217,0.4703961471370794,0
4R,4,high elevation,67,14.208333333333334,90.83958333333334,0.16306709104175304,0.4473996820303438,0
4R,4,high elevation,68,14.193749999999998,91.35208333333334,0.1588793679157245,0.49149829756946956,0
4R,4,high elevation,69,14.252083333333335,90.74375,0.17275623815308844,0.5067893557160753,0
4R,4,high elevation,70,14.268749999999999,90.09583333333333,0.1876579220632981,0.5529659120733713,0
4R,4,high elevation,71,13.804166666666667,87.77291666666667,0.2299554331827909,0.6217274419337404,0
4R,4,high elevation,72,13.78125,83.51041666666667,0.33301028764233254,0.7640270344707112,0
4R,4,high elevation,73,14.041666666666666,81.30208333333333,0.3892331070737831,0.9643059658368198,0
4R,4,high elevation,74,14.35625,82.34583333333333,0.35860921662073597,0.9535523322515448,0
4R,4,high elevation,75,14.402083333333335,80.02083333333333,0.4154945888594447,1.0231470867528303,0
4R,4,high elevation,76,14.391666666666666,68,0.6925352867844922,1.3272653850958365,0.06483063046437328
4R,4,high elevation,77,14.322916666666666,64.93333333333334,0.741915276478402,1.3087972886381385,0.1268114273475664
4R,4,high elevation,78,13.770833333333332,65.225,0.7199283333607138,1.2906864465815897,0.11375072982484773
4R,4,high elevation,79,13.7875,73.175,0.5396860163364854,1.1058393235975623,0.07671200630542124
4R,4,high elevation,80,14.216666666666667,85.23958333333333,0.2795918539968404,0.753075793794188,0
4R,4,high elevation,81,14.356250000000001,87,0.23337440191036962,0.4612455619023285,0
4R,4,high elevation,82,14.070833333333333,89.32291666666667,0.18539746170273505,0.47669605663713616,0
4R,4,high elevation,83,14.08125,89.88958333333333,0.1749910105900075,0.4695041721221694,0
4R,4,high elevation,84,14.035416666666666,90.15,0.169784031705473,0.46689521060922873,0
4R,4,high elevation,85,13.799999999999999,90.525,0.1657186602791737,0.4628175231803271,0
4R,4,high elevation,86,13.7375,89.26041666666667,0.1951891249951822,0.526021678328301,0
4R,4,high elevation,87,13.745833333333334,86.4375,0.26482800775202503,0.7737119394155779,0
4R,4,high elevation,88,13.8375,85.90625,0.27419303458622024,0.7620111187142495,0
4R,4,high elevation,89,13.966666666666667,80.81875,0.39424783001731084,0.9428836817958332,0
4R,4,high elevation,90,13.979166666666668,76.58125,0.49258783198742145,1.0413071196777604,0
4R,4,high elevation,91,13.99375,73.61041666666667,0.559409775545082,1.2139396027596208,0
4R,4,high elevation,92,13.775,70.70625,0.6309531873665053,1.2640867678780503,0.00997479935819997
4R,4,high elevation,93,13.847916666666666,73.74375,0.5612746379984476,1.107079784694316,0
4R,4,high elevation,94,13.795833333333334,72.8375,0.5727058887812613,1.3260079218922927,0
4R,4,high elevation,95,13.74375,73.64791666666666,0.5368647554799428,1.2807961289832632,0.07265501689972871
4R,4,high elevation,96,13.7875,74.08333333333333,0.539847149959965,1.1771045244516274,0
4R,4,high elevation,97,13.775,67.725,0.6789103730725479,1.2511251761882842,0.04677649811463051
4R,4,high elevation,98,13.7875,69.50625,0.6239493436668833,1.2704865117776438,0.08871480872815518
4R,4,high elevation,99,13.591666666666667,72.45,0.5307403956225428,0.8792435985164416,0.1305390645059457
4R,4,high elevation,100,13.616666666666667,72.17916666666666,0.5458459259604227,0.9461069768556922,0.1264127427849901
4R,4,high elevation,101,13.675,69.41458333333334,0.5938653727230593,1.089665046508113,0.16626998099125825
4R,4,high elevation,102,13.735416666666667,73.92291666666667,0.5210624112493868,1.276251527074571,0.10334342606720702
4R,4,high elevation,103,13.729166666666666,68.31458333333333,0.6493702189759392,1.2675761878612035,0.05106994982208127
4R,4,high elevation,104,13.7375,60.71875,0.760294491331605,1.2993266511409638,0.22381701836334095
4R,4,high elevation,105,13.795833333333334,61.49375,0.7538197592997279,1.2827736153731724,0.2048107312612967
4R,4,high elevation,106,13.941666666666666,58.612500000000004,0.8359413118305808,1.4786024809497904,0.1698170418393498
4R,4,high elevation,107,13.95,54.36875,0.8955452820252533,1.4902040247907757,0.2619665119898382
4R,4,high elevation,108,13.954166666666666,57.91041666666667,0.8414400873893431,1.450398908936598,0.22537641987383264
4R,4,high elevation,109,13.76875,60.9,0.772420167275085,1.526058266564636,0.2001916650354632
4R,4,high elevation,110,13.622916666666667,56.449999999999996,0.8580641378318402,1.4588354634590115,0.2132318859013304
4R,4,high elevation,111,13.639583333333333,55.90833333333333,0.8573109634885402,1.4952456663739617,0.2303988597662681
4R,4,high elevation,112,13.660416666666666,49.84583333333333,0.9523949875808934,1.54600332739141,0.3120700703196177
4R,4,high elevation,113,13.9125,50.725,0.9644946004924898,1.5844889585481303,0.2956932153174221
4R,4,high elevation,114,13.925,50.825,0.9703688932277073,1.6120235218088403,0.2864174060623803
4R,4,high elevation,115,13.908333333333333,50.50625,0.9673939917650423,1.612107192094195,0.29545265546497906
4R,4,high elevation,116,13.920833333333334,54.675000000000004,0.8919492729012812,1.5086095893216032,0.23911888450028587
4R,4,high elevation,117,13.916666666666666,63.952083333333334,0.740054280154327,1.3967532999523802,0.10946609735138414
4R,4,high elevation,118,13.8375,83.61041666666667,0.3223538331053064,1.01126941430244,0
4R,4,high elevation,119,13.870833333333332,74.73125,0.5285287890411178,1.1225510474100413,0
4R,4,high elevation,120,13.941666666666666,71.3375,0.6024785000783096,1.2016169348479877,0
4R,4,high elevation,121,13.941666666666666,73.97291666666666,0.5401703769299047,1.0978252534142257,0
4R,4,high elevation,122,13.929166666666667,74.15416666666667,0.534988629560377,1.2313445409916315,0
4R,4,high elevation,123,13.7375,74.81041666666667,0.517679002257672,1.3203573993765687,0.021251658469497437
4R,4,high elevation,124,13.758333333333333,73.56458333333333,0.5605844078674735,1.1279561100695135,0
4R,4,high elevation,125,13.83125,77.35625,0.46939889950087776,1.0349330122086189,0
4R,4,high elevation,126,13.874999999999998,76.51458333333333,0.48916352393643114,1.0337976933339301,0
4R,4,high elevation,127,13.68125,75.60416666666667,0.5058677254918534,1.1088238714624012,0
4R,4,high elevation,128,13.725,70.02083333333333,0.6372821955489604,1.3392942919126034,0
4R,4,high elevation,129,13.775,65.96041666666666,0.7280791128115668,1.3920622019644346,0.037212218785617666
4R,4,high elevation,130,13.891666666666667,74.01458333333333,0.5382594485935622,1.3196349261597577,0
4R,4,high elevation,131,14.308333333333334,67.9125,0.7053865721170838,1.4152669093408443,0
4R,4,high elevation,132,14.285416666666666,62.53541666666667,0.8208350392387523,1.521198831773165,0.09094256632062957
4R,4,high elevation,133,14.05625,61.02916666666667,0.8064995610714873,1.4192815789838704,0.15124144181582955
4R,4,high elevation,134,13.791666666666666,66.18124999999999,0.7163825834790694,1.273763707333685,0.08246514276744134
4R,4,high elevation,135,13.797916666666666,66.76458333333333,0.7069954914576296,1.3574460903702923,0.06727435157185892
4R,4,high elevation,136,13.785416666666666,63.3625,0.7750525260861791,1.4612944251527191,0.07552693829376932
4R,4,high elevation,137,13.827083333333333,62.15416666666667,0.7467962134287597,1.3895896225648532,0.1945664437761998
4R,4,high elevation,138,13.952083333333334,57.45,0.8696487826520535,1.5118978372244403,0.1995997004627779
4R,4,high elevation,139,13.945833333333333,56.00625,0.9017142074535535,1.5644638216312503,0.20581299937693653
4R,4,high elevation,140,13.879166666666666,54.300000000000004,0.9257283234196397,1.6169828331715466,0.21926789197384214
4R,4,high elevation,141,13.720833333333333,54.18958333333333,0.9207734944554934,1.5702918395085386,0.21444587923754763
4R,4,high elevation,142,13.689583333333333,51.425,0.9622986034589953,1.6294298243242673,0.24681795109864582
4R,4,high elevation,143,13.7375,53.025,0.9365015082570634,1.5799782363326356,0.2359801934706067
4R,4,high elevation,144,13.664583333333335,62.75833333333333,0.7206099658037923,1.522545681422295,0.1969684369766527
4R,4,high elevation,145,13.702083333333333,58.947916666666664,0.8417537677661256,1.469537590025205,0.16840647204925657
4R,4,high elevation,146,13.779166666666667,55.043749999999996,0.921007197944484,1.6120679917333351,0.1779944132311954
4R,4,high elevation,147,13.793750000000001,50.15833333333333,0.9751675135255771,1.5946924539079919,0.2665398573766631
4R,4,high elevation,148,13.770833333333332,54.02916666666667,0.9203768566158105,1.5453621247384932,0.22759501928195164
4R,4,high elevation,149,13.822916666666666,51.11666666666667,0.9842006309288583,1.6689910947175728,0.23328840419147434
4R,4,high elevation,150,13.783333333333333,49.91041666666667,0.980234833623443,1.6047040303284514,0.2611198547572312
4R,4,high elevation,151,13.827083333333334,51.65416666666667,0.9741723668676314,1.6566281977196649,0.23109562058653915
4R,4,high elevation,152,13.835416666666667,49.12291666666666,1.0015474040911816,1.6640459359184094,0.2876755928470873
4R,4,high elevation,153,13.810416666666667,57.833333333333336,0.8972142435729639,1.6665185153179913,0.10571241801040539
4R,4,high elevation,154,13.845833333333333,48.62916666666667,1.0136841870999762,1.7377973566475897,0.26469261244801895
4R,4,high elevation,155,13.68125,46.075,1.0510311730512778,1.7456410561046019,0.25213092914540103
4R,4,high elevation,156,13.70625,65.96458333333334,0.6715410844869452,1.1844767866089447,0.005575193652098433
4R,4,high elevation,157,13.745833333333334,75.19583333333333,0.5121808447732117,1.1225510474100413,0
4R,4,high elevation,158,13.741666666666667,76.24166666666666,0.48748708010663777,1.108296744316668,0
4R,4,high elevation,159,13.79375,76.64791666666666,0.47345791740514076,1.2306648585253226,0
4R,4,high elevation,160,13.620833333333334,76.35833333333333,0.4870118555139894,1.3593142421581472,0
4R,4,high elevation,161,13.63125,63.52083333333333,0.7780373076978108,1.4852283853090036,0.03387487761054578
4R,4,high elevation,162,13.652083333333334,60.112500000000004,0.841258612788682,1.5118105207824373,0.08726537091898523
4R,4,high elevation,163,13.625,58.485416666666666,0.8651783351403965,1.5358879494410589,0.12118137671269248
4R,4,high elevation,164,13.697916666666666,79.35416666666667,0.41543891247633524,0.8945011417544726,0
4R,4,high elevation,165,13.775,80.34166666666667,0.39456338782016215,1.048373665422594,0
4R,4,high elevation,166,13.731250000000001,74.7,0.5315450232168659,1.1992010087970708,0
4R,4,high elevation,167,13.5,81.5625,0.36115707551299847,0.9842718263318335,0
4R,4,high elevation,168,13.45625,74.60208333333333,0.5296853466209979,1.1651264932784118,0
4R,4,high elevation,169,13.427083333333334,69.2,0.6513539268484,1.3677122643589095,0
4R,4,high elevation,170,13.429166666666667,72.08125,0.5853964609039802,1.1190069029194747,0
4R,4,high elevation,171,13.408333333333333,73.31041666666667,0.5554385460326996,1.2379468991083127,0
4R,4,high elevation,172,13.364583333333334,61.18749999999999,0.8132074363648435,1.5704925464265285,0.031877487704245935
4R,4,high elevation,173,13.412500000000001,44.7,1.0588484914657867,1.7466000055496265,0.1762645110482682
4R,4,high elevation,174,13.420833333333333,54.74791666666667,0.935850009842933,1.7865448627898395,0.09226418063642443
4R,4,high elevation,175,10.537037037037036,42.06666666666666,0.8926286032179086,1.7755491769123273,0.4249545390124089
