date,spp,TreeID,id,temp,water,brown
2025-07-24T07:00:00Z,PIEN,PIEN1,1,ambient,water,5
2025-07-24T07:00:00Z,PIEN,PIEN2,2,ambient,drought,5
2025-07-24T07:00:00Z,PIEN,PIEN3,3,ambient,drought,5
2025-07-24T07:00:00Z,PIEN,PIEN4,4,ambient,drought,5
2025-07-24T07:00:00Z,PIEN,PIEN5,5,ambient,drought,5
2025-07-24T07:00:00Z,PIEN,PIEN6,6,ambient,drought,5
2025-07-24T07:00:00Z,PIEN,PIEN7,7,ambient,drought,5
2025-07-24T07:00:00Z,PIEN,PIEN8,8,ambient,drought,5
2025-07-24T07:00:00Z,PIEN,PIEN9,9,ambient,water,5
2025-07-24T07:00:00Z,PIEN,PIEN10,10,ambient,drought,5
2025-07-24T07:00:00Z,PIEN,PIEN11,11,ambient,drought,5
2025-07-24T07:00:00Z,PIEN,PIEN12,12,ambient,drought,5
2025-07-24T07:00:00Z,PIEN,PIEN13,13,ambient,drought,5
2025-07-24T07:00:00Z,PIEN,PIEN14,14,ambient,drought,5
2025-07-24T07:00:00Z,PIEN,PIEN15,15,ambient,drought,5
2025-07-24T07:00:00Z,PIEN,PIEN16,16,ambient,drought,5
2025-07-24T07:00:00Z,PIEN,PIEN17,17,ambient,drought,5
2025-07-24T07:00:00Z,PIEN,PIEN18,18,ambient,water,5
2025-07-24T07:00:00Z,PIEN,PIEN19,19,ambient,drought,5
2025-07-24T07:00:00Z,PIEN,PIEN20,20,ambient,drought,5
2025-07-24T07:00:00Z,PIEN,PIEN21,21,ambient,drought,5
2025-07-24T07:00:00Z,PIEN,PIEN22,22,ambient,drought,5
2025-07-24T07:00:00Z,PIEN,PIEN23,23,ambient,drought,5
2025-07-24T07:00:00Z,PIEN,PIEN24,24,ambient,water,5
2025-07-24T07:00:00Z,PIEN,PIEN25,25,ambient,drought,5
2025-07-24T07:00:00Z,PIEN,PIEN26,26,ambient,drought,5
2025-07-24T07:00:00Z,PIEN,PIEN27,27,ambient,water,5
2025-07-24T07:00:00Z,PIEN,PIEN28,28,ambient,drought,5
2025-07-24T07:00:00Z,PIEN,PIEN29,29,ambient,drought,5
2025-07-24T07:00:00Z,PIEN,PIEN30,30,ambient,drought,5
2025-07-24T07:00:00Z,PIEN,PIEN31,31,heatwave,water,5
2025-07-24T07:00:00Z,PIEN,PIEN32,32,heatwave,drought,5
2025-07-24T07:00:00Z,PIEN,PIEN33,33,heatwave,drought,5
2025-07-24T07:00:00Z,PIEN,PIEN34,34,heatwave,water,5
2025-07-24T07:00:00Z,PIEN,PIEN35,35,heatwave,drought,5
2025-07-24T07:00:00Z,PIEN,PIEN36,36,heatwave,drought,5
2025-07-24T07:00:00Z,PIEN,PIEN37,37,heatwave,drought,5
2025-07-24T07:00:00Z,PIEN,PIEN38,38,heatwave,water,5
2025-07-24T07:00:00Z,PIEN,PIEN39,39,heatwave,drought,5
2025-07-24T07:00:00Z,PIEN,PIEN40,40,heatwave,drought,5
2025-07-24T07:00:00Z,PIEN,PIEN41,41,heatwave,drought,5
2025-07-24T07:00:00Z,PIEN,PIEN42,42,heatwave,water,5
2025-07-24T07:00:00Z,PIEN,PIEN43,43,heatwave,drought,5
2025-07-24T07:00:00Z,PIEN,PIEN44,44,heatwave,drought,5
2025-07-24T07:00:00Z,PIEN,PIEN45,45,heatwave,drought,5
2025-07-24T07:00:00Z,PIEN,PIEN46,46,heatwave,water,5
2025-07-24T07:00:00Z,PIEN,PIEN47,47,heatwave,drought,5
2025-07-24T07:00:00Z,PIEN,PIEN48,48,heatwave,drought,5
2025-07-24T07:00:00Z,PIEN,PIEN49,49,heatwave,drought,5
2025-07-24T07:00:00Z,PIEN,PIEN50,50,heatwave,drought,5
2025-07-24T07:00:00Z,PIEN,PIEN51,51,heatwave,drought,5
2025-07-24T07:00:00Z,PIEN,PIEN52,52,heatwave,drought,5
2025-07-24T07:00:00Z,PIEN,PIEN53,53,heatwave,drought,5
2025-07-24T07:00:00Z,PIEN,PIEN54,54,heatwave,drought,5
2025-07-24T07:00:00Z,PIEN,PIEN55,55,heatwave,drought,5
2025-07-24T07:00:00Z,PIEN,PIEN56,56,heatwave,drought,5
2025-07-24T07:00:00Z,PIEN,PIEN57,57,heatwave,drought,5
2025-07-24T07:00:00Z,PIEN,PIEN58,58,heatwave,drought,5
2025-07-24T07:00:00Z,PIEN,PIEN59,59,heatwave,drought,5
2025-07-24T07:00:00Z,PIEN,PIEN60,60,heatwave,drought,5
2025-07-31T07:00:00Z,PIEN,PIEN1,1,ambient,water,5
2025-07-31T07:00:00Z,PIEN,PIEN2,2,ambient,drought,5
2025-07-31T07:00:00Z,PIEN,PIEN3,3,ambient,drought,5
2025-07-31T07:00:00Z,PIEN,PIEN4,4,ambient,drought,5
2025-07-31T07:00:00Z,PIEN,PIEN5,5,ambient,drought,5
2025-07-31T07:00:00Z,PIEN,PIEN6,6,ambient,drought,5
2025-07-31T07:00:00Z,PIEN,PIEN7,7,ambient,drought,5
2025-07-31T07:00:00Z,PIEN,PIEN8,8,ambient,drought,5
2025-07-31T07:00:00Z,PIEN,PIEN9,9,ambient,water,5
2025-07-31T07:00:00Z,PIEN,PIEN10,10,ambient,drought,5
2025-07-31T07:00:00Z,PIEN,PIEN11,11,ambient,drought,5
2025-07-31T07:00:00Z,PIEN,PIEN12,12,ambient,drought,5
2025-07-31T07:00:00Z,PIEN,PIEN13,13,ambient,drought,5
2025-07-31T07:00:00Z,PIEN,PIEN14,14,ambient,drought,5
2025-07-31T07:00:00Z,PIEN,PIEN15,15,ambient,drought,5
2025-07-31T07:00:00Z,PIEN,PIEN16,16,ambient,drought,5
2025-07-31T07:00:00Z,PIEN,PIEN17,17,ambient,drought,5
2025-07-31T07:00:00Z,PIEN,PIEN18,18,ambient,water,5
2025-07-31T07:00:00Z,PIEN,PIEN19,19,ambient,drought,5
2025-07-31T07:00:00Z,PIEN,PIEN20,20,ambient,drought,5
2025-07-31T07:00:00Z,PIEN,PIEN21,21,ambient,drought,5
2025-07-31T07:00:00Z,PIEN,PIEN22,22,ambient,drought,5
2025-07-31T07:00:00Z,PIEN,PIEN23,23,ambient,drought,5
2025-07-31T07:00:00Z,PIEN,PIEN24,24,ambient,water,5
2025-07-31T07:00:00Z,PIEN,PIEN25,25,ambient,drought,5
2025-07-31T07:00:00Z,PIEN,PIEN26,26,ambient,drought,5
2025-07-31T07:00:00Z,PIEN,PIEN27,27,ambient,water,5
2025-07-31T07:00:00Z,PIEN,PIEN28,28,ambient,drought,5
2025-07-31T07:00:00Z,PIEN,PIEN29,29,ambient,drought,5
2025-07-31T07:00:00Z,PIEN,PIEN30,30,ambient,drought,5
2025-07-31T07:00:00Z,PIEN,PIEN31,31,heatwave,water,5
2025-07-31T07:00:00Z,PIEN,PIEN32,32,heatwave,drought,5
2025-07-31T07:00:00Z,PIEN,PIEN33,33,heatwave,drought,5
2025-07-31T07:00:00Z,PIEN,PIEN34,34,heatwave,water,5
2025-07-31T07:00:00Z,PIEN,PIEN35,35,heatwave,drought,5
2025-07-31T07:00:00Z,PIEN,PIEN36,36,heatwave,drought,5
2025-07-31T07:00:00Z,PIEN,PIEN37,37,heatwave,drought,5
2025-07-31T07:00:00Z,PIEN,PIEN38,38,heatwave,water,5
2025-07-31T07:00:00Z,PIEN,PIEN39,39,heatwave,drought,5
2025-07-31T07:00:00Z,PIEN,PIEN40,40,heatwave,drought,5
2025-07-31T07:00:00Z,PIEN,PIEN41,41,heatwave,drought,5
2025-07-31T07:00:00Z,PIEN,PIEN42,42,heatwave,water,5
2025-07-31T07:00:00Z,PIEN,PIEN43,43,heatwave,drought,5
2025-07-31T07:00:00Z,PIEN,PIEN44,44,heatwave,drought,5
2025-07-31T07:00:00Z,PIEN,PIEN45,45,heatwave,drought,5
2025-07-31T07:00:00Z,PIEN,PIEN46,46,heatwave,water,5
2025-07-31T07:00:00Z,PIEN,PIEN47,47,heatwave,drought,5
2025-07-31T07:00:00Z,PIEN,PIEN48,48,heatwave,drought,5
2025-07-31T07:00:00Z,PIEN,PIEN49,49,heatwave,drought,5
2025-07-31T07:00:00Z,PIEN,PIEN50,50,heatwave,drought,5
2025-07-31T07:00:00Z,PIEN,PIEN51,51,heatwave,drought,5
2025-07-31T07:00:00Z,PIEN,PIEN52,52,heatwave,drought,5
2025-07-31T07:00:00Z,PIEN,PIEN53,53,heatwave,drought,5
2025-07-31T07:00:00Z,PIEN,PIEN54,54,heatwave,drought,5
2025-07-31T07:00:00Z,PIEN,PIEN55,55,heatwave,drought,5
2025-07-31T07:00:00Z,PIEN,PIEN56,56,heatwave,drought,5
2025-07-31T07:00:00Z,PIEN,PIEN57,57,heatwave,drought,5
2025-07-31T07:00:00Z,PIEN,PIEN58,58,heatwave,drought,5
2025-07-31T07:00:00Z,PIEN,PIEN59,59,heatwave,drought,5
2025-07-31T07:00:00Z,PIEN,PIEN60,60,heatwave,drought,5
2025-08-07T07:00:00Z,PIEN,PIEN1,1,ambient,water,5
2025-08-07T07:00:00Z,PIEN,PIEN2,2,ambient,drought,5
2025-08-07T07:00:00Z,PIEN,PIEN3,3,ambient,drought,5
2025-08-07T07:00:00Z,PIEN,PIEN4,4,ambient,drought,5
2025-08-07T07:00:00Z,PIEN,PIEN5,5,ambient,drought,5
2025-08-07T07:00:00Z,PIEN,PIEN6,6,ambient,drought,5
2025-08-07T07:00:00Z,PIEN,PIEN7,7,ambient,drought,5
2025-08-07T07:00:00Z,PIEN,PIEN8,8,ambient,drought,5
2025-08-07T07:00:00Z,PIEN,PIEN9,9,ambient,water,5
2025-08-07T07:00:00Z,PIEN,PIEN10,10,ambient,drought,5
2025-08-07T07:00:00Z,PIEN,PIEN11,11,ambient,drought,5
2025-08-07T07:00:00Z,PIEN,PIEN12,12,ambient,drought,5
2025-08-07T07:00:00Z,PIEN,PIEN13,13,ambient,drought,5
2025-08-07T07:00:00Z,PIEN,PIEN14,14,ambient,drought,5
2025-08-07T07:00:00Z,PIEN,PIEN15,15,ambient,drought,5
2025-08-07T07:00:00Z,PIEN,PIEN16,16,ambient,drought,5
2025-08-07T07:00:00Z,PIEN,PIEN17,17,ambient,drought,5
2025-08-07T07:00:00Z,PIEN,PIEN18,18,ambient,water,5
2025-08-07T07:00:00Z,PIEN,PIEN19,19,ambient,drought,5
2025-08-07T07:00:00Z,PIEN,PIEN20,20,ambient,drought,5
2025-08-07T07:00:00Z,PIEN,PIEN21,21,ambient,drought,5
2025-08-07T07:00:00Z,PIEN,PIEN22,22,ambient,drought,5
2025-08-07T07:00:00Z,PIEN,PIEN23,23,ambient,drought,5
2025-08-07T07:00:00Z,PIEN,PIEN24,24,ambient,water,5
2025-08-07T07:00:00Z,PIEN,PIEN25,25,ambient,drought,5
2025-08-07T07:00:00Z,PIEN,PIEN26,26,ambient,drought,5
2025-08-07T07:00:00Z,PIEN,PIEN27,27,ambient,water,5
2025-08-07T07:00:00Z,PIEN,PIEN28,28,ambient,drought,5
2025-08-07T07:00:00Z,PIEN,PIEN29,29,ambient,drought,5
2025-08-07T07:00:00Z,PIEN,PIEN30,30,ambient,drought,5
2025-08-07T07:00:00Z,PIEN,PIEN31,31,heatwave,water,5
2025-08-07T07:00:00Z,PIEN,PIEN32,32,heatwave,drought,5
2025-08-07T07:00:00Z,PIEN,PIEN33,33,heatwave,drought,5
2025-08-07T07:00:00Z,PIEN,PIEN34,34,heatwave,water,5
2025-08-07T07:00:00Z,PIEN,PIEN35,35,heatwave,drought,5
2025-08-07T07:00:00Z,PIEN,PIEN36,36,heatwave,drought,5
2025-08-07T07:00:00Z,PIEN,PIEN37,37,heatwave,drought,5
2025-08-07T07:00:00Z,PIEN,PIEN38,38,heatwave,water,5
2025-08-07T07:00:00Z,PIEN,PIEN39,39,heatwave,drought,5
2025-08-07T07:00:00Z,PIEN,PIEN40,40,heatwave,drought,5
2025-08-07T07:00:00Z,PIEN,PIEN41,41,heatwave,drought,5
2025-08-07T07:00:00Z,PIEN,PIEN42,42,heatwave,water,5
2025-08-07T07:00:00Z,PIEN,PIEN43,43,heatwave,drought,5
2025-08-07T07:00:00Z,PIEN,PIEN44,44,heatwave,drought,5
2025-08-07T07:00:00Z,PIEN,PIEN45,45,heatwave,drought,5
2025-08-07T07:00:00Z,PIEN,PIEN46,46,heatwave,water,5
2025-08-07T07:00:00Z,PIEN,PIEN47,47,heatwave,drought,5
2025-08-07T07:00:00Z,PIEN,PIEN48,48,heatwave,drought,5
2025-08-07T07:00:00Z,PIEN,PIEN49,49,heatwave,drought,5
2025-08-07T07:00:00Z,PIEN,PIEN50,50,heatwave,drought,5
2025-08-07T07:00:00Z,PIEN,PIEN51,51,heatwave,drought,5
2025-08-07T07:00:00Z,PIEN,PIEN52,52,heatwave,drought,5
2025-08-07T07:00:00Z,PIEN,PIEN53,53,heatwave,drought,5
2025-08-07T07:00:00Z,PIEN,PIEN54,54,heatwave,drought,5
2025-08-07T07:00:00Z,PIEN,PIEN55,55,heatwave,drought,5
2025-08-07T07:00:00Z,PIEN,PIEN56,56,heatwave,drought,5
2025-08-07T07:00:00Z,PIEN,PIEN57,57,heatwave,drought,5
2025-08-07T07:00:00Z,PIEN,PIEN58,58,heatwave,drought,5
2025-08-07T07:00:00Z,PIEN,PIEN59,59,heatwave,drought,5
2025-08-07T07:00:00Z,PIEN,PIEN60,60,heatwave,drought,5
2025-08-14T07:00:00Z,PIEN,PIEN1,1,ambient,water,5
2025-08-14T07:00:00Z,PIEN,PIEN2,2,ambient,drought,5
2025-08-14T07:00:00Z,PIEN,PIEN3,3,ambient,drought,5
2025-08-14T07:00:00Z,PIEN,PIEN4,4,ambient,drought,5
2025-08-14T07:00:00Z,PIEN,PIEN5,5,ambient,drought,5
2025-08-14T07:00:00Z,PIEN,PIEN6,6,ambient,drought,5
2025-08-14T07:00:00Z,PIEN,PIEN7,7,ambient,drought,5
2025-08-14T07:00:00Z,PIEN,PIEN8,8,ambient,drought,5
2025-08-14T07:00:00Z,PIEN,PIEN9,9,ambient,water,5
2025-08-14T07:00:00Z,PIEN,PIEN10,10,ambient,drought,5
2025-08-14T07:00:00Z,PIEN,PIEN11,11,ambient,drought,5
2025-08-14T07:00:00Z,PIEN,PIEN12,12,ambient,drought,5
2025-08-14T07:00:00Z,PIEN,PIEN13,13,ambient,drought,5
2025-08-14T07:00:00Z,PIEN,PIEN14,14,ambient,drought,5
2025-08-14T07:00:00Z,PIEN,PIEN15,15,ambient,drought,5
2025-08-14T07:00:00Z,PIEN,PIEN16,16,ambient,drought,5
2025-08-14T07:00:00Z,PIEN,PIEN17,17,ambient,drought,5
2025-08-14T07:00:00Z,PIEN,PIEN18,18,ambient,water,5
2025-08-14T07:00:00Z,PIEN,PIEN19,19,ambient,drought,5
2025-08-14T07:00:00Z,PIEN,PIEN20,20,ambient,drought,5
2025-08-14T07:00:00Z,PIEN,PIEN21,21,ambient,drought,5
2025-08-14T07:00:00Z,PIEN,PIEN22,22,ambient,drought,5
2025-08-14T07:00:00Z,PIEN,PIEN23,23,ambient,drought,5
2025-08-14T07:00:00Z,PIEN,PIEN24,24,ambient,water,5
2025-08-14T07:00:00Z,PIEN,PIEN25,25,ambient,drought,5
2025-08-14T07:00:00Z,PIEN,PIEN26,26,ambient,drought,5
2025-08-14T07:00:00Z,PIEN,PIEN27,27,ambient,water,5
2025-08-14T07:00:00Z,PIEN,PIEN28,28,ambient,drought,5
2025-08-14T07:00:00Z,PIEN,PIEN29,29,ambient,drought,5
2025-08-14T07:00:00Z,PIEN,PIEN30,30,ambient,drought,5
2025-08-14T07:00:00Z,PIEN,PIEN31,31,heatwave,water,5
2025-08-14T07:00:00Z,PIEN,PIEN32,32,heatwave,drought,5
2025-08-14T07:00:00Z,PIEN,PIEN33,33,heatwave,drought,5
2025-08-14T07:00:00Z,PIEN,PIEN34,34,heatwave,water,5
2025-08-14T07:00:00Z,PIEN,PIEN35,35,heatwave,drought,5
2025-08-14T07:00:00Z,PIEN,PIEN36,36,heatwave,drought,5
2025-08-14T07:00:00Z,PIEN,PIEN37,37,heatwave,drought,5
2025-08-14T07:00:00Z,PIEN,PIEN38,38,heatwave,water,5
2025-08-14T07:00:00Z,PIEN,PIEN39,39,heatwave,drought,5
2025-08-14T07:00:00Z,PIEN,PIEN40,40,heatwave,drought,5
2025-08-14T07:00:00Z,PIEN,PIEN41,41,heatwave,drought,5
2025-08-14T07:00:00Z,PIEN,PIEN42,42,heatwave,water,5
2025-08-14T07:00:00Z,PIEN,PIEN43,43,heatwave,drought,5
2025-08-14T07:00:00Z,PIEN,PIEN44,44,heatwave,drought,5
2025-08-14T07:00:00Z,PIEN,PIEN45,45,heatwave,drought,5
2025-08-14T07:00:00Z,PIEN,PIEN46,46,heatwave,water,5
2025-08-14T07:00:00Z,PIEN,PIEN47,47,heatwave,drought,5
2025-08-14T07:00:00Z,PIEN,PIEN48,48,heatwave,drought,5
2025-08-14T07:00:00Z,PIEN,PIEN49,49,heatwave,drought,5
2025-08-14T07:00:00Z,PIEN,PIEN50,50,heatwave,drought,5
2025-08-14T07:00:00Z,PIEN,PIEN51,51,heatwave,drought,5
2025-08-14T07:00:00Z,PIEN,PIEN52,52,heatwave,drought,5
2025-08-14T07:00:00Z,PIEN,PIEN53,53,heatwave,drought,5
2025-08-14T07:00:00Z,PIEN,PIEN54,54,heatwave,drought,5
2025-08-14T07:00:00Z,PIEN,PIEN55,55,heatwave,drought,5
2025-08-14T07:00:00Z,PIEN,PIEN56,56,heatwave,drought,5
2025-08-14T07:00:00Z,PIEN,PIEN57,57,heatwave,drought,5
2025-08-14T07:00:00Z,PIEN,PIEN58,58,heatwave,drought,5
2025-08-14T07:00:00Z,PIEN,PIEN59,59,heatwave,drought,5
2025-08-14T07:00:00Z,PIEN,PIEN60,60,heatwave,drought,5
2025-08-19T07:00:00Z,PIEN,PIEN1,1,ambient,water,5
2025-08-19T07:00:00Z,PIEN,PIEN2,2,ambient,drought,5
2025-08-19T07:00:00Z,PIEN,PIEN3,3,ambient,drought,5
2025-08-19T07:00:00Z,PIEN,PIEN4,4,ambient,drought,5
2025-08-19T07:00:00Z,PIEN,PIEN5,5,ambient,drought,5
2025-08-19T07:00:00Z,PIEN,PIEN6,6,ambient,drought,5
2025-08-19T07:00:00Z,PIEN,PIEN7,7,ambient,drought,5
2025-08-19T07:00:00Z,PIEN,PIEN8,8,ambient,drought,5
2025-08-19T07:00:00Z,PIEN,PIEN9,9,ambient,water,5
2025-08-19T07:00:00Z,PIEN,PIEN10,10,ambient,drought,5
2025-08-19T07:00:00Z,PIEN,PIEN11,11,ambient,drought,5
2025-08-19T07:00:00Z,PIEN,PIEN12,12,ambient,drought,5
2025-08-19T07:00:00Z,PIEN,PIEN13,13,ambient,drought,5
2025-08-19T07:00:00Z,PIEN,PIEN14,14,ambient,drought,5
2025-08-19T07:00:00Z,PIEN,PIEN15,15,ambient,drought,5
2025-08-19T07:00:00Z,PIEN,PIEN16,16,ambient,drought,5
2025-08-19T07:00:00Z,PIEN,PIEN17,17,ambient,drought,5
2025-08-19T07:00:00Z,PIEN,PIEN18,18,ambient,water,5
2025-08-19T07:00:00Z,PIEN,PIEN19,19,ambient,drought,5
2025-08-19T07:00:00Z,PIEN,PIEN20,20,ambient,drought,5
2025-08-19T07:00:00Z,PIEN,PIEN21,21,ambient,drought,5
2025-08-19T07:00:00Z,PIEN,PIEN22,22,ambient,drought,5
2025-08-19T07:00:00Z,PIEN,PIEN23,23,ambient,drought,5
2025-08-19T07:00:00Z,PIEN,PIEN24,24,ambient,water,5
2025-08-19T07:00:00Z,PIEN,PIEN25,25,ambient,drought,5
2025-08-19T07:00:00Z,PIEN,PIEN26,26,ambient,drought,5
2025-08-19T07:00:00Z,PIEN,PIEN27,27,ambient,water,5
2025-08-19T07:00:00Z,PIEN,PIEN28,28,ambient,drought,5
2025-08-19T07:00:00Z,PIEN,PIEN29,29,ambient,drought,5
2025-08-19T07:00:00Z,PIEN,PIEN30,30,ambient,drought,5
2025-08-19T07:00:00Z,PIEN,PIEN31,31,heatwave,water,5
2025-08-19T07:00:00Z,PIEN,PIEN32,32,heatwave,drought,5
2025-08-19T07:00:00Z,PIEN,PIEN33,33,heatwave,drought,5
2025-08-19T07:00:00Z,PIEN,PIEN34,34,heatwave,water,5
2025-08-19T07:00:00Z,PIEN,PIEN35,35,heatwave,drought,5
2025-08-19T07:00:00Z,PIEN,PIEN36,36,heatwave,drought,5
2025-08-19T07:00:00Z,PIEN,PIEN37,37,heatwave,drought,5
2025-08-19T07:00:00Z,PIEN,PIEN38,38,heatwave,water,5
2025-08-19T07:00:00Z,PIEN,PIEN39,39,heatwave,drought,5
2025-08-19T07:00:00Z,PIEN,PIEN40,40,heatwave,drought,5
2025-08-19T07:00:00Z,PIEN,PIEN41,41,heatwave,drought,5
2025-08-19T07:00:00Z,PIEN,PIEN42,42,heatwave,water,5
2025-08-19T07:00:00Z,PIEN,PIEN43,43,heatwave,drought,5
2025-08-19T07:00:00Z,PIEN,PIEN44,44,heatwave,drought,5
2025-08-19T07:00:00Z,PIEN,PIEN45,45,heatwave,drought,5
2025-08-19T07:00:00Z,PIEN,PIEN46,46,heatwave,water,5
2025-08-19T07:00:00Z,PIEN,PIEN47,47,heatwave,drought,5
2025-08-19T07:00:00Z,PIEN,PIEN48,48,heatwave,drought,5
2025-08-19T07:00:00Z,PIEN,PIEN49,49,heatwave,drought,5
2025-08-19T07:00:00Z,PIEN,PIEN50,50,heatwave,drought,5
2025-08-19T07:00:00Z,PIEN,PIEN51,51,heatwave,drought,5
2025-08-19T07:00:00Z,PIEN,PIEN52,52,heatwave,drought,5
2025-08-19T07:00:00Z,PIEN,PIEN53,53,heatwave,drought,5
2025-08-19T07:00:00Z,PIEN,PIEN54,54,heatwave,drought,5
2025-08-19T07:00:00Z,PIEN,PIEN55,55,heatwave,drought,5
2025-08-19T07:00:00Z,PIEN,PIEN56,56,heatwave,drought,5
2025-08-19T07:00:00Z,PIEN,PIEN57,57,heatwave,drought,5
2025-08-19T07:00:00Z,PIEN,PIEN58,58,heatwave,drought,5
2025-08-19T07:00:00Z,PIEN,PIEN59,59,heatwave,drought,5
2025-08-19T07:00:00Z,PIEN,PIEN60,60,heatwave,drought,5
2025-08-29T07:00:00Z,PIEN,PIEN1,1,ambient,water,5
2025-08-29T07:00:00Z,PIEN,PIEN2,2,ambient,drought,5
2025-08-29T07:00:00Z,PIEN,PIEN3,3,ambient,drought,5
2025-08-29T07:00:00Z,PIEN,PIEN4,4,ambient,drought,5
2025-08-29T07:00:00Z,PIEN,PIEN5,5,ambient,drought,5
2025-08-29T07:00:00Z,PIEN,PIEN6,6,ambient,drought,5
2025-08-29T07:00:00Z,PIEN,PIEN7,7,ambient,drought,5
2025-08-29T07:00:00Z,PIEN,PIEN8,8,ambient,drought,5
2025-08-29T07:00:00Z,PIEN,PIEN9,9,ambient,water,5
2025-08-29T07:00:00Z,PIEN,PIEN10,10,ambient,drought,5
2025-08-29T07:00:00Z,PIEN,PIEN11,11,ambient,drought,5
2025-08-29T07:00:00Z,PIEN,PIEN12,12,ambient,drought,5
2025-08-29T07:00:00Z,PIEN,PIEN13,13,ambient,drought,5
2025-08-29T07:00:00Z,PIEN,PIEN14,14,ambient,drought,5
2025-08-29T07:00:00Z,PIEN,PIEN15,15,ambient,drought,5
2025-08-29T07:00:00Z,PIEN,PIEN16,16,ambient,drought,5
2025-08-29T07:00:00Z,PIEN,PIEN17,17,ambient,drought,5
2025-08-29T07:00:00Z,PIEN,PIEN18,18,ambient,water,5
2025-08-29T07:00:00Z,PIEN,PIEN19,19,ambient,drought,5
2025-08-29T07:00:00Z,PIEN,PIEN20,20,ambient,drought,5
2025-08-29T07:00:00Z,PIEN,PIEN21,21,ambient,drought,5
2025-08-29T07:00:00Z,PIEN,PIEN22,22,ambient,drought,5
2025-08-29T07:00:00Z,PIEN,PIEN23,23,ambient,drought,5
2025-08-29T07:00:00Z,PIEN,PIEN24,24,ambient,water,5
2025-08-29T07:00:00Z,PIEN,PIEN25,25,ambient,drought,5
2025-08-29T07:00:00Z,PIEN,PIEN26,26,ambient,drought,5
2025-08-29T07:00:00Z,PIEN,PIEN27,27,ambient,water,5
2025-08-29T07:00:00Z,PIEN,PIEN28,28,ambient,drought,5
2025-08-29T07:00:00Z,PIEN,PIEN29,29,ambient,drought,5
2025-08-29T07:00:00Z,PIEN,PIEN30,30,ambient,drought,5
2025-08-29T07:00:00Z,PIEN,PIEN31,31,heatwave,water,5
2025-08-29T07:00:00Z,PIEN,PIEN32,32,heatwave,drought,5
2025-08-29T07:00:00Z,PIEN,PIEN33,33,heatwave,drought,5
2025-08-29T07:00:00Z,PIEN,PIEN34,34,heatwave,water,5
2025-08-29T07:00:00Z,PIEN,PIEN35,35,heatwave,drought,5
2025-08-29T07:00:00Z,PIEN,PIEN36,36,heatwave,drought,5
2025-08-29T07:00:00Z,PIEN,PIEN37,37,heatwave,drought,5
2025-08-29T07:00:00Z,PIEN,PIEN38,38,heatwave,water,5
2025-08-29T07:00:00Z,PIEN,PIEN39,39,heatwave,drought,5
2025-08-29T07:00:00Z,PIEN,PIEN40,40,heatwave,drought,5
2025-08-29T07:00:00Z,PIEN,PIEN41,41,heatwave,drought,5
2025-08-29T07:00:00Z,PIEN,PIEN42,42,heatwave,water,5
2025-08-29T07:00:00Z,PIEN,PIEN43,43,heatwave,drought,5
2025-08-29T07:00:00Z,PIEN,PIEN44,44,heatwave,drought,5
2025-08-29T07:00:00Z,PIEN,PIEN45,45,heatwave,drought,5
2025-08-29T07:00:00Z,PIEN,PIEN46,46,heatwave,water,5
2025-08-29T07:00:00Z,PIEN,PIEN47,47,heatwave,drought,5
2025-08-29T07:00:00Z,PIEN,PIEN48,48,heatwave,drought,5
2025-08-29T07:00:00Z,PIEN,PIEN49,49,heatwave,drought,5
2025-08-29T07:00:00Z,PIEN,PIEN50,50,heatwave,drought,5
2025-08-29T07:00:00Z,PIEN,PIEN51,51,heatwave,drought,5
2025-08-29T07:00:00Z,PIEN,PIEN52,52,heatwave,drought,5
2025-08-29T07:00:00Z,PIEN,PIEN53,53,heatwave,drought,5
2025-08-29T07:00:00Z,PIEN,PIEN54,54,heatwave,drought,5
2025-08-29T07:00:00Z,PIEN,PIEN55,55,heatwave,drought,5
2025-08-29T07:00:00Z,PIEN,PIEN56,56,heatwave,drought,5
2025-08-29T07:00:00Z,PIEN,PIEN57,57,heatwave,drought,5
2025-08-29T07:00:00Z,PIEN,PIEN58,58,heatwave,drought,5
2025-08-29T07:00:00Z,PIEN,PIEN59,59,heatwave,drought,5
2025-08-29T07:00:00Z,PIEN,PIEN60,60,heatwave,drought,5
2025-09-05T07:00:00Z,PIEN,PIEN1,1,ambient,water,5
2025-09-05T07:00:00Z,PIEN,PIEN2,2,ambient,drought,5
2025-09-05T07:00:00Z,PIEN,PIEN3,3,ambient,drought,5
2025-09-05T07:00:00Z,PIEN,PIEN4,4,ambient,drought,5
2025-09-05T07:00:00Z,PIEN,PIEN5,5,ambient,drought,5
2025-09-05T07:00:00Z,PIEN,PIEN6,6,ambient,drought,5
2025-09-05T07:00:00Z,PIEN,PIEN7,7,ambient,drought,5
2025-09-05T07:00:00Z,PIEN,PIEN8,8,ambient,drought,5
2025-09-05T07:00:00Z,PIEN,PIEN9,9,ambient,water,5
2025-09-05T07:00:00Z,PIEN,PIEN10,10,ambient,drought,5
2025-09-05T07:00:00Z,PIEN,PIEN11,11,ambient,drought,5
2025-09-05T07:00:00Z,PIEN,PIEN12,12,ambient,drought,5
2025-09-05T07:00:00Z,PIEN,PIEN13,13,ambient,drought,5
2025-09-05T07:00:00Z,PIEN,PIEN14,14,ambient,drought,5
2025-09-05T07:00:00Z,PIEN,PIEN15,15,ambient,drought,5
2025-09-05T07:00:00Z,PIEN,PIEN16,16,ambient,drought,5
2025-09-05T07:00:00Z,PIEN,PIEN17,17,ambient,drought,5
2025-09-05T07:00:00Z,PIEN,PIEN18,18,ambient,water,5
2025-09-05T07:00:00Z,PIEN,PIEN19,19,ambient,drought,5
2025-09-05T07:00:00Z,PIEN,PIEN20,20,ambient,drought,5
2025-09-05T07:00:00Z,PIEN,PIEN21,21,ambient,drought,5
2025-09-05T07:00:00Z,PIEN,PIEN22,22,ambient,drought,5
2025-09-05T07:00:00Z,PIEN,PIEN23,23,ambient,drought,5
2025-09-05T07:00:00Z,PIEN,PIEN24,24,ambient,water,5
2025-09-05T07:00:00Z,PIEN,PIEN25,25,ambient,drought,5
2025-09-05T07:00:00Z,PIEN,PIEN26,26,ambient,drought,5
2025-09-05T07:00:00Z,PIEN,PIEN27,27,ambient,water,5
2025-09-05T07:00:00Z,PIEN,PIEN28,28,ambient,drought,5
2025-09-05T07:00:00Z,PIEN,PIEN29,29,ambient,drought,5
2025-09-05T07:00:00Z,PIEN,PIEN30,30,ambient,drought,5
2025-09-05T07:00:00Z,PIEN,PIEN31,31,heatwave,water,5
2025-09-05T07:00:00Z,PIEN,PIEN32,32,heatwave,drought,5
2025-09-05T07:00:00Z,PIEN,PIEN33,33,heatwave,drought,5
2025-09-05T07:00:00Z,PIEN,PIEN34,34,heatwave,water,5
2025-09-05T07:00:00Z,PIEN,PIEN35,35,heatwave,drought,5
2025-09-05T07:00:00Z,PIEN,PIEN36,36,heatwave,drought,5
2025-09-05T07:00:00Z,PIEN,PIEN37,37,heatwave,drought,5
2025-09-05T07:00:00Z,PIEN,PIEN38,38,heatwave,water,5
2025-09-05T07:00:00Z,PIEN,PIEN39,39,heatwave,drought,5
2025-09-05T07:00:00Z,PIEN,PIEN40,40,heatwave,drought,5
2025-09-05T07:00:00Z,PIEN,PIEN41,41,heatwave,drought,5
2025-09-05T07:00:00Z,PIEN,PIEN42,42,heatwave,water,5
2025-09-05T07:00:00Z,PIEN,PIEN43,43,heatwave,drought,5
2025-09-05T07:00:00Z,PIEN,PIEN44,44,heatwave,drought,5
2025-09-05T07:00:00Z,PIEN,PIEN45,45,heatwave,drought,5
2025-09-05T07:00:00Z,PIEN,PIEN46,46,heatwave,water,5
2025-09-05T07:00:00Z,PIEN,PIEN47,47,heatwave,drought,5
2025-09-05T07:00:00Z,PIEN,PIEN48,48,heatwave,drought,5
2025-09-05T07:00:00Z,PIEN,PIEN49,49,heatwave,drought,5
2025-09-05T07:00:00Z,PIEN,PIEN50,50,heatwave,drought,5
2025-09-05T07:00:00Z,PIEN,PIEN51,51,heatwave,drought,5
2025-09-05T07:00:00Z,PIEN,PIEN52,52,heatwave,drought,5
2025-09-05T07:00:00Z,PIEN,PIEN53,53,heatwave,drought,5
2025-09-05T07:00:00Z,PIEN,PIEN54,54,heatwave,drought,5
2025-09-05T07:00:00Z,PIEN,PIEN55,55,heatwave,drought,5
2025-09-05T07:00:00Z,PIEN,PIEN56,56,heatwave,drought,5
2025-09-05T07:00:00Z,PIEN,PIEN57,57,heatwave,drought,5
2025-09-05T07:00:00Z,PIEN,PIEN58,58,heatwave,drought,5
2025-09-05T07:00:00Z,PIEN,PIEN59,59,heatwave,drought,5
2025-09-05T07:00:00Z,PIEN,PIEN60,60,heatwave,drought,5
2025-09-19T07:00:00Z,PIEN,PIEN1,1,ambient,water,5
2025-09-19T07:00:00Z,PIEN,PIEN2,2,ambient,drought,5
2025-09-19T07:00:00Z,PIEN,PIEN3,3,ambient,drought,5
2025-09-19T07:00:00Z,PIEN,PIEN4,4,ambient,drought,5
2025-09-19T07:00:00Z,PIEN,PIEN5,5,ambient,drought,5
2025-09-19T07:00:00Z,PIEN,PIEN6,6,ambient,drought,5
2025-09-19T07:00:00Z,PIEN,PIEN7,7,ambient,drought,5
2025-09-19T07:00:00Z,PIEN,PIEN8,8,ambient,drought,5
2025-09-19T07:00:00Z,PIEN,PIEN9,9,ambient,water,5
2025-09-19T07:00:00Z,PIEN,PIEN10,10,ambient,drought,5
2025-09-19T07:00:00Z,PIEN,PIEN11,11,ambient,drought,5
2025-09-19T07:00:00Z,PIEN,PIEN12,12,ambient,drought,5
2025-09-19T07:00:00Z,PIEN,PIEN13,13,ambient,drought,5
2025-09-19T07:00:00Z,PIEN,PIEN14,14,ambient,drought,5
2025-09-19T07:00:00Z,PIEN,PIEN15,15,ambient,drought,5
2025-09-19T07:00:00Z,PIEN,PIEN16,16,ambient,drought,5
2025-09-19T07:00:00Z,PIEN,PIEN17,17,ambient,drought,5
2025-09-19T07:00:00Z,PIEN,PIEN18,18,ambient,water,5
2025-09-19T07:00:00Z,PIEN,PIEN19,19,ambient,drought,5
2025-09-19T07:00:00Z,PIEN,PIEN20,20,ambient,drought,5
2025-09-19T07:00:00Z,PIEN,PIEN21,21,ambient,drought,5
2025-09-19T07:00:00Z,PIEN,PIEN22,22,ambient,drought,5
2025-09-19T07:00:00Z,PIEN,PIEN23,23,ambient,drought,5
2025-09-19T07:00:00Z,PIEN,PIEN24,24,ambient,water,5
2025-09-19T07:00:00Z,PIEN,PIEN25,25,ambient,drought,5
2025-09-19T07:00:00Z,PIEN,PIEN26,26,ambient,drought,5
2025-09-19T07:00:00Z,PIEN,PIEN27,27,ambient,water,5
2025-09-19T07:00:00Z,PIEN,PIEN28,28,ambient,drought,5
2025-09-19T07:00:00Z,PIEN,PIEN29,29,ambient,drought,5
2025-09-19T07:00:00Z,PIEN,PIEN30,30,ambient,drought,5
2025-09-19T07:00:00Z,PIEN,PIEN31,31,heatwave,water,5
2025-09-19T07:00:00Z,PIEN,PIEN32,32,heatwave,drought,5
2025-09-19T07:00:00Z,PIEN,PIEN33,33,heatwave,drought,5
2025-09-19T07:00:00Z,PIEN,PIEN34,34,heatwave,water,5
2025-09-19T07:00:00Z,PIEN,PIEN35,35,heatwave,drought,5
2025-09-19T07:00:00Z,PIEN,PIEN36,36,heatwave,drought,5
2025-09-19T07:00:00Z,PIEN,PIEN37,37,heatwave,drought,5
2025-09-19T07:00:00Z,PIEN,PIEN38,38,heatwave,water,5
2025-09-19T07:00:00Z,PIEN,PIEN39,39,heatwave,drought,5
2025-09-19T07:00:00Z,PIEN,PIEN40,40,heatwave,drought,5
2025-09-19T07:00:00Z,PIEN,PIEN41,41,heatwave,drought,5
2025-09-19T07:00:00Z,PIEN,PIEN42,42,heatwave,water,5
2025-09-19T07:00:00Z,PIEN,PIEN43,43,heatwave,drought,5
2025-09-19T07:00:00Z,PIEN,PIEN44,44,heatwave,drought,5
2025-09-19T07:00:00Z,PIEN,PIEN45,45,heatwave,drought,5
2025-09-19T07:00:00Z,PIEN,PIEN46,46,heatwave,water,5
2025-09-19T07:00:00Z,PIEN,PIEN47,47,heatwave,drought,5
2025-09-19T07:00:00Z,PIEN,PIEN48,48,heatwave,drought,5
2025-09-19T07:00:00Z,PIEN,PIEN49,49,heatwave,drought,5
2025-09-19T07:00:00Z,PIEN,PIEN50,50,heatwave,drought,5
2025-09-19T07:00:00Z,PIEN,PIEN51,51,heatwave,drought,5
2025-09-19T07:00:00Z,PIEN,PIEN52,52,heatwave,drought,5
2025-09-19T07:00:00Z,PIEN,PIEN53,53,heatwave,drought,5
2025-09-19T07:00:00Z,PIEN,PIEN54,54,heatwave,drought,5
2025-09-19T07:00:00Z,PIEN,PIEN55,55,heatwave,drought,5
2025-09-19T07:00:00Z,PIEN,PIEN56,56,heatwave,drought,5
2025-09-19T07:00:00Z,PIEN,PIEN57,57,heatwave,drought,5
2025-09-19T07:00:00Z,PIEN,PIEN58,58,heatwave,drought,5
2025-09-19T07:00:00Z,PIEN,PIEN59,59,heatwave,drought,5
2025-09-19T07:00:00Z,PIEN,PIEN60,60,heatwave,drought,5
2025-09-26T07:00:00Z,PIEN,PIEN1,1,ambient,water,5
2025-09-26T07:00:00Z,PIEN,PIEN2,2,ambient,drought,5
2025-09-26T07:00:00Z,PIEN,PIEN3,3,ambient,drought,5
2025-09-26T07:00:00Z,PIEN,PIEN4,4,ambient,drought,5
2025-09-26T07:00:00Z,PIEN,PIEN5,5,ambient,drought,5
2025-09-26T07:00:00Z,PIEN,PIEN6,6,ambient,drought,5
2025-09-26T07:00:00Z,PIEN,PIEN7,7,ambient,drought,5
2025-09-26T07:00:00Z,PIEN,PIEN8,8,ambient,drought,5
2025-09-26T07:00:00Z,PIEN,PIEN9,9,ambient,water,5
2025-09-26T07:00:00Z,PIEN,PIEN10,10,ambient,drought,5
2025-09-26T07:00:00Z,PIEN,PIEN11,11,ambient,drought,5
2025-09-26T07:00:00Z,PIEN,PIEN12,12,ambient,drought,5
2025-09-26T07:00:00Z,PIEN,PIEN13,13,ambient,drought,5
2025-09-26T07:00:00Z,PIEN,PIEN14,14,ambient,drought,5
2025-09-26T07:00:00Z,PIEN,PIEN15,15,ambient,drought,5
2025-09-26T07:00:00Z,PIEN,PIEN16,16,ambient,drought,5
2025-09-26T07:00:00Z,PIEN,PIEN17,17,ambient,drought,5
2025-09-26T07:00:00Z,PIEN,PIEN18,18,ambient,water,5
2025-09-26T07:00:00Z,PIEN,PIEN19,19,ambient,drought,5
2025-09-26T07:00:00Z,PIEN,PIEN20,20,ambient,drought,5
2025-09-26T07:00:00Z,PIEN,PIEN21,21,ambient,drought,5
2025-09-26T07:00:00Z,PIEN,PIEN22,22,ambient,drought,5
2025-09-26T07:00:00Z,PIEN,PIEN23,23,ambient,drought,5
2025-09-26T07:00:00Z,PIEN,PIEN24,24,ambient,water,5
2025-09-26T07:00:00Z,PIEN,PIEN25,25,ambient,drought,5
2025-09-26T07:00:00Z,PIEN,PIEN26,26,ambient,drought,5
2025-09-26T07:00:00Z,PIEN,PIEN27,27,ambient,water,5
2025-09-26T07:00:00Z,PIEN,PIEN28,28,ambient,drought,5
2025-09-26T07:00:00Z,PIEN,PIEN29,29,ambient,drought,5
2025-09-26T07:00:00Z,PIEN,PIEN30,30,ambient,drought,5
2025-09-26T07:00:00Z,PIEN,PIEN31,31,heatwave,water,5
2025-09-26T07:00:00Z,PIEN,PIEN32,32,heatwave,drought,5
2025-09-26T07:00:00Z,PIEN,PIEN33,33,heatwave,drought,5
2025-09-26T07:00:00Z,PIEN,PIEN34,34,heatwave,water,5
2025-09-26T07:00:00Z,PIEN,PIEN35,35,heatwave,drought,5
2025-09-26T07:00:00Z,PIEN,PIEN36,36,heatwave,drought,5
2025-09-26T07:00:00Z,PIEN,PIEN37,37,heatwave,drought,5
2025-09-26T07:00:00Z,PIEN,PIEN38,38,heatwave,water,5
2025-09-26T07:00:00Z,PIEN,PIEN39,39,heatwave,drought,5
2025-09-26T07:00:00Z,PIEN,PIEN40,40,heatwave,drought,5
2025-09-26T07:00:00Z,PIEN,PIEN41,41,heatwave,drought,5
2025-09-26T07:00:00Z,PIEN,PIEN42,42,heatwave,water,5
2025-09-26T07:00:00Z,PIEN,PIEN43,43,heatwave,drought,5
2025-09-26T07:00:00Z,PIEN,PIEN44,44,heatwave,drought,5
2025-09-26T07:00:00Z,PIEN,PIEN45,45,heatwave,drought,5
2025-09-26T07:00:00Z,PIEN,PIEN46,46,heatwave,water,5
2025-09-26T07:00:00Z,PIEN,PIEN47,47,heatwave,drought,5
2025-09-26T07:00:00Z,PIEN,PIEN48,48,heatwave,drought,5
2025-09-26T07:00:00Z,PIEN,PIEN49,49,heatwave,drought,5
2025-09-26T07:00:00Z,PIEN,PIEN50,50,heatwave,drought,5
2025-09-26T07:00:00Z,PIEN,PIEN51,51,heatwave,drought,5
2025-09-26T07:00:00Z,PIEN,PIEN52,52,heatwave,drought,5
2025-09-26T07:00:00Z,PIEN,PIEN53,53,heatwave,drought,5
2025-09-26T07:00:00Z,PIEN,PIEN54,54,heatwave,drought,5
2025-09-26T07:00:00Z,PIEN,PIEN55,55,heatwave,drought,5
2025-09-26T07:00:00Z,PIEN,PIEN56,56,heatwave,drought,5
2025-09-26T07:00:00Z,PIEN,PIEN57,57,heatwave,drought,5
2025-09-26T07:00:00Z,PIEN,PIEN58,58,heatwave,drought,5
2025-09-26T07:00:00Z,PIEN,PIEN59,59,heatwave,drought,5
2025-09-26T07:00:00Z,PIEN,PIEN60,60,heatwave,drought,5
2025-10-03T07:00:00Z,PIEN,PIEN1,1,ambient,water,5
2025-10-03T07:00:00Z,PIEN,PIEN2,2,ambient,drought,5
2025-10-03T07:00:00Z,PIEN,PIEN3,3,ambient,drought,5
2025-10-03T07:00:00Z,PIEN,PIEN4,4,ambient,drought,5
2025-10-03T07:00:00Z,PIEN,PIEN5,5,ambient,drought,5
2025-10-03T07:00:00Z,PIEN,PIEN6,6,ambient,drought,5
2025-10-03T07:00:00Z,PIEN,PIEN7,7,ambient,drought,5
2025-10-03T07:00:00Z,PIEN,PIEN8,8,ambient,drought,5
2025-10-03T07:00:00Z,PIEN,PIEN9,9,ambient,water,5
2025-10-03T07:00:00Z,PIEN,PIEN10,10,ambient,drought,5
2025-10-03T07:00:00Z,PIEN,PIEN11,11,ambient,drought,5
2025-10-03T07:00:00Z,PIEN,PIEN12,12,ambient,drought,5
2025-10-03T07:00:00Z,PIEN,PIEN13,13,ambient,drought,5
2025-10-03T07:00:00Z,PIEN,PIEN14,14,ambient,drought,5
2025-10-03T07:00:00Z,PIEN,PIEN15,15,ambient,drought,5
2025-10-03T07:00:00Z,PIEN,PIEN16,16,ambient,drought,5
2025-10-03T07:00:00Z,PIEN,PIEN17,17,ambient,drought,5
2025-10-03T07:00:00Z,PIEN,PIEN18,18,ambient,water,5
2025-10-03T07:00:00Z,PIEN,PIEN19,19,ambient,drought,5
2025-10-03T07:00:00Z,PIEN,PIEN20,20,ambient,drought,5
2025-10-03T07:00:00Z,PIEN,PIEN21,21,ambient,drought,5
2025-10-03T07:00:00Z,PIEN,PIEN22,22,ambient,drought,5
2025-10-03T07:00:00Z,PIEN,PIEN23,23,ambient,drought,5
2025-10-03T07:00:00Z,PIEN,PIEN24,24,ambient,water,5
2025-10-03T07:00:00Z,PIEN,PIEN25,25,ambient,drought,5
2025-10-03T07:00:00Z,PIEN,PIEN26,26,ambient,drought,5
2025-10-03T07:00:00Z,PIEN,PIEN27,27,ambient,water,5
2025-10-03T07:00:00Z,PIEN,PIEN28,28,ambient,drought,5
2025-10-03T07:00:00Z,PIEN,PIEN29,29,ambient,drought,5
2025-10-03T07:00:00Z,PIEN,PIEN30,30,ambient,drought,5
2025-10-03T07:00:00Z,PIEN,PIEN31,31,heatwave,water,5
2025-10-03T07:00:00Z,PIEN,PIEN32,32,heatwave,drought,5
2025-10-03T07:00:00Z,PIEN,PIEN33,33,heatwave,drought,5
2025-10-03T07:00:00Z,PIEN,PIEN34,34,heatwave,water,5
2025-10-03T07:00:00Z,PIEN,PIEN35,35,heatwave,drought,5
2025-10-03T07:00:00Z,PIEN,PIEN36,36,heatwave,drought,5
2025-10-03T07:00:00Z,PIEN,PIEN37,37,heatwave,drought,5
2025-10-03T07:00:00Z,PIEN,PIEN38,38,heatwave,water,5
2025-10-03T07:00:00Z,PIEN,PIEN39,39,heatwave,drought,5
2025-10-03T07:00:00Z,PIEN,PIEN40,40,heatwave,drought,5
2025-10-03T07:00:00Z,PIEN,PIEN41,41,heatwave,drought,5
2025-10-03T07:00:00Z,PIEN,PIEN42,42,heatwave,water,5
2025-10-03T07:00:00Z,PIEN,PIEN43,43,heatwave,drought,5
2025-10-03T07:00:00Z,PIEN,PIEN44,44,heatwave,drought,5
2025-10-03T07:00:00Z,PIEN,PIEN45,45,heatwave,drought,5
2025-10-03T07:00:00Z,PIEN,PIEN46,46,heatwave,water,5
2025-10-03T07:00:00Z,PIEN,PIEN47,47,heatwave,drought,5
2025-10-03T07:00:00Z,PIEN,PIEN48,48,heatwave,drought,5
2025-10-03T07:00:00Z,PIEN,PIEN49,49,heatwave,drought,5
2025-10-03T07:00:00Z,PIEN,PIEN50,50,heatwave,drought,5
2025-10-03T07:00:00Z,PIEN,PIEN51,51,heatwave,drought,5
2025-10-03T07:00:00Z,PIEN,PIEN52,52,heatwave,drought,5
2025-10-03T07:00:00Z,PIEN,PIEN53,53,heatwave,drought,5
2025-10-03T07:00:00Z,PIEN,PIEN54,54,heatwave,drought,5
2025-10-03T07:00:00Z,PIEN,PIEN55,55,heatwave,drought,5
2025-10-03T07:00:00Z,PIEN,PIEN56,56,heatwave,drought,5
2025-10-03T07:00:00Z,PIEN,PIEN57,57,heatwave,drought,5
2025-10-03T07:00:00Z,PIEN,PIEN58,58,heatwave,drought,5
2025-10-03T07:00:00Z,PIEN,PIEN59,59,heatwave,drought,5
2025-10-03T07:00:00Z,PIEN,PIEN60,60,heatwave,drought,5
2025-10-10T07:00:00Z,PIEN,PIEN1,1,ambient,water,5
2025-10-10T07:00:00Z,PIEN,PIEN2,2,ambient,drought,5
2025-10-10T07:00:00Z,PIEN,PIEN3,3,ambient,drought,5
2025-10-10T07:00:00Z,PIEN,PIEN4,4,ambient,drought,5
2025-10-10T07:00:00Z,PIEN,PIEN5,5,ambient,drought,5
2025-10-10T07:00:00Z,PIEN,PIEN6,6,ambient,drought,5
2025-10-10T07:00:00Z,PIEN,PIEN7,7,ambient,drought,5
2025-10-10T07:00:00Z,PIEN,PIEN8,8,ambient,drought,5
2025-10-10T07:00:00Z,PIEN,PIEN9,9,ambient,water,5
2025-10-10T07:00:00Z,PIEN,PIEN10,10,ambient,drought,5
2025-10-10T07:00:00Z,PIEN,PIEN11,11,ambient,drought,5
2025-10-10T07:00:00Z,PIEN,PIEN12,12,ambient,drought,5
2025-10-10T07:00:00Z,PIEN,PIEN13,13,ambient,drought,5
2025-10-10T07:00:00Z,PIEN,PIEN14,14,ambient,drought,5
2025-10-10T07:00:00Z,PIEN,PIEN15,15,ambient,drought,5
2025-10-10T07:00:00Z,PIEN,PIEN16,16,ambient,drought,5
2025-10-10T07:00:00Z,PIEN,PIEN17,17,ambient,drought,5
2025-10-10T07:00:00Z,PIEN,PIEN18,18,ambient,water,5
2025-10-10T07:00:00Z,PIEN,PIEN19,19,ambient,drought,5
2025-10-10T07:00:00Z,PIEN,PIEN20,20,ambient,drought,5
2025-10-10T07:00:00Z,PIEN,PIEN21,21,ambient,drought,5
2025-10-10T07:00:00Z,PIEN,PIEN22,22,ambient,drought,5
2025-10-10T07:00:00Z,PIEN,PIEN23,23,ambient,drought,5
2025-10-10T07:00:00Z,PIEN,PIEN24,24,ambient,water,5
2025-10-10T07:00:00Z,PIEN,PIEN25,25,ambient,drought,5
2025-10-10T07:00:00Z,PIEN,PIEN26,26,ambient,drought,5
2025-10-10T07:00:00Z,PIEN,PIEN27,27,ambient,water,5
2025-10-10T07:00:00Z,PIEN,PIEN28,28,ambient,drought,5
2025-10-10T07:00:00Z,PIEN,PIEN29,29,ambient,drought,5
2025-10-10T07:00:00Z,PIEN,PIEN30,30,ambient,drought,5
2025-10-10T07:00:00Z,PIEN,PIEN31,31,heatwave,water,5
2025-10-10T07:00:00Z,PIEN,PIEN32,32,heatwave,drought,5
2025-10-10T07:00:00Z,PIEN,PIEN33,33,heatwave,drought,5
2025-10-10T07:00:00Z,PIEN,PIEN34,34,heatwave,water,5
2025-10-10T07:00:00Z,PIEN,PIEN35,35,heatwave,drought,5
2025-10-10T07:00:00Z,PIEN,PIEN36,36,heatwave,drought,5
2025-10-10T07:00:00Z,PIEN,PIEN37,37,heatwave,drought,5
2025-10-10T07:00:00Z,PIEN,PIEN38,38,heatwave,water,5
2025-10-10T07:00:00Z,PIEN,PIEN39,39,heatwave,drought,5
2025-10-10T07:00:00Z,PIEN,PIEN40,40,heatwave,drought,5
2025-10-10T07:00:00Z,PIEN,PIEN41,41,heatwave,drought,5
2025-10-10T07:00:00Z,PIEN,PIEN42,42,heatwave,water,5
2025-10-10T07:00:00Z,PIEN,PIEN43,43,heatwave,drought,5
2025-10-10T07:00:00Z,PIEN,PIEN44,44,heatwave,drought,5
2025-10-10T07:00:00Z,PIEN,PIEN45,45,heatwave,drought,5
2025-10-10T07:00:00Z,PIEN,PIEN46,46,heatwave,water,5
2025-10-10T07:00:00Z,PIEN,PIEN47,47,heatwave,drought,5
2025-10-10T07:00:00Z,PIEN,PIEN48,48,heatwave,drought,5
2025-10-10T07:00:00Z,PIEN,PIEN49,49,heatwave,drought,5
2025-10-10T07:00:00Z,PIEN,PIEN50,50,heatwave,drought,5
2025-10-10T07:00:00Z,PIEN,PIEN51,51,heatwave,drought,5
2025-10-10T07:00:00Z,PIEN,PIEN52,52,heatwave,drought,5
2025-10-10T07:00:00Z,PIEN,PIEN53,53,heatwave,drought,5
2025-10-10T07:00:00Z,PIEN,PIEN54,54,heatwave,drought,5
2025-10-10T07:00:00Z,PIEN,PIEN55,55,heatwave,drought,5
2025-10-10T07:00:00Z,PIEN,PIEN56,56,heatwave,drought,5
2025-10-10T07:00:00Z,PIEN,PIEN57,57,heatwave,drought,5
2025-10-10T07:00:00Z,PIEN,PIEN58,58,heatwave,drought,5
2025-10-10T07:00:00Z,PIEN,PIEN59,59,heatwave,drought,5
2025-10-10T07:00:00Z,PIEN,PIEN60,60,heatwave,drought,5
2025-10-17T07:00:00Z,PIEN,PIEN1,1,ambient,water,5
2025-10-17T07:00:00Z,PIEN,PIEN2,2,ambient,drought,5
2025-10-17T07:00:00Z,PIEN,PIEN3,3,ambient,drought,5
2025-10-17T07:00:00Z,PIEN,PIEN4,4,ambient,drought,5
2025-10-17T07:00:00Z,PIEN,PIEN5,5,ambient,drought,5
2025-10-17T07:00:00Z,PIEN,PIEN6,6,ambient,drought,5
2025-10-17T07:00:00Z,PIEN,PIEN7,7,ambient,drought,5
2025-10-17T07:00:00Z,PIEN,PIEN8,8,ambient,drought,5
2025-10-17T07:00:00Z,PIEN,PIEN9,9,ambient,water,5
2025-10-17T07:00:00Z,PIEN,PIEN10,10,ambient,drought,5
2025-10-17T07:00:00Z,PIEN,PIEN11,11,ambient,drought,5
2025-10-17T07:00:00Z,PIEN,PIEN12,12,ambient,drought,5
2025-10-17T07:00:00Z,PIEN,PIEN13,13,ambient,drought,5
2025-10-17T07:00:00Z,PIEN,PIEN14,14,ambient,drought,5
2025-10-17T07:00:00Z,PIEN,PIEN15,15,ambient,drought,5
2025-10-17T07:00:00Z,PIEN,PIEN16,16,ambient,drought,5
2025-10-17T07:00:00Z,PIEN,PIEN17,17,ambient,drought,5
2025-10-17T07:00:00Z,PIEN,PIEN18,18,ambient,water,5
2025-10-17T07:00:00Z,PIEN,PIEN19,19,ambient,drought,5
2025-10-17T07:00:00Z,PIEN,PIEN20,20,ambient,drought,5
2025-10-17T07:00:00Z,PIEN,PIEN21,21,ambient,drought,5
2025-10-17T07:00:00Z,PIEN,PIEN22,22,ambient,drought,5
2025-10-17T07:00:00Z,PIEN,PIEN23,23,ambient,drought,5
2025-10-17T07:00:00Z,PIEN,PIEN24,24,ambient,water,5
2025-10-17T07:00:00Z,PIEN,PIEN25,25,ambient,drought,5
2025-10-17T07:00:00Z,PIEN,PIEN26,26,ambient,drought,5
2025-10-17T07:00:00Z,PIEN,PIEN27,27,ambient,water,5
2025-10-17T07:00:00Z,PIEN,PIEN28,28,ambient,drought,5
2025-10-17T07:00:00Z,PIEN,PIEN29,29,ambient,drought,5
2025-10-17T07:00:00Z,PIEN,PIEN30,30,ambient,drought,5
2025-10-17T07:00:00Z,PIEN,PIEN31,31,heatwave,water,5
2025-10-17T07:00:00Z,PIEN,PIEN32,32,heatwave,drought,5
2025-10-17T07:00:00Z,PIEN,PIEN33,33,heatwave,drought,5
2025-10-17T07:00:00Z,PIEN,PIEN34,34,heatwave,water,5
2025-10-17T07:00:00Z,PIEN,PIEN35,35,heatwave,drought,5
2025-10-17T07:00:00Z,PIEN,PIEN36,36,heatwave,drought,5
2025-10-17T07:00:00Z,PIEN,PIEN37,37,heatwave,drought,5
2025-10-17T07:00:00Z,PIEN,PIEN38,38,heatwave,water,5
2025-10-17T07:00:00Z,PIEN,PIEN39,39,heatwave,drought,5
2025-10-17T07:00:00Z,PIEN,PIEN40,40,heatwave,drought,5
2025-10-17T07:00:00Z,PIEN,PIEN41,41,heatwave,drought,5
2025-10-17T07:00:00Z,PIEN,PIEN42,42,heatwave,water,5
2025-10-17T07:00:00Z,PIEN,PIEN43,43,heatwave,drought,5
2025-10-17T07:00:00Z,PIEN,PIEN44,44,heatwave,drought,5
2025-10-17T07:00:00Z,PIEN,PIEN45,45,heatwave,drought,5
2025-10-17T07:00:00Z,PIEN,PIEN46,46,heatwave,water,5
2025-10-17T07:00:00Z,PIEN,PIEN47,47,heatwave,drought,5
2025-10-17T07:00:00Z,PIEN,PIEN48,48,heatwave,drought,5
2025-10-17T07:00:00Z,PIEN,PIEN49,49,heatwave,drought,5
2025-10-17T07:00:00Z,PIEN,PIEN50,50,heatwave,drought,5
2025-10-17T07:00:00Z,PIEN,PIEN51,51,heatwave,drought,5
2025-10-17T07:00:00Z,PIEN,PIEN52,52,heatwave,drought,5
2025-10-17T07:00:00Z,PIEN,PIEN53,53,heatwave,drought,5
2025-10-17T07:00:00Z,PIEN,PIEN54,54,heatwave,drought,5
2025-10-17T07:00:00Z,PIEN,PIEN55,55,heatwave,drought,5
2025-10-17T07:00:00Z,PIEN,PIEN56,56,heatwave,drought,5
2025-10-17T07:00:00Z,PIEN,PIEN57,57,heatwave,drought,5
2025-10-17T07:00:00Z,PIEN,PIEN58,58,heatwave,drought,5
2025-10-17T07:00:00Z,PIEN,PIEN59,59,heatwave,drought,5
2025-10-17T07:00:00Z,PIEN,PIEN60,60,heatwave,drought,5
2025-10-24T07:00:00Z,PIEN,PIEN1,1,ambient,water,5
2025-10-24T07:00:00Z,PIEN,PIEN2,2,ambient,drought,5
2025-10-24T07:00:00Z,PIEN,PIEN3,3,ambient,drought,5
2025-10-24T07:00:00Z,PIEN,PIEN4,4,ambient,drought,5
2025-10-24T07:00:00Z,PIEN,PIEN5,5,ambient,drought,5
2025-10-24T07:00:00Z,PIEN,PIEN6,6,ambient,drought,5
2025-10-24T07:00:00Z,PIEN,PIEN7,7,ambient,drought,5
2025-10-24T07:00:00Z,PIEN,PIEN8,8,ambient,drought,5
2025-10-24T07:00:00Z,PIEN,PIEN9,9,ambient,water,5
2025-10-24T07:00:00Z,PIEN,PIEN10,10,ambient,drought,5
2025-10-24T07:00:00Z,PIEN,PIEN11,11,ambient,drought,5
2025-10-24T07:00:00Z,PIEN,PIEN12,12,ambient,drought,5
2025-10-24T07:00:00Z,PIEN,PIEN13,13,ambient,drought,5
2025-10-24T07:00:00Z,PIEN,PIEN14,14,ambient,drought,5
2025-10-24T07:00:00Z,PIEN,PIEN15,15,ambient,drought,5
2025-10-24T07:00:00Z,PIEN,PIEN16,16,ambient,drought,5
2025-10-24T07:00:00Z,PIEN,PIEN17,17,ambient,drought,5
2025-10-24T07:00:00Z,PIEN,PIEN18,18,ambient,water,5
2025-10-24T07:00:00Z,PIEN,PIEN19,19,ambient,drought,5
2025-10-24T07:00:00Z,PIEN,PIEN20,20,ambient,drought,5
2025-10-24T07:00:00Z,PIEN,PIEN21,21,ambient,drought,5
2025-10-24T07:00:00Z,PIEN,PIEN22,22,ambient,drought,5
2025-10-24T07:00:00Z,PIEN,PIEN23,23,ambient,drought,5
2025-10-24T07:00:00Z,PIEN,PIEN24,24,ambient,water,5
2025-10-24T07:00:00Z,PIEN,PIEN25,25,ambient,drought,5
2025-10-24T07:00:00Z,PIEN,PIEN26,26,ambient,drought,5
2025-10-24T07:00:00Z,PIEN,PIEN27,27,ambient,water,5
2025-10-24T07:00:00Z,PIEN,PIEN28,28,ambient,drought,5
2025-10-24T07:00:00Z,PIEN,PIEN29,29,ambient,drought,5
2025-10-24T07:00:00Z,PIEN,PIEN30,30,ambient,drought,5
2025-10-24T07:00:00Z,PIEN,PIEN31,31,heatwave,water,5
2025-10-24T07:00:00Z,PIEN,PIEN32,32,heatwave,drought,5
2025-10-24T07:00:00Z,PIEN,PIEN33,33,heatwave,drought,5
2025-10-24T07:00:00Z,PIEN,PIEN34,34,heatwave,water,5
2025-10-24T07:00:00Z,PIEN,PIEN35,35,heatwave,drought,5
2025-10-24T07:00:00Z,PIEN,PIEN36,36,heatwave,drought,5
2025-10-24T07:00:00Z,PIEN,PIEN37,37,heatwave,drought,5
2025-10-24T07:00:00Z,PIEN,PIEN38,38,heatwave,water,5
2025-10-24T07:00:00Z,PIEN,PIEN39,39,heatwave,drought,5
2025-10-24T07:00:00Z,PIEN,PIEN40,40,heatwave,drought,5
2025-10-24T07:00:00Z,PIEN,PIEN41,41,heatwave,drought,5
2025-10-24T07:00:00Z,PIEN,PIEN42,42,heatwave,water,5
2025-10-24T07:00:00Z,PIEN,PIEN43,43,heatwave,drought,5
2025-10-24T07:00:00Z,PIEN,PIEN44,44,heatwave,drought,5
2025-10-24T07:00:00Z,PIEN,PIEN45,45,heatwave,drought,5
2025-10-24T07:00:00Z,PIEN,PIEN46,46,heatwave,water,5
2025-10-24T07:00:00Z,PIEN,PIEN47,47,heatwave,drought,5
2025-10-24T07:00:00Z,PIEN,PIEN48,48,heatwave,drought,5
2025-10-24T07:00:00Z,PIEN,PIEN49,49,heatwave,drought,5
2025-10-24T07:00:00Z,PIEN,PIEN50,50,heatwave,drought,5
2025-10-24T07:00:00Z,PIEN,PIEN51,51,heatwave,drought,5
2025-10-24T07:00:00Z,PIEN,PIEN52,52,heatwave,drought,5
2025-10-24T07:00:00Z,PIEN,PIEN53,53,heatwave,drought,17.5
2025-10-24T07:00:00Z,PIEN,PIEN54,54,heatwave,drought,5
2025-10-24T07:00:00Z,PIEN,PIEN55,55,heatwave,drought,5
2025-10-24T07:00:00Z,PIEN,PIEN56,56,heatwave,drought,5
2025-10-24T07:00:00Z,PIEN,PIEN57,57,heatwave,drought,5
2025-10-24T07:00:00Z,PIEN,PIEN58,58,heatwave,drought,5
2025-10-24T07:00:00Z,PIEN,PIEN59,59,heatwave,drought,5
2025-10-24T07:00:00Z,PIEN,PIEN60,60,heatwave,drought,5
2025-10-31T07:00:00Z,PIEN,PIEN1,1,ambient,water,5
2025-10-31T07:00:00Z,PIEN,PIEN2,2,ambient,drought,5
2025-10-31T07:00:00Z,PIEN,PIEN3,3,ambient,drought,5
2025-10-31T07:00:00Z,PIEN,PIEN4,4,ambient,drought,5
2025-10-31T07:00:00Z,PIEN,PIEN5,5,ambient,drought,5
2025-10-31T07:00:00Z,PIEN,PIEN6,6,ambient,drought,5
2025-10-31T07:00:00Z,PIEN,PIEN7,7,ambient,drought,5
2025-10-31T07:00:00Z,PIEN,PIEN8,8,ambient,drought,5
2025-10-31T07:00:00Z,PIEN,PIEN9,9,ambient,water,5
2025-10-31T07:00:00Z,PIEN,PIEN10,10,ambient,drought,5
2025-10-31T07:00:00Z,PIEN,PIEN11,11,ambient,drought,5
2025-10-31T07:00:00Z,PIEN,PIEN12,12,ambient,drought,5
2025-10-31T07:00:00Z,PIEN,PIEN13,13,ambient,drought,5
2025-10-31T07:00:00Z,PIEN,PIEN14,14,ambient,drought,5
2025-10-31T07:00:00Z,PIEN,PIEN15,15,ambient,drought,5
2025-10-31T07:00:00Z,PIEN,PIEN16,16,ambient,drought,5
2025-10-31T07:00:00Z,PIEN,PIEN17,17,ambient,drought,5
2025-10-31T07:00:00Z,PIEN,PIEN18,18,ambient,water,5
2025-10-31T07:00:00Z,PIEN,PIEN19,19,ambient,drought,5
2025-10-31T07:00:00Z,PIEN,PIEN20,20,ambient,drought,5
2025-10-31T07:00:00Z,PIEN,PIEN21,21,ambient,drought,5
2025-10-31T07:00:00Z,PIEN,PIEN22,22,ambient,drought,5
2025-10-31T07:00:00Z,PIEN,PIEN23,23,ambient,drought,5
2025-10-31T07:00:00Z,PIEN,PIEN24,24,ambient,water,5
2025-10-31T07:00:00Z,PIEN,PIEN25,25,ambient,drought,5
2025-10-31T07:00:00Z,PIEN,PIEN26,26,ambient,drought,5
2025-10-31T07:00:00Z,PIEN,PIEN27,27,ambient,water,5
2025-10-31T07:00:00Z,PIEN,PIEN28,28,ambient,drought,5
2025-10-31T07:00:00Z,PIEN,PIEN29,29,ambient,drought,5
2025-10-31T07:00:00Z,PIEN,PIEN30,30,ambient,drought,5
2025-10-31T07:00:00Z,PIEN,PIEN31,31,heatwave,water,5
2025-10-31T07:00:00Z,PIEN,PIEN32,32,heatwave,drought,5
2025-10-31T07:00:00Z,PIEN,PIEN33,33,heatwave,drought,5
2025-10-31T07:00:00Z,PIEN,PIEN34,34,heatwave,water,5
2025-10-31T07:00:00Z,PIEN,PIEN35,35,heatwave,drought,5
2025-10-31T07:00:00Z,PIEN,PIEN36,36,heatwave,drought,5
2025-10-31T07:00:00Z,PIEN,PIEN37,37,heatwave,drought,5
2025-10-31T07:00:00Z,PIEN,PIEN38,38,heatwave,water,5
2025-10-31T07:00:00Z,PIEN,PIEN39,39,heatwave,drought,5
2025-10-31T07:00:00Z,PIEN,PIEN40,40,heatwave,drought,5
2025-10-31T07:00:00Z,PIEN,PIEN41,41,heatwave,drought,5
2025-10-31T07:00:00Z,PIEN,PIEN42,42,heatwave,water,5
2025-10-31T07:00:00Z,PIEN,PIEN43,43,heatwave,drought,5
2025-10-31T07:00:00Z,PIEN,PIEN44,44,heatwave,drought,5
2025-10-31T07:00:00Z,PIEN,PIEN45,45,heatwave,drought,5
2025-10-31T07:00:00Z,PIEN,PIEN46,46,heatwave,water,5
2025-10-31T07:00:00Z,PIEN,PIEN47,47,heatwave,drought,5
2025-10-31T07:00:00Z,PIEN,PIEN48,48,heatwave,drought,5
2025-10-31T07:00:00Z,PIEN,PIEN49,49,heatwave,drought,5
2025-10-31T07:00:00Z,PIEN,PIEN50,50,heatwave,drought,5
2025-10-31T07:00:00Z,PIEN,PIEN51,51,heatwave,drought,5
2025-10-31T07:00:00Z,PIEN,PIEN52,52,heatwave,drought,5
2025-10-31T07:00:00Z,PIEN,PIEN53,53,heatwave,drought,17.5
2025-10-31T07:00:00Z,PIEN,PIEN54,54,heatwave,drought,5
2025-10-31T07:00:00Z,PIEN,PIEN55,55,heatwave,drought,5
2025-10-31T07:00:00Z,PIEN,PIEN56,56,heatwave,drought,5
2025-10-31T07:00:00Z,PIEN,PIEN57,57,heatwave,drought,5
2025-10-31T07:00:00Z,PIEN,PIEN58,58,heatwave,drought,5
2025-10-31T07:00:00Z,PIEN,PIEN59,59,heatwave,drought,5
2025-10-31T07:00:00Z,PIEN,PIEN60,60,heatwave,drought,5
2025-07-24T07:00:00Z,PIFL,PIFL1,1,ambient,water,5
2025-07-24T07:00:00Z,PIFL,PIFL2,2,ambient,drought,5
2025-07-24T07:00:00Z,PIFL,PIFL3,3,ambient,drought,5
2025-07-24T07:00:00Z,PIFL,PIFL4,4,ambient,drought,5
2025-07-24T07:00:00Z,PIFL,PIFL5,5,ambient,drought,5
2025-07-24T07:00:00Z,PIFL,PIFL6,6,ambient,drought,5
2025-07-24T07:00:00Z,PIFL,PIFL7,7,ambient,drought,5
2025-07-24T07:00:00Z,PIFL,PIFL8,8,ambient,drought,5
2025-07-24T07:00:00Z,PIFL,PIFL9,9,ambient,water,5
2025-07-24T07:00:00Z,PIFL,PIFL10,10,ambient,drought,5
2025-07-24T07:00:00Z,PIFL,PIFL11,11,ambient,drought,5
2025-07-24T07:00:00Z,PIFL,PIFL12,12,ambient,water,5
2025-07-24T07:00:00Z,PIFL,PIFL13,13,ambient,drought,5
2025-07-24T07:00:00Z,PIFL,PIFL14,14,ambient,drought,5
2025-07-24T07:00:00Z,PIFL,PIFL15,15,ambient,drought,5
2025-07-24T07:00:00Z,PIFL,PIFL16,16,ambient,drought,5
2025-07-24T07:00:00Z,PIFL,PIFL17,17,ambient,drought,5
2025-07-24T07:00:00Z,PIFL,PIFL18,18,ambient,drought,5
2025-07-24T07:00:00Z,PIFL,PIFL19,19,ambient,drought,5
2025-07-24T07:00:00Z,PIFL,PIFL20,20,ambient,drought,5
2025-07-24T07:00:00Z,PIFL,PIFL21,21,ambient,water,5
2025-07-24T07:00:00Z,PIFL,PIFL22,22,ambient,drought,5
2025-07-24T07:00:00Z,PIFL,PIFL23,23,ambient,drought,5
2025-07-24T07:00:00Z,PIFL,PIFL24,24,ambient,drought,5
2025-07-24T07:00:00Z,PIFL,PIFL25,25,ambient,drought,5
2025-07-24T07:00:00Z,PIFL,PIFL26,26,ambient,drought,5
2025-07-24T07:00:00Z,PIFL,PIFL27,27,ambient,drought,5
2025-07-24T07:00:00Z,PIFL,PIFL28,28,ambient,water,5
2025-07-24T07:00:00Z,PIFL,PIFL29,29,ambient,drought,5
2025-07-24T07:00:00Z,PIFL,PIFL30,30,ambient,drought,5
2025-07-24T07:00:00Z,PIFL,PIFL31,31,heatwave,drought,5
2025-07-24T07:00:00Z,PIFL,PIFL32,32,heatwave,drought,5
2025-07-24T07:00:00Z,PIFL,PIFL33,33,heatwave,drought,5
2025-07-24T07:00:00Z,PIFL,PIFL34,34,heatwave,drought,5
2025-07-24T07:00:00Z,PIFL,PIFL35,35,heatwave,drought,5
2025-07-24T07:00:00Z,PIFL,PIFL36,36,heatwave,water,5
2025-07-24T07:00:00Z,PIFL,PIFL37,37,heatwave,drought,5
2025-07-24T07:00:00Z,PIFL,PIFL38,38,heatwave,drought,5
2025-07-24T07:00:00Z,PIFL,PIFL39,39,heatwave,drought,5
2025-07-24T07:00:00Z,PIFL,PIFL40,40,heatwave,drought,5
2025-07-24T07:00:00Z,PIFL,PIFL41,41,heatwave,water,5
2025-07-24T07:00:00Z,PIFL,PIFL42,42,heatwave,drought,5
2025-07-24T07:00:00Z,PIFL,PIFL43,43,heatwave,drought,5
2025-07-24T07:00:00Z,PIFL,PIFL44,44,heatwave,drought,5
2025-07-24T07:00:00Z,PIFL,PIFL45,45,heatwave,drought,5
2025-07-24T07:00:00Z,PIFL,PIFL46,46,heatwave,water,5
2025-07-24T07:00:00Z,PIFL,PIFL47,47,heatwave,drought,5
2025-07-24T07:00:00Z,PIFL,PIFL48,48,heatwave,drought,5
2025-07-24T07:00:00Z,PIFL,PIFL49,49,heatwave,drought,5
2025-07-24T07:00:00Z,PIFL,PIFL50,50,heatwave,drought,5
2025-07-24T07:00:00Z,PIFL,PIFL51,51,heatwave,drought,5
2025-07-24T07:00:00Z,PIFL,PIFL52,52,heatwave,water,5
2025-07-24T07:00:00Z,PIFL,PIFL53,53,heatwave,drought,5
2025-07-24T07:00:00Z,PIFL,PIFL54,54,heatwave,drought,5
2025-07-24T07:00:00Z,PIFL,PIFL55,55,heatwave,water,5
2025-07-24T07:00:00Z,PIFL,PIFL56,56,heatwave,drought,5
2025-07-24T07:00:00Z,PIFL,PIFL57,57,heatwave,drought,5
2025-07-24T07:00:00Z,PIFL,PIFL58,58,heatwave,drought,5
2025-07-24T07:00:00Z,PIFL,PIFL59,59,heatwave,drought,5
2025-07-24T07:00:00Z,PIFL,PIFL60,60,heatwave,drought,5
2025-07-31T07:00:00Z,PIFL,PIFL1,1,ambient,water,5
2025-07-31T07:00:00Z,PIFL,PIFL2,2,ambient,drought,5
2025-07-31T07:00:00Z,PIFL,PIFL3,3,ambient,drought,5
2025-07-31T07:00:00Z,PIFL,PIFL4,4,ambient,drought,5
2025-07-31T07:00:00Z,PIFL,PIFL5,5,ambient,drought,5
2025-07-31T07:00:00Z,PIFL,PIFL6,6,ambient,drought,5
2025-07-31T07:00:00Z,PIFL,PIFL7,7,ambient,drought,5
2025-07-31T07:00:00Z,PIFL,PIFL8,8,ambient,drought,5
2025-07-31T07:00:00Z,PIFL,PIFL9,9,ambient,water,5
2025-07-31T07:00:00Z,PIFL,PIFL10,10,ambient,drought,5
2025-07-31T07:00:00Z,PIFL,PIFL11,11,ambient,drought,5
2025-07-31T07:00:00Z,PIFL,PIFL12,12,ambient,water,5
2025-07-31T07:00:00Z,PIFL,PIFL13,13,ambient,drought,5
2025-07-31T07:00:00Z,PIFL,PIFL14,14,ambient,drought,5
2025-07-31T07:00:00Z,PIFL,PIFL15,15,ambient,drought,5
2025-07-31T07:00:00Z,PIFL,PIFL16,16,ambient,drought,5
2025-07-31T07:00:00Z,PIFL,PIFL17,17,ambient,drought,5
2025-07-31T07:00:00Z,PIFL,PIFL18,18,ambient,drought,5
2025-07-31T07:00:00Z,PIFL,PIFL19,19,ambient,drought,5
2025-07-31T07:00:00Z,PIFL,PIFL20,20,ambient,drought,5
2025-07-31T07:00:00Z,PIFL,PIFL21,21,ambient,water,5
2025-07-31T07:00:00Z,PIFL,PIFL22,22,ambient,drought,5
2025-07-31T07:00:00Z,PIFL,PIFL23,23,ambient,drought,5
2025-07-31T07:00:00Z,PIFL,PIFL24,24,ambient,drought,5
2025-07-31T07:00:00Z,PIFL,PIFL25,25,ambient,drought,5
2025-07-31T07:00:00Z,PIFL,PIFL26,26,ambient,drought,5
2025-07-31T07:00:00Z,PIFL,PIFL27,27,ambient,drought,5
2025-07-31T07:00:00Z,PIFL,PIFL28,28,ambient,water,5
2025-07-31T07:00:00Z,PIFL,PIFL29,29,ambient,drought,5
2025-07-31T07:00:00Z,PIFL,PIFL30,30,ambient,drought,5
2025-07-31T07:00:00Z,PIFL,PIFL31,31,heatwave,drought,5
2025-07-31T07:00:00Z,PIFL,PIFL32,32,heatwave,drought,5
2025-07-31T07:00:00Z,PIFL,PIFL33,33,heatwave,drought,5
2025-07-31T07:00:00Z,PIFL,PIFL34,34,heatwave,drought,5
2025-07-31T07:00:00Z,PIFL,PIFL35,35,heatwave,drought,5
2025-07-31T07:00:00Z,PIFL,PIFL36,36,heatwave,water,5
2025-07-31T07:00:00Z,PIFL,PIFL37,37,heatwave,drought,5
2025-07-31T07:00:00Z,PIFL,PIFL38,38,heatwave,drought,5
2025-07-31T07:00:00Z,PIFL,PIFL39,39,heatwave,drought,5
2025-07-31T07:00:00Z,PIFL,PIFL40,40,heatwave,drought,5
2025-07-31T07:00:00Z,PIFL,PIFL41,41,heatwave,water,5
2025-07-31T07:00:00Z,PIFL,PIFL42,42,heatwave,drought,5
2025-07-31T07:00:00Z,PIFL,PIFL43,43,heatwave,drought,5
2025-07-31T07:00:00Z,PIFL,PIFL44,44,heatwave,drought,5
2025-07-31T07:00:00Z,PIFL,PIFL45,45,heatwave,drought,5
2025-07-31T07:00:00Z,PIFL,PIFL46,46,heatwave,water,5
2025-07-31T07:00:00Z,PIFL,PIFL47,47,heatwave,drought,5
2025-07-31T07:00:00Z,PIFL,PIFL48,48,heatwave,drought,5
2025-07-31T07:00:00Z,PIFL,PIFL49,49,heatwave,drought,5
2025-07-31T07:00:00Z,PIFL,PIFL50,50,heatwave,drought,5
2025-07-31T07:00:00Z,PIFL,PIFL51,51,heatwave,drought,5
2025-07-31T07:00:00Z,PIFL,PIFL52,52,heatwave,water,5
2025-07-31T07:00:00Z,PIFL,PIFL53,53,heatwave,drought,5
2025-07-31T07:00:00Z,PIFL,PIFL54,54,heatwave,drought,5
2025-07-31T07:00:00Z,PIFL,PIFL55,55,heatwave,water,5
2025-07-31T07:00:00Z,PIFL,PIFL56,56,heatwave,drought,5
2025-07-31T07:00:00Z,PIFL,PIFL57,57,heatwave,drought,5
2025-07-31T07:00:00Z,PIFL,PIFL58,58,heatwave,drought,5
2025-07-31T07:00:00Z,PIFL,PIFL59,59,heatwave,drought,5
2025-07-31T07:00:00Z,PIFL,PIFL60,60,heatwave,drought,5
2025-08-07T07:00:00Z,PIFL,PIFL1,1,ambient,water,5
2025-08-07T07:00:00Z,PIFL,PIFL2,2,ambient,drought,5
2025-08-07T07:00:00Z,PIFL,PIFL3,3,ambient,drought,5
2025-08-07T07:00:00Z,PIFL,PIFL4,4,ambient,drought,5
2025-08-07T07:00:00Z,PIFL,PIFL5,5,ambient,drought,5
2025-08-07T07:00:00Z,PIFL,PIFL6,6,ambient,drought,5
2025-08-07T07:00:00Z,PIFL,PIFL7,7,ambient,drought,5
2025-08-07T07:00:00Z,PIFL,PIFL8,8,ambient,drought,5
2025-08-07T07:00:00Z,PIFL,PIFL9,9,ambient,water,5
2025-08-07T07:00:00Z,PIFL,PIFL10,10,ambient,drought,5
2025-08-07T07:00:00Z,PIFL,PIFL11,11,ambient,drought,5
2025-08-07T07:00:00Z,PIFL,PIFL12,12,ambient,water,5
2025-08-07T07:00:00Z,PIFL,PIFL13,13,ambient,drought,5
2025-08-07T07:00:00Z,PIFL,PIFL14,14,ambient,drought,5
2025-08-07T07:00:00Z,PIFL,PIFL15,15,ambient,drought,5
2025-08-07T07:00:00Z,PIFL,PIFL16,16,ambient,drought,5
2025-08-07T07:00:00Z,PIFL,PIFL17,17,ambient,drought,5
2025-08-07T07:00:00Z,PIFL,PIFL18,18,ambient,drought,5
2025-08-07T07:00:00Z,PIFL,PIFL19,19,ambient,drought,5
2025-08-07T07:00:00Z,PIFL,PIFL20,20,ambient,drought,5
2025-08-07T07:00:00Z,PIFL,PIFL21,21,ambient,water,5
2025-08-07T07:00:00Z,PIFL,PIFL22,22,ambient,drought,5
2025-08-07T07:00:00Z,PIFL,PIFL23,23,ambient,drought,5
2025-08-07T07:00:00Z,PIFL,PIFL24,24,ambient,drought,5
2025-08-07T07:00:00Z,PIFL,PIFL25,25,ambient,drought,5
2025-08-07T07:00:00Z,PIFL,PIFL26,26,ambient,drought,5
2025-08-07T07:00:00Z,PIFL,PIFL27,27,ambient,drought,5
2025-08-07T07:00:00Z,PIFL,PIFL28,28,ambient,water,5
2025-08-07T07:00:00Z,PIFL,PIFL29,29,ambient,drought,5
2025-08-07T07:00:00Z,PIFL,PIFL30,30,ambient,drought,5
2025-08-07T07:00:00Z,PIFL,PIFL31,31,heatwave,drought,5
2025-08-07T07:00:00Z,PIFL,PIFL32,32,heatwave,drought,5
2025-08-07T07:00:00Z,PIFL,PIFL33,33,heatwave,drought,5
2025-08-07T07:00:00Z,PIFL,PIFL34,34,heatwave,drought,5
2025-08-07T07:00:00Z,PIFL,PIFL35,35,heatwave,drought,5
2025-08-07T07:00:00Z,PIFL,PIFL36,36,heatwave,water,5
2025-08-07T07:00:00Z,PIFL,PIFL37,37,heatwave,drought,5
2025-08-07T07:00:00Z,PIFL,PIFL38,38,heatwave,drought,5
2025-08-07T07:00:00Z,PIFL,PIFL39,39,heatwave,drought,5
2025-08-07T07:00:00Z,PIFL,PIFL40,40,heatwave,drought,5
2025-08-07T07:00:00Z,PIFL,PIFL41,41,heatwave,water,5
2025-08-07T07:00:00Z,PIFL,PIFL42,42,heatwave,drought,5
2025-08-07T07:00:00Z,PIFL,PIFL43,43,heatwave,drought,5
2025-08-07T07:00:00Z,PIFL,PIFL44,44,heatwave,drought,5
2025-08-07T07:00:00Z,PIFL,PIFL45,45,heatwave,drought,5
2025-08-07T07:00:00Z,PIFL,PIFL46,46,heatwave,water,5
2025-08-07T07:00:00Z,PIFL,PIFL47,47,heatwave,drought,5
2025-08-07T07:00:00Z,PIFL,PIFL48,48,heatwave,drought,5
2025-08-07T07:00:00Z,PIFL,PIFL49,49,heatwave,drought,5
2025-08-07T07:00:00Z,PIFL,PIFL50,50,heatwave,drought,5
2025-08-07T07:00:00Z,PIFL,PIFL51,51,heatwave,drought,5
2025-08-07T07:00:00Z,PIFL,PIFL52,52,heatwave,water,5
2025-08-07T07:00:00Z,PIFL,PIFL53,53,heatwave,drought,5
2025-08-07T07:00:00Z,PIFL,PIFL54,54,heatwave,drought,5
2025-08-07T07:00:00Z,PIFL,PIFL55,55,heatwave,water,5
2025-08-07T07:00:00Z,PIFL,PIFL56,56,heatwave,drought,5
2025-08-07T07:00:00Z,PIFL,PIFL57,57,heatwave,drought,5
2025-08-07T07:00:00Z,PIFL,PIFL58,58,heatwave,drought,5
2025-08-07T07:00:00Z,PIFL,PIFL59,59,heatwave,drought,5
2025-08-07T07:00:00Z,PIFL,PIFL60,60,heatwave,drought,5
2025-08-14T07:00:00Z,PIFL,PIFL1,1,ambient,water,5
2025-08-14T07:00:00Z,PIFL,PIFL2,2,ambient,drought,5
2025-08-14T07:00:00Z,PIFL,PIFL3,3,ambient,drought,5
2025-08-14T07:00:00Z,PIFL,PIFL4,4,ambient,drought,5
2025-08-14T07:00:00Z,PIFL,PIFL5,5,ambient,drought,5
2025-08-14T07:00:00Z,PIFL,PIFL6,6,ambient,drought,5
2025-08-14T07:00:00Z,PIFL,PIFL7,7,ambient,drought,5
2025-08-14T07:00:00Z,PIFL,PIFL8,8,ambient,drought,5
2025-08-14T07:00:00Z,PIFL,PIFL9,9,ambient,water,5
2025-08-14T07:00:00Z,PIFL,PIFL10,10,ambient,drought,5
2025-08-14T07:00:00Z,PIFL,PIFL11,11,ambient,drought,5
2025-08-14T07:00:00Z,PIFL,PIFL12,12,ambient,water,5
2025-08-14T07:00:00Z,PIFL,PIFL13,13,ambient,drought,5
2025-08-14T07:00:00Z,PIFL,PIFL14,14,ambient,drought,5
2025-08-14T07:00:00Z,PIFL,PIFL15,15,ambient,drought,5
2025-08-14T07:00:00Z,PIFL,PIFL16,16,ambient,drought,5
2025-08-14T07:00:00Z,PIFL,PIFL17,17,ambient,drought,5
2025-08-14T07:00:00Z,PIFL,PIFL18,18,ambient,drought,5
2025-08-14T07:00:00Z,PIFL,PIFL19,19,ambient,drought,5
2025-08-14T07:00:00Z,PIFL,PIFL20,20,ambient,drought,5
2025-08-14T07:00:00Z,PIFL,PIFL21,21,ambient,water,5
2025-08-14T07:00:00Z,PIFL,PIFL22,22,ambient,drought,5
2025-08-14T07:00:00Z,PIFL,PIFL23,23,ambient,drought,5
2025-08-14T07:00:00Z,PIFL,PIFL24,24,ambient,drought,5
2025-08-14T07:00:00Z,PIFL,PIFL25,25,ambient,drought,5
2025-08-14T07:00:00Z,PIFL,PIFL26,26,ambient,drought,5
2025-08-14T07:00:00Z,PIFL,PIFL27,27,ambient,drought,5
2025-08-14T07:00:00Z,PIFL,PIFL28,28,ambient,water,5
2025-08-14T07:00:00Z,PIFL,PIFL29,29,ambient,drought,5
2025-08-14T07:00:00Z,PIFL,PIFL30,30,ambient,drought,5
2025-08-14T07:00:00Z,PIFL,PIFL31,31,heatwave,drought,5
2025-08-14T07:00:00Z,PIFL,PIFL32,32,heatwave,drought,5
2025-08-14T07:00:00Z,PIFL,PIFL33,33,heatwave,drought,5
2025-08-14T07:00:00Z,PIFL,PIFL34,34,heatwave,drought,5
2025-08-14T07:00:00Z,PIFL,PIFL35,35,heatwave,drought,5
2025-08-14T07:00:00Z,PIFL,PIFL36,36,heatwave,water,5
2025-08-14T07:00:00Z,PIFL,PIFL37,37,heatwave,drought,5
2025-08-14T07:00:00Z,PIFL,PIFL38,38,heatwave,drought,5
2025-08-14T07:00:00Z,PIFL,PIFL39,39,heatwave,drought,5
2025-08-14T07:00:00Z,PIFL,PIFL40,40,heatwave,drought,5
2025-08-14T07:00:00Z,PIFL,PIFL41,41,heatwave,water,5
2025-08-14T07:00:00Z,PIFL,PIFL42,42,heatwave,drought,5
2025-08-14T07:00:00Z,PIFL,PIFL43,43,heatwave,drought,5
2025-08-14T07:00:00Z,PIFL,PIFL44,44,heatwave,drought,5
2025-08-14T07:00:00Z,PIFL,PIFL45,45,heatwave,drought,5
2025-08-14T07:00:00Z,PIFL,PIFL46,46,heatwave,water,5
2025-08-14T07:00:00Z,PIFL,PIFL47,47,heatwave,drought,5
2025-08-14T07:00:00Z,PIFL,PIFL48,48,heatwave,drought,5
2025-08-14T07:00:00Z,PIFL,PIFL49,49,heatwave,drought,5
2025-08-14T07:00:00Z,PIFL,PIFL50,50,heatwave,drought,5
2025-08-14T07:00:00Z,PIFL,PIFL51,51,heatwave,drought,5
2025-08-14T07:00:00Z,PIFL,PIFL52,52,heatwave,water,5
2025-08-14T07:00:00Z,PIFL,PIFL53,53,heatwave,drought,5
2025-08-14T07:00:00Z,PIFL,PIFL54,54,heatwave,drought,5
2025-08-14T07:00:00Z,PIFL,PIFL55,55,heatwave,water,5
2025-08-14T07:00:00Z,PIFL,PIFL56,56,heatwave,drought,5
2025-08-14T07:00:00Z,PIFL,PIFL57,57,heatwave,drought,5
2025-08-14T07:00:00Z,PIFL,PIFL58,58,heatwave,drought,5
2025-08-14T07:00:00Z,PIFL,PIFL59,59,heatwave,drought,5
2025-08-14T07:00:00Z,PIFL,PIFL60,60,heatwave,drought,5
2025-08-19T07:00:00Z,PIFL,PIFL1,1,ambient,water,5
2025-08-19T07:00:00Z,PIFL,PIFL2,2,ambient,drought,5
2025-08-19T07:00:00Z,PIFL,PIFL3,3,ambient,drought,5
2025-08-19T07:00:00Z,PIFL,PIFL4,4,ambient,drought,5
2025-08-19T07:00:00Z,PIFL,PIFL5,5,ambient,drought,5
2025-08-19T07:00:00Z,PIFL,PIFL6,6,ambient,drought,5
2025-08-19T07:00:00Z,PIFL,PIFL7,7,ambient,drought,5
2025-08-19T07:00:00Z,PIFL,PIFL8,8,ambient,drought,5
2025-08-19T07:00:00Z,PIFL,PIFL9,9,ambient,water,5
2025-08-19T07:00:00Z,PIFL,PIFL10,10,ambient,drought,5
2025-08-19T07:00:00Z,PIFL,PIFL11,11,ambient,drought,5
2025-08-19T07:00:00Z,PIFL,PIFL12,12,ambient,water,5
2025-08-19T07:00:00Z,PIFL,PIFL13,13,ambient,drought,5
2025-08-19T07:00:00Z,PIFL,PIFL14,14,ambient,drought,5
2025-08-19T07:00:00Z,PIFL,PIFL15,15,ambient,drought,5
2025-08-19T07:00:00Z,PIFL,PIFL16,16,ambient,drought,5
2025-08-19T07:00:00Z,PIFL,PIFL17,17,ambient,drought,5
2025-08-19T07:00:00Z,PIFL,PIFL18,18,ambient,drought,5
2025-08-19T07:00:00Z,PIFL,PIFL19,19,ambient,drought,5
2025-08-19T07:00:00Z,PIFL,PIFL20,20,ambient,drought,5
2025-08-19T07:00:00Z,PIFL,PIFL21,21,ambient,water,5
2025-08-19T07:00:00Z,PIFL,PIFL22,22,ambient,drought,5
2025-08-19T07:00:00Z,PIFL,PIFL23,23,ambient,drought,5
2025-08-19T07:00:00Z,PIFL,PIFL24,24,ambient,drought,5
2025-08-19T07:00:00Z,PIFL,PIFL25,25,ambient,drought,5
2025-08-19T07:00:00Z,PIFL,PIFL26,26,ambient,drought,5
2025-08-19T07:00:00Z,PIFL,PIFL27,27,ambient,drought,5
2025-08-19T07:00:00Z,PIFL,PIFL28,28,ambient,water,5
2025-08-19T07:00:00Z,PIFL,PIFL29,29,ambient,drought,5
2025-08-19T07:00:00Z,PIFL,PIFL30,30,ambient,drought,5
2025-08-19T07:00:00Z,PIFL,PIFL31,31,heatwave,drought,5
2025-08-19T07:00:00Z,PIFL,PIFL32,32,heatwave,drought,5
2025-08-19T07:00:00Z,PIFL,PIFL33,33,heatwave,drought,5
2025-08-19T07:00:00Z,PIFL,PIFL34,34,heatwave,drought,5
2025-08-19T07:00:00Z,PIFL,PIFL35,35,heatwave,drought,5
2025-08-19T07:00:00Z,PIFL,PIFL36,36,heatwave,water,5
2025-08-19T07:00:00Z,PIFL,PIFL37,37,heatwave,drought,5
2025-08-19T07:00:00Z,PIFL,PIFL38,38,heatwave,drought,5
2025-08-19T07:00:00Z,PIFL,PIFL39,39,heatwave,drought,5
2025-08-19T07:00:00Z,PIFL,PIFL40,40,heatwave,drought,5
2025-08-19T07:00:00Z,PIFL,PIFL41,41,heatwave,water,5
2025-08-19T07:00:00Z,PIFL,PIFL42,42,heatwave,drought,5
2025-08-19T07:00:00Z,PIFL,PIFL43,43,heatwave,drought,5
2025-08-19T07:00:00Z,PIFL,PIFL44,44,heatwave,drought,5
2025-08-19T07:00:00Z,PIFL,PIFL45,45,heatwave,drought,5
2025-08-19T07:00:00Z,PIFL,PIFL46,46,heatwave,water,5
2025-08-19T07:00:00Z,PIFL,PIFL47,47,heatwave,drought,5
2025-08-19T07:00:00Z,PIFL,PIFL48,48,heatwave,drought,5
2025-08-19T07:00:00Z,PIFL,PIFL49,49,heatwave,drought,5
2025-08-19T07:00:00Z,PIFL,PIFL50,50,heatwave,drought,5
2025-08-19T07:00:00Z,PIFL,PIFL51,51,heatwave,drought,5
2025-08-19T07:00:00Z,PIFL,PIFL52,52,heatwave,water,5
2025-08-19T07:00:00Z,PIFL,PIFL53,53,heatwave,drought,5
2025-08-19T07:00:00Z,PIFL,PIFL54,54,heatwave,drought,5
2025-08-19T07:00:00Z,PIFL,PIFL55,55,heatwave,water,5
2025-08-19T07:00:00Z,PIFL,PIFL56,56,heatwave,drought,5
2025-08-19T07:00:00Z,PIFL,PIFL57,57,heatwave,drought,5
2025-08-19T07:00:00Z,PIFL,PIFL58,58,heatwave,drought,5
2025-08-19T07:00:00Z,PIFL,PIFL59,59,heatwave,drought,5
2025-08-19T07:00:00Z,PIFL,PIFL60,60,heatwave,drought,5
2025-08-29T07:00:00Z,PIFL,PIFL1,1,ambient,water,5
2025-08-29T07:00:00Z,PIFL,PIFL2,2,ambient,drought,5
2025-08-29T07:00:00Z,PIFL,PIFL3,3,ambient,drought,5
2025-08-29T07:00:00Z,PIFL,PIFL4,4,ambient,drought,5
2025-08-29T07:00:00Z,PIFL,PIFL5,5,ambient,drought,5
2025-08-29T07:00:00Z,PIFL,PIFL6,6,ambient,drought,5
2025-08-29T07:00:00Z,PIFL,PIFL7,7,ambient,drought,5
2025-08-29T07:00:00Z,PIFL,PIFL8,8,ambient,drought,5
2025-08-29T07:00:00Z,PIFL,PIFL9,9,ambient,water,5
2025-08-29T07:00:00Z,PIFL,PIFL10,10,ambient,drought,5
2025-08-29T07:00:00Z,PIFL,PIFL11,11,ambient,drought,5
2025-08-29T07:00:00Z,PIFL,PIFL12,12,ambient,water,5
2025-08-29T07:00:00Z,PIFL,PIFL13,13,ambient,drought,5
2025-08-29T07:00:00Z,PIFL,PIFL14,14,ambient,drought,5
2025-08-29T07:00:00Z,PIFL,PIFL15,15,ambient,drought,5
2025-08-29T07:00:00Z,PIFL,PIFL16,16,ambient,drought,5
2025-08-29T07:00:00Z,PIFL,PIFL17,17,ambient,drought,5
2025-08-29T07:00:00Z,PIFL,PIFL18,18,ambient,drought,5
2025-08-29T07:00:00Z,PIFL,PIFL19,19,ambient,drought,5
2025-08-29T07:00:00Z,PIFL,PIFL20,20,ambient,drought,5
2025-08-29T07:00:00Z,PIFL,PIFL21,21,ambient,water,5
2025-08-29T07:00:00Z,PIFL,PIFL22,22,ambient,drought,5
2025-08-29T07:00:00Z,PIFL,PIFL23,23,ambient,drought,5
2025-08-29T07:00:00Z,PIFL,PIFL24,24,ambient,drought,5
2025-08-29T07:00:00Z,PIFL,PIFL25,25,ambient,drought,5
2025-08-29T07:00:00Z,PIFL,PIFL26,26,ambient,drought,5
2025-08-29T07:00:00Z,PIFL,PIFL27,27,ambient,drought,5
2025-08-29T07:00:00Z,PIFL,PIFL28,28,ambient,water,5
2025-08-29T07:00:00Z,PIFL,PIFL29,29,ambient,drought,5
2025-08-29T07:00:00Z,PIFL,PIFL30,30,ambient,drought,5
2025-08-29T07:00:00Z,PIFL,PIFL31,31,heatwave,drought,5
2025-08-29T07:00:00Z,PIFL,PIFL32,32,heatwave,drought,5
2025-08-29T07:00:00Z,PIFL,PIFL33,33,heatwave,drought,5
2025-08-29T07:00:00Z,PIFL,PIFL34,34,heatwave,drought,5
2025-08-29T07:00:00Z,PIFL,PIFL35,35,heatwave,drought,5
2025-08-29T07:00:00Z,PIFL,PIFL36,36,heatwave,water,5
2025-08-29T07:00:00Z,PIFL,PIFL37,37,heatwave,drought,5
2025-08-29T07:00:00Z,PIFL,PIFL38,38,heatwave,drought,5
2025-08-29T07:00:00Z,PIFL,PIFL39,39,heatwave,drought,5
2025-08-29T07:00:00Z,PIFL,PIFL40,40,heatwave,drought,5
2025-08-29T07:00:00Z,PIFL,PIFL41,41,heatwave,water,5
2025-08-29T07:00:00Z,PIFL,PIFL42,42,heatwave,drought,5
2025-08-29T07:00:00Z,PIFL,PIFL43,43,heatwave,drought,5
2025-08-29T07:00:00Z,PIFL,PIFL44,44,heatwave,drought,5
2025-08-29T07:00:00Z,PIFL,PIFL45,45,heatwave,drought,5
2025-08-29T07:00:00Z,PIFL,PIFL46,46,heatwave,water,5
2025-08-29T07:00:00Z,PIFL,PIFL47,47,heatwave,drought,5
2025-08-29T07:00:00Z,PIFL,PIFL48,48,heatwave,drought,5
2025-08-29T07:00:00Z,PIFL,PIFL49,49,heatwave,drought,5
2025-08-29T07:00:00Z,PIFL,PIFL50,50,heatwave,drought,5
2025-08-29T07:00:00Z,PIFL,PIFL51,51,heatwave,drought,5
2025-08-29T07:00:00Z,PIFL,PIFL52,52,heatwave,water,5
2025-08-29T07:00:00Z,PIFL,PIFL53,53,heatwave,drought,5
2025-08-29T07:00:00Z,PIFL,PIFL54,54,heatwave,drought,5
2025-08-29T07:00:00Z,PIFL,PIFL55,55,heatwave,water,5
2025-08-29T07:00:00Z,PIFL,PIFL56,56,heatwave,drought,5
2025-08-29T07:00:00Z,PIFL,PIFL57,57,heatwave,drought,5
2025-08-29T07:00:00Z,PIFL,PIFL58,58,heatwave,drought,5
2025-08-29T07:00:00Z,PIFL,PIFL59,59,heatwave,drought,5
2025-08-29T07:00:00Z,PIFL,PIFL60,60,heatwave,drought,5
2025-09-05T07:00:00Z,PIFL,PIFL1,1,ambient,water,5
2025-09-05T07:00:00Z,PIFL,PIFL2,2,ambient,drought,5
2025-09-05T07:00:00Z,PIFL,PIFL3,3,ambient,drought,5
2025-09-05T07:00:00Z,PIFL,PIFL4,4,ambient,drought,5
2025-09-05T07:00:00Z,PIFL,PIFL5,5,ambient,drought,5
2025-09-05T07:00:00Z,PIFL,PIFL6,6,ambient,drought,5
2025-09-05T07:00:00Z,PIFL,PIFL7,7,ambient,drought,5
2025-09-05T07:00:00Z,PIFL,PIFL8,8,ambient,drought,5
2025-09-05T07:00:00Z,PIFL,PIFL9,9,ambient,water,5
2025-09-05T07:00:00Z,PIFL,PIFL10,10,ambient,drought,5
2025-09-05T07:00:00Z,PIFL,PIFL11,11,ambient,drought,5
2025-09-05T07:00:00Z,PIFL,PIFL12,12,ambient,water,5
2025-09-05T07:00:00Z,PIFL,PIFL13,13,ambient,drought,5
2025-09-05T07:00:00Z,PIFL,PIFL14,14,ambient,drought,5
2025-09-05T07:00:00Z,PIFL,PIFL15,15,ambient,drought,5
2025-09-05T07:00:00Z,PIFL,PIFL16,16,ambient,drought,5
2025-09-05T07:00:00Z,PIFL,PIFL17,17,ambient,drought,5
2025-09-05T07:00:00Z,PIFL,PIFL18,18,ambient,drought,5
2025-09-05T07:00:00Z,PIFL,PIFL19,19,ambient,drought,5
2025-09-05T07:00:00Z,PIFL,PIFL20,20,ambient,drought,5
2025-09-05T07:00:00Z,PIFL,PIFL21,21,ambient,water,5
2025-09-05T07:00:00Z,PIFL,PIFL22,22,ambient,drought,5
2025-09-05T07:00:00Z,PIFL,PIFL23,23,ambient,drought,5
2025-09-05T07:00:00Z,PIFL,PIFL24,24,ambient,drought,5
2025-09-05T07:00:00Z,PIFL,PIFL25,25,ambient,drought,5
2025-09-05T07:00:00Z,PIFL,PIFL26,26,ambient,drought,5
2025-09-05T07:00:00Z,PIFL,PIFL27,27,ambient,drought,5
2025-09-05T07:00:00Z,PIFL,PIFL28,28,ambient,water,5
2025-09-05T07:00:00Z,PIFL,PIFL29,29,ambient,drought,5
2025-09-05T07:00:00Z,PIFL,PIFL30,30,ambient,drought,5
2025-09-05T07:00:00Z,PIFL,PIFL31,31,heatwave,drought,5
2025-09-05T07:00:00Z,PIFL,PIFL32,32,heatwave,drought,5
2025-09-05T07:00:00Z,PIFL,PIFL33,33,heatwave,drought,5
2025-09-05T07:00:00Z,PIFL,PIFL34,34,heatwave,drought,5
2025-09-05T07:00:00Z,PIFL,PIFL35,35,heatwave,drought,5
2025-09-05T07:00:00Z,PIFL,PIFL36,36,heatwave,water,5
2025-09-05T07:00:00Z,PIFL,PIFL37,37,heatwave,drought,5
2025-09-05T07:00:00Z,PIFL,PIFL38,38,heatwave,drought,5
2025-09-05T07:00:00Z,PIFL,PIFL39,39,heatwave,drought,5
2025-09-05T07:00:00Z,PIFL,PIFL40,40,heatwave,drought,5
2025-09-05T07:00:00Z,PIFL,PIFL41,41,heatwave,water,5
2025-09-05T07:00:00Z,PIFL,PIFL42,42,heatwave,drought,5
2025-09-05T07:00:00Z,PIFL,PIFL43,43,heatwave,drought,5
2025-09-05T07:00:00Z,PIFL,PIFL44,44,heatwave,drought,5
2025-09-05T07:00:00Z,PIFL,PIFL45,45,heatwave,drought,5
2025-09-05T07:00:00Z,PIFL,PIFL46,46,heatwave,water,5
2025-09-05T07:00:00Z,PIFL,PIFL47,47,heatwave,drought,5
2025-09-05T07:00:00Z,PIFL,PIFL48,48,heatwave,drought,5
2025-09-05T07:00:00Z,PIFL,PIFL49,49,heatwave,drought,5
2025-09-05T07:00:00Z,PIFL,PIFL50,50,heatwave,drought,5
2025-09-05T07:00:00Z,PIFL,PIFL51,51,heatwave,drought,5
2025-09-05T07:00:00Z,PIFL,PIFL52,52,heatwave,water,5
2025-09-05T07:00:00Z,PIFL,PIFL53,53,heatwave,drought,5
2025-09-05T07:00:00Z,PIFL,PIFL54,54,heatwave,drought,5
2025-09-05T07:00:00Z,PIFL,PIFL55,55,heatwave,water,5
2025-09-05T07:00:00Z,PIFL,PIFL56,56,heatwave,drought,5
2025-09-05T07:00:00Z,PIFL,PIFL57,57,heatwave,drought,5
2025-09-05T07:00:00Z,PIFL,PIFL58,58,heatwave,drought,5
2025-09-05T07:00:00Z,PIFL,PIFL59,59,heatwave,drought,5
2025-09-05T07:00:00Z,PIFL,PIFL60,60,heatwave,drought,5
2025-09-19T07:00:00Z,PIFL,PIFL1,1,ambient,water,5
2025-09-19T07:00:00Z,PIFL,PIFL2,2,ambient,drought,5
2025-09-19T07:00:00Z,PIFL,PIFL3,3,ambient,drought,5
2025-09-19T07:00:00Z,PIFL,PIFL4,4,ambient,drought,5
2025-09-19T07:00:00Z,PIFL,PIFL5,5,ambient,drought,5
2025-09-19T07:00:00Z,PIFL,PIFL6,6,ambient,drought,5
2025-09-19T07:00:00Z,PIFL,PIFL7,7,ambient,drought,5
2025-09-19T07:00:00Z,PIFL,PIFL8,8,ambient,drought,5
2025-09-19T07:00:00Z,PIFL,PIFL9,9,ambient,water,5
2025-09-19T07:00:00Z,PIFL,PIFL10,10,ambient,drought,5
2025-09-19T07:00:00Z,PIFL,PIFL11,11,ambient,drought,5
2025-09-19T07:00:00Z,PIFL,PIFL12,12,ambient,water,5
2025-09-19T07:00:00Z,PIFL,PIFL13,13,ambient,drought,5
2025-09-19T07:00:00Z,PIFL,PIFL14,14,ambient,drought,5
2025-09-19T07:00:00Z,PIFL,PIFL15,15,ambient,drought,5
2025-09-19T07:00:00Z,PIFL,PIFL16,16,ambient,drought,5
2025-09-19T07:00:00Z,PIFL,PIFL17,17,ambient,drought,5
2025-09-19T07:00:00Z,PIFL,PIFL18,18,ambient,drought,5
2025-09-19T07:00:00Z,PIFL,PIFL19,19,ambient,drought,5
2025-09-19T07:00:00Z,PIFL,PIFL20,20,ambient,drought,5
2025-09-19T07:00:00Z,PIFL,PIFL21,21,ambient,water,5
2025-09-19T07:00:00Z,PIFL,PIFL22,22,ambient,drought,5
2025-09-19T07:00:00Z,PIFL,PIFL23,23,ambient,drought,5
2025-09-19T07:00:00Z,PIFL,PIFL24,24,ambient,drought,5
2025-09-19T07:00:00Z,PIFL,PIFL25,25,ambient,drought,5
2025-09-19T07:00:00Z,PIFL,PIFL26,26,ambient,drought,5
2025-09-19T07:00:00Z,PIFL,PIFL27,27,ambient,drought,5
2025-09-19T07:00:00Z,PIFL,PIFL28,28,ambient,water,5
2025-09-19T07:00:00Z,PIFL,PIFL29,29,ambient,drought,5
2025-09-19T07:00:00Z,PIFL,PIFL30,30,ambient,drought,5
2025-09-19T07:00:00Z,PIFL,PIFL31,31,heatwave,drought,5
2025-09-19T07:00:00Z,PIFL,PIFL32,32,heatwave,drought,5
2025-09-19T07:00:00Z,PIFL,PIFL33,33,heatwave,drought,5
2025-09-19T07:00:00Z,PIFL,PIFL34,34,heatwave,drought,5
2025-09-19T07:00:00Z,PIFL,PIFL35,35,heatwave,drought,5
2025-09-19T07:00:00Z,PIFL,PIFL36,36,heatwave,water,5
2025-09-19T07:00:00Z,PIFL,PIFL37,37,heatwave,drought,5
2025-09-19T07:00:00Z,PIFL,PIFL38,38,heatwave,drought,5
2025-09-19T07:00:00Z,PIFL,PIFL39,39,heatwave,drought,5
2025-09-19T07:00:00Z,PIFL,PIFL40,40,heatwave,drought,5
2025-09-19T07:00:00Z,PIFL,PIFL41,41,heatwave,water,5
2025-09-19T07:00:00Z,PIFL,PIFL42,42,heatwave,drought,5
2025-09-19T07:00:00Z,PIFL,PIFL43,43,heatwave,drought,5
2025-09-19T07:00:00Z,PIFL,PIFL44,44,heatwave,drought,5
2025-09-19T07:00:00Z,PIFL,PIFL45,45,heatwave,drought,5
2025-09-19T07:00:00Z,PIFL,PIFL46,46,heatwave,water,5
2025-09-19T07:00:00Z,PIFL,PIFL47,47,heatwave,drought,5
2025-09-19T07:00:00Z,PIFL,PIFL48,48,heatwave,drought,5
2025-09-19T07:00:00Z,PIFL,PIFL49,49,heatwave,drought,5
2025-09-19T07:00:00Z,PIFL,PIFL50,50,heatwave,drought,5
2025-09-19T07:00:00Z,PIFL,PIFL51,51,heatwave,drought,5
2025-09-19T07:00:00Z,PIFL,PIFL52,52,heatwave,water,5
2025-09-19T07:00:00Z,PIFL,PIFL53,53,heatwave,drought,5
2025-09-19T07:00:00Z,PIFL,PIFL54,54,heatwave,drought,5
2025-09-19T07:00:00Z,PIFL,PIFL55,55,heatwave,water,5
2025-09-19T07:00:00Z,PIFL,PIFL56,56,heatwave,drought,5
2025-09-19T07:00:00Z,PIFL,PIFL57,57,heatwave,drought,5
2025-09-19T07:00:00Z,PIFL,PIFL58,58,heatwave,drought,5
2025-09-19T07:00:00Z,PIFL,PIFL59,59,heatwave,drought,5
2025-09-19T07:00:00Z,PIFL,PIFL60,60,heatwave,drought,5
2025-09-26T07:00:00Z,PIFL,PIFL1,1,ambient,water,5
2025-09-26T07:00:00Z,PIFL,PIFL2,2,ambient,drought,5
2025-09-26T07:00:00Z,PIFL,PIFL3,3,ambient,drought,5
2025-09-26T07:00:00Z,PIFL,PIFL4,4,ambient,drought,5
2025-09-26T07:00:00Z,PIFL,PIFL5,5,ambient,drought,5
2025-09-26T07:00:00Z,PIFL,PIFL6,6,ambient,drought,5
2025-09-26T07:00:00Z,PIFL,PIFL7,7,ambient,drought,5
2025-09-26T07:00:00Z,PIFL,PIFL8,8,ambient,drought,5
2025-09-26T07:00:00Z,PIFL,PIFL9,9,ambient,water,5
2025-09-26T07:00:00Z,PIFL,PIFL10,10,ambient,drought,5
2025-09-26T07:00:00Z,PIFL,PIFL11,11,ambient,drought,5
2025-09-26T07:00:00Z,PIFL,PIFL12,12,ambient,water,5
2025-09-26T07:00:00Z,PIFL,PIFL13,13,ambient,drought,5
2025-09-26T07:00:00Z,PIFL,PIFL14,14,ambient,drought,5
2025-09-26T07:00:00Z,PIFL,PIFL15,15,ambient,drought,5
2025-09-26T07:00:00Z,PIFL,PIFL16,16,ambient,drought,5
2025-09-26T07:00:00Z,PIFL,PIFL17,17,ambient,drought,5
2025-09-26T07:00:00Z,PIFL,PIFL18,18,ambient,drought,5
2025-09-26T07:00:00Z,PIFL,PIFL19,19,ambient,drought,5
2025-09-26T07:00:00Z,PIFL,PIFL20,20,ambient,drought,5
2025-09-26T07:00:00Z,PIFL,PIFL21,21,ambient,water,5
2025-09-26T07:00:00Z,PIFL,PIFL22,22,ambient,drought,5
2025-09-26T07:00:00Z,PIFL,PIFL23,23,ambient,drought,5
2025-09-26T07:00:00Z,PIFL,PIFL24,24,ambient,drought,5
2025-09-26T07:00:00Z,PIFL,PIFL25,25,ambient,drought,5
2025-09-26T07:00:00Z,PIFL,PIFL26,26,ambient,drought,5
2025-09-26T07:00:00Z,PIFL,PIFL27,27,ambient,drought,5
2025-09-26T07:00:00Z,PIFL,PIFL28,28,ambient,water,5
2025-09-26T07:00:00Z,PIFL,PIFL29,29,ambient,drought,5
2025-09-26T07:00:00Z,PIFL,PIFL30,30,ambient,drought,5
2025-09-26T07:00:00Z,PIFL,PIFL31,31,heatwave,drought,5
2025-09-26T07:00:00Z,PIFL,PIFL32,32,heatwave,drought,5
2025-09-26T07:00:00Z,PIFL,PIFL33,33,heatwave,drought,5
2025-09-26T07:00:00Z,PIFL,PIFL34,34,heatwave,drought,5
2025-09-26T07:00:00Z,PIFL,PIFL35,35,heatwave,drought,5
2025-09-26T07:00:00Z,PIFL,PIFL36,36,heatwave,water,5
2025-09-26T07:00:00Z,PIFL,PIFL37,37,heatwave,drought,5
2025-09-26T07:00:00Z,PIFL,PIFL38,38,heatwave,drought,5
2025-09-26T07:00:00Z,PIFL,PIFL39,39,heatwave,drought,5
2025-09-26T07:00:00Z,PIFL,PIFL40,40,heatwave,drought,5
2025-09-26T07:00:00Z,PIFL,PIFL41,41,heatwave,water,5
2025-09-26T07:00:00Z,PIFL,PIFL42,42,heatwave,drought,5
2025-09-26T07:00:00Z,PIFL,PIFL43,43,heatwave,drought,5
2025-09-26T07:00:00Z,PIFL,PIFL44,44,heatwave,drought,5
2025-09-26T07:00:00Z,PIFL,PIFL45,45,heatwave,drought,5
2025-09-26T07:00:00Z,PIFL,PIFL46,46,heatwave,water,5
2025-09-26T07:00:00Z,PIFL,PIFL47,47,heatwave,drought,5
2025-09-26T07:00:00Z,PIFL,PIFL48,48,heatwave,drought,5
2025-09-26T07:00:00Z,PIFL,PIFL49,49,heatwave,drought,5
2025-09-26T07:00:00Z,PIFL,PIFL50,50,heatwave,drought,5
2025-09-26T07:00:00Z,PIFL,PIFL51,51,heatwave,drought,5
2025-09-26T07:00:00Z,PIFL,PIFL52,52,heatwave,water,5
2025-09-26T07:00:00Z,PIFL,PIFL53,53,heatwave,drought,5
2025-09-26T07:00:00Z,PIFL,PIFL54,54,heatwave,drought,5
2025-09-26T07:00:00Z,PIFL,PIFL55,55,heatwave,water,5
2025-09-26T07:00:00Z,PIFL,PIFL56,56,heatwave,drought,5
2025-09-26T07:00:00Z,PIFL,PIFL57,57,heatwave,drought,5
2025-09-26T07:00:00Z,PIFL,PIFL58,58,heatwave,drought,5
2025-09-26T07:00:00Z,PIFL,PIFL59,59,heatwave,drought,5
2025-09-26T07:00:00Z,PIFL,PIFL60,60,heatwave,drought,5
2025-10-03T07:00:00Z,PIFL,PIFL1,1,ambient,water,5
2025-10-03T07:00:00Z,PIFL,PIFL2,2,ambient,drought,5
2025-10-03T07:00:00Z,PIFL,PIFL3,3,ambient,drought,5
2025-10-03T07:00:00Z,PIFL,PIFL4,4,ambient,drought,5
2025-10-03T07:00:00Z,PIFL,PIFL5,5,ambient,drought,5
2025-10-03T07:00:00Z,PIFL,PIFL6,6,ambient,drought,5
2025-10-03T07:00:00Z,PIFL,PIFL7,7,ambient,drought,5
2025-10-03T07:00:00Z,PIFL,PIFL8,8,ambient,drought,5
2025-10-03T07:00:00Z,PIFL,PIFL9,9,ambient,water,5
2025-10-03T07:00:00Z,PIFL,PIFL10,10,ambient,drought,5
2025-10-03T07:00:00Z,PIFL,PIFL11,11,ambient,drought,5
2025-10-03T07:00:00Z,PIFL,PIFL12,12,ambient,water,5
2025-10-03T07:00:00Z,PIFL,PIFL13,13,ambient,drought,5
2025-10-03T07:00:00Z,PIFL,PIFL14,14,ambient,drought,5
2025-10-03T07:00:00Z,PIFL,PIFL15,15,ambient,drought,5
2025-10-03T07:00:00Z,PIFL,PIFL16,16,ambient,drought,5
2025-10-03T07:00:00Z,PIFL,PIFL17,17,ambient,drought,5
2025-10-03T07:00:00Z,PIFL,PIFL18,18,ambient,drought,5
2025-10-03T07:00:00Z,PIFL,PIFL19,19,ambient,drought,5
2025-10-03T07:00:00Z,PIFL,PIFL20,20,ambient,drought,5
2025-10-03T07:00:00Z,PIFL,PIFL21,21,ambient,water,5
2025-10-03T07:00:00Z,PIFL,PIFL22,22,ambient,drought,5
2025-10-03T07:00:00Z,PIFL,PIFL23,23,ambient,drought,5
2025-10-03T07:00:00Z,PIFL,PIFL24,24,ambient,drought,5
2025-10-03T07:00:00Z,PIFL,PIFL25,25,ambient,drought,5
2025-10-03T07:00:00Z,PIFL,PIFL26,26,ambient,drought,5
2025-10-03T07:00:00Z,PIFL,PIFL27,27,ambient,drought,5
2025-10-03T07:00:00Z,PIFL,PIFL28,28,ambient,water,5
2025-10-03T07:00:00Z,PIFL,PIFL29,29,ambient,drought,5
2025-10-03T07:00:00Z,PIFL,PIFL30,30,ambient,drought,5
2025-10-03T07:00:00Z,PIFL,PIFL31,31,heatwave,drought,5
2025-10-03T07:00:00Z,PIFL,PIFL32,32,heatwave,drought,5
2025-10-03T07:00:00Z,PIFL,PIFL33,33,heatwave,drought,5
2025-10-03T07:00:00Z,PIFL,PIFL34,34,heatwave,drought,5
2025-10-03T07:00:00Z,PIFL,PIFL35,35,heatwave,drought,5
2025-10-03T07:00:00Z,PIFL,PIFL36,36,heatwave,water,5
2025-10-03T07:00:00Z,PIFL,PIFL37,37,heatwave,drought,5
2025-10-03T07:00:00Z,PIFL,PIFL38,38,heatwave,drought,5
2025-10-03T07:00:00Z,PIFL,PIFL39,39,heatwave,drought,5
2025-10-03T07:00:00Z,PIFL,PIFL40,40,heatwave,drought,5
2025-10-03T07:00:00Z,PIFL,PIFL41,41,heatwave,water,5
2025-10-03T07:00:00Z,PIFL,PIFL42,42,heatwave,drought,5
2025-10-03T07:00:00Z,PIFL,PIFL43,43,heatwave,drought,5
2025-10-03T07:00:00Z,PIFL,PIFL44,44,heatwave,drought,5
2025-10-03T07:00:00Z,PIFL,PIFL45,45,heatwave,drought,5
2025-10-03T07:00:00Z,PIFL,PIFL46,46,heatwave,water,5
2025-10-03T07:00:00Z,PIFL,PIFL47,47,heatwave,drought,5
2025-10-03T07:00:00Z,PIFL,PIFL48,48,heatwave,drought,5
2025-10-03T07:00:00Z,PIFL,PIFL49,49,heatwave,drought,5
2025-10-03T07:00:00Z,PIFL,PIFL50,50,heatwave,drought,5
2025-10-03T07:00:00Z,PIFL,PIFL51,51,heatwave,drought,5
2025-10-03T07:00:00Z,PIFL,PIFL52,52,heatwave,water,5
2025-10-03T07:00:00Z,PIFL,PIFL53,53,heatwave,drought,5
2025-10-03T07:00:00Z,PIFL,PIFL54,54,heatwave,drought,5
2025-10-03T07:00:00Z,PIFL,PIFL55,55,heatwave,water,5
2025-10-03T07:00:00Z,PIFL,PIFL56,56,heatwave,drought,5
2025-10-03T07:00:00Z,PIFL,PIFL57,57,heatwave,drought,5
2025-10-03T07:00:00Z,PIFL,PIFL58,58,heatwave,drought,5
2025-10-03T07:00:00Z,PIFL,PIFL59,59,heatwave,drought,5
2025-10-03T07:00:00Z,PIFL,PIFL60,60,heatwave,drought,5
2025-10-10T07:00:00Z,PIFL,PIFL1,1,ambient,water,5
2025-10-10T07:00:00Z,PIFL,PIFL2,2,ambient,drought,5
2025-10-10T07:00:00Z,PIFL,PIFL3,3,ambient,drought,5
2025-10-10T07:00:00Z,PIFL,PIFL4,4,ambient,drought,5
2025-10-10T07:00:00Z,PIFL,PIFL5,5,ambient,drought,5
2025-10-10T07:00:00Z,PIFL,PIFL6,6,ambient,drought,5
2025-10-10T07:00:00Z,PIFL,PIFL7,7,ambient,drought,5
2025-10-10T07:00:00Z,PIFL,PIFL8,8,ambient,drought,5
2025-10-10T07:00:00Z,PIFL,PIFL9,9,ambient,water,5
2025-10-10T07:00:00Z,PIFL,PIFL10,10,ambient,drought,5
2025-10-10T07:00:00Z,PIFL,PIFL11,11,ambient,drought,5
2025-10-10T07:00:00Z,PIFL,PIFL12,12,ambient,water,5
2025-10-10T07:00:00Z,PIFL,PIFL13,13,ambient,drought,5
2025-10-10T07:00:00Z,PIFL,PIFL14,14,ambient,drought,5
2025-10-10T07:00:00Z,PIFL,PIFL15,15,ambient,drought,5
2025-10-10T07:00:00Z,PIFL,PIFL16,16,ambient,drought,5
2025-10-10T07:00:00Z,PIFL,PIFL17,17,ambient,drought,5
2025-10-10T07:00:00Z,PIFL,PIFL18,18,ambient,drought,5
2025-10-10T07:00:00Z,PIFL,PIFL19,19,ambient,drought,5
2025-10-10T07:00:00Z,PIFL,PIFL20,20,ambient,drought,5
2025-10-10T07:00:00Z,PIFL,PIFL21,21,ambient,water,5
2025-10-10T07:00:00Z,PIFL,PIFL22,22,ambient,drought,5
2025-10-10T07:00:00Z,PIFL,PIFL23,23,ambient,drought,5
2025-10-10T07:00:00Z,PIFL,PIFL24,24,ambient,drought,5
2025-10-10T07:00:00Z,PIFL,PIFL25,25,ambient,drought,5
2025-10-10T07:00:00Z,PIFL,PIFL26,26,ambient,drought,5
2025-10-10T07:00:00Z,PIFL,PIFL27,27,ambient,drought,5
2025-10-10T07:00:00Z,PIFL,PIFL28,28,ambient,water,5
2025-10-10T07:00:00Z,PIFL,PIFL29,29,ambient,drought,5
2025-10-10T07:00:00Z,PIFL,PIFL30,30,ambient,drought,5
2025-10-10T07:00:00Z,PIFL,PIFL31,31,heatwave,drought,5
2025-10-10T07:00:00Z,PIFL,PIFL32,32,heatwave,drought,5
2025-10-10T07:00:00Z,PIFL,PIFL33,33,heatwave,drought,5
2025-10-10T07:00:00Z,PIFL,PIFL34,34,heatwave,drought,5
2025-10-10T07:00:00Z,PIFL,PIFL35,35,heatwave,drought,5
2025-10-10T07:00:00Z,PIFL,PIFL36,36,heatwave,water,5
2025-10-10T07:00:00Z,PIFL,PIFL37,37,heatwave,drought,5
2025-10-10T07:00:00Z,PIFL,PIFL38,38,heatwave,drought,5
2025-10-10T07:00:00Z,PIFL,PIFL39,39,heatwave,drought,5
2025-10-10T07:00:00Z,PIFL,PIFL40,40,heatwave,drought,5
2025-10-10T07:00:00Z,PIFL,PIFL41,41,heatwave,water,5
2025-10-10T07:00:00Z,PIFL,PIFL42,42,heatwave,drought,5
2025-10-10T07:00:00Z,PIFL,PIFL43,43,heatwave,drought,5
2025-10-10T07:00:00Z,PIFL,PIFL44,44,heatwave,drought,5
2025-10-10T07:00:00Z,PIFL,PIFL45,45,heatwave,drought,5
2025-10-10T07:00:00Z,PIFL,PIFL46,46,heatwave,water,5
2025-10-10T07:00:00Z,PIFL,PIFL47,47,heatwave,drought,5
2025-10-10T07:00:00Z,PIFL,PIFL48,48,heatwave,drought,5
2025-10-10T07:00:00Z,PIFL,PIFL49,49,heatwave,drought,5
2025-10-10T07:00:00Z,PIFL,PIFL50,50,heatwave,drought,5
2025-10-10T07:00:00Z,PIFL,PIFL51,51,heatwave,drought,5
2025-10-10T07:00:00Z,PIFL,PIFL52,52,heatwave,water,5
2025-10-10T07:00:00Z,PIFL,PIFL53,53,heatwave,drought,5
2025-10-10T07:00:00Z,PIFL,PIFL54,54,heatwave,drought,5
2025-10-10T07:00:00Z,PIFL,PIFL55,55,heatwave,water,5
2025-10-10T07:00:00Z,PIFL,PIFL56,56,heatwave,drought,5
2025-10-10T07:00:00Z,PIFL,PIFL57,57,heatwave,drought,5
2025-10-10T07:00:00Z,PIFL,PIFL58,58,heatwave,drought,5
2025-10-10T07:00:00Z,PIFL,PIFL59,59,heatwave,drought,5
2025-10-10T07:00:00Z,PIFL,PIFL60,60,heatwave,drought,5
2025-10-17T07:00:00Z,PIFL,PIFL1,1,ambient,water,5
2025-10-17T07:00:00Z,PIFL,PIFL2,2,ambient,drought,5
2025-10-17T07:00:00Z,PIFL,PIFL3,3,ambient,drought,5
2025-10-17T07:00:00Z,PIFL,PIFL4,4,ambient,drought,5
2025-10-17T07:00:00Z,PIFL,PIFL5,5,ambient,drought,5
2025-10-17T07:00:00Z,PIFL,PIFL6,6,ambient,drought,5
2025-10-17T07:00:00Z,PIFL,PIFL7,7,ambient,drought,5
2025-10-17T07:00:00Z,PIFL,PIFL8,8,ambient,drought,5
2025-10-17T07:00:00Z,PIFL,PIFL9,9,ambient,water,5
2025-10-17T07:00:00Z,PIFL,PIFL10,10,ambient,drought,5
2025-10-17T07:00:00Z,PIFL,PIFL11,11,ambient,drought,5
2025-10-17T07:00:00Z,PIFL,PIFL12,12,ambient,water,5
2025-10-17T07:00:00Z,PIFL,PIFL13,13,ambient,drought,5
2025-10-17T07:00:00Z,PIFL,PIFL14,14,ambient,drought,5
2025-10-17T07:00:00Z,PIFL,PIFL15,15,ambient,drought,5
2025-10-17T07:00:00Z,PIFL,PIFL16,16,ambient,drought,5
2025-10-17T07:00:00Z,PIFL,PIFL17,17,ambient,drought,5
2025-10-17T07:00:00Z,PIFL,PIFL18,18,ambient,drought,5
2025-10-17T07:00:00Z,PIFL,PIFL19,19,ambient,drought,5
2025-10-17T07:00:00Z,PIFL,PIFL20,20,ambient,drought,5
2025-10-17T07:00:00Z,PIFL,PIFL21,21,ambient,water,5
2025-10-17T07:00:00Z,PIFL,PIFL22,22,ambient,drought,5
2025-10-17T07:00:00Z,PIFL,PIFL23,23,ambient,drought,5
2025-10-17T07:00:00Z,PIFL,PIFL24,24,ambient,drought,5
2025-10-17T07:00:00Z,PIFL,PIFL25,25,ambient,drought,5
2025-10-17T07:00:00Z,PIFL,PIFL26,26,ambient,drought,5
2025-10-17T07:00:00Z,PIFL,PIFL27,27,ambient,drought,5
2025-10-17T07:00:00Z,PIFL,PIFL28,28,ambient,water,5
2025-10-17T07:00:00Z,PIFL,PIFL29,29,ambient,drought,5
2025-10-17T07:00:00Z,PIFL,PIFL30,30,ambient,drought,5
2025-10-17T07:00:00Z,PIFL,PIFL31,31,heatwave,drought,5
2025-10-17T07:00:00Z,PIFL,PIFL32,32,heatwave,drought,5
2025-10-17T07:00:00Z,PIFL,PIFL33,33,heatwave,drought,5
2025-10-17T07:00:00Z,PIFL,PIFL34,34,heatwave,drought,5
2025-10-17T07:00:00Z,PIFL,PIFL35,35,heatwave,drought,5
2025-10-17T07:00:00Z,PIFL,PIFL36,36,heatwave,water,5
2025-10-17T07:00:00Z,PIFL,PIFL37,37,heatwave,drought,5
2025-10-17T07:00:00Z,PIFL,PIFL38,38,heatwave,drought,5
2025-10-17T07:00:00Z,PIFL,PIFL39,39,heatwave,drought,5
2025-10-17T07:00:00Z,PIFL,PIFL40,40,heatwave,drought,5
2025-10-17T07:00:00Z,PIFL,PIFL41,41,heatwave,water,5
2025-10-17T07:00:00Z,PIFL,PIFL42,42,heatwave,drought,5
2025-10-17T07:00:00Z,PIFL,PIFL43,43,heatwave,drought,5
2025-10-17T07:00:00Z,PIFL,PIFL44,44,heatwave,drought,5
2025-10-17T07:00:00Z,PIFL,PIFL45,45,heatwave,drought,5
2025-10-17T07:00:00Z,PIFL,PIFL46,46,heatwave,water,5
2025-10-17T07:00:00Z,PIFL,PIFL47,47,heatwave,drought,5
2025-10-17T07:00:00Z,PIFL,PIFL48,48,heatwave,drought,5
2025-10-17T07:00:00Z,PIFL,PIFL49,49,heatwave,drought,5
2025-10-17T07:00:00Z,PIFL,PIFL50,50,heatwave,drought,5
2025-10-17T07:00:00Z,PIFL,PIFL51,51,heatwave,drought,5
2025-10-17T07:00:00Z,PIFL,PIFL52,52,heatwave,water,5
2025-10-17T07:00:00Z,PIFL,PIFL53,53,heatwave,drought,5
2025-10-17T07:00:00Z,PIFL,PIFL54,54,heatwave,drought,5
2025-10-17T07:00:00Z,PIFL,PIFL55,55,heatwave,water,5
2025-10-17T07:00:00Z,PIFL,PIFL56,56,heatwave,drought,5
2025-10-17T07:00:00Z,PIFL,PIFL57,57,heatwave,drought,5
2025-10-17T07:00:00Z,PIFL,PIFL58,58,heatwave,drought,5
2025-10-17T07:00:00Z,PIFL,PIFL59,59,heatwave,drought,5
2025-10-17T07:00:00Z,PIFL,PIFL60,60,heatwave,drought,5
2025-10-24T07:00:00Z,PIFL,PIFL1,1,ambient,water,5
2025-10-24T07:00:00Z,PIFL,PIFL2,2,ambient,drought,5
2025-10-24T07:00:00Z,PIFL,PIFL3,3,ambient,drought,5
2025-10-24T07:00:00Z,PIFL,PIFL4,4,ambient,drought,5
2025-10-24T07:00:00Z,PIFL,PIFL5,5,ambient,drought,5
2025-10-24T07:00:00Z,PIFL,PIFL6,6,ambient,drought,5
2025-10-24T07:00:00Z,PIFL,PIFL7,7,ambient,drought,5
2025-10-24T07:00:00Z,PIFL,PIFL8,8,ambient,drought,5
2025-10-24T07:00:00Z,PIFL,PIFL9,9,ambient,water,5
2025-10-24T07:00:00Z,PIFL,PIFL10,10,ambient,drought,5
2025-10-24T07:00:00Z,PIFL,PIFL11,11,ambient,drought,5
2025-10-24T07:00:00Z,PIFL,PIFL12,12,ambient,water,5
2025-10-24T07:00:00Z,PIFL,PIFL13,13,ambient,drought,5
2025-10-24T07:00:00Z,PIFL,PIFL14,14,ambient,drought,5
2025-10-24T07:00:00Z,PIFL,PIFL15,15,ambient,drought,5
2025-10-24T07:00:00Z,PIFL,PIFL16,16,ambient,drought,5
2025-10-24T07:00:00Z,PIFL,PIFL17,17,ambient,drought,5
2025-10-24T07:00:00Z,PIFL,PIFL18,18,ambient,drought,5
2025-10-24T07:00:00Z,PIFL,PIFL19,19,ambient,drought,5
2025-10-24T07:00:00Z,PIFL,PIFL20,20,ambient,drought,5
2025-10-24T07:00:00Z,PIFL,PIFL21,21,ambient,water,5
2025-10-24T07:00:00Z,PIFL,PIFL22,22,ambient,drought,5
2025-10-24T07:00:00Z,PIFL,PIFL23,23,ambient,drought,5
2025-10-24T07:00:00Z,PIFL,PIFL24,24,ambient,drought,5
2025-10-24T07:00:00Z,PIFL,PIFL25,25,ambient,drought,5
2025-10-24T07:00:00Z,PIFL,PIFL26,26,ambient,drought,5
2025-10-24T07:00:00Z,PIFL,PIFL27,27,ambient,drought,5
2025-10-24T07:00:00Z,PIFL,PIFL28,28,ambient,water,5
2025-10-24T07:00:00Z,PIFL,PIFL29,29,ambient,drought,5
2025-10-24T07:00:00Z,PIFL,PIFL30,30,ambient,drought,5
2025-10-24T07:00:00Z,PIFL,PIFL31,31,heatwave,drought,5
2025-10-24T07:00:00Z,PIFL,PIFL32,32,heatwave,drought,5
2025-10-24T07:00:00Z,PIFL,PIFL33,33,heatwave,drought,5
2025-10-24T07:00:00Z,PIFL,PIFL34,34,heatwave,drought,5
2025-10-24T07:00:00Z,PIFL,PIFL35,35,heatwave,drought,5
2025-10-24T07:00:00Z,PIFL,PIFL36,36,heatwave,water,5
2025-10-24T07:00:00Z,PIFL,PIFL37,37,heatwave,drought,5
2025-10-24T07:00:00Z,PIFL,PIFL38,38,heatwave,drought,5
2025-10-24T07:00:00Z,PIFL,PIFL39,39,heatwave,drought,5
2025-10-24T07:00:00Z,PIFL,PIFL40,40,heatwave,drought,5
2025-10-24T07:00:00Z,PIFL,PIFL41,41,heatwave,water,5
2025-10-24T07:00:00Z,PIFL,PIFL42,42,heatwave,drought,5
2025-10-24T07:00:00Z,PIFL,PIFL43,43,heatwave,drought,5
2025-10-24T07:00:00Z,PIFL,PIFL44,44,heatwave,drought,5
2025-10-24T07:00:00Z,PIFL,PIFL45,45,heatwave,drought,5
2025-10-24T07:00:00Z,PIFL,PIFL46,46,heatwave,water,5
2025-10-24T07:00:00Z,PIFL,PIFL47,47,heatwave,drought,5
2025-10-24T07:00:00Z,PIFL,PIFL48,48,heatwave,drought,5
2025-10-24T07:00:00Z,PIFL,PIFL49,49,heatwave,drought,5
2025-10-24T07:00:00Z,PIFL,PIFL50,50,heatwave,drought,5
2025-10-24T07:00:00Z,PIFL,PIFL51,51,heatwave,drought,5
2025-10-24T07:00:00Z,PIFL,PIFL52,52,heatwave,water,5
2025-10-24T07:00:00Z,PIFL,PIFL53,53,heatwave,drought,5
2025-10-24T07:00:00Z,PIFL,PIFL54,54,heatwave,drought,5
2025-10-24T07:00:00Z,PIFL,PIFL55,55,heatwave,water,5
2025-10-24T07:00:00Z,PIFL,PIFL56,56,heatwave,drought,5
2025-10-24T07:00:00Z,PIFL,PIFL57,57,heatwave,drought,5
2025-10-24T07:00:00Z,PIFL,PIFL58,58,heatwave,drought,5
2025-10-24T07:00:00Z,PIFL,PIFL59,59,heatwave,drought,5
2025-10-24T07:00:00Z,PIFL,PIFL60,60,heatwave,drought,5
2025-10-31T07:00:00Z,PIFL,PIFL1,1,ambient,water,5
2025-10-31T07:00:00Z,PIFL,PIFL2,2,ambient,drought,5
2025-10-31T07:00:00Z,PIFL,PIFL3,3,ambient,drought,5
2025-10-31T07:00:00Z,PIFL,PIFL4,4,ambient,drought,5
2025-10-31T07:00:00Z,PIFL,PIFL5,5,ambient,drought,5
2025-10-31T07:00:00Z,PIFL,PIFL6,6,ambient,drought,5
2025-10-31T07:00:00Z,PIFL,PIFL7,7,ambient,drought,5
2025-10-31T07:00:00Z,PIFL,PIFL8,8,ambient,drought,5
2025-10-31T07:00:00Z,PIFL,PIFL9,9,ambient,water,5
2025-10-31T07:00:00Z,PIFL,PIFL10,10,ambient,drought,5
2025-10-31T07:00:00Z,PIFL,PIFL11,11,ambient,drought,5
2025-10-31T07:00:00Z,PIFL,PIFL12,12,ambient,water,5
2025-10-31T07:00:00Z,PIFL,PIFL13,13,ambient,drought,5
2025-10-31T07:00:00Z,PIFL,PIFL14,14,ambient,drought,5
2025-10-31T07:00:00Z,PIFL,PIFL15,15,ambient,drought,5
2025-10-31T07:00:00Z,PIFL,PIFL16,16,ambient,drought,5
2025-10-31T07:00:00Z,PIFL,PIFL17,17,ambient,drought,5
2025-10-31T07:00:00Z,PIFL,PIFL18,18,ambient,drought,5
2025-10-31T07:00:00Z,PIFL,PIFL19,19,ambient,drought,5
2025-10-31T07:00:00Z,PIFL,PIFL20,20,ambient,drought,5
2025-10-31T07:00:00Z,PIFL,PIFL21,21,ambient,water,5
2025-10-31T07:00:00Z,PIFL,PIFL22,22,ambient,drought,5
2025-10-31T07:00:00Z,PIFL,PIFL23,23,ambient,drought,5
2025-10-31T07:00:00Z,PIFL,PIFL24,24,ambient,drought,5
2025-10-31T07:00:00Z,PIFL,PIFL25,25,ambient,drought,5
2025-10-31T07:00:00Z,PIFL,PIFL26,26,ambient,drought,5
2025-10-31T07:00:00Z,PIFL,PIFL27,27,ambient,drought,5
2025-10-31T07:00:00Z,PIFL,PIFL28,28,ambient,water,5
2025-10-31T07:00:00Z,PIFL,PIFL29,29,ambient,drought,5
2025-10-31T07:00:00Z,PIFL,PIFL30,30,ambient,drought,5
2025-10-31T07:00:00Z,PIFL,PIFL31,31,heatwave,drought,5
2025-10-31T07:00:00Z,PIFL,PIFL32,32,heatwave,drought,5
2025-10-31T07:00:00Z,PIFL,PIFL33,33,heatwave,drought,5
2025-10-31T07:00:00Z,PIFL,PIFL34,34,heatwave,drought,5
2025-10-31T07:00:00Z,PIFL,PIFL35,35,heatwave,drought,5
2025-10-31T07:00:00Z,PIFL,PIFL36,36,heatwave,water,5
2025-10-31T07:00:00Z,PIFL,PIFL37,37,heatwave,drought,5
2025-10-31T07:00:00Z,PIFL,PIFL38,38,heatwave,drought,5
2025-10-31T07:00:00Z,PIFL,PIFL39,39,heatwave,drought,5
2025-10-31T07:00:00Z,PIFL,PIFL40,40,heatwave,drought,5
2025-10-31T07:00:00Z,PIFL,PIFL41,41,heatwave,water,5
2025-10-31T07:00:00Z,PIFL,PIFL42,42,heatwave,drought,5
2025-10-31T07:00:00Z,PIFL,PIFL43,43,heatwave,drought,5
2025-10-31T07:00:00Z,PIFL,PIFL44,44,heatwave,drought,5
2025-10-31T07:00:00Z,PIFL,PIFL45,45,heatwave,drought,5
2025-10-31T07:00:00Z,PIFL,PIFL46,46,heatwave,water,5
2025-10-31T07:00:00Z,PIFL,PIFL47,47,heatwave,drought,5
2025-10-31T07:00:00Z,PIFL,PIFL48,48,heatwave,drought,5
2025-10-31T07:00:00Z,PIFL,PIFL49,49,heatwave,drought,5
2025-10-31T07:00:00Z,PIFL,PIFL50,50,heatwave,drought,5
2025-10-31T07:00:00Z,PIFL,PIFL51,51,heatwave,drought,5
2025-10-31T07:00:00Z,PIFL,PIFL52,52,heatwave,water,5
2025-10-31T07:00:00Z,PIFL,PIFL53,53,heatwave,drought,5
2025-10-31T07:00:00Z,PIFL,PIFL54,54,heatwave,drought,5
2025-10-31T07:00:00Z,PIFL,PIFL55,55,heatwave,water,5
2025-10-31T07:00:00Z,PIFL,PIFL56,56,heatwave,drought,5
2025-10-31T07:00:00Z,PIFL,PIFL57,57,heatwave,drought,5
2025-10-31T07:00:00Z,PIFL,PIFL58,58,heatwave,drought,5
2025-10-31T07:00:00Z,PIFL,PIFL59,59,heatwave,drought,5
2025-10-31T07:00:00Z,PIFL,PIFL60,60,heatwave,drought,5
2025-07-23T07:00:00Z,PIPO,PIPO1,1,ambient,water,5
2025-07-23T07:00:00Z,PIPO,PIPO2,2,ambient,drought,5
2025-07-23T07:00:00Z,PIPO,PIPO3,3,ambient,drought,5
2025-07-23T07:00:00Z,PIPO,PIPO4,4,ambient,drought,5
2025-07-23T07:00:00Z,PIPO,PIPO5,5,ambient,water,5
2025-07-23T07:00:00Z,PIPO,PIPO6,6,ambient,drought,5
2025-07-23T07:00:00Z,PIPO,PIPO7,7,ambient,drought,5
2025-07-23T07:00:00Z,PIPO,PIPO8,8,ambient,drought,5
2025-07-23T07:00:00Z,PIPO,PIPO9,9,ambient,drought,5
2025-07-23T07:00:00Z,PIPO,PIPO10,10,ambient,drought,5
2025-07-23T07:00:00Z,PIPO,PIPO11,11,ambient,water,5
2025-07-23T07:00:00Z,PIPO,PIPO12,12,ambient,drought,5
2025-07-23T07:00:00Z,PIPO,PIPO13,13,ambient,drought,5
2025-07-23T07:00:00Z,PIPO,PIPO14,14,ambient,drought,5
2025-07-23T07:00:00Z,PIPO,PIPO15,15,ambient,drought,5
2025-07-23T07:00:00Z,PIPO,PIPO16,16,ambient,drought,5
2025-07-23T07:00:00Z,PIPO,PIPO17,17,ambient,drought,5
2025-07-23T07:00:00Z,PIPO,PIPO18,18,ambient,water,5
2025-07-23T07:00:00Z,PIPO,PIPO19,19,ambient,drought,5
2025-07-23T07:00:00Z,PIPO,PIPO20,20,ambient,water,5
2025-07-23T07:00:00Z,PIPO,PIPO21,21,ambient,drought,5
2025-07-23T07:00:00Z,PIPO,PIPO22,22,ambient,drought,5
2025-07-23T07:00:00Z,PIPO,PIPO23,23,ambient,drought,5
2025-07-23T07:00:00Z,PIPO,PIPO24,24,ambient,drought,5
2025-07-23T07:00:00Z,PIPO,PIPO25,25,ambient,drought,5
2025-07-23T07:00:00Z,PIPO,PIPO26,26,ambient,drought,5
2025-07-23T07:00:00Z,PIPO,PIPO27,27,ambient,drought,5
2025-07-23T07:00:00Z,PIPO,PIPO28,28,ambient,drought,5
2025-07-23T07:00:00Z,PIPO,PIPO29,29,ambient,drought,5
2025-07-23T07:00:00Z,PIPO,PIPO30,30,ambient,drought,5
2025-07-23T07:00:00Z,PIPO,PIPO31,31,heatwave,water,5
2025-07-23T07:00:00Z,PIPO,PIPO32,32,heatwave,drought,5
2025-07-23T07:00:00Z,PIPO,PIPO33,33,heatwave,drought,5
2025-07-23T07:00:00Z,PIPO,PIPO34,34,heatwave,drought,5
2025-07-23T07:00:00Z,PIPO,PIPO35,35,heatwave,water,5
2025-07-23T07:00:00Z,PIPO,PIPO36,36,heatwave,drought,5
2025-07-23T07:00:00Z,PIPO,PIPO37,37,heatwave,drought,5
2025-07-23T07:00:00Z,PIPO,PIPO38,38,heatwave,drought,5
2025-07-23T07:00:00Z,PIPO,PIPO39,39,heatwave,drought,5
2025-07-23T07:00:00Z,PIPO,PIPO40,40,heatwave,drought,5
2025-07-23T07:00:00Z,PIPO,PIPO41,41,heatwave,drought,5
2025-07-23T07:00:00Z,PIPO,PIPO42,42,heatwave,drought,5
2025-07-23T07:00:00Z,PIPO,PIPO43,43,heatwave,drought,5
2025-07-23T07:00:00Z,PIPO,PIPO44,44,heatwave,drought,5
2025-07-23T07:00:00Z,PIPO,PIPO45,45,heatwave,drought,5
2025-07-23T07:00:00Z,PIPO,PIPO46,46,heatwave,drought,5
2025-07-23T07:00:00Z,PIPO,PIPO47,47,heatwave,drought,5
2025-07-23T07:00:00Z,PIPO,PIPO48,48,heatwave,drought,5
2025-07-23T07:00:00Z,PIPO,PIPO49,49,heatwave,drought,5
2025-07-23T07:00:00Z,PIPO,PIPO50,50,heatwave,drought,5
2025-07-23T07:00:00Z,PIPO,PIPO51,51,heatwave,water,5
2025-07-23T07:00:00Z,PIPO,PIPO52,52,heatwave,drought,5
2025-07-23T07:00:00Z,PIPO,PIPO53,53,heatwave,water,5
2025-07-23T07:00:00Z,PIPO,PIPO54,54,heatwave,drought,5
2025-07-23T07:00:00Z,PIPO,PIPO55,55,heatwave,drought,5
2025-07-23T07:00:00Z,PIPO,PIPO56,56,heatwave,water,5
2025-07-23T07:00:00Z,PIPO,PIPO57,57,heatwave,drought,5
2025-07-23T07:00:00Z,PIPO,PIPO58,58,heatwave,drought,5
2025-07-23T07:00:00Z,PIPO,PIPO59,59,heatwave,drought,5
2025-07-23T07:00:00Z,PIPO,PIPO60,60,heatwave,drought,5
2025-07-30T07:00:00Z,PIPO,PIPO1,1,ambient,water,5
2025-07-30T07:00:00Z,PIPO,PIPO2,2,ambient,drought,5
2025-07-30T07:00:00Z,PIPO,PIPO3,3,ambient,drought,5
2025-07-30T07:00:00Z,PIPO,PIPO4,4,ambient,drought,5
2025-07-30T07:00:00Z,PIPO,PIPO5,5,ambient,water,5
2025-07-30T07:00:00Z,PIPO,PIPO6,6,ambient,drought,5
2025-07-30T07:00:00Z,PIPO,PIPO7,7,ambient,drought,5
2025-07-30T07:00:00Z,PIPO,PIPO8,8,ambient,drought,5
2025-07-30T07:00:00Z,PIPO,PIPO9,9,ambient,drought,5
2025-07-30T07:00:00Z,PIPO,PIPO10,10,ambient,drought,5
2025-07-30T07:00:00Z,PIPO,PIPO11,11,ambient,water,5
2025-07-30T07:00:00Z,PIPO,PIPO12,12,ambient,drought,5
2025-07-30T07:00:00Z,PIPO,PIPO13,13,ambient,drought,5
2025-07-30T07:00:00Z,PIPO,PIPO14,14,ambient,drought,5
2025-07-30T07:00:00Z,PIPO,PIPO15,15,ambient,drought,5
2025-07-30T07:00:00Z,PIPO,PIPO16,16,ambient,drought,5
2025-07-30T07:00:00Z,PIPO,PIPO17,17,ambient,drought,5
2025-07-30T07:00:00Z,PIPO,PIPO18,18,ambient,water,5
2025-07-30T07:00:00Z,PIPO,PIPO19,19,ambient,drought,5
2025-07-30T07:00:00Z,PIPO,PIPO20,20,ambient,water,5
2025-07-30T07:00:00Z,PIPO,PIPO21,21,ambient,drought,5
2025-07-30T07:00:00Z,PIPO,PIPO22,22,ambient,drought,5
2025-07-30T07:00:00Z,PIPO,PIPO23,23,ambient,drought,5
2025-07-30T07:00:00Z,PIPO,PIPO24,24,ambient,drought,5
2025-07-30T07:00:00Z,PIPO,PIPO25,25,ambient,drought,5
2025-07-30T07:00:00Z,PIPO,PIPO26,26,ambient,drought,5
2025-07-30T07:00:00Z,PIPO,PIPO27,27,ambient,drought,5
2025-07-30T07:00:00Z,PIPO,PIPO28,28,ambient,drought,5
2025-07-30T07:00:00Z,PIPO,PIPO29,29,ambient,drought,5
2025-07-30T07:00:00Z,PIPO,PIPO30,30,ambient,drought,5
2025-07-30T07:00:00Z,PIPO,PIPO31,31,heatwave,water,5
2025-07-30T07:00:00Z,PIPO,PIPO32,32,heatwave,drought,5
2025-07-30T07:00:00Z,PIPO,PIPO33,33,heatwave,drought,5
2025-07-30T07:00:00Z,PIPO,PIPO34,34,heatwave,drought,5
2025-07-30T07:00:00Z,PIPO,PIPO35,35,heatwave,water,5
2025-07-30T07:00:00Z,PIPO,PIPO36,36,heatwave,drought,5
2025-07-30T07:00:00Z,PIPO,PIPO37,37,heatwave,drought,5
2025-07-30T07:00:00Z,PIPO,PIPO38,38,heatwave,drought,5
2025-07-30T07:00:00Z,PIPO,PIPO39,39,heatwave,drought,5
2025-07-30T07:00:00Z,PIPO,PIPO40,40,heatwave,drought,5
2025-07-30T07:00:00Z,PIPO,PIPO41,41,heatwave,drought,5
2025-07-30T07:00:00Z,PIPO,PIPO42,42,heatwave,drought,5
2025-07-30T07:00:00Z,PIPO,PIPO43,43,heatwave,drought,5
2025-07-30T07:00:00Z,PIPO,PIPO44,44,heatwave,drought,5
2025-07-30T07:00:00Z,PIPO,PIPO45,45,heatwave,drought,5
2025-07-30T07:00:00Z,PIPO,PIPO46,46,heatwave,drought,5
2025-07-30T07:00:00Z,PIPO,PIPO47,47,heatwave,drought,5
2025-07-30T07:00:00Z,PIPO,PIPO48,48,heatwave,drought,5
2025-07-30T07:00:00Z,PIPO,PIPO49,49,heatwave,drought,5
2025-07-30T07:00:00Z,PIPO,PIPO50,50,heatwave,drought,5
2025-07-30T07:00:00Z,PIPO,PIPO51,51,heatwave,water,5
2025-07-30T07:00:00Z,PIPO,PIPO52,52,heatwave,drought,5
2025-07-30T07:00:00Z,PIPO,PIPO53,53,heatwave,water,5
2025-07-30T07:00:00Z,PIPO,PIPO54,54,heatwave,drought,5
2025-07-30T07:00:00Z,PIPO,PIPO55,55,heatwave,drought,5
2025-07-30T07:00:00Z,PIPO,PIPO56,56,heatwave,water,5
2025-07-30T07:00:00Z,PIPO,PIPO57,57,heatwave,drought,5
2025-07-30T07:00:00Z,PIPO,PIPO58,58,heatwave,drought,5
2025-07-30T07:00:00Z,PIPO,PIPO59,59,heatwave,drought,5
2025-07-30T07:00:00Z,PIPO,PIPO60,60,heatwave,drought,5
2025-08-06T07:00:00Z,PIPO,PIPO1,1,ambient,water,5
2025-08-06T07:00:00Z,PIPO,PIPO2,2,ambient,drought,5
2025-08-06T07:00:00Z,PIPO,PIPO3,3,ambient,drought,5
2025-08-06T07:00:00Z,PIPO,PIPO4,4,ambient,drought,5
2025-08-06T07:00:00Z,PIPO,PIPO5,5,ambient,water,5
2025-08-06T07:00:00Z,PIPO,PIPO6,6,ambient,drought,17.5
2025-08-06T07:00:00Z,PIPO,PIPO7,7,ambient,drought,5
2025-08-06T07:00:00Z,PIPO,PIPO8,8,ambient,drought,5
2025-08-06T07:00:00Z,PIPO,PIPO9,9,ambient,drought,5
2025-08-06T07:00:00Z,PIPO,PIPO10,10,ambient,drought,5
2025-08-06T07:00:00Z,PIPO,PIPO11,11,ambient,water,5
2025-08-06T07:00:00Z,PIPO,PIPO12,12,ambient,drought,5
2025-08-06T07:00:00Z,PIPO,PIPO13,13,ambient,drought,5
2025-08-06T07:00:00Z,PIPO,PIPO14,14,ambient,drought,5
2025-08-06T07:00:00Z,PIPO,PIPO15,15,ambient,drought,5
2025-08-06T07:00:00Z,PIPO,PIPO16,16,ambient,drought,5
2025-08-06T07:00:00Z,PIPO,PIPO17,17,ambient,drought,5
2025-08-06T07:00:00Z,PIPO,PIPO18,18,ambient,water,5
2025-08-06T07:00:00Z,PIPO,PIPO19,19,ambient,drought,5
2025-08-06T07:00:00Z,PIPO,PIPO20,20,ambient,water,5
2025-08-06T07:00:00Z,PIPO,PIPO21,21,ambient,drought,5
2025-08-06T07:00:00Z,PIPO,PIPO22,22,ambient,drought,5
2025-08-06T07:00:00Z,PIPO,PIPO23,23,ambient,drought,5
2025-08-06T07:00:00Z,PIPO,PIPO24,24,ambient,drought,5
2025-08-06T07:00:00Z,PIPO,PIPO25,25,ambient,drought,5
2025-08-06T07:00:00Z,PIPO,PIPO26,26,ambient,drought,5
2025-08-06T07:00:00Z,PIPO,PIPO27,27,ambient,drought,5
2025-08-06T07:00:00Z,PIPO,PIPO28,28,ambient,drought,5
2025-08-06T07:00:00Z,PIPO,PIPO29,29,ambient,drought,5
2025-08-06T07:00:00Z,PIPO,PIPO30,30,ambient,drought,5
2025-08-06T07:00:00Z,PIPO,PIPO31,31,heatwave,water,5
2025-08-06T07:00:00Z,PIPO,PIPO32,32,heatwave,drought,5
2025-08-06T07:00:00Z,PIPO,PIPO33,33,heatwave,drought,5
2025-08-06T07:00:00Z,PIPO,PIPO34,34,heatwave,drought,5
2025-08-06T07:00:00Z,PIPO,PIPO35,35,heatwave,water,5
2025-08-06T07:00:00Z,PIPO,PIPO36,36,heatwave,drought,5
2025-08-06T07:00:00Z,PIPO,PIPO37,37,heatwave,drought,5
2025-08-06T07:00:00Z,PIPO,PIPO38,38,heatwave,drought,5
2025-08-06T07:00:00Z,PIPO,PIPO39,39,heatwave,drought,5
2025-08-06T07:00:00Z,PIPO,PIPO40,40,heatwave,drought,5
2025-08-06T07:00:00Z,PIPO,PIPO41,41,heatwave,drought,5
2025-08-06T07:00:00Z,PIPO,PIPO42,42,heatwave,drought,5
2025-08-06T07:00:00Z,PIPO,PIPO43,43,heatwave,drought,5
2025-08-06T07:00:00Z,PIPO,PIPO44,44,heatwave,drought,5
2025-08-06T07:00:00Z,PIPO,PIPO45,45,heatwave,drought,5
2025-08-06T07:00:00Z,PIPO,PIPO46,46,heatwave,drought,5
2025-08-06T07:00:00Z,PIPO,PIPO47,47,heatwave,drought,5
2025-08-06T07:00:00Z,PIPO,PIPO48,48,heatwave,drought,5
2025-08-06T07:00:00Z,PIPO,PIPO49,49,heatwave,drought,5
2025-08-06T07:00:00Z,PIPO,PIPO50,50,heatwave,drought,5
2025-08-06T07:00:00Z,PIPO,PIPO51,51,heatwave,water,5
2025-08-06T07:00:00Z,PIPO,PIPO52,52,heatwave,drought,5
2025-08-06T07:00:00Z,PIPO,PIPO53,53,heatwave,water,5
2025-08-06T07:00:00Z,PIPO,PIPO54,54,heatwave,drought,5
2025-08-06T07:00:00Z,PIPO,PIPO55,55,heatwave,drought,5
2025-08-06T07:00:00Z,PIPO,PIPO56,56,heatwave,water,5
2025-08-06T07:00:00Z,PIPO,PIPO57,57,heatwave,drought,5
2025-08-06T07:00:00Z,PIPO,PIPO58,58,heatwave,drought,5
2025-08-06T07:00:00Z,PIPO,PIPO59,59,heatwave,drought,5
2025-08-06T07:00:00Z,PIPO,PIPO60,60,heatwave,drought,5
2025-08-13T07:00:00Z,PIPO,PIPO1,1,ambient,water,5
2025-08-13T07:00:00Z,PIPO,PIPO2,2,ambient,drought,5
2025-08-13T07:00:00Z,PIPO,PIPO3,3,ambient,drought,5
2025-08-13T07:00:00Z,PIPO,PIPO4,4,ambient,drought,5
2025-08-13T07:00:00Z,PIPO,PIPO5,5,ambient,water,5
2025-08-13T07:00:00Z,PIPO,PIPO6,6,ambient,drought,5
2025-08-13T07:00:00Z,PIPO,PIPO7,7,ambient,drought,5
2025-08-13T07:00:00Z,PIPO,PIPO8,8,ambient,drought,5
2025-08-13T07:00:00Z,PIPO,PIPO9,9,ambient,drought,5
2025-08-13T07:00:00Z,PIPO,PIPO10,10,ambient,drought,5
2025-08-13T07:00:00Z,PIPO,PIPO11,11,ambient,water,5
2025-08-13T07:00:00Z,PIPO,PIPO12,12,ambient,drought,5
2025-08-13T07:00:00Z,PIPO,PIPO13,13,ambient,drought,5
2025-08-13T07:00:00Z,PIPO,PIPO14,14,ambient,drought,5
2025-08-13T07:00:00Z,PIPO,PIPO15,15,ambient,drought,5
2025-08-13T07:00:00Z,PIPO,PIPO16,16,ambient,drought,5
2025-08-13T07:00:00Z,PIPO,PIPO17,17,ambient,drought,5
2025-08-13T07:00:00Z,PIPO,PIPO18,18,ambient,water,5
2025-08-13T07:00:00Z,PIPO,PIPO19,19,ambient,drought,5
2025-08-13T07:00:00Z,PIPO,PIPO20,20,ambient,water,5
2025-08-13T07:00:00Z,PIPO,PIPO21,21,ambient,drought,5
2025-08-13T07:00:00Z,PIPO,PIPO22,22,ambient,drought,5
2025-08-13T07:00:00Z,PIPO,PIPO23,23,ambient,drought,5
2025-08-13T07:00:00Z,PIPO,PIPO24,24,ambient,drought,17.5
2025-08-13T07:00:00Z,PIPO,PIPO25,25,ambient,drought,17.5
2025-08-13T07:00:00Z,PIPO,PIPO26,26,ambient,drought,5
2025-08-13T07:00:00Z,PIPO,PIPO27,27,ambient,drought,5
2025-08-13T07:00:00Z,PIPO,PIPO28,28,ambient,drought,5
2025-08-13T07:00:00Z,PIPO,PIPO29,29,ambient,drought,5
2025-08-13T07:00:00Z,PIPO,PIPO30,30,ambient,drought,5
2025-08-13T07:00:00Z,PIPO,PIPO31,31,heatwave,water,5
2025-08-13T07:00:00Z,PIPO,PIPO32,32,heatwave,drought,5
2025-08-13T07:00:00Z,PIPO,PIPO33,33,heatwave,drought,5
2025-08-13T07:00:00Z,PIPO,PIPO34,34,heatwave,drought,17.5
2025-08-13T07:00:00Z,PIPO,PIPO35,35,heatwave,water,5
2025-08-13T07:00:00Z,PIPO,PIPO36,36,heatwave,drought,5
2025-08-13T07:00:00Z,PIPO,PIPO37,37,heatwave,drought,5
2025-08-13T07:00:00Z,PIPO,PIPO38,38,heatwave,drought,5
2025-08-13T07:00:00Z,PIPO,PIPO39,39,heatwave,drought,5
2025-08-13T07:00:00Z,PIPO,PIPO40,40,heatwave,drought,5
2025-08-13T07:00:00Z,PIPO,PIPO41,41,heatwave,drought,5
2025-08-13T07:00:00Z,PIPO,PIPO42,42,heatwave,drought,5
2025-08-13T07:00:00Z,PIPO,PIPO43,43,heatwave,drought,5
2025-08-13T07:00:00Z,PIPO,PIPO44,44,heatwave,drought,5
2025-08-13T07:00:00Z,PIPO,PIPO45,45,heatwave,drought,5
2025-08-13T07:00:00Z,PIPO,PIPO46,46,heatwave,drought,17.5
2025-08-13T07:00:00Z,PIPO,PIPO47,47,heatwave,drought,5
2025-08-13T07:00:00Z,PIPO,PIPO48,48,heatwave,drought,5
2025-08-13T07:00:00Z,PIPO,PIPO49,49,heatwave,drought,5
2025-08-13T07:00:00Z,PIPO,PIPO50,50,heatwave,drought,5
2025-08-13T07:00:00Z,PIPO,PIPO51,51,heatwave,water,5
2025-08-13T07:00:00Z,PIPO,PIPO52,52,heatwave,drought,17.5
2025-08-13T07:00:00Z,PIPO,PIPO53,53,heatwave,water,17.5
2025-08-13T07:00:00Z,PIPO,PIPO54,54,heatwave,drought,5
2025-08-13T07:00:00Z,PIPO,PIPO55,55,heatwave,drought,5
2025-08-13T07:00:00Z,PIPO,PIPO56,56,heatwave,water,5
2025-08-13T07:00:00Z,PIPO,PIPO57,57,heatwave,drought,5
2025-08-13T07:00:00Z,PIPO,PIPO58,58,heatwave,drought,5
2025-08-13T07:00:00Z,PIPO,PIPO59,59,heatwave,drought,5
2025-08-13T07:00:00Z,PIPO,PIPO60,60,heatwave,drought,5
2025-08-18T07:00:00Z,PIPO,PIPO1,1,ambient,water,5
2025-08-18T07:00:00Z,PIPO,PIPO2,2,ambient,drought,5
2025-08-18T07:00:00Z,PIPO,PIPO3,3,ambient,drought,5
2025-08-18T07:00:00Z,PIPO,PIPO4,4,ambient,drought,5
2025-08-18T07:00:00Z,PIPO,PIPO5,5,ambient,water,5
2025-08-18T07:00:00Z,PIPO,PIPO6,6,ambient,drought,5
2025-08-18T07:00:00Z,PIPO,PIPO7,7,ambient,drought,5
2025-08-18T07:00:00Z,PIPO,PIPO8,8,ambient,drought,5
2025-08-18T07:00:00Z,PIPO,PIPO9,9,ambient,drought,5
2025-08-18T07:00:00Z,PIPO,PIPO10,10,ambient,drought,5
2025-08-18T07:00:00Z,PIPO,PIPO11,11,ambient,water,5
2025-08-18T07:00:00Z,PIPO,PIPO12,12,ambient,drought,5
2025-08-18T07:00:00Z,PIPO,PIPO13,13,ambient,drought,5
2025-08-18T07:00:00Z,PIPO,PIPO14,14,ambient,drought,5
2025-08-18T07:00:00Z,PIPO,PIPO15,15,ambient,drought,5
2025-08-18T07:00:00Z,PIPO,PIPO16,16,ambient,drought,5
2025-08-18T07:00:00Z,PIPO,PIPO17,17,ambient,drought,5
2025-08-18T07:00:00Z,PIPO,PIPO18,18,ambient,water,5
2025-08-18T07:00:00Z,PIPO,PIPO19,19,ambient,drought,17.5
2025-08-18T07:00:00Z,PIPO,PIPO20,20,ambient,water,5
2025-08-18T07:00:00Z,PIPO,PIPO21,21,ambient,drought,5
2025-08-18T07:00:00Z,PIPO,PIPO22,22,ambient,drought,5
2025-08-18T07:00:00Z,PIPO,PIPO23,23,ambient,drought,5
2025-08-18T07:00:00Z,PIPO,PIPO24,24,ambient,drought,5
2025-08-18T07:00:00Z,PIPO,PIPO25,25,ambient,drought,5
2025-08-18T07:00:00Z,PIPO,PIPO26,26,ambient,drought,5
2025-08-18T07:00:00Z,PIPO,PIPO27,27,ambient,drought,5
2025-08-18T07:00:00Z,PIPO,PIPO28,28,ambient,drought,5
2025-08-18T07:00:00Z,PIPO,PIPO29,29,ambient,drought,5
2025-08-18T07:00:00Z,PIPO,PIPO30,30,ambient,drought,5
2025-08-18T07:00:00Z,PIPO,PIPO31,31,heatwave,water,5
2025-08-18T07:00:00Z,PIPO,PIPO32,32,heatwave,drought,5
2025-08-18T07:00:00Z,PIPO,PIPO33,33,heatwave,drought,5
2025-08-18T07:00:00Z,PIPO,PIPO34,34,heatwave,drought,5
2025-08-18T07:00:00Z,PIPO,PIPO35,35,heatwave,water,5
2025-08-18T07:00:00Z,PIPO,PIPO36,36,heatwave,drought,5
2025-08-18T07:00:00Z,PIPO,PIPO37,37,heatwave,drought,5
2025-08-18T07:00:00Z,PIPO,PIPO38,38,heatwave,drought,5
2025-08-18T07:00:00Z,PIPO,PIPO39,39,heatwave,drought,5
2025-08-18T07:00:00Z,PIPO,PIPO40,40,heatwave,drought,5
2025-08-18T07:00:00Z,PIPO,PIPO41,41,heatwave,drought,5
2025-08-18T07:00:00Z,PIPO,PIPO42,42,heatwave,drought,5
2025-08-18T07:00:00Z,PIPO,PIPO43,43,heatwave,drought,5
2025-08-18T07:00:00Z,PIPO,PIPO44,44,heatwave,drought,5
2025-08-18T07:00:00Z,PIPO,PIPO45,45,heatwave,drought,5
2025-08-18T07:00:00Z,PIPO,PIPO46,46,heatwave,drought,5
2025-08-18T07:00:00Z,PIPO,PIPO47,47,heatwave,drought,5
2025-08-18T07:00:00Z,PIPO,PIPO48,48,heatwave,drought,5
2025-08-18T07:00:00Z,PIPO,PIPO49,49,heatwave,drought,5
2025-08-18T07:00:00Z,PIPO,PIPO50,50,heatwave,drought,5
2025-08-18T07:00:00Z,PIPO,PIPO51,51,heatwave,water,5
2025-08-18T07:00:00Z,PIPO,PIPO52,52,heatwave,drought,5
2025-08-18T07:00:00Z,PIPO,PIPO53,53,heatwave,water,5
2025-08-18T07:00:00Z,PIPO,PIPO54,54,heatwave,drought,5
2025-08-18T07:00:00Z,PIPO,PIPO55,55,heatwave,drought,5
2025-08-18T07:00:00Z,PIPO,PIPO56,56,heatwave,water,5
2025-08-18T07:00:00Z,PIPO,PIPO57,57,heatwave,drought,5
2025-08-18T07:00:00Z,PIPO,PIPO58,58,heatwave,drought,5
2025-08-18T07:00:00Z,PIPO,PIPO59,59,heatwave,drought,5
2025-08-18T07:00:00Z,PIPO,PIPO60,60,heatwave,drought,5
2025-08-25T07:00:00Z,PIPO,PIPO1,1,ambient,water,5
2025-08-25T07:00:00Z,PIPO,PIPO2,2,ambient,drought,5
2025-08-25T07:00:00Z,PIPO,PIPO3,3,ambient,drought,5
2025-08-25T07:00:00Z,PIPO,PIPO4,4,ambient,drought,5
2025-08-25T07:00:00Z,PIPO,PIPO5,5,ambient,water,5
2025-08-25T07:00:00Z,PIPO,PIPO6,6,ambient,drought,5
2025-08-25T07:00:00Z,PIPO,PIPO7,7,ambient,drought,5
2025-08-25T07:00:00Z,PIPO,PIPO8,8,ambient,drought,5
2025-08-25T07:00:00Z,PIPO,PIPO9,9,ambient,drought,5
2025-08-25T07:00:00Z,PIPO,PIPO10,10,ambient,drought,5
2025-08-25T07:00:00Z,PIPO,PIPO11,11,ambient,water,5
2025-08-25T07:00:00Z,PIPO,PIPO12,12,ambient,drought,5
2025-08-25T07:00:00Z,PIPO,PIPO13,13,ambient,drought,5
2025-08-25T07:00:00Z,PIPO,PIPO14,14,ambient,drought,5
2025-08-25T07:00:00Z,PIPO,PIPO15,15,ambient,drought,5
2025-08-25T07:00:00Z,PIPO,PIPO16,16,ambient,drought,5
2025-08-25T07:00:00Z,PIPO,PIPO17,17,ambient,drought,5
2025-08-25T07:00:00Z,PIPO,PIPO18,18,ambient,water,5
2025-08-25T07:00:00Z,PIPO,PIPO19,19,ambient,drought,5
2025-08-25T07:00:00Z,PIPO,PIPO20,20,ambient,water,5
2025-08-25T07:00:00Z,PIPO,PIPO21,21,ambient,drought,5
2025-08-25T07:00:00Z,PIPO,PIPO22,22,ambient,drought,5
2025-08-25T07:00:00Z,PIPO,PIPO23,23,ambient,drought,5
2025-08-25T07:00:00Z,PIPO,PIPO24,24,ambient,drought,5
2025-08-25T07:00:00Z,PIPO,PIPO25,25,ambient,drought,5
2025-08-25T07:00:00Z,PIPO,PIPO26,26,ambient,drought,5
2025-08-25T07:00:00Z,PIPO,PIPO27,27,ambient,drought,5
2025-08-25T07:00:00Z,PIPO,PIPO28,28,ambient,drought,5
2025-08-25T07:00:00Z,PIPO,PIPO29,29,ambient,drought,5
2025-08-25T07:00:00Z,PIPO,PIPO30,30,ambient,drought,5
2025-08-25T07:00:00Z,PIPO,PIPO31,31,heatwave,water,5
2025-08-25T07:00:00Z,PIPO,PIPO32,32,heatwave,drought,5
2025-08-25T07:00:00Z,PIPO,PIPO33,33,heatwave,drought,5
2025-08-25T07:00:00Z,PIPO,PIPO34,34,heatwave,drought,5
2025-08-25T07:00:00Z,PIPO,PIPO35,35,heatwave,water,5
2025-08-25T07:00:00Z,PIPO,PIPO36,36,heatwave,drought,5
2025-08-25T07:00:00Z,PIPO,PIPO37,37,heatwave,drought,5
2025-08-25T07:00:00Z,PIPO,PIPO38,38,heatwave,drought,5
2025-08-25T07:00:00Z,PIPO,PIPO39,39,heatwave,drought,5
2025-08-25T07:00:00Z,PIPO,PIPO40,40,heatwave,drought,5
2025-08-25T07:00:00Z,PIPO,PIPO41,41,heatwave,drought,5
2025-08-25T07:00:00Z,PIPO,PIPO42,42,heatwave,drought,5
2025-08-25T07:00:00Z,PIPO,PIPO43,43,heatwave,drought,5
2025-08-25T07:00:00Z,PIPO,PIPO44,44,heatwave,drought,5
2025-08-25T07:00:00Z,PIPO,PIPO45,45,heatwave,drought,5
2025-08-25T07:00:00Z,PIPO,PIPO46,46,heatwave,drought,5
2025-08-25T07:00:00Z,PIPO,PIPO47,47,heatwave,drought,5
2025-08-25T07:00:00Z,PIPO,PIPO48,48,heatwave,drought,5
2025-08-25T07:00:00Z,PIPO,PIPO49,49,heatwave,drought,5
2025-08-25T07:00:00Z,PIPO,PIPO50,50,heatwave,drought,5
2025-08-25T07:00:00Z,PIPO,PIPO51,51,heatwave,water,5
2025-08-25T07:00:00Z,PIPO,PIPO52,52,heatwave,drought,5
2025-08-25T07:00:00Z,PIPO,PIPO53,53,heatwave,water,5
2025-08-25T07:00:00Z,PIPO,PIPO54,54,heatwave,drought,5
2025-08-25T07:00:00Z,PIPO,PIPO55,55,heatwave,drought,5
2025-08-25T07:00:00Z,PIPO,PIPO56,56,heatwave,water,5
2025-08-25T07:00:00Z,PIPO,PIPO57,57,heatwave,drought,5
2025-08-25T07:00:00Z,PIPO,PIPO58,58,heatwave,drought,5
2025-08-25T07:00:00Z,PIPO,PIPO59,59,heatwave,drought,5
2025-08-25T07:00:00Z,PIPO,PIPO60,60,heatwave,drought,5
2025-09-01T07:00:00Z,PIPO,PIPO1,1,ambient,water,5
2025-09-01T07:00:00Z,PIPO,PIPO2,2,ambient,drought,5
2025-09-01T07:00:00Z,PIPO,PIPO3,3,ambient,drought,5
2025-09-01T07:00:00Z,PIPO,PIPO4,4,ambient,drought,5
2025-09-01T07:00:00Z,PIPO,PIPO5,5,ambient,water,5
2025-09-01T07:00:00Z,PIPO,PIPO6,6,ambient,drought,5
2025-09-01T07:00:00Z,PIPO,PIPO7,7,ambient,drought,5
2025-09-01T07:00:00Z,PIPO,PIPO8,8,ambient,drought,5
2025-09-01T07:00:00Z,PIPO,PIPO9,9,ambient,drought,5
2025-09-01T07:00:00Z,PIPO,PIPO10,10,ambient,drought,5
2025-09-01T07:00:00Z,PIPO,PIPO11,11,ambient,water,5
2025-09-01T07:00:00Z,PIPO,PIPO12,12,ambient,drought,5
2025-09-01T07:00:00Z,PIPO,PIPO13,13,ambient,drought,5
2025-09-01T07:00:00Z,PIPO,PIPO14,14,ambient,drought,5
2025-09-01T07:00:00Z,PIPO,PIPO15,15,ambient,drought,5
2025-09-01T07:00:00Z,PIPO,PIPO16,16,ambient,drought,5
2025-09-01T07:00:00Z,PIPO,PIPO17,17,ambient,drought,5
2025-09-01T07:00:00Z,PIPO,PIPO18,18,ambient,water,5
2025-09-01T07:00:00Z,PIPO,PIPO19,19,ambient,drought,5
2025-09-01T07:00:00Z,PIPO,PIPO20,20,ambient,water,5
2025-09-01T07:00:00Z,PIPO,PIPO21,21,ambient,drought,5
2025-09-01T07:00:00Z,PIPO,PIPO22,22,ambient,drought,5
2025-09-01T07:00:00Z,PIPO,PIPO23,23,ambient,drought,5
2025-09-01T07:00:00Z,PIPO,PIPO24,24,ambient,drought,5
2025-09-01T07:00:00Z,PIPO,PIPO25,25,ambient,drought,5
2025-09-01T07:00:00Z,PIPO,PIPO26,26,ambient,drought,5
2025-09-01T07:00:00Z,PIPO,PIPO27,27,ambient,drought,5
2025-09-01T07:00:00Z,PIPO,PIPO28,28,ambient,drought,17.5
2025-09-01T07:00:00Z,PIPO,PIPO29,29,ambient,drought,5
2025-09-01T07:00:00Z,PIPO,PIPO30,30,ambient,drought,5
2025-09-01T07:00:00Z,PIPO,PIPO31,31,heatwave,water,5
2025-09-01T07:00:00Z,PIPO,PIPO32,32,heatwave,drought,5
2025-09-01T07:00:00Z,PIPO,PIPO33,33,heatwave,drought,5
2025-09-01T07:00:00Z,PIPO,PIPO34,34,heatwave,drought,5
2025-09-01T07:00:00Z,PIPO,PIPO35,35,heatwave,water,5
2025-09-01T07:00:00Z,PIPO,PIPO36,36,heatwave,drought,5
2025-09-01T07:00:00Z,PIPO,PIPO37,37,heatwave,drought,5
2025-09-01T07:00:00Z,PIPO,PIPO38,38,heatwave,drought,5
2025-09-01T07:00:00Z,PIPO,PIPO39,39,heatwave,drought,5
2025-09-01T07:00:00Z,PIPO,PIPO40,40,heatwave,drought,5
2025-09-01T07:00:00Z,PIPO,PIPO41,41,heatwave,drought,5
2025-09-01T07:00:00Z,PIPO,PIPO42,42,heatwave,drought,5
2025-09-01T07:00:00Z,PIPO,PIPO43,43,heatwave,drought,5
2025-09-01T07:00:00Z,PIPO,PIPO44,44,heatwave,drought,5
2025-09-01T07:00:00Z,PIPO,PIPO45,45,heatwave,drought,5
2025-09-01T07:00:00Z,PIPO,PIPO46,46,heatwave,drought,5
2025-09-01T07:00:00Z,PIPO,PIPO47,47,heatwave,drought,5
2025-09-01T07:00:00Z,PIPO,PIPO48,48,heatwave,drought,5
2025-09-01T07:00:00Z,PIPO,PIPO49,49,heatwave,drought,5
2025-09-01T07:00:00Z,PIPO,PIPO50,50,heatwave,drought,5
2025-09-01T07:00:00Z,PIPO,PIPO51,51,heatwave,water,5
2025-09-01T07:00:00Z,PIPO,PIPO52,52,heatwave,drought,5
2025-09-01T07:00:00Z,PIPO,PIPO53,53,heatwave,water,5
2025-09-01T07:00:00Z,PIPO,PIPO54,54,heatwave,drought,5
2025-09-01T07:00:00Z,PIPO,PIPO55,55,heatwave,drought,5
2025-09-01T07:00:00Z,PIPO,PIPO56,56,heatwave,water,5
2025-09-01T07:00:00Z,PIPO,PIPO57,57,heatwave,drought,5
2025-09-01T07:00:00Z,PIPO,PIPO58,58,heatwave,drought,5
2025-09-01T07:00:00Z,PIPO,PIPO59,59,heatwave,drought,5
2025-09-01T07:00:00Z,PIPO,PIPO60,60,heatwave,drought,5
2025-09-15T07:00:00Z,PIPO,PIPO1,1,ambient,water,5
2025-09-15T07:00:00Z,PIPO,PIPO2,2,ambient,drought,5
2025-09-15T07:00:00Z,PIPO,PIPO3,3,ambient,drought,5
2025-09-15T07:00:00Z,PIPO,PIPO4,4,ambient,drought,5
2025-09-15T07:00:00Z,PIPO,PIPO5,5,ambient,water,5
2025-09-15T07:00:00Z,PIPO,PIPO6,6,ambient,drought,5
2025-09-15T07:00:00Z,PIPO,PIPO7,7,ambient,drought,5
2025-09-15T07:00:00Z,PIPO,PIPO8,8,ambient,drought,5
2025-09-15T07:00:00Z,PIPO,PIPO9,9,ambient,drought,5
2025-09-15T07:00:00Z,PIPO,PIPO10,10,ambient,drought,5
2025-09-15T07:00:00Z,PIPO,PIPO11,11,ambient,water,5
2025-09-15T07:00:00Z,PIPO,PIPO12,12,ambient,drought,5
2025-09-15T07:00:00Z,PIPO,PIPO13,13,ambient,drought,5
2025-09-15T07:00:00Z,PIPO,PIPO14,14,ambient,drought,5
2025-09-15T07:00:00Z,PIPO,PIPO15,15,ambient,drought,5
2025-09-15T07:00:00Z,PIPO,PIPO16,16,ambient,drought,5
2025-09-15T07:00:00Z,PIPO,PIPO17,17,ambient,drought,5
2025-09-15T07:00:00Z,PIPO,PIPO18,18,ambient,water,5
2025-09-15T07:00:00Z,PIPO,PIPO19,19,ambient,drought,5
2025-09-15T07:00:00Z,PIPO,PIPO20,20,ambient,water,5
2025-09-15T07:00:00Z,PIPO,PIPO21,21,ambient,drought,5
2025-09-15T07:00:00Z,PIPO,PIPO22,22,ambient,drought,5
2025-09-15T07:00:00Z,PIPO,PIPO23,23,ambient,drought,5
2025-09-15T07:00:00Z,PIPO,PIPO24,24,ambient,drought,5
2025-09-15T07:00:00Z,PIPO,PIPO25,25,ambient,drought,5
2025-09-15T07:00:00Z,PIPO,PIPO26,26,ambient,drought,5
2025-09-15T07:00:00Z,PIPO,PIPO27,27,ambient,drought,5
2025-09-15T07:00:00Z,PIPO,PIPO28,28,ambient,drought,5
2025-09-15T07:00:00Z,PIPO,PIPO29,29,ambient,drought,5
2025-09-15T07:00:00Z,PIPO,PIPO30,30,ambient,drought,5
2025-09-15T07:00:00Z,PIPO,PIPO31,31,heatwave,water,5
2025-09-15T07:00:00Z,PIPO,PIPO32,32,heatwave,drought,5
2025-09-15T07:00:00Z,PIPO,PIPO33,33,heatwave,drought,5
2025-09-15T07:00:00Z,PIPO,PIPO34,34,heatwave,drought,5
2025-09-15T07:00:00Z,PIPO,PIPO35,35,heatwave,water,5
2025-09-15T07:00:00Z,PIPO,PIPO36,36,heatwave,drought,5
2025-09-15T07:00:00Z,PIPO,PIPO37,37,heatwave,drought,5
2025-09-15T07:00:00Z,PIPO,PIPO38,38,heatwave,drought,5
2025-09-15T07:00:00Z,PIPO,PIPO39,39,heatwave,drought,5
2025-09-15T07:00:00Z,PIPO,PIPO40,40,heatwave,drought,5
2025-09-15T07:00:00Z,PIPO,PIPO41,41,heatwave,drought,5
2025-09-15T07:00:00Z,PIPO,PIPO42,42,heatwave,drought,5
2025-09-15T07:00:00Z,PIPO,PIPO43,43,heatwave,drought,5
2025-09-15T07:00:00Z,PIPO,PIPO44,44,heatwave,drought,5
2025-09-15T07:00:00Z,PIPO,PIPO45,45,heatwave,drought,5
2025-09-15T07:00:00Z,PIPO,PIPO46,46,heatwave,drought,5
2025-09-15T07:00:00Z,PIPO,PIPO47,47,heatwave,drought,5
2025-09-15T07:00:00Z,PIPO,PIPO48,48,heatwave,drought,5
2025-09-15T07:00:00Z,PIPO,PIPO49,49,heatwave,drought,5
2025-09-15T07:00:00Z,PIPO,PIPO50,50,heatwave,drought,5
2025-09-15T07:00:00Z,PIPO,PIPO51,51,heatwave,water,5
2025-09-15T07:00:00Z,PIPO,PIPO52,52,heatwave,drought,5
2025-09-15T07:00:00Z,PIPO,PIPO53,53,heatwave,water,5
2025-09-15T07:00:00Z,PIPO,PIPO54,54,heatwave,drought,5
2025-09-15T07:00:00Z,PIPO,PIPO55,55,heatwave,drought,5
2025-09-15T07:00:00Z,PIPO,PIPO56,56,heatwave,water,5
2025-09-15T07:00:00Z,PIPO,PIPO57,57,heatwave,drought,5
2025-09-15T07:00:00Z,PIPO,PIPO58,58,heatwave,drought,5
2025-09-15T07:00:00Z,PIPO,PIPO59,59,heatwave,drought,5
2025-09-15T07:00:00Z,PIPO,PIPO60,60,heatwave,drought,5
2025-09-22T07:00:00Z,PIPO,PIPO1,1,ambient,water,5
2025-09-22T07:00:00Z,PIPO,PIPO2,2,ambient,drought,5
2025-09-22T07:00:00Z,PIPO,PIPO3,3,ambient,drought,5
2025-09-22T07:00:00Z,PIPO,PIPO4,4,ambient,drought,5
2025-09-22T07:00:00Z,PIPO,PIPO5,5,ambient,water,5
2025-09-22T07:00:00Z,PIPO,PIPO6,6,ambient,drought,5
2025-09-22T07:00:00Z,PIPO,PIPO7,7,ambient,drought,5
2025-09-22T07:00:00Z,PIPO,PIPO8,8,ambient,drought,5
2025-09-22T07:00:00Z,PIPO,PIPO9,9,ambient,drought,5
2025-09-22T07:00:00Z,PIPO,PIPO10,10,ambient,drought,5
2025-09-22T07:00:00Z,PIPO,PIPO11,11,ambient,water,5
2025-09-22T07:00:00Z,PIPO,PIPO12,12,ambient,drought,5
2025-09-22T07:00:00Z,PIPO,PIPO13,13,ambient,drought,5
2025-09-22T07:00:00Z,PIPO,PIPO14,14,ambient,drought,5
2025-09-22T07:00:00Z,PIPO,PIPO15,15,ambient,drought,5
2025-09-22T07:00:00Z,PIPO,PIPO16,16,ambient,drought,17.5
2025-09-22T07:00:00Z,PIPO,PIPO17,17,ambient,drought,5
2025-09-22T07:00:00Z,PIPO,PIPO18,18,ambient,water,5
2025-09-22T07:00:00Z,PIPO,PIPO19,19,ambient,drought,5
2025-09-22T07:00:00Z,PIPO,PIPO20,20,ambient,water,5
2025-09-22T07:00:00Z,PIPO,PIPO21,21,ambient,drought,5
2025-09-22T07:00:00Z,PIPO,PIPO22,22,ambient,drought,5
2025-09-22T07:00:00Z,PIPO,PIPO23,23,ambient,drought,5
2025-09-22T07:00:00Z,PIPO,PIPO24,24,ambient,drought,5
2025-09-22T07:00:00Z,PIPO,PIPO25,25,ambient,drought,5
2025-09-22T07:00:00Z,PIPO,PIPO26,26,ambient,drought,5
2025-09-22T07:00:00Z,PIPO,PIPO27,27,ambient,drought,5
2025-09-22T07:00:00Z,PIPO,PIPO28,28,ambient,drought,5
2025-09-22T07:00:00Z,PIPO,PIPO29,29,ambient,drought,5
2025-09-22T07:00:00Z,PIPO,PIPO30,30,ambient,drought,5
2025-09-22T07:00:00Z,PIPO,PIPO31,31,heatwave,water,5
2025-09-22T07:00:00Z,PIPO,PIPO32,32,heatwave,drought,5
2025-09-22T07:00:00Z,PIPO,PIPO33,33,heatwave,drought,5
2025-09-22T07:00:00Z,PIPO,PIPO34,34,heatwave,drought,5
2025-09-22T07:00:00Z,PIPO,PIPO35,35,heatwave,water,5
2025-09-22T07:00:00Z,PIPO,PIPO36,36,heatwave,drought,5
2025-09-22T07:00:00Z,PIPO,PIPO37,37,heatwave,drought,5
2025-09-22T07:00:00Z,PIPO,PIPO38,38,heatwave,drought,5
2025-09-22T07:00:00Z,PIPO,PIPO39,39,heatwave,drought,5
2025-09-22T07:00:00Z,PIPO,PIPO40,40,heatwave,drought,5
2025-09-22T07:00:00Z,PIPO,PIPO41,41,heatwave,drought,5
2025-09-22T07:00:00Z,PIPO,PIPO42,42,heatwave,drought,5
2025-09-22T07:00:00Z,PIPO,PIPO43,43,heatwave,drought,5
2025-09-22T07:00:00Z,PIPO,PIPO44,44,heatwave,drought,5
2025-09-22T07:00:00Z,PIPO,PIPO45,45,heatwave,drought,5
2025-09-22T07:00:00Z,PIPO,PIPO46,46,heatwave,drought,5
2025-09-22T07:00:00Z,PIPO,PIPO47,47,heatwave,drought,5
2025-09-22T07:00:00Z,PIPO,PIPO48,48,heatwave,drought,5
2025-09-22T07:00:00Z,PIPO,PIPO49,49,heatwave,drought,5
2025-09-22T07:00:00Z,PIPO,PIPO50,50,heatwave,drought,5
2025-09-22T07:00:00Z,PIPO,PIPO51,51,heatwave,water,5
2025-09-22T07:00:00Z,PIPO,PIPO52,52,heatwave,drought,5
2025-09-22T07:00:00Z,PIPO,PIPO53,53,heatwave,water,5
2025-09-22T07:00:00Z,PIPO,PIPO54,54,heatwave,drought,5
2025-09-22T07:00:00Z,PIPO,PIPO55,55,heatwave,drought,5
2025-09-22T07:00:00Z,PIPO,PIPO56,56,heatwave,water,5
2025-09-22T07:00:00Z,PIPO,PIPO57,57,heatwave,drought,5
2025-09-22T07:00:00Z,PIPO,PIPO58,58,heatwave,drought,5
2025-09-22T07:00:00Z,PIPO,PIPO59,59,heatwave,drought,5
2025-09-22T07:00:00Z,PIPO,PIPO60,60,heatwave,drought,5
2025-09-29T07:00:00Z,PIPO,PIPO1,1,ambient,water,5
2025-09-29T07:00:00Z,PIPO,PIPO2,2,ambient,drought,5
2025-09-29T07:00:00Z,PIPO,PIPO3,3,ambient,drought,5
2025-09-29T07:00:00Z,PIPO,PIPO4,4,ambient,drought,5
2025-09-29T07:00:00Z,PIPO,PIPO5,5,ambient,water,5
2025-09-29T07:00:00Z,PIPO,PIPO6,6,ambient,drought,5
2025-09-29T07:00:00Z,PIPO,PIPO7,7,ambient,drought,5
2025-09-29T07:00:00Z,PIPO,PIPO8,8,ambient,drought,5
2025-09-29T07:00:00Z,PIPO,PIPO9,9,ambient,drought,5
2025-09-29T07:00:00Z,PIPO,PIPO10,10,ambient,drought,5
2025-09-29T07:00:00Z,PIPO,PIPO11,11,ambient,water,5
2025-09-29T07:00:00Z,PIPO,PIPO12,12,ambient,drought,5
2025-09-29T07:00:00Z,PIPO,PIPO13,13,ambient,drought,5
2025-09-29T07:00:00Z,PIPO,PIPO14,14,ambient,drought,5
2025-09-29T07:00:00Z,PIPO,PIPO15,15,ambient,drought,5
2025-09-29T07:00:00Z,PIPO,PIPO16,16,ambient,drought,37.5
2025-09-29T07:00:00Z,PIPO,PIPO17,17,ambient,drought,5
2025-09-29T07:00:00Z,PIPO,PIPO18,18,ambient,water,5
2025-09-29T07:00:00Z,PIPO,PIPO19,19,ambient,drought,5
2025-09-29T07:00:00Z,PIPO,PIPO20,20,ambient,water,5
2025-09-29T07:00:00Z,PIPO,PIPO21,21,ambient,drought,5
2025-09-29T07:00:00Z,PIPO,PIPO22,22,ambient,drought,5
2025-09-29T07:00:00Z,PIPO,PIPO23,23,ambient,drought,5
2025-09-29T07:00:00Z,PIPO,PIPO24,24,ambient,drought,5
2025-09-29T07:00:00Z,PIPO,PIPO25,25,ambient,drought,5
2025-09-29T07:00:00Z,PIPO,PIPO26,26,ambient,drought,5
2025-09-29T07:00:00Z,PIPO,PIPO27,27,ambient,drought,5
2025-09-29T07:00:00Z,PIPO,PIPO28,28,ambient,drought,5
2025-09-29T07:00:00Z,PIPO,PIPO29,29,ambient,drought,5
2025-09-29T07:00:00Z,PIPO,PIPO30,30,ambient,drought,5
2025-09-29T07:00:00Z,PIPO,PIPO31,31,heatwave,water,5
2025-09-29T07:00:00Z,PIPO,PIPO32,32,heatwave,drought,5
2025-09-29T07:00:00Z,PIPO,PIPO33,33,heatwave,drought,5
2025-09-29T07:00:00Z,PIPO,PIPO34,34,heatwave,drought,5
2025-09-29T07:00:00Z,PIPO,PIPO35,35,heatwave,water,5
2025-09-29T07:00:00Z,PIPO,PIPO36,36,heatwave,drought,5
2025-09-29T07:00:00Z,PIPO,PIPO37,37,heatwave,drought,5
2025-09-29T07:00:00Z,PIPO,PIPO38,38,heatwave,drought,5
2025-09-29T07:00:00Z,PIPO,PIPO39,39,heatwave,drought,5
2025-09-29T07:00:00Z,PIPO,PIPO40,40,heatwave,drought,5
2025-09-29T07:00:00Z,PIPO,PIPO41,41,heatwave,drought,5
2025-09-29T07:00:00Z,PIPO,PIPO42,42,heatwave,drought,5
2025-09-29T07:00:00Z,PIPO,PIPO43,43,heatwave,drought,5
2025-09-29T07:00:00Z,PIPO,PIPO44,44,heatwave,drought,5
2025-09-29T07:00:00Z,PIPO,PIPO45,45,heatwave,drought,5
2025-09-29T07:00:00Z,PIPO,PIPO46,46,heatwave,drought,5
2025-09-29T07:00:00Z,PIPO,PIPO47,47,heatwave,drought,5
2025-09-29T07:00:00Z,PIPO,PIPO48,48,heatwave,drought,5
2025-09-29T07:00:00Z,PIPO,PIPO49,49,heatwave,drought,5
2025-09-29T07:00:00Z,PIPO,PIPO50,50,heatwave,drought,5
2025-09-29T07:00:00Z,PIPO,PIPO51,51,heatwave,water,5
2025-09-29T07:00:00Z,PIPO,PIPO52,52,heatwave,drought,5
2025-09-29T07:00:00Z,PIPO,PIPO53,53,heatwave,water,5
2025-09-29T07:00:00Z,PIPO,PIPO54,54,heatwave,drought,5
2025-09-29T07:00:00Z,PIPO,PIPO55,55,heatwave,drought,5
2025-09-29T07:00:00Z,PIPO,PIPO56,56,heatwave,water,37.5
2025-09-29T07:00:00Z,PIPO,PIPO57,57,heatwave,drought,5
2025-09-29T07:00:00Z,PIPO,PIPO58,58,heatwave,drought,5
2025-09-29T07:00:00Z,PIPO,PIPO59,59,heatwave,drought,5
2025-09-29T07:00:00Z,PIPO,PIPO60,60,heatwave,drought,5
2025-10-06T07:00:00Z,PIPO,PIPO1,1,ambient,water,5
2025-10-06T07:00:00Z,PIPO,PIPO2,2,ambient,drought,5
2025-10-06T07:00:00Z,PIPO,PIPO3,3,ambient,drought,5
2025-10-06T07:00:00Z,PIPO,PIPO4,4,ambient,drought,5
2025-10-06T07:00:00Z,PIPO,PIPO5,5,ambient,water,5
2025-10-06T07:00:00Z,PIPO,PIPO6,6,ambient,drought,5
2025-10-06T07:00:00Z,PIPO,PIPO7,7,ambient,drought,5
2025-10-06T07:00:00Z,PIPO,PIPO8,8,ambient,drought,5
2025-10-06T07:00:00Z,PIPO,PIPO9,9,ambient,drought,5
2025-10-06T07:00:00Z,PIPO,PIPO10,10,ambient,drought,5
2025-10-06T07:00:00Z,PIPO,PIPO11,11,ambient,water,5
2025-10-06T07:00:00Z,PIPO,PIPO12,12,ambient,drought,5
2025-10-06T07:00:00Z,PIPO,PIPO13,13,ambient,drought,5
2025-10-06T07:00:00Z,PIPO,PIPO14,14,ambient,drought,5
2025-10-06T07:00:00Z,PIPO,PIPO15,15,ambient,drought,5
2025-10-06T07:00:00Z,PIPO,PIPO16,16,ambient,drought,62.5
2025-10-06T07:00:00Z,PIPO,PIPO17,17,ambient,drought,5
2025-10-06T07:00:00Z,PIPO,PIPO18,18,ambient,water,5
2025-10-06T07:00:00Z,PIPO,PIPO19,19,ambient,drought,5
2025-10-06T07:00:00Z,PIPO,PIPO20,20,ambient,water,5
2025-10-06T07:00:00Z,PIPO,PIPO21,21,ambient,drought,5
2025-10-06T07:00:00Z,PIPO,PIPO22,22,ambient,drought,5
2025-10-06T07:00:00Z,PIPO,PIPO23,23,ambient,drought,5
2025-10-06T07:00:00Z,PIPO,PIPO24,24,ambient,drought,5
2025-10-06T07:00:00Z,PIPO,PIPO25,25,ambient,drought,5
2025-10-06T07:00:00Z,PIPO,PIPO26,26,ambient,drought,5
2025-10-06T07:00:00Z,PIPO,PIPO27,27,ambient,drought,5
2025-10-06T07:00:00Z,PIPO,PIPO28,28,ambient,drought,5
2025-10-06T07:00:00Z,PIPO,PIPO29,29,ambient,drought,5
2025-10-06T07:00:00Z,PIPO,PIPO30,30,ambient,drought,5
2025-10-06T07:00:00Z,PIPO,PIPO31,31,heatwave,water,5
2025-10-06T07:00:00Z,PIPO,PIPO32,32,heatwave,drought,5
2025-10-06T07:00:00Z,PIPO,PIPO33,33,heatwave,drought,5
2025-10-06T07:00:00Z,PIPO,PIPO34,34,heatwave,drought,5
2025-10-06T07:00:00Z,PIPO,PIPO35,35,heatwave,water,5
2025-10-06T07:00:00Z,PIPO,PIPO36,36,heatwave,drought,5
2025-10-06T07:00:00Z,PIPO,PIPO37,37,heatwave,drought,5
2025-10-06T07:00:00Z,PIPO,PIPO38,38,heatwave,drought,5
2025-10-06T07:00:00Z,PIPO,PIPO39,39,heatwave,drought,5
2025-10-06T07:00:00Z,PIPO,PIPO40,40,heatwave,drought,5
2025-10-06T07:00:00Z,PIPO,PIPO41,41,heatwave,drought,5
2025-10-06T07:00:00Z,PIPO,PIPO42,42,heatwave,drought,5
2025-10-06T07:00:00Z,PIPO,PIPO43,43,heatwave,drought,5
2025-10-06T07:00:00Z,PIPO,PIPO44,44,heatwave,drought,5
2025-10-06T07:00:00Z,PIPO,PIPO45,45,heatwave,drought,5
2025-10-06T07:00:00Z,PIPO,PIPO46,46,heatwave,drought,5
2025-10-06T07:00:00Z,PIPO,PIPO47,47,heatwave,drought,5
2025-10-06T07:00:00Z,PIPO,PIPO48,48,heatwave,drought,5
2025-10-06T07:00:00Z,PIPO,PIPO49,49,heatwave,drought,5
2025-10-06T07:00:00Z,PIPO,PIPO50,50,heatwave,drought,5
2025-10-06T07:00:00Z,PIPO,PIPO51,51,heatwave,water,5
2025-10-06T07:00:00Z,PIPO,PIPO52,52,heatwave,drought,5
2025-10-06T07:00:00Z,PIPO,PIPO53,53,heatwave,water,5
2025-10-06T07:00:00Z,PIPO,PIPO54,54,heatwave,drought,5
2025-10-06T07:00:00Z,PIPO,PIPO55,55,heatwave,drought,5
2025-10-06T07:00:00Z,PIPO,PIPO56,56,heatwave,water,82.5
2025-10-06T07:00:00Z,PIPO,PIPO57,57,heatwave,drought,5
2025-10-06T07:00:00Z,PIPO,PIPO58,58,heatwave,drought,5
2025-10-06T07:00:00Z,PIPO,PIPO59,59,heatwave,drought,5
2025-10-06T07:00:00Z,PIPO,PIPO60,60,heatwave,drought,5
2025-10-13T07:00:00Z,PIPO,PIPO1,1,ambient,water,5
2025-10-13T07:00:00Z,PIPO,PIPO2,2,ambient,drought,5
2025-10-13T07:00:00Z,PIPO,PIPO3,3,ambient,drought,5
2025-10-13T07:00:00Z,PIPO,PIPO4,4,ambient,drought,5
2025-10-13T07:00:00Z,PIPO,PIPO5,5,ambient,water,5
2025-10-13T07:00:00Z,PIPO,PIPO6,6,ambient,drought,5
2025-10-13T07:00:00Z,PIPO,PIPO7,7,ambient,drought,5
2025-10-13T07:00:00Z,PIPO,PIPO8,8,ambient,drought,5
2025-10-13T07:00:00Z,PIPO,PIPO9,9,ambient,drought,5
2025-10-13T07:00:00Z,PIPO,PIPO10,10,ambient,drought,5
2025-10-13T07:00:00Z,PIPO,PIPO11,11,ambient,water,5
2025-10-13T07:00:00Z,PIPO,PIPO12,12,ambient,drought,5
2025-10-13T07:00:00Z,PIPO,PIPO13,13,ambient,drought,5
2025-10-13T07:00:00Z,PIPO,PIPO14,14,ambient,drought,5
2025-10-13T07:00:00Z,PIPO,PIPO15,15,ambient,drought,5
2025-10-13T07:00:00Z,PIPO,PIPO16,16,ambient,drought,62.5
2025-10-13T07:00:00Z,PIPO,PIPO17,17,ambient,drought,5
2025-10-13T07:00:00Z,PIPO,PIPO18,18,ambient,water,5
2025-10-13T07:00:00Z,PIPO,PIPO19,19,ambient,drought,5
2025-10-13T07:00:00Z,PIPO,PIPO20,20,ambient,water,5
2025-10-13T07:00:00Z,PIPO,PIPO21,21,ambient,drought,5
2025-10-13T07:00:00Z,PIPO,PIPO22,22,ambient,drought,5
2025-10-13T07:00:00Z,PIPO,PIPO23,23,ambient,drought,5
2025-10-13T07:00:00Z,PIPO,PIPO24,24,ambient,drought,5
2025-10-13T07:00:00Z,PIPO,PIPO25,25,ambient,drought,5
2025-10-13T07:00:00Z,PIPO,PIPO26,26,ambient,drought,5
2025-10-13T07:00:00Z,PIPO,PIPO27,27,ambient,drought,5
2025-10-13T07:00:00Z,PIPO,PIPO28,28,ambient,drought,5
2025-10-13T07:00:00Z,PIPO,PIPO29,29,ambient,drought,5
2025-10-13T07:00:00Z,PIPO,PIPO30,30,ambient,drought,5
2025-10-13T07:00:00Z,PIPO,PIPO31,31,heatwave,water,5
2025-10-13T07:00:00Z,PIPO,PIPO32,32,heatwave,drought,5
2025-10-13T07:00:00Z,PIPO,PIPO33,33,heatwave,drought,5
2025-10-13T07:00:00Z,PIPO,PIPO34,34,heatwave,drought,5
2025-10-13T07:00:00Z,PIPO,PIPO35,35,heatwave,water,5
2025-10-13T07:00:00Z,PIPO,PIPO36,36,heatwave,drought,5
2025-10-13T07:00:00Z,PIPO,PIPO37,37,heatwave,drought,5
2025-10-13T07:00:00Z,PIPO,PIPO38,38,heatwave,drought,5
2025-10-13T07:00:00Z,PIPO,PIPO39,39,heatwave,drought,5
2025-10-13T07:00:00Z,PIPO,PIPO40,40,heatwave,drought,5
2025-10-13T07:00:00Z,PIPO,PIPO41,41,heatwave,drought,5
2025-10-13T07:00:00Z,PIPO,PIPO42,42,heatwave,drought,5
2025-10-13T07:00:00Z,PIPO,PIPO43,43,heatwave,drought,5
2025-10-13T07:00:00Z,PIPO,PIPO44,44,heatwave,drought,5
2025-10-13T07:00:00Z,PIPO,PIPO45,45,heatwave,drought,5
2025-10-13T07:00:00Z,PIPO,PIPO46,46,heatwave,drought,5
2025-10-13T07:00:00Z,PIPO,PIPO47,47,heatwave,drought,5
2025-10-13T07:00:00Z,PIPO,PIPO48,48,heatwave,drought,5
2025-10-13T07:00:00Z,PIPO,PIPO49,49,heatwave,drought,5
2025-10-13T07:00:00Z,PIPO,PIPO50,50,heatwave,drought,5
2025-10-13T07:00:00Z,PIPO,PIPO51,51,heatwave,water,5
2025-10-13T07:00:00Z,PIPO,PIPO52,52,heatwave,drought,5
2025-10-13T07:00:00Z,PIPO,PIPO53,53,heatwave,water,5
2025-10-13T07:00:00Z,PIPO,PIPO54,54,heatwave,drought,5
2025-10-13T07:00:00Z,PIPO,PIPO55,55,heatwave,drought,5
2025-10-13T07:00:00Z,PIPO,PIPO56,56,heatwave,water,82.5
2025-10-13T07:00:00Z,PIPO,PIPO57,57,heatwave,drought,5
2025-10-13T07:00:00Z,PIPO,PIPO58,58,heatwave,drought,5
2025-10-13T07:00:00Z,PIPO,PIPO59,59,heatwave,drought,5
2025-10-13T07:00:00Z,PIPO,PIPO60,60,heatwave,drought,5
2025-10-20T07:00:00Z,PIPO,PIPO1,1,ambient,water,5
2025-10-20T07:00:00Z,PIPO,PIPO2,2,ambient,drought,17.5
2025-10-20T07:00:00Z,PIPO,PIPO3,3,ambient,drought,5
2025-10-20T07:00:00Z,PIPO,PIPO4,4,ambient,drought,5
2025-10-20T07:00:00Z,PIPO,PIPO5,5,ambient,water,5
2025-10-20T07:00:00Z,PIPO,PIPO6,6,ambient,drought,5
2025-10-20T07:00:00Z,PIPO,PIPO7,7,ambient,drought,5
2025-10-20T07:00:00Z,PIPO,PIPO8,8,ambient,drought,5
2025-10-20T07:00:00Z,PIPO,PIPO9,9,ambient,drought,5
2025-10-20T07:00:00Z,PIPO,PIPO10,10,ambient,drought,5
2025-10-20T07:00:00Z,PIPO,PIPO11,11,ambient,water,5
2025-10-20T07:00:00Z,PIPO,PIPO12,12,ambient,drought,5
2025-10-20T07:00:00Z,PIPO,PIPO13,13,ambient,drought,5
2025-10-20T07:00:00Z,PIPO,PIPO14,14,ambient,drought,5
2025-10-20T07:00:00Z,PIPO,PIPO15,15,ambient,drought,5
2025-10-20T07:00:00Z,PIPO,PIPO16,16,ambient,drought,95
2025-10-20T07:00:00Z,PIPO,PIPO17,17,ambient,drought,5
2025-10-20T07:00:00Z,PIPO,PIPO18,18,ambient,water,5
2025-10-20T07:00:00Z,PIPO,PIPO19,19,ambient,drought,5
2025-10-20T07:00:00Z,PIPO,PIPO20,20,ambient,water,5
2025-10-20T07:00:00Z,PIPO,PIPO21,21,ambient,drought,5
2025-10-20T07:00:00Z,PIPO,PIPO22,22,ambient,drought,5
2025-10-20T07:00:00Z,PIPO,PIPO23,23,ambient,drought,5
2025-10-20T07:00:00Z,PIPO,PIPO24,24,ambient,drought,5
2025-10-20T07:00:00Z,PIPO,PIPO25,25,ambient,drought,5
2025-10-20T07:00:00Z,PIPO,PIPO26,26,ambient,drought,5
2025-10-20T07:00:00Z,PIPO,PIPO27,27,ambient,drought,5
2025-10-20T07:00:00Z,PIPO,PIPO28,28,ambient,drought,17.5
2025-10-20T07:00:00Z,PIPO,PIPO29,29,ambient,drought,5
2025-10-20T07:00:00Z,PIPO,PIPO30,30,ambient,drought,5
2025-10-20T07:00:00Z,PIPO,PIPO31,31,heatwave,water,5
2025-10-20T07:00:00Z,PIPO,PIPO32,32,heatwave,drought,17.5
2025-10-20T07:00:00Z,PIPO,PIPO33,33,heatwave,drought,5
2025-10-20T07:00:00Z,PIPO,PIPO34,34,heatwave,drought,5
2025-10-20T07:00:00Z,PIPO,PIPO35,35,heatwave,water,5
2025-10-20T07:00:00Z,PIPO,PIPO36,36,heatwave,drought,5
2025-10-20T07:00:00Z,PIPO,PIPO37,37,heatwave,drought,5
2025-10-20T07:00:00Z,PIPO,PIPO38,38,heatwave,drought,5
2025-10-20T07:00:00Z,PIPO,PIPO39,39,heatwave,drought,5
2025-10-20T07:00:00Z,PIPO,PIPO40,40,heatwave,drought,5
2025-10-20T07:00:00Z,PIPO,PIPO41,41,heatwave,drought,5
2025-10-20T07:00:00Z,PIPO,PIPO42,42,heatwave,drought,5
2025-10-20T07:00:00Z,PIPO,PIPO43,43,heatwave,drought,5
2025-10-20T07:00:00Z,PIPO,PIPO44,44,heatwave,drought,5
2025-10-20T07:00:00Z,PIPO,PIPO45,45,heatwave,drought,5
2025-10-20T07:00:00Z,PIPO,PIPO46,46,heatwave,drought,5
2025-10-20T07:00:00Z,PIPO,PIPO47,47,heatwave,drought,5
2025-10-20T07:00:00Z,PIPO,PIPO48,48,heatwave,drought,5
2025-10-20T07:00:00Z,PIPO,PIPO49,49,heatwave,drought,5
2025-10-20T07:00:00Z,PIPO,PIPO50,50,heatwave,drought,5
2025-10-20T07:00:00Z,PIPO,PIPO51,51,heatwave,water,5
2025-10-20T07:00:00Z,PIPO,PIPO52,52,heatwave,drought,5
2025-10-20T07:00:00Z,PIPO,PIPO53,53,heatwave,water,5
2025-10-20T07:00:00Z,PIPO,PIPO54,54,heatwave,drought,5
2025-10-20T07:00:00Z,PIPO,PIPO55,55,heatwave,drought,5
2025-10-20T07:00:00Z,PIPO,PIPO56,56,heatwave,water,NA
2025-10-20T07:00:00Z,PIPO,PIPO57,57,heatwave,drought,5
2025-10-20T07:00:00Z,PIPO,PIPO58,58,heatwave,drought,5
2025-10-20T07:00:00Z,PIPO,PIPO59,59,heatwave,drought,5
2025-10-20T07:00:00Z,PIPO,PIPO60,60,heatwave,drought,5
2025-10-27T07:00:00Z,PIPO,PIPO1,1,ambient,water,5
2025-10-27T07:00:00Z,PIPO,PIPO2,2,ambient,drought,5
2025-10-27T07:00:00Z,PIPO,PIPO3,3,ambient,drought,5
2025-10-27T07:00:00Z,PIPO,PIPO4,4,ambient,drought,5
2025-10-27T07:00:00Z,PIPO,PIPO5,5,ambient,water,5
2025-10-27T07:00:00Z,PIPO,PIPO6,6,ambient,drought,5
2025-10-27T07:00:00Z,PIPO,PIPO7,7,ambient,drought,5
2025-10-27T07:00:00Z,PIPO,PIPO8,8,ambient,drought,5
2025-10-27T07:00:00Z,PIPO,PIPO9,9,ambient,drought,5
2025-10-27T07:00:00Z,PIPO,PIPO10,10,ambient,drought,5
2025-10-27T07:00:00Z,PIPO,PIPO11,11,ambient,water,5
2025-10-27T07:00:00Z,PIPO,PIPO12,12,ambient,drought,5
2025-10-27T07:00:00Z,PIPO,PIPO13,13,ambient,drought,5
2025-10-27T07:00:00Z,PIPO,PIPO14,14,ambient,drought,5
2025-10-27T07:00:00Z,PIPO,PIPO15,15,ambient,drought,5
2025-10-27T07:00:00Z,PIPO,PIPO16,16,ambient,drought,5
2025-10-27T07:00:00Z,PIPO,PIPO17,17,ambient,drought,5
2025-10-27T07:00:00Z,PIPO,PIPO18,18,ambient,water,5
2025-10-27T07:00:00Z,PIPO,PIPO19,19,ambient,drought,5
2025-10-27T07:00:00Z,PIPO,PIPO20,20,ambient,water,5
2025-10-27T07:00:00Z,PIPO,PIPO21,21,ambient,drought,5
2025-10-27T07:00:00Z,PIPO,PIPO22,22,ambient,drought,5
2025-10-27T07:00:00Z,PIPO,PIPO23,23,ambient,drought,5
2025-10-27T07:00:00Z,PIPO,PIPO24,24,ambient,drought,5
2025-10-27T07:00:00Z,PIPO,PIPO25,25,ambient,drought,5
2025-10-27T07:00:00Z,PIPO,PIPO26,26,ambient,drought,5
2025-10-27T07:00:00Z,PIPO,PIPO27,27,ambient,drought,5
2025-10-27T07:00:00Z,PIPO,PIPO28,28,ambient,drought,62.5
2025-10-27T07:00:00Z,PIPO,PIPO29,29,ambient,drought,5
2025-10-27T07:00:00Z,PIPO,PIPO30,30,ambient,drought,5
2025-10-27T07:00:00Z,PIPO,PIPO31,31,heatwave,water,5
2025-10-27T07:00:00Z,PIPO,PIPO32,32,heatwave,drought,17.5
2025-10-27T07:00:00Z,PIPO,PIPO33,33,heatwave,drought,17.5
2025-10-27T07:00:00Z,PIPO,PIPO34,34,heatwave,drought,17.5
2025-10-27T07:00:00Z,PIPO,PIPO35,35,heatwave,water,5
2025-10-27T07:00:00Z,PIPO,PIPO36,36,heatwave,drought,5
2025-10-27T07:00:00Z,PIPO,PIPO37,37,heatwave,drought,5
2025-10-27T07:00:00Z,PIPO,PIPO38,38,heatwave,drought,5
2025-10-27T07:00:00Z,PIPO,PIPO39,39,heatwave,drought,5
2025-10-27T07:00:00Z,PIPO,PIPO40,40,heatwave,drought,5
2025-10-27T07:00:00Z,PIPO,PIPO41,41,heatwave,drought,5
2025-10-27T07:00:00Z,PIPO,PIPO42,42,heatwave,drought,5
2025-10-27T07:00:00Z,PIPO,PIPO43,43,heatwave,drought,17.5
2025-10-27T07:00:00Z,PIPO,PIPO44,44,heatwave,drought,5
2025-10-27T07:00:00Z,PIPO,PIPO45,45,heatwave,drought,5
2025-10-27T07:00:00Z,PIPO,PIPO46,46,heatwave,drought,5
2025-10-27T07:00:00Z,PIPO,PIPO47,47,heatwave,drought,5
2025-10-27T07:00:00Z,PIPO,PIPO48,48,heatwave,drought,5
2025-10-27T07:00:00Z,PIPO,PIPO49,49,heatwave,drought,17.5
2025-10-27T07:00:00Z,PIPO,PIPO50,50,heatwave,drought,17.5
2025-10-27T07:00:00Z,PIPO,PIPO51,51,heatwave,water,5
2025-10-27T07:00:00Z,PIPO,PIPO52,52,heatwave,drought,5
2025-10-27T07:00:00Z,PIPO,PIPO53,53,heatwave,water,5
2025-10-27T07:00:00Z,PIPO,PIPO54,54,heatwave,drought,5
2025-10-27T07:00:00Z,PIPO,PIPO55,55,heatwave,drought,37.5
2025-10-27T07:00:00Z,PIPO,PIPO56,56,heatwave,water,NA
2025-10-27T07:00:00Z,PIPO,PIPO57,57,heatwave,drought,5
2025-10-27T07:00:00Z,PIPO,PIPO58,58,heatwave,drought,17.5
2025-10-27T07:00:00Z,PIPO,PIPO59,59,heatwave,drought,5
2025-10-27T07:00:00Z,PIPO,PIPO60,60,heatwave,drought,17.5
2025-11-03T07:00:00Z,PIPO,PIPO1,1,ambient,water,5
2025-11-03T07:00:00Z,PIPO,PIPO2,2,ambient,drought,62.5
2025-11-03T07:00:00Z,PIPO,PIPO3,3,ambient,drought,37.5
2025-11-03T07:00:00Z,PIPO,PIPO4,4,ambient,drought,37.5
2025-11-03T07:00:00Z,PIPO,PIPO5,5,ambient,water,5
2025-11-03T07:00:00Z,PIPO,PIPO6,6,ambient,drought,5
2025-11-03T07:00:00Z,PIPO,PIPO7,7,ambient,drought,5
2025-11-03T07:00:00Z,PIPO,PIPO8,8,ambient,drought,17.5
2025-11-03T07:00:00Z,PIPO,PIPO9,9,ambient,drought,17.5
2025-11-03T07:00:00Z,PIPO,PIPO10,10,ambient,drought,5
2025-11-03T07:00:00Z,PIPO,PIPO11,11,ambient,water,5
2025-11-03T07:00:00Z,PIPO,PIPO12,12,ambient,drought,17.5
2025-11-03T07:00:00Z,PIPO,PIPO13,13,ambient,drought,5
2025-11-03T07:00:00Z,PIPO,PIPO14,14,ambient,drought,17.5
2025-11-03T07:00:00Z,PIPO,PIPO15,15,ambient,drought,5
2025-11-03T07:00:00Z,PIPO,PIPO16,16,ambient,drought,95
2025-11-03T07:00:00Z,PIPO,PIPO17,17,ambient,drought,5
2025-11-03T07:00:00Z,PIPO,PIPO18,18,ambient,water,5
2025-11-03T07:00:00Z,PIPO,PIPO19,19,ambient,drought,37.5
2025-11-03T07:00:00Z,PIPO,PIPO20,20,ambient,water,5
2025-11-03T07:00:00Z,PIPO,PIPO21,21,ambient,drought,5
2025-11-03T07:00:00Z,PIPO,PIPO22,22,ambient,drought,17.5
2025-11-03T07:00:00Z,PIPO,PIPO23,23,ambient,drought,5
2025-11-03T07:00:00Z,PIPO,PIPO24,24,ambient,drought,17.5
2025-11-03T07:00:00Z,PIPO,PIPO25,25,ambient,drought,17.5
2025-11-03T07:00:00Z,PIPO,PIPO26,26,ambient,drought,5
2025-11-03T07:00:00Z,PIPO,PIPO27,27,ambient,drought,37.5
2025-11-03T07:00:00Z,PIPO,PIPO28,28,ambient,drought,82.5
2025-11-03T07:00:00Z,PIPO,PIPO29,29,ambient,drought,17.5
2025-11-03T07:00:00Z,PIPO,PIPO30,30,ambient,drought,5
2025-11-03T07:00:00Z,PIPO,PIPO31,31,heatwave,water,5
2025-11-03T07:00:00Z,PIPO,PIPO32,32,heatwave,drought,62.5
2025-11-03T07:00:00Z,PIPO,PIPO33,33,heatwave,drought,37.5
2025-11-03T07:00:00Z,PIPO,PIPO34,34,heatwave,drought,37.5
2025-11-03T07:00:00Z,PIPO,PIPO35,35,heatwave,water,5
2025-11-03T07:00:00Z,PIPO,PIPO36,36,heatwave,drought,17.5
2025-11-03T07:00:00Z,PIPO,PIPO37,37,heatwave,drought,5
2025-11-03T07:00:00Z,PIPO,PIPO38,38,heatwave,drought,5
2025-11-03T07:00:00Z,PIPO,PIPO39,39,heatwave,drought,5
2025-11-03T07:00:00Z,PIPO,PIPO40,40,heatwave,drought,5
2025-11-03T07:00:00Z,PIPO,PIPO41,41,heatwave,drought,5
2025-11-03T07:00:00Z,PIPO,PIPO42,42,heatwave,drought,5
2025-11-03T07:00:00Z,PIPO,PIPO43,43,heatwave,drought,17.5
2025-11-03T07:00:00Z,PIPO,PIPO44,44,heatwave,drought,17.5
2025-11-03T07:00:00Z,PIPO,PIPO45,45,heatwave,drought,5
2025-11-03T07:00:00Z,PIPO,PIPO46,46,heatwave,drought,17.5
2025-11-03T07:00:00Z,PIPO,PIPO47,47,heatwave,drought,5
2025-11-03T07:00:00Z,PIPO,PIPO48,48,heatwave,drought,17.5
2025-11-03T07:00:00Z,PIPO,PIPO49,49,heatwave,drought,37.5
2025-11-03T07:00:00Z,PIPO,PIPO50,50,heatwave,drought,37.5
2025-11-03T07:00:00Z,PIPO,PIPO51,51,heatwave,water,5
2025-11-03T07:00:00Z,PIPO,PIPO52,52,heatwave,drought,17.5
2025-11-03T07:00:00Z,PIPO,PIPO53,53,heatwave,water,5
2025-11-03T07:00:00Z,PIPO,PIPO54,54,heatwave,drought,17.5
2025-11-03T07:00:00Z,PIPO,PIPO55,55,heatwave,drought,62.5
2025-11-03T07:00:00Z,PIPO,PIPO56,56,heatwave,water,NA
2025-11-03T07:00:00Z,PIPO,PIPO57,57,heatwave,drought,5
2025-11-03T07:00:00Z,PIPO,PIPO58,58,heatwave,drought,17.5
2025-11-03T07:00:00Z,PIPO,PIPO59,59,heatwave,drought,5
2025-11-03T07:00:00Z,PIPO,PIPO60,60,heatwave,drought,37.5
2025-07-23T07:00:00Z,PSME,PSME1,1,ambient,drought,5
2025-07-23T07:00:00Z,PSME,PSME2,2,ambient,drought,5
2025-07-23T07:00:00Z,PSME,PSME3,3,ambient,water,5
2025-07-23T07:00:00Z,PSME,PSME4,4,ambient,drought,5
2025-07-23T07:00:00Z,PSME,PSME5,5,ambient,drought,5
2025-07-23T07:00:00Z,PSME,PSME6,6,ambient,drought,5
2025-07-23T07:00:00Z,PSME,PSME7,7,ambient,drought,5
2025-07-23T07:00:00Z,PSME,PSME8,8,ambient,drought,5
2025-07-23T07:00:00Z,PSME,PSME9,9,ambient,drought,5
2025-07-23T07:00:00Z,PSME,PSME10,10,ambient,drought,5
2025-07-23T07:00:00Z,PSME,PSME11,11,ambient,drought,5
2025-07-23T07:00:00Z,PSME,PSME12,12,ambient,water,5
2025-07-23T07:00:00Z,PSME,PSME13,13,ambient,drought,5
2025-07-23T07:00:00Z,PSME,PSME14,14,ambient,drought,5
2025-07-23T07:00:00Z,PSME,PSME15,15,ambient,drought,5
2025-07-23T07:00:00Z,PSME,PSME16,16,ambient,drought,5
2025-07-23T07:00:00Z,PSME,PSME17,17,ambient,water,5
2025-07-23T07:00:00Z,PSME,PSME18,18,ambient,drought,5
2025-07-23T07:00:00Z,PSME,PSME19,19,ambient,drought,5
2025-07-23T07:00:00Z,PSME,PSME20,20,ambient,drought,5
2025-07-23T07:00:00Z,PSME,PSME21,21,ambient,drought,5
2025-07-23T07:00:00Z,PSME,PSME22,22,ambient,water,5
2025-07-23T07:00:00Z,PSME,PSME23,23,ambient,drought,5
2025-07-23T07:00:00Z,PSME,PSME24,24,ambient,drought,5
2025-07-23T07:00:00Z,PSME,PSME25,25,ambient,drought,5
2025-07-23T07:00:00Z,PSME,PSME26,26,ambient,drought,5
2025-07-23T07:00:00Z,PSME,PSME27,27,ambient,water,5
2025-07-23T07:00:00Z,PSME,PSME28,28,ambient,drought,5
2025-07-23T07:00:00Z,PSME,PSME29,29,ambient,drought,5
2025-07-23T07:00:00Z,PSME,PSME30,30,ambient,drought,5
2025-07-23T07:00:00Z,PSME,PSME31,31,heatwave,water,5
2025-07-23T07:00:00Z,PSME,PSME32,32,heatwave,drought,5
2025-07-23T07:00:00Z,PSME,PSME33,33,heatwave,drought,5
2025-07-23T07:00:00Z,PSME,PSME34,34,heatwave,drought,5
2025-07-23T07:00:00Z,PSME,PSME35,35,heatwave,drought,5
2025-07-23T07:00:00Z,PSME,PSME36,36,heatwave,drought,5
2025-07-23T07:00:00Z,PSME,PSME37,37,heatwave,water,5
2025-07-23T07:00:00Z,PSME,PSME38,38,heatwave,drought,5
2025-07-23T07:00:00Z,PSME,PSME39,39,heatwave,drought,5
2025-07-23T07:00:00Z,PSME,PSME40,40,heatwave,drought,5
2025-07-23T07:00:00Z,PSME,PSME41,41,heatwave,drought,5
2025-07-23T07:00:00Z,PSME,PSME42,42,heatwave,drought,5
2025-07-23T07:00:00Z,PSME,PSME43,43,heatwave,drought,5
2025-07-23T07:00:00Z,PSME,PSME44,44,heatwave,drought,5
2025-07-23T07:00:00Z,PSME,PSME45,45,heatwave,water,5
2025-07-23T07:00:00Z,PSME,PSME46,46,heatwave,drought,5
2025-07-23T07:00:00Z,PSME,PSME47,47,heatwave,drought,5
2025-07-23T07:00:00Z,PSME,PSME48,48,heatwave,water,5
2025-07-23T07:00:00Z,PSME,PSME49,49,heatwave,drought,5
2025-07-23T07:00:00Z,PSME,PSME50,50,heatwave,drought,5
2025-07-23T07:00:00Z,PSME,PSME51,51,heatwave,drought,5
2025-07-23T07:00:00Z,PSME,PSME52,52,heatwave,drought,5
2025-07-23T07:00:00Z,PSME,PSME53,53,heatwave,drought,5
2025-07-23T07:00:00Z,PSME,PSME54,54,heatwave,drought,5
2025-07-23T07:00:00Z,PSME,PSME55,55,heatwave,drought,5
2025-07-23T07:00:00Z,PSME,PSME56,56,heatwave,drought,5
2025-07-23T07:00:00Z,PSME,PSME57,57,heatwave,water,5
2025-07-23T07:00:00Z,PSME,PSME58,58,heatwave,drought,5
2025-07-23T07:00:00Z,PSME,PSME59,59,heatwave,drought,5
2025-07-23T07:00:00Z,PSME,PSME60,60,heatwave,drought,5
2025-07-30T07:00:00Z,PSME,PSME1,1,ambient,drought,5
2025-07-30T07:00:00Z,PSME,PSME2,2,ambient,drought,5
2025-07-30T07:00:00Z,PSME,PSME3,3,ambient,water,5
2025-07-30T07:00:00Z,PSME,PSME4,4,ambient,drought,5
2025-07-30T07:00:00Z,PSME,PSME5,5,ambient,drought,5
2025-07-30T07:00:00Z,PSME,PSME6,6,ambient,drought,5
2025-07-30T07:00:00Z,PSME,PSME7,7,ambient,drought,5
2025-07-30T07:00:00Z,PSME,PSME8,8,ambient,drought,5
2025-07-30T07:00:00Z,PSME,PSME9,9,ambient,drought,5
2025-07-30T07:00:00Z,PSME,PSME10,10,ambient,drought,5
2025-07-30T07:00:00Z,PSME,PSME11,11,ambient,drought,5
2025-07-30T07:00:00Z,PSME,PSME12,12,ambient,water,5
2025-07-30T07:00:00Z,PSME,PSME13,13,ambient,drought,5
2025-07-30T07:00:00Z,PSME,PSME14,14,ambient,drought,5
2025-07-30T07:00:00Z,PSME,PSME15,15,ambient,drought,5
2025-07-30T07:00:00Z,PSME,PSME16,16,ambient,drought,5
2025-07-30T07:00:00Z,PSME,PSME17,17,ambient,water,5
2025-07-30T07:00:00Z,PSME,PSME18,18,ambient,drought,5
2025-07-30T07:00:00Z,PSME,PSME19,19,ambient,drought,5
2025-07-30T07:00:00Z,PSME,PSME20,20,ambient,drought,5
2025-07-30T07:00:00Z,PSME,PSME21,21,ambient,drought,5
2025-07-30T07:00:00Z,PSME,PSME22,22,ambient,water,5
2025-07-30T07:00:00Z,PSME,PSME23,23,ambient,drought,5
2025-07-30T07:00:00Z,PSME,PSME24,24,ambient,drought,5
2025-07-30T07:00:00Z,PSME,PSME25,25,ambient,drought,5
2025-07-30T07:00:00Z,PSME,PSME26,26,ambient,drought,5
2025-07-30T07:00:00Z,PSME,PSME27,27,ambient,water,5
2025-07-30T07:00:00Z,PSME,PSME28,28,ambient,drought,5
2025-07-30T07:00:00Z,PSME,PSME29,29,ambient,drought,5
2025-07-30T07:00:00Z,PSME,PSME30,30,ambient,drought,5
2025-07-30T07:00:00Z,PSME,PSME31,31,heatwave,water,5
2025-07-30T07:00:00Z,PSME,PSME32,32,heatwave,drought,5
2025-07-30T07:00:00Z,PSME,PSME33,33,heatwave,drought,5
2025-07-30T07:00:00Z,PSME,PSME34,34,heatwave,drought,5
2025-07-30T07:00:00Z,PSME,PSME35,35,heatwave,drought,5
2025-07-30T07:00:00Z,PSME,PSME36,36,heatwave,drought,5
2025-07-30T07:00:00Z,PSME,PSME37,37,heatwave,water,5
2025-07-30T07:00:00Z,PSME,PSME38,38,heatwave,drought,5
2025-07-30T07:00:00Z,PSME,PSME39,39,heatwave,drought,5
2025-07-30T07:00:00Z,PSME,PSME40,40,heatwave,drought,5
2025-07-30T07:00:00Z,PSME,PSME41,41,heatwave,drought,5
2025-07-30T07:00:00Z,PSME,PSME42,42,heatwave,drought,5
2025-07-30T07:00:00Z,PSME,PSME43,43,heatwave,drought,5
2025-07-30T07:00:00Z,PSME,PSME44,44,heatwave,drought,5
2025-07-30T07:00:00Z,PSME,PSME45,45,heatwave,water,5
2025-07-30T07:00:00Z,PSME,PSME46,46,heatwave,drought,5
2025-07-30T07:00:00Z,PSME,PSME47,47,heatwave,drought,5
2025-07-30T07:00:00Z,PSME,PSME48,48,heatwave,water,5
2025-07-30T07:00:00Z,PSME,PSME49,49,heatwave,drought,5
2025-07-30T07:00:00Z,PSME,PSME50,50,heatwave,drought,5
2025-07-30T07:00:00Z,PSME,PSME51,51,heatwave,drought,5
2025-07-30T07:00:00Z,PSME,PSME52,52,heatwave,drought,5
2025-07-30T07:00:00Z,PSME,PSME53,53,heatwave,drought,5
2025-07-30T07:00:00Z,PSME,PSME54,54,heatwave,drought,5
2025-07-30T07:00:00Z,PSME,PSME55,55,heatwave,drought,5
2025-07-30T07:00:00Z,PSME,PSME56,56,heatwave,drought,5
2025-07-30T07:00:00Z,PSME,PSME57,57,heatwave,water,5
2025-07-30T07:00:00Z,PSME,PSME58,58,heatwave,drought,5
2025-07-30T07:00:00Z,PSME,PSME59,59,heatwave,drought,5
2025-07-30T07:00:00Z,PSME,PSME60,60,heatwave,drought,5
2025-08-06T07:00:00Z,PSME,PSME1,1,ambient,drought,5
2025-08-06T07:00:00Z,PSME,PSME2,2,ambient,drought,5
2025-08-06T07:00:00Z,PSME,PSME3,3,ambient,water,5
2025-08-06T07:00:00Z,PSME,PSME4,4,ambient,drought,5
2025-08-06T07:00:00Z,PSME,PSME5,5,ambient,drought,5
2025-08-06T07:00:00Z,PSME,PSME6,6,ambient,drought,5
2025-08-06T07:00:00Z,PSME,PSME7,7,ambient,drought,5
2025-08-06T07:00:00Z,PSME,PSME8,8,ambient,drought,5
2025-08-06T07:00:00Z,PSME,PSME9,9,ambient,drought,5
2025-08-06T07:00:00Z,PSME,PSME10,10,ambient,drought,5
2025-08-06T07:00:00Z,PSME,PSME11,11,ambient,drought,5
2025-08-06T07:00:00Z,PSME,PSME12,12,ambient,water,5
2025-08-06T07:00:00Z,PSME,PSME13,13,ambient,drought,5
2025-08-06T07:00:00Z,PSME,PSME14,14,ambient,drought,5
2025-08-06T07:00:00Z,PSME,PSME15,15,ambient,drought,5
2025-08-06T07:00:00Z,PSME,PSME16,16,ambient,drought,5
2025-08-06T07:00:00Z,PSME,PSME17,17,ambient,water,5
2025-08-06T07:00:00Z,PSME,PSME18,18,ambient,drought,5
2025-08-06T07:00:00Z,PSME,PSME19,19,ambient,drought,5
2025-08-06T07:00:00Z,PSME,PSME20,20,ambient,drought,5
2025-08-06T07:00:00Z,PSME,PSME21,21,ambient,drought,5
2025-08-06T07:00:00Z,PSME,PSME22,22,ambient,water,5
2025-08-06T07:00:00Z,PSME,PSME23,23,ambient,drought,5
2025-08-06T07:00:00Z,PSME,PSME24,24,ambient,drought,5
2025-08-06T07:00:00Z,PSME,PSME25,25,ambient,drought,5
2025-08-06T07:00:00Z,PSME,PSME26,26,ambient,drought,5
2025-08-06T07:00:00Z,PSME,PSME27,27,ambient,water,5
2025-08-06T07:00:00Z,PSME,PSME28,28,ambient,drought,5
2025-08-06T07:00:00Z,PSME,PSME29,29,ambient,drought,5
2025-08-06T07:00:00Z,PSME,PSME30,30,ambient,drought,5
2025-08-06T07:00:00Z,PSME,PSME31,31,heatwave,water,5
2025-08-06T07:00:00Z,PSME,PSME32,32,heatwave,drought,5
2025-08-06T07:00:00Z,PSME,PSME33,33,heatwave,drought,5
2025-08-06T07:00:00Z,PSME,PSME34,34,heatwave,drought,5
2025-08-06T07:00:00Z,PSME,PSME35,35,heatwave,drought,5
2025-08-06T07:00:00Z,PSME,PSME36,36,heatwave,drought,5
2025-08-06T07:00:00Z,PSME,PSME37,37,heatwave,water,5
2025-08-06T07:00:00Z,PSME,PSME38,38,heatwave,drought,5
2025-08-06T07:00:00Z,PSME,PSME39,39,heatwave,drought,5
2025-08-06T07:00:00Z,PSME,PSME40,40,heatwave,drought,5
2025-08-06T07:00:00Z,PSME,PSME41,41,heatwave,drought,5
2025-08-06T07:00:00Z,PSME,PSME42,42,heatwave,drought,5
2025-08-06T07:00:00Z,PSME,PSME43,43,heatwave,drought,5
2025-08-06T07:00:00Z,PSME,PSME44,44,heatwave,drought,5
2025-08-06T07:00:00Z,PSME,PSME45,45,heatwave,water,5
2025-08-06T07:00:00Z,PSME,PSME46,46,heatwave,drought,5
2025-08-06T07:00:00Z,PSME,PSME47,47,heatwave,drought,5
2025-08-06T07:00:00Z,PSME,PSME48,48,heatwave,water,5
2025-08-06T07:00:00Z,PSME,PSME49,49,heatwave,drought,5
2025-08-06T07:00:00Z,PSME,PSME50,50,heatwave,drought,5
2025-08-06T07:00:00Z,PSME,PSME51,51,heatwave,drought,5
2025-08-06T07:00:00Z,PSME,PSME52,52,heatwave,drought,5
2025-08-06T07:00:00Z,PSME,PSME53,53,heatwave,drought,5
2025-08-06T07:00:00Z,PSME,PSME54,54,heatwave,drought,5
2025-08-06T07:00:00Z,PSME,PSME55,55,heatwave,drought,5
2025-08-06T07:00:00Z,PSME,PSME56,56,heatwave,drought,5
2025-08-06T07:00:00Z,PSME,PSME57,57,heatwave,water,5
2025-08-06T07:00:00Z,PSME,PSME58,58,heatwave,drought,5
2025-08-06T07:00:00Z,PSME,PSME59,59,heatwave,drought,5
2025-08-06T07:00:00Z,PSME,PSME60,60,heatwave,drought,5
2025-08-13T07:00:00Z,PSME,PSME1,1,ambient,drought,5
2025-08-13T07:00:00Z,PSME,PSME2,2,ambient,drought,5
2025-08-13T07:00:00Z,PSME,PSME3,3,ambient,water,5
2025-08-13T07:00:00Z,PSME,PSME4,4,ambient,drought,5
2025-08-13T07:00:00Z,PSME,PSME5,5,ambient,drought,5
2025-08-13T07:00:00Z,PSME,PSME6,6,ambient,drought,5
2025-08-13T07:00:00Z,PSME,PSME7,7,ambient,drought,5
2025-08-13T07:00:00Z,PSME,PSME8,8,ambient,drought,5
2025-08-13T07:00:00Z,PSME,PSME9,9,ambient,drought,5
2025-08-13T07:00:00Z,PSME,PSME10,10,ambient,drought,5
2025-08-13T07:00:00Z,PSME,PSME11,11,ambient,drought,5
2025-08-13T07:00:00Z,PSME,PSME12,12,ambient,water,5
2025-08-13T07:00:00Z,PSME,PSME13,13,ambient,drought,5
2025-08-13T07:00:00Z,PSME,PSME14,14,ambient,drought,5
2025-08-13T07:00:00Z,PSME,PSME15,15,ambient,drought,5
2025-08-13T07:00:00Z,PSME,PSME16,16,ambient,drought,5
2025-08-13T07:00:00Z,PSME,PSME17,17,ambient,water,5
2025-08-13T07:00:00Z,PSME,PSME18,18,ambient,drought,5
2025-08-13T07:00:00Z,PSME,PSME19,19,ambient,drought,5
2025-08-13T07:00:00Z,PSME,PSME20,20,ambient,drought,5
2025-08-13T07:00:00Z,PSME,PSME21,21,ambient,drought,5
2025-08-13T07:00:00Z,PSME,PSME22,22,ambient,water,5
2025-08-13T07:00:00Z,PSME,PSME23,23,ambient,drought,5
2025-08-13T07:00:00Z,PSME,PSME24,24,ambient,drought,5
2025-08-13T07:00:00Z,PSME,PSME25,25,ambient,drought,5
2025-08-13T07:00:00Z,PSME,PSME26,26,ambient,drought,5
2025-08-13T07:00:00Z,PSME,PSME27,27,ambient,water,5
2025-08-13T07:00:00Z,PSME,PSME28,28,ambient,drought,5
2025-08-13T07:00:00Z,PSME,PSME29,29,ambient,drought,5
2025-08-13T07:00:00Z,PSME,PSME30,30,ambient,drought,5
2025-08-13T07:00:00Z,PSME,PSME31,31,heatwave,water,5
2025-08-13T07:00:00Z,PSME,PSME32,32,heatwave,drought,5
2025-08-13T07:00:00Z,PSME,PSME33,33,heatwave,drought,5
2025-08-13T07:00:00Z,PSME,PSME34,34,heatwave,drought,5
2025-08-13T07:00:00Z,PSME,PSME35,35,heatwave,drought,5
2025-08-13T07:00:00Z,PSME,PSME36,36,heatwave,drought,5
2025-08-13T07:00:00Z,PSME,PSME37,37,heatwave,water,5
2025-08-13T07:00:00Z,PSME,PSME38,38,heatwave,drought,5
2025-08-13T07:00:00Z,PSME,PSME39,39,heatwave,drought,5
2025-08-13T07:00:00Z,PSME,PSME40,40,heatwave,drought,5
2025-08-13T07:00:00Z,PSME,PSME41,41,heatwave,drought,5
2025-08-13T07:00:00Z,PSME,PSME42,42,heatwave,drought,5
2025-08-13T07:00:00Z,PSME,PSME43,43,heatwave,drought,5
2025-08-13T07:00:00Z,PSME,PSME44,44,heatwave,drought,5
2025-08-13T07:00:00Z,PSME,PSME45,45,heatwave,water,5
2025-08-13T07:00:00Z,PSME,PSME46,46,heatwave,drought,5
2025-08-13T07:00:00Z,PSME,PSME47,47,heatwave,drought,5
2025-08-13T07:00:00Z,PSME,PSME48,48,heatwave,water,5
2025-08-13T07:00:00Z,PSME,PSME49,49,heatwave,drought,5
2025-08-13T07:00:00Z,PSME,PSME50,50,heatwave,drought,5
2025-08-13T07:00:00Z,PSME,PSME51,51,heatwave,drought,5
2025-08-13T07:00:00Z,PSME,PSME52,52,heatwave,drought,5
2025-08-13T07:00:00Z,PSME,PSME53,53,heatwave,drought,5
2025-08-13T07:00:00Z,PSME,PSME54,54,heatwave,drought,5
2025-08-13T07:00:00Z,PSME,PSME55,55,heatwave,drought,5
2025-08-13T07:00:00Z,PSME,PSME56,56,heatwave,drought,5
2025-08-13T07:00:00Z,PSME,PSME57,57,heatwave,water,5
2025-08-13T07:00:00Z,PSME,PSME58,58,heatwave,drought,5
2025-08-13T07:00:00Z,PSME,PSME59,59,heatwave,drought,5
2025-08-13T07:00:00Z,PSME,PSME60,60,heatwave,drought,5
2025-08-18T07:00:00Z,PSME,PSME1,1,ambient,drought,5
2025-08-18T07:00:00Z,PSME,PSME2,2,ambient,drought,5
2025-08-18T07:00:00Z,PSME,PSME3,3,ambient,water,5
2025-08-18T07:00:00Z,PSME,PSME4,4,ambient,drought,5
2025-08-18T07:00:00Z,PSME,PSME5,5,ambient,drought,5
2025-08-18T07:00:00Z,PSME,PSME6,6,ambient,drought,5
2025-08-18T07:00:00Z,PSME,PSME7,7,ambient,drought,5
2025-08-18T07:00:00Z,PSME,PSME8,8,ambient,drought,5
2025-08-18T07:00:00Z,PSME,PSME9,9,ambient,drought,5
2025-08-18T07:00:00Z,PSME,PSME10,10,ambient,drought,5
2025-08-18T07:00:00Z,PSME,PSME11,11,ambient,drought,5
2025-08-18T07:00:00Z,PSME,PSME12,12,ambient,water,5
2025-08-18T07:00:00Z,PSME,PSME13,13,ambient,drought,5
2025-08-18T07:00:00Z,PSME,PSME14,14,ambient,drought,5
2025-08-18T07:00:00Z,PSME,PSME15,15,ambient,drought,5
2025-08-18T07:00:00Z,PSME,PSME16,16,ambient,drought,5
2025-08-18T07:00:00Z,PSME,PSME17,17,ambient,water,5
2025-08-18T07:00:00Z,PSME,PSME18,18,ambient,drought,5
2025-08-18T07:00:00Z,PSME,PSME19,19,ambient,drought,5
2025-08-18T07:00:00Z,PSME,PSME20,20,ambient,drought,5
2025-08-18T07:00:00Z,PSME,PSME21,21,ambient,drought,5
2025-08-18T07:00:00Z,PSME,PSME22,22,ambient,water,5
2025-08-18T07:00:00Z,PSME,PSME23,23,ambient,drought,5
2025-08-18T07:00:00Z,PSME,PSME24,24,ambient,drought,5
2025-08-18T07:00:00Z,PSME,PSME25,25,ambient,drought,5
2025-08-18T07:00:00Z,PSME,PSME26,26,ambient,drought,5
2025-08-18T07:00:00Z,PSME,PSME27,27,ambient,water,5
2025-08-18T07:00:00Z,PSME,PSME28,28,ambient,drought,5
2025-08-18T07:00:00Z,PSME,PSME29,29,ambient,drought,5
2025-08-18T07:00:00Z,PSME,PSME30,30,ambient,drought,5
2025-08-18T07:00:00Z,PSME,PSME31,31,heatwave,water,5
2025-08-18T07:00:00Z,PSME,PSME32,32,heatwave,drought,5
2025-08-18T07:00:00Z,PSME,PSME33,33,heatwave,drought,5
2025-08-18T07:00:00Z,PSME,PSME34,34,heatwave,drought,5
2025-08-18T07:00:00Z,PSME,PSME35,35,heatwave,drought,5
2025-08-18T07:00:00Z,PSME,PSME36,36,heatwave,drought,5
2025-08-18T07:00:00Z,PSME,PSME37,37,heatwave,water,5
2025-08-18T07:00:00Z,PSME,PSME38,38,heatwave,drought,5
2025-08-18T07:00:00Z,PSME,PSME39,39,heatwave,drought,5
2025-08-18T07:00:00Z,PSME,PSME40,40,heatwave,drought,5
2025-08-18T07:00:00Z,PSME,PSME41,41,heatwave,drought,5
2025-08-18T07:00:00Z,PSME,PSME42,42,heatwave,drought,5
2025-08-18T07:00:00Z,PSME,PSME43,43,heatwave,drought,5
2025-08-18T07:00:00Z,PSME,PSME44,44,heatwave,drought,5
2025-08-18T07:00:00Z,PSME,PSME45,45,heatwave,water,5
2025-08-18T07:00:00Z,PSME,PSME46,46,heatwave,drought,5
2025-08-18T07:00:00Z,PSME,PSME47,47,heatwave,drought,5
2025-08-18T07:00:00Z,PSME,PSME48,48,heatwave,water,5
2025-08-18T07:00:00Z,PSME,PSME49,49,heatwave,drought,5
2025-08-18T07:00:00Z,PSME,PSME50,50,heatwave,drought,5
2025-08-18T07:00:00Z,PSME,PSME51,51,heatwave,drought,5
2025-08-18T07:00:00Z,PSME,PSME52,52,heatwave,drought,5
2025-08-18T07:00:00Z,PSME,PSME53,53,heatwave,drought,5
2025-08-18T07:00:00Z,PSME,PSME54,54,heatwave,drought,5
2025-08-18T07:00:00Z,PSME,PSME55,55,heatwave,drought,5
2025-08-18T07:00:00Z,PSME,PSME56,56,heatwave,drought,5
2025-08-18T07:00:00Z,PSME,PSME57,57,heatwave,water,5
2025-08-18T07:00:00Z,PSME,PSME58,58,heatwave,drought,5
2025-08-18T07:00:00Z,PSME,PSME59,59,heatwave,drought,5
2025-08-18T07:00:00Z,PSME,PSME60,60,heatwave,drought,5
2025-08-25T07:00:00Z,PSME,PSME1,1,ambient,drought,5
2025-08-25T07:00:00Z,PSME,PSME2,2,ambient,drought,5
2025-08-25T07:00:00Z,PSME,PSME3,3,ambient,water,5
2025-08-25T07:00:00Z,PSME,PSME4,4,ambient,drought,5
2025-08-25T07:00:00Z,PSME,PSME5,5,ambient,drought,5
2025-08-25T07:00:00Z,PSME,PSME6,6,ambient,drought,5
2025-08-25T07:00:00Z,PSME,PSME7,7,ambient,drought,5
2025-08-25T07:00:00Z,PSME,PSME8,8,ambient,drought,5
2025-08-25T07:00:00Z,PSME,PSME9,9,ambient,drought,5
2025-08-25T07:00:00Z,PSME,PSME10,10,ambient,drought,5
2025-08-25T07:00:00Z,PSME,PSME11,11,ambient,drought,5
2025-08-25T07:00:00Z,PSME,PSME12,12,ambient,water,5
2025-08-25T07:00:00Z,PSME,PSME13,13,ambient,drought,5
2025-08-25T07:00:00Z,PSME,PSME14,14,ambient,drought,5
2025-08-25T07:00:00Z,PSME,PSME15,15,ambient,drought,5
2025-08-25T07:00:00Z,PSME,PSME16,16,ambient,drought,5
2025-08-25T07:00:00Z,PSME,PSME17,17,ambient,water,5
2025-08-25T07:00:00Z,PSME,PSME18,18,ambient,drought,5
2025-08-25T07:00:00Z,PSME,PSME19,19,ambient,drought,5
2025-08-25T07:00:00Z,PSME,PSME20,20,ambient,drought,5
2025-08-25T07:00:00Z,PSME,PSME21,21,ambient,drought,5
2025-08-25T07:00:00Z,PSME,PSME22,22,ambient,water,5
2025-08-25T07:00:00Z,PSME,PSME23,23,ambient,drought,5
2025-08-25T07:00:00Z,PSME,PSME24,24,ambient,drought,5
2025-08-25T07:00:00Z,PSME,PSME25,25,ambient,drought,5
2025-08-25T07:00:00Z,PSME,PSME26,26,ambient,drought,5
2025-08-25T07:00:00Z,PSME,PSME27,27,ambient,water,5
2025-08-25T07:00:00Z,PSME,PSME28,28,ambient,drought,5
2025-08-25T07:00:00Z,PSME,PSME29,29,ambient,drought,5
2025-08-25T07:00:00Z,PSME,PSME30,30,ambient,drought,5
2025-08-25T07:00:00Z,PSME,PSME31,31,heatwave,water,5
2025-08-25T07:00:00Z,PSME,PSME32,32,heatwave,drought,5
2025-08-25T07:00:00Z,PSME,PSME33,33,heatwave,drought,5
2025-08-25T07:00:00Z,PSME,PSME34,34,heatwave,drought,5
2025-08-25T07:00:00Z,PSME,PSME35,35,heatwave,drought,5
2025-08-25T07:00:00Z,PSME,PSME36,36,heatwave,drought,5
2025-08-25T07:00:00Z,PSME,PSME37,37,heatwave,water,5
2025-08-25T07:00:00Z,PSME,PSME38,38,heatwave,drought,5
2025-08-25T07:00:00Z,PSME,PSME39,39,heatwave,drought,5
2025-08-25T07:00:00Z,PSME,PSME40,40,heatwave,drought,5
2025-08-25T07:00:00Z,PSME,PSME41,41,heatwave,drought,5
2025-08-25T07:00:00Z,PSME,PSME42,42,heatwave,drought,5
2025-08-25T07:00:00Z,PSME,PSME43,43,heatwave,drought,5
2025-08-25T07:00:00Z,PSME,PSME44,44,heatwave,drought,5
2025-08-25T07:00:00Z,PSME,PSME45,45,heatwave,water,5
2025-08-25T07:00:00Z,PSME,PSME46,46,heatwave,drought,5
2025-08-25T07:00:00Z,PSME,PSME47,47,heatwave,drought,5
2025-08-25T07:00:00Z,PSME,PSME48,48,heatwave,water,5
2025-08-25T07:00:00Z,PSME,PSME49,49,heatwave,drought,5
2025-08-25T07:00:00Z,PSME,PSME50,50,heatwave,drought,5
2025-08-25T07:00:00Z,PSME,PSME51,51,heatwave,drought,5
2025-08-25T07:00:00Z,PSME,PSME52,52,heatwave,drought,5
2025-08-25T07:00:00Z,PSME,PSME53,53,heatwave,drought,5
2025-08-25T07:00:00Z,PSME,PSME54,54,heatwave,drought,5
2025-08-25T07:00:00Z,PSME,PSME55,55,heatwave,drought,5
2025-08-25T07:00:00Z,PSME,PSME56,56,heatwave,drought,5
2025-08-25T07:00:00Z,PSME,PSME57,57,heatwave,water,5
2025-08-25T07:00:00Z,PSME,PSME58,58,heatwave,drought,5
2025-08-25T07:00:00Z,PSME,PSME59,59,heatwave,drought,5
2025-08-25T07:00:00Z,PSME,PSME60,60,heatwave,drought,5
2025-09-01T07:00:00Z,PSME,PSME1,1,ambient,drought,5
2025-09-01T07:00:00Z,PSME,PSME2,2,ambient,drought,5
2025-09-01T07:00:00Z,PSME,PSME3,3,ambient,water,5
2025-09-01T07:00:00Z,PSME,PSME4,4,ambient,drought,5
2025-09-01T07:00:00Z,PSME,PSME5,5,ambient,drought,5
2025-09-01T07:00:00Z,PSME,PSME6,6,ambient,drought,5
2025-09-01T07:00:00Z,PSME,PSME7,7,ambient,drought,5
2025-09-01T07:00:00Z,PSME,PSME8,8,ambient,drought,5
2025-09-01T07:00:00Z,PSME,PSME9,9,ambient,drought,5
2025-09-01T07:00:00Z,PSME,PSME10,10,ambient,drought,5
2025-09-01T07:00:00Z,PSME,PSME11,11,ambient,drought,5
2025-09-01T07:00:00Z,PSME,PSME12,12,ambient,water,5
2025-09-01T07:00:00Z,PSME,PSME13,13,ambient,drought,5
2025-09-01T07:00:00Z,PSME,PSME14,14,ambient,drought,5
2025-09-01T07:00:00Z,PSME,PSME15,15,ambient,drought,5
2025-09-01T07:00:00Z,PSME,PSME16,16,ambient,drought,5
2025-09-01T07:00:00Z,PSME,PSME17,17,ambient,water,5
2025-09-01T07:00:00Z,PSME,PSME18,18,ambient,drought,5
2025-09-01T07:00:00Z,PSME,PSME19,19,ambient,drought,5
2025-09-01T07:00:00Z,PSME,PSME20,20,ambient,drought,5
2025-09-01T07:00:00Z,PSME,PSME21,21,ambient,drought,5
2025-09-01T07:00:00Z,PSME,PSME22,22,ambient,water,5
2025-09-01T07:00:00Z,PSME,PSME23,23,ambient,drought,5
2025-09-01T07:00:00Z,PSME,PSME24,24,ambient,drought,5
2025-09-01T07:00:00Z,PSME,PSME25,25,ambient,drought,5
2025-09-01T07:00:00Z,PSME,PSME26,26,ambient,drought,5
2025-09-01T07:00:00Z,PSME,PSME27,27,ambient,water,5
2025-09-01T07:00:00Z,PSME,PSME28,28,ambient,drought,5
2025-09-01T07:00:00Z,PSME,PSME29,29,ambient,drought,5
2025-09-01T07:00:00Z,PSME,PSME30,30,ambient,drought,5
2025-09-01T07:00:00Z,PSME,PSME31,31,heatwave,water,5
2025-09-01T07:00:00Z,PSME,PSME32,32,heatwave,drought,5
2025-09-01T07:00:00Z,PSME,PSME33,33,heatwave,drought,5
2025-09-01T07:00:00Z,PSME,PSME34,34,heatwave,drought,5
2025-09-01T07:00:00Z,PSME,PSME35,35,heatwave,drought,5
2025-09-01T07:00:00Z,PSME,PSME36,36,heatwave,drought,5
2025-09-01T07:00:00Z,PSME,PSME37,37,heatwave,water,5
2025-09-01T07:00:00Z,PSME,PSME38,38,heatwave,drought,5
2025-09-01T07:00:00Z,PSME,PSME39,39,heatwave,drought,5
2025-09-01T07:00:00Z,PSME,PSME40,40,heatwave,drought,5
2025-09-01T07:00:00Z,PSME,PSME41,41,heatwave,drought,5
2025-09-01T07:00:00Z,PSME,PSME42,42,heatwave,drought,5
2025-09-01T07:00:00Z,PSME,PSME43,43,heatwave,drought,5
2025-09-01T07:00:00Z,PSME,PSME44,44,heatwave,drought,5
2025-09-01T07:00:00Z,PSME,PSME45,45,heatwave,water,5
2025-09-01T07:00:00Z,PSME,PSME46,46,heatwave,drought,5
2025-09-01T07:00:00Z,PSME,PSME47,47,heatwave,drought,5
2025-09-01T07:00:00Z,PSME,PSME48,48,heatwave,water,5
2025-09-01T07:00:00Z,PSME,PSME49,49,heatwave,drought,5
2025-09-01T07:00:00Z,PSME,PSME50,50,heatwave,drought,5
2025-09-01T07:00:00Z,PSME,PSME51,51,heatwave,drought,5
2025-09-01T07:00:00Z,PSME,PSME52,52,heatwave,drought,5
2025-09-01T07:00:00Z,PSME,PSME53,53,heatwave,drought,5
2025-09-01T07:00:00Z,PSME,PSME54,54,heatwave,drought,5
2025-09-01T07:00:00Z,PSME,PSME55,55,heatwave,drought,5
2025-09-01T07:00:00Z,PSME,PSME56,56,heatwave,drought,5
2025-09-01T07:00:00Z,PSME,PSME57,57,heatwave,water,5
2025-09-01T07:00:00Z,PSME,PSME58,58,heatwave,drought,5
2025-09-01T07:00:00Z,PSME,PSME59,59,heatwave,drought,5
2025-09-01T07:00:00Z,PSME,PSME60,60,heatwave,drought,5
2025-09-15T07:00:00Z,PSME,PSME1,1,ambient,drought,5
2025-09-15T07:00:00Z,PSME,PSME2,2,ambient,drought,5
2025-09-15T07:00:00Z,PSME,PSME3,3,ambient,water,5
2025-09-15T07:00:00Z,PSME,PSME4,4,ambient,drought,5
2025-09-15T07:00:00Z,PSME,PSME5,5,ambient,drought,5
2025-09-15T07:00:00Z,PSME,PSME6,6,ambient,drought,5
2025-09-15T07:00:00Z,PSME,PSME7,7,ambient,drought,5
2025-09-15T07:00:00Z,PSME,PSME8,8,ambient,drought,5
2025-09-15T07:00:00Z,PSME,PSME9,9,ambient,drought,5
2025-09-15T07:00:00Z,PSME,PSME10,10,ambient,drought,5
2025-09-15T07:00:00Z,PSME,PSME11,11,ambient,drought,5
2025-09-15T07:00:00Z,PSME,PSME12,12,ambient,water,5
2025-09-15T07:00:00Z,PSME,PSME13,13,ambient,drought,5
2025-09-15T07:00:00Z,PSME,PSME14,14,ambient,drought,5
2025-09-15T07:00:00Z,PSME,PSME15,15,ambient,drought,5
2025-09-15T07:00:00Z,PSME,PSME16,16,ambient,drought,5
2025-09-15T07:00:00Z,PSME,PSME17,17,ambient,water,5
2025-09-15T07:00:00Z,PSME,PSME18,18,ambient,drought,5
2025-09-15T07:00:00Z,PSME,PSME19,19,ambient,drought,5
2025-09-15T07:00:00Z,PSME,PSME20,20,ambient,drought,5
2025-09-15T07:00:00Z,PSME,PSME21,21,ambient,drought,5
2025-09-15T07:00:00Z,PSME,PSME22,22,ambient,water,5
2025-09-15T07:00:00Z,PSME,PSME23,23,ambient,drought,5
2025-09-15T07:00:00Z,PSME,PSME24,24,ambient,drought,5
2025-09-15T07:00:00Z,PSME,PSME25,25,ambient,drought,5
2025-09-15T07:00:00Z,PSME,PSME26,26,ambient,drought,5
2025-09-15T07:00:00Z,PSME,PSME27,27,ambient,water,5
2025-09-15T07:00:00Z,PSME,PSME28,28,ambient,drought,5
2025-09-15T07:00:00Z,PSME,PSME29,29,ambient,drought,5
2025-09-15T07:00:00Z,PSME,PSME30,30,ambient,drought,5
2025-09-15T07:00:00Z,PSME,PSME31,31,heatwave,water,5
2025-09-15T07:00:00Z,PSME,PSME32,32,heatwave,drought,5
2025-09-15T07:00:00Z,PSME,PSME33,33,heatwave,drought,5
2025-09-15T07:00:00Z,PSME,PSME34,34,heatwave,drought,5
2025-09-15T07:00:00Z,PSME,PSME35,35,heatwave,drought,5
2025-09-15T07:00:00Z,PSME,PSME36,36,heatwave,drought,5
2025-09-15T07:00:00Z,PSME,PSME37,37,heatwave,water,5
2025-09-15T07:00:00Z,PSME,PSME38,38,heatwave,drought,5
2025-09-15T07:00:00Z,PSME,PSME39,39,heatwave,drought,5
2025-09-15T07:00:00Z,PSME,PSME40,40,heatwave,drought,5
2025-09-15T07:00:00Z,PSME,PSME41,41,heatwave,drought,5
2025-09-15T07:00:00Z,PSME,PSME42,42,heatwave,drought,5
2025-09-15T07:00:00Z,PSME,PSME43,43,heatwave,drought,5
2025-09-15T07:00:00Z,PSME,PSME44,44,heatwave,drought,5
2025-09-15T07:00:00Z,PSME,PSME45,45,heatwave,water,5
2025-09-15T07:00:00Z,PSME,PSME46,46,heatwave,drought,5
2025-09-15T07:00:00Z,PSME,PSME47,47,heatwave,drought,5
2025-09-15T07:00:00Z,PSME,PSME48,48,heatwave,water,5
2025-09-15T07:00:00Z,PSME,PSME49,49,heatwave,drought,5
2025-09-15T07:00:00Z,PSME,PSME50,50,heatwave,drought,5
2025-09-15T07:00:00Z,PSME,PSME51,51,heatwave,drought,5
2025-09-15T07:00:00Z,PSME,PSME52,52,heatwave,drought,5
2025-09-15T07:00:00Z,PSME,PSME53,53,heatwave,drought,5
2025-09-15T07:00:00Z,PSME,PSME54,54,heatwave,drought,5
2025-09-15T07:00:00Z,PSME,PSME55,55,heatwave,drought,5
2025-09-15T07:00:00Z,PSME,PSME56,56,heatwave,drought,5
2025-09-15T07:00:00Z,PSME,PSME57,57,heatwave,water,5
2025-09-15T07:00:00Z,PSME,PSME58,58,heatwave,drought,5
2025-09-15T07:00:00Z,PSME,PSME59,59,heatwave,drought,5
2025-09-15T07:00:00Z,PSME,PSME60,60,heatwave,drought,5
2025-09-22T07:00:00Z,PSME,PSME1,1,ambient,drought,5
2025-09-22T07:00:00Z,PSME,PSME2,2,ambient,drought,5
2025-09-22T07:00:00Z,PSME,PSME3,3,ambient,water,5
2025-09-22T07:00:00Z,PSME,PSME4,4,ambient,drought,5
2025-09-22T07:00:00Z,PSME,PSME5,5,ambient,drought,5
2025-09-22T07:00:00Z,PSME,PSME6,6,ambient,drought,5
2025-09-22T07:00:00Z,PSME,PSME7,7,ambient,drought,5
2025-09-22T07:00:00Z,PSME,PSME8,8,ambient,drought,5
2025-09-22T07:00:00Z,PSME,PSME9,9,ambient,drought,5
2025-09-22T07:00:00Z,PSME,PSME10,10,ambient,drought,5
2025-09-22T07:00:00Z,PSME,PSME11,11,ambient,drought,5
2025-09-22T07:00:00Z,PSME,PSME12,12,ambient,water,5
2025-09-22T07:00:00Z,PSME,PSME13,13,ambient,drought,5
2025-09-22T07:00:00Z,PSME,PSME14,14,ambient,drought,5
2025-09-22T07:00:00Z,PSME,PSME15,15,ambient,drought,5
2025-09-22T07:00:00Z,PSME,PSME16,16,ambient,drought,5
2025-09-22T07:00:00Z,PSME,PSME17,17,ambient,water,5
2025-09-22T07:00:00Z,PSME,PSME18,18,ambient,drought,5
2025-09-22T07:00:00Z,PSME,PSME19,19,ambient,drought,5
2025-09-22T07:00:00Z,PSME,PSME20,20,ambient,drought,5
2025-09-22T07:00:00Z,PSME,PSME21,21,ambient,drought,5
2025-09-22T07:00:00Z,PSME,PSME22,22,ambient,water,5
2025-09-22T07:00:00Z,PSME,PSME23,23,ambient,drought,5
2025-09-22T07:00:00Z,PSME,PSME24,24,ambient,drought,5
2025-09-22T07:00:00Z,PSME,PSME25,25,ambient,drought,5
2025-09-22T07:00:00Z,PSME,PSME26,26,ambient,drought,5
2025-09-22T07:00:00Z,PSME,PSME27,27,ambient,water,5
2025-09-22T07:00:00Z,PSME,PSME28,28,ambient,drought,5
2025-09-22T07:00:00Z,PSME,PSME29,29,ambient,drought,5
2025-09-22T07:00:00Z,PSME,PSME30,30,ambient,drought,5
2025-09-22T07:00:00Z,PSME,PSME31,31,heatwave,water,5
2025-09-22T07:00:00Z,PSME,PSME32,32,heatwave,drought,5
2025-09-22T07:00:00Z,PSME,PSME33,33,heatwave,drought,5
2025-09-22T07:00:00Z,PSME,PSME34,34,heatwave,drought,5
2025-09-22T07:00:00Z,PSME,PSME35,35,heatwave,drought,5
2025-09-22T07:00:00Z,PSME,PSME36,36,heatwave,drought,5
2025-09-22T07:00:00Z,PSME,PSME37,37,heatwave,water,5
2025-09-22T07:00:00Z,PSME,PSME38,38,heatwave,drought,5
2025-09-22T07:00:00Z,PSME,PSME39,39,heatwave,drought,5
2025-09-22T07:00:00Z,PSME,PSME40,40,heatwave,drought,5
2025-09-22T07:00:00Z,PSME,PSME41,41,heatwave,drought,5
2025-09-22T07:00:00Z,PSME,PSME42,42,heatwave,drought,5
2025-09-22T07:00:00Z,PSME,PSME43,43,heatwave,drought,5
2025-09-22T07:00:00Z,PSME,PSME44,44,heatwave,drought,5
2025-09-22T07:00:00Z,PSME,PSME45,45,heatwave,water,5
2025-09-22T07:00:00Z,PSME,PSME46,46,heatwave,drought,5
2025-09-22T07:00:00Z,PSME,PSME47,47,heatwave,drought,5
2025-09-22T07:00:00Z,PSME,PSME48,48,heatwave,water,5
2025-09-22T07:00:00Z,PSME,PSME49,49,heatwave,drought,5
2025-09-22T07:00:00Z,PSME,PSME50,50,heatwave,drought,5
2025-09-22T07:00:00Z,PSME,PSME51,51,heatwave,drought,5
2025-09-22T07:00:00Z,PSME,PSME52,52,heatwave,drought,5
2025-09-22T07:00:00Z,PSME,PSME53,53,heatwave,drought,5
2025-09-22T07:00:00Z,PSME,PSME54,54,heatwave,drought,5
2025-09-22T07:00:00Z,PSME,PSME55,55,heatwave,drought,5
2025-09-22T07:00:00Z,PSME,PSME56,56,heatwave,drought,5
2025-09-22T07:00:00Z,PSME,PSME57,57,heatwave,water,5
2025-09-22T07:00:00Z,PSME,PSME58,58,heatwave,drought,5
2025-09-22T07:00:00Z,PSME,PSME59,59,heatwave,drought,5
2025-09-22T07:00:00Z,PSME,PSME60,60,heatwave,drought,5
2025-09-29T07:00:00Z,PSME,PSME1,1,ambient,drought,5
2025-09-29T07:00:00Z,PSME,PSME2,2,ambient,drought,5
2025-09-29T07:00:00Z,PSME,PSME3,3,ambient,water,5
2025-09-29T07:00:00Z,PSME,PSME4,4,ambient,drought,5
2025-09-29T07:00:00Z,PSME,PSME5,5,ambient,drought,5
2025-09-29T07:00:00Z,PSME,PSME6,6,ambient,drought,5
2025-09-29T07:00:00Z,PSME,PSME7,7,ambient,drought,5
2025-09-29T07:00:00Z,PSME,PSME8,8,ambient,drought,5
2025-09-29T07:00:00Z,PSME,PSME9,9,ambient,drought,5
2025-09-29T07:00:00Z,PSME,PSME10,10,ambient,drought,5
2025-09-29T07:00:00Z,PSME,PSME11,11,ambient,drought,5
2025-09-29T07:00:00Z,PSME,PSME12,12,ambient,water,5
2025-09-29T07:00:00Z,PSME,PSME13,13,ambient,drought,5
2025-09-29T07:00:00Z,PSME,PSME14,14,ambient,drought,5
2025-09-29T07:00:00Z,PSME,PSME15,15,ambient,drought,5
2025-09-29T07:00:00Z,PSME,PSME16,16,ambient,drought,5
2025-09-29T07:00:00Z,PSME,PSME17,17,ambient,water,5
2025-09-29T07:00:00Z,PSME,PSME18,18,ambient,drought,5
2025-09-29T07:00:00Z,PSME,PSME19,19,ambient,drought,5
2025-09-29T07:00:00Z,PSME,PSME20,20,ambient,drought,5
2025-09-29T07:00:00Z,PSME,PSME21,21,ambient,drought,5
2025-09-29T07:00:00Z,PSME,PSME22,22,ambient,water,5
2025-09-29T07:00:00Z,PSME,PSME23,23,ambient,drought,5
2025-09-29T07:00:00Z,PSME,PSME24,24,ambient,drought,5
2025-09-29T07:00:00Z,PSME,PSME25,25,ambient,drought,5
2025-09-29T07:00:00Z,PSME,PSME26,26,ambient,drought,5
2025-09-29T07:00:00Z,PSME,PSME27,27,ambient,water,5
2025-09-29T07:00:00Z,PSME,PSME28,28,ambient,drought,5
2025-09-29T07:00:00Z,PSME,PSME29,29,ambient,drought,5
2025-09-29T07:00:00Z,PSME,PSME30,30,ambient,drought,5
2025-09-29T07:00:00Z,PSME,PSME31,31,heatwave,water,5
2025-09-29T07:00:00Z,PSME,PSME32,32,heatwave,drought,5
2025-09-29T07:00:00Z,PSME,PSME33,33,heatwave,drought,5
2025-09-29T07:00:00Z,PSME,PSME34,34,heatwave,drought,5
2025-09-29T07:00:00Z,PSME,PSME35,35,heatwave,drought,5
2025-09-29T07:00:00Z,PSME,PSME36,36,heatwave,drought,5
2025-09-29T07:00:00Z,PSME,PSME37,37,heatwave,water,5
2025-09-29T07:00:00Z,PSME,PSME38,38,heatwave,drought,5
2025-09-29T07:00:00Z,PSME,PSME39,39,heatwave,drought,5
2025-09-29T07:00:00Z,PSME,PSME40,40,heatwave,drought,5
2025-09-29T07:00:00Z,PSME,PSME41,41,heatwave,drought,5
2025-09-29T07:00:00Z,PSME,PSME42,42,heatwave,drought,5
2025-09-29T07:00:00Z,PSME,PSME43,43,heatwave,drought,5
2025-09-29T07:00:00Z,PSME,PSME44,44,heatwave,drought,5
2025-09-29T07:00:00Z,PSME,PSME45,45,heatwave,water,5
2025-09-29T07:00:00Z,PSME,PSME46,46,heatwave,drought,5
2025-09-29T07:00:00Z,PSME,PSME47,47,heatwave,drought,5
2025-09-29T07:00:00Z,PSME,PSME48,48,heatwave,water,5
2025-09-29T07:00:00Z,PSME,PSME49,49,heatwave,drought,5
2025-09-29T07:00:00Z,PSME,PSME50,50,heatwave,drought,5
2025-09-29T07:00:00Z,PSME,PSME51,51,heatwave,drought,5
2025-09-29T07:00:00Z,PSME,PSME52,52,heatwave,drought,5
2025-09-29T07:00:00Z,PSME,PSME53,53,heatwave,drought,5
2025-09-29T07:00:00Z,PSME,PSME54,54,heatwave,drought,5
2025-09-29T07:00:00Z,PSME,PSME55,55,heatwave,drought,5
2025-09-29T07:00:00Z,PSME,PSME56,56,heatwave,drought,5
2025-09-29T07:00:00Z,PSME,PSME57,57,heatwave,water,5
2025-09-29T07:00:00Z,PSME,PSME58,58,heatwave,drought,5
2025-09-29T07:00:00Z,PSME,PSME59,59,heatwave,drought,5
2025-09-29T07:00:00Z,PSME,PSME60,60,heatwave,drought,5
2025-10-06T07:00:00Z,PSME,PSME1,1,ambient,drought,5
2025-10-06T07:00:00Z,PSME,PSME2,2,ambient,drought,5
2025-10-06T07:00:00Z,PSME,PSME3,3,ambient,water,5
2025-10-06T07:00:00Z,PSME,PSME4,4,ambient,drought,5
2025-10-06T07:00:00Z,PSME,PSME5,5,ambient,drought,5
2025-10-06T07:00:00Z,PSME,PSME6,6,ambient,drought,5
2025-10-06T07:00:00Z,PSME,PSME7,7,ambient,drought,5
2025-10-06T07:00:00Z,PSME,PSME8,8,ambient,drought,5
2025-10-06T07:00:00Z,PSME,PSME9,9,ambient,drought,5
2025-10-06T07:00:00Z,PSME,PSME10,10,ambient,drought,5
2025-10-06T07:00:00Z,PSME,PSME11,11,ambient,drought,5
2025-10-06T07:00:00Z,PSME,PSME12,12,ambient,water,5
2025-10-06T07:00:00Z,PSME,PSME13,13,ambient,drought,5
2025-10-06T07:00:00Z,PSME,PSME14,14,ambient,drought,5
2025-10-06T07:00:00Z,PSME,PSME15,15,ambient,drought,5
2025-10-06T07:00:00Z,PSME,PSME16,16,ambient,drought,5
2025-10-06T07:00:00Z,PSME,PSME17,17,ambient,water,5
2025-10-06T07:00:00Z,PSME,PSME18,18,ambient,drought,5
2025-10-06T07:00:00Z,PSME,PSME19,19,ambient,drought,5
2025-10-06T07:00:00Z,PSME,PSME20,20,ambient,drought,5
2025-10-06T07:00:00Z,PSME,PSME21,21,ambient,drought,5
2025-10-06T07:00:00Z,PSME,PSME22,22,ambient,water,5
2025-10-06T07:00:00Z,PSME,PSME23,23,ambient,drought,5
2025-10-06T07:00:00Z,PSME,PSME24,24,ambient,drought,5
2025-10-06T07:00:00Z,PSME,PSME25,25,ambient,drought,5
2025-10-06T07:00:00Z,PSME,PSME26,26,ambient,drought,5
2025-10-06T07:00:00Z,PSME,PSME27,27,ambient,water,5
2025-10-06T07:00:00Z,PSME,PSME28,28,ambient,drought,5
2025-10-06T07:00:00Z,PSME,PSME29,29,ambient,drought,5
2025-10-06T07:00:00Z,PSME,PSME30,30,ambient,drought,5
2025-10-06T07:00:00Z,PSME,PSME31,31,heatwave,water,5
2025-10-06T07:00:00Z,PSME,PSME32,32,heatwave,drought,5
2025-10-06T07:00:00Z,PSME,PSME33,33,heatwave,drought,5
2025-10-06T07:00:00Z,PSME,PSME34,34,heatwave,drought,5
2025-10-06T07:00:00Z,PSME,PSME35,35,heatwave,drought,5
2025-10-06T07:00:00Z,PSME,PSME36,36,heatwave,drought,5
2025-10-06T07:00:00Z,PSME,PSME37,37,heatwave,water,5
2025-10-06T07:00:00Z,PSME,PSME38,38,heatwave,drought,5
2025-10-06T07:00:00Z,PSME,PSME39,39,heatwave,drought,5
2025-10-06T07:00:00Z,PSME,PSME40,40,heatwave,drought,5
2025-10-06T07:00:00Z,PSME,PSME41,41,heatwave,drought,5
2025-10-06T07:00:00Z,PSME,PSME42,42,heatwave,drought,5
2025-10-06T07:00:00Z,PSME,PSME43,43,heatwave,drought,5
2025-10-06T07:00:00Z,PSME,PSME44,44,heatwave,drought,5
2025-10-06T07:00:00Z,PSME,PSME45,45,heatwave,water,5
2025-10-06T07:00:00Z,PSME,PSME46,46,heatwave,drought,5
2025-10-06T07:00:00Z,PSME,PSME47,47,heatwave,drought,17.5
2025-10-06T07:00:00Z,PSME,PSME48,48,heatwave,water,5
2025-10-06T07:00:00Z,PSME,PSME49,49,heatwave,drought,5
2025-10-06T07:00:00Z,PSME,PSME50,50,heatwave,drought,5
2025-10-06T07:00:00Z,PSME,PSME51,51,heatwave,drought,5
2025-10-06T07:00:00Z,PSME,PSME52,52,heatwave,drought,5
2025-10-06T07:00:00Z,PSME,PSME53,53,heatwave,drought,5
2025-10-06T07:00:00Z,PSME,PSME54,54,heatwave,drought,5
2025-10-06T07:00:00Z,PSME,PSME55,55,heatwave,drought,5
2025-10-06T07:00:00Z,PSME,PSME56,56,heatwave,drought,5
2025-10-06T07:00:00Z,PSME,PSME57,57,heatwave,water,5
2025-10-06T07:00:00Z,PSME,PSME58,58,heatwave,drought,5
2025-10-06T07:00:00Z,PSME,PSME59,59,heatwave,drought,5
2025-10-06T07:00:00Z,PSME,PSME60,60,heatwave,drought,5
2025-10-13T07:00:00Z,PSME,PSME1,1,ambient,drought,5
2025-10-13T07:00:00Z,PSME,PSME2,2,ambient,drought,5
2025-10-13T07:00:00Z,PSME,PSME3,3,ambient,water,5
2025-10-13T07:00:00Z,PSME,PSME4,4,ambient,drought,5
2025-10-13T07:00:00Z,PSME,PSME5,5,ambient,drought,5
2025-10-13T07:00:00Z,PSME,PSME6,6,ambient,drought,5
2025-10-13T07:00:00Z,PSME,PSME7,7,ambient,drought,5
2025-10-13T07:00:00Z,PSME,PSME8,8,ambient,drought,5
2025-10-13T07:00:00Z,PSME,PSME9,9,ambient,drought,5
2025-10-13T07:00:00Z,PSME,PSME10,10,ambient,drought,62.5
2025-10-13T07:00:00Z,PSME,PSME11,11,ambient,drought,5
2025-10-13T07:00:00Z,PSME,PSME12,12,ambient,water,5
2025-10-13T07:00:00Z,PSME,PSME13,13,ambient,drought,5
2025-10-13T07:00:00Z,PSME,PSME14,14,ambient,drought,17.5
2025-10-13T07:00:00Z,PSME,PSME15,15,ambient,drought,5
2025-10-13T07:00:00Z,PSME,PSME16,16,ambient,drought,5
2025-10-13T07:00:00Z,PSME,PSME17,17,ambient,water,5
2025-10-13T07:00:00Z,PSME,PSME18,18,ambient,drought,5
2025-10-13T07:00:00Z,PSME,PSME19,19,ambient,drought,5
2025-10-13T07:00:00Z,PSME,PSME20,20,ambient,drought,5
2025-10-13T07:00:00Z,PSME,PSME21,21,ambient,drought,5
2025-10-13T07:00:00Z,PSME,PSME22,22,ambient,water,37.5
2025-10-13T07:00:00Z,PSME,PSME23,23,ambient,drought,5
2025-10-13T07:00:00Z,PSME,PSME24,24,ambient,drought,5
2025-10-13T07:00:00Z,PSME,PSME25,25,ambient,drought,5
2025-10-13T07:00:00Z,PSME,PSME26,26,ambient,drought,62.5
2025-10-13T07:00:00Z,PSME,PSME27,27,ambient,water,5
2025-10-13T07:00:00Z,PSME,PSME28,28,ambient,drought,5
2025-10-13T07:00:00Z,PSME,PSME29,29,ambient,drought,5
2025-10-13T07:00:00Z,PSME,PSME30,30,ambient,drought,5
2025-10-13T07:00:00Z,PSME,PSME31,31,heatwave,water,5
2025-10-13T07:00:00Z,PSME,PSME32,32,heatwave,drought,5
2025-10-13T07:00:00Z,PSME,PSME33,33,heatwave,drought,5
2025-10-13T07:00:00Z,PSME,PSME34,34,heatwave,drought,5
2025-10-13T07:00:00Z,PSME,PSME35,35,heatwave,drought,5
2025-10-13T07:00:00Z,PSME,PSME36,36,heatwave,drought,5
2025-10-13T07:00:00Z,PSME,PSME37,37,heatwave,water,5
2025-10-13T07:00:00Z,PSME,PSME38,38,heatwave,drought,5
2025-10-13T07:00:00Z,PSME,PSME39,39,heatwave,drought,5
2025-10-13T07:00:00Z,PSME,PSME40,40,heatwave,drought,5
2025-10-13T07:00:00Z,PSME,PSME41,41,heatwave,drought,5
2025-10-13T07:00:00Z,PSME,PSME42,42,heatwave,drought,5
2025-10-13T07:00:00Z,PSME,PSME43,43,heatwave,drought,5
2025-10-13T07:00:00Z,PSME,PSME44,44,heatwave,drought,5
2025-10-13T07:00:00Z,PSME,PSME45,45,heatwave,water,5
2025-10-13T07:00:00Z,PSME,PSME46,46,heatwave,drought,5
2025-10-13T07:00:00Z,PSME,PSME47,47,heatwave,drought,5
2025-10-13T07:00:00Z,PSME,PSME48,48,heatwave,water,5
2025-10-13T07:00:00Z,PSME,PSME49,49,heatwave,drought,5
2025-10-13T07:00:00Z,PSME,PSME50,50,heatwave,drought,5
2025-10-13T07:00:00Z,PSME,PSME51,51,heatwave,drought,5
2025-10-13T07:00:00Z,PSME,PSME52,52,heatwave,drought,5
2025-10-13T07:00:00Z,PSME,PSME53,53,heatwave,drought,5
2025-10-13T07:00:00Z,PSME,PSME54,54,heatwave,drought,5
2025-10-13T07:00:00Z,PSME,PSME55,55,heatwave,drought,5
2025-10-13T07:00:00Z,PSME,PSME56,56,heatwave,drought,5
2025-10-13T07:00:00Z,PSME,PSME57,57,heatwave,water,5
2025-10-13T07:00:00Z,PSME,PSME58,58,heatwave,drought,5
2025-10-13T07:00:00Z,PSME,PSME59,59,heatwave,drought,5
2025-10-13T07:00:00Z,PSME,PSME60,60,heatwave,drought,5
2025-10-20T07:00:00Z,PSME,PSME1,1,ambient,drought,5
2025-10-20T07:00:00Z,PSME,PSME2,2,ambient,drought,5
2025-10-20T07:00:00Z,PSME,PSME3,3,ambient,water,5
2025-10-20T07:00:00Z,PSME,PSME4,4,ambient,drought,5
2025-10-20T07:00:00Z,PSME,PSME5,5,ambient,drought,5
2025-10-20T07:00:00Z,PSME,PSME6,6,ambient,drought,5
2025-10-20T07:00:00Z,PSME,PSME7,7,ambient,drought,17.5
2025-10-20T07:00:00Z,PSME,PSME8,8,ambient,drought,5
2025-10-20T07:00:00Z,PSME,PSME9,9,ambient,drought,5
2025-10-20T07:00:00Z,PSME,PSME10,10,ambient,drought,95
2025-10-20T07:00:00Z,PSME,PSME11,11,ambient,drought,5
2025-10-20T07:00:00Z,PSME,PSME12,12,ambient,water,5
2025-10-20T07:00:00Z,PSME,PSME13,13,ambient,drought,5
2025-10-20T07:00:00Z,PSME,PSME14,14,ambient,drought,17.5
2025-10-20T07:00:00Z,PSME,PSME15,15,ambient,drought,62.5
2025-10-20T07:00:00Z,PSME,PSME16,16,ambient,drought,5
2025-10-20T07:00:00Z,PSME,PSME17,17,ambient,water,5
2025-10-20T07:00:00Z,PSME,PSME18,18,ambient,drought,5
2025-10-20T07:00:00Z,PSME,PSME19,19,ambient,drought,5
2025-10-20T07:00:00Z,PSME,PSME20,20,ambient,drought,17.5
2025-10-20T07:00:00Z,PSME,PSME21,21,ambient,drought,5
2025-10-20T07:00:00Z,PSME,PSME22,22,ambient,water,NA
2025-10-20T07:00:00Z,PSME,PSME23,23,ambient,drought,5
2025-10-20T07:00:00Z,PSME,PSME24,24,ambient,drought,5
2025-10-20T07:00:00Z,PSME,PSME25,25,ambient,drought,5
2025-10-20T07:00:00Z,PSME,PSME26,26,ambient,drought,95
2025-10-20T07:00:00Z,PSME,PSME27,27,ambient,water,5
2025-10-20T07:00:00Z,PSME,PSME28,28,ambient,drought,37.5
2025-10-20T07:00:00Z,PSME,PSME29,29,ambient,drought,5
2025-10-20T07:00:00Z,PSME,PSME30,30,ambient,drought,5
2025-10-20T07:00:00Z,PSME,PSME31,31,heatwave,water,5
2025-10-20T07:00:00Z,PSME,PSME32,32,heatwave,drought,5
2025-10-20T07:00:00Z,PSME,PSME33,33,heatwave,drought,5
2025-10-20T07:00:00Z,PSME,PSME34,34,heatwave,drought,5
2025-10-20T07:00:00Z,PSME,PSME35,35,heatwave,drought,5
2025-10-20T07:00:00Z,PSME,PSME36,36,heatwave,drought,5
2025-10-20T07:00:00Z,PSME,PSME37,37,heatwave,water,5
2025-10-20T07:00:00Z,PSME,PSME38,38,heatwave,drought,5
2025-10-20T07:00:00Z,PSME,PSME39,39,heatwave,drought,5
2025-10-20T07:00:00Z,PSME,PSME40,40,heatwave,drought,5
2025-10-20T07:00:00Z,PSME,PSME41,41,heatwave,drought,5
2025-10-20T07:00:00Z,PSME,PSME42,42,heatwave,drought,5
2025-10-20T07:00:00Z,PSME,PSME43,43,heatwave,drought,5
2025-10-20T07:00:00Z,PSME,PSME44,44,heatwave,drought,17.5
2025-10-20T07:00:00Z,PSME,PSME45,45,heatwave,water,5
2025-10-20T07:00:00Z,PSME,PSME46,46,heatwave,drought,5
2025-10-20T07:00:00Z,PSME,PSME47,47,heatwave,drought,17.5
2025-10-20T07:00:00Z,PSME,PSME48,48,heatwave,water,5
2025-10-20T07:00:00Z,PSME,PSME49,49,heatwave,drought,17.5
2025-10-20T07:00:00Z,PSME,PSME50,50,heatwave,drought,37.5
2025-10-20T07:00:00Z,PSME,PSME51,51,heatwave,drought,5
2025-10-20T07:00:00Z,PSME,PSME52,52,heatwave,drought,5
2025-10-20T07:00:00Z,PSME,PSME53,53,heatwave,drought,5
2025-10-20T07:00:00Z,PSME,PSME54,54,heatwave,drought,5
2025-10-20T07:00:00Z,PSME,PSME55,55,heatwave,drought,5
2025-10-20T07:00:00Z,PSME,PSME56,56,heatwave,drought,5
2025-10-20T07:00:00Z,PSME,PSME57,57,heatwave,water,5
2025-10-20T07:00:00Z,PSME,PSME58,58,heatwave,drought,17.5
2025-10-20T07:00:00Z,PSME,PSME59,59,heatwave,drought,5
2025-10-20T07:00:00Z,PSME,PSME60,60,heatwave,drought,5
2025-10-27T07:00:00Z,PSME,PSME1,1,ambient,drought,5
2025-10-27T07:00:00Z,PSME,PSME2,2,ambient,drought,5
2025-10-27T07:00:00Z,PSME,PSME3,3,ambient,water,5
2025-10-27T07:00:00Z,PSME,PSME4,4,ambient,drought,5
2025-10-27T07:00:00Z,PSME,PSME5,5,ambient,drought,5
2025-10-27T07:00:00Z,PSME,PSME6,6,ambient,drought,5
2025-10-27T07:00:00Z,PSME,PSME7,7,ambient,drought,17.5
2025-10-27T07:00:00Z,PSME,PSME8,8,ambient,drought,5
2025-10-27T07:00:00Z,PSME,PSME9,9,ambient,drought,5
2025-10-27T07:00:00Z,PSME,PSME10,10,ambient,drought,95
2025-10-27T07:00:00Z,PSME,PSME11,11,ambient,drought,5
2025-10-27T07:00:00Z,PSME,PSME12,12,ambient,water,5
2025-10-27T07:00:00Z,PSME,PSME13,13,ambient,drought,17.5
2025-10-27T07:00:00Z,PSME,PSME14,14,ambient,drought,5
2025-10-27T07:00:00Z,PSME,PSME15,15,ambient,drought,37.5
2025-10-27T07:00:00Z,PSME,PSME16,16,ambient,drought,5
2025-10-27T07:00:00Z,PSME,PSME17,17,ambient,water,5
2025-10-27T07:00:00Z,PSME,PSME18,18,ambient,drought,5
2025-10-27T07:00:00Z,PSME,PSME19,19,ambient,drought,5
2025-10-27T07:00:00Z,PSME,PSME20,20,ambient,drought,37.5
2025-10-27T07:00:00Z,PSME,PSME21,21,ambient,drought,5
2025-10-27T07:00:00Z,PSME,PSME22,22,ambient,water,NA
2025-10-27T07:00:00Z,PSME,PSME23,23,ambient,drought,5
2025-10-27T07:00:00Z,PSME,PSME24,24,ambient,drought,5
2025-10-27T07:00:00Z,PSME,PSME25,25,ambient,drought,5
2025-10-27T07:00:00Z,PSME,PSME26,26,ambient,drought,82.5
2025-10-27T07:00:00Z,PSME,PSME27,27,ambient,water,5
2025-10-27T07:00:00Z,PSME,PSME28,28,ambient,drought,37.5
2025-10-27T07:00:00Z,PSME,PSME29,29,ambient,drought,17.5
2025-10-27T07:00:00Z,PSME,PSME30,30,ambient,drought,5
2025-10-27T07:00:00Z,PSME,PSME31,31,heatwave,water,5
2025-10-27T07:00:00Z,PSME,PSME32,32,heatwave,drought,5
2025-10-27T07:00:00Z,PSME,PSME33,33,heatwave,drought,5
2025-10-27T07:00:00Z,PSME,PSME34,34,heatwave,drought,5
2025-10-27T07:00:00Z,PSME,PSME35,35,heatwave,drought,5
2025-10-27T07:00:00Z,PSME,PSME36,36,heatwave,drought,5
2025-10-27T07:00:00Z,PSME,PSME37,37,heatwave,water,5
2025-10-27T07:00:00Z,PSME,PSME38,38,heatwave,drought,17.5
2025-10-27T07:00:00Z,PSME,PSME39,39,heatwave,drought,5
2025-10-27T07:00:00Z,PSME,PSME40,40,heatwave,drought,37.5
2025-10-27T07:00:00Z,PSME,PSME41,41,heatwave,drought,17.5
2025-10-27T07:00:00Z,PSME,PSME42,42,heatwave,drought,5
2025-10-27T07:00:00Z,PSME,PSME43,43,heatwave,drought,17.5
2025-10-27T07:00:00Z,PSME,PSME44,44,heatwave,drought,17.5
2025-10-27T07:00:00Z,PSME,PSME45,45,heatwave,water,5
2025-10-27T07:00:00Z,PSME,PSME46,46,heatwave,drought,5
2025-10-27T07:00:00Z,PSME,PSME47,47,heatwave,drought,62.5
2025-10-27T07:00:00Z,PSME,PSME48,48,heatwave,water,5
2025-10-27T07:00:00Z,PSME,PSME49,49,heatwave,drought,17.5
2025-10-27T07:00:00Z,PSME,PSME50,50,heatwave,drought,62.5
2025-10-27T07:00:00Z,PSME,PSME51,51,heatwave,drought,5
2025-10-27T07:00:00Z,PSME,PSME52,52,heatwave,drought,5
2025-10-27T07:00:00Z,PSME,PSME53,53,heatwave,drought,5
2025-10-27T07:00:00Z,PSME,PSME54,54,heatwave,drought,17.5
2025-10-27T07:00:00Z,PSME,PSME55,55,heatwave,drought,17.5
2025-10-27T07:00:00Z,PSME,PSME56,56,heatwave,drought,5
2025-10-27T07:00:00Z,PSME,PSME57,57,heatwave,water,5
2025-10-27T07:00:00Z,PSME,PSME58,58,heatwave,drought,62.5
2025-10-27T07:00:00Z,PSME,PSME59,59,heatwave,drought,17.5
2025-10-27T07:00:00Z,PSME,PSME60,60,heatwave,drought,5
2025-11-03T07:00:00Z,PSME,PSME1,1,ambient,drought,5
2025-11-03T07:00:00Z,PSME,PSME2,2,ambient,drought,5
2025-11-03T07:00:00Z,PSME,PSME3,3,ambient,water,5
2025-11-03T07:00:00Z,PSME,PSME4,4,ambient,drought,5
2025-11-03T07:00:00Z,PSME,PSME5,5,ambient,drought,5
2025-11-03T07:00:00Z,PSME,PSME6,6,ambient,drought,17.5
2025-11-03T07:00:00Z,PSME,PSME7,7,ambient,drought,37.5
2025-11-03T07:00:00Z,PSME,PSME8,8,ambient,drought,37.5
2025-11-03T07:00:00Z,PSME,PSME9,9,ambient,drought,37.5
2025-11-03T07:00:00Z,PSME,PSME10,10,ambient,drought,95
2025-11-03T07:00:00Z,PSME,PSME11,11,ambient,drought,5
2025-11-03T07:00:00Z,PSME,PSME12,12,ambient,water,5
2025-11-03T07:00:00Z,PSME,PSME13,13,ambient,drought,17.5
2025-11-03T07:00:00Z,PSME,PSME14,14,ambient,drought,17.5
2025-11-03T07:00:00Z,PSME,PSME15,15,ambient,drought,37.5
2025-11-03T07:00:00Z,PSME,PSME16,16,ambient,drought,17.5
2025-11-03T07:00:00Z,PSME,PSME17,17,ambient,water,5
2025-11-03T07:00:00Z,PSME,PSME18,18,ambient,drought,17.5
2025-11-03T07:00:00Z,PSME,PSME19,19,ambient,drought,5
2025-11-03T07:00:00Z,PSME,PSME20,20,ambient,drought,37.5
2025-11-03T07:00:00Z,PSME,PSME21,21,ambient,drought,17.5
2025-11-03T07:00:00Z,PSME,PSME22,22,ambient,water,NA
2025-11-03T07:00:00Z,PSME,PSME23,23,ambient,drought,5
2025-11-03T07:00:00Z,PSME,PSME24,24,ambient,drought,5
2025-11-03T07:00:00Z,PSME,PSME25,25,ambient,drought,5
2025-11-03T07:00:00Z,PSME,PSME26,26,ambient,drought,95
2025-11-03T07:00:00Z,PSME,PSME27,27,ambient,water,5
2025-11-03T07:00:00Z,PSME,PSME28,28,ambient,drought,62.5
2025-11-03T07:00:00Z,PSME,PSME29,29,ambient,drought,17.5
2025-11-03T07:00:00Z,PSME,PSME30,30,ambient,drought,17.5
2025-11-03T07:00:00Z,PSME,PSME31,31,heatwave,water,5
2025-11-03T07:00:00Z,PSME,PSME32,32,heatwave,drought,17.5
2025-11-03T07:00:00Z,PSME,PSME33,33,heatwave,drought,5
2025-11-03T07:00:00Z,PSME,PSME34,34,heatwave,drought,5
2025-11-03T07:00:00Z,PSME,PSME35,35,heatwave,drought,5
2025-11-03T07:00:00Z,PSME,PSME36,36,heatwave,drought,37.5
2025-11-03T07:00:00Z,PSME,PSME37,37,heatwave,water,5
2025-11-03T07:00:00Z,PSME,PSME38,38,heatwave,drought,62.5
2025-11-03T07:00:00Z,PSME,PSME39,39,heatwave,drought,37.5
2025-11-03T07:00:00Z,PSME,PSME40,40,heatwave,drought,37.5
2025-11-03T07:00:00Z,PSME,PSME41,41,heatwave,drought,62.5
2025-11-03T07:00:00Z,PSME,PSME42,42,heatwave,drought,17.5
2025-11-03T07:00:00Z,PSME,PSME43,43,heatwave,drought,17.5
2025-11-03T07:00:00Z,PSME,PSME44,44,heatwave,drought,37.5
2025-11-03T07:00:00Z,PSME,PSME45,45,heatwave,water,5
2025-11-03T07:00:00Z,PSME,PSME46,46,heatwave,drought,5
2025-11-03T07:00:00Z,PSME,PSME47,47,heatwave,drought,62.5
2025-11-03T07:00:00Z,PSME,PSME48,48,heatwave,water,5
2025-11-03T07:00:00Z,PSME,PSME49,49,heatwave,drought,17.5
2025-11-03T07:00:00Z,PSME,PSME50,50,heatwave,drought,82.5
2025-11-03T07:00:00Z,PSME,PSME51,51,heatwave,drought,5
2025-11-03T07:00:00Z,PSME,PSME52,52,heatwave,drought,5
2025-11-03T07:00:00Z,PSME,PSME53,53,heatwave,drought,37.5
2025-11-03T07:00:00Z,PSME,PSME54,54,heatwave,drought,17.5
2025-11-03T07:00:00Z,PSME,PSME55,55,heatwave,drought,62.5
2025-11-03T07:00:00Z,PSME,PSME56,56,heatwave,drought,17.5
2025-11-03T07:00:00Z,PSME,PSME57,57,heatwave,water,5
2025-11-03T07:00:00Z,PSME,PSME58,58,heatwave,drought,62.5
2025-11-03T07:00:00Z,PSME,PSME59,59,heatwave,drought,62.5
2025-11-03T07:00:00Z,PSME,PSME60,60,heatwave,drought,17.5
