TreeID,date,spp,id,diam_mm,temp,water,brown,weight,day,week
PIEN1,2025-07-24T07:00:00Z,PIEN,1,4.5,ambient,water,5,530,3,1
PIEN2,2025-07-24T07:00:00Z,PIEN,2,5.3,ambient,drought,5,470.6,3,1
PIEN3,2025-07-24T07:00:00Z,PIEN,3,5.6,ambient,drought,5,515.5,3,1
PIEN4,2025-07-24T07:00:00Z,PIEN,4,5.2,ambient,drought,5,508.2,3,1
PIEN5,2025-07-24T07:00:00Z,PIEN,5,6.1,ambient,drought,5,497.3,3,1
PIEN6,2025-07-24T07:00:00Z,PIEN,6,4.4,ambient,drought,5,528.8,3,1
PIEN7,2025-07-24T07:00:00Z,PIEN,7,5.7,ambient,drought,5,491.6,3,1
PIEN8,2025-07-24T07:00:00Z,PIEN,8,5.2,ambient,drought,5,522.1,3,1
PIEN9,2025-07-24T07:00:00Z,PIEN,9,5.1,ambient,water,5,542.4,3,1
PIEN10,2025-07-24T07:00:00Z,PIEN,10,4.6,ambient,drought,5,490.8,3,1
PIEN11,2025-07-24T07:00:00Z,PIEN,11,5,ambient,drought,5,488.7,3,1
PIEN12,2025-07-24T07:00:00Z,PIEN,12,6.1,ambient,drought,5,528.3,3,1
PIEN13,2025-07-24T07:00:00Z,PIEN,13,4.6,ambient,drought,5,500.7,3,1
PIEN14,2025-07-24T07:00:00Z,PIEN,14,4.4,ambient,drought,5,491.1,3,1
PIEN15,2025-07-24T07:00:00Z,PIEN,15,5.4,ambient,drought,5,511.8,3,1
PIEN16,2025-07-24T07:00:00Z,PIEN,16,5.1,ambient,drought,5,510.9,3,1
PIEN17,2025-07-24T07:00:00Z,PIEN,17,5.1,ambient,drought,5,520.4,3,1
PIEN18,2025-07-24T07:00:00Z,PIEN,18,5.1,ambient,water,5,535.6,3,1
PIEN19,2025-07-24T07:00:00Z,PIEN,19,3.8,ambient,drought,5,530.1,3,1
PIEN20,2025-07-24T07:00:00Z,PIEN,20,5.6,ambient,drought,5,488.6,3,1
PIEN21,2025-07-24T07:00:00Z,PIEN,21,6,ambient,drought,5,517.7,3,1
PIEN22,2025-07-24T07:00:00Z,PIEN,22,6.2,ambient,drought,5,488.9,3,1
PIEN23,2025-07-24T07:00:00Z,PIEN,23,4.6,ambient,drought,5,535.1,3,1
PIEN24,2025-07-24T07:00:00Z,PIEN,24,5.7,ambient,water,5,531,3,1
PIEN25,2025-07-24T07:00:00Z,PIEN,25,5.3,ambient,drought,5,504,3,1
PIEN26,2025-07-24T07:00:00Z,PIEN,26,5.5,ambient,drought,5,506.5,3,1
PIEN27,2025-07-24T07:00:00Z,PIEN,27,5.4,ambient,water,5,519.4,3,1
PIEN28,2025-07-24T07:00:00Z,PIEN,28,5.1,ambient,drought,5,489.7,3,1
PIEN29,2025-07-24T07:00:00Z,PIEN,29,3.6,ambient,drought,5,538.4,3,1
PIEN30,2025-07-24T07:00:00Z,PIEN,30,5.7,ambient,drought,5,511.9,3,1
PIEN31,2025-07-24T07:00:00Z,PIEN,31,4.8,heatwave,water,5,510.5,3,1
PIEN32,2025-07-24T07:00:00Z,PIEN,32,2.8,heatwave,drought,5,515.6,3,1
PIEN33,2025-07-24T07:00:00Z,PIEN,33,4.9,heatwave,drought,5,491,3,1
PIEN34,2025-07-24T07:00:00Z,PIEN,34,5.1,heatwave,water,5,486.5,3,1
PIEN35,2025-07-24T07:00:00Z,PIEN,35,5.5,heatwave,drought,5,495.7,3,1
PIEN36,2025-07-24T07:00:00Z,PIEN,36,4.5,heatwave,drought,5,451.3,3,1
PIEN37,2025-07-24T07:00:00Z,PIEN,37,4,heatwave,drought,5,507.4,3,1
PIEN38,2025-07-24T07:00:00Z,PIEN,38,4.9,heatwave,water,5,463.3,3,1
PIEN39,2025-07-24T07:00:00Z,PIEN,39,5.2,heatwave,drought,5,518.5,3,1
PIEN40,2025-07-24T07:00:00Z,PIEN,40,6.3,heatwave,drought,5,462.8,3,1
PIEN41,2025-07-24T07:00:00Z,PIEN,41,5,heatwave,drought,5,412.9,3,1
PIEN42,2025-07-24T07:00:00Z,PIEN,42,5.8,heatwave,water,5,432.3,3,1
PIEN43,2025-07-24T07:00:00Z,PIEN,43,5.5,heatwave,drought,5,469.2,3,1
PIEN44,2025-07-24T07:00:00Z,PIEN,44,5.5,heatwave,drought,5,410.5,3,1
PIEN45,2025-07-24T07:00:00Z,PIEN,45,5.7,heatwave,drought,5,413.8,3,1
PIEN46,2025-07-24T07:00:00Z,PIEN,46,4.4,heatwave,water,5,470.9,3,1
PIEN47,2025-07-24T07:00:00Z,PIEN,47,5,heatwave,drought,5,488.7,3,1
PIEN48,2025-07-24T07:00:00Z,PIEN,48,4.7,heatwave,drought,5,484.9,3,1
PIEN49,2025-07-24T07:00:00Z,PIEN,49,5.3,heatwave,drought,5,456.6,3,1
PIEN50,2025-07-24T07:00:00Z,PIEN,50,4.1,heatwave,drought,5,474.8,3,1
PIEN51,2025-07-24T07:00:00Z,PIEN,51,6,heatwave,drought,5,463.3,3,1
PIEN52,2025-07-24T07:00:00Z,PIEN,52,5.4,heatwave,drought,5,492.3,3,1
PIEN53,2025-07-24T07:00:00Z,PIEN,53,6.4,heatwave,drought,5,416.2,3,1
PIEN54,2025-07-24T07:00:00Z,PIEN,54,6.3,heatwave,drought,5,429.9,3,1
PIEN55,2025-07-24T07:00:00Z,PIEN,55,6.3,heatwave,drought,5,421.3,3,1
PIEN56,2025-07-24T07:00:00Z,PIEN,56,3.7,heatwave,drought,5,469,3,1
PIEN57,2025-07-24T07:00:00Z,PIEN,57,6.9,heatwave,drought,5,458.9,3,1
PIEN58,2025-07-24T07:00:00Z,PIEN,58,5.1,heatwave,drought,5,475.8,3,1
PIEN59,2025-07-24T07:00:00Z,PIEN,59,5.4,heatwave,drought,5,464.1,3,1
PIEN60,2025-07-24T07:00:00Z,PIEN,60,5.5,heatwave,drought,5,461.6,3,1
PIEN1,2025-07-31T07:00:00Z,PIEN,1,4.8,ambient,water,5,521.6,10,2
PIEN2,2025-07-31T07:00:00Z,PIEN,2,6.2,ambient,drought,5,386.5,10,2
PIEN3,2025-07-31T07:00:00Z,PIEN,3,5.5,ambient,drought,5,465.3,10,2
PIEN4,2025-07-31T07:00:00Z,PIEN,4,4.8,ambient,drought,5,463.6,10,2
PIEN5,2025-07-31T07:00:00Z,PIEN,5,5.2,ambient,drought,5,429.7,10,2
PIEN6,2025-07-31T07:00:00Z,PIEN,6,5.2,ambient,drought,5,496.2,10,2
PIEN7,2025-07-31T07:00:00Z,PIEN,7,5.2,ambient,drought,5,437,10,2
PIEN8,2025-07-31T07:00:00Z,PIEN,8,4.9,ambient,drought,5,489.4,10,2
PIEN9,2025-07-31T07:00:00Z,PIEN,9,4.6,ambient,water,5,538.5,10,2
PIEN10,2025-07-31T07:00:00Z,PIEN,10,5.1,ambient,drought,5,423,10,2
PIEN11,2025-07-31T07:00:00Z,PIEN,11,5.6,ambient,drought,5,403.6,10,2
PIEN12,2025-07-31T07:00:00Z,PIEN,12,4.9,ambient,drought,5,489.5,10,2
PIEN13,2025-07-31T07:00:00Z,PIEN,13,5.4,ambient,drought,5,431.1,10,2
PIEN14,2025-07-31T07:00:00Z,PIEN,14,6,ambient,drought,5,456.5,10,2
PIEN15,2025-07-31T07:00:00Z,PIEN,15,5.2,ambient,drought,5,467.8,10,2
PIEN16,2025-07-31T07:00:00Z,PIEN,16,5.9,ambient,drought,5,474,10,2
PIEN17,2025-07-31T07:00:00Z,PIEN,17,5.8,ambient,drought,5,479.1,10,2
PIEN18,2025-07-31T07:00:00Z,PIEN,18,5.2,ambient,water,5,509.7,10,2
PIEN19,2025-07-31T07:00:00Z,PIEN,19,4,ambient,drought,5,506.4,10,2
PIEN20,2025-07-31T07:00:00Z,PIEN,20,5.6,ambient,drought,5,433.8,10,2
PIEN21,2025-07-31T07:00:00Z,PIEN,21,5.7,ambient,drought,5,473.4,10,2
PIEN22,2025-07-31T07:00:00Z,PIEN,22,5.2,ambient,drought,5,419.1,10,2
PIEN23,2025-07-31T07:00:00Z,PIEN,23,4.4,ambient,drought,5,491.6,10,2
PIEN24,2025-07-31T07:00:00Z,PIEN,24,5.6,ambient,water,5,511.3,10,2
PIEN25,2025-07-31T07:00:00Z,PIEN,25,4.8,ambient,drought,5,439.9,10,2
PIEN26,2025-07-31T07:00:00Z,PIEN,26,6.6,ambient,drought,5,463.6,10,2
PIEN27,2025-07-31T07:00:00Z,PIEN,27,5.6,ambient,water,5,503.9,10,2
PIEN28,2025-07-31T07:00:00Z,PIEN,28,5.3,ambient,drought,5,407.8,10,2
PIEN29,2025-07-31T07:00:00Z,PIEN,29,3.4,ambient,drought,5,519.3,10,2
PIEN30,2025-07-31T07:00:00Z,PIEN,30,5.2,ambient,drought,5,441.7,10,2
PIEN31,2025-07-31T07:00:00Z,PIEN,31,4.6,heatwave,water,5,521,10,2
PIEN32,2025-07-31T07:00:00Z,PIEN,32,3,heatwave,drought,5,491.4,10,2
PIEN33,2025-07-31T07:00:00Z,PIEN,33,4.4,heatwave,drought,5,453.5,10,2
PIEN34,2025-07-31T07:00:00Z,PIEN,34,5.3,heatwave,water,5,452.2,10,2
PIEN35,2025-07-31T07:00:00Z,PIEN,35,5.2,heatwave,drought,5,447.1,10,2
PIEN36,2025-07-31T07:00:00Z,PIEN,36,4,heatwave,drought,5,405.1,10,2
PIEN37,2025-07-31T07:00:00Z,PIEN,37,3.4,heatwave,drought,5,478.3,10,2
PIEN38,2025-07-31T07:00:00Z,PIEN,38,6.2,heatwave,water,5,422.2,10,2
PIEN39,2025-07-31T07:00:00Z,PIEN,39,5,heatwave,drought,5,486.5,10,2
PIEN40,2025-07-31T07:00:00Z,PIEN,40,6.3,heatwave,drought,5,396.7,10,2
PIEN41,2025-07-31T07:00:00Z,PIEN,41,4.6,heatwave,drought,5,363.1,10,2
PIEN42,2025-07-31T07:00:00Z,PIEN,42,5.8,heatwave,water,5,440.7,10,2
PIEN43,2025-07-31T07:00:00Z,PIEN,43,3.9,heatwave,drought,5,429.3,10,2
PIEN44,2025-07-31T07:00:00Z,PIEN,44,5,heatwave,drought,5,347.1,10,2
PIEN45,2025-07-31T07:00:00Z,PIEN,45,5.1,heatwave,drought,5,359.4,10,2
PIEN46,2025-07-31T07:00:00Z,PIEN,46,3.4,heatwave,water,5,483.7,10,2
PIEN47,2025-07-31T07:00:00Z,PIEN,47,4.9,heatwave,drought,5,463.3,10,2
PIEN48,2025-07-31T07:00:00Z,PIEN,48,4.8,heatwave,drought,5,448.5,10,2
PIEN49,2025-07-31T07:00:00Z,PIEN,49,5.2,heatwave,drought,5,399.6,10,2
PIEN50,2025-07-31T07:00:00Z,PIEN,50,3.4,heatwave,drought,5,445.8,10,2
PIEN51,2025-07-31T07:00:00Z,PIEN,51,5.7,heatwave,drought,5,428.7,10,2
PIEN52,2025-07-31T07:00:00Z,PIEN,52,5.1,heatwave,drought,5,475.6,10,2
PIEN53,2025-07-31T07:00:00Z,PIEN,53,6.1,heatwave,drought,5,346.4,10,2
PIEN54,2025-07-31T07:00:00Z,PIEN,54,5.3,heatwave,drought,5,387.9,10,2
PIEN55,2025-07-31T07:00:00Z,PIEN,55,5.1,heatwave,drought,5,372.1,10,2
PIEN56,2025-07-31T07:00:00Z,PIEN,56,3.4,heatwave,drought,5,446.2,10,2
PIEN57,2025-07-31T07:00:00Z,PIEN,57,5.2,heatwave,drought,5,416.5,10,2
PIEN58,2025-07-31T07:00:00Z,PIEN,58,3.9,heatwave,drought,5,447.8,10,2
PIEN59,2025-07-31T07:00:00Z,PIEN,59,6,heatwave,drought,5,426.8,10,2
PIEN60,2025-07-31T07:00:00Z,PIEN,60,3.8,heatwave,drought,5,430.1,10,2
PIEN1,2025-08-07T07:00:00Z,PIEN,1,4.1,ambient,water,5,536.2,17,3
PIEN2,2025-08-07T07:00:00Z,PIEN,2,6.4,ambient,drought,5,319.3,17,3
PIEN3,2025-08-07T07:00:00Z,PIEN,3,6.2,ambient,drought,5,414.4,17,3
PIEN4,2025-08-07T07:00:00Z,PIEN,4,4.5,ambient,drought,5,421.3,17,3
PIEN5,2025-08-07T07:00:00Z,PIEN,5,5.6,ambient,drought,5,370.6,17,3
PIEN6,2025-08-07T07:00:00Z,PIEN,6,4.5,ambient,drought,5,464.4,17,3
PIEN7,2025-08-07T07:00:00Z,PIEN,7,5.4,ambient,drought,5,389.2,17,3
PIEN8,2025-08-07T07:00:00Z,PIEN,8,4.6,ambient,drought,5,462.2,17,3
PIEN9,2025-08-07T07:00:00Z,PIEN,9,4.7,ambient,water,5,561.7,17,3
PIEN10,2025-08-07T07:00:00Z,PIEN,10,5.1,ambient,drought,5,363.8,17,3
PIEN11,2025-08-07T07:00:00Z,PIEN,11,5.4,ambient,drought,5,343.9,17,3
PIEN12,2025-08-07T07:00:00Z,PIEN,12,5.3,ambient,drought,5,456.8,17,3
PIEN13,2025-08-07T07:00:00Z,PIEN,13,5.4,ambient,drought,5,373.6,17,3
PIEN14,2025-08-07T07:00:00Z,PIEN,14,5.8,ambient,drought,5,424,17,3
PIEN15,2025-08-07T07:00:00Z,PIEN,15,5,ambient,drought,5,433.8,17,3
PIEN16,2025-08-07T07:00:00Z,PIEN,16,4.7,ambient,drought,5,444.5,17,3
PIEN17,2025-08-07T07:00:00Z,PIEN,17,5.2,ambient,drought,5,448.7,17,3
PIEN18,2025-08-07T07:00:00Z,PIEN,18,5,ambient,water,5,535.9,17,3
PIEN19,2025-08-07T07:00:00Z,PIEN,19,3.9,ambient,drought,5,494.7,17,3
PIEN20,2025-08-07T07:00:00Z,PIEN,20,5.6,ambient,drought,5,398.4,17,3
PIEN21,2025-08-07T07:00:00Z,PIEN,21,5.6,ambient,drought,5,429.5,17,3
PIEN22,2025-08-07T07:00:00Z,PIEN,22,5.9,ambient,drought,5,354.8,17,3
PIEN23,2025-08-07T07:00:00Z,PIEN,23,4.7,ambient,drought,5,450,17,3
PIEN24,2025-08-07T07:00:00Z,PIEN,24,5.7,ambient,water,5,531.8,17,3
PIEN25,2025-08-07T07:00:00Z,PIEN,25,5.3,ambient,drought,5,391.6,17,3
PIEN26,2025-08-07T07:00:00Z,PIEN,26,5.9,ambient,drought,5,423.2,17,3
PIEN27,2025-08-07T07:00:00Z,PIEN,27,6,ambient,water,5,508.3,17,3
PIEN28,2025-08-07T07:00:00Z,PIEN,28,4.4,ambient,drought,5,328.7,17,3
PIEN29,2025-08-07T07:00:00Z,PIEN,29,3.4,ambient,drought,5,507.5,17,3
PIEN30,2025-08-07T07:00:00Z,PIEN,30,5.3,ambient,drought,5,387.8,17,3
PIEN31,2025-08-07T07:00:00Z,PIEN,31,4.7,heatwave,water,5,536.2,17,3
PIEN32,2025-08-07T07:00:00Z,PIEN,32,3,heatwave,drought,5,474.2,17,3
PIEN33,2025-08-07T07:00:00Z,PIEN,33,4.8,heatwave,drought,5,424.3,17,3
PIEN34,2025-08-07T07:00:00Z,PIEN,34,5.3,heatwave,water,5,503.5,17,3
PIEN35,2025-08-07T07:00:00Z,PIEN,35,4.7,heatwave,drought,5,398.7,17,3
PIEN36,2025-08-07T07:00:00Z,PIEN,36,4,heatwave,drought,5,364.1,17,3
PIEN37,2025-08-07T07:00:00Z,PIEN,37,3.8,heatwave,drought,5,455.7,17,3
PIEN38,2025-08-07T07:00:00Z,PIEN,38,4.5,heatwave,water,5,501.1,17,3
PIEN39,2025-08-07T07:00:00Z,PIEN,39,5.2,heatwave,drought,5,456,17,3
PIEN40,2025-08-07T07:00:00Z,PIEN,40,6,heatwave,drought,5,334.4,17,3
PIEN41,2025-08-07T07:00:00Z,PIEN,41,5.5,heatwave,drought,5,311.2,17,3
PIEN42,2025-08-07T07:00:00Z,PIEN,42,5.8,heatwave,water,5,483.4,17,3
PIEN43,2025-08-07T07:00:00Z,PIEN,43,5.1,heatwave,drought,5,387.1,17,3
PIEN44,2025-08-07T07:00:00Z,PIEN,44,4.5,heatwave,drought,5,284.7,17,3
PIEN45,2025-08-07T07:00:00Z,PIEN,45,5.6,heatwave,drought,5,309.5,17,3
PIEN46,2025-08-07T07:00:00Z,PIEN,46,3.2,heatwave,water,5,492.1,17,3
PIEN47,2025-08-07T07:00:00Z,PIEN,47,4.7,heatwave,drought,5,438.2,17,3
PIEN48,2025-08-07T07:00:00Z,PIEN,48,4.4,heatwave,drought,5,413.1,17,3
PIEN49,2025-08-07T07:00:00Z,PIEN,49,5.3,heatwave,drought,5,351.1,17,3
PIEN50,2025-08-07T07:00:00Z,PIEN,50,3.5,heatwave,drought,5,417.7,17,3
PIEN51,2025-08-07T07:00:00Z,PIEN,51,6.4,heatwave,drought,5,383.3,17,3
PIEN52,2025-08-07T07:00:00Z,PIEN,52,5,heatwave,drought,5,455.2,17,3
PIEN53,2025-08-07T07:00:00Z,PIEN,53,6.1,heatwave,drought,5,282.6,17,3
PIEN54,2025-08-07T07:00:00Z,PIEN,54,5.4,heatwave,drought,5,342.8,17,3
PIEN55,2025-08-07T07:00:00Z,PIEN,55,5.3,heatwave,drought,5,324.2,17,3
PIEN56,2025-08-07T07:00:00Z,PIEN,56,3.5,heatwave,drought,5,417.7,17,3
PIEN57,2025-08-07T07:00:00Z,PIEN,57,6.1,heatwave,drought,5,358.3,17,3
PIEN58,2025-08-07T07:00:00Z,PIEN,58,4.1,heatwave,drought,5,413.5,17,3
PIEN59,2025-08-07T07:00:00Z,PIEN,59,5.3,heatwave,drought,5,387.8,17,3
PIEN60,2025-08-07T07:00:00Z,PIEN,60,4,heatwave,drought,5,398.7,17,3
PIEN1,2025-08-14T07:00:00Z,PIEN,1,4.4,ambient,water,5,545,24,4
PIEN2,2025-08-14T07:00:00Z,PIEN,2,4.7,ambient,drought,5,287,24,4
PIEN3,2025-08-14T07:00:00Z,PIEN,3,5.4,ambient,drought,5,378.7,24,4
PIEN4,2025-08-14T07:00:00Z,PIEN,4,4.5,ambient,drought,5,388.1,24,4
PIEN5,2025-08-14T07:00:00Z,PIEN,5,4.7,ambient,drought,5,322.9,24,4
PIEN6,2025-08-14T07:00:00Z,PIEN,6,3.8,ambient,drought,5,436.2,24,4
PIEN7,2025-08-14T07:00:00Z,PIEN,7,5,ambient,drought,5,353.1,24,4
PIEN8,2025-08-14T07:00:00Z,PIEN,8,4.5,ambient,drought,5,442.6,24,4
PIEN9,2025-08-14T07:00:00Z,PIEN,9,3.6,ambient,water,5,572.7,24,4
PIEN10,2025-08-14T07:00:00Z,PIEN,10,5,ambient,drought,5,312.8,24,4
PIEN11,2025-08-14T07:00:00Z,PIEN,11,5.1,ambient,drought,5,302.5,24,4
PIEN12,2025-08-14T07:00:00Z,PIEN,12,4.9,ambient,drought,5,429.3,24,4
PIEN13,2025-08-14T07:00:00Z,PIEN,13,6.6,ambient,drought,5,322.5,24,4
PIEN14,2025-08-14T07:00:00Z,PIEN,14,5.9,ambient,drought,5,394,24,4
PIEN15,2025-08-14T07:00:00Z,PIEN,15,5.8,ambient,drought,5,399.5,24,4
PIEN16,2025-08-14T07:00:00Z,PIEN,16,5.7,ambient,drought,5,418,24,4
PIEN17,2025-08-14T07:00:00Z,PIEN,17,5.8,ambient,drought,5,419.7,24,4
PIEN18,2025-08-14T07:00:00Z,PIEN,18,5.5,ambient,water,5,561,24,4
PIEN19,2025-08-14T07:00:00Z,PIEN,19,4.4,ambient,drought,5,482.7,24,4
PIEN20,2025-08-14T07:00:00Z,PIEN,20,4.6,ambient,drought,5,355.6,24,4
PIEN21,2025-08-14T07:00:00Z,PIEN,21,5.2,ambient,drought,5,394.3,24,4
PIEN22,2025-08-14T07:00:00Z,PIEN,22,5,ambient,drought,5,311.4,24,4
PIEN23,2025-08-14T07:00:00Z,PIEN,23,4.3,ambient,drought,5,416.2,24,4
PIEN24,2025-08-14T07:00:00Z,PIEN,24,4.2,ambient,water,5,562.2,24,4
PIEN25,2025-08-14T07:00:00Z,PIEN,25,5,ambient,drought,5,345.3,24,4
PIEN26,2025-08-14T07:00:00Z,PIEN,26,5.7,ambient,drought,5,386.7,24,4
PIEN27,2025-08-14T07:00:00Z,PIEN,27,5.6,ambient,water,5,525.1,24,4
PIEN28,2025-08-14T07:00:00Z,PIEN,28,4.9,ambient,drought,5,268,24,4
PIEN29,2025-08-14T07:00:00Z,PIEN,29,3,ambient,drought,5,497.3,24,4
PIEN30,2025-08-14T07:00:00Z,PIEN,30,6.2,ambient,drought,5,335.3,24,4
PIEN31,2025-08-14T07:00:00Z,PIEN,31,4.5,heatwave,water,5,441.5,24,4
PIEN32,2025-08-14T07:00:00Z,PIEN,32,3.1,heatwave,drought,5,385.5,24,4
PIEN33,2025-08-14T07:00:00Z,PIEN,33,4.3,heatwave,drought,5,322.3,24,4
PIEN34,2025-08-14T07:00:00Z,PIEN,34,5.5,heatwave,water,5,391.4,24,4
PIEN35,2025-08-14T07:00:00Z,PIEN,35,5.1,heatwave,drought,5,297.7,24,4
PIEN36,2025-08-14T07:00:00Z,PIEN,36,4.7,heatwave,drought,5,259.9,24,4
PIEN37,2025-08-14T07:00:00Z,PIEN,37,3.7,heatwave,drought,5,355.3,24,4
PIEN38,2025-08-14T07:00:00Z,PIEN,38,4.4,heatwave,water,5,371.3,24,4
PIEN39,2025-08-14T07:00:00Z,PIEN,39,4.5,heatwave,drought,5,365.3,24,4
PIEN40,2025-08-14T07:00:00Z,PIEN,40,5.3,heatwave,drought,5,253.7,24,4
PIEN41,2025-08-14T07:00:00Z,PIEN,41,4.9,heatwave,drought,5,251.6,24,4
PIEN42,2025-08-14T07:00:00Z,PIEN,42,4.7,heatwave,water,5,333.1,24,4
PIEN43,2025-08-14T07:00:00Z,PIEN,43,4.8,heatwave,drought,5,272.4,24,4
PIEN44,2025-08-14T07:00:00Z,PIEN,44,4.9,heatwave,drought,5,231.1,24,4
PIEN45,2025-08-14T07:00:00Z,PIEN,45,5.3,heatwave,drought,5,248,24,4
PIEN46,2025-08-14T07:00:00Z,PIEN,46,3,heatwave,water,5,404,24,4
PIEN47,2025-08-14T07:00:00Z,PIEN,47,3.8,heatwave,drought,5,323.3,24,4
PIEN48,2025-08-14T07:00:00Z,PIEN,48,4.9,heatwave,drought,5,281.8,24,4
PIEN49,2025-08-14T07:00:00Z,PIEN,49,4.9,heatwave,drought,5,261.6,24,4
PIEN50,2025-08-14T07:00:00Z,PIEN,50,4.2,heatwave,drought,5,313.2,24,4
PIEN51,2025-08-14T07:00:00Z,PIEN,51,5.2,heatwave,drought,5,272.8,24,4
PIEN52,2025-08-14T07:00:00Z,PIEN,52,5.5,heatwave,drought,5,355.3,24,4
PIEN53,2025-08-14T07:00:00Z,PIEN,53,5.7,heatwave,drought,5,238.1,24,4
PIEN54,2025-08-14T07:00:00Z,PIEN,54,5.6,heatwave,drought,5,255,24,4
PIEN55,2025-08-14T07:00:00Z,PIEN,55,4.9,heatwave,drought,5,242.1,24,4
PIEN56,2025-08-14T07:00:00Z,PIEN,56,3.6,heatwave,drought,5,311.7,24,4
PIEN57,2025-08-14T07:00:00Z,PIEN,57,5.7,heatwave,drought,5,271.1,24,4
PIEN58,2025-08-14T07:00:00Z,PIEN,58,4.1,heatwave,drought,5,302.8,24,4
PIEN59,2025-08-14T07:00:00Z,PIEN,59,5.6,heatwave,drought,5,277,24,4
PIEN60,2025-08-14T07:00:00Z,PIEN,60,3.8,heatwave,drought,5,292.5,24,4
PIEN1,2025-08-19T07:00:00Z,PIEN,1,4.5,ambient,water,5,562.2,29,5
PIEN2,2025-08-19T07:00:00Z,PIEN,2,4.5,ambient,drought,5,274.5,29,5
PIEN3,2025-08-19T07:00:00Z,PIEN,3,5.1,ambient,drought,5,354.8,29,5
PIEN4,2025-08-19T07:00:00Z,PIEN,4,4.5,ambient,drought,5,367.3,29,5
PIEN5,2025-08-19T07:00:00Z,PIEN,5,5,ambient,drought,5,298.6,29,5
PIEN6,2025-08-19T07:00:00Z,PIEN,6,4.1,ambient,drought,5,419.2,29,5
PIEN7,2025-08-19T07:00:00Z,PIEN,7,5.3,ambient,drought,5,330.5,29,5
PIEN8,2025-08-19T07:00:00Z,PIEN,8,5.1,ambient,drought,5,431.8,29,5
PIEN9,2025-08-19T07:00:00Z,PIEN,9,3.4,ambient,water,5,575.1,29,5
PIEN10,2025-08-19T07:00:00Z,PIEN,10,5.1,ambient,drought,5,285.9,29,5
PIEN11,2025-08-19T07:00:00Z,PIEN,11,5.2,ambient,drought,5,276.5,29,5
PIEN12,2025-08-19T07:00:00Z,PIEN,12,6,ambient,drought,5,413.5,29,5
PIEN13,2025-08-19T07:00:00Z,PIEN,13,5.7,ambient,drought,5,291.3,29,5
PIEN14,2025-08-19T07:00:00Z,PIEN,14,4.7,ambient,drought,5,372.6,29,5
PIEN15,2025-08-19T07:00:00Z,PIEN,15,5.4,ambient,drought,5,375.6,29,5
PIEN16,2025-08-19T07:00:00Z,PIEN,16,4.3,ambient,drought,5,404.1,29,5
PIEN17,2025-08-19T07:00:00Z,PIEN,17,5.9,ambient,drought,5,402.4,29,5
PIEN18,2025-08-19T07:00:00Z,PIEN,18,5.5,ambient,water,5,571,29,5
PIEN19,2025-08-19T07:00:00Z,PIEN,19,4,ambient,drought,5,474.6,29,5
PIEN20,2025-08-19T07:00:00Z,PIEN,20,4.6,ambient,drought,5,326.1,29,5
PIEN21,2025-08-19T07:00:00Z,PIEN,21,5.3,ambient,drought,5,369.2,29,5
PIEN22,2025-08-19T07:00:00Z,PIEN,22,5.4,ambient,drought,5,281.3,29,5
PIEN23,2025-08-19T07:00:00Z,PIEN,23,4.3,ambient,drought,5,392,29,5
PIEN24,2025-08-19T07:00:00Z,PIEN,24,4.5,ambient,water,5,571.2,29,5
PIEN25,2025-08-19T07:00:00Z,PIEN,25,4.6,ambient,drought,5,315.6,29,5
PIEN26,2025-08-19T07:00:00Z,PIEN,26,5.8,ambient,drought,5,364.5,29,5
PIEN27,2025-08-19T07:00:00Z,PIEN,27,4.9,ambient,water,5,543.7,29,5
PIEN28,2025-08-19T07:00:00Z,PIEN,28,4.2,ambient,drought,5,241.3,29,5
PIEN29,2025-08-19T07:00:00Z,PIEN,29,2.8,ambient,drought,5,485.7,29,5
PIEN30,2025-08-19T07:00:00Z,PIEN,30,5,ambient,drought,5,303.2,29,5
PIEN31,2025-08-19T07:00:00Z,PIEN,31,5.4,heatwave,water,5,516.6,29,5
PIEN32,2025-08-19T07:00:00Z,PIEN,32,3.2,heatwave,drought,5,359.9,29,5
PIEN33,2025-08-19T07:00:00Z,PIEN,33,4,heatwave,drought,5,294,29,5
PIEN34,2025-08-19T07:00:00Z,PIEN,34,5.9,heatwave,water,5,444.2,29,5
PIEN35,2025-08-19T07:00:00Z,PIEN,35,4.6,heatwave,drought,5,274.8,29,5
PIEN36,2025-08-19T07:00:00Z,PIEN,36,4.8,heatwave,drought,5,239.9,29,5
PIEN37,2025-08-19T07:00:00Z,PIEN,37,5.5,heatwave,drought,5,324.2,29,5
PIEN38,2025-08-19T07:00:00Z,PIEN,38,5.2,heatwave,water,5,395,29,5
PIEN39,2025-08-19T07:00:00Z,PIEN,39,4.7,heatwave,drought,5,334.8,29,5
PIEN40,2025-08-19T07:00:00Z,PIEN,40,6.2,heatwave,drought,5,240.6,29,5
PIEN41,2025-08-19T07:00:00Z,PIEN,41,5,heatwave,drought,5,238.4,29,5
PIEN42,2025-08-19T07:00:00Z,PIEN,42,4.7,heatwave,water,5,407.2,29,5
PIEN43,2025-08-19T07:00:00Z,PIEN,43,4,heatwave,drought,5,248.1,29,5
PIEN44,2025-08-19T07:00:00Z,PIEN,44,3.8,heatwave,drought,5,224.5,29,5
PIEN45,2025-08-19T07:00:00Z,PIEN,45,5.1,heatwave,drought,5,238.4,29,5
PIEN46,2025-08-19T07:00:00Z,PIEN,46,3.1,heatwave,water,5,490,29,5
PIEN47,2025-08-19T07:00:00Z,PIEN,47,5.1,heatwave,drought,5,290.5,29,5
PIEN48,2025-08-19T07:00:00Z,PIEN,48,4.4,heatwave,drought,5,256.6,29,5
PIEN49,2025-08-19T07:00:00Z,PIEN,49,5.1,heatwave,drought,5,247.9,29,5
PIEN50,2025-08-19T07:00:00Z,PIEN,50,4.5,heatwave,drought,5,290.5,29,5
PIEN51,2025-08-19T07:00:00Z,PIEN,51,5.2,heatwave,drought,5,253.4,29,5
PIEN52,2025-08-19T07:00:00Z,PIEN,52,4.8,heatwave,drought,5,331.4,29,5
PIEN53,2025-08-19T07:00:00Z,PIEN,53,6.4,heatwave,drought,5,231.8,29,5
PIEN54,2025-08-19T07:00:00Z,PIEN,54,5.6,heatwave,drought,5,238.3,29,5
PIEN55,2025-08-19T07:00:00Z,PIEN,55,5.5,heatwave,drought,5,230.2,29,5
PIEN56,2025-08-19T07:00:00Z,PIEN,56,3.8,heatwave,drought,5,291.9,29,5
PIEN57,2025-08-19T07:00:00Z,PIEN,57,5.5,heatwave,drought,5,253.2,29,5
PIEN58,2025-08-19T07:00:00Z,PIEN,58,3.9,heatwave,drought,5,281.6,29,5
PIEN59,2025-08-19T07:00:00Z,PIEN,59,5.8,heatwave,drought,5,256.8,29,5
PIEN60,2025-08-19T07:00:00Z,PIEN,60,3.7,heatwave,drought,5,270.7,29,5
PIEN1,2025-08-29T07:00:00Z,PIEN,1,NA,ambient,water,5,557.4,39,6
PIEN2,2025-08-29T07:00:00Z,PIEN,2,NA,ambient,drought,5,258.9,39,6
PIEN3,2025-08-29T07:00:00Z,PIEN,3,NA,ambient,drought,5,303.1,39,6
PIEN4,2025-08-29T07:00:00Z,PIEN,4,NA,ambient,drought,5,321.5,39,6
PIEN5,2025-08-29T07:00:00Z,PIEN,5,NA,ambient,drought,5,262.8,39,6
PIEN6,2025-08-29T07:00:00Z,PIEN,6,NA,ambient,drought,5,380.7,39,6
PIEN7,2025-08-29T07:00:00Z,PIEN,7,NA,ambient,drought,5,284.6,39,6
PIEN8,2025-08-29T07:00:00Z,PIEN,8,NA,ambient,drought,5,405.4,39,6
PIEN9,2025-08-29T07:00:00Z,PIEN,9,NA,ambient,water,5,577.1,39,6
PIEN10,2025-08-29T07:00:00Z,PIEN,10,NA,ambient,drought,5,256.5,39,6
PIEN11,2025-08-29T07:00:00Z,PIEN,11,NA,ambient,drought,5,245.7,39,6
PIEN12,2025-08-29T07:00:00Z,PIEN,12,NA,ambient,drought,5,377.2,39,6
PIEN13,2025-08-29T07:00:00Z,PIEN,13,NA,ambient,drought,5,251.7,39,6
PIEN14,2025-08-29T07:00:00Z,PIEN,14,NA,ambient,drought,5,329.9,39,6
PIEN15,2025-08-29T07:00:00Z,PIEN,15,NA,ambient,drought,5,331.5,39,6
PIEN16,2025-08-29T07:00:00Z,PIEN,16,NA,ambient,drought,5,368.6,39,6
PIEN17,2025-08-29T07:00:00Z,PIEN,17,NA,ambient,drought,5,368.5,39,6
PIEN18,2025-08-29T07:00:00Z,PIEN,18,NA,ambient,water,5,563.3,39,6
PIEN19,2025-08-29T07:00:00Z,PIEN,19,NA,ambient,drought,5,465.6,39,6
PIEN20,2025-08-29T07:00:00Z,PIEN,20,NA,ambient,drought,5,278.3,39,6
PIEN21,2025-08-29T07:00:00Z,PIEN,21,NA,ambient,drought,5,324.1,39,6
PIEN22,2025-08-29T07:00:00Z,PIEN,22,NA,ambient,drought,5,244.9,39,6
PIEN23,2025-08-29T07:00:00Z,PIEN,23,NA,ambient,drought,5,345.7,39,6
PIEN24,2025-08-29T07:00:00Z,PIEN,24,NA,ambient,water,5,564.3,39,6
PIEN25,2025-08-29T07:00:00Z,PIEN,25,NA,ambient,drought,5,269.3,39,6
PIEN26,2025-08-29T07:00:00Z,PIEN,26,NA,ambient,drought,5,316.9,39,6
PIEN27,2025-08-29T07:00:00Z,PIEN,27,NA,ambient,water,5,531.9,39,6
PIEN28,2025-08-29T07:00:00Z,PIEN,28,NA,ambient,drought,5,225.4,39,6
PIEN29,2025-08-29T07:00:00Z,PIEN,29,NA,ambient,drought,5,467.3,39,6
PIEN30,2025-08-29T07:00:00Z,PIEN,30,NA,ambient,drought,5,252.7,39,6
PIEN31,2025-08-29T07:00:00Z,PIEN,31,NA,heatwave,water,5,528.1,39,6
PIEN32,2025-08-29T07:00:00Z,PIEN,32,NA,heatwave,drought,5,346.3,39,6
PIEN33,2025-08-29T07:00:00Z,PIEN,33,NA,heatwave,drought,5,276.5,39,6
PIEN34,2025-08-29T07:00:00Z,PIEN,34,NA,heatwave,water,5,510.3,39,6
PIEN35,2025-08-29T07:00:00Z,PIEN,35,NA,heatwave,drought,5,253.6,39,6
PIEN36,2025-08-29T07:00:00Z,PIEN,36,NA,heatwave,drought,5,226.1,39,6
PIEN37,2025-08-29T07:00:00Z,PIEN,37,NA,heatwave,drought,5,306.7,39,6
PIEN38,2025-08-29T07:00:00Z,PIEN,38,NA,heatwave,water,5,448.2,39,6
PIEN39,2025-08-29T07:00:00Z,PIEN,39,NA,heatwave,drought,5,315.9,39,6
PIEN40,2025-08-29T07:00:00Z,PIEN,40,NA,heatwave,drought,5,232.2,39,6
PIEN41,2025-08-29T07:00:00Z,PIEN,41,NA,heatwave,drought,5,227.7,39,6
PIEN42,2025-08-29T07:00:00Z,PIEN,42,NA,heatwave,water,5,458.2,39,6
PIEN43,2025-08-29T07:00:00Z,PIEN,43,NA,heatwave,drought,5,228.7,39,6
PIEN44,2025-08-29T07:00:00Z,PIEN,44,NA,heatwave,drought,5,221.3,39,6
PIEN45,2025-08-29T07:00:00Z,PIEN,45,NA,heatwave,drought,5,232,39,6
PIEN46,2025-08-29T07:00:00Z,PIEN,46,NA,heatwave,water,5,512.9,39,6
PIEN47,2025-08-29T07:00:00Z,PIEN,47,NA,heatwave,drought,5,269.9,39,6
PIEN48,2025-08-29T07:00:00Z,PIEN,48,NA,heatwave,drought,5,237.8,39,6
PIEN49,2025-08-29T07:00:00Z,PIEN,49,NA,heatwave,drought,5,235.8,39,6
PIEN50,2025-08-29T07:00:00Z,PIEN,50,NA,heatwave,drought,5,273.9,39,6
PIEN51,2025-08-29T07:00:00Z,PIEN,51,NA,heatwave,drought,5,237.1,39,6
PIEN52,2025-08-29T07:00:00Z,PIEN,52,NA,heatwave,drought,5,315.3,39,6
PIEN53,2025-08-29T07:00:00Z,PIEN,53,NA,heatwave,drought,5,228.7,39,6
PIEN54,2025-08-29T07:00:00Z,PIEN,54,NA,heatwave,drought,5,225.9,39,6
PIEN55,2025-08-29T07:00:00Z,PIEN,55,NA,heatwave,drought,5,221.4,39,6
PIEN56,2025-08-29T07:00:00Z,PIEN,56,NA,heatwave,drought,5,273.4,39,6
PIEN57,2025-08-29T07:00:00Z,PIEN,57,NA,heatwave,drought,5,238.1,39,6
PIEN58,2025-08-29T07:00:00Z,PIEN,58,NA,heatwave,drought,5,263,39,6
PIEN59,2025-08-29T07:00:00Z,PIEN,59,NA,heatwave,drought,5,239.8,39,6
PIEN60,2025-08-29T07:00:00Z,PIEN,60,NA,heatwave,drought,5,252.3,39,6
PIEN1,2025-09-05T07:00:00Z,PIEN,1,NA,ambient,water,5,564.1,46,7
PIEN2,2025-09-05T07:00:00Z,PIEN,2,NA,ambient,drought,5,252.6,46,7
PIEN3,2025-09-05T07:00:00Z,PIEN,3,NA,ambient,drought,5,276.4,46,7
PIEN4,2025-09-05T07:00:00Z,PIEN,4,NA,ambient,drought,5,296.1,46,7
PIEN5,2025-09-05T07:00:00Z,PIEN,5,NA,ambient,drought,5,247.6,46,7
PIEN6,2025-09-05T07:00:00Z,PIEN,6,NA,ambient,drought,5,355.7,46,7
PIEN7,2025-09-05T07:00:00Z,PIEN,7,NA,ambient,drought,5,260.8,46,7
PIEN8,2025-09-05T07:00:00Z,PIEN,8,NA,ambient,drought,5,391.3,46,7
PIEN9,2025-09-05T07:00:00Z,PIEN,9,NA,ambient,water,5,581.4,46,7
PIEN10,2025-09-05T07:00:00Z,PIEN,10,NA,ambient,drought,5,245.9,46,7
PIEN11,2025-09-05T07:00:00Z,PIEN,11,NA,ambient,drought,5,237.2,46,7
PIEN12,2025-09-05T07:00:00Z,PIEN,12,NA,ambient,drought,5,348.2,46,7
PIEN13,2025-09-05T07:00:00Z,PIEN,13,NA,ambient,drought,5,243.7,46,7
PIEN14,2025-09-05T07:00:00Z,PIEN,14,NA,ambient,drought,5,306,46,7
PIEN15,2025-09-05T07:00:00Z,PIEN,15,NA,ambient,drought,5,305.3,46,7
PIEN16,2025-09-05T07:00:00Z,PIEN,16,NA,ambient,drought,5,350.6,46,7
PIEN17,2025-09-05T07:00:00Z,PIEN,17,NA,ambient,drought,5,345.5,46,7
PIEN18,2025-09-05T07:00:00Z,PIEN,18,NA,ambient,water,5,559.4,46,7
PIEN19,2025-09-05T07:00:00Z,PIEN,19,NA,ambient,drought,5,459.5,46,7
PIEN20,2025-09-05T07:00:00Z,PIEN,20,NA,ambient,drought,5,259.6,46,7
PIEN21,2025-09-05T07:00:00Z,PIEN,21,NA,ambient,drought,5,297.5,46,7
PIEN22,2025-09-05T07:00:00Z,PIEN,22,NA,ambient,drought,5,236,46,7
PIEN23,2025-09-05T07:00:00Z,PIEN,23,NA,ambient,drought,5,317.1,46,7
PIEN24,2025-09-05T07:00:00Z,PIEN,24,NA,ambient,water,5,566.1,46,7
PIEN25,2025-09-05T07:00:00Z,PIEN,25,NA,ambient,drought,5,246.9,46,7
PIEN26,2025-09-05T07:00:00Z,PIEN,26,NA,ambient,drought,5,287.2,46,7
PIEN27,2025-09-05T07:00:00Z,PIEN,27,NA,ambient,water,5,529.8,46,7
PIEN28,2025-09-05T07:00:00Z,PIEN,28,NA,ambient,drought,5,222,46,7
PIEN29,2025-09-05T07:00:00Z,PIEN,29,NA,ambient,drought,5,456.1,46,7
PIEN30,2025-09-05T07:00:00Z,PIEN,30,NA,ambient,drought,5,235.8,46,7
PIEN31,2025-09-05T07:00:00Z,PIEN,31,NA,heatwave,water,5,540.1,46,7
PIEN32,2025-09-05T07:00:00Z,PIEN,32,NA,heatwave,drought,5,337.1,46,7
PIEN33,2025-09-05T07:00:00Z,PIEN,33,NA,heatwave,drought,5,264.7,46,7
PIEN34,2025-09-05T07:00:00Z,PIEN,34,NA,heatwave,water,5,512.5,46,7
PIEN35,2025-09-05T07:00:00Z,PIEN,35,NA,heatwave,drought,5,242.3,46,7
PIEN36,2025-09-05T07:00:00Z,PIEN,36,NA,heatwave,drought,5,221.8,46,7
PIEN37,2025-09-05T07:00:00Z,PIEN,37,NA,heatwave,drought,5,294.6,46,7
PIEN38,2025-09-05T07:00:00Z,PIEN,38,NA,heatwave,water,5,492.1,46,7
PIEN39,2025-09-05T07:00:00Z,PIEN,39,NA,heatwave,drought,5,300.5,46,7
PIEN40,2025-09-05T07:00:00Z,PIEN,40,NA,heatwave,drought,5,228.8,46,7
PIEN41,2025-09-05T07:00:00Z,PIEN,41,NA,heatwave,drought,5,223.4,46,7
PIEN42,2025-09-05T07:00:00Z,PIEN,42,NA,heatwave,water,5,494.1,46,7
PIEN43,2025-09-05T07:00:00Z,PIEN,43,NA,heatwave,drought,5,220.8,46,7
PIEN44,2025-09-05T07:00:00Z,PIEN,44,NA,heatwave,drought,5,219.4,46,7
PIEN45,2025-09-05T07:00:00Z,PIEN,45,NA,heatwave,drought,5,229.3,46,7
PIEN46,2025-09-05T07:00:00Z,PIEN,46,NA,heatwave,water,5,509.2,46,7
PIEN47,2025-09-05T07:00:00Z,PIEN,47,NA,heatwave,drought,5,254.1,46,7
PIEN48,2025-09-05T07:00:00Z,PIEN,48,NA,heatwave,drought,5,228.9,46,7
PIEN49,2025-09-05T07:00:00Z,PIEN,49,NA,heatwave,drought,5,230.3,46,7
PIEN50,2025-09-05T07:00:00Z,PIEN,50,NA,heatwave,drought,5,264.2,46,7
PIEN51,2025-09-05T07:00:00Z,PIEN,51,NA,heatwave,drought,5,229.4,46,7
PIEN52,2025-09-05T07:00:00Z,PIEN,52,NA,heatwave,drought,5,303,46,7
PIEN53,2025-09-05T07:00:00Z,PIEN,53,NA,heatwave,drought,5,226.8,46,7
PIEN54,2025-09-05T07:00:00Z,PIEN,54,NA,heatwave,drought,5,221.2,46,7
PIEN55,2025-09-05T07:00:00Z,PIEN,55,NA,heatwave,drought,5,217.3,46,7
PIEN56,2025-09-05T07:00:00Z,PIEN,56,NA,heatwave,drought,5,261.4,46,7
PIEN57,2025-09-05T07:00:00Z,PIEN,57,NA,heatwave,drought,5,231.5,46,7
PIEN58,2025-09-05T07:00:00Z,PIEN,58,NA,heatwave,drought,5,253.3,46,7
PIEN59,2025-09-05T07:00:00Z,PIEN,59,NA,heatwave,drought,5,231.8,46,7
PIEN60,2025-09-05T07:00:00Z,PIEN,60,NA,heatwave,drought,5,241.2,46,7
PIEN1,2025-09-19T07:00:00Z,PIEN,1,NA,ambient,water,5,562.4,60,9
PIEN2,2025-09-19T07:00:00Z,PIEN,2,NA,ambient,drought,5,244.7,60,9
PIEN3,2025-09-19T07:00:00Z,PIEN,3,NA,ambient,drought,5,243.7,60,9
PIEN4,2025-09-19T07:00:00Z,PIEN,4,NA,ambient,drought,5,244.9,60,9
PIEN5,2025-09-19T07:00:00Z,PIEN,5,NA,ambient,drought,5,233.8,60,9
PIEN6,2025-09-19T07:00:00Z,PIEN,6,NA,ambient,drought,5,304.1,60,9
PIEN7,2025-09-19T07:00:00Z,PIEN,7,NA,ambient,drought,5,242.9,60,9
PIEN8,2025-09-19T07:00:00Z,PIEN,8,NA,ambient,drought,5,365.9,60,9
PIEN9,2025-09-19T07:00:00Z,PIEN,9,NA,ambient,water,5,592.1,60,9
PIEN10,2025-09-19T07:00:00Z,PIEN,10,NA,ambient,drought,5,234.5,60,9
PIEN11,2025-09-19T07:00:00Z,PIEN,11,NA,ambient,drought,5,229.9,60,9
PIEN12,2025-09-19T07:00:00Z,PIEN,12,NA,ambient,drought,5,307.9,60,9
PIEN13,2025-09-19T07:00:00Z,PIEN,13,NA,ambient,drought,5,239.1,60,9
PIEN14,2025-09-19T07:00:00Z,PIEN,14,NA,ambient,drought,5,272,60,9
PIEN15,2025-09-19T07:00:00Z,PIEN,15,NA,ambient,drought,5,263.6,60,9
PIEN16,2025-09-19T07:00:00Z,PIEN,16,NA,ambient,drought,5,321.7,60,9
PIEN17,2025-09-19T07:00:00Z,PIEN,17,NA,ambient,drought,5,306.7,60,9
PIEN18,2025-09-19T07:00:00Z,PIEN,18,NA,ambient,water,5,581.5,60,9
PIEN19,2025-09-19T07:00:00Z,PIEN,19,NA,ambient,drought,5,444.1,60,9
PIEN20,2025-09-19T07:00:00Z,PIEN,20,NA,ambient,drought,5,242.3,60,9
PIEN21,2025-09-19T07:00:00Z,PIEN,21,NA,ambient,drought,5,255,60,9
PIEN22,2025-09-19T07:00:00Z,PIEN,22,NA,ambient,drought,5,227.7,60,9
PIEN23,2025-09-19T07:00:00Z,PIEN,23,NA,ambient,drought,5,267.6,60,9
PIEN24,2025-09-19T07:00:00Z,PIEN,24,NA,ambient,water,5,584.3,60,9
PIEN25,2025-09-19T07:00:00Z,PIEN,25,NA,ambient,drought,5,228,60,9
PIEN26,2025-09-19T07:00:00Z,PIEN,26,NA,ambient,drought,5,238.9,60,9
PIEN27,2025-09-19T07:00:00Z,PIEN,27,NA,ambient,water,5,563,60,9
PIEN28,2025-09-19T07:00:00Z,PIEN,28,NA,ambient,drought,5,219.4,60,9
PIEN29,2025-09-19T07:00:00Z,PIEN,29,NA,ambient,drought,5,439.3,60,9
PIEN30,2025-09-19T07:00:00Z,PIEN,30,NA,ambient,drought,5,227.6,60,9
PIEN31,2025-09-19T07:00:00Z,PIEN,31,NA,heatwave,water,5,553.5,60,9
PIEN32,2025-09-19T07:00:00Z,PIEN,32,NA,heatwave,drought,5,320,60,9
PIEN33,2025-09-19T07:00:00Z,PIEN,33,NA,heatwave,drought,5,243.5,60,9
PIEN34,2025-09-19T07:00:00Z,PIEN,34,NA,heatwave,water,5,553.1,60,9
PIEN35,2025-09-19T07:00:00Z,PIEN,35,NA,heatwave,drought,5,232.4,60,9
PIEN36,2025-09-19T07:00:00Z,PIEN,36,NA,heatwave,drought,5,217.5,60,9
PIEN37,2025-09-19T07:00:00Z,PIEN,37,NA,heatwave,drought,5,269.4,60,9
PIEN38,2025-09-19T07:00:00Z,PIEN,38,NA,heatwave,water,5,529.2,60,9
PIEN39,2025-09-19T07:00:00Z,PIEN,39,NA,heatwave,drought,5,271.6,60,9
PIEN40,2025-09-19T07:00:00Z,PIEN,40,NA,heatwave,drought,5,226.8,60,9
PIEN41,2025-09-19T07:00:00Z,PIEN,41,NA,heatwave,drought,5,220.1,60,9
PIEN42,2025-09-19T07:00:00Z,PIEN,42,NA,heatwave,water,5,523,60,9
PIEN43,2025-09-19T07:00:00Z,PIEN,43,NA,heatwave,drought,5,214.2,60,9
PIEN44,2025-09-19T07:00:00Z,PIEN,44,NA,heatwave,drought,5,217.2,60,9
PIEN45,2025-09-19T07:00:00Z,PIEN,45,NA,heatwave,drought,5,226.1,60,9
PIEN46,2025-09-19T07:00:00Z,PIEN,46,NA,heatwave,water,5,516.5,60,9
PIEN47,2025-09-19T07:00:00Z,PIEN,47,NA,heatwave,drought,5,233.3,60,9
PIEN48,2025-09-19T07:00:00Z,PIEN,48,NA,heatwave,drought,5,219.9,60,9
PIEN49,2025-09-19T07:00:00Z,PIEN,49,NA,heatwave,drought,5,225,60,9
PIEN50,2025-09-19T07:00:00Z,PIEN,50,NA,heatwave,drought,5,247.7,60,9
PIEN51,2025-09-19T07:00:00Z,PIEN,51,NA,heatwave,drought,5,221.6,60,9
PIEN52,2025-09-19T07:00:00Z,PIEN,52,NA,heatwave,drought,5,283.6,60,9
PIEN53,2025-09-19T07:00:00Z,PIEN,53,NA,heatwave,drought,5,222.2,60,9
PIEN54,2025-09-19T07:00:00Z,PIEN,54,NA,heatwave,drought,5,217.1,60,9
PIEN55,2025-09-19T07:00:00Z,PIEN,55,NA,heatwave,drought,5,213.7,60,9
PIEN56,2025-09-19T07:00:00Z,PIEN,56,NA,heatwave,drought,5,244.1,60,9
PIEN57,2025-09-19T07:00:00Z,PIEN,57,NA,heatwave,drought,5,223.9,60,9
PIEN58,2025-09-19T07:00:00Z,PIEN,58,NA,heatwave,drought,5,240.7,60,9
PIEN59,2025-09-19T07:00:00Z,PIEN,59,NA,heatwave,drought,5,222.4,60,9
PIEN60,2025-09-19T07:00:00Z,PIEN,60,NA,heatwave,drought,5,226.5,60,9
PIEN1,2025-09-26T07:00:00Z,PIEN,1,NA,ambient,water,5,570.4,67,10
PIEN2,2025-09-26T07:00:00Z,PIEN,2,NA,ambient,drought,5,240.9,67,10
PIEN3,2025-09-26T07:00:00Z,PIEN,3,NA,ambient,drought,5,236.7,67,10
PIEN4,2025-09-26T07:00:00Z,PIEN,4,NA,ambient,drought,5,231.1,67,10
PIEN5,2025-09-26T07:00:00Z,PIEN,5,NA,ambient,drought,5,230,67,10
PIEN6,2025-09-26T07:00:00Z,PIEN,6,NA,ambient,drought,5,287.4,67,10
PIEN7,2025-09-26T07:00:00Z,PIEN,7,NA,ambient,drought,5,238.9,67,10
PIEN8,2025-09-26T07:00:00Z,PIEN,8,NA,ambient,drought,5,352.7,67,10
PIEN9,2025-09-26T07:00:00Z,PIEN,9,NA,ambient,water,5,590.2,67,10
PIEN10,2025-09-26T07:00:00Z,PIEN,10,NA,ambient,drought,5,230.6,67,10
PIEN11,2025-09-26T07:00:00Z,PIEN,11,NA,ambient,drought,5,227.3,67,10
PIEN12,2025-09-26T07:00:00Z,PIEN,12,NA,ambient,drought,5,289.8,67,10
PIEN13,2025-09-26T07:00:00Z,PIEN,13,NA,ambient,drought,5,236.2,67,10
PIEN14,2025-09-26T07:00:00Z,PIEN,14,NA,ambient,drought,5,254.6,67,10
PIEN15,2025-09-26T07:00:00Z,PIEN,15,NA,ambient,drought,5,245.8,67,10
PIEN16,2025-09-26T07:00:00Z,PIEN,16,NA,ambient,drought,5,309.1,67,10
PIEN17,2025-09-26T07:00:00Z,PIEN,17,NA,ambient,drought,5,288.5,67,10
PIEN18,2025-09-26T07:00:00Z,PIEN,18,NA,ambient,water,5,585.7,67,10
PIEN19,2025-09-26T07:00:00Z,PIEN,19,NA,ambient,drought,5,440.3,67,10
PIEN20,2025-09-26T07:00:00Z,PIEN,20,NA,ambient,drought,5,237.8,67,10
PIEN21,2025-09-26T07:00:00Z,PIEN,21,NA,ambient,drought,5,236.1,67,10
PIEN22,2025-09-26T07:00:00Z,PIEN,22,NA,ambient,drought,5,224.7,67,10
PIEN23,2025-09-26T07:00:00Z,PIEN,23,NA,ambient,drought,5,247.3,67,10
PIEN24,2025-09-26T07:00:00Z,PIEN,24,NA,ambient,water,5,586.2,67,10
PIEN25,2025-09-26T07:00:00Z,PIEN,25,NA,ambient,drought,5,222.9,67,10
PIEN26,2025-09-26T07:00:00Z,PIEN,26,NA,ambient,drought,5,227.7,67,10
PIEN27,2025-09-26T07:00:00Z,PIEN,27,NA,ambient,water,5,563.7,67,10
PIEN28,2025-09-26T07:00:00Z,PIEN,28,NA,ambient,drought,5,217.6,67,10
PIEN29,2025-09-26T07:00:00Z,PIEN,29,NA,ambient,drought,5,431.7,67,10
PIEN30,2025-09-26T07:00:00Z,PIEN,30,NA,ambient,drought,5,224.8,67,10
PIEN31,2025-09-26T07:00:00Z,PIEN,31,NA,heatwave,water,5,565,67,10
PIEN32,2025-09-26T07:00:00Z,PIEN,32,NA,heatwave,drought,5,312.8,67,10
PIEN33,2025-09-26T07:00:00Z,PIEN,33,NA,heatwave,drought,5,236.1,67,10
PIEN34,2025-09-26T07:00:00Z,PIEN,34,NA,heatwave,water,5,564.1,67,10
PIEN35,2025-09-26T07:00:00Z,PIEN,35,NA,heatwave,drought,5,228.7,67,10
PIEN36,2025-09-26T07:00:00Z,PIEN,36,NA,heatwave,drought,5,215.7,67,10
PIEN37,2025-09-26T07:00:00Z,PIEN,37,NA,heatwave,drought,5,257,67,10
PIEN38,2025-09-26T07:00:00Z,PIEN,38,NA,heatwave,water,5,550,67,10
PIEN39,2025-09-26T07:00:00Z,PIEN,39,NA,heatwave,drought,5,258.3,67,10
PIEN40,2025-09-26T07:00:00Z,PIEN,40,NA,heatwave,drought,5,224.9,67,10
PIEN41,2025-09-26T07:00:00Z,PIEN,41,NA,heatwave,drought,5,217.8,67,10
PIEN42,2025-09-26T07:00:00Z,PIEN,42,NA,heatwave,water,5,544.2,67,10
PIEN43,2025-09-26T07:00:00Z,PIEN,43,NA,heatwave,drought,5,211.9,67,10
PIEN44,2025-09-26T07:00:00Z,PIEN,44,NA,heatwave,drought,5,215.7,67,10
PIEN45,2025-09-26T07:00:00Z,PIEN,45,NA,heatwave,drought,5,224.5,67,10
PIEN46,2025-09-26T07:00:00Z,PIEN,46,NA,heatwave,water,5,528.6,67,10
PIEN47,2025-09-26T07:00:00Z,PIEN,47,NA,heatwave,drought,5,226.1,67,10
PIEN48,2025-09-26T07:00:00Z,PIEN,48,NA,heatwave,drought,5,216.5,67,10
PIEN49,2025-09-26T07:00:00Z,PIEN,49,NA,heatwave,drought,5,222.2,67,10
PIEN50,2025-09-26T07:00:00Z,PIEN,50,NA,heatwave,drought,5,240.5,67,10
PIEN51,2025-09-26T07:00:00Z,PIEN,51,NA,heatwave,drought,5,219.1,67,10
PIEN52,2025-09-26T07:00:00Z,PIEN,52,NA,heatwave,drought,5,276.5,67,10
PIEN53,2025-09-26T07:00:00Z,PIEN,53,NA,heatwave,drought,5,219.7,67,10
PIEN54,2025-09-26T07:00:00Z,PIEN,54,NA,heatwave,drought,5,214.7,67,10
PIEN55,2025-09-26T07:00:00Z,PIEN,55,NA,heatwave,drought,5,211.4,67,10
PIEN56,2025-09-26T07:00:00Z,PIEN,56,NA,heatwave,drought,5,236,67,10
PIEN57,2025-09-26T07:00:00Z,PIEN,57,NA,heatwave,drought,5,221.4,67,10
PIEN58,2025-09-26T07:00:00Z,PIEN,58,NA,heatwave,drought,5,236,67,10
PIEN59,2025-09-26T07:00:00Z,PIEN,59,NA,heatwave,drought,5,219,67,10
PIEN60,2025-09-26T07:00:00Z,PIEN,60,NA,heatwave,drought,5,221.5,67,10
PIEN1,2025-10-03T07:00:00Z,PIEN,1,4.5,ambient,water,5,564.5,74,11
PIEN2,2025-10-03T07:00:00Z,PIEN,2,NA,ambient,drought,5,236.6,74,11
PIEN3,2025-10-03T07:00:00Z,PIEN,3,NA,ambient,drought,5,231,74,11
PIEN4,2025-10-03T07:00:00Z,PIEN,4,4.2,ambient,drought,5,222.8,74,11
PIEN5,2025-10-03T07:00:00Z,PIEN,5,NA,ambient,drought,5,226.1,74,11
PIEN6,2025-10-03T07:00:00Z,PIEN,6,NA,ambient,drought,5,265.5,74,11
PIEN7,2025-10-03T07:00:00Z,PIEN,7,NA,ambient,drought,5,235.3,74,11
PIEN8,2025-10-03T07:00:00Z,PIEN,8,NA,ambient,drought,5,329.9,74,11
PIEN9,2025-10-03T07:00:00Z,PIEN,9,3.7,ambient,water,5,578.7,74,11
PIEN10,2025-10-03T07:00:00Z,PIEN,10,NA,ambient,drought,5,226.5,74,11
PIEN11,2025-10-03T07:00:00Z,PIEN,11,NA,ambient,drought,5,224.3,74,11
PIEN12,2025-10-03T07:00:00Z,PIEN,12,NA,ambient,drought,5,265.7,74,11
PIEN13,2025-10-03T07:00:00Z,PIEN,13,NA,ambient,drought,5,232.6,74,11
PIEN14,2025-10-03T07:00:00Z,PIEN,14,3.7,ambient,drought,5,242.6,74,11
PIEN15,2025-10-03T07:00:00Z,PIEN,15,NA,ambient,drought,5,237,74,11
PIEN16,2025-10-03T07:00:00Z,PIEN,16,NA,ambient,drought,5,293,74,11
PIEN17,2025-10-03T07:00:00Z,PIEN,17,NA,ambient,drought,5,264.2,74,11
PIEN18,2025-10-03T07:00:00Z,PIEN,18,4.1,ambient,water,5,574.7,74,11
PIEN19,2025-10-03T07:00:00Z,PIEN,19,NA,ambient,drought,5,430.3,74,11
PIEN20,2025-10-03T07:00:00Z,PIEN,20,NA,ambient,drought,5,233.8,74,11
PIEN21,2025-10-03T07:00:00Z,PIEN,21,4.7,ambient,drought,5,226.5,74,11
PIEN22,2025-10-03T07:00:00Z,PIEN,22,NA,ambient,drought,5,221.2,74,11
PIEN23,2025-10-03T07:00:00Z,PIEN,23,NA,ambient,drought,5,233,74,11
PIEN24,2025-10-03T07:00:00Z,PIEN,24,4.1,ambient,water,5,565.2,74,11
PIEN25,2025-10-03T07:00:00Z,PIEN,25,NA,ambient,drought,5,218.3,74,11
PIEN26,2025-10-03T07:00:00Z,PIEN,26,4.5,ambient,drought,5,220.4,74,11
PIEN27,2025-10-03T07:00:00Z,PIEN,27,5.1,ambient,water,5,541,74,11
PIEN28,2025-10-03T07:00:00Z,PIEN,28,4.2,ambient,drought,5,214.8,74,11
PIEN29,2025-10-03T07:00:00Z,PIEN,29,NA,ambient,drought,5,413.1,74,11
PIEN30,2025-10-03T07:00:00Z,PIEN,30,NA,ambient,drought,5,221.4,74,11
PIEN31,2025-10-03T07:00:00Z,PIEN,31,4.9,heatwave,water,5,543.5,74,11
PIEN32,2025-10-03T07:00:00Z,PIEN,32,NA,heatwave,drought,5,294.9,74,11
PIEN33,2025-10-03T07:00:00Z,PIEN,33,3.8,heatwave,drought,5,229,74,11
PIEN34,2025-10-03T07:00:00Z,PIEN,34,4.4,heatwave,water,5,531.7,74,11
PIEN35,2025-10-03T07:00:00Z,PIEN,35,4,heatwave,drought,5,223.4,74,11
PIEN36,2025-10-03T07:00:00Z,PIEN,36,NA,heatwave,drought,5,212.5,74,11
PIEN37,2025-10-03T07:00:00Z,PIEN,37,NA,heatwave,drought,5,237.7,74,11
PIEN38,2025-10-03T07:00:00Z,PIEN,38,4.7,heatwave,water,5,501.8,74,11
PIEN39,2025-10-03T07:00:00Z,PIEN,39,NA,heatwave,drought,5,240.8,74,11
PIEN40,2025-10-03T07:00:00Z,PIEN,40,4.2,heatwave,drought,5,220.7,74,11
PIEN41,2025-10-03T07:00:00Z,PIEN,41,NA,heatwave,drought,5,214.4,74,11
PIEN42,2025-10-03T07:00:00Z,PIEN,42,4.8,heatwave,water,5,517.6,74,11
PIEN43,2025-10-03T07:00:00Z,PIEN,43,NA,heatwave,drought,5,208.5,74,11
PIEN44,2025-10-03T07:00:00Z,PIEN,44,NA,heatwave,drought,5,212.3,74,11
PIEN45,2025-10-03T07:00:00Z,PIEN,45,4.4,heatwave,drought,5,223.4,74,11
PIEN46,2025-10-03T07:00:00Z,PIEN,46,3.8,heatwave,water,5,506.3,74,11
PIEN47,2025-10-03T07:00:00Z,PIEN,47,NA,heatwave,drought,5,218.6,74,11
PIEN48,2025-10-03T07:00:00Z,PIEN,48,NA,heatwave,drought,5,212.1,74,11
PIEN49,2025-10-03T07:00:00Z,PIEN,49,NA,heatwave,drought,5,218,74,11
PIEN50,2025-10-03T07:00:00Z,PIEN,50,NA,heatwave,drought,5,230.3,74,11
PIEN51,2025-10-03T07:00:00Z,PIEN,51,NA,heatwave,drought,5,215.2,74,11
PIEN52,2025-10-03T07:00:00Z,PIEN,52,NA,heatwave,drought,5,261.3,74,11
PIEN53,2025-10-03T07:00:00Z,PIEN,53,NA,heatwave,drought,5,215.3,74,11
PIEN54,2025-10-03T07:00:00Z,PIEN,54,NA,heatwave,drought,5,210.8,74,11
PIEN55,2025-10-03T07:00:00Z,PIEN,55,NA,heatwave,drought,5,207.5,74,11
PIEN56,2025-10-03T07:00:00Z,PIEN,56,3.8,heatwave,drought,5,228.9,74,11
PIEN57,2025-10-03T07:00:00Z,PIEN,57,NA,heatwave,drought,5,217.3,74,11
PIEN58,2025-10-03T07:00:00Z,PIEN,58,NA,heatwave,drought,5,229.7,74,11
PIEN59,2025-10-03T07:00:00Z,PIEN,59,NA,heatwave,drought,5,214.6,74,11
PIEN60,2025-10-03T07:00:00Z,PIEN,60,NA,heatwave,drought,5,215.7,74,11
PIEN1,2025-10-10T07:00:00Z,PIEN,1,NA,ambient,water,5,519.2,81,12
PIEN2,2025-10-10T07:00:00Z,PIEN,2,NA,ambient,drought,5,231.5,81,12
PIEN3,2025-10-10T07:00:00Z,PIEN,3,NA,ambient,drought,5,226.1,81,12
PIEN4,2025-10-10T07:00:00Z,PIEN,4,NA,ambient,drought,5,216.2,81,12
PIEN5,2025-10-10T07:00:00Z,PIEN,5,NA,ambient,drought,5,222.1,81,12
PIEN6,2025-10-10T07:00:00Z,PIEN,6,NA,ambient,drought,5,244.7,81,12
PIEN7,2025-10-10T07:00:00Z,PIEN,7,NA,ambient,drought,5,231,81,12
PIEN8,2025-10-10T07:00:00Z,PIEN,8,NA,ambient,drought,5,297.2,81,12
PIEN9,2025-10-10T07:00:00Z,PIEN,9,NA,ambient,water,5,551.7,81,12
PIEN10,2025-10-10T07:00:00Z,PIEN,10,NA,ambient,drought,5,222.1,81,12
PIEN11,2025-10-10T07:00:00Z,PIEN,11,NA,ambient,drought,5,220.1,81,12
PIEN12,2025-10-10T07:00:00Z,PIEN,12,NA,ambient,drought,5,246.9,81,12
PIEN13,2025-10-10T07:00:00Z,PIEN,13,NA,ambient,drought,5,228.3,81,12
PIEN14,2025-10-10T07:00:00Z,PIEN,14,NA,ambient,drought,5,234.1,81,12
PIEN15,2025-10-10T07:00:00Z,PIEN,15,NA,ambient,drought,5,231.1,81,12
PIEN16,2025-10-10T07:00:00Z,PIEN,16,NA,ambient,drought,5,271.3,81,12
PIEN17,2025-10-10T07:00:00Z,PIEN,17,NA,ambient,drought,5,246.6,81,12
PIEN18,2025-10-10T07:00:00Z,PIEN,18,NA,ambient,water,5,525,81,12
PIEN19,2025-10-10T07:00:00Z,PIEN,19,NA,ambient,drought,5,404.5,81,12
PIEN20,2025-10-10T07:00:00Z,PIEN,20,NA,ambient,drought,5,229.3,81,12
PIEN21,2025-10-10T07:00:00Z,PIEN,21,NA,ambient,drought,5,220.2,81,12
PIEN22,2025-10-10T07:00:00Z,PIEN,22,NA,ambient,drought,5,217.2,81,12
PIEN23,2025-10-10T07:00:00Z,PIEN,23,NA,ambient,drought,5,224.4,81,12
PIEN24,2025-10-10T07:00:00Z,PIEN,24,NA,ambient,water,5,500.7,81,12
PIEN25,2025-10-10T07:00:00Z,PIEN,25,NA,ambient,drought,5,214,81,12
PIEN26,2025-10-10T07:00:00Z,PIEN,26,NA,ambient,drought,5,214.8,81,12
PIEN27,2025-10-10T07:00:00Z,PIEN,27,NA,ambient,water,5,487.5,81,12
PIEN28,2025-10-10T07:00:00Z,PIEN,28,NA,ambient,drought,5,211,81,12
PIEN29,2025-10-10T07:00:00Z,PIEN,29,NA,ambient,drought,5,381.4,81,12
PIEN30,2025-10-10T07:00:00Z,PIEN,30,NA,ambient,drought,5,217.1,81,12
PIEN31,2025-10-10T07:00:00Z,PIEN,31,NA,heatwave,water,5,489.8,81,12
PIEN32,2025-10-10T07:00:00Z,PIEN,32,NA,heatwave,drought,5,268.1,81,12
PIEN33,2025-10-10T07:00:00Z,PIEN,33,NA,heatwave,drought,5,222.7,81,12
PIEN34,2025-10-10T07:00:00Z,PIEN,34,NA,heatwave,water,5,464.4,81,12
PIEN35,2025-10-10T07:00:00Z,PIEN,35,NA,heatwave,drought,5,217.2,81,12
PIEN36,2025-10-10T07:00:00Z,PIEN,36,NA,heatwave,drought,5,207.9,81,12
PIEN37,2025-10-10T07:00:00Z,PIEN,37,NA,heatwave,drought,5,222.5,81,12
PIEN38,2025-10-10T07:00:00Z,PIEN,38,NA,heatwave,water,5,406.8,81,12
PIEN39,2025-10-10T07:00:00Z,PIEN,39,NA,heatwave,drought,5,228.7,81,12
PIEN40,2025-10-10T07:00:00Z,PIEN,40,NA,heatwave,drought,5,215.2,81,12
PIEN41,2025-10-10T07:00:00Z,PIEN,41,NA,heatwave,drought,5,209.8,81,12
PIEN42,2025-10-10T07:00:00Z,PIEN,42,NA,heatwave,water,5,467.5,81,12
PIEN43,2025-10-10T07:00:00Z,PIEN,43,NA,heatwave,drought,5,204.1,81,12
PIEN44,2025-10-10T07:00:00Z,PIEN,44,NA,heatwave,drought,5,208.2,81,12
PIEN45,2025-10-10T07:00:00Z,PIEN,45,NA,heatwave,drought,5,218.9,81,12
PIEN46,2025-10-10T07:00:00Z,PIEN,46,NA,heatwave,water,5,471.5,81,12
PIEN47,2025-10-10T07:00:00Z,PIEN,47,NA,heatwave,drought,5,212.5,81,12
PIEN48,2025-10-10T07:00:00Z,PIEN,48,NA,heatwave,drought,5,207.7,81,12
PIEN49,2025-10-10T07:00:00Z,PIEN,49,NA,heatwave,drought,5,213.4,81,12
PIEN50,2025-10-10T07:00:00Z,PIEN,50,NA,heatwave,drought,5,221,81,12
PIEN51,2025-10-10T07:00:00Z,PIEN,51,NA,heatwave,drought,5,210.2,81,12
PIEN52,2025-10-10T07:00:00Z,PIEN,52,NA,heatwave,drought,5,245.5,81,12
PIEN53,2025-10-10T07:00:00Z,PIEN,53,NA,heatwave,drought,5,210.3,81,12
PIEN54,2025-10-10T07:00:00Z,PIEN,54,NA,heatwave,drought,5,206.7,81,12
PIEN55,2025-10-10T07:00:00Z,PIEN,55,NA,heatwave,drought,5,203,81,12
PIEN56,2025-10-10T07:00:00Z,PIEN,56,NA,heatwave,drought,5,221.7,81,12
PIEN57,2025-10-10T07:00:00Z,PIEN,57,NA,heatwave,drought,5,211.7,81,12
PIEN58,2025-10-10T07:00:00Z,PIEN,58,NA,heatwave,drought,5,223.6,81,12
PIEN59,2025-10-10T07:00:00Z,PIEN,59,NA,heatwave,drought,5,210.1,81,12
PIEN60,2025-10-10T07:00:00Z,PIEN,60,NA,heatwave,drought,5,210.8,81,12
PIEN1,2025-10-17T07:00:00Z,PIEN,1,NA,ambient,water,5,553.1,88,13
PIEN2,2025-10-17T07:00:00Z,PIEN,2,NA,ambient,drought,5,229.8,88,13
PIEN3,2025-10-17T07:00:00Z,PIEN,3,NA,ambient,drought,5,224.7,88,13
PIEN4,2025-10-17T07:00:00Z,PIEN,4,NA,ambient,drought,5,214.7,88,13
PIEN5,2025-10-17T07:00:00Z,PIEN,5,NA,ambient,drought,5,220.9,88,13
PIEN6,2025-10-17T07:00:00Z,PIEN,6,NA,ambient,drought,5,236.1,88,13
PIEN7,2025-10-17T07:00:00Z,PIEN,7,NA,ambient,drought,5,229.8,88,13
PIEN8,2025-10-17T07:00:00Z,PIEN,8,NA,ambient,drought,5,284.5,88,13
PIEN9,2025-10-17T07:00:00Z,PIEN,9,NA,ambient,water,5,580.9,88,13
PIEN10,2025-10-17T07:00:00Z,PIEN,10,NA,ambient,drought,5,220.6,88,13
PIEN11,2025-10-17T07:00:00Z,PIEN,11,NA,ambient,drought,5,218.9,88,13
PIEN12,2025-10-17T07:00:00Z,PIEN,12,NA,ambient,drought,5,240,88,13
PIEN13,2025-10-17T07:00:00Z,PIEN,13,NA,ambient,drought,5,227.1,88,13
PIEN14,2025-10-17T07:00:00Z,PIEN,14,NA,ambient,drought,5,231.3,88,13
PIEN15,2025-10-17T07:00:00Z,PIEN,15,NA,ambient,drought,5,229.3,88,13
PIEN16,2025-10-17T07:00:00Z,PIEN,16,NA,ambient,drought,5,261.5,88,13
PIEN17,2025-10-17T07:00:00Z,PIEN,17,NA,ambient,drought,5,241.9,88,13
PIEN18,2025-10-17T07:00:00Z,PIEN,18,NA,ambient,water,5,565.5,88,13
PIEN19,2025-10-17T07:00:00Z,PIEN,19,NA,ambient,drought,5,399.1,88,13
PIEN20,2025-10-17T07:00:00Z,PIEN,20,NA,ambient,drought,5,227.9,88,13
PIEN21,2025-10-17T07:00:00Z,PIEN,21,NA,ambient,drought,5,218.6,88,13
PIEN22,2025-10-17T07:00:00Z,PIEN,22,NA,ambient,drought,5,216.2,88,13
PIEN23,2025-10-17T07:00:00Z,PIEN,23,NA,ambient,drought,5,222.1,88,13
PIEN24,2025-10-17T07:00:00Z,PIEN,24,NA,ambient,water,5,560.1,88,13
PIEN25,2025-10-17T07:00:00Z,PIEN,25,NA,ambient,drought,5,212.9,88,13
PIEN26,2025-10-17T07:00:00Z,PIEN,26,NA,ambient,drought,5,213.2,88,13
PIEN27,2025-10-17T07:00:00Z,PIEN,27,NA,ambient,water,5,534.3,88,13
PIEN28,2025-10-17T07:00:00Z,PIEN,28,NA,ambient,drought,5,212.7,88,13
PIEN29,2025-10-17T07:00:00Z,PIEN,29,NA,ambient,drought,5,372.6,88,13
PIEN30,2025-10-17T07:00:00Z,PIEN,30,NA,ambient,drought,5,216.1,88,13
PIEN31,2025-10-17T07:00:00Z,PIEN,31,NA,heatwave,water,5,544.7,88,13
PIEN32,2025-10-17T07:00:00Z,PIEN,32,NA,heatwave,drought,5,258.3,88,13
PIEN33,2025-10-17T07:00:00Z,PIEN,33,NA,heatwave,drought,5,221.3,88,13
PIEN34,2025-10-17T07:00:00Z,PIEN,34,NA,heatwave,water,5,534.1,88,13
PIEN35,2025-10-17T07:00:00Z,PIEN,35,NA,heatwave,drought,5,217.5,88,13
PIEN36,2025-10-17T07:00:00Z,PIEN,36,NA,heatwave,drought,5,207,88,13
PIEN37,2025-10-17T07:00:00Z,PIEN,37,NA,heatwave,drought,5,217.9,88,13
PIEN38,2025-10-17T07:00:00Z,PIEN,38,NA,heatwave,water,5,463.1,88,13
PIEN39,2025-10-17T07:00:00Z,PIEN,39,NA,heatwave,drought,5,224.1,88,13
PIEN40,2025-10-17T07:00:00Z,PIEN,40,NA,heatwave,drought,5,216.2,88,13
PIEN41,2025-10-17T07:00:00Z,PIEN,41,NA,heatwave,drought,5,208.9,88,13
PIEN42,2025-10-17T07:00:00Z,PIEN,42,NA,heatwave,water,5,519.3,88,13
PIEN43,2025-10-17T07:00:00Z,PIEN,43,NA,heatwave,drought,5,203.2,88,13
PIEN44,2025-10-17T07:00:00Z,PIEN,44,NA,heatwave,drought,5,207.5,88,13
PIEN45,2025-10-17T07:00:00Z,PIEN,45,NA,heatwave,drought,5,217.6,88,13
PIEN46,2025-10-17T07:00:00Z,PIEN,46,NA,heatwave,water,5,520.2,88,13
PIEN47,2025-10-17T07:00:00Z,PIEN,47,NA,heatwave,drought,5,211,88,13
PIEN48,2025-10-17T07:00:00Z,PIEN,48,NA,heatwave,drought,5,206.8,88,13
PIEN49,2025-10-17T07:00:00Z,PIEN,49,NA,heatwave,drought,5,212.4,88,13
PIEN50,2025-10-17T07:00:00Z,PIEN,50,NA,heatwave,drought,5,216.6,88,13
PIEN51,2025-10-17T07:00:00Z,PIEN,51,NA,heatwave,drought,5,209.1,88,13
PIEN52,2025-10-17T07:00:00Z,PIEN,52,NA,heatwave,drought,5,238.9,88,13
PIEN53,2025-10-17T07:00:00Z,PIEN,53,NA,heatwave,drought,5,209.4,88,13
PIEN54,2025-10-17T07:00:00Z,PIEN,54,NA,heatwave,drought,5,205.8,88,13
PIEN55,2025-10-17T07:00:00Z,PIEN,55,NA,heatwave,drought,5,201.9,88,13
PIEN56,2025-10-17T07:00:00Z,PIEN,56,NA,heatwave,drought,5,220,88,13
PIEN57,2025-10-17T07:00:00Z,PIEN,57,NA,heatwave,drought,5,210.6,88,13
PIEN58,2025-10-17T07:00:00Z,PIEN,58,NA,heatwave,drought,5,221.7,88,13
PIEN59,2025-10-17T07:00:00Z,PIEN,59,NA,heatwave,drought,5,209.2,88,13
PIEN60,2025-10-17T07:00:00Z,PIEN,60,NA,heatwave,drought,5,209.6,88,13
PIEN1,2025-10-24T07:00:00Z,PIEN,1,NA,ambient,water,5,502.8,95,14
PIEN2,2025-10-24T07:00:00Z,PIEN,2,NA,ambient,drought,5,224.2,95,14
PIEN3,2025-10-24T07:00:00Z,PIEN,3,NA,ambient,drought,5,219.6,95,14
PIEN4,2025-10-24T07:00:00Z,PIEN,4,NA,ambient,drought,5,209.9,95,14
PIEN5,2025-10-24T07:00:00Z,PIEN,5,NA,ambient,drought,5,216.5,95,14
PIEN6,2025-10-24T07:00:00Z,PIEN,6,NA,ambient,drought,5,225.8,95,14
PIEN7,2025-10-24T07:00:00Z,PIEN,7,NA,ambient,drought,5,225.1,95,14
PIEN8,2025-10-24T07:00:00Z,PIEN,8,NA,ambient,drought,5,257.9,95,14
PIEN9,2025-10-24T07:00:00Z,PIEN,9,NA,ambient,water,5,546.8,95,14
PIEN10,2025-10-24T07:00:00Z,PIEN,10,NA,ambient,drought,5,215.7,95,14
PIEN11,2025-10-24T07:00:00Z,PIEN,11,NA,ambient,drought,5,214.3,95,14
PIEN12,2025-10-24T07:00:00Z,PIEN,12,NA,ambient,drought,5,231.1,95,14
PIEN13,2025-10-24T07:00:00Z,PIEN,13,NA,ambient,drought,5,222.6,95,14
PIEN14,2025-10-24T07:00:00Z,PIEN,14,NA,ambient,drought,5,225.3,95,14
PIEN15,2025-10-24T07:00:00Z,PIEN,15,NA,ambient,drought,5,223.9,95,14
PIEN16,2025-10-24T07:00:00Z,PIEN,16,NA,ambient,drought,5,246,95,14
PIEN17,2025-10-24T07:00:00Z,PIEN,17,NA,ambient,drought,5,235.6,95,14
PIEN18,2025-10-24T07:00:00Z,PIEN,18,NA,ambient,water,5,517.4,95,14
PIEN19,2025-10-24T07:00:00Z,PIEN,19,NA,ambient,drought,5,375.7,95,14
PIEN20,2025-10-24T07:00:00Z,PIEN,20,NA,ambient,drought,5,223.1,95,14
PIEN21,2025-10-24T07:00:00Z,PIEN,21,NA,ambient,drought,5,213.4,95,14
PIEN22,2025-10-24T07:00:00Z,PIEN,22,NA,ambient,drought,5,211.2,95,14
PIEN23,2025-10-24T07:00:00Z,PIEN,23,NA,ambient,drought,5,216.4,95,14
PIEN24,2025-10-24T07:00:00Z,PIEN,24,NA,ambient,water,5,477.7,95,14
PIEN25,2025-10-24T07:00:00Z,PIEN,25,NA,ambient,drought,5,208.2,95,14
PIEN26,2025-10-24T07:00:00Z,PIEN,26,NA,ambient,drought,5,207.7,95,14
PIEN27,2025-10-24T07:00:00Z,PIEN,27,NA,ambient,water,5,469.7,95,14
PIEN28,2025-10-24T07:00:00Z,PIEN,28,NA,ambient,drought,5,208.1,95,14
PIEN29,2025-10-24T07:00:00Z,PIEN,29,NA,ambient,drought,5,341.1,95,14
PIEN30,2025-10-24T07:00:00Z,PIEN,30,NA,ambient,drought,5,211.1,95,14
PIEN31,2025-10-24T07:00:00Z,PIEN,31,NA,heatwave,water,5,488.9,95,14
PIEN32,2025-10-24T07:00:00Z,PIEN,32,NA,heatwave,drought,5,239.4,95,14
PIEN33,2025-10-24T07:00:00Z,PIEN,33,NA,heatwave,drought,5,216.4,95,14
PIEN34,2025-10-24T07:00:00Z,PIEN,34,NA,heatwave,water,5,464.5,95,14
PIEN35,2025-10-24T07:00:00Z,PIEN,35,NA,heatwave,drought,5,211.7,95,14
PIEN36,2025-10-24T07:00:00Z,PIEN,36,NA,heatwave,drought,5,202.5,95,14
PIEN37,2025-10-24T07:00:00Z,PIEN,37,NA,heatwave,drought,5,210.3,95,14
PIEN38,2025-10-24T07:00:00Z,PIEN,38,NA,heatwave,water,5,385.3,95,14
PIEN39,2025-10-24T07:00:00Z,PIEN,39,NA,heatwave,drought,5,216.6,95,14
PIEN40,2025-10-24T07:00:00Z,PIEN,40,NA,heatwave,drought,5,211.1,95,14
PIEN41,2025-10-24T07:00:00Z,PIEN,41,NA,heatwave,drought,5,203.8,95,14
PIEN42,2025-10-24T07:00:00Z,PIEN,42,NA,heatwave,water,5,438,95,14
PIEN43,2025-10-24T07:00:00Z,PIEN,43,NA,heatwave,drought,5,197.5,95,14
PIEN44,2025-10-24T07:00:00Z,PIEN,44,NA,heatwave,drought,5,202.3,95,14
PIEN45,2025-10-24T07:00:00Z,PIEN,45,NA,heatwave,drought,5,212.2,95,14
PIEN46,2025-10-24T07:00:00Z,PIEN,46,NA,heatwave,water,5,457.9,95,14
PIEN47,2025-10-24T07:00:00Z,PIEN,47,NA,heatwave,drought,5,204.5,95,14
PIEN48,2025-10-24T07:00:00Z,PIEN,48,NA,heatwave,drought,5,201.5,95,14
PIEN49,2025-10-24T07:00:00Z,PIEN,49,NA,heatwave,drought,5,206.5,95,14
PIEN50,2025-10-24T07:00:00Z,PIEN,50,NA,heatwave,drought,5,208.9,95,14
PIEN51,2025-10-24T07:00:00Z,PIEN,51,NA,heatwave,drought,5,203.8,95,14
PIEN52,2025-10-24T07:00:00Z,PIEN,52,NA,heatwave,drought,5,225.6,95,14
PIEN53,2025-10-24T07:00:00Z,PIEN,53,NA,heatwave,drought,17.5,203.9,95,14
PIEN54,2025-10-24T07:00:00Z,PIEN,54,NA,heatwave,drought,5,200.2,95,14
PIEN55,2025-10-24T07:00:00Z,PIEN,55,NA,heatwave,drought,5,196.1,95,14
PIEN56,2025-10-24T07:00:00Z,PIEN,56,NA,heatwave,drought,5,213.6,95,14
PIEN57,2025-10-24T07:00:00Z,PIEN,57,NA,heatwave,drought,5,204.5,95,14
PIEN58,2025-10-24T07:00:00Z,PIEN,58,NA,heatwave,drought,5,215.1,95,14
PIEN59,2025-10-24T07:00:00Z,PIEN,59,NA,heatwave,drought,5,203.8,95,14
PIEN60,2025-10-24T07:00:00Z,PIEN,60,NA,heatwave,drought,5,204.1,95,14
PIEN1,2025-10-31T07:00:00Z,PIEN,1,NA,ambient,water,5,493.2,102,15
PIEN2,2025-10-31T07:00:00Z,PIEN,2,NA,ambient,drought,5,218.2,102,15
PIEN3,2025-10-31T07:00:00Z,PIEN,3,NA,ambient,drought,5,214.1,102,15
PIEN4,2025-10-31T07:00:00Z,PIEN,4,NA,ambient,drought,5,204.7,102,15
PIEN5,2025-10-31T07:00:00Z,PIEN,5,NA,ambient,drought,5,212,102,15
PIEN6,2025-10-31T07:00:00Z,PIEN,6,NA,ambient,drought,5,218.2,102,15
PIEN7,2025-10-31T07:00:00Z,PIEN,7,NA,ambient,drought,5,220,102,15
PIEN8,2025-10-31T07:00:00Z,PIEN,8,NA,ambient,drought,5,240.8,102,15
PIEN9,2025-10-31T07:00:00Z,PIEN,9,NA,ambient,water,5,544.3,102,15
PIEN10,2025-10-31T07:00:00Z,PIEN,10,NA,ambient,drought,5,210.6,102,15
PIEN11,2025-10-31T07:00:00Z,PIEN,11,NA,ambient,drought,5,209.5,102,15
PIEN12,2025-10-31T07:00:00Z,PIEN,12,NA,ambient,drought,5,224.5,102,15
PIEN13,2025-10-31T07:00:00Z,PIEN,13,NA,ambient,drought,5,217.7,102,15
PIEN14,2025-10-31T07:00:00Z,PIEN,14,NA,ambient,drought,5,219.4,102,15
PIEN15,2025-10-31T07:00:00Z,PIEN,15,NA,ambient,drought,5,218.4,102,15
PIEN16,2025-10-31T07:00:00Z,PIEN,16,NA,ambient,drought,5,233.7,102,15
PIEN17,2025-10-31T07:00:00Z,PIEN,17,NA,ambient,drought,5,229.9,102,15
PIEN18,2025-10-31T07:00:00Z,PIEN,18,NA,ambient,water,5,510.7,102,15
PIEN19,2025-10-31T07:00:00Z,PIEN,19,NA,ambient,drought,5,351.2,102,15
PIEN20,2025-10-31T07:00:00Z,PIEN,20,NA,ambient,drought,5,218,102,15
PIEN21,2025-10-31T07:00:00Z,PIEN,21,NA,ambient,drought,5,207.8,102,15
PIEN22,2025-10-31T07:00:00Z,PIEN,22,NA,ambient,drought,5,205.8,102,15
PIEN23,2025-10-31T07:00:00Z,PIEN,23,NA,ambient,drought,5,211,102,15
PIEN24,2025-10-31T07:00:00Z,PIEN,24,NA,ambient,water,5,478.1,102,15
PIEN25,2025-10-31T07:00:00Z,PIEN,25,NA,ambient,drought,5,203.2,102,15
PIEN26,2025-10-31T07:00:00Z,PIEN,26,NA,ambient,drought,5,202,102,15
PIEN27,2025-10-31T07:00:00Z,PIEN,27,NA,ambient,water,5,461.6,102,15
PIEN28,2025-10-31T07:00:00Z,PIEN,28,NA,ambient,drought,5,203.3,102,15
PIEN29,2025-10-31T07:00:00Z,PIEN,29,NA,ambient,drought,5,317.7,102,15
PIEN30,2025-10-31T07:00:00Z,PIEN,30,NA,ambient,drought,5,206,102,15
PIEN31,2025-10-31T07:00:00Z,PIEN,31,NA,heatwave,water,5,489.5,102,15
PIEN32,2025-10-31T07:00:00Z,PIEN,32,NA,heatwave,drought,5,227.8,102,15
PIEN33,2025-10-31T07:00:00Z,PIEN,33,NA,heatwave,drought,5,212.1,102,15
PIEN34,2025-10-31T07:00:00Z,PIEN,34,NA,heatwave,water,5,456,102,15
PIEN35,2025-10-31T07:00:00Z,PIEN,35,NA,heatwave,drought,5,207.6,102,15
PIEN36,2025-10-31T07:00:00Z,PIEN,36,NA,heatwave,drought,5,199.1,102,15
PIEN37,2025-10-31T07:00:00Z,PIEN,37,NA,heatwave,drought,5,205.6,102,15
PIEN38,2025-10-31T07:00:00Z,PIEN,38,NA,heatwave,water,5,384.5,102,15
PIEN39,2025-10-31T07:00:00Z,PIEN,39,NA,heatwave,drought,5,211.5,102,15
PIEN40,2025-10-31T07:00:00Z,PIEN,40,NA,heatwave,drought,5,208.9,102,15
PIEN41,2025-10-31T07:00:00Z,PIEN,41,NA,heatwave,drought,5,199.9,102,15
PIEN42,2025-10-31T07:00:00Z,PIEN,42,NA,heatwave,water,5,446.3,102,15
PIEN43,2025-10-31T07:00:00Z,PIEN,43,NA,heatwave,drought,5,193.5,102,15
PIEN44,2025-10-31T07:00:00Z,PIEN,44,NA,heatwave,drought,5,198.8,102,15
PIEN45,2025-10-31T07:00:00Z,PIEN,45,NA,heatwave,drought,5,210.7,102,15
PIEN46,2025-10-31T07:00:00Z,PIEN,46,NA,heatwave,water,5,471.7,102,15
PIEN47,2025-10-31T07:00:00Z,PIEN,47,NA,heatwave,drought,5,200,102,15
PIEN48,2025-10-31T07:00:00Z,PIEN,48,NA,heatwave,drought,5,197.7,102,15
PIEN49,2025-10-31T07:00:00Z,PIEN,49,NA,heatwave,drought,5,202.1,102,15
PIEN50,2025-10-31T07:00:00Z,PIEN,50,NA,heatwave,drought,5,203.7,102,15
PIEN51,2025-10-31T07:00:00Z,PIEN,51,NA,heatwave,drought,5,199.5,102,15
PIEN52,2025-10-31T07:00:00Z,PIEN,52,NA,heatwave,drought,5,216.9,102,15
PIEN53,2025-10-31T07:00:00Z,PIEN,53,NA,heatwave,drought,17.5,200,102,15
PIEN54,2025-10-31T07:00:00Z,PIEN,54,NA,heatwave,drought,5,196,102,15
PIEN55,2025-10-31T07:00:00Z,PIEN,55,NA,heatwave,drought,5,192.3,102,15
PIEN56,2025-10-31T07:00:00Z,PIEN,56,NA,heatwave,drought,5,211.8,102,15
PIEN57,2025-10-31T07:00:00Z,PIEN,57,NA,heatwave,drought,5,199.8,102,15
PIEN58,2025-10-31T07:00:00Z,PIEN,58,NA,heatwave,drought,5,210.1,102,15
PIEN59,2025-10-31T07:00:00Z,PIEN,59,NA,heatwave,drought,5,199.8,102,15
PIEN60,2025-10-31T07:00:00Z,PIEN,60,NA,heatwave,drought,5,200,102,15
PIEN1,2025-11-07T07:00:00Z,PIEN,1,NA,ambient,water,5,477.8,109,16
PIEN2,2025-11-07T07:00:00Z,PIEN,2,NA,ambient,drought,5,212.6,109,16
PIEN3,2025-11-07T07:00:00Z,PIEN,3,NA,ambient,drought,5,209.2,109,16
PIEN4,2025-11-07T07:00:00Z,PIEN,4,NA,ambient,drought,5,199.9,109,16
PIEN5,2025-11-07T07:00:00Z,PIEN,5,NA,ambient,drought,5,207.8,109,16
PIEN6,2025-11-07T07:00:00Z,PIEN,6,NA,ambient,drought,5,212.2,109,16
PIEN7,2025-11-07T07:00:00Z,PIEN,7,NA,ambient,drought,5,215.3,109,16
PIEN8,2025-11-07T07:00:00Z,PIEN,8,NA,ambient,drought,5,229.4,109,16
PIEN9,2025-11-07T07:00:00Z,PIEN,9,NA,ambient,water,17.5,535,109,16
PIEN10,2025-11-07T07:00:00Z,PIEN,10,NA,ambient,drought,5,206,109,16
PIEN11,2025-11-07T07:00:00Z,PIEN,11,NA,ambient,drought,5,205.1,109,16
PIEN12,2025-11-07T07:00:00Z,PIEN,12,NA,ambient,drought,5,218.8,109,16
PIEN13,2025-11-07T07:00:00Z,PIEN,13,NA,ambient,drought,5,213.5,109,16
PIEN14,2025-11-07T07:00:00Z,PIEN,14,NA,ambient,drought,5,214,109,16
PIEN15,2025-11-07T07:00:00Z,PIEN,15,NA,ambient,drought,5,213.3,109,16
PIEN16,2025-11-07T07:00:00Z,PIEN,16,NA,ambient,drought,5,224.8,109,16
PIEN17,2025-11-07T07:00:00Z,PIEN,17,NA,ambient,drought,5,224.3,109,16
PIEN18,2025-11-07T07:00:00Z,PIEN,18,NA,ambient,water,5,491.7,109,16
PIEN19,2025-11-07T07:00:00Z,PIEN,19,NA,ambient,drought,5,331.1,109,16
PIEN20,2025-11-07T07:00:00Z,PIEN,20,NA,ambient,drought,5,213.2,109,16
PIEN21,2025-11-07T07:00:00Z,PIEN,21,NA,ambient,drought,5,202.9,109,16
PIEN22,2025-11-07T07:00:00Z,PIEN,22,NA,ambient,drought,5,200.7,109,16
PIEN23,2025-11-07T07:00:00Z,PIEN,23,NA,ambient,drought,5,205.7,109,16
PIEN24,2025-11-07T07:00:00Z,PIEN,24,NA,ambient,water,5,442.2,109,16
PIEN25,2025-11-07T07:00:00Z,PIEN,25,NA,ambient,drought,5,198.5,109,16
PIEN26,2025-11-07T07:00:00Z,PIEN,26,NA,ambient,drought,5,197.2,109,16
PIEN27,2025-11-07T07:00:00Z,PIEN,27,NA,ambient,water,5,416.1,109,16
PIEN28,2025-11-07T07:00:00Z,PIEN,28,NA,ambient,drought,5,199.2,109,16
PIEN29,2025-11-07T07:00:00Z,PIEN,29,NA,ambient,drought,5,297,109,16
PIEN30,2025-11-07T07:00:00Z,PIEN,30,NA,ambient,drought,5,201.4,109,16
PIEN31,2025-11-07T07:00:00Z,PIEN,31,NA,heatwave,water,5,461.2,109,16
PIEN32,2025-11-07T07:00:00Z,PIEN,32,NA,heatwave,drought,5,218.2,109,16
PIEN33,2025-11-07T07:00:00Z,PIEN,33,NA,heatwave,drought,5,207,109,16
PIEN34,2025-11-07T07:00:00Z,PIEN,34,NA,heatwave,water,5,439,109,16
PIEN35,2025-11-07T07:00:00Z,PIEN,35,NA,heatwave,drought,5,203.9,109,16
PIEN36,2025-11-07T07:00:00Z,PIEN,36,NA,heatwave,drought,5,194.7,109,16
PIEN37,2025-11-07T07:00:00Z,PIEN,37,NA,heatwave,drought,5,200.3,109,16
PIEN38,2025-11-07T07:00:00Z,PIEN,38,NA,heatwave,water,5,384.8,109,16
PIEN39,2025-11-07T07:00:00Z,PIEN,39,NA,heatwave,drought,5,205.6,109,16
PIEN40,2025-11-07T07:00:00Z,PIEN,40,NA,heatwave,drought,5,204.4,109,16
PIEN41,2025-11-07T07:00:00Z,PIEN,41,NA,heatwave,drought,5,194.9,109,16
PIEN42,2025-11-07T07:00:00Z,PIEN,42,NA,heatwave,water,5,401.3,109,16
PIEN43,2025-11-07T07:00:00Z,PIEN,43,NA,heatwave,drought,5,188.4,109,16
PIEN44,2025-11-07T07:00:00Z,PIEN,44,NA,heatwave,drought,5,194.7,109,16
PIEN45,2025-11-07T07:00:00Z,PIEN,45,NA,heatwave,drought,5,205.9,109,16
PIEN46,2025-11-07T07:00:00Z,PIEN,46,NA,heatwave,water,5,448,109,16
PIEN47,2025-11-07T07:00:00Z,PIEN,47,NA,heatwave,drought,5,194.5,109,16
PIEN48,2025-11-07T07:00:00Z,PIEN,48,NA,heatwave,drought,5,192.5,109,16
PIEN49,2025-11-07T07:00:00Z,PIEN,49,NA,heatwave,drought,17.5,196.8,109,16
PIEN50,2025-11-07T07:00:00Z,PIEN,50,NA,heatwave,drought,5,197.8,109,16
PIEN51,2025-11-07T07:00:00Z,PIEN,51,NA,heatwave,drought,5,194.4,109,16
PIEN52,2025-11-07T07:00:00Z,PIEN,52,NA,heatwave,drought,5,208.8,109,16
PIEN53,2025-11-07T07:00:00Z,PIEN,53,NA,heatwave,drought,37.5,195.8,109,16
PIEN54,2025-11-07T07:00:00Z,PIEN,54,NA,heatwave,drought,5,191.1,109,16
PIEN55,2025-11-07T07:00:00Z,PIEN,55,NA,heatwave,drought,5,187.8,109,16
PIEN56,2025-11-07T07:00:00Z,PIEN,56,NA,heatwave,drought,5,206.3,109,16
PIEN57,2025-11-07T07:00:00Z,PIEN,57,NA,heatwave,drought,5,194.9,109,16
PIEN58,2025-11-07T07:00:00Z,PIEN,58,NA,heatwave,drought,5,204.2,109,16
PIEN59,2025-11-07T07:00:00Z,PIEN,59,NA,heatwave,drought,5,194.5,109,16
PIEN60,2025-11-07T07:00:00Z,PIEN,60,NA,heatwave,drought,5,195,109,16
PIEN1,2025-11-17T07:00:00Z,PIEN,1,NA,ambient,water,5,559.4,119,18
PIEN2,2025-11-17T07:00:00Z,PIEN,2,NA,ambient,drought,5,207,119,18
PIEN3,2025-11-17T07:00:00Z,PIEN,3,NA,ambient,drought,5,204.1,119,18
PIEN4,2025-11-17T07:00:00Z,PIEN,4,NA,ambient,drought,5,195.4,119,18
PIEN5,2025-11-17T07:00:00Z,PIEN,5,NA,ambient,drought,5,203.4,119,18
PIEN6,2025-11-17T07:00:00Z,PIEN,6,NA,ambient,drought,5,206,119,18
PIEN7,2025-11-17T07:00:00Z,PIEN,7,NA,ambient,drought,5,210.5,119,18
PIEN8,2025-11-17T07:00:00Z,PIEN,8,NA,ambient,drought,5,220.1,119,18
PIEN9,2025-11-17T07:00:00Z,PIEN,9,NA,ambient,water,5,598.5,119,18
PIEN10,2025-11-17T07:00:00Z,PIEN,10,NA,ambient,drought,5,201.4,119,18
PIEN11,2025-11-17T07:00:00Z,PIEN,11,NA,ambient,drought,5,201,119,18
PIEN12,2025-11-17T07:00:00Z,PIEN,12,NA,ambient,drought,5,212.7,119,18
PIEN13,2025-11-17T07:00:00Z,PIEN,13,NA,ambient,drought,5,209.4,119,18
PIEN14,2025-11-17T07:00:00Z,PIEN,14,NA,ambient,drought,5,208.8,119,18
PIEN15,2025-11-17T07:00:00Z,PIEN,15,NA,ambient,drought,5,208.4,119,18
PIEN16,2025-11-17T07:00:00Z,PIEN,16,NA,ambient,drought,5,217.2,119,18
PIEN17,2025-11-17T07:00:00Z,PIEN,17,NA,ambient,drought,5,218.3,119,18
PIEN18,2025-11-17T07:00:00Z,PIEN,18,NA,ambient,water,5,584.3,119,18
PIEN19,2025-11-17T07:00:00Z,PIEN,19,NA,ambient,drought,5,308.1,119,18
PIEN20,2025-11-17T07:00:00Z,PIEN,20,NA,ambient,drought,5,208.5,119,18
PIEN21,2025-11-17T07:00:00Z,PIEN,21,NA,ambient,drought,5,198.4,119,18
PIEN22,2025-11-17T07:00:00Z,PIEN,22,NA,ambient,drought,5,196.4,119,18
PIEN23,2025-11-17T07:00:00Z,PIEN,23,NA,ambient,drought,5,200.8,119,18
PIEN24,2025-11-17T07:00:00Z,PIEN,24,NA,ambient,water,5,523.5,119,18
PIEN25,2025-11-17T07:00:00Z,PIEN,25,NA,ambient,drought,5,194.5,119,18
PIEN26,2025-11-17T07:00:00Z,PIEN,26,NA,ambient,drought,5,193.4,119,18
PIEN27,2025-11-17T07:00:00Z,PIEN,27,NA,ambient,water,5,500,119,18
PIEN28,2025-11-17T07:00:00Z,PIEN,28,NA,ambient,drought,5,197.4,119,18
PIEN29,2025-11-17T07:00:00Z,PIEN,29,NA,ambient,drought,5,275.3,119,18
PIEN30,2025-11-17T07:00:00Z,PIEN,30,NA,ambient,drought,5,196.8,119,18
PIEN31,2025-11-17T07:00:00Z,PIEN,31,NA,heatwave,water,5,556.7,119,18
PIEN32,2025-11-17T07:00:00Z,PIEN,32,NA,heatwave,drought,5,209.9,119,18
PIEN33,2025-11-17T07:00:00Z,PIEN,33,NA,heatwave,drought,5,202.5,119,18
PIEN34,2025-11-17T07:00:00Z,PIEN,34,NA,heatwave,water,5,547.3,119,18
PIEN35,2025-11-17T07:00:00Z,PIEN,35,NA,heatwave,drought,5,200.7,119,18
PIEN36,2025-11-17T07:00:00Z,PIEN,36,NA,heatwave,drought,5,190.8,119,18
PIEN37,2025-11-17T07:00:00Z,PIEN,37,NA,heatwave,drought,5,194.6,119,18
PIEN38,2025-11-17T07:00:00Z,PIEN,38,NA,heatwave,water,5,497.4,119,18
PIEN39,2025-11-17T07:00:00Z,PIEN,39,NA,heatwave,drought,5,199.4,119,18
PIEN41,2025-11-17T07:00:00Z,PIEN,41,NA,heatwave,drought,5,191.2,119,18
PIEN42,2025-11-17T07:00:00Z,PIEN,42,NA,heatwave,water,5,517.5,119,18
PIEN43,2025-11-17T07:00:00Z,PIEN,43,NA,heatwave,drought,17.5,184.1,119,18
PIEN44,2025-11-17T07:00:00Z,PIEN,44,NA,heatwave,drought,37.5,191.6,119,18
PIEN45,2025-11-17T07:00:00Z,PIEN,45,NA,heatwave,drought,37.5,202.1,119,18
PIEN46,2025-11-17T07:00:00Z,PIEN,46,NA,heatwave,water,5,519.2,119,18
PIEN47,2025-11-17T07:00:00Z,PIEN,47,NA,heatwave,drought,5,190.1,119,18
PIEN48,2025-11-17T07:00:00Z,PIEN,48,NA,heatwave,drought,5,188.4,119,18
PIEN49,2025-11-17T07:00:00Z,PIEN,49,NA,heatwave,drought,17.5,192.1,119,18
PIEN50,2025-11-17T07:00:00Z,PIEN,50,NA,heatwave,drought,5,191.8,119,18
PIEN51,2025-11-17T07:00:00Z,PIEN,51,NA,heatwave,drought,5,189.9,119,18
PIEN52,2025-11-17T07:00:00Z,PIEN,52,NA,heatwave,drought,5,200.4,119,18
PIEN53,2025-11-17T07:00:00Z,PIEN,53,NA,heatwave,drought,37.5,192.9,119,18
PIEN54,2025-11-17T07:00:00Z,PIEN,54,NA,heatwave,drought,5,187.2,119,18
PIEN55,2025-11-17T07:00:00Z,PIEN,55,NA,heatwave,drought,5,184.3,119,18
PIEN56,2025-11-17T07:00:00Z,PIEN,56,NA,heatwave,drought,5,200.9,119,18
PIEN57,2025-11-17T07:00:00Z,PIEN,57,NA,heatwave,drought,5,191.3,119,18
PIEN58,2025-11-17T07:00:00Z,PIEN,58,NA,heatwave,drought,5,198.4,119,18
PIEN59,2025-11-17T07:00:00Z,PIEN,59,NA,heatwave,drought,5,189.7,119,18
PIEN60,2025-11-17T07:00:00Z,PIEN,60,NA,heatwave,drought,5,190.6,119,18
PIEN1,2025-11-24T07:00:00Z,PIEN,1,NA,ambient,water,5,558.3,126,19
PIEN2,2025-11-24T07:00:00Z,PIEN,2,NA,ambient,drought,17.5,205.1,126,19
PIEN3,2025-11-24T07:00:00Z,PIEN,3,NA,ambient,drought,5,202.7,126,19
PIEN4,2025-11-24T07:00:00Z,PIEN,4,NA,ambient,drought,5,194.2,126,19
PIEN5,2025-11-24T07:00:00Z,PIEN,5,NA,ambient,drought,5,202.2,126,19
PIEN6,2025-11-24T07:00:00Z,PIEN,6,NA,ambient,drought,17.5,203.9,126,19
PIEN7,2025-11-24T07:00:00Z,PIEN,7,NA,ambient,drought,5,209,126,19
PIEN8,2025-11-24T07:00:00Z,PIEN,8,NA,ambient,drought,5,217,126,19
PIEN9,2025-11-24T07:00:00Z,PIEN,9,NA,ambient,water,17.5,579,126,19
PIEN10,2025-11-24T07:00:00Z,PIEN,10,NA,ambient,drought,17.5,200.3,126,19
PIEN11,2025-11-24T07:00:00Z,PIEN,11,NA,ambient,drought,5,199.8,126,19
PIEN12,2025-11-24T07:00:00Z,PIEN,12,NA,ambient,drought,5,210.7,126,19
PIEN13,2025-11-24T07:00:00Z,PIEN,13,NA,ambient,drought,17.5,208.4,126,19
PIEN14,2025-11-24T07:00:00Z,PIEN,14,NA,ambient,drought,17.5,207.3,126,19
PIEN15,2025-11-24T07:00:00Z,PIEN,15,NA,ambient,drought,5,207.2,126,19
PIEN16,2025-11-24T07:00:00Z,PIEN,16,NA,ambient,drought,5,214.2,126,19
PIEN17,2025-11-24T07:00:00Z,PIEN,17,NA,ambient,drought,5,216.1,126,19
PIEN18,2025-11-24T07:00:00Z,PIEN,18,NA,ambient,water,5,586.6,126,19
PIEN19,2025-11-24T07:00:00Z,PIEN,19,NA,ambient,drought,5,298.1,126,19
PIEN20,2025-11-24T07:00:00Z,PIEN,20,NA,ambient,drought,5,207.2,126,19
PIEN22,2025-11-24T07:00:00Z,PIEN,22,NA,ambient,drought,5,195.3,126,19
PIEN23,2025-11-24T07:00:00Z,PIEN,23,NA,ambient,drought,5,199.3,126,19
PIEN24,2025-11-24T07:00:00Z,PIEN,24,NA,ambient,water,5,538.6,126,19
PIEN25,2025-11-24T07:00:00Z,PIEN,25,NA,ambient,drought,5,193.4,126,19
PIEN26,2025-11-24T07:00:00Z,PIEN,26,NA,ambient,drought,17.5,192,126,19
PIEN27,2025-11-24T07:00:00Z,PIEN,27,NA,ambient,water,5,518.8,126,19
PIEN28,2025-11-24T07:00:00Z,PIEN,28,NA,ambient,drought,82.5,196.7,126,19
PIEN29,2025-11-24T07:00:00Z,PIEN,29,NA,ambient,drought,5,264.2,126,19
PIEN30,2025-11-24T07:00:00Z,PIEN,30,NA,ambient,drought,37.5,195.4,126,19
PIEN31,2025-11-24T07:00:00Z,PIEN,31,NA,heatwave,water,5,554.6,126,19
PIEN32,2025-11-24T07:00:00Z,PIEN,32,NA,heatwave,drought,5,206.5,126,19
PIEN33,2025-11-24T07:00:00Z,PIEN,33,NA,heatwave,drought,62.5,200.9,126,19
PIEN34,2025-11-24T07:00:00Z,PIEN,34,NA,heatwave,water,5,543.2,126,19
PIEN35,2025-11-24T07:00:00Z,PIEN,35,NA,heatwave,drought,95,199.7,126,19
PIEN36,2025-11-24T07:00:00Z,PIEN,36,NA,heatwave,drought,82.5,189.7,126,19
PIEN37,2025-11-24T07:00:00Z,PIEN,37,NA,heatwave,drought,5,192.6,126,19
PIEN38,2025-11-24T07:00:00Z,PIEN,38,NA,heatwave,water,5,527.8,126,19
PIEN39,2025-11-24T07:00:00Z,PIEN,39,NA,heatwave,drought,17.5,197.5,126,19
PIEN41,2025-11-24T07:00:00Z,PIEN,41,NA,heatwave,drought,95,190.2,126,19
PIEN42,2025-11-24T07:00:00Z,PIEN,42,NA,heatwave,water,5,504.3,126,19
PIEN43,2025-11-24T07:00:00Z,PIEN,43,NA,heatwave,drought,82.5,182.8,126,19
PIEN44,2025-11-24T07:00:00Z,PIEN,44,NA,heatwave,drought,95,190.6,126,19
PIEN45,2025-11-24T07:00:00Z,PIEN,45,NA,heatwave,drought,95,201,126,19
PIEN46,2025-11-24T07:00:00Z,PIEN,46,NA,heatwave,water,5,514.7,126,19
PIEN47,2025-11-24T07:00:00Z,PIEN,47,NA,heatwave,drought,37.5,188.9,126,19
PIEN48,2025-11-24T07:00:00Z,PIEN,48,NA,heatwave,drought,37.5,186.9,126,19
PIEN49,2025-11-24T07:00:00Z,PIEN,49,NA,heatwave,drought,37.5,190.7,126,19
PIEN50,2025-11-24T07:00:00Z,PIEN,50,NA,heatwave,drought,5,189.6,126,19
PIEN51,2025-11-24T07:00:00Z,PIEN,51,NA,heatwave,drought,17.5,188.4,126,19
PIEN52,2025-11-24T07:00:00Z,PIEN,52,NA,heatwave,drought,5,197.3,126,19
PIEN53,2025-11-24T07:00:00Z,PIEN,53,NA,heatwave,drought,95,192.1,126,19
PIEN54,2025-11-24T07:00:00Z,PIEN,54,NA,heatwave,drought,62.5,186,126,19
PIEN55,2025-11-24T07:00:00Z,PIEN,55,NA,heatwave,drought,62.5,183.2,126,19
PIEN56,2025-11-24T07:00:00Z,PIEN,56,NA,heatwave,drought,5,199.3,126,19
PIEN57,2025-11-24T07:00:00Z,PIEN,57,NA,heatwave,drought,95,190.4,126,19
PIEN58,2025-11-24T07:00:00Z,PIEN,58,NA,heatwave,drought,5,196.5,126,19
PIEN59,2025-11-24T07:00:00Z,PIEN,59,NA,heatwave,drought,5,188.3,126,19
PIEN60,2025-11-24T07:00:00Z,PIEN,60,NA,heatwave,drought,5,189.4,126,19
PIFL31,2026-01-12T07:00:00Z,PIFL,31,NA,heatwave,drought,95,188.6,175,NA
PIFL32,2026-01-12T07:00:00Z,PIFL,32,NA,heatwave,drought,95,184.8,175,NA
PIFL33,2026-01-12T07:00:00Z,PIFL,33,NA,heatwave,drought,37.5,187.9,175,NA
PIFL34,2026-01-12T07:00:00Z,PIFL,34,NA,heatwave,drought,95,189.3,175,NA
PIFL35,2026-01-12T07:00:00Z,PIFL,35,NA,heatwave,drought,82.5,183.5,175,NA
PIFL36,2026-01-12T07:00:00Z,PIFL,36,NA,heatwave,water,5,547.7,175,NA
PIFL37,2026-01-12T07:00:00Z,PIFL,37,NA,heatwave,drought,17.5,200,175,NA
PIFL38,2026-01-12T07:00:00Z,PIFL,38,NA,heatwave,drought,95,188.2,175,NA
PIFL39,2026-01-12T07:00:00Z,PIFL,39,NA,heatwave,drought,62.5,187.8,175,NA
PIFL40,2026-01-12T07:00:00Z,PIFL,40,NA,heatwave,drought,17.5,198.6,175,NA
PIFL41,2026-01-12T07:00:00Z,PIFL,41,NA,heatwave,water,5,571.7,175,NA
PIFL42,2026-01-12T07:00:00Z,PIFL,42,NA,heatwave,drought,95,189,175,NA
PIFL43,2026-01-12T07:00:00Z,PIFL,43,NA,heatwave,drought,95,184,175,NA
PIFL44,2026-01-12T07:00:00Z,PIFL,44,NA,heatwave,drought,5,195,175,NA
PIFL45,2026-01-12T07:00:00Z,PIFL,45,NA,heatwave,drought,37.5,182.4,175,NA
PIFL46,2026-01-12T07:00:00Z,PIFL,46,NA,heatwave,water,5,567.8,175,NA
PIFL47,2026-01-12T07:00:00Z,PIFL,47,NA,heatwave,drought,37.5,192.7,175,NA
PIFL48,2026-01-12T07:00:00Z,PIFL,48,NA,heatwave,drought,95,191,175,NA
PIFL49,2026-01-12T07:00:00Z,PIFL,49,NA,heatwave,drought,95,188.1,175,NA
PIFL50,2026-01-12T07:00:00Z,PIFL,50,NA,heatwave,drought,37.5,188.5,175,NA
PIFL51,2026-01-12T07:00:00Z,PIFL,51,NA,heatwave,drought,95,183.5,175,NA
PIFL52,2026-01-12T07:00:00Z,PIFL,52,NA,heatwave,water,5,541,175,NA
PIFL53,2026-01-12T07:00:00Z,PIFL,53,NA,heatwave,drought,5,198.6,175,NA
PIFL54,2026-01-12T07:00:00Z,PIFL,54,NA,heatwave,drought,82.5,188.3,175,NA
PIFL55,2026-01-12T07:00:00Z,PIFL,55,NA,heatwave,water,5,560.9,175,NA
PIFL56,2026-01-12T07:00:00Z,PIFL,56,NA,heatwave,drought,82.5,190.8,175,NA
PIFL57,2026-01-12T07:00:00Z,PIFL,57,NA,heatwave,drought,95,192.8,175,NA
PIFL58,2026-01-12T07:00:00Z,PIFL,58,NA,heatwave,drought,95,188.3,175,NA
PIFL59,2026-01-12T07:00:00Z,PIFL,59,NA,heatwave,drought,95,189.5,175,NA
PIFL60,2026-01-12T07:00:00Z,PIFL,60,NA,heatwave,drought,95,183,175,NA
PIFL1,2025-07-24T07:00:00Z,PIFL,1,4.7,ambient,water,5,526.9,3,1
PIFL2,2025-07-24T07:00:00Z,PIFL,2,5.3,ambient,drought,5,517.7,3,1
PIFL3,2025-07-24T07:00:00Z,PIFL,3,5.7,ambient,drought,5,516.4,3,1
PIFL4,2025-07-24T07:00:00Z,PIFL,4,4.7,ambient,drought,5,494.7,3,1
PIFL5,2025-07-24T07:00:00Z,PIFL,5,5,ambient,drought,5,519.1,3,1
PIFL6,2025-07-24T07:00:00Z,PIFL,6,5.2,ambient,drought,5,537.7,3,1
PIFL7,2025-07-24T07:00:00Z,PIFL,7,5.3,ambient,drought,5,495.5,3,1
PIFL8,2025-07-24T07:00:00Z,PIFL,8,5.9,ambient,drought,5,530.9,3,1
PIFL9,2025-07-24T07:00:00Z,PIFL,9,4.7,ambient,water,5,519,3,1
PIFL10,2025-07-24T07:00:00Z,PIFL,10,4.5,ambient,drought,5,504.2,3,1
PIFL11,2025-07-24T07:00:00Z,PIFL,11,4.9,ambient,drought,5,512.4,3,1
PIFL12,2025-07-24T07:00:00Z,PIFL,12,5.1,ambient,water,5,496.1,3,1
PIFL13,2025-07-24T07:00:00Z,PIFL,13,4.4,ambient,drought,5,477.5,3,1
PIFL14,2025-07-24T07:00:00Z,PIFL,14,4.9,ambient,drought,5,511.1,3,1
PIFL15,2025-07-24T07:00:00Z,PIFL,15,5.6,ambient,drought,5,515,3,1
PIFL16,2025-07-24T07:00:00Z,PIFL,16,4.4,ambient,drought,5,525.5,3,1
PIFL17,2025-07-24T07:00:00Z,PIFL,17,5.2,ambient,drought,5,492.9,3,1
PIFL18,2025-07-24T07:00:00Z,PIFL,18,4.6,ambient,drought,5,505.4,3,1
PIFL19,2025-07-24T07:00:00Z,PIFL,19,6.2,ambient,drought,5,519.3,3,1
PIFL20,2025-07-24T07:00:00Z,PIFL,20,4.9,ambient,drought,5,518.2,3,1
PIFL21,2025-07-24T07:00:00Z,PIFL,21,3.6,ambient,water,5,528,3,1
PIFL22,2025-07-24T07:00:00Z,PIFL,22,6.4,ambient,drought,5,521.8,3,1
PIFL23,2025-07-24T07:00:00Z,PIFL,23,5.1,ambient,drought,5,517.5,3,1
PIFL24,2025-07-24T07:00:00Z,PIFL,24,4.8,ambient,drought,5,556.8,3,1
PIFL25,2025-07-24T07:00:00Z,PIFL,25,5.2,ambient,drought,5,531.9,3,1
PIFL26,2025-07-24T07:00:00Z,PIFL,26,5,ambient,drought,5,515,3,1
PIFL27,2025-07-24T07:00:00Z,PIFL,27,4.9,ambient,drought,5,526.8,3,1
PIFL28,2025-07-24T07:00:00Z,PIFL,28,5.2,ambient,water,5,524.3,3,1
PIFL29,2025-07-24T07:00:00Z,PIFL,29,5.6,ambient,drought,5,525,3,1
PIFL30,2025-07-24T07:00:00Z,PIFL,30,3.9,ambient,drought,5,506.3,3,1
PIFL31,2025-07-24T07:00:00Z,PIFL,31,4.5,heatwave,drought,5,485.6,3,1
PIFL32,2025-07-24T07:00:00Z,PIFL,32,5.4,heatwave,drought,5,506.3,3,1
PIFL33,2025-07-24T07:00:00Z,PIFL,33,5.1,heatwave,drought,5,510.7,3,1
PIFL34,2025-07-24T07:00:00Z,PIFL,34,5,heatwave,drought,5,511.3,3,1
PIFL35,2025-07-24T07:00:00Z,PIFL,35,6.1,heatwave,drought,5,467.8,3,1
PIFL36,2025-07-24T07:00:00Z,PIFL,36,5.2,heatwave,water,5,484.4,3,1
PIFL37,2025-07-24T07:00:00Z,PIFL,37,4.5,heatwave,drought,5,536.1,3,1
PIFL38,2025-07-24T07:00:00Z,PIFL,38,4.5,heatwave,drought,5,470,3,1
PIFL39,2025-07-24T07:00:00Z,PIFL,39,7.6,heatwave,drought,5,519.4,3,1
PIFL40,2025-07-24T07:00:00Z,PIFL,40,4.6,heatwave,drought,5,532.2,3,1
PIFL41,2025-07-24T07:00:00Z,PIFL,41,5.7,heatwave,water,5,500.3,3,1
PIFL42,2025-07-24T07:00:00Z,PIFL,42,5.1,heatwave,drought,5,491.7,3,1
PIFL43,2025-07-24T07:00:00Z,PIFL,43,5.6,heatwave,drought,5,498.3,3,1
PIFL44,2025-07-24T07:00:00Z,PIFL,44,5.6,heatwave,drought,5,516,3,1
PIFL45,2025-07-24T07:00:00Z,PIFL,45,5.2,heatwave,drought,5,481.7,3,1
PIFL46,2025-07-24T07:00:00Z,PIFL,46,5.1,heatwave,water,5,494.5,3,1
PIFL47,2025-07-24T07:00:00Z,PIFL,47,5.1,heatwave,drought,5,511.7,3,1
PIFL48,2025-07-24T07:00:00Z,PIFL,48,5.7,heatwave,drought,5,504.4,3,1
PIFL49,2025-07-24T07:00:00Z,PIFL,49,6.4,heatwave,drought,5,502.5,3,1
PIFL50,2025-07-24T07:00:00Z,PIFL,50,5.9,heatwave,drought,5,502.9,3,1
PIFL51,2025-07-24T07:00:00Z,PIFL,51,4.3,heatwave,drought,5,460.7,3,1
PIFL52,2025-07-24T07:00:00Z,PIFL,52,5.9,heatwave,water,5,490.7,3,1
PIFL53,2025-07-24T07:00:00Z,PIFL,53,5.6,heatwave,drought,5,515.6,3,1
PIFL54,2025-07-24T07:00:00Z,PIFL,54,5.7,heatwave,drought,5,512,3,1
PIFL55,2025-07-24T07:00:00Z,PIFL,55,5.3,heatwave,water,5,487.9,3,1
PIFL56,2025-07-24T07:00:00Z,PIFL,56,5.3,heatwave,drought,5,508.8,3,1
PIFL57,2025-07-24T07:00:00Z,PIFL,57,4.7,heatwave,drought,5,511.7,3,1
PIFL58,2025-07-24T07:00:00Z,PIFL,58,6.2,heatwave,drought,5,507.8,3,1
PIFL59,2025-07-24T07:00:00Z,PIFL,59,5.1,heatwave,drought,5,487.9,3,1
PIFL60,2025-07-24T07:00:00Z,PIFL,60,5,heatwave,drought,5,483.7,3,1
PIFL1,2025-07-31T07:00:00Z,PIFL,1,4.4,ambient,water,5,505.2,10,2
PIFL2,2025-07-31T07:00:00Z,PIFL,2,5.2,ambient,drought,5,478.7,10,2
PIFL3,2025-07-31T07:00:00Z,PIFL,3,6.3,ambient,drought,5,465.8,10,2
PIFL4,2025-07-31T07:00:00Z,PIFL,4,4.5,ambient,drought,5,443.2,10,2
PIFL5,2025-07-31T07:00:00Z,PIFL,5,4.6,ambient,drought,5,475,10,2
PIFL6,2025-07-31T07:00:00Z,PIFL,6,4.8,ambient,drought,5,484.6,10,2
PIFL7,2025-07-31T07:00:00Z,PIFL,7,4.4,ambient,drought,5,427,10,2
PIFL8,2025-07-31T07:00:00Z,PIFL,8,5.7,ambient,drought,5,493.6,10,2
PIFL9,2025-07-31T07:00:00Z,PIFL,9,4.6,ambient,water,5,514.2,10,2
PIFL10,2025-07-31T07:00:00Z,PIFL,10,4.4,ambient,drought,5,437.6,10,2
PIFL11,2025-07-31T07:00:00Z,PIFL,11,5.3,ambient,drought,5,470.4,10,2
PIFL12,2025-07-31T07:00:00Z,PIFL,12,5.2,ambient,water,5,470.9,10,2
PIFL13,2025-07-31T07:00:00Z,PIFL,13,4.4,ambient,drought,5,421.6,10,2
PIFL14,2025-07-31T07:00:00Z,PIFL,14,4.4,ambient,drought,5,475.6,10,2
PIFL15,2025-07-31T07:00:00Z,PIFL,15,5.4,ambient,drought,5,469.7,10,2
PIFL16,2025-07-31T07:00:00Z,PIFL,16,4.4,ambient,drought,5,485.2,10,2
PIFL17,2025-07-31T07:00:00Z,PIFL,17,4.3,ambient,drought,5,446,10,2
PIFL18,2025-07-31T07:00:00Z,PIFL,18,4.7,ambient,drought,5,456.9,10,2
PIFL19,2025-07-31T07:00:00Z,PIFL,19,6.4,ambient,drought,5,475,10,2
PIFL20,2025-07-31T07:00:00Z,PIFL,20,4.5,ambient,drought,5,470.8,10,2
PIFL21,2025-07-31T07:00:00Z,PIFL,21,4.5,ambient,water,5,518.7,10,2
PIFL22,2025-07-31T07:00:00Z,PIFL,22,6.2,ambient,drought,5,491.9,10,2
PIFL23,2025-07-31T07:00:00Z,PIFL,23,5,ambient,drought,5,483.5,10,2
PIFL24,2025-07-31T07:00:00Z,PIFL,24,5.3,ambient,drought,5,531.9,10,2
PIFL25,2025-07-31T07:00:00Z,PIFL,25,5,ambient,drought,5,505.1,10,2
PIFL26,2025-07-31T07:00:00Z,PIFL,26,4.6,ambient,drought,5,473.5,10,2
PIFL27,2025-07-31T07:00:00Z,PIFL,27,5.1,ambient,drought,5,494.5,10,2
PIFL28,2025-07-31T07:00:00Z,PIFL,28,5.3,ambient,water,5,493,10,2
PIFL29,2025-07-31T07:00:00Z,PIFL,29,4.9,ambient,drought,5,478.9,10,2
PIFL30,2025-07-31T07:00:00Z,PIFL,30,3.8,ambient,drought,5,453.6,10,2
PIFL31,2025-07-31T07:00:00Z,PIFL,31,5,heatwave,drought,5,450.3,10,2
PIFL32,2025-07-31T07:00:00Z,PIFL,32,5.4,heatwave,drought,5,470.9,10,2
PIFL33,2025-07-31T07:00:00Z,PIFL,33,5.2,heatwave,drought,5,482.6,10,2
PIFL34,2025-07-31T07:00:00Z,PIFL,34,4.7,heatwave,drought,5,472.3,10,2
PIFL35,2025-07-31T07:00:00Z,PIFL,35,5.1,heatwave,drought,5,425,10,2
PIFL36,2025-07-31T07:00:00Z,PIFL,36,4.8,heatwave,water,5,484.7,10,2
PIFL37,2025-07-31T07:00:00Z,PIFL,37,4.4,heatwave,drought,5,511.2,10,2
PIFL38,2025-07-31T07:00:00Z,PIFL,38,4.6,heatwave,drought,5,426.5,10,2
PIFL39,2025-07-31T07:00:00Z,PIFL,39,6.2,heatwave,drought,5,492.4,10,2
PIFL40,2025-07-31T07:00:00Z,PIFL,40,4.1,heatwave,drought,5,512.7,10,2
PIFL41,2025-07-31T07:00:00Z,PIFL,41,5.6,heatwave,water,5,501.7,10,2
PIFL42,2025-07-31T07:00:00Z,PIFL,42,5.1,heatwave,drought,5,455.8,10,2
PIFL43,2025-07-31T07:00:00Z,PIFL,43,4.5,heatwave,drought,5,460.4,10,2
PIFL44,2025-07-31T07:00:00Z,PIFL,44,5.1,heatwave,drought,5,494,10,2
PIFL45,2025-07-31T07:00:00Z,PIFL,45,5.1,heatwave,drought,5,445.4,10,2
PIFL46,2025-07-31T07:00:00Z,PIFL,46,5.1,heatwave,water,5,486.2,10,2
PIFL47,2025-07-31T07:00:00Z,PIFL,47,4.8,heatwave,drought,5,495.4,10,2
PIFL48,2025-07-31T07:00:00Z,PIFL,48,5.5,heatwave,drought,5,458.3,10,2
PIFL49,2025-07-31T07:00:00Z,PIFL,49,5.9,heatwave,drought,5,474.5,10,2
PIFL50,2025-07-31T07:00:00Z,PIFL,50,4.7,heatwave,drought,5,472.7,10,2
PIFL51,2025-07-31T07:00:00Z,PIFL,51,4.5,heatwave,drought,5,419.2,10,2
PIFL52,2025-07-31T07:00:00Z,PIFL,52,5.8,heatwave,water,5,485.7,10,2
PIFL53,2025-07-31T07:00:00Z,PIFL,53,4.9,heatwave,drought,5,492.6,10,2
PIFL54,2025-07-31T07:00:00Z,PIFL,54,4.5,heatwave,drought,5,487.2,10,2
PIFL55,2025-07-31T07:00:00Z,PIFL,55,5,heatwave,water,5,465.1,10,2
PIFL56,2025-07-31T07:00:00Z,PIFL,56,4.3,heatwave,drought,5,484.3,10,2
PIFL57,2025-07-31T07:00:00Z,PIFL,57,5.1,heatwave,drought,5,481.7,10,2
PIFL58,2025-07-31T07:00:00Z,PIFL,58,5.3,heatwave,drought,5,475.3,10,2
PIFL59,2025-07-31T07:00:00Z,PIFL,59,4.7,heatwave,drought,5,446.2,10,2
PIFL60,2025-07-31T07:00:00Z,PIFL,60,4.6,heatwave,drought,5,441,10,2
PIFL1,2025-08-07T07:00:00Z,PIFL,1,4.6,ambient,water,5,531.6,17,3
PIFL2,2025-08-07T07:00:00Z,PIFL,2,4.9,ambient,drought,5,461.5,17,3
PIFL3,2025-08-07T07:00:00Z,PIFL,3,5.8,ambient,drought,5,444.1,17,3
PIFL4,2025-08-07T07:00:00Z,PIFL,4,4.5,ambient,drought,5,409.2,17,3
PIFL5,2025-08-07T07:00:00Z,PIFL,5,4.4,ambient,drought,5,446.6,17,3
PIFL6,2025-08-07T07:00:00Z,PIFL,6,5.2,ambient,drought,5,456.4,17,3
PIFL7,2025-08-07T07:00:00Z,PIFL,7,4.2,ambient,drought,5,384.4,17,3
PIFL8,2025-08-07T07:00:00Z,PIFL,8,5.6,ambient,drought,5,474.6,17,3
PIFL9,2025-08-07T07:00:00Z,PIFL,9,4.7,ambient,water,5,535.1,17,3
PIFL10,2025-08-07T07:00:00Z,PIFL,10,4.4,ambient,drought,5,388,17,3
PIFL11,2025-08-07T07:00:00Z,PIFL,11,4.2,ambient,drought,5,446.4,17,3
PIFL12,2025-08-07T07:00:00Z,PIFL,12,4.5,ambient,water,5,523.2,17,3
PIFL13,2025-08-07T07:00:00Z,PIFL,13,4.1,ambient,drought,5,379.3,17,3
PIFL14,2025-08-07T07:00:00Z,PIFL,14,4.6,ambient,drought,5,453.6,17,3
PIFL15,2025-08-07T07:00:00Z,PIFL,15,5.1,ambient,drought,5,427.9,17,3
PIFL16,2025-08-07T07:00:00Z,PIFL,16,4,ambient,drought,5,464,17,3
PIFL17,2025-08-07T07:00:00Z,PIFL,17,4.2,ambient,drought,5,408.7,17,3
PIFL18,2025-08-07T07:00:00Z,PIFL,18,4.5,ambient,drought,5,424.7,17,3
PIFL19,2025-08-07T07:00:00Z,PIFL,19,6,ambient,drought,5,442.8,17,3
PIFL20,2025-08-07T07:00:00Z,PIFL,20,4.7,ambient,drought,5,434.4,17,3
PIFL21,2025-08-07T07:00:00Z,PIFL,21,4.2,ambient,water,5,531.7,17,3
PIFL22,2025-08-07T07:00:00Z,PIFL,22,6.2,ambient,drought,5,468.4,17,3
PIFL23,2025-08-07T07:00:00Z,PIFL,23,4.4,ambient,drought,5,458.2,17,3
PIFL24,2025-08-07T07:00:00Z,PIFL,24,4.5,ambient,drought,5,516.4,17,3
PIFL25,2025-08-07T07:00:00Z,PIFL,25,4.5,ambient,drought,5,489.7,17,3
PIFL26,2025-08-07T07:00:00Z,PIFL,26,5,ambient,drought,5,438.2,17,3
PIFL27,2025-08-07T07:00:00Z,PIFL,27,4.9,ambient,drought,5,472.7,17,3
PIFL28,2025-08-07T07:00:00Z,PIFL,28,5.1,ambient,water,5,507.5,17,3
PIFL29,2025-08-07T07:00:00Z,PIFL,29,5,ambient,drought,5,446.8,17,3
PIFL30,2025-08-07T07:00:00Z,PIFL,30,3.8,ambient,drought,5,408.6,17,3
PIFL31,2025-08-07T07:00:00Z,PIFL,31,4.4,heatwave,drought,5,420.2,17,3
PIFL32,2025-08-07T07:00:00Z,PIFL,32,5.9,heatwave,drought,5,442.3,17,3
PIFL33,2025-08-07T07:00:00Z,PIFL,33,5.4,heatwave,drought,5,461.9,17,3
PIFL34,2025-08-07T07:00:00Z,PIFL,34,4.4,heatwave,drought,5,441.6,17,3
PIFL35,2025-08-07T07:00:00Z,PIFL,35,4.9,heatwave,drought,5,387,17,3
PIFL36,2025-08-07T07:00:00Z,PIFL,36,5.3,heatwave,water,5,517.2,17,3
PIFL37,2025-08-07T07:00:00Z,PIFL,37,4.3,heatwave,drought,5,496.8,17,3
PIFL38,2025-08-07T07:00:00Z,PIFL,38,4.6,heatwave,drought,5,389.8,17,3
PIFL39,2025-08-07T07:00:00Z,PIFL,39,5.6,heatwave,drought,5,469.2,17,3
PIFL40,2025-08-07T07:00:00Z,PIFL,40,4.2,heatwave,drought,5,492.3,17,3
PIFL41,2025-08-07T07:00:00Z,PIFL,41,5.7,heatwave,water,5,522.6,17,3
PIFL42,2025-08-07T07:00:00Z,PIFL,42,4.7,heatwave,drought,5,420.5,17,3
PIFL43,2025-08-07T07:00:00Z,PIFL,43,4.7,heatwave,drought,5,425.7,17,3
PIFL44,2025-08-07T07:00:00Z,PIFL,44,4.8,heatwave,drought,5,472.8,17,3
PIFL45,2025-08-07T07:00:00Z,PIFL,45,4.9,heatwave,drought,5,408.2,17,3
PIFL46,2025-08-07T07:00:00Z,PIFL,46,4.6,heatwave,water,5,503.3,17,3
PIFL47,2025-08-07T07:00:00Z,PIFL,47,5.2,heatwave,drought,5,476,17,3
PIFL48,2025-08-07T07:00:00Z,PIFL,48,5.5,heatwave,drought,5,416.1,17,3
PIFL49,2025-08-07T07:00:00Z,PIFL,49,5.4,heatwave,drought,5,451,17,3
PIFL50,2025-08-07T07:00:00Z,PIFL,50,4,heatwave,drought,5,446.9,17,3
PIFL51,2025-08-07T07:00:00Z,PIFL,51,4.6,heatwave,drought,5,368.8,17,3
PIFL52,2025-08-07T07:00:00Z,PIFL,52,5.7,heatwave,water,5,516,17,3
PIFL53,2025-08-07T07:00:00Z,PIFL,53,4.9,heatwave,drought,5,475,17,3
PIFL54,2025-08-07T07:00:00Z,PIFL,54,4.6,heatwave,drought,5,465,17,3
PIFL55,2025-08-07T07:00:00Z,PIFL,55,5,heatwave,water,5,488.2,17,3
PIFL56,2025-08-07T07:00:00Z,PIFL,56,4.2,heatwave,drought,5,456.5,17,3
PIFL57,2025-08-07T07:00:00Z,PIFL,57,4.4,heatwave,drought,5,452.4,17,3
PIFL58,2025-08-07T07:00:00Z,PIFL,58,5,heatwave,drought,5,444.1,17,3
PIFL59,2025-08-07T07:00:00Z,PIFL,59,4.3,heatwave,drought,5,404.3,17,3
PIFL60,2025-08-07T07:00:00Z,PIFL,60,4.5,heatwave,drought,5,398.8,17,3
PIFL1,2025-08-14T07:00:00Z,PIFL,1,4.8,ambient,water,5,536,24,4
PIFL2,2025-08-14T07:00:00Z,PIFL,2,4.4,ambient,drought,5,442.3,24,4
PIFL3,2025-08-14T07:00:00Z,PIFL,3,5.1,ambient,drought,5,420,24,4
PIFL4,2025-08-14T07:00:00Z,PIFL,4,4.4,ambient,drought,5,377.4,24,4
PIFL5,2025-08-14T07:00:00Z,PIFL,5,4.2,ambient,drought,5,420,24,4
PIFL6,2025-08-14T07:00:00Z,PIFL,6,4.7,ambient,drought,5,423.9,24,4
PIFL7,2025-08-14T07:00:00Z,PIFL,7,4.4,ambient,drought,5,343.9,24,4
PIFL8,2025-08-14T07:00:00Z,PIFL,8,5.6,ambient,drought,5,455.8,24,4
PIFL9,2025-08-14T07:00:00Z,PIFL,9,4.7,ambient,water,5,548.3,24,4
PIFL10,2025-08-14T07:00:00Z,PIFL,10,4.1,ambient,drought,5,340.7,24,4
PIFL11,2025-08-14T07:00:00Z,PIFL,11,3.9,ambient,drought,5,418.9,24,4
PIFL12,2025-08-14T07:00:00Z,PIFL,12,4.8,ambient,water,5,537.9,24,4
PIFL13,2025-08-14T07:00:00Z,PIFL,13,4.3,ambient,drought,5,335.4,24,4
PIFL14,2025-08-14T07:00:00Z,PIFL,14,4,ambient,drought,5,423.4,24,4
PIFL15,2025-08-14T07:00:00Z,PIFL,15,5.2,ambient,drought,5,390.4,24,4
PIFL16,2025-08-14T07:00:00Z,PIFL,16,4.1,ambient,drought,5,439.2,24,4
PIFL17,2025-08-14T07:00:00Z,PIFL,17,3.6,ambient,drought,5,369.1,24,4
PIFL18,2025-08-14T07:00:00Z,PIFL,18,3.9,ambient,drought,5,386.9,24,4
PIFL19,2025-08-14T07:00:00Z,PIFL,19,5.8,ambient,drought,5,405.6,24,4
PIFL20,2025-08-14T07:00:00Z,PIFL,20,5,ambient,drought,5,405.3,24,4
PIFL21,2025-08-14T07:00:00Z,PIFL,21,4.6,ambient,water,5,532.5,24,4
PIFL22,2025-08-14T07:00:00Z,PIFL,22,5.7,ambient,drought,5,435.3,24,4
PIFL23,2025-08-14T07:00:00Z,PIFL,23,4.4,ambient,drought,5,423.6,24,4
PIFL24,2025-08-14T07:00:00Z,PIFL,24,4.5,ambient,drought,5,499.4,24,4
PIFL25,2025-08-14T07:00:00Z,PIFL,25,4.6,ambient,drought,5,476.8,24,4
PIFL26,2025-08-14T07:00:00Z,PIFL,26,4.8,ambient,drought,5,400.3,24,4
PIFL27,2025-08-14T07:00:00Z,PIFL,27,5,ambient,drought,5,451.4,24,4
PIFL28,2025-08-14T07:00:00Z,PIFL,28,5.3,ambient,water,5,531.9,24,4
PIFL29,2025-08-14T07:00:00Z,PIFL,29,5,ambient,drought,5,422.4,24,4
PIFL30,2025-08-14T07:00:00Z,PIFL,30,3.9,ambient,drought,5,375.7,24,4
PIFL31,2025-08-14T07:00:00Z,PIFL,31,4.6,heatwave,drought,5,341,24,4
PIFL32,2025-08-14T07:00:00Z,PIFL,32,5.4,heatwave,drought,5,345.4,24,4
PIFL33,2025-08-14T07:00:00Z,PIFL,33,4.6,heatwave,drought,5,372.8,24,4
PIFL34,2025-08-14T07:00:00Z,PIFL,34,4.5,heatwave,drought,5,351.3,24,4
PIFL35,2025-08-14T07:00:00Z,PIFL,35,5.1,heatwave,drought,5,286.2,24,4
PIFL36,2025-08-14T07:00:00Z,PIFL,36,4.5,heatwave,water,5,461.1,24,4
PIFL37,2025-08-14T07:00:00Z,PIFL,37,4.3,heatwave,drought,5,415.2,24,4
PIFL38,2025-08-14T07:00:00Z,PIFL,38,4.5,heatwave,drought,5,288.4,24,4
PIFL39,2025-08-14T07:00:00Z,PIFL,39,5.2,heatwave,drought,5,385.1,24,4
PIFL40,2025-08-14T07:00:00Z,PIFL,40,4.5,heatwave,drought,5,428.3,24,4
PIFL41,2025-08-14T07:00:00Z,PIFL,41,5.1,heatwave,water,5,446.3,24,4
PIFL42,2025-08-14T07:00:00Z,PIFL,42,4.6,heatwave,drought,5,301.3,24,4
PIFL43,2025-08-14T07:00:00Z,PIFL,43,4.4,heatwave,drought,5,304.6,24,4
PIFL44,2025-08-14T07:00:00Z,PIFL,44,4.2,heatwave,drought,5,384.9,24,4
PIFL45,2025-08-14T07:00:00Z,PIFL,45,4.5,heatwave,drought,5,305.1,24,4
PIFL46,2025-08-14T07:00:00Z,PIFL,46,4.3,heatwave,water,5,400.6,24,4
PIFL47,2025-08-14T07:00:00Z,PIFL,47,5.4,heatwave,drought,5,399,24,4
PIFL48,2025-08-14T07:00:00Z,PIFL,48,5.2,heatwave,drought,5,289.9,24,4
PIFL49,2025-08-14T07:00:00Z,PIFL,49,5.2,heatwave,drought,5,354.7,24,4
PIFL50,2025-08-14T07:00:00Z,PIFL,50,5.4,heatwave,drought,5,363.1,24,4
PIFL51,2025-08-14T07:00:00Z,PIFL,51,4.6,heatwave,drought,5,281.2,24,4
PIFL52,2025-08-14T07:00:00Z,PIFL,52,6,heatwave,water,5,462.6,24,4
PIFL53,2025-08-14T07:00:00Z,PIFL,53,4.6,heatwave,drought,5,395.2,24,4
PIFL54,2025-08-14T07:00:00Z,PIFL,54,4.3,heatwave,drought,5,375.1,24,4
PIFL55,2025-08-14T07:00:00Z,PIFL,55,4.7,heatwave,water,5,359.1,24,4
PIFL56,2025-08-14T07:00:00Z,PIFL,56,4.2,heatwave,drought,5,370.2,24,4
PIFL57,2025-08-14T07:00:00Z,PIFL,57,5.1,heatwave,drought,5,352.9,24,4
PIFL58,2025-08-14T07:00:00Z,PIFL,58,4.4,heatwave,drought,5,337.6,24,4
PIFL59,2025-08-14T07:00:00Z,PIFL,59,4.2,heatwave,drought,5,297,24,4
PIFL60,2025-08-14T07:00:00Z,PIFL,60,4.7,heatwave,drought,5,287.8,24,4
PIFL1,2025-08-19T07:00:00Z,PIFL,1,4.5,ambient,water,5,546.8,29,5
PIFL2,2025-08-19T07:00:00Z,PIFL,2,5.2,ambient,drought,5,428.7,29,5
PIFL3,2025-08-19T07:00:00Z,PIFL,3,4.4,ambient,drought,5,400.4,29,5
PIFL4,2025-08-19T07:00:00Z,PIFL,4,4.5,ambient,drought,5,351.4,29,5
PIFL5,2025-08-19T07:00:00Z,PIFL,5,4.5,ambient,drought,5,399.5,29,5
PIFL6,2025-08-19T07:00:00Z,PIFL,6,4.7,ambient,drought,5,402.6,29,5
PIFL7,2025-08-19T07:00:00Z,PIFL,7,4.7,ambient,drought,5,317.8,29,5
PIFL8,2025-08-19T07:00:00Z,PIFL,8,5.9,ambient,drought,5,445.4,29,5
PIFL9,2025-08-19T07:00:00Z,PIFL,9,5.1,ambient,water,5,560,29,5
PIFL10,2025-08-19T07:00:00Z,PIFL,10,4.3,ambient,drought,5,313,29,5
PIFL11,2025-08-19T07:00:00Z,PIFL,11,4.3,ambient,drought,5,399.1,29,5
PIFL12,2025-08-19T07:00:00Z,PIFL,12,5.2,ambient,water,5,557.5,29,5
PIFL13,2025-08-19T07:00:00Z,PIFL,13,4.5,ambient,drought,5,311.1,29,5
PIFL14,2025-08-19T07:00:00Z,PIFL,14,4.3,ambient,drought,5,409.4,29,5
PIFL15,2025-08-19T07:00:00Z,PIFL,15,5.2,ambient,drought,5,366.9,29,5
PIFL16,2025-08-19T07:00:00Z,PIFL,16,3.9,ambient,drought,5,423.4,29,5
PIFL17,2025-08-19T07:00:00Z,PIFL,17,4.2,ambient,drought,5,346.4,29,5
PIFL18,2025-08-19T07:00:00Z,PIFL,18,4.6,ambient,drought,5,368.2,29,5
PIFL19,2025-08-19T07:00:00Z,PIFL,19,5.6,ambient,drought,5,388.4,29,5
PIFL20,2025-08-19T07:00:00Z,PIFL,20,4.7,ambient,drought,5,387.8,29,5
PIFL21,2025-08-19T07:00:00Z,PIFL,21,5.4,ambient,water,5,555.7,29,5
PIFL22,2025-08-19T07:00:00Z,PIFL,22,5.1,ambient,drought,5,419,29,5
PIFL23,2025-08-19T07:00:00Z,PIFL,23,4.9,ambient,drought,5,402.1,29,5
PIFL24,2025-08-19T07:00:00Z,PIFL,24,4.9,ambient,drought,5,487.7,29,5
PIFL25,2025-08-19T07:00:00Z,PIFL,25,5,ambient,drought,5,464.6,29,5
PIFL26,2025-08-19T07:00:00Z,PIFL,26,4.5,ambient,drought,5,379.3,29,5
PIFL27,2025-08-19T07:00:00Z,PIFL,27,5.1,ambient,drought,5,438.8,29,5
PIFL28,2025-08-19T07:00:00Z,PIFL,28,5.5,ambient,water,5,447.2,29,5
PIFL29,2025-08-19T07:00:00Z,PIFL,29,4.9,ambient,drought,5,399.4,29,5
PIFL30,2025-08-19T07:00:00Z,PIFL,30,3.8,ambient,drought,5,345.6,29,5
PIFL31,2025-08-19T07:00:00Z,PIFL,31,4.4,heatwave,drought,5,314.8,29,5
PIFL32,2025-08-19T07:00:00Z,PIFL,32,5.1,heatwave,drought,5,312.2,29,5
PIFL33,2025-08-19T07:00:00Z,PIFL,33,4.9,heatwave,drought,5,342.3,29,5
PIFL34,2025-08-19T07:00:00Z,PIFL,34,4.4,heatwave,drought,5,326.3,29,5
PIFL35,2025-08-19T07:00:00Z,PIFL,35,5.2,heatwave,drought,5,267.8,29,5
PIFL36,2025-08-19T07:00:00Z,PIFL,36,5,heatwave,water,5,518,29,5
PIFL37,2025-08-19T07:00:00Z,PIFL,37,4.7,heatwave,drought,5,392.3,29,5
PIFL38,2025-08-19T07:00:00Z,PIFL,38,4.4,heatwave,drought,5,268.4,29,5
PIFL39,2025-08-19T07:00:00Z,PIFL,39,5.4,heatwave,drought,5,361.6,29,5
PIFL40,2025-08-19T07:00:00Z,PIFL,40,4.6,heatwave,drought,5,402.4,29,5
PIFL41,2025-08-19T07:00:00Z,PIFL,41,4.8,heatwave,water,5,521.5,29,5
PIFL42,2025-08-19T07:00:00Z,PIFL,42,4.5,heatwave,drought,5,271.1,29,5
PIFL43,2025-08-19T07:00:00Z,PIFL,43,4.3,heatwave,drought,5,278.2,29,5
PIFL44,2025-08-19T07:00:00Z,PIFL,44,4.2,heatwave,drought,5,361.3,29,5
PIFL45,2025-08-19T07:00:00Z,PIFL,45,4.8,heatwave,drought,5,284.8,29,5
PIFL46,2025-08-19T07:00:00Z,PIFL,46,4.7,heatwave,water,5,512.7,29,5
PIFL47,2025-08-19T07:00:00Z,PIFL,47,5.1,heatwave,drought,5,373.7,29,5
PIFL48,2025-08-19T07:00:00Z,PIFL,48,5.2,heatwave,drought,5,268.3,29,5
PIFL49,2025-08-19T07:00:00Z,PIFL,49,5.7,heatwave,drought,5,322.9,29,5
PIFL50,2025-08-19T07:00:00Z,PIFL,50,4.2,heatwave,drought,5,342,29,5
PIFL51,2025-08-19T07:00:00Z,PIFL,51,3.8,heatwave,drought,5,264.2,29,5
PIFL52,2025-08-19T07:00:00Z,PIFL,52,5.4,heatwave,water,5,541.9,29,5
PIFL53,2025-08-19T07:00:00Z,PIFL,53,4.6,heatwave,drought,5,370.4,29,5
PIFL54,2025-08-19T07:00:00Z,PIFL,54,4.3,heatwave,drought,5,344.3,29,5
PIFL55,2025-08-19T07:00:00Z,PIFL,55,5.1,heatwave,water,5,412.7,29,5
PIFL56,2025-08-19T07:00:00Z,PIFL,56,4.6,heatwave,drought,5,345.3,29,5
PIFL57,2025-08-19T07:00:00Z,PIFL,57,4.3,heatwave,drought,5,320.6,29,5
PIFL58,2025-08-19T07:00:00Z,PIFL,58,4.6,heatwave,drought,5,302.4,29,5
PIFL59,2025-08-19T07:00:00Z,PIFL,59,4.5,heatwave,drought,5,275.2,29,5
PIFL60,2025-08-19T07:00:00Z,PIFL,60,5.1,heatwave,drought,5,265.6,29,5
PIFL1,2025-08-29T07:00:00Z,PIFL,1,NA,ambient,water,5,538.6,39,6
PIFL2,2025-08-29T07:00:00Z,PIFL,2,NA,ambient,drought,5,402.6,39,6
PIFL3,2025-08-29T07:00:00Z,PIFL,3,NA,ambient,drought,5,367.4,39,6
PIFL4,2025-08-29T07:00:00Z,PIFL,4,NA,ambient,drought,5,308,39,6
PIFL5,2025-08-29T07:00:00Z,PIFL,5,NA,ambient,drought,5,360.6,39,6
PIFL6,2025-08-29T07:00:00Z,PIFL,6,NA,ambient,drought,5,359.5,39,6
PIFL7,2025-08-29T07:00:00Z,PIFL,7,NA,ambient,drought,5,273.3,39,6
PIFL8,2025-08-29T07:00:00Z,PIFL,8,NA,ambient,drought,5,426.1,39,6
PIFL9,2025-08-29T07:00:00Z,PIFL,9,NA,ambient,water,5,561.6,39,6
PIFL10,2025-08-29T07:00:00Z,PIFL,10,NA,ambient,drought,5,269.8,39,6
PIFL11,2025-08-29T07:00:00Z,PIFL,11,NA,ambient,drought,5,358.4,39,6
PIFL12,2025-08-29T07:00:00Z,PIFL,12,NA,ambient,water,5,547.9,39,6
PIFL13,2025-08-29T07:00:00Z,PIFL,13,NA,ambient,drought,5,272.2,39,6
PIFL14,2025-08-29T07:00:00Z,PIFL,14,NA,ambient,drought,5,382.1,39,6
PIFL15,2025-08-29T07:00:00Z,PIFL,15,NA,ambient,drought,5,321.2,39,6
PIFL16,2025-08-29T07:00:00Z,PIFL,16,NA,ambient,drought,5,392.7,39,6
PIFL17,2025-08-29T07:00:00Z,PIFL,17,NA,ambient,drought,5,296.4,39,6
PIFL18,2025-08-29T07:00:00Z,PIFL,18,NA,ambient,drought,5,326.7,39,6
PIFL19,2025-08-29T07:00:00Z,PIFL,19,NA,ambient,drought,5,355.9,39,6
PIFL20,2025-08-29T07:00:00Z,PIFL,20,NA,ambient,drought,5,355.9,39,6
PIFL21,2025-08-29T07:00:00Z,PIFL,21,NA,ambient,water,5,555.8,39,6
PIFL22,2025-08-29T07:00:00Z,PIFL,22,NA,ambient,drought,5,384.7,39,6
PIFL23,2025-08-29T07:00:00Z,PIFL,23,NA,ambient,drought,5,363.7,39,6
PIFL24,2025-08-29T07:00:00Z,PIFL,24,NA,ambient,drought,5,467.7,39,6
PIFL25,2025-08-29T07:00:00Z,PIFL,25,NA,ambient,drought,5,444.3,39,6
PIFL26,2025-08-29T07:00:00Z,PIFL,26,NA,ambient,drought,5,338.3,39,6
PIFL27,2025-08-29T07:00:00Z,PIFL,27,NA,ambient,drought,5,418.1,39,6
PIFL28,2025-08-29T07:00:00Z,PIFL,28,NA,ambient,water,5,544.4,39,6
PIFL29,2025-08-29T07:00:00Z,PIFL,29,NA,ambient,drought,5,364.8,39,6
PIFL30,2025-08-29T07:00:00Z,PIFL,30,NA,ambient,drought,5,301.1,39,6
PIFL31,2025-08-29T07:00:00Z,PIFL,31,NA,heatwave,drought,5,287.6,39,6
PIFL32,2025-08-29T07:00:00Z,PIFL,32,NA,heatwave,drought,5,286.8,39,6
PIFL33,2025-08-29T07:00:00Z,PIFL,33,NA,heatwave,drought,5,321.4,39,6
PIFL34,2025-08-29T07:00:00Z,PIFL,34,NA,heatwave,drought,5,300.8,39,6
PIFL35,2025-08-29T07:00:00Z,PIFL,35,NA,heatwave,drought,5,250.7,39,6
PIFL36,2025-08-29T07:00:00Z,PIFL,36,NA,heatwave,water,5,524.7,39,6
PIFL37,2025-08-29T07:00:00Z,PIFL,37,NA,heatwave,drought,5,378.1,39,6
PIFL38,2025-08-29T07:00:00Z,PIFL,38,NA,heatwave,drought,5,250.3,39,6
PIFL39,2025-08-29T07:00:00Z,PIFL,39,NA,heatwave,drought,5,347.3,39,6
PIFL40,2025-08-29T07:00:00Z,PIFL,40,NA,heatwave,drought,5,393.6,39,6
PIFL41,2025-08-29T07:00:00Z,PIFL,41,NA,heatwave,water,5,529.6,39,6
PIFL42,2025-08-29T07:00:00Z,PIFL,42,NA,heatwave,drought,5,249.3,39,6
PIFL43,2025-08-29T07:00:00Z,PIFL,43,NA,heatwave,drought,5,254.1,39,6
PIFL44,2025-08-29T07:00:00Z,PIFL,44,NA,heatwave,drought,5,344.6,39,6
PIFL45,2025-08-29T07:00:00Z,PIFL,45,NA,heatwave,drought,5,265.2,39,6
PIFL46,2025-08-29T07:00:00Z,PIFL,46,NA,heatwave,water,5,519.5,39,6
PIFL47,2025-08-29T07:00:00Z,PIFL,47,NA,heatwave,drought,5,360.2,39,6
PIFL48,2025-08-29T07:00:00Z,PIFL,48,NA,heatwave,drought,5,250.9,39,6
PIFL49,2025-08-29T07:00:00Z,PIFL,49,NA,heatwave,drought,5,300.9,39,6
PIFL50,2025-08-29T07:00:00Z,PIFL,50,NA,heatwave,drought,5,323,39,6
PIFL51,2025-08-29T07:00:00Z,PIFL,51,NA,heatwave,drought,5,248.4,39,6
PIFL52,2025-08-29T07:00:00Z,PIFL,52,NA,heatwave,water,5,548.4,39,6
PIFL53,2025-08-29T07:00:00Z,PIFL,53,NA,heatwave,drought,5,354.7,39,6
PIFL54,2025-08-29T07:00:00Z,PIFL,54,NA,heatwave,drought,5,323.2,39,6
PIFL55,2025-08-29T07:00:00Z,PIFL,55,NA,heatwave,water,5,436.1,39,6
PIFL56,2025-08-29T07:00:00Z,PIFL,56,NA,heatwave,drought,5,322.7,39,6
PIFL57,2025-08-29T07:00:00Z,PIFL,57,NA,heatwave,drought,5,297.2,39,6
PIFL58,2025-08-29T07:00:00Z,PIFL,58,NA,heatwave,drought,5,276.7,39,6
PIFL59,2025-08-29T07:00:00Z,PIFL,59,NA,heatwave,drought,5,255.1,39,6
PIFL60,2025-08-29T07:00:00Z,PIFL,60,NA,heatwave,drought,5,245.7,39,6
PIFL1,2025-09-05T07:00:00Z,PIFL,1,NA,ambient,water,5,542.8,46,7
PIFL2,2025-09-05T07:00:00Z,PIFL,2,NA,ambient,drought,5,388.9,46,7
PIFL3,2025-09-05T07:00:00Z,PIFL,3,NA,ambient,drought,5,346.5,46,7
PIFL4,2025-09-05T07:00:00Z,PIFL,4,NA,ambient,drought,5,286.1,46,7
PIFL5,2025-09-05T07:00:00Z,PIFL,5,NA,ambient,drought,5,338.1,46,7
PIFL6,2025-09-05T07:00:00Z,PIFL,6,NA,ambient,drought,5,335.7,46,7
PIFL7,2025-09-05T07:00:00Z,PIFL,7,NA,ambient,drought,5,258.7,46,7
PIFL8,2025-09-05T07:00:00Z,PIFL,8,NA,ambient,drought,5,410.3,46,7
PIFL9,2025-09-05T07:00:00Z,PIFL,9,NA,ambient,water,5,563,46,7
PIFL10,2025-09-05T07:00:00Z,PIFL,10,NA,ambient,drought,5,255.9,46,7
PIFL11,2025-09-05T07:00:00Z,PIFL,11,NA,ambient,drought,5,340,46,7
PIFL12,2025-09-05T07:00:00Z,PIFL,12,NA,ambient,water,5,555.2,46,7
PIFL13,2025-09-05T07:00:00Z,PIFL,13,NA,ambient,drought,5,258.6,46,7
PIFL14,2025-09-05T07:00:00Z,PIFL,14,NA,ambient,drought,5,367.2,46,7
PIFL15,2025-09-05T07:00:00Z,PIFL,15,NA,ambient,drought,5,295.7,46,7
PIFL16,2025-09-05T07:00:00Z,PIFL,16,NA,ambient,drought,5,375.1,46,7
PIFL17,2025-09-05T07:00:00Z,PIFL,17,NA,ambient,drought,5,275.9,46,7
PIFL18,2025-09-05T07:00:00Z,PIFL,18,NA,ambient,drought,5,304.3,46,7
PIFL19,2025-09-05T07:00:00Z,PIFL,19,NA,ambient,drought,5,339.7,46,7
PIFL20,2025-09-05T07:00:00Z,PIFL,20,NA,ambient,drought,5,338.2,46,7
PIFL21,2025-09-05T07:00:00Z,PIFL,21,NA,ambient,water,5,556.1,46,7
PIFL22,2025-09-05T07:00:00Z,PIFL,22,NA,ambient,drought,5,367.8,46,7
PIFL23,2025-09-05T07:00:00Z,PIFL,23,NA,ambient,drought,5,341.7,46,7
PIFL24,2025-09-05T07:00:00Z,PIFL,24,NA,ambient,drought,5,457.8,46,7
PIFL25,2025-09-05T07:00:00Z,PIFL,25,NA,ambient,drought,5,432.6,46,7
PIFL26,2025-09-05T07:00:00Z,PIFL,26,NA,ambient,drought,5,314.2,46,7
PIFL27,2025-09-05T07:00:00Z,PIFL,27,NA,ambient,drought,5,407.7,46,7
PIFL28,2025-09-05T07:00:00Z,PIFL,28,NA,ambient,water,5,558.1,46,7
PIFL29,2025-09-05T07:00:00Z,PIFL,29,NA,ambient,drought,5,342.9,46,7
PIFL30,2025-09-05T07:00:00Z,PIFL,30,NA,ambient,drought,5,276.2,46,7
PIFL31,2025-09-05T07:00:00Z,PIFL,31,NA,heatwave,drought,5,272.4,46,7
PIFL32,2025-09-05T07:00:00Z,PIFL,32,NA,heatwave,drought,5,268.6,46,7
PIFL33,2025-09-05T07:00:00Z,PIFL,33,NA,heatwave,drought,5,303,46,7
PIFL34,2025-09-05T07:00:00Z,PIFL,34,NA,heatwave,drought,5,281.9,46,7
PIFL35,2025-09-05T07:00:00Z,PIFL,35,NA,heatwave,drought,5,243.2,46,7
PIFL36,2025-09-05T07:00:00Z,PIFL,36,NA,heatwave,water,5,531.9,46,7
PIFL37,2025-09-05T07:00:00Z,PIFL,37,NA,heatwave,drought,5,369.3,46,7
PIFL38,2025-09-05T07:00:00Z,PIFL,38,NA,heatwave,drought,5,241.5,46,7
PIFL39,2025-09-05T07:00:00Z,PIFL,39,NA,heatwave,drought,5,332.8,46,7
PIFL40,2025-09-05T07:00:00Z,PIFL,40,NA,heatwave,drought,5,382,46,7
PIFL41,2025-09-05T07:00:00Z,PIFL,41,NA,heatwave,water,5,536.9,46,7
PIFL42,2025-09-05T07:00:00Z,PIFL,42,NA,heatwave,drought,5,240.1,46,7
PIFL43,2025-09-05T07:00:00Z,PIFL,43,NA,heatwave,drought,5,243,46,7
PIFL44,2025-09-05T07:00:00Z,PIFL,44,NA,heatwave,drought,5,331.5,46,7
PIFL45,2025-09-05T07:00:00Z,PIFL,45,NA,heatwave,drought,5,255.6,46,7
PIFL46,2025-09-05T07:00:00Z,PIFL,46,NA,heatwave,water,5,525.6,46,7
PIFL47,2025-09-05T07:00:00Z,PIFL,47,NA,heatwave,drought,5,350.3,46,7
PIFL48,2025-09-05T07:00:00Z,PIFL,48,NA,heatwave,drought,5,243.9,46,7
PIFL49,2025-09-05T07:00:00Z,PIFL,49,NA,heatwave,drought,5,284,46,7
PIFL50,2025-09-05T07:00:00Z,PIFL,50,NA,heatwave,drought,5,309.2,46,7
PIFL51,2025-09-05T07:00:00Z,PIFL,51,NA,heatwave,drought,5,240.5,46,7
PIFL52,2025-09-05T07:00:00Z,PIFL,52,NA,heatwave,water,5,551.5,46,7
PIFL53,2025-09-05T07:00:00Z,PIFL,53,NA,heatwave,drought,5,344.9,46,7
PIFL54,2025-09-05T07:00:00Z,PIFL,54,NA,heatwave,drought,5,307.7,46,7
PIFL55,2025-09-05T07:00:00Z,PIFL,55,NA,heatwave,water,5,452.6,46,7
PIFL56,2025-09-05T07:00:00Z,PIFL,56,NA,heatwave,drought,5,307.2,46,7
PIFL57,2025-09-05T07:00:00Z,PIFL,57,NA,heatwave,drought,5,281.6,46,7
PIFL58,2025-09-05T07:00:00Z,PIFL,58,NA,heatwave,drought,5,260.2,46,7
PIFL59,2025-09-05T07:00:00Z,PIFL,59,NA,heatwave,drought,5,245.9,46,7
PIFL60,2025-09-05T07:00:00Z,PIFL,60,NA,heatwave,drought,5,237.2,46,7
PIFL1,2025-09-19T07:00:00Z,PIFL,1,NA,ambient,water,5,546.7,60,9
PIFL2,2025-09-19T07:00:00Z,PIFL,2,NA,ambient,drought,5,361.8,60,9
PIFL3,2025-09-19T07:00:00Z,PIFL,3,NA,ambient,drought,5,316.4,60,9
PIFL4,2025-09-19T07:00:00Z,PIFL,4,NA,ambient,drought,5,256.4,60,9
PIFL5,2025-09-19T07:00:00Z,PIFL,5,NA,ambient,drought,5,302.9,60,9
PIFL6,2025-09-19T07:00:00Z,PIFL,6,NA,ambient,drought,5,292.3,60,9
PIFL7,2025-09-19T07:00:00Z,PIFL,7,NA,ambient,drought,5,241.6,60,9
PIFL8,2025-09-19T07:00:00Z,PIFL,8,NA,ambient,drought,5,385.7,60,9
PIFL9,2025-09-19T07:00:00Z,PIFL,9,NA,ambient,water,5,574.2,60,9
PIFL10,2025-09-19T07:00:00Z,PIFL,10,NA,ambient,drought,5,238.2,60,9
PIFL11,2025-09-19T07:00:00Z,PIFL,11,NA,ambient,drought,5,310.3,60,9
PIFL12,2025-09-19T07:00:00Z,PIFL,12,NA,ambient,water,5,571.2,60,9
PIFL13,2025-09-19T07:00:00Z,PIFL,13,NA,ambient,drought,5,242.4,60,9
PIFL14,2025-09-19T07:00:00Z,PIFL,14,NA,ambient,drought,5,344.1,60,9
PIFL15,2025-09-19T07:00:00Z,PIFL,15,NA,ambient,drought,5,256.2,60,9
PIFL16,2025-09-19T07:00:00Z,PIFL,16,NA,ambient,drought,5,346.2,60,9
PIFL17,2025-09-19T07:00:00Z,PIFL,17,NA,ambient,drought,5,251.9,60,9
PIFL18,2025-09-19T07:00:00Z,PIFL,18,NA,ambient,drought,5,266.8,60,9
PIFL19,2025-09-19T07:00:00Z,PIFL,19,NA,ambient,drought,5,311.7,60,9
PIFL20,2025-09-19T07:00:00Z,PIFL,20,NA,ambient,drought,5,314.7,60,9
PIFL21,2025-09-19T07:00:00Z,PIFL,21,NA,ambient,water,5,566.2,60,9
PIFL22,2025-09-19T07:00:00Z,PIFL,22,NA,ambient,drought,5,339.8,60,9
PIFL23,2025-09-19T07:00:00Z,PIFL,23,NA,ambient,drought,5,303.4,60,9
PIFL24,2025-09-19T07:00:00Z,PIFL,24,NA,ambient,drought,5,438.7,60,9
PIFL25,2025-09-19T07:00:00Z,PIFL,25,NA,ambient,drought,5,413.8,60,9
PIFL26,2025-09-19T07:00:00Z,PIFL,26,NA,ambient,drought,5,275.5,60,9
PIFL27,2025-09-19T07:00:00Z,PIFL,27,NA,ambient,drought,5,379.2,60,9
PIFL28,2025-09-19T07:00:00Z,PIFL,28,NA,ambient,water,5,550.5,60,9
PIFL29,2025-09-19T07:00:00Z,PIFL,29,NA,ambient,drought,5,300.2,60,9
PIFL30,2025-09-19T07:00:00Z,PIFL,30,NA,ambient,drought,5,246.1,60,9
PIFL31,2025-09-19T07:00:00Z,PIFL,31,NA,heatwave,drought,5,251.4,60,9
PIFL32,2025-09-19T07:00:00Z,PIFL,32,NA,heatwave,drought,5,241.8,60,9
PIFL33,2025-09-19T07:00:00Z,PIFL,33,NA,heatwave,drought,5,275.6,60,9
PIFL34,2025-09-19T07:00:00Z,PIFL,34,NA,heatwave,drought,5,257.4,60,9
PIFL35,2025-09-19T07:00:00Z,PIFL,35,NA,heatwave,drought,5,233.5,60,9
PIFL36,2025-09-19T07:00:00Z,PIFL,36,NA,heatwave,water,5,550.9,60,9
PIFL37,2025-09-19T07:00:00Z,PIFL,37,NA,heatwave,drought,5,352.2,60,9
PIFL38,2025-09-19T07:00:00Z,PIFL,38,NA,heatwave,drought,5,231.4,60,9
PIFL39,2025-09-19T07:00:00Z,PIFL,39,NA,heatwave,drought,5,309,60,9
PIFL40,2025-09-19T07:00:00Z,PIFL,40,NA,heatwave,drought,5,372.6,60,9
PIFL41,2025-09-19T07:00:00Z,PIFL,41,NA,heatwave,water,5,545.5,60,9
PIFL42,2025-09-19T07:00:00Z,PIFL,42,NA,heatwave,drought,5,229.5,60,9
PIFL43,2025-09-19T07:00:00Z,PIFL,43,NA,heatwave,drought,5,229.8,60,9
PIFL44,2025-09-19T07:00:00Z,PIFL,44,NA,heatwave,drought,5,304.6,60,9
PIFL45,2025-09-19T07:00:00Z,PIFL,45,NA,heatwave,drought,5,242.9,60,9
PIFL46,2025-09-19T07:00:00Z,PIFL,46,NA,heatwave,water,5,538.8,60,9
PIFL47,2025-09-19T07:00:00Z,PIFL,47,NA,heatwave,drought,5,327.9,60,9
PIFL48,2025-09-19T07:00:00Z,PIFL,48,NA,heatwave,drought,5,235.3,60,9
PIFL49,2025-09-19T07:00:00Z,PIFL,49,NA,heatwave,drought,5,252.7,60,9
PIFL50,2025-09-19T07:00:00Z,PIFL,50,NA,heatwave,drought,5,282,60,9
PIFL51,2025-09-19T07:00:00Z,PIFL,51,NA,heatwave,drought,5,229.8,60,9
PIFL52,2025-09-19T07:00:00Z,PIFL,52,NA,heatwave,water,5,558,60,9
PIFL53,2025-09-19T07:00:00Z,PIFL,53,NA,heatwave,drought,5,325.1,60,9
PIFL54,2025-09-19T07:00:00Z,PIFL,54,NA,heatwave,drought,5,282.3,60,9
PIFL55,2025-09-19T07:00:00Z,PIFL,55,NA,heatwave,water,5,498.7,60,9
PIFL56,2025-09-19T07:00:00Z,PIFL,56,NA,heatwave,drought,5,279.2,60,9
PIFL57,2025-09-19T07:00:00Z,PIFL,57,NA,heatwave,drought,5,264.1,60,9
PIFL58,2025-09-19T07:00:00Z,PIFL,58,NA,heatwave,drought,5,244.2,60,9
PIFL59,2025-09-19T07:00:00Z,PIFL,59,NA,heatwave,drought,5,235.9,60,9
PIFL60,2025-09-19T07:00:00Z,PIFL,60,NA,heatwave,drought,5,227.5,60,9
PIFL1,2025-09-26T07:00:00Z,PIFL,1,NA,ambient,water,5,555.3,67,10
PIFL2,2025-09-26T07:00:00Z,PIFL,2,NA,ambient,drought,5,351.9,67,10
PIFL3,2025-09-26T07:00:00Z,PIFL,3,NA,ambient,drought,5,302.1,67,10
PIFL4,2025-09-26T07:00:00Z,PIFL,4,NA,ambient,drought,5,246.7,67,10
PIFL5,2025-09-26T07:00:00Z,PIFL,5,NA,ambient,drought,5,288.7,67,10
PIFL6,2025-09-26T07:00:00Z,PIFL,6,NA,ambient,drought,5,276.5,67,10
PIFL7,2025-09-26T07:00:00Z,PIFL,7,NA,ambient,drought,5,235.5,67,10
PIFL8,2025-09-26T07:00:00Z,PIFL,8,NA,ambient,drought,5,375.4,67,10
PIFL9,2025-09-26T07:00:00Z,PIFL,9,NA,ambient,water,5,575,67,10
PIFL10,2025-09-26T07:00:00Z,PIFL,10,NA,ambient,drought,5,231.2,67,10
PIFL11,2025-09-26T07:00:00Z,PIFL,11,NA,ambient,drought,5,297.5,67,10
PIFL12,2025-09-26T07:00:00Z,PIFL,12,NA,ambient,water,5,572.7,67,10
PIFL13,2025-09-26T07:00:00Z,PIFL,13,NA,ambient,drought,5,236.5,67,10
PIFL14,2025-09-26T07:00:00Z,PIFL,14,NA,ambient,drought,5,332.9,67,10
PIFL15,2025-09-26T07:00:00Z,PIFL,15,NA,ambient,drought,5,244.2,67,10
PIFL16,2025-09-26T07:00:00Z,PIFL,16,NA,ambient,drought,5,333.9,67,10
PIFL17,2025-09-26T07:00:00Z,PIFL,17,NA,ambient,drought,5,244,67,10
PIFL18,2025-09-26T07:00:00Z,PIFL,18,NA,ambient,drought,5,251.9,67,10
PIFL19,2025-09-26T07:00:00Z,PIFL,19,NA,ambient,drought,5,297.4,67,10
PIFL20,2025-09-26T07:00:00Z,PIFL,20,NA,ambient,drought,5,302.9,67,10
PIFL21,2025-09-26T07:00:00Z,PIFL,21,NA,ambient,water,5,572.1,67,10
PIFL22,2025-09-26T07:00:00Z,PIFL,22,NA,ambient,drought,5,325.2,67,10
PIFL23,2025-09-26T07:00:00Z,PIFL,23,NA,ambient,drought,5,286.6,67,10
PIFL24,2025-09-26T07:00:00Z,PIFL,24,NA,ambient,drought,5,433.4,67,10
PIFL25,2025-09-26T07:00:00Z,PIFL,25,NA,ambient,drought,5,408.1,67,10
PIFL26,2025-09-26T07:00:00Z,PIFL,26,NA,ambient,drought,5,261.2,67,10
PIFL27,2025-09-26T07:00:00Z,PIFL,27,NA,ambient,drought,5,361.5,67,10
PIFL28,2025-09-26T07:00:00Z,PIFL,28,NA,ambient,water,5,555.5,67,10
PIFL29,2025-09-26T07:00:00Z,PIFL,29,NA,ambient,drought,5,280.7,67,10
PIFL30,2025-09-26T07:00:00Z,PIFL,30,NA,ambient,drought,5,236.9,67,10
PIFL31,2025-09-26T07:00:00Z,PIFL,31,NA,heatwave,drought,5,244,67,10
PIFL32,2025-09-26T07:00:00Z,PIFL,32,NA,heatwave,drought,5,233.1,67,10
PIFL33,2025-09-26T07:00:00Z,PIFL,33,NA,heatwave,drought,5,264.5,67,10
PIFL34,2025-09-26T07:00:00Z,PIFL,34,NA,heatwave,drought,5,248.5,67,10
PIFL35,2025-09-26T07:00:00Z,PIFL,35,NA,heatwave,drought,5,229.8,67,10
PIFL36,2025-09-26T07:00:00Z,PIFL,36,NA,heatwave,water,5,553.1,67,10
PIFL37,2025-09-26T07:00:00Z,PIFL,37,NA,heatwave,drought,5,345.6,67,10
PIFL38,2025-09-26T07:00:00Z,PIFL,38,NA,heatwave,drought,5,227.8,67,10
PIFL39,2025-09-26T07:00:00Z,PIFL,39,NA,heatwave,drought,5,298.4,67,10
PIFL40,2025-09-26T07:00:00Z,PIFL,40,NA,heatwave,drought,5,369.8,67,10
PIFL41,2025-09-26T07:00:00Z,PIFL,41,NA,heatwave,water,5,561.8,67,10
PIFL42,2025-09-26T07:00:00Z,PIFL,42,NA,heatwave,drought,5,226.1,67,10
PIFL43,2025-09-26T07:00:00Z,PIFL,43,NA,heatwave,drought,5,225.4,67,10
PIFL44,2025-09-26T07:00:00Z,PIFL,44,NA,heatwave,drought,5,294.7,67,10
PIFL45,2025-09-26T07:00:00Z,PIFL,45,NA,heatwave,drought,5,238.2,67,10
PIFL46,2025-09-26T07:00:00Z,PIFL,46,NA,heatwave,water,5,559,67,10
PIFL47,2025-09-26T07:00:00Z,PIFL,47,NA,heatwave,drought,5,320.7,67,10
PIFL48,2025-09-26T07:00:00Z,PIFL,48,NA,heatwave,drought,5,232.3,67,10
PIFL49,2025-09-26T07:00:00Z,PIFL,49,NA,heatwave,drought,5,242.9,67,10
PIFL50,2025-09-26T07:00:00Z,PIFL,50,NA,heatwave,drought,5,270.4,67,10
PIFL51,2025-09-26T07:00:00Z,PIFL,51,NA,heatwave,drought,5,225.7,67,10
PIFL52,2025-09-26T07:00:00Z,PIFL,52,NA,heatwave,water,5,567,67,10
PIFL53,2025-09-26T07:00:00Z,PIFL,53,NA,heatwave,drought,5,318.8,67,10
PIFL54,2025-09-26T07:00:00Z,PIFL,54,NA,heatwave,drought,5,271.3,67,10
PIFL55,2025-09-26T07:00:00Z,PIFL,55,NA,heatwave,water,5,520.1,67,10
PIFL56,2025-09-26T07:00:00Z,PIFL,56,NA,heatwave,drought,5,269.3,67,10
PIFL57,2025-09-26T07:00:00Z,PIFL,57,NA,heatwave,drought,5,257.1,67,10
PIFL58,2025-09-26T07:00:00Z,PIFL,58,NA,heatwave,drought,5,238.8,67,10
PIFL59,2025-09-26T07:00:00Z,PIFL,59,NA,heatwave,drought,5,231.6,67,10
PIFL60,2025-09-26T07:00:00Z,PIFL,60,NA,heatwave,drought,5,223.5,67,10
PIFL1,2025-10-03T07:00:00Z,PIFL,1,6.4,ambient,water,5,548.7,74,11
PIFL2,2025-10-03T07:00:00Z,PIFL,2,NA,ambient,drought,5,335.3,74,11
PIFL3,2025-10-03T07:00:00Z,PIFL,3,5.6,ambient,drought,5,283.8,74,11
PIFL4,2025-10-03T07:00:00Z,PIFL,4,NA,ambient,drought,5,236.3,74,11
PIFL5,2025-10-03T07:00:00Z,PIFL,5,NA,ambient,drought,5,271.2,74,11
PIFL6,2025-10-03T07:00:00Z,PIFL,6,NA,ambient,drought,5,236.4,74,11
PIFL7,2025-10-03T07:00:00Z,PIFL,7,NA,ambient,drought,5,229.5,74,11
PIFL8,2025-10-03T07:00:00Z,PIFL,8,NA,ambient,drought,5,355.9,74,11
PIFL9,2025-10-03T07:00:00Z,PIFL,9,5.7,ambient,water,5,568.2,74,11
PIFL10,2025-10-03T07:00:00Z,PIFL,10,5.5,ambient,drought,5,224.8,74,11
PIFL11,2025-10-03T07:00:00Z,PIFL,11,NA,ambient,drought,5,282.4,74,11
PIFL12,2025-10-03T07:00:00Z,PIFL,12,5.7,ambient,water,5,572.3,74,11
PIFL13,2025-10-03T07:00:00Z,PIFL,13,NA,ambient,drought,5,230.4,74,11
PIFL14,2025-10-03T07:00:00Z,PIFL,14,NA,ambient,drought,5,315.3,74,11
PIFL15,2025-10-03T07:00:00Z,PIFL,15,NA,ambient,drought,5,234.1,74,11
PIFL16,2025-10-03T07:00:00Z,PIFL,16,NA,ambient,drought,5,318,74,11
PIFL17,2025-10-03T07:00:00Z,PIFL,17,4.6,ambient,drought,5,236.2,74,11
PIFL18,2025-10-03T07:00:00Z,PIFL,18,NA,ambient,drought,5,240,74,11
PIFL19,2025-10-03T07:00:00Z,PIFL,19,NA,ambient,drought,5,279.1,74,11
PIFL20,2025-10-03T07:00:00Z,PIFL,20,NA,ambient,drought,5,287.6,74,11
PIFL21,2025-10-03T07:00:00Z,PIFL,21,5,ambient,water,5,566.3,74,11
PIFL22,2025-10-03T07:00:00Z,PIFL,22,NA,ambient,drought,5,304.2,74,11
PIFL23,2025-10-03T07:00:00Z,PIFL,23,NA,ambient,drought,5,264.7,74,11
PIFL24,2025-10-03T07:00:00Z,PIFL,24,NA,ambient,drought,5,416.8,74,11
PIFL25,2025-10-03T07:00:00Z,PIFL,25,NA,ambient,drought,5,395.2,74,11
PIFL26,2025-10-03T07:00:00Z,PIFL,26,NA,ambient,drought,5,248.7,74,11
PIFL27,2025-10-03T07:00:00Z,PIFL,27,5.5,ambient,drought,5,337.2,74,11
PIFL28,2025-10-03T07:00:00Z,PIFL,28,5.9,ambient,water,5,536.7,74,11
PIFL29,2025-10-03T07:00:00Z,PIFL,29,6.6,ambient,drought,5,256.8,74,11
PIFL30,2025-10-03T07:00:00Z,PIFL,30,NA,ambient,drought,5,228.5,74,11
PIFL31,2025-10-03T07:00:00Z,PIFL,31,NA,heatwave,drought,5,235.6,74,11
PIFL32,2025-10-03T07:00:00Z,PIFL,32,NA,heatwave,drought,5,223.7,74,11
PIFL33,2025-10-03T07:00:00Z,PIFL,33,NA,heatwave,drought,5,248.2,74,11
PIFL34,2025-10-03T07:00:00Z,PIFL,34,NA,heatwave,drought,5,237.6,74,11
PIFL35,2025-10-03T07:00:00Z,PIFL,35,NA,heatwave,drought,5,223.8,74,11
PIFL36,2025-10-03T07:00:00Z,PIFL,36,5.6,heatwave,water,5,540.1,74,11
PIFL37,2025-10-03T07:00:00Z,PIFL,37,NA,heatwave,drought,5,328.9,74,11
PIFL38,2025-10-03T07:00:00Z,PIFL,38,NA,heatwave,drought,5,222.5,74,11
PIFL39,2025-10-03T07:00:00Z,PIFL,39,NA,heatwave,drought,5,277.6,74,11
PIFL40,2025-10-03T07:00:00Z,PIFL,40,6,heatwave,drought,5,354,74,11
PIFL41,2025-10-03T07:00:00Z,PIFL,41,6.2,heatwave,water,5,545.7,74,11
PIFL42,2025-10-03T07:00:00Z,PIFL,42,NA,heatwave,drought,5,222.1,74,11
PIFL43,2025-10-03T07:00:00Z,PIFL,43,5,heatwave,drought,5,220.6,74,11
PIFL44,2025-10-03T07:00:00Z,PIFL,44,NA,heatwave,drought,5,280.1,74,11
PIFL45,2025-10-03T07:00:00Z,PIFL,45,NA,heatwave,drought,5,233.2,74,11
PIFL46,2025-10-03T07:00:00Z,PIFL,46,5.3,heatwave,water,5,535.4,74,11
PIFL47,2025-10-03T07:00:00Z,PIFL,47,6.2,heatwave,drought,5,302.7,74,11
PIFL48,2025-10-03T07:00:00Z,PIFL,48,NA,heatwave,drought,5,227.8,74,11
PIFL49,2025-10-03T07:00:00Z,PIFL,49,NA,heatwave,drought,5,232,74,11
PIFL50,2025-10-03T07:00:00Z,PIFL,50,NA,heatwave,drought,5,257.2,74,11
PIFL51,2025-10-03T07:00:00Z,PIFL,51,NA,heatwave,drought,5,220.5,74,11
PIFL52,2025-10-03T07:00:00Z,PIFL,52,5.7,heatwave,water,5,551.9,74,11
PIFL53,2025-10-03T07:00:00Z,PIFL,53,NA,heatwave,drought,5,301.4,74,11
PIFL54,2025-10-03T07:00:00Z,PIFL,54,5.9,heatwave,drought,5,255.2,74,11
PIFL55,2025-10-03T07:00:00Z,PIFL,55,6.3,heatwave,water,5,499.8,74,11
PIFL56,2025-10-03T07:00:00Z,PIFL,56,NA,heatwave,drought,5,258,74,11
PIFL57,2025-10-03T07:00:00Z,PIFL,57,5.7,heatwave,drought,5,248.7,74,11
PIFL58,2025-10-03T07:00:00Z,PIFL,58,NA,heatwave,drought,5,232.4,74,11
PIFL59,2025-10-03T07:00:00Z,PIFL,59,NA,heatwave,drought,5,226.2,74,11
PIFL60,2025-10-03T07:00:00Z,PIFL,60,NA,heatwave,drought,5,218.6,74,11
PIFL1,2025-10-10T07:00:00Z,PIFL,1,NA,ambient,water,5,516.8,81,12
PIFL2,2025-10-10T07:00:00Z,PIFL,2,NA,ambient,drought,5,313.3,81,12
PIFL3,2025-10-10T07:00:00Z,PIFL,3,NA,ambient,drought,5,264.6,81,12
PIFL4,2025-10-10T07:00:00Z,PIFL,4,NA,ambient,drought,5,228.5,81,12
PIFL5,2025-10-10T07:00:00Z,PIFL,5,NA,ambient,drought,5,257.7,81,12
PIFL6,2025-10-10T07:00:00Z,PIFL,6,NA,ambient,drought,5,252.7,81,12
PIFL7,2025-10-10T07:00:00Z,PIFL,7,NA,ambient,drought,5,224.6,81,12
PIFL8,2025-10-10T07:00:00Z,PIFL,8,NA,ambient,drought,5,325,81,12
PIFL9,2025-10-10T07:00:00Z,PIFL,9,NA,ambient,water,5,536.6,81,12
PIFL10,2025-10-10T07:00:00Z,PIFL,10,NA,ambient,drought,5,220.1,81,12
PIFL11,2025-10-10T07:00:00Z,PIFL,11,NA,ambient,drought,5,265.5,81,12
PIFL12,2025-10-10T07:00:00Z,PIFL,12,NA,ambient,water,5,534.2,81,12
PIFL13,2025-10-10T07:00:00Z,PIFL,13,NA,ambient,drought,5,224.9,81,12
PIFL14,2025-10-10T07:00:00Z,PIFL,14,NA,ambient,drought,5,288.1,81,12
PIFL15,2025-10-10T07:00:00Z,PIFL,15,NA,ambient,drought,5,226.8,81,12
PIFL16,2025-10-10T07:00:00Z,PIFL,16,NA,ambient,drought,5,296.6,81,12
PIFL17,2025-10-10T07:00:00Z,PIFL,17,NA,ambient,drought,5,229.7,81,12
PIFL18,2025-10-10T07:00:00Z,PIFL,18,NA,ambient,drought,5,231.5,81,12
PIFL19,2025-10-10T07:00:00Z,PIFL,19,NA,ambient,drought,5,262.4,81,12
PIFL20,2025-10-10T07:00:00Z,PIFL,20,NA,ambient,drought,5,267.7,81,12
PIFL21,2025-10-10T07:00:00Z,PIFL,21,NA,ambient,water,5,531.4,81,12
PIFL22,2025-10-10T07:00:00Z,PIFL,22,NA,ambient,drought,5,269.3,81,12
PIFL23,2025-10-10T07:00:00Z,PIFL,23,NA,ambient,drought,5,247.2,81,12
PIFL24,2025-10-10T07:00:00Z,PIFL,24,NA,ambient,drought,5,384.9,81,12
PIFL25,2025-10-10T07:00:00Z,PIFL,25,NA,ambient,drought,5,371.7,81,12
PIFL26,2025-10-10T07:00:00Z,PIFL,26,NA,ambient,drought,5,238.4,81,12
PIFL27,2025-10-10T07:00:00Z,PIFL,27,NA,ambient,drought,5,294.8,81,12
PIFL28,2025-10-10T07:00:00Z,PIFL,28,NA,ambient,water,5,485.5,81,12
PIFL29,2025-10-10T07:00:00Z,PIFL,29,NA,ambient,drought,5,239.7,81,12
PIFL30,2025-10-10T07:00:00Z,PIFL,30,NA,ambient,drought,5,221.2,81,12
PIFL31,2025-10-10T07:00:00Z,PIFL,31,NA,heatwave,drought,5,227.8,81,12
PIFL32,2025-10-10T07:00:00Z,PIFL,32,NA,heatwave,drought,5,216.9,81,12
PIFL33,2025-10-10T07:00:00Z,PIFL,33,NA,heatwave,drought,5,235.8,81,12
PIFL34,2025-10-10T07:00:00Z,PIFL,34,NA,heatwave,drought,5,228.8,81,12
PIFL35,2025-10-10T07:00:00Z,PIFL,35,NA,heatwave,drought,5,218.2,81,12
PIFL36,2025-10-10T07:00:00Z,PIFL,36,NA,heatwave,water,5,500.6,81,12
PIFL37,2025-10-10T07:00:00Z,PIFL,37,NA,heatwave,drought,5,304.4,81,12
PIFL38,2025-10-10T07:00:00Z,PIFL,38,NA,heatwave,drought,5,217.8,81,12
PIFL39,2025-10-10T07:00:00Z,PIFL,39,NA,heatwave,drought,5,255.1,81,12
PIFL40,2025-10-10T07:00:00Z,PIFL,40,NA,heatwave,drought,5,329.6,81,12
PIFL41,2025-10-10T07:00:00Z,PIFL,41,NA,heatwave,water,5,497.5,81,12
PIFL42,2025-10-10T07:00:00Z,PIFL,42,NA,heatwave,drought,5,217.9,81,12
PIFL43,2025-10-10T07:00:00Z,PIFL,43,NA,heatwave,drought,5,215.9,81,12
PIFL44,2025-10-10T07:00:00Z,PIFL,44,NA,heatwave,drought,5,266.3,81,12
PIFL45,2025-10-10T07:00:00Z,PIFL,45,NA,heatwave,drought,5,225.7,81,12
PIFL46,2025-10-10T07:00:00Z,PIFL,46,NA,heatwave,water,5,491.1,81,12
PIFL47,2025-10-10T07:00:00Z,PIFL,47,NA,heatwave,drought,5,275.9,81,12
PIFL48,2025-10-10T07:00:00Z,PIFL,48,NA,heatwave,drought,5,223.2,81,12
PIFL49,2025-10-10T07:00:00Z,PIFL,49,NA,heatwave,drought,5,223.7,81,12
PIFL50,2025-10-10T07:00:00Z,PIFL,50,NA,heatwave,drought,5,245.7,81,12
PIFL51,2025-10-10T07:00:00Z,PIFL,51,NA,heatwave,drought,5,215.4,81,12
PIFL52,2025-10-10T07:00:00Z,PIFL,52,NA,heatwave,water,5,508.9,81,12
PIFL53,2025-10-10T07:00:00Z,PIFL,53,NA,heatwave,drought,5,282,81,12
PIFL54,2025-10-10T07:00:00Z,PIFL,54,NA,heatwave,drought,5,242.4,81,12
PIFL55,2025-10-10T07:00:00Z,PIFL,55,NA,heatwave,water,5,451.1,81,12
PIFL56,2025-10-10T07:00:00Z,PIFL,56,NA,heatwave,drought,5,247.7,81,12
PIFL57,2025-10-10T07:00:00Z,PIFL,57,NA,heatwave,drought,5,240.7,81,12
PIFL58,2025-10-10T07:00:00Z,PIFL,58,NA,heatwave,drought,5,226,81,12
PIFL59,2025-10-10T07:00:00Z,PIFL,59,NA,heatwave,drought,5,221.2,81,12
PIFL60,2025-10-10T07:00:00Z,PIFL,60,NA,heatwave,drought,5,213.6,81,12
PIFL1,2025-10-17T07:00:00Z,PIFL,1,NA,ambient,water,5,548.1,88,13
PIFL2,2025-10-17T07:00:00Z,PIFL,2,NA,ambient,drought,5,304.2,88,13
PIFL3,2025-10-17T07:00:00Z,PIFL,3,NA,ambient,drought,5,254.6,88,13
PIFL4,2025-10-17T07:00:00Z,PIFL,4,NA,ambient,drought,5,224.6,88,13
PIFL5,2025-10-17T07:00:00Z,PIFL,5,NA,ambient,drought,5,250,88,13
PIFL6,2025-10-17T07:00:00Z,PIFL,6,NA,ambient,drought,5,247.3,88,13
PIFL7,2025-10-17T07:00:00Z,PIFL,7,NA,ambient,drought,5,222.3,88,13
PIFL8,2025-10-17T07:00:00Z,PIFL,8,NA,ambient,drought,5,313.4,88,13
PIFL9,2025-10-17T07:00:00Z,PIFL,9,NA,ambient,water,5,570.7,88,13
PIFL10,2025-10-17T07:00:00Z,PIFL,10,NA,ambient,drought,5,217.9,88,13
PIFL11,2025-10-17T07:00:00Z,PIFL,11,NA,ambient,drought,5,257.2,88,13
PIFL12,2025-10-17T07:00:00Z,PIFL,12,NA,ambient,water,5,571.3,88,13
PIFL13,2025-10-17T07:00:00Z,PIFL,13,NA,ambient,drought,5,222,88,13
PIFL14,2025-10-17T07:00:00Z,PIFL,14,NA,ambient,drought,5,277.3,88,13
PIFL15,2025-10-17T07:00:00Z,PIFL,15,NA,ambient,drought,5,223.4,88,13
PIFL16,2025-10-17T07:00:00Z,PIFL,16,NA,ambient,drought,5,286.7,88,13
PIFL17,2025-10-17T07:00:00Z,PIFL,17,NA,ambient,drought,5,226.3,88,13
PIFL18,2025-10-17T07:00:00Z,PIFL,18,NA,ambient,drought,5,226.8,88,13
PIFL19,2025-10-17T07:00:00Z,PIFL,19,NA,ambient,drought,5,253.5,88,13
PIFL20,2025-10-17T07:00:00Z,PIFL,20,NA,ambient,drought,5,259.2,88,13
PIFL21,2025-10-17T07:00:00Z,PIFL,21,NA,ambient,water,5,562.4,88,13
PIFL22,2025-10-17T07:00:00Z,PIFL,22,NA,ambient,drought,5,256.9,88,13
PIFL23,2025-10-17T07:00:00Z,PIFL,23,NA,ambient,drought,5,239.6,88,13
PIFL24,2025-10-17T07:00:00Z,PIFL,24,NA,ambient,drought,5,377.1,88,13
PIFL25,2025-10-17T07:00:00Z,PIFL,25,NA,ambient,drought,5,365.5,88,13
PIFL26,2025-10-17T07:00:00Z,PIFL,26,NA,ambient,drought,5,233.1,88,13
PIFL27,2025-10-17T07:00:00Z,PIFL,27,NA,ambient,drought,5,278.5,88,13
PIFL28,2025-10-17T07:00:00Z,PIFL,28,NA,ambient,water,5,540.2,88,13
PIFL29,2025-10-17T07:00:00Z,PIFL,29,NA,ambient,drought,5,232,88,13
PIFL30,2025-10-17T07:00:00Z,PIFL,30,NA,ambient,drought,5,218.1,88,13
PIFL31,2025-10-17T07:00:00Z,PIFL,31,NA,heatwave,drought,5,224.5,88,13
PIFL32,2025-10-17T07:00:00Z,PIFL,32,NA,heatwave,drought,5,214.8,88,13
PIFL33,2025-10-17T07:00:00Z,PIFL,33,NA,heatwave,drought,5,230.7,88,13
PIFL34,2025-10-17T07:00:00Z,PIFL,34,NA,heatwave,drought,5,225.8,88,13
PIFL35,2025-10-17T07:00:00Z,PIFL,35,NA,heatwave,drought,5,216.3,88,13
PIFL36,2025-10-17T07:00:00Z,PIFL,36,NA,heatwave,water,5,539.3,88,13
PIFL37,2025-10-17T07:00:00Z,PIFL,37,NA,heatwave,drought,5,295.7,88,13
PIFL38,2025-10-17T07:00:00Z,PIFL,38,NA,heatwave,drought,5,216.8,88,13
PIFL39,2025-10-17T07:00:00Z,PIFL,39,NA,heatwave,drought,5,246.1,88,13
PIFL40,2025-10-17T07:00:00Z,PIFL,40,NA,heatwave,drought,5,324.6,88,13
PIFL41,2025-10-17T07:00:00Z,PIFL,41,NA,heatwave,water,5,549,88,13
PIFL42,2025-10-17T07:00:00Z,PIFL,42,NA,heatwave,drought,5,216.1,88,13
PIFL43,2025-10-17T07:00:00Z,PIFL,43,NA,heatwave,drought,5,214.8,88,13
PIFL44,2025-10-17T07:00:00Z,PIFL,44,NA,heatwave,drought,5,259.7,88,13
PIFL45,2025-10-17T07:00:00Z,PIFL,45,NA,heatwave,drought,5,222.8,88,13
PIFL46,2025-10-17T07:00:00Z,PIFL,46,NA,heatwave,water,5,544,88,13
PIFL47,2025-10-17T07:00:00Z,PIFL,47,NA,heatwave,drought,5,267.6,88,13
PIFL48,2025-10-17T07:00:00Z,PIFL,48,NA,heatwave,drought,5,222.3,88,13
PIFL49,2025-10-17T07:00:00Z,PIFL,49,NA,heatwave,drought,5,220.9,88,13
PIFL50,2025-10-17T07:00:00Z,PIFL,50,NA,heatwave,drought,5,239.9,88,13
PIFL51,2025-10-17T07:00:00Z,PIFL,51,NA,heatwave,drought,5,213.7,88,13
PIFL52,2025-10-17T07:00:00Z,PIFL,52,NA,heatwave,water,5,538.3,88,13
PIFL53,2025-10-17T07:00:00Z,PIFL,53,NA,heatwave,drought,5,275.1,88,13
PIFL54,2025-10-17T07:00:00Z,PIFL,54,NA,heatwave,drought,5,236.7,88,13
PIFL55,2025-10-17T07:00:00Z,PIFL,55,NA,heatwave,water,5,480.2,88,13
PIFL56,2025-10-17T07:00:00Z,PIFL,56,NA,heatwave,drought,5,242.6,88,13
PIFL57,2025-10-17T07:00:00Z,PIFL,57,NA,heatwave,drought,5,236.8,88,13
PIFL58,2025-10-17T07:00:00Z,PIFL,58,NA,heatwave,drought,5,223.5,88,13
PIFL59,2025-10-17T07:00:00Z,PIFL,59,NA,heatwave,drought,5,219.4,88,13
PIFL60,2025-10-17T07:00:00Z,PIFL,60,NA,heatwave,drought,5,212.2,88,13
PIFL1,2025-10-24T07:00:00Z,PIFL,1,NA,ambient,water,5,503.6,95,14
PIFL2,2025-10-24T07:00:00Z,PIFL,2,NA,ambient,drought,5,281.5,95,14
PIFL3,2025-10-24T07:00:00Z,PIFL,3,NA,ambient,drought,5,241.8,95,14
PIFL4,2025-10-24T07:00:00Z,PIFL,4,NA,ambient,drought,5,217.4,95,14
PIFL5,2025-10-24T07:00:00Z,PIFL,5,NA,ambient,drought,5,239.6,95,14
PIFL6,2025-10-24T07:00:00Z,PIFL,6,NA,ambient,drought,5,238.7,95,14
PIFL7,2025-10-24T07:00:00Z,PIFL,7,NA,ambient,drought,5,217.7,95,14
PIFL8,2025-10-24T07:00:00Z,PIFL,8,NA,ambient,drought,5,284.5,95,14
PIFL9,2025-10-24T07:00:00Z,PIFL,9,NA,ambient,water,5,533.9,95,14
PIFL10,2025-10-24T07:00:00Z,PIFL,10,NA,ambient,drought,5,213.1,95,14
PIFL11,2025-10-24T07:00:00Z,PIFL,11,NA,ambient,drought,5,244.3,95,14
PIFL12,2025-10-24T07:00:00Z,PIFL,12,NA,ambient,water,5,529.3,95,14
PIFL13,2025-10-24T07:00:00Z,PIFL,13,NA,ambient,drought,5,216.5,95,14
PIFL14,2025-10-24T07:00:00Z,PIFL,14,NA,ambient,drought,5,257.8,95,14
PIFL15,2025-10-24T07:00:00Z,PIFL,15,NA,ambient,drought,5,217.9,95,14
PIFL16,2025-10-24T07:00:00Z,PIFL,16,NA,ambient,drought,5,269.1,95,14
PIFL17,2025-10-24T07:00:00Z,PIFL,17,NA,ambient,drought,5,220.5,95,14
PIFL18,2025-10-24T07:00:00Z,PIFL,18,NA,ambient,drought,5,219.5,95,14
PIFL19,2025-10-24T07:00:00Z,PIFL,19,NA,ambient,drought,5,241.7,95,14
PIFL20,2025-10-24T07:00:00Z,PIFL,20,NA,ambient,drought,5,244.4,95,14
PIFL21,2025-10-24T07:00:00Z,PIFL,21,NA,ambient,water,5,518.3,95,14
PIFL22,2025-10-24T07:00:00Z,PIFL,22,NA,ambient,drought,5,236.3,95,14
PIFL23,2025-10-24T07:00:00Z,PIFL,23,NA,ambient,drought,5,228.4,95,14
PIFL24,2025-10-24T07:00:00Z,PIFL,24,NA,ambient,drought,5,350.2,95,14
PIFL25,2025-10-24T07:00:00Z,PIFL,25,NA,ambient,drought,5,346.3,95,14
PIFL26,2025-10-24T07:00:00Z,PIFL,26,NA,ambient,drought,5,225.2,95,14
PIFL27,2025-10-24T07:00:00Z,PIFL,27,NA,ambient,drought,5,249.9,95,14
PIFL28,2025-10-24T07:00:00Z,PIFL,28,NA,ambient,water,5,463.6,95,14
PIFL29,2025-10-24T07:00:00Z,PIFL,29,NA,ambient,drought,5,222.3,95,14
PIFL30,2025-10-24T07:00:00Z,PIFL,30,NA,ambient,drought,5,212.3,95,14
PIFL31,2025-10-24T07:00:00Z,PIFL,31,NA,heatwave,drought,5,218.4,95,14
PIFL32,2025-10-24T07:00:00Z,PIFL,32,NA,heatwave,drought,5,209.7,95,14
PIFL33,2025-10-24T07:00:00Z,PIFL,33,NA,heatwave,drought,5,221.9,95,14
PIFL34,2025-10-24T07:00:00Z,PIFL,34,NA,heatwave,drought,5,219.3,95,14
PIFL35,2025-10-24T07:00:00Z,PIFL,35,NA,heatwave,drought,5,211.3,95,14
PIFL36,2025-10-24T07:00:00Z,PIFL,36,NA,heatwave,water,5,497.3,95,14
PIFL37,2025-10-24T07:00:00Z,PIFL,37,NA,heatwave,drought,5,273.5,95,14
PIFL38,2025-10-24T07:00:00Z,PIFL,38,NA,heatwave,drought,5,212.4,95,14
PIFL39,2025-10-24T07:00:00Z,PIFL,39,NA,heatwave,drought,5,232.1,95,14
PIFL40,2025-10-24T07:00:00Z,PIFL,40,NA,heatwave,drought,5,304.6,95,14
PIFL41,2025-10-24T07:00:00Z,PIFL,41,NA,heatwave,water,5,496.9,95,14
PIFL42,2025-10-24T07:00:00Z,PIFL,42,NA,heatwave,drought,5,212,95,14
PIFL43,2025-10-24T07:00:00Z,PIFL,43,NA,heatwave,drought,5,210.2,95,14
PIFL44,2025-10-24T07:00:00Z,PIFL,44,NA,heatwave,drought,5,249.1,95,14
PIFL45,2025-10-24T07:00:00Z,PIFL,45,NA,heatwave,drought,5,216.9,95,14
PIFL46,2025-10-24T07:00:00Z,PIFL,46,NA,heatwave,water,5,482,95,14
PIFL47,2025-10-24T07:00:00Z,PIFL,47,NA,heatwave,drought,5,250.2,95,14
PIFL48,2025-10-24T07:00:00Z,PIFL,48,NA,heatwave,drought,5,217.6,95,14
PIFL49,2025-10-24T07:00:00Z,PIFL,49,NA,heatwave,drought,5,215.4,95,14
PIFL50,2025-10-24T07:00:00Z,PIFL,50,NA,heatwave,drought,5,231,95,14
PIFL51,2025-10-24T07:00:00Z,PIFL,51,NA,heatwave,drought,5,209.1,95,14
PIFL52,2025-10-24T07:00:00Z,PIFL,52,NA,heatwave,water,5,496.1,95,14
PIFL53,2025-10-24T07:00:00Z,PIFL,53,NA,heatwave,drought,5,261.5,95,14
PIFL54,2025-10-24T07:00:00Z,PIFL,54,NA,heatwave,drought,5,227.6,95,14
PIFL55,2025-10-24T07:00:00Z,PIFL,55,NA,heatwave,water,5,441.9,95,14
PIFL56,2025-10-24T07:00:00Z,PIFL,56,NA,heatwave,drought,5,233.9,95,14
PIFL57,2025-10-24T07:00:00Z,PIFL,57,NA,heatwave,drought,5,230,95,14
PIFL58,2025-10-24T07:00:00Z,PIFL,58,NA,heatwave,drought,5,217.9,95,14
PIFL59,2025-10-24T07:00:00Z,PIFL,59,NA,heatwave,drought,5,214.9,95,14
PIFL60,2025-10-24T07:00:00Z,PIFL,60,NA,heatwave,drought,5,207.4,95,14
PIFL1,2025-10-31T07:00:00Z,PIFL,1,NA,ambient,water,5,513.1,102,15
PIFL2,2025-10-31T07:00:00Z,PIFL,2,NA,ambient,drought,5,259.2,102,15
PIFL3,2025-10-31T07:00:00Z,PIFL,3,NA,ambient,drought,5,231.8,102,15
PIFL4,2025-10-31T07:00:00Z,PIFL,4,NA,ambient,drought,5,211.7,102,15
PIFL5,2025-10-31T07:00:00Z,PIFL,5,NA,ambient,drought,5,231.2,102,15
PIFL6,2025-10-31T07:00:00Z,PIFL,6,NA,ambient,drought,5,230.9,102,15
PIFL7,2025-10-31T07:00:00Z,PIFL,7,NA,ambient,drought,5,213.3,102,15
PIFL8,2025-10-31T07:00:00Z,PIFL,8,NA,ambient,drought,5,258.4,102,15
PIFL9,2025-10-31T07:00:00Z,PIFL,9,NA,ambient,water,5,526.1,102,15
PIFL10,2025-10-31T07:00:00Z,PIFL,10,NA,ambient,drought,5,208.2,102,15
PIFL11,2025-10-31T07:00:00Z,PIFL,11,NA,ambient,drought,5,232.4,102,15
PIFL12,2025-10-31T07:00:00Z,PIFL,12,NA,ambient,water,5,521.7,102,15
PIFL13,2025-10-31T07:00:00Z,PIFL,13,NA,ambient,drought,5,211,102,15
PIFL14,2025-10-31T07:00:00Z,PIFL,14,NA,ambient,drought,5,243.6,102,15
PIFL15,2025-10-31T07:00:00Z,PIFL,15,NA,ambient,drought,5,213,102,15
PIFL16,2025-10-31T07:00:00Z,PIFL,16,NA,ambient,drought,5,254.2,102,15
PIFL17,2025-10-31T07:00:00Z,PIFL,17,NA,ambient,drought,5,215.4,102,15
PIFL18,2025-10-31T07:00:00Z,PIFL,18,NA,ambient,drought,5,212.4,102,15
PIFL19,2025-10-31T07:00:00Z,PIFL,19,NA,ambient,drought,5,232.2,102,15
PIFL20,2025-10-31T07:00:00Z,PIFL,20,NA,ambient,drought,5,231.5,102,15
PIFL21,2025-10-31T07:00:00Z,PIFL,21,NA,ambient,water,5,500,102,15
PIFL22,2025-10-31T07:00:00Z,PIFL,22,NA,ambient,drought,5,222.3,102,15
PIFL23,2025-10-31T07:00:00Z,PIFL,23,NA,ambient,drought,5,219.9,102,15
PIFL24,2025-10-31T07:00:00Z,PIFL,24,NA,ambient,drought,5,322.2,102,15
PIFL25,2025-10-31T07:00:00Z,PIFL,25,NA,ambient,drought,5,327.6,102,15
PIFL26,2025-10-31T07:00:00Z,PIFL,26,NA,ambient,drought,5,218.4,102,15
PIFL27,2025-10-31T07:00:00Z,PIFL,27,NA,ambient,drought,5,232.6,102,15
PIFL28,2025-10-31T07:00:00Z,PIFL,28,NA,ambient,water,5,443.9,102,15
PIFL29,2025-10-31T07:00:00Z,PIFL,29,NA,ambient,drought,5,215.4,102,15
PIFL30,2025-10-31T07:00:00Z,PIFL,30,NA,ambient,drought,5,207.1,102,15
PIFL31,2025-10-31T07:00:00Z,PIFL,31,NA,heatwave,drought,5,213.8,102,15
PIFL32,2025-10-31T07:00:00Z,PIFL,32,NA,heatwave,drought,5,206,102,15
PIFL33,2025-10-31T07:00:00Z,PIFL,33,NA,heatwave,drought,5,216.2,102,15
PIFL34,2025-10-31T07:00:00Z,PIFL,34,NA,heatwave,drought,5,214.9,102,15
PIFL35,2025-10-31T07:00:00Z,PIFL,35,NA,heatwave,drought,5,207.6,102,15
PIFL36,2025-10-31T07:00:00Z,PIFL,36,NA,heatwave,water,5,498.2,102,15
PIFL37,2025-10-31T07:00:00Z,PIFL,37,NA,heatwave,drought,5,254.5,102,15
PIFL38,2025-10-31T07:00:00Z,PIFL,38,NA,heatwave,drought,5,208.9,102,15
PIFL39,2025-10-31T07:00:00Z,PIFL,39,NA,heatwave,drought,5,223.2,102,15
PIFL40,2025-10-31T07:00:00Z,PIFL,40,NA,heatwave,drought,5,286.5,102,15
PIFL41,2025-10-31T07:00:00Z,PIFL,41,NA,heatwave,water,5,506.8,102,15
PIFL42,2025-10-31T07:00:00Z,PIFL,42,NA,heatwave,drought,5,208.9,102,15
PIFL43,2025-10-31T07:00:00Z,PIFL,43,NA,heatwave,drought,5,206.4,102,15
PIFL44,2025-10-31T07:00:00Z,PIFL,44,NA,heatwave,drought,5,240.9,102,15
PIFL45,2025-10-31T07:00:00Z,PIFL,45,NA,heatwave,drought,5,212.3,102,15
PIFL46,2025-10-31T07:00:00Z,PIFL,46,NA,heatwave,water,5,493.9,102,15
PIFL47,2025-10-31T07:00:00Z,PIFL,47,NA,heatwave,drought,5,293.3,102,15
PIFL48,2025-10-31T07:00:00Z,PIFL,48,NA,heatwave,drought,5,214.1,102,15
PIFL49,2025-10-31T07:00:00Z,PIFL,49,NA,heatwave,drought,5,211.7,102,15
PIFL50,2025-10-31T07:00:00Z,PIFL,50,NA,heatwave,drought,5,224.2,102,15
PIFL51,2025-10-31T07:00:00Z,PIFL,51,NA,heatwave,drought,5,205.5,102,15
PIFL52,2025-10-31T07:00:00Z,PIFL,52,NA,heatwave,water,5,497.1,102,15
PIFL53,2025-10-31T07:00:00Z,PIFL,53,NA,heatwave,drought,5,251.9,102,15
PIFL54,2025-10-31T07:00:00Z,PIFL,54,NA,heatwave,drought,5,221.1,102,15
PIFL55,2025-10-31T07:00:00Z,PIFL,55,NA,heatwave,water,5,455,102,15
PIFL56,2025-10-31T07:00:00Z,PIFL,56,NA,heatwave,drought,5,227.5,102,15
PIFL57,2025-10-31T07:00:00Z,PIFL,57,NA,heatwave,drought,5,224.9,102,15
PIFL58,2025-10-31T07:00:00Z,PIFL,58,NA,heatwave,drought,5,214,102,15
PIFL59,2025-10-31T07:00:00Z,PIFL,59,NA,heatwave,drought,5,211.4,102,15
PIFL60,2025-10-31T07:00:00Z,PIFL,60,NA,heatwave,drought,5,203.8,102,15
PIFL1,2025-11-07T07:00:00Z,PIFL,1,NA,ambient,water,5,482.4,109,16
PIFL2,2025-11-07T07:00:00Z,PIFL,2,NA,ambient,drought,5,243.5,109,16
PIFL3,2025-11-07T07:00:00Z,PIFL,3,NA,ambient,drought,5,223.8,109,16
PIFL4,2025-11-07T07:00:00Z,PIFL,4,NA,ambient,drought,5,206.7,109,16
PIFL5,2025-11-07T07:00:00Z,PIFL,5,NA,ambient,drought,5,223.6,109,16
PIFL6,2025-11-07T07:00:00Z,PIFL,6,NA,ambient,drought,5,224.5,109,16
PIFL7,2025-11-07T07:00:00Z,PIFL,7,NA,ambient,drought,5,209.2,109,16
PIFL8,2025-11-07T07:00:00Z,PIFL,8,NA,ambient,drought,5,242.9,109,16
PIFL9,2025-11-07T07:00:00Z,PIFL,9,NA,ambient,water,5,521.3,109,16
PIFL10,2025-11-07T07:00:00Z,PIFL,10,NA,ambient,drought,5,204,109,16
PIFL11,2025-11-07T07:00:00Z,PIFL,11,NA,ambient,drought,5,223.5,109,16
PIFL12,2025-11-07T07:00:00Z,PIFL,12,NA,ambient,water,5,502.9,109,16
PIFL13,2025-11-07T07:00:00Z,PIFL,13,NA,ambient,drought,5,206,109,16
PIFL14,2025-11-07T07:00:00Z,PIFL,14,NA,ambient,drought,5,232.8,109,16
PIFL15,2025-11-07T07:00:00Z,PIFL,15,NA,ambient,drought,5,208.6,109,16
PIFL16,2025-11-07T07:00:00Z,PIFL,16,NA,ambient,drought,5,242,109,16
PIFL17,2025-11-07T07:00:00Z,PIFL,17,NA,ambient,drought,5,210.8,109,16
PIFL18,2025-11-07T07:00:00Z,PIFL,18,NA,ambient,drought,5,206.8,109,16
PIFL19,2025-11-07T07:00:00Z,PIFL,19,NA,ambient,drought,5,224.8,109,16
PIFL20,2025-11-07T07:00:00Z,PIFL,20,NA,ambient,drought,5,221.3,109,16
PIFL21,2025-11-07T07:00:00Z,PIFL,21,NA,ambient,water,5,471,109,16
PIFL22,2025-11-07T07:00:00Z,PIFL,22,NA,ambient,drought,5,213.9,109,16
PIFL23,2025-11-07T07:00:00Z,PIFL,23,NA,ambient,drought,5,213.2,109,16
PIFL24,2025-11-07T07:00:00Z,PIFL,24,NA,ambient,drought,5,297.1,109,16
PIFL25,2025-11-07T07:00:00Z,PIFL,25,NA,ambient,drought,5,310.9,109,16
PIFL26,2025-11-07T07:00:00Z,PIFL,26,NA,ambient,drought,5,212.9,109,16
PIFL27,2025-11-07T07:00:00Z,PIFL,27,NA,ambient,drought,5,221.5,109,16
PIFL28,2025-11-07T07:00:00Z,PIFL,28,NA,ambient,water,5,430.6,109,16
PIFL29,2025-11-07T07:00:00Z,PIFL,29,NA,ambient,drought,5,210.2,109,16
PIFL30,2025-11-07T07:00:00Z,PIFL,30,NA,ambient,drought,5,202.6,109,16
PIFL31,2025-11-07T07:00:00Z,PIFL,31,NA,heatwave,drought,5,208.9,109,16
PIFL32,2025-11-07T07:00:00Z,PIFL,32,NA,heatwave,drought,5,201.8,109,16
PIFL33,2025-11-07T07:00:00Z,PIFL,33,NA,heatwave,drought,5,210.8,109,16
PIFL34,2025-11-07T07:00:00Z,PIFL,34,NA,heatwave,drought,5,209.9,109,16
PIFL35,2025-11-07T07:00:00Z,PIFL,35,NA,heatwave,drought,5,203.1,109,16
PIFL36,2025-11-07T07:00:00Z,PIFL,36,NA,heatwave,water,5,478.9,109,16
PIFL37,2025-11-07T07:00:00Z,PIFL,37,NA,heatwave,drought,5,239,109,16
PIFL38,2025-11-07T07:00:00Z,PIFL,38,NA,heatwave,drought,5,204.7,109,16
PIFL39,2025-11-07T07:00:00Z,PIFL,39,NA,heatwave,drought,5,215.5,109,16
PIFL40,2025-11-07T07:00:00Z,PIFL,40,NA,heatwave,drought,5,269.3,109,16
PIFL41,2025-11-07T07:00:00Z,PIFL,41,NA,heatwave,water,5,480.7,109,16
PIFL42,2025-11-07T07:00:00Z,PIFL,42,NA,heatwave,drought,5,204.8,109,16
PIFL43,2025-11-07T07:00:00Z,PIFL,43,NA,heatwave,drought,5,201.7,109,16
PIFL44,2025-11-07T07:00:00Z,PIFL,44,NA,heatwave,drought,5,232.6,109,16
PIFL45,2025-11-07T07:00:00Z,PIFL,45,NA,heatwave,drought,5,207.1,109,16
PIFL46,2025-11-07T07:00:00Z,PIFL,46,NA,heatwave,water,5,460.6,109,16
PIFL47,2025-11-07T07:00:00Z,PIFL,47,NA,heatwave,drought,5,228.8,109,16
PIFL48,2025-11-07T07:00:00Z,PIFL,48,NA,heatwave,drought,5,209.4,109,16
PIFL49,2025-11-07T07:00:00Z,PIFL,49,NA,heatwave,drought,5,207.2,109,16
PIFL50,2025-11-07T07:00:00Z,PIFL,50,NA,heatwave,drought,5,217.3,109,16
PIFL51,2025-11-07T07:00:00Z,PIFL,51,NA,heatwave,drought,5,201.3,109,16
PIFL52,2025-11-07T07:00:00Z,PIFL,52,NA,heatwave,water,5,458,109,16
PIFL53,2025-11-07T07:00:00Z,PIFL,53,NA,heatwave,drought,5,241.8,109,16
PIFL54,2025-11-07T07:00:00Z,PIFL,54,NA,heatwave,drought,5,214.5,109,16
PIFL55,2025-11-07T07:00:00Z,PIFL,55,NA,heatwave,water,5,442.5,109,16
PIFL56,2025-11-07T07:00:00Z,PIFL,56,NA,heatwave,drought,5,220.8,109,16
PIFL57,2025-11-07T07:00:00Z,PIFL,57,NA,heatwave,drought,5,218.9,109,16
PIFL58,2025-11-07T07:00:00Z,PIFL,58,NA,heatwave,drought,5,208.9,109,16
PIFL59,2025-11-07T07:00:00Z,PIFL,59,NA,heatwave,drought,5,207,109,16
PIFL60,2025-11-07T07:00:00Z,PIFL,60,NA,heatwave,drought,5,199.2,109,16
PIFL1,2025-11-17T07:00:00Z,PIFL,1,NA,ambient,water,5,548.7,119,18
PIFL2,2025-11-17T07:00:00Z,PIFL,2,NA,ambient,drought,5,229,119,18
PIFL3,2025-11-17T07:00:00Z,PIFL,3,NA,ambient,drought,5,216,119,18
PIFL4,2025-11-17T07:00:00Z,PIFL,4,NA,ambient,drought,5,201.4,119,18
PIFL5,2025-11-17T07:00:00Z,PIFL,5,NA,ambient,drought,5,216.1,119,18
PIFL6,2025-11-17T07:00:00Z,PIFL,6,NA,ambient,drought,5,218.1,119,18
PIFL7,2025-11-17T07:00:00Z,PIFL,7,NA,ambient,drought,5,205,119,18
PIFL8,2025-11-17T07:00:00Z,PIFL,8,NA,ambient,drought,5,228.5,119,18
PIFL9,2025-11-17T07:00:00Z,PIFL,9,NA,ambient,water,5,287.8,119,18
PIFL10,2025-11-17T07:00:00Z,PIFL,10,NA,ambient,drought,5,199.2,119,18
PIFL11,2025-11-17T07:00:00Z,PIFL,11,NA,ambient,drought,5,214.8,119,18
PIFL12,2025-11-17T07:00:00Z,PIFL,12,NA,ambient,water,5,568.7,119,18
PIFL13,2025-11-17T07:00:00Z,PIFL,13,NA,ambient,drought,5,200.9,119,18
PIFL14,2025-11-17T07:00:00Z,PIFL,14,NA,ambient,drought,5,222.3,119,18
PIFL15,2025-11-17T07:00:00Z,PIFL,15,NA,ambient,drought,5,204,119,18
PIFL16,2025-11-17T07:00:00Z,PIFL,16,NA,ambient,drought,5,229,119,18
PIFL17,2025-11-17T07:00:00Z,PIFL,17,NA,ambient,drought,5,205.7,119,18
PIFL18,2025-11-17T07:00:00Z,PIFL,18,NA,ambient,drought,5,201.2,119,18
PIFL19,2025-11-17T07:00:00Z,PIFL,19,NA,ambient,drought,5,217.6,119,18
PIFL20,2025-11-17T07:00:00Z,PIFL,20,NA,ambient,drought,5,211.5,119,18
PIFL21,2025-11-17T07:00:00Z,PIFL,21,NA,ambient,water,5,557.3,119,18
PIFL22,2025-11-17T07:00:00Z,PIFL,22,NA,ambient,drought,5,207.8,119,18
PIFL23,2025-11-17T07:00:00Z,PIFL,23,NA,ambient,drought,5,206.6,119,18
PIFL24,2025-11-17T07:00:00Z,PIFL,24,NA,ambient,drought,5,269.1,119,18
PIFL25,2025-11-17T07:00:00Z,PIFL,25,NA,ambient,drought,5,291.3,119,18
PIFL26,2025-11-17T07:00:00Z,PIFL,26,NA,ambient,drought,5,207.6,119,18
PIFL27,2025-11-17T07:00:00Z,PIFL,27,NA,ambient,drought,5,212.1,119,18
PIFL28,2025-11-17T07:00:00Z,PIFL,28,NA,ambient,water,5,535.6,119,18
PIFL29,2025-11-17T07:00:00Z,PIFL,29,NA,ambient,drought,5,205.3,119,18
PIFL30,2025-11-17T07:00:00Z,PIFL,30,NA,ambient,drought,5,198,119,18
PIFL31,2025-11-17T07:00:00Z,PIFL,31,NA,heatwave,drought,5,203.7,119,18
PIFL32,2025-11-17T07:00:00Z,PIFL,32,NA,heatwave,drought,5,197.2,119,18
PIFL33,2025-11-17T07:00:00Z,PIFL,33,NA,heatwave,drought,5,205.6,119,18
PIFL34,2025-11-17T07:00:00Z,PIFL,34,NA,heatwave,drought,5,204.9,119,18
PIFL35,2025-11-17T07:00:00Z,PIFL,35,NA,heatwave,drought,5,198.8,119,18
PIFL36,2025-11-17T07:00:00Z,PIFL,36,NA,heatwave,water,5,564.7,119,18
PIFL37,2025-11-17T07:00:00Z,PIFL,37,NA,heatwave,drought,5,226.2,119,18
PIFL38,2025-11-17T07:00:00Z,PIFL,38,NA,heatwave,drought,5,200.5,119,18
PIFL39,2025-11-17T07:00:00Z,PIFL,39,NA,heatwave,drought,5,209.1,119,18
PIFL40,2025-11-17T07:00:00Z,PIFL,40,NA,heatwave,drought,5,252.7,119,18
PIFL41,2025-11-17T07:00:00Z,PIFL,41,NA,heatwave,water,5,560.9,119,18
PIFL42,2025-11-17T07:00:00Z,PIFL,42,NA,heatwave,drought,5,200.6,119,18
PIFL43,2025-11-17T07:00:00Z,PIFL,43,NA,heatwave,drought,5,196.9,119,18
PIFL44,2025-11-17T07:00:00Z,PIFL,44,NA,heatwave,drought,5,224.1,119,18
PIFL45,2025-11-17T07:00:00Z,PIFL,45,NA,heatwave,drought,5,201.7,119,18
PIFL46,2025-11-17T07:00:00Z,PIFL,46,NA,heatwave,water,5,559.5,119,18
PIFL47,2025-11-17T07:00:00Z,PIFL,47,NA,heatwave,drought,5,218.8,119,18
PIFL48,2025-11-17T07:00:00Z,PIFL,48,NA,heatwave,drought,17.5,204.5,119,18
PIFL49,2025-11-17T07:00:00Z,PIFL,49,NA,heatwave,drought,5,202.4,119,18
PIFL50,2025-11-17T07:00:00Z,PIFL,50,NA,heatwave,drought,5,210.2,119,18
PIFL51,2025-11-17T07:00:00Z,PIFL,51,NA,heatwave,drought,5,196.8,119,18
PIFL52,2025-11-17T07:00:00Z,PIFL,52,NA,heatwave,water,5,554.9,119,18
PIFL53,2025-11-17T07:00:00Z,PIFL,53,NA,heatwave,drought,5,231.4,119,18
PIFL54,2025-11-17T07:00:00Z,PIFL,54,NA,heatwave,drought,5,208,119,18
PIFL55,2025-11-17T07:00:00Z,PIFL,55,NA,heatwave,water,5,519.5,119,18
PIFL56,2025-11-17T07:00:00Z,PIFL,56,NA,heatwave,drought,5,213.9,119,18
PIFL57,2025-11-17T07:00:00Z,PIFL,57,NA,heatwave,drought,5,212.8,119,18
PIFL58,2025-11-17T07:00:00Z,PIFL,58,NA,heatwave,drought,5,203.7,119,18
PIFL59,2025-11-17T07:00:00Z,PIFL,59,NA,heatwave,drought,5,202.5,119,18
PIFL60,2025-11-17T07:00:00Z,PIFL,60,NA,heatwave,drought,5,194.8,119,18
PIFL1,2025-11-24T07:00:00Z,PIFL,1,NA,ambient,water,5,553.3,126,19
PIFL2,2025-11-24T07:00:00Z,PIFL,2,NA,ambient,drought,5,223.7,126,19
PIFL3,2025-11-24T07:00:00Z,PIFL,3,NA,ambient,drought,5,213.3,126,19
PIFL4,2025-11-24T07:00:00Z,PIFL,4,NA,ambient,drought,5,199.8,126,19
PIFL5,2025-11-24T07:00:00Z,PIFL,5,NA,ambient,drought,5,213.2,126,19
PIFL6,2025-11-24T07:00:00Z,PIFL,6,NA,ambient,drought,5,215.7,126,19
PIFL7,2025-11-24T07:00:00Z,PIFL,7,NA,ambient,drought,5,203.5,126,19
PIFL8,2025-11-24T07:00:00Z,PIFL,8,NA,ambient,drought,5,223.5,126,19
PIFL9,2025-11-24T07:00:00Z,PIFL,9,NA,ambient,water,5,567,126,19
PIFL10,2025-11-24T07:00:00Z,PIFL,10,NA,ambient,drought,5,197.6,126,19
PIFL11,2025-11-24T07:00:00Z,PIFL,11,NA,ambient,drought,5,211.7,126,19
PIFL12,2025-11-24T07:00:00Z,PIFL,12,NA,ambient,water,5,564.3,126,19
PIFL13,2025-11-24T07:00:00Z,PIFL,13,NA,ambient,drought,5,199.2,126,19
PIFL14,2025-11-24T07:00:00Z,PIFL,14,NA,ambient,drought,5,218.5,126,19
PIFL15,2025-11-24T07:00:00Z,PIFL,15,NA,ambient,drought,5,202.6,126,19
PIFL16,2025-11-24T07:00:00Z,PIFL,16,NA,ambient,drought,5,223.3,126,19
PIFL17,2025-11-24T07:00:00Z,PIFL,17,NA,ambient,drought,5,203.8,126,19
PIFL18,2025-11-24T07:00:00Z,PIFL,18,NA,ambient,drought,5,199.3,126,19
PIFL19,2025-11-24T07:00:00Z,PIFL,19,NA,ambient,drought,5,215.2,126,19
PIFL20,2025-11-24T07:00:00Z,PIFL,20,NA,ambient,drought,5,208.1,126,19
PIFL21,2025-11-24T07:00:00Z,PIFL,21,NA,ambient,water,5,561,126,19
PIFL22,2025-11-24T07:00:00Z,PIFL,22,NA,ambient,drought,5,205.9,126,19
PIFL23,2025-11-24T07:00:00Z,PIFL,23,NA,ambient,drought,5,204.5,126,19
PIFL24,2025-11-24T07:00:00Z,PIFL,24,NA,ambient,drought,5,257.8,126,19
PIFL25,2025-11-24T07:00:00Z,PIFL,25,NA,ambient,drought,5,283.8,126,19
PIFL26,2025-11-24T07:00:00Z,PIFL,26,NA,ambient,drought,5,205.9,126,19
PIFL27,2025-11-24T07:00:00Z,PIFL,27,NA,ambient,drought,5,208.7,126,19
PIFL28,2025-11-24T07:00:00Z,PIFL,28,NA,ambient,water,5,532.2,126,19
PIFL29,2025-11-24T07:00:00Z,PIFL,29,NA,ambient,drought,5,203.5,126,19
PIFL30,2025-11-24T07:00:00Z,PIFL,30,NA,ambient,drought,5,196.4,126,19
PIFL31,2025-11-24T07:00:00Z,PIFL,31,NA,heatwave,drought,5,201.7,126,19
PIFL32,2025-11-24T07:00:00Z,PIFL,32,NA,heatwave,drought,5,195.7,126,19
PIFL33,2025-11-24T07:00:00Z,PIFL,33,NA,heatwave,drought,5,203.5,126,19
PIFL34,2025-11-24T07:00:00Z,PIFL,34,NA,heatwave,drought,5,203,126,19
PIFL35,2025-11-24T07:00:00Z,PIFL,35,NA,heatwave,drought,5,197.2,126,19
PIFL36,2025-11-24T07:00:00Z,PIFL,36,NA,heatwave,water,5,549.6,126,19
PIFL37,2025-11-24T07:00:00Z,PIFL,37,NA,heatwave,drought,5,221.8,126,19
PIFL38,2025-11-24T07:00:00Z,PIFL,38,NA,heatwave,drought,5,199,126,19
PIFL39,2025-11-24T07:00:00Z,PIFL,39,NA,heatwave,drought,5,206.3,126,19
PIFL40,2025-11-24T07:00:00Z,PIFL,40,NA,heatwave,drought,5,245.3,126,19
PIFL41,2025-11-24T07:00:00Z,PIFL,41,NA,heatwave,water,5,555.6,126,19
PIFL42,2025-11-24T07:00:00Z,PIFL,42,NA,heatwave,drought,5,199.4,126,19
PIFL43,2025-11-24T07:00:00Z,PIFL,43,NA,heatwave,drought,37.5,195.4,126,19
PIFL44,2025-11-24T07:00:00Z,PIFL,44,NA,heatwave,drought,5,220.3,126,19
PIFL45,2025-11-24T07:00:00Z,PIFL,45,NA,heatwave,drought,5,199.6,126,19
PIFL46,2025-11-24T07:00:00Z,PIFL,46,NA,heatwave,water,5,552.9,126,19
PIFL47,2025-11-24T07:00:00Z,PIFL,47,NA,heatwave,drought,5,214.9,126,19
PIFL48,2025-11-24T07:00:00Z,PIFL,48,NA,heatwave,drought,37.5,203,126,19
PIFL49,2025-11-24T07:00:00Z,PIFL,49,NA,heatwave,drought,5,200.7,126,19
PIFL50,2025-11-24T07:00:00Z,PIFL,50,NA,heatwave,drought,5,207.5,126,19
PIFL51,2025-11-24T07:00:00Z,PIFL,51,NA,heatwave,drought,5,195.2,126,19
PIFL52,2025-11-24T07:00:00Z,PIFL,52,NA,heatwave,water,5,537.7,126,19
PIFL53,2025-11-24T07:00:00Z,PIFL,53,NA,heatwave,drought,5,226.7,126,19
PIFL54,2025-11-24T07:00:00Z,PIFL,54,NA,heatwave,drought,5,205.6,126,19
PIFL55,2025-11-24T07:00:00Z,PIFL,55,NA,heatwave,water,5,526.4,126,19
PIFL56,2025-11-24T07:00:00Z,PIFL,56,NA,heatwave,drought,5,211.1,126,19
PIFL57,2025-11-24T07:00:00Z,PIFL,57,NA,heatwave,drought,5,210.3,126,19
PIFL58,2025-11-24T07:00:00Z,PIFL,58,NA,heatwave,drought,5,201.8,126,19
PIFL59,2025-11-24T07:00:00Z,PIFL,59,NA,heatwave,drought,5,201,126,19
PIFL60,2025-11-24T07:00:00Z,PIFL,60,NA,heatwave,drought,17.5,193.6,126,19
PIFL1,2025-12-01T07:00:00Z,PIFL,1,NA,ambient,water,5,553.3,133,20
PIFL2,2025-12-01T07:00:00Z,PIFL,2,NA,ambient,drought,5,218.1,133,20
PIFL3,2025-12-01T07:00:00Z,PIFL,3,NA,ambient,drought,5,209.8,133,20
PIFL4,2025-12-01T07:00:00Z,PIFL,4,NA,ambient,drought,5,196.9,133,20
PIFL5,2025-12-01T07:00:00Z,PIFL,5,NA,ambient,drought,5,209.3,133,20
PIFL6,2025-12-01T07:00:00Z,PIFL,6,NA,ambient,drought,5,212.6,133,20
PIFL7,2025-12-01T07:00:00Z,PIFL,7,NA,ambient,drought,5,201.1,133,20
PIFL8,2025-12-01T07:00:00Z,PIFL,8,NA,ambient,drought,5,218.2,133,20
PIFL9,2025-12-01T07:00:00Z,PIFL,9,NA,ambient,water,5,262.6,133,20
PIFL10,2025-12-01T07:00:00Z,PIFL,10,NA,ambient,drought,17.5,195.2,133,20
PIFL11,2025-12-01T07:00:00Z,PIFL,11,NA,ambient,drought,5,208,133,20
PIFL12,2025-12-01T07:00:00Z,PIFL,12,NA,ambient,water,5,556.8,133,20
PIFL13,2025-12-01T07:00:00Z,PIFL,13,NA,ambient,drought,5,196.5,133,20
PIFL14,2025-12-01T07:00:00Z,PIFL,14,NA,ambient,drought,5,213.9,133,20
PIFL15,2025-12-01T07:00:00Z,PIFL,15,NA,ambient,drought,5,200.1,133,20
PIFL16,2025-12-01T07:00:00Z,PIFL,16,NA,ambient,drought,5,217.4,133,20
PIFL17,2025-12-01T07:00:00Z,PIFL,17,NA,ambient,drought,17.5,201.1,133,20
PIFL18,2025-12-01T07:00:00Z,PIFL,18,NA,ambient,drought,5,196.5,133,20
PIFL19,2025-12-01T07:00:00Z,PIFL,19,NA,ambient,drought,5,211.6,133,20
PIFL20,2025-12-01T07:00:00Z,PIFL,20,NA,ambient,drought,5,204.2,133,20
PIFL21,2025-12-01T07:00:00Z,PIFL,21,NA,ambient,water,5,537.9,133,20
PIFL22,2025-12-01T07:00:00Z,PIFL,22,NA,ambient,drought,5,202.9,133,20
PIFL23,2025-12-01T07:00:00Z,PIFL,23,NA,ambient,drought,5,201.2,133,20
PIFL24,2025-12-01T07:00:00Z,PIFL,24,NA,ambient,drought,5,245.8,133,20
PIFL25,2025-12-01T07:00:00Z,PIFL,25,NA,ambient,drought,5,274.4,133,20
PIFL26,2025-12-01T07:00:00Z,PIFL,26,NA,ambient,drought,5,203,133,20
PIFL27,2025-12-01T07:00:00Z,PIFL,27,NA,ambient,drought,5,204.7,133,20
PIFL28,2025-12-01T07:00:00Z,PIFL,28,NA,ambient,water,5,525.9,133,20
PIFL29,2025-12-01T07:00:00Z,PIFL,29,NA,ambient,drought,17.5,200.7,133,20
PIFL30,2025-12-01T07:00:00Z,PIFL,30,NA,ambient,drought,5,193.7,133,20
PIFL31,2025-12-01T07:00:00Z,PIFL,31,NA,heatwave,drought,5,199.2,133,20
PIFL32,2025-12-01T07:00:00Z,PIFL,32,NA,heatwave,drought,5,193.5,133,20
PIFL33,2025-12-01T07:00:00Z,PIFL,33,NA,heatwave,drought,5,200.7,133,20
PIFL34,2025-12-01T07:00:00Z,PIFL,34,NA,heatwave,drought,17.5,200.4,133,20
PIFL35,2025-12-01T07:00:00Z,PIFL,35,NA,heatwave,drought,5,194.8,133,20
PIFL36,2025-12-01T07:00:00Z,PIFL,36,NA,heatwave,water,5,539.3,133,20
PIFL37,2025-12-01T07:00:00Z,PIFL,37,NA,heatwave,drought,5,217.5,133,20
PIFL38,2025-12-01T07:00:00Z,PIFL,38,NA,heatwave,drought,17.5,197,133,20
PIFL39,2025-12-01T07:00:00Z,PIFL,39,NA,heatwave,drought,5,202.9,133,20
PIFL40,2025-12-01T07:00:00Z,PIFL,40,NA,heatwave,drought,5,237.2,133,20
PIFL41,2025-12-01T07:00:00Z,PIFL,41,NA,heatwave,water,5,544.3,133,20
PIFL42,2025-12-01T07:00:00Z,PIFL,42,NA,heatwave,drought,37.5,197.2,133,20
PIFL43,2025-12-01T07:00:00Z,PIFL,43,NA,heatwave,drought,62.5,193,133,20
PIFL44,2025-12-01T07:00:00Z,PIFL,44,NA,heatwave,drought,5,215.7,133,20
PIFL45,2025-12-01T07:00:00Z,PIFL,45,NA,heatwave,drought,5,196.5,133,20
PIFL46,2025-12-01T07:00:00Z,PIFL,46,NA,heatwave,water,5,535.1,133,20
PIFL47,2025-12-01T07:00:00Z,PIFL,47,NA,heatwave,drought,5,210.7,133,20
PIFL48,2025-12-01T07:00:00Z,PIFL,48,NA,heatwave,drought,62.5,200.4,133,20
PIFL49,2025-12-01T07:00:00Z,PIFL,49,NA,heatwave,drought,5,198.1,133,20
PIFL50,2025-12-01T07:00:00Z,PIFL,50,NA,heatwave,drought,5,203.8,133,20
PIFL51,2025-12-01T07:00:00Z,PIFL,51,NA,heatwave,drought,17.5,192.9,133,20
PIFL52,2025-12-01T07:00:00Z,PIFL,52,NA,heatwave,water,5,537.4,133,20
PIFL53,2025-12-01T07:00:00Z,PIFL,53,NA,heatwave,drought,5,221.5,133,20
PIFL54,2025-12-01T07:00:00Z,PIFL,54,NA,heatwave,drought,5,202.2,133,20
PIFL55,2025-12-01T07:00:00Z,PIFL,55,NA,heatwave,water,5,482.5,133,20
PIFL56,2025-12-01T07:00:00Z,PIFL,56,NA,heatwave,drought,5,207.4,133,20
PIFL57,2025-12-01T07:00:00Z,PIFL,57,NA,heatwave,drought,5,207,133,20
PIFL58,2025-12-01T07:00:00Z,PIFL,58,NA,heatwave,drought,17.5,199.2,133,20
PIFL59,2025-12-01T07:00:00Z,PIFL,59,NA,heatwave,drought,17.5,198.7,133,20
PIFL60,2025-12-01T07:00:00Z,PIFL,60,NA,heatwave,drought,17.5,191.3,133,20
PIFL1,2025-12-08T07:00:00Z,PIFL,1,NA,ambient,water,5,525,140,21
PIFL2,2025-12-08T07:00:00Z,PIFL,2,NA,ambient,drought,5,212.8,140,21
PIFL3,2025-12-08T07:00:00Z,PIFL,3,NA,ambient,drought,5,206.1,140,21
PIFL4,2025-12-08T07:00:00Z,PIFL,4,NA,ambient,drought,5,193.9,140,21
PIFL5,2025-12-08T07:00:00Z,PIFL,5,NA,ambient,drought,5,205.4,140,21
PIFL6,2025-12-08T07:00:00Z,PIFL,6,NA,ambient,drought,5,209.3,140,21
PIFL7,2025-12-08T07:00:00Z,PIFL,7,NA,ambient,drought,17.5,198.4,140,21
PIFL8,2025-12-08T07:00:00Z,PIFL,8,NA,ambient,drought,5,213.6,140,21
PIFL9,2025-12-08T07:00:00Z,PIFL,9,NA,ambient,water,5,541.1,140,21
PIFL10,2025-12-08T07:00:00Z,PIFL,10,NA,ambient,drought,17.5,192.4,140,21
PIFL11,2025-12-08T07:00:00Z,PIFL,11,NA,ambient,drought,5,204.4,140,21
PIFL12,2025-12-08T07:00:00Z,PIFL,12,NA,ambient,water,5,535.5,140,21
PIFL13,2025-12-08T07:00:00Z,PIFL,13,NA,ambient,drought,5,193.6,140,21
PIFL14,2025-12-08T07:00:00Z,PIFL,14,NA,ambient,drought,5,209.7,140,21
PIFL15,2025-12-08T07:00:00Z,PIFL,15,NA,ambient,drought,5,197.5,140,21
PIFL16,2025-12-08T07:00:00Z,PIFL,16,NA,ambient,drought,5,211.8,140,21
PIFL17,2025-12-08T07:00:00Z,PIFL,17,NA,ambient,drought,5,197.8,140,21
PIFL18,2025-12-08T07:00:00Z,PIFL,18,NA,ambient,drought,5,193.2,140,21
PIFL19,2025-12-08T07:00:00Z,PIFL,19,NA,ambient,drought,5,207.8,140,21
PIFL20,2025-12-08T07:00:00Z,PIFL,20,NA,ambient,drought,5,200.6,140,21
PIFL21,2025-12-08T07:00:00Z,PIFL,21,NA,ambient,water,5,219.1,140,21
PIFL22,2025-12-08T07:00:00Z,PIFL,22,NA,ambient,drought,5,199.3,140,21
PIFL23,2025-12-08T07:00:00Z,PIFL,23,NA,ambient,drought,5,197.5,140,21
PIFL24,2025-12-08T07:00:00Z,PIFL,24,NA,ambient,drought,5,234.7,140,21
PIFL25,2025-12-08T07:00:00Z,PIFL,25,NA,ambient,drought,5,263.6,140,21
PIFL26,2025-12-08T07:00:00Z,PIFL,26,NA,ambient,drought,5,199.8,140,21
PIFL27,2025-12-08T07:00:00Z,PIFL,27,NA,ambient,drought,5,199.8,140,21
PIFL28,2025-12-08T07:00:00Z,PIFL,28,NA,ambient,water,5,485.6,140,21
PIFL29,2025-12-08T07:00:00Z,PIFL,29,NA,ambient,drought,17.5,197.5,140,21
PIFL30,2025-12-08T07:00:00Z,PIFL,30,NA,ambient,drought,5,191,140,21
PIFL31,2025-12-08T07:00:00Z,PIFL,31,NA,heatwave,drought,5,196.3,140,21
PIFL32,2025-12-08T07:00:00Z,PIFL,32,NA,heatwave,drought,17.5,191.1,140,21
PIFL33,2025-12-08T07:00:00Z,PIFL,33,NA,heatwave,drought,5,197.5,140,21
PIFL34,2025-12-08T07:00:00Z,PIFL,34,NA,heatwave,drought,17.5,197.4,140,21
PIFL35,2025-12-08T07:00:00Z,PIFL,35,NA,heatwave,drought,5,192,140,21
PIFL36,2025-12-08T07:00:00Z,PIFL,36,NA,heatwave,water,5,547.2,140,21
PIFL37,2025-12-08T07:00:00Z,PIFL,37,NA,heatwave,drought,5,213.2,140,21
PIFL38,2025-12-08T07:00:00Z,PIFL,38,NA,heatwave,drought,17.5,194.4,140,21
PIFL39,2025-12-08T07:00:00Z,PIFL,39,NA,heatwave,drought,17.5,198.8,140,21
PIFL40,2025-12-08T07:00:00Z,PIFL,40,NA,heatwave,drought,5,229.7,140,21
PIFL41,2025-12-08T07:00:00Z,PIFL,41,NA,heatwave,water,5,528.3,140,21
PIFL42,2025-12-08T07:00:00Z,PIFL,42,NA,heatwave,drought,37.5,194.9,140,21
PIFL43,2025-12-08T07:00:00Z,PIFL,43,NA,heatwave,drought,95,190.5,140,21
PIFL44,2025-12-08T07:00:00Z,PIFL,44,NA,heatwave,drought,5,211,140,21
PIFL45,2025-12-08T07:00:00Z,PIFL,45,NA,heatwave,drought,5,192.9,140,21
PIFL46,2025-12-08T07:00:00Z,PIFL,46,NA,heatwave,water,5,532.3,140,21
PIFL47,2025-12-08T07:00:00Z,PIFL,47,NA,heatwave,drought,5,206.3,140,21
PIFL48,2025-12-08T07:00:00Z,PIFL,48,NA,heatwave,drought,82.5,197.6,140,21
PIFL49,2025-12-08T07:00:00Z,PIFL,49,NA,heatwave,drought,17.5,195.4,140,21
PIFL50,2025-12-08T07:00:00Z,PIFL,50,NA,heatwave,drought,5,200,140,21
PIFL51,2025-12-08T07:00:00Z,PIFL,51,NA,heatwave,drought,5,190.3,140,21
PIFL52,2025-12-08T07:00:00Z,PIFL,52,NA,heatwave,water,5,520.7,140,21
PIFL53,2025-12-08T07:00:00Z,PIFL,53,NA,heatwave,drought,5,216.3,140,21
PIFL54,2025-12-08T07:00:00Z,PIFL,54,NA,heatwave,drought,5,198.5,140,21
PIFL55,2025-12-08T07:00:00Z,PIFL,55,NA,heatwave,water,5,491.1,140,21
PIFL56,2025-12-08T07:00:00Z,PIFL,56,NA,heatwave,drought,5,203.2,140,21
PIFL57,2025-12-08T07:00:00Z,PIFL,57,NA,heatwave,drought,17.5,203.3,140,21
PIFL58,2025-12-08T07:00:00Z,PIFL,58,NA,heatwave,drought,17.5,196.2,140,21
PIFL59,2025-12-08T07:00:00Z,PIFL,59,NA,heatwave,drought,37.5,196.2,140,21
PIFL60,2025-12-08T07:00:00Z,PIFL,60,NA,heatwave,drought,82.5,189,140,21
PIFL1,2025-12-22T07:00:00Z,PIFL,1,NA,ambient,water,5,565.4,154,23
PIFL2,2025-12-22T07:00:00Z,PIFL,2,NA,ambient,drought,5,203.9,154,23
PIFL3,2025-12-22T07:00:00Z,PIFL,3,NA,ambient,drought,5,198.8,154,23
PIFL4,2025-12-22T07:00:00Z,PIFL,4,NA,ambient,drought,17.5,188.3,154,23
PIFL5,2025-12-22T07:00:00Z,PIFL,5,NA,ambient,drought,5,197.9,154,23
PIFL6,2025-12-22T07:00:00Z,PIFL,6,NA,ambient,drought,5,203.4,154,23
PIFL7,2025-12-22T07:00:00Z,PIFL,7,NA,ambient,drought,17.5,193.6,154,23
PIFL8,2025-12-22T07:00:00Z,PIFL,8,NA,ambient,drought,5,205.1,154,23
PIFL9,2025-12-22T07:00:00Z,PIFL,9,NA,ambient,water,5,564.1,154,23
PIFL10,2025-12-22T07:00:00Z,PIFL,10,NA,ambient,drought,62.5,187.7,154,23
PIFL11,2025-12-22T07:00:00Z,PIFL,11,NA,ambient,drought,5,197.9,154,23
PIFL12,2025-12-22T07:00:00Z,PIFL,12,NA,ambient,water,5,565,154,23
PIFL13,2025-12-22T07:00:00Z,PIFL,13,NA,ambient,drought,5,188,154,23
PIFL14,2025-12-22T07:00:00Z,PIFL,14,NA,ambient,drought,5,202.4,154,23
PIFL15,2025-12-22T07:00:00Z,PIFL,15,NA,ambient,drought,17.5,192.8,154,23
PIFL16,2025-12-22T07:00:00Z,PIFL,16,NA,ambient,drought,5,203.5,154,23
PIFL17,2025-12-22T07:00:00Z,PIFL,17,NA,ambient,drought,37.5,192.1,154,23
PIFL18,2025-12-22T07:00:00Z,PIFL,18,NA,ambient,drought,5,187.3,154,23
PIFL19,2025-12-22T07:00:00Z,PIFL,19,NA,ambient,drought,5,201.2,154,23
PIFL20,2025-12-22T07:00:00Z,PIFL,20,NA,ambient,drought,5,194.1,154,23
PIFL21,2025-12-22T07:00:00Z,PIFL,21,NA,ambient,water,5,537.2,154,23
PIFL22,2025-12-22T07:00:00Z,PIFL,22,NA,ambient,drought,5,193.3,154,23
PIFL23,2025-12-22T07:00:00Z,PIFL,23,NA,ambient,drought,17.5,191.4,154,23
PIFL24,2025-12-22T07:00:00Z,PIFL,24,NA,ambient,drought,5,218.8,154,23
PIFL25,2025-12-22T07:00:00Z,PIFL,25,NA,ambient,drought,5,241.6,154,23
PIFL26,2025-12-22T07:00:00Z,PIFL,26,NA,ambient,drought,5,194,154,23
PIFL27,2025-12-22T07:00:00Z,PIFL,27,NA,ambient,drought,5,192.4,154,23
PIFL28,2025-12-22T07:00:00Z,PIFL,28,NA,ambient,water,5,524.4,154,23
PIFL29,2025-12-22T07:00:00Z,PIFL,29,NA,ambient,drought,17.5,192.2,154,23
PIFL30,2025-12-22T07:00:00Z,PIFL,30,NA,ambient,drought,5,186.1,154,23
PIFL31,2025-12-22T07:00:00Z,PIFL,31,NA,heatwave,drought,17.5,191.4,154,23
PIFL32,2025-12-22T07:00:00Z,PIFL,32,NA,heatwave,drought,37.5,186.7,154,23
PIFL33,2025-12-22T07:00:00Z,PIFL,33,NA,heatwave,drought,5,191.7,154,23
PIFL34,2025-12-22T07:00:00Z,PIFL,34,NA,heatwave,drought,17.5,192.2,154,23
PIFL35,2025-12-22T07:00:00Z,PIFL,35,NA,heatwave,drought,17.5,187.4,154,23
PIFL36,2025-12-22T07:00:00Z,PIFL,36,NA,heatwave,water,5,553.9,154,23
PIFL37,2025-12-22T07:00:00Z,PIFL,37,NA,heatwave,drought,5,205.7,154,23
PIFL38,2025-12-22T07:00:00Z,PIFL,38,NA,heatwave,drought,62.5,190.3,154,23
PIFL39,2025-12-22T07:00:00Z,PIFL,39,NA,heatwave,drought,5,192.1,154,23
PIFL40,2025-12-22T07:00:00Z,PIFL,40,NA,heatwave,drought,5,217.1,154,23
PIFL41,2025-12-22T07:00:00Z,PIFL,41,NA,heatwave,water,5,553.2,154,23
PIFL42,2025-12-22T07:00:00Z,PIFL,42,NA,heatwave,drought,95,190.9,154,23
PIFL43,2025-12-22T07:00:00Z,PIFL,43,NA,heatwave,drought,95,186.4,154,23
PIFL44,2025-12-22T07:00:00Z,PIFL,44,NA,heatwave,drought,5,202.2,154,23
PIFL45,2025-12-22T07:00:00Z,PIFL,45,NA,heatwave,drought,5,186.6,154,23
PIFL46,2025-12-22T07:00:00Z,PIFL,46,NA,heatwave,water,5,560.4,154,23
PIFL47,2025-12-22T07:00:00Z,PIFL,47,NA,heatwave,drought,5,198.3,154,23
PIFL48,2025-12-22T07:00:00Z,PIFL,48,NA,heatwave,drought,95,193.2,154,23
PIFL49,2025-12-22T07:00:00Z,PIFL,49,NA,heatwave,drought,62.5,190.7,154,23
PIFL50,2025-12-22T07:00:00Z,PIFL,50,NA,heatwave,drought,5,193.1,154,23
PIFL51,2025-12-22T07:00:00Z,PIFL,51,NA,heatwave,drought,37.5,185.6,154,23
PIFL52,2025-12-22T07:00:00Z,PIFL,52,NA,heatwave,water,5,550.2,154,23
PIFL53,2025-12-22T07:00:00Z,PIFL,53,NA,heatwave,drought,5,206.5,154,23
PIFL54,2025-12-22T07:00:00Z,PIFL,54,NA,heatwave,drought,5,192.4,154,23
PIFL55,2025-12-22T07:00:00Z,PIFL,55,NA,heatwave,water,5,539.1,154,23
PIFL56,2025-12-22T07:00:00Z,PIFL,56,NA,heatwave,drought,5,195.8,154,23
PIFL57,2025-12-22T07:00:00Z,PIFL,57,NA,heatwave,drought,17.5,197.1,154,23
PIFL58,2025-12-22T07:00:00Z,PIFL,58,NA,heatwave,drought,37.5,191.3,154,23
PIFL59,2025-12-22T07:00:00Z,PIFL,59,NA,heatwave,drought,82.5,191.7,154,23
PIFL60,2025-12-22T07:00:00Z,PIFL,60,NA,heatwave,drought,95,184.8,154,23
PIFL1,2025-12-29T07:00:00Z,PIFL,1,NA,ambient,water,5,569.9,161,24
PIFL2,2025-12-29T07:00:00Z,PIFL,2,NA,ambient,drought,5,202.4,161,24
PIFL3,2025-12-29T07:00:00Z,PIFL,3,NA,ambient,drought,5,197.7,161,24
PIFL4,2025-12-29T07:00:00Z,PIFL,4,NA,ambient,drought,37.5,188,161,24
PIFL5,2025-12-29T07:00:00Z,PIFL,5,NA,ambient,drought,5,196.6,161,24
PIFL6,2025-12-29T07:00:00Z,PIFL,6,NA,ambient,drought,5,202.4,161,24
PIFL7,2025-12-29T07:00:00Z,PIFL,7,NA,ambient,drought,17.5,193.2,161,24
PIFL8,2025-12-29T07:00:00Z,PIFL,8,NA,ambient,drought,5,203.6,161,24
PIFL9,2025-12-29T07:00:00Z,PIFL,9,NA,ambient,water,5,574.2,161,24
PIFL10,2025-12-29T07:00:00Z,PIFL,10,NA,ambient,drought,95,187.4,161,24
PIFL11,2025-12-29T07:00:00Z,PIFL,11,NA,ambient,drought,5,197,161,24
PIFL12,2025-12-29T07:00:00Z,PIFL,12,NA,ambient,water,5,594.2,161,24
PIFL13,2025-12-29T07:00:00Z,PIFL,13,NA,ambient,drought,17.5,187.3,161,24
PIFL14,2025-12-29T07:00:00Z,PIFL,14,NA,ambient,drought,5,200.9,161,24
PIFL15,2025-12-29T07:00:00Z,PIFL,15,NA,ambient,drought,37.5,192.5,161,24
PIFL16,2025-12-29T07:00:00Z,PIFL,16,NA,ambient,drought,5,201.8,161,24
PIFL17,2025-12-29T07:00:00Z,PIFL,17,NA,ambient,drought,62.5,191.4,161,24
PIFL18,2025-12-29T07:00:00Z,PIFL,18,NA,ambient,drought,5,186.2,161,24
PIFL19,2025-12-29T07:00:00Z,PIFL,19,NA,ambient,drought,5,199.8,161,24
PIFL20,2025-12-29T07:00:00Z,PIFL,20,NA,ambient,drought,5,192.9,161,24
PIFL21,2025-12-29T07:00:00Z,PIFL,21,NA,ambient,water,5,562.2,161,24
PIFL22,2025-12-29T07:00:00Z,PIFL,22,NA,ambient,drought,5,192.9,161,24
PIFL23,2025-12-29T07:00:00Z,PIFL,23,NA,ambient,drought,37.5,191.1,161,24
PIFL24,2025-12-29T07:00:00Z,PIFL,24,NA,ambient,drought,5,215.6,161,24
PIFL25,2025-12-29T07:00:00Z,PIFL,25,NA,ambient,drought,5,235.5,161,24
PIFL26,2025-12-29T07:00:00Z,PIFL,26,NA,ambient,drought,5,193.3,161,24
PIFL27,2025-12-29T07:00:00Z,PIFL,27,NA,ambient,drought,17.5,191.5,161,24
PIFL28,2025-12-29T07:00:00Z,PIFL,28,NA,ambient,water,5,548.9,161,24
PIFL29,2025-12-29T07:00:00Z,PIFL,29,NA,ambient,drought,62.5,192,161,24
PIFL30,2025-12-29T07:00:00Z,PIFL,30,NA,ambient,drought,37.5,185.7,161,24
PIFL31,2025-12-29T07:00:00Z,PIFL,31,NA,heatwave,drought,82.5,191.2,161,24
PIFL32,2025-12-29T07:00:00Z,PIFL,32,NA,heatwave,drought,95,186.8,161,24
PIFL33,2025-12-29T07:00:00Z,PIFL,33,NA,heatwave,drought,5,191.1,161,24
PIFL34,2025-12-29T07:00:00Z,PIFL,34,NA,heatwave,drought,95,191.8,161,24
PIFL35,2025-12-29T07:00:00Z,PIFL,35,NA,heatwave,drought,37.5,187.1,161,24
PIFL36,2025-12-29T07:00:00Z,PIFL,36,NA,heatwave,water,5,557.8,161,24
PIFL37,2025-12-29T07:00:00Z,PIFL,37,NA,heatwave,drought,5,204.3,161,24
PIFL38,2025-12-29T07:00:00Z,PIFL,38,NA,heatwave,drought,95,190.3,161,24
PIFL39,2025-12-29T07:00:00Z,PIFL,39,NA,heatwave,drought,5,191.3,161,24
PIFL40,2025-12-29T07:00:00Z,PIFL,40,NA,heatwave,drought,5,210.9,161,24
PIFL41,2025-12-29T07:00:00Z,PIFL,41,NA,heatwave,water,5,572.1,161,24
PIFL42,2025-12-29T07:00:00Z,PIFL,42,NA,heatwave,drought,95,190.9,161,24
PIFL43,2025-12-29T07:00:00Z,PIFL,43,NA,heatwave,drought,95,186.4,161,24
PIFL44,2025-12-29T07:00:00Z,PIFL,44,NA,heatwave,drought,5,200.3,161,24
PIFL45,2025-12-29T07:00:00Z,PIFL,45,NA,heatwave,drought,17.5,185.7,161,24
PIFL46,2025-12-29T07:00:00Z,PIFL,46,NA,heatwave,water,5,568.7,161,24
PIFL47,2025-12-29T07:00:00Z,PIFL,47,NA,heatwave,drought,5,196.9,161,24
PIFL48,2025-12-29T07:00:00Z,PIFL,48,NA,heatwave,drought,95,193.3,161,24
PIFL49,2025-12-29T07:00:00Z,PIFL,49,NA,heatwave,drought,82.5,190.6,161,24
PIFL50,2025-12-29T07:00:00Z,PIFL,50,NA,heatwave,drought,17.5,192.1,161,24
PIFL51,2025-12-29T07:00:00Z,PIFL,51,NA,heatwave,drought,95,185.7,161,24
PIFL52,2025-12-29T07:00:00Z,PIFL,52,NA,heatwave,water,5,549.5,161,24
PIFL53,2025-12-29T07:00:00Z,PIFL,53,NA,heatwave,drought,5,204.5,161,24
PIFL54,2025-12-29T07:00:00Z,PIFL,54,NA,heatwave,drought,17.5,191.5,161,24
PIFL55,2025-12-29T07:00:00Z,PIFL,55,NA,heatwave,water,5,549.1,161,24
PIFL56,2025-12-29T07:00:00Z,PIFL,56,NA,heatwave,drought,62.5,194.8,161,24
PIFL57,2025-12-29T07:00:00Z,PIFL,57,NA,heatwave,drought,62.5,196.5,161,24
PIFL58,2025-12-29T07:00:00Z,PIFL,58,NA,heatwave,drought,82.5,191,161,24
PIFL59,2025-12-29T07:00:00Z,PIFL,59,NA,heatwave,drought,95,191.7,161,24
PIFL60,2025-12-29T07:00:00Z,PIFL,60,NA,heatwave,drought,95,184.9,161,24
PIPO1,2025-07-23T07:00:00Z,PIPO,1,4.5,ambient,water,5,536.2,2,1
PIPO2,2025-07-23T07:00:00Z,PIPO,2,7,ambient,drought,5,499.4,2,1
PIPO3,2025-07-23T07:00:00Z,PIPO,3,6.2,ambient,drought,5,481.2,2,1
PIPO4,2025-07-23T07:00:00Z,PIPO,4,5.6,ambient,drought,5,521.1,2,1
PIPO5,2025-07-23T07:00:00Z,PIPO,5,8.9,ambient,water,5,555.1,2,1
PIPO6,2025-07-23T07:00:00Z,PIPO,6,6.9,ambient,drought,5,532.3,2,1
PIPO7,2025-07-23T07:00:00Z,PIPO,7,4.5,ambient,drought,5,538,2,1
PIPO8,2025-07-23T07:00:00Z,PIPO,8,7.1,ambient,drought,5,543.7,2,1
PIPO9,2025-07-23T07:00:00Z,PIPO,9,7,ambient,drought,5,539.7,2,1
PIPO10,2025-07-23T07:00:00Z,PIPO,10,7,ambient,drought,5,546,2,1
PIPO11,2025-07-23T07:00:00Z,PIPO,11,6.7,ambient,water,5,463.7,2,1
PIPO12,2025-07-23T07:00:00Z,PIPO,12,7.9,ambient,drought,5,517.6,2,1
PIPO13,2025-07-23T07:00:00Z,PIPO,13,5.7,ambient,drought,5,522.8,2,1
PIPO14,2025-07-23T07:00:00Z,PIPO,14,6,ambient,drought,5,526.5,2,1
PIPO15,2025-07-23T07:00:00Z,PIPO,15,5.6,ambient,drought,5,557.7,2,1
PIPO16,2025-07-23T07:00:00Z,PIPO,16,4.6,ambient,drought,5,511.5,2,1
PIPO17,2025-07-23T07:00:00Z,PIPO,17,7,ambient,drought,5,557.8,2,1
PIPO18,2025-07-23T07:00:00Z,PIPO,18,5.8,ambient,water,5,561.7,2,1
PIPO19,2025-07-23T07:00:00Z,PIPO,19,5.7,ambient,drought,5,536.1,2,1
PIPO20,2025-07-23T07:00:00Z,PIPO,20,5.4,ambient,water,5,537,2,1
PIPO21,2025-07-23T07:00:00Z,PIPO,21,6,ambient,drought,5,557.9,2,1
PIPO22,2025-07-23T07:00:00Z,PIPO,22,5.9,ambient,drought,5,535.4,2,1
PIPO23,2025-07-23T07:00:00Z,PIPO,23,5.6,ambient,drought,5,530.4,2,1
PIPO24,2025-07-23T07:00:00Z,PIPO,24,5.2,ambient,drought,5,528.3,2,1
PIPO25,2025-07-23T07:00:00Z,PIPO,25,4.9,ambient,drought,5,538,2,1
PIPO26,2025-07-23T07:00:00Z,PIPO,26,6.4,ambient,drought,5,534.4,2,1
PIPO27,2025-07-23T07:00:00Z,PIPO,27,7.6,ambient,drought,5,529.7,2,1
PIPO28,2025-07-23T07:00:00Z,PIPO,28,6.9,ambient,drought,5,500.8,2,1
PIPO29,2025-07-23T07:00:00Z,PIPO,29,6.6,ambient,drought,5,534.9,2,1
PIPO30,2025-07-23T07:00:00Z,PIPO,30,5.9,ambient,drought,5,543.2,2,1
PIPO31,2025-07-23T07:00:00Z,PIPO,31,5.2,heatwave,water,5,560.8,2,1
PIPO32,2025-07-23T07:00:00Z,PIPO,32,5.7,heatwave,drought,5,557.2,2,1
PIPO33,2025-07-23T07:00:00Z,PIPO,33,5.2,heatwave,drought,5,532,2,1
PIPO34,2025-07-23T07:00:00Z,PIPO,34,5.1,heatwave,drought,5,535.9,2,1
PIPO35,2025-07-23T07:00:00Z,PIPO,35,4.3,heatwave,water,5,563.2,2,1
PIPO36,2025-07-23T07:00:00Z,PIPO,36,6.3,heatwave,drought,5,550.8,2,1
PIPO37,2025-07-23T07:00:00Z,PIPO,37,4.8,heatwave,drought,5,524.6,2,1
PIPO38,2025-07-23T07:00:00Z,PIPO,38,5,heatwave,drought,5,559.6,2,1
PIPO39,2025-07-23T07:00:00Z,PIPO,39,4.8,heatwave,drought,5,561.5,2,1
PIPO40,2025-07-23T07:00:00Z,PIPO,40,5.2,heatwave,drought,5,547.2,2,1
PIPO41,2025-07-23T07:00:00Z,PIPO,41,5.2,heatwave,drought,5,467.9,2,1
PIPO42,2025-07-23T07:00:00Z,PIPO,42,5.8,heatwave,drought,5,512.1,2,1
PIPO43,2025-07-23T07:00:00Z,PIPO,43,5.5,heatwave,drought,5,497.2,2,1
PIPO44,2025-07-23T07:00:00Z,PIPO,44,5.6,heatwave,drought,5,469.5,2,1
PIPO45,2025-07-23T07:00:00Z,PIPO,45,6,heatwave,drought,5,515.5,2,1
PIPO46,2025-07-23T07:00:00Z,PIPO,46,5.6,heatwave,drought,5,508.9,2,1
PIPO47,2025-07-23T07:00:00Z,PIPO,47,5.6,heatwave,drought,5,535.4,2,1
PIPO48,2025-07-23T07:00:00Z,PIPO,48,5,heatwave,drought,5,525,2,1
PIPO49,2025-07-23T07:00:00Z,PIPO,49,6.3,heatwave,drought,5,509.4,2,1
PIPO50,2025-07-23T07:00:00Z,PIPO,50,6.6,heatwave,drought,5,444.4,2,1
PIPO51,2025-07-23T07:00:00Z,PIPO,51,5.9,heatwave,water,5,460.5,2,1
PIPO52,2025-07-23T07:00:00Z,PIPO,52,4.9,heatwave,drought,5,525.5,2,1
PIPO53,2025-07-23T07:00:00Z,PIPO,53,6.2,heatwave,water,5,508.5,2,1
PIPO54,2025-07-23T07:00:00Z,PIPO,54,5.5,heatwave,drought,5,506.5,2,1
PIPO55,2025-07-23T07:00:00Z,PIPO,55,7.3,heatwave,drought,5,430.5,2,1
PIPO56,2025-07-23T07:00:00Z,PIPO,56,5.3,heatwave,water,5,508.4,2,1
PIPO57,2025-07-23T07:00:00Z,PIPO,57,6.6,heatwave,drought,5,508.7,2,1
PIPO58,2025-07-23T07:00:00Z,PIPO,58,5,heatwave,drought,5,484.6,2,1
PIPO59,2025-07-23T07:00:00Z,PIPO,59,5.7,heatwave,drought,5,536.7,2,1
PIPO60,2025-07-23T07:00:00Z,PIPO,60,6.4,heatwave,drought,5,495.1,2,1
PIPO1,2025-07-30T07:00:00Z,PIPO,1,6.4,ambient,water,5,516.6,9,2
PIPO2,2025-07-30T07:00:00Z,PIPO,2,5.4,ambient,drought,5,365,9,2
PIPO3,2025-07-30T07:00:00Z,PIPO,3,5.4,ambient,drought,5,378,9,2
PIPO4,2025-07-30T07:00:00Z,PIPO,4,5.5,ambient,drought,5,418.8,9,2
PIPO5,2025-07-30T07:00:00Z,PIPO,5,6.8,ambient,water,5,540.5,9,2
PIPO6,2025-07-30T07:00:00Z,PIPO,6,6.1,ambient,drought,5,435.1,9,2
PIPO7,2025-07-30T07:00:00Z,PIPO,7,4.5,ambient,drought,5,468.7,9,2
PIPO8,2025-07-30T07:00:00Z,PIPO,8,6.6,ambient,drought,5,425.6,9,2
PIPO9,2025-07-30T07:00:00Z,PIPO,9,6.4,ambient,drought,5,405.1,9,2
PIPO10,2025-07-30T07:00:00Z,PIPO,10,5.8,ambient,drought,5,440.7,9,2
PIPO11,2025-07-30T07:00:00Z,PIPO,11,6.3,ambient,water,5,449.3,9,2
PIPO12,2025-07-30T07:00:00Z,PIPO,12,7.3,ambient,drought,5,400.9,9,2
PIPO13,2025-07-30T07:00:00Z,PIPO,13,5.4,ambient,drought,5,438.3,9,2
PIPO14,2025-07-30T07:00:00Z,PIPO,14,5.7,ambient,drought,5,447.9,9,2
PIPO15,2025-07-30T07:00:00Z,PIPO,15,5.4,ambient,drought,5,480.3,9,2
PIPO16,2025-07-30T07:00:00Z,PIPO,16,4.3,ambient,drought,5,410.8,9,2
PIPO17,2025-07-30T07:00:00Z,PIPO,17,6.8,ambient,drought,5,498.2,9,2
PIPO18,2025-07-30T07:00:00Z,PIPO,18,5.9,ambient,water,5,549.3,9,2
PIPO19,2025-07-30T07:00:00Z,PIPO,19,6.1,ambient,drought,5,445.5,9,2
PIPO20,2025-07-30T07:00:00Z,PIPO,20,5.5,ambient,water,5,524.6,9,2
PIPO21,2025-07-30T07:00:00Z,PIPO,21,6,ambient,drought,5,477.1,9,2
PIPO22,2025-07-30T07:00:00Z,PIPO,22,5.2,ambient,drought,5,465.4,9,2
PIPO23,2025-07-30T07:00:00Z,PIPO,23,5.2,ambient,drought,5,451.2,9,2
PIPO24,2025-07-30T07:00:00Z,PIPO,24,5,ambient,drought,5,465.1,9,2
PIPO25,2025-07-30T07:00:00Z,PIPO,25,4.3,ambient,drought,5,449.4,9,2
PIPO26,2025-07-30T07:00:00Z,PIPO,26,5.7,ambient,drought,5,424.4,9,2
PIPO27,2025-07-30T07:00:00Z,PIPO,27,7.5,ambient,drought,5,410.8,9,2
PIPO28,2025-07-30T07:00:00Z,PIPO,28,6.3,ambient,drought,5,357.7,9,2
PIPO29,2025-07-30T07:00:00Z,PIPO,29,6.8,ambient,drought,5,434.6,9,2
PIPO30,2025-07-30T07:00:00Z,PIPO,30,5.7,ambient,drought,5,478,9,2
PIPO31,2025-07-30T07:00:00Z,PIPO,31,4.6,heatwave,water,5,537.3,9,2
PIPO32,2025-07-30T07:00:00Z,PIPO,32,5.2,heatwave,drought,5,481.5,9,2
PIPO33,2025-07-30T07:00:00Z,PIPO,33,5.1,heatwave,drought,5,413.9,9,2
PIPO34,2025-07-30T07:00:00Z,PIPO,34,4.9,heatwave,drought,5,444.1,9,2
PIPO35,2025-07-30T07:00:00Z,PIPO,35,4.5,heatwave,water,5,537.1,9,2
PIPO36,2025-07-30T07:00:00Z,PIPO,36,6.3,heatwave,drought,5,469.2,9,2
PIPO37,2025-07-30T07:00:00Z,PIPO,37,5.1,heatwave,drought,5,471.4,9,2
PIPO38,2025-07-30T07:00:00Z,PIPO,38,4.9,heatwave,drought,5,501.9,9,2
PIPO39,2025-07-30T07:00:00Z,PIPO,39,4.2,heatwave,drought,5,507,9,2
PIPO40,2025-07-30T07:00:00Z,PIPO,40,5.7,heatwave,drought,5,505.7,9,2
PIPO41,2025-07-30T07:00:00Z,PIPO,41,5.6,heatwave,drought,5,408.1,9,2
PIPO42,2025-07-30T07:00:00Z,PIPO,42,5.8,heatwave,drought,5,467.1,9,2
PIPO43,2025-07-30T07:00:00Z,PIPO,43,5.9,heatwave,drought,5,443.1,9,2
PIPO44,2025-07-30T07:00:00Z,PIPO,44,5.7,heatwave,drought,5,416.4,9,2
PIPO45,2025-07-30T07:00:00Z,PIPO,45,5.6,heatwave,drought,5,459.5,9,2
PIPO46,2025-07-30T07:00:00Z,PIPO,46,5.6,heatwave,drought,5,454.2,9,2
PIPO47,2025-07-30T07:00:00Z,PIPO,47,5.3,heatwave,drought,5,493,9,2
PIPO48,2025-07-30T07:00:00Z,PIPO,48,6.4,heatwave,drought,5,476.2,9,2
PIPO49,2025-07-30T07:00:00Z,PIPO,49,5.8,heatwave,drought,5,454.7,9,2
PIPO50,2025-07-30T07:00:00Z,PIPO,50,6.2,heatwave,drought,5,380.3,9,2
PIPO51,2025-07-30T07:00:00Z,PIPO,51,5.8,heatwave,water,5,490.3,9,2
PIPO52,2025-07-30T07:00:00Z,PIPO,52,5.1,heatwave,drought,5,482.6,9,2
PIPO53,2025-07-30T07:00:00Z,PIPO,53,5.9,heatwave,water,5,506.5,9,2
PIPO54,2025-07-30T07:00:00Z,PIPO,54,5.5,heatwave,drought,5,434.6,9,2
PIPO55,2025-07-30T07:00:00Z,PIPO,55,7.8,heatwave,drought,5,354.4,9,2
PIPO56,2025-07-30T07:00:00Z,PIPO,56,5,heatwave,water,5,502,9,2
PIPO57,2025-07-30T07:00:00Z,PIPO,57,6.3,heatwave,drought,5,450.3,9,2
PIPO58,2025-07-30T07:00:00Z,PIPO,58,5,heatwave,drought,5,427.5,9,2
PIPO59,2025-07-30T07:00:00Z,PIPO,59,5.5,heatwave,drought,5,486,9,2
PIPO60,2025-07-30T07:00:00Z,PIPO,60,6.7,heatwave,drought,5,446.4,9,2
PIPO1,2025-08-06T07:00:00Z,PIPO,1,6,ambient,water,5,489.4,16,3
PIPO2,2025-08-06T07:00:00Z,PIPO,2,5.1,ambient,drought,5,292.8,16,3
PIPO3,2025-08-06T07:00:00Z,PIPO,3,4.9,ambient,drought,5,309.5,16,3
PIPO4,2025-08-06T07:00:00Z,PIPO,4,5,ambient,drought,5,338.4,16,3
PIPO5,2025-08-06T07:00:00Z,PIPO,5,6.3,ambient,water,5,518.6,16,3
PIPO6,2025-08-06T07:00:00Z,PIPO,6,6.2,ambient,drought,17.5,366.9,16,3
PIPO7,2025-08-06T07:00:00Z,PIPO,7,4.1,ambient,drought,5,414,16,3
PIPO8,2025-08-06T07:00:00Z,PIPO,8,6.5,ambient,drought,5,333.7,16,3
PIPO9,2025-08-06T07:00:00Z,PIPO,9,6.3,ambient,drought,5,308,16,3
PIPO10,2025-08-06T07:00:00Z,PIPO,10,5.7,ambient,drought,5,353.5,16,3
PIPO11,2025-08-06T07:00:00Z,PIPO,11,6,ambient,water,5,384.5,16,3
PIPO12,2025-08-06T07:00:00Z,PIPO,12,6.7,ambient,drought,5,304.8,16,3
PIPO13,2025-08-06T07:00:00Z,PIPO,13,5,ambient,drought,5,367.1,16,3
PIPO14,2025-08-06T07:00:00Z,PIPO,14,5.2,ambient,drought,5,381.6,16,3
PIPO15,2025-08-06T07:00:00Z,PIPO,15,5.5,ambient,drought,5,418.7,16,3
PIPO16,2025-08-06T07:00:00Z,PIPO,16,4,ambient,drought,5,328.6,16,3
PIPO17,2025-08-06T07:00:00Z,PIPO,17,6.8,ambient,drought,5,445.9,16,3
PIPO18,2025-08-06T07:00:00Z,PIPO,18,5.4,ambient,water,5,551.7,16,3
PIPO19,2025-08-06T07:00:00Z,PIPO,19,6,ambient,drought,5,372.5,16,3
PIPO20,2025-08-06T07:00:00Z,PIPO,20,5.6,ambient,water,5,521.7,16,3
PIPO21,2025-08-06T07:00:00Z,PIPO,21,5.7,ambient,drought,5,414.4,16,3
PIPO22,2025-08-06T07:00:00Z,PIPO,22,5,ambient,drought,5,410.2,16,3
PIPO23,2025-08-06T07:00:00Z,PIPO,23,5.1,ambient,drought,5,387.9,16,3
PIPO24,2025-08-06T07:00:00Z,PIPO,24,4,ambient,drought,5,419.4,16,3
PIPO25,2025-08-06T07:00:00Z,PIPO,25,4.1,ambient,drought,5,377.7,16,3
PIPO26,2025-08-06T07:00:00Z,PIPO,26,5.8,ambient,drought,5,358,16,3
PIPO27,2025-08-06T07:00:00Z,PIPO,27,6.8,ambient,drought,5,328.3,16,3
PIPO28,2025-08-06T07:00:00Z,PIPO,28,6.5,ambient,drought,5,275,16,3
PIPO29,2025-08-06T07:00:00Z,PIPO,29,6.9,ambient,drought,5,355.7,16,3
PIPO30,2025-08-06T07:00:00Z,PIPO,30,5.7,ambient,drought,5,417.2,16,3
PIPO31,2025-08-06T07:00:00Z,PIPO,31,4.4,heatwave,water,5,539,16,3
PIPO32,2025-08-06T07:00:00Z,PIPO,32,5.3,heatwave,drought,5,404.9,16,3
PIPO33,2025-08-06T07:00:00Z,PIPO,33,5.1,heatwave,drought,5,316.2,16,3
PIPO34,2025-08-06T07:00:00Z,PIPO,34,4.9,heatwave,drought,5,346.3,16,3
PIPO35,2025-08-06T07:00:00Z,PIPO,35,3.2,heatwave,water,5,542.2,16,3
PIPO36,2025-08-06T07:00:00Z,PIPO,36,5.3,heatwave,drought,5,391.8,16,3
PIPO37,2025-08-06T07:00:00Z,PIPO,37,4.8,heatwave,drought,5,417.4,16,3
PIPO38,2025-08-06T07:00:00Z,PIPO,38,5,heatwave,drought,5,446.1,16,3
PIPO39,2025-08-06T07:00:00Z,PIPO,39,4.4,heatwave,drought,5,446.2,16,3
PIPO40,2025-08-06T07:00:00Z,PIPO,40,5,heatwave,drought,5,460.1,16,3
PIPO41,2025-08-06T07:00:00Z,PIPO,41,5.1,heatwave,drought,5,347.3,16,3
PIPO42,2025-08-06T07:00:00Z,PIPO,42,5.5,heatwave,drought,5,423.3,16,3
PIPO43,2025-08-06T07:00:00Z,PIPO,43,5.1,heatwave,drought,5,383.3,16,3
PIPO44,2025-08-06T07:00:00Z,PIPO,44,5.3,heatwave,drought,5,362.8,16,3
PIPO45,2025-08-06T07:00:00Z,PIPO,45,5.2,heatwave,drought,5,410.1,16,3
PIPO46,2025-08-06T07:00:00Z,PIPO,46,5.2,heatwave,drought,5,403.4,16,3
PIPO47,2025-08-06T07:00:00Z,PIPO,47,5.4,heatwave,drought,5,452,16,3
PIPO48,2025-08-06T07:00:00Z,PIPO,48,5.5,heatwave,drought,5,437.8,16,3
PIPO49,2025-08-06T07:00:00Z,PIPO,49,5.4,heatwave,drought,5,403.4,16,3
PIPO50,2025-08-06T07:00:00Z,PIPO,50,6.1,heatwave,drought,5,328.9,16,3
PIPO51,2025-08-06T07:00:00Z,PIPO,51,5.4,heatwave,water,5,501.8,16,3
PIPO52,2025-08-06T07:00:00Z,PIPO,52,4.7,heatwave,drought,5,445.3,16,3
PIPO53,2025-08-06T07:00:00Z,PIPO,53,5.5,heatwave,water,5,519.3,16,3
PIPO54,2025-08-06T07:00:00Z,PIPO,54,5.1,heatwave,drought,5,370.6,16,3
PIPO55,2025-08-06T07:00:00Z,PIPO,55,6.1,heatwave,drought,5,295.5,16,3
PIPO56,2025-08-06T07:00:00Z,PIPO,56,4.5,heatwave,water,5,507.2,16,3
PIPO57,2025-08-06T07:00:00Z,PIPO,57,6.2,heatwave,drought,5,390.3,16,3
PIPO58,2025-08-06T07:00:00Z,PIPO,58,4.5,heatwave,drought,5,373.8,16,3
PIPO59,2025-08-06T07:00:00Z,PIPO,59,5.6,heatwave,drought,5,444.5,16,3
PIPO60,2025-08-06T07:00:00Z,PIPO,60,5.8,heatwave,drought,5,402.3,16,3
PIPO1,2025-08-13T07:00:00Z,PIPO,1,5.9,ambient,water,5,536.7,23,4
PIPO2,2025-08-13T07:00:00Z,PIPO,2,5.6,ambient,drought,5,260.9,23,4
PIPO3,2025-08-13T07:00:00Z,PIPO,3,4.9,ambient,drought,5,267.1,23,4
PIPO4,2025-08-13T07:00:00Z,PIPO,4,5.2,ambient,drought,5,273.7,23,4
PIPO5,2025-08-13T07:00:00Z,PIPO,5,6.2,ambient,water,5,549.7,23,4
PIPO6,2025-08-13T07:00:00Z,PIPO,6,5.4,ambient,drought,5,322.1,23,4
PIPO7,2025-08-13T07:00:00Z,PIPO,7,4.4,ambient,drought,5,365.7,23,4
PIPO8,2025-08-13T07:00:00Z,PIPO,8,6.4,ambient,drought,5,278.3,23,4
PIPO9,2025-08-13T07:00:00Z,PIPO,9,6.4,ambient,drought,5,272,23,4
PIPO10,2025-08-13T07:00:00Z,PIPO,10,5.3,ambient,drought,5,292.7,23,4
PIPO11,2025-08-13T07:00:00Z,PIPO,11,5.9,ambient,water,5,467.1,23,4
PIPO12,2025-08-13T07:00:00Z,PIPO,12,6.5,ambient,drought,5,260,23,4
PIPO13,2025-08-13T07:00:00Z,PIPO,13,4.5,ambient,drought,5,300.2,23,4
PIPO14,2025-08-13T07:00:00Z,PIPO,14,5.1,ambient,drought,5,321.7,23,4
PIPO15,2025-08-13T07:00:00Z,PIPO,15,5.1,ambient,drought,5,357.6,23,4
PIPO16,2025-08-13T07:00:00Z,PIPO,16,3.9,ambient,drought,5,282.1,23,4
PIPO17,2025-08-13T07:00:00Z,PIPO,17,6,ambient,drought,5,389.2,23,4
PIPO18,2025-08-13T07:00:00Z,PIPO,18,4.9,ambient,water,5,583.2,23,4
PIPO19,2025-08-13T07:00:00Z,PIPO,19,5,ambient,drought,5,317.8,23,4
PIPO20,2025-08-13T07:00:00Z,PIPO,20,5.3,ambient,water,5,535.2,23,4
PIPO21,2025-08-13T07:00:00Z,PIPO,21,5.6,ambient,drought,5,355.2,23,4
PIPO22,2025-08-13T07:00:00Z,PIPO,22,4.6,ambient,drought,5,357.8,23,4
PIPO23,2025-08-13T07:00:00Z,PIPO,23,4.8,ambient,drought,5,329.1,23,4
PIPO24,2025-08-13T07:00:00Z,PIPO,24,4.8,ambient,drought,17.5,377.7,23,4
PIPO25,2025-08-13T07:00:00Z,PIPO,25,4.3,ambient,drought,17.5,314,23,4
PIPO26,2025-08-13T07:00:00Z,PIPO,26,5,ambient,drought,5,302.4,23,4
PIPO27,2025-08-13T07:00:00Z,PIPO,27,6.3,ambient,drought,5,274.8,23,4
PIPO28,2025-08-13T07:00:00Z,PIPO,28,5.7,ambient,drought,5,249,23,4
PIPO29,2025-08-13T07:00:00Z,PIPO,29,6.4,ambient,drought,5,284.5,23,4
PIPO30,2025-08-13T07:00:00Z,PIPO,30,5,ambient,drought,5,360.1,23,4
PIPO31,2025-08-13T07:00:00Z,PIPO,31,4.9,heatwave,water,5,463.8,23,4
PIPO32,2025-08-13T07:00:00Z,PIPO,32,5.1,heatwave,drought,5,286.4,23,4
PIPO33,2025-08-13T07:00:00Z,PIPO,33,5,heatwave,drought,5,262.7,23,4
PIPO34,2025-08-13T07:00:00Z,PIPO,34,4.8,heatwave,drought,17.5,261.7,23,4
PIPO35,2025-08-13T07:00:00Z,PIPO,35,4.3,heatwave,water,5,477.2,23,4
PIPO36,2025-08-13T07:00:00Z,PIPO,36,5.8,heatwave,drought,5,311.5,23,4
PIPO37,2025-08-13T07:00:00Z,PIPO,37,5.1,heatwave,drought,5,316.1,23,4
PIPO38,2025-08-13T07:00:00Z,PIPO,38,4.8,heatwave,drought,5,313.9,23,4
PIPO39,2025-08-13T07:00:00Z,PIPO,39,4.1,heatwave,drought,5,336,23,4
PIPO40,2025-08-13T07:00:00Z,PIPO,40,5.1,heatwave,drought,5,371.5,23,4
PIPO41,2025-08-13T07:00:00Z,PIPO,41,5,heatwave,drought,5,286.8,23,4
PIPO42,2025-08-13T07:00:00Z,PIPO,42,5.6,heatwave,drought,5,319.4,23,4
PIPO43,2025-08-13T07:00:00Z,PIPO,43,5.1,heatwave,drought,5,267,23,4
PIPO44,2025-08-13T07:00:00Z,PIPO,44,4.9,heatwave,drought,5,268.5,23,4
PIPO45,2025-08-13T07:00:00Z,PIPO,45,5,heatwave,drought,5,292.8,23,4
PIPO46,2025-08-13T07:00:00Z,PIPO,46,5.2,heatwave,drought,17.5,282.5,23,4
PIPO47,2025-08-13T07:00:00Z,PIPO,47,5.2,heatwave,drought,5,330.2,23,4
PIPO48,2025-08-13T07:00:00Z,PIPO,48,5,heatwave,drought,5,359.6,23,4
PIPO49,2025-08-13T07:00:00Z,PIPO,49,5.2,heatwave,drought,5,291,23,4
PIPO50,2025-08-13T07:00:00Z,PIPO,50,5.6,heatwave,drought,5,256.9,23,4
PIPO51,2025-08-13T07:00:00Z,PIPO,51,5.9,heatwave,water,5,397.5,23,4
PIPO52,2025-08-13T07:00:00Z,PIPO,52,5.2,heatwave,drought,17.5,327,23,4
PIPO53,2025-08-13T07:00:00Z,PIPO,53,5.3,heatwave,water,17.5,394.1,23,4
PIPO54,2025-08-13T07:00:00Z,PIPO,54,4.9,heatwave,drought,5,276.3,23,4
PIPO55,2025-08-13T07:00:00Z,PIPO,55,6.7,heatwave,drought,5,254.7,23,4
PIPO56,2025-08-13T07:00:00Z,PIPO,56,4.6,heatwave,water,5,464.5,23,4
PIPO57,2025-08-13T07:00:00Z,PIPO,57,6.2,heatwave,drought,5,279.3,23,4
PIPO58,2025-08-13T07:00:00Z,PIPO,58,5.4,heatwave,drought,5,282.4,23,4
PIPO59,2025-08-13T07:00:00Z,PIPO,59,5.4,heatwave,drought,5,357.3,23,4
PIPO60,2025-08-13T07:00:00Z,PIPO,60,5.7,heatwave,drought,5,302.2,23,4
PIPO1,2025-08-18T07:00:00Z,PIPO,1,5.8,ambient,water,5,568.4,28,5
PIPO2,2025-08-18T07:00:00Z,PIPO,2,5.1,ambient,drought,5,250.2,28,5
PIPO3,2025-08-18T07:00:00Z,PIPO,3,4.6,ambient,drought,5,253.4,28,5
PIPO4,2025-08-18T07:00:00Z,PIPO,4,5.2,ambient,drought,5,256.1,28,5
PIPO5,2025-08-18T07:00:00Z,PIPO,5,6,ambient,water,5,586.6,28,5
PIPO6,2025-08-18T07:00:00Z,PIPO,6,5.7,ambient,drought,5,298.2,28,5
PIPO7,2025-08-18T07:00:00Z,PIPO,7,4.1,ambient,drought,5,343.5,28,5
PIPO8,2025-08-18T07:00:00Z,PIPO,8,6.3,ambient,drought,5,264,28,5
PIPO9,2025-08-18T07:00:00Z,PIPO,9,6,ambient,drought,5,261.1,28,5
PIPO10,2025-08-18T07:00:00Z,PIPO,10,5.5,ambient,drought,5,276.4,28,5
PIPO11,2025-08-18T07:00:00Z,PIPO,11,5.7,ambient,water,5,232.4,28,5
PIPO12,2025-08-18T07:00:00Z,PIPO,12,6.8,ambient,drought,5,249.8,28,5
PIPO13,2025-08-18T07:00:00Z,PIPO,13,4.9,ambient,drought,5,271.4,28,5
PIPO14,2025-08-18T07:00:00Z,PIPO,14,4.9,ambient,drought,5,298.7,28,5
PIPO15,2025-08-18T07:00:00Z,PIPO,15,5.2,ambient,drought,5,331.8,28,5
PIPO16,2025-08-18T07:00:00Z,PIPO,16,4,ambient,drought,5,269.2,28,5
PIPO17,2025-08-18T07:00:00Z,PIPO,17,5.9,ambient,drought,5,365.1,28,5
PIPO18,2025-08-18T07:00:00Z,PIPO,18,5,ambient,water,5,604.2,28,5
PIPO19,2025-08-18T07:00:00Z,PIPO,19,5.3,ambient,drought,17.5,294.7,28,5
PIPO20,2025-08-18T07:00:00Z,PIPO,20,5.7,ambient,water,5,572.2,28,5
PIPO21,2025-08-18T07:00:00Z,PIPO,21,5.7,ambient,drought,5,323.2,28,5
PIPO22,2025-08-18T07:00:00Z,PIPO,22,5,ambient,drought,5,328.3,28,5
PIPO23,2025-08-18T07:00:00Z,PIPO,23,4.9,ambient,drought,5,296.8,28,5
PIPO24,2025-08-18T07:00:00Z,PIPO,24,4.8,ambient,drought,5,357.3,28,5
PIPO25,2025-08-18T07:00:00Z,PIPO,25,4.1,ambient,drought,5,284,28,5
PIPO26,2025-08-18T07:00:00Z,PIPO,26,5.2,ambient,drought,5,275.4,28,5
PIPO27,2025-08-18T07:00:00Z,PIPO,27,6.2,ambient,drought,5,260,28,5
PIPO28,2025-08-18T07:00:00Z,PIPO,28,6.2,ambient,drought,5,241.1,28,5
PIPO29,2025-08-18T07:00:00Z,PIPO,29,5.8,ambient,drought,5,264.4,28,5
PIPO30,2025-08-18T07:00:00Z,PIPO,30,5.7,ambient,drought,5,332.5,28,5
PIPO31,2025-08-18T07:00:00Z,PIPO,31,5,heatwave,water,5,542.4,28,5
PIPO32,2025-08-18T07:00:00Z,PIPO,32,5,heatwave,drought,5,262.3,28,5
PIPO33,2025-08-18T07:00:00Z,PIPO,33,4.5,heatwave,drought,5,250.4,28,5
PIPO34,2025-08-18T07:00:00Z,PIPO,34,4.6,heatwave,drought,5,246,28,5
PIPO35,2025-08-18T07:00:00Z,PIPO,35,3.5,heatwave,water,5,563.6,28,5
PIPO36,2025-08-18T07:00:00Z,PIPO,36,5.6,heatwave,drought,5,291.5,28,5
PIPO37,2025-08-18T07:00:00Z,PIPO,37,4.9,heatwave,drought,5,289.2,28,5
PIPO38,2025-08-18T07:00:00Z,PIPO,38,4.8,heatwave,drought,5,282.1,28,5
PIPO39,2025-08-18T07:00:00Z,PIPO,39,4.1,heatwave,drought,5,304.6,28,5
PIPO40,2025-08-18T07:00:00Z,PIPO,40,5.1,heatwave,drought,5,334.4,28,5
PIPO41,2025-08-18T07:00:00Z,PIPO,41,5.2,heatwave,drought,5,269.9,28,5
PIPO42,2025-08-18T07:00:00Z,PIPO,42,6.2,heatwave,drought,5,290.9,28,5
PIPO43,2025-08-18T07:00:00Z,PIPO,43,5.3,heatwave,drought,5,245.7,28,5
PIPO44,2025-08-18T07:00:00Z,PIPO,44,5.1,heatwave,drought,5,248.1,28,5
PIPO45,2025-08-18T07:00:00Z,PIPO,45,5.1,heatwave,drought,5,266.8,28,5
PIPO46,2025-08-18T07:00:00Z,PIPO,46,5,heatwave,drought,5,258.3,28,5
PIPO47,2025-08-18T07:00:00Z,PIPO,47,5.2,heatwave,drought,5,298.9,28,5
PIPO48,2025-08-18T07:00:00Z,PIPO,48,5,heatwave,drought,5,336.5,28,5
PIPO49,2025-08-18T07:00:00Z,PIPO,49,5.2,heatwave,drought,5,267.3,28,5
PIPO50,2025-08-18T07:00:00Z,PIPO,50,5,heatwave,drought,5,244.1,28,5
PIPO51,2025-08-18T07:00:00Z,PIPO,51,6.5,heatwave,water,5,519,28,5
PIPO52,2025-08-18T07:00:00Z,PIPO,52,5.6,heatwave,drought,5,293.7,28,5
PIPO53,2025-08-18T07:00:00Z,PIPO,53,5.7,heatwave,water,5,532,28,5
PIPO54,2025-08-18T07:00:00Z,PIPO,54,5,heatwave,drought,5,256.8,28,5
PIPO55,2025-08-18T07:00:00Z,PIPO,55,7,heatwave,drought,5,245.5,28,5
PIPO56,2025-08-18T07:00:00Z,PIPO,56,4,heatwave,water,5,540.4,28,5
PIPO57,2025-08-18T07:00:00Z,PIPO,57,6.2,heatwave,drought,5,256.6,28,5
PIPO58,2025-08-18T07:00:00Z,PIPO,58,4.6,heatwave,drought,5,261.7,28,5
PIPO59,2025-08-18T07:00:00Z,PIPO,59,5.1,heatwave,drought,5,330.8,28,5
PIPO60,2025-08-18T07:00:00Z,PIPO,60,5.5,heatwave,drought,5,279.4,28,5
PIPO1,2025-08-25T07:00:00Z,PIPO,1,NA,ambient,water,5,557.2,35,6
PIPO2,2025-08-25T07:00:00Z,PIPO,2,NA,ambient,drought,5,239.1,35,6
PIPO3,2025-08-25T07:00:00Z,PIPO,3,NA,ambient,drought,5,236.3,35,6
PIPO4,2025-08-25T07:00:00Z,PIPO,4,NA,ambient,drought,5,241.1,35,6
PIPO5,2025-08-25T07:00:00Z,PIPO,5,NA,ambient,water,5,567.8,35,6
PIPO6,2025-08-25T07:00:00Z,PIPO,6,NA,ambient,drought,5,268,35,6
PIPO7,2025-08-25T07:00:00Z,PIPO,7,NA,ambient,drought,5,312.6,35,6
PIPO8,2025-08-25T07:00:00Z,PIPO,8,NA,ambient,drought,5,249.1,35,6
PIPO9,2025-08-25T07:00:00Z,PIPO,9,NA,ambient,drought,5,251.5,35,6
PIPO10,2025-08-25T07:00:00Z,PIPO,10,NA,ambient,drought,5,258.9,35,6
PIPO11,2025-08-25T07:00:00Z,PIPO,11,NA,ambient,water,5,511,35,6
PIPO12,2025-08-25T07:00:00Z,PIPO,12,NA,ambient,drought,5,240,35,6
PIPO13,2025-08-25T07:00:00Z,PIPO,13,NA,ambient,drought,5,247.6,35,6
PIPO14,2025-08-25T07:00:00Z,PIPO,14,NA,ambient,drought,5,269.3,35,6
PIPO15,2025-08-25T07:00:00Z,PIPO,15,NA,ambient,drought,5,299.8,35,6
PIPO16,2025-08-25T07:00:00Z,PIPO,16,NA,ambient,drought,5,253.3,35,6
PIPO17,2025-08-25T07:00:00Z,PIPO,17,NA,ambient,drought,5,322.7,35,6
PIPO18,2025-08-25T07:00:00Z,PIPO,18,NA,ambient,water,5,592.7,35,6
PIPO19,2025-08-25T07:00:00Z,PIPO,19,NA,ambient,drought,5,269.4,35,6
PIPO20,2025-08-25T07:00:00Z,PIPO,20,NA,ambient,water,5,558.8,35,6
PIPO21,2025-08-25T07:00:00Z,PIPO,21,NA,ambient,drought,5,283.2,35,6
PIPO22,2025-08-25T07:00:00Z,PIPO,22,NA,ambient,drought,5,284.3,35,6
PIPO23,2025-08-25T07:00:00Z,PIPO,23,NA,ambient,drought,5,260,35,6
PIPO24,2025-08-25T07:00:00Z,PIPO,24,NA,ambient,drought,5,326.4,35,6
PIPO25,2025-08-25T07:00:00Z,PIPO,25,NA,ambient,drought,5,251.6,35,6
PIPO26,2025-08-25T07:00:00Z,PIPO,26,NA,ambient,drought,5,246.1,35,6
PIPO27,2025-08-25T07:00:00Z,PIPO,27,NA,ambient,drought,5,246.4,35,6
PIPO28,2025-08-25T07:00:00Z,PIPO,28,NA,ambient,drought,5,233.8,35,6
PIPO29,2025-08-25T07:00:00Z,PIPO,29,NA,ambient,drought,5,245.6,35,6
PIPO30,2025-08-25T07:00:00Z,PIPO,30,NA,ambient,drought,5,296.7,35,6
PIPO31,2025-08-25T07:00:00Z,PIPO,31,NA,heatwave,water,5,245,35,6
PIPO32,2025-08-25T07:00:00Z,PIPO,32,NA,heatwave,drought,5,243.8,35,6
PIPO33,2025-08-25T07:00:00Z,PIPO,33,NA,heatwave,drought,5,242,35,6
PIPO34,2025-08-25T07:00:00Z,PIPO,34,NA,heatwave,drought,5,233.7,35,6
PIPO35,2025-08-25T07:00:00Z,PIPO,35,NA,heatwave,water,5,583.4,35,6
PIPO36,2025-08-25T07:00:00Z,PIPO,36,NA,heatwave,drought,5,275.3,35,6
PIPO37,2025-08-25T07:00:00Z,PIPO,37,NA,heatwave,drought,5,266,35,6
PIPO38,2025-08-25T07:00:00Z,PIPO,38,NA,heatwave,drought,5,257.1,35,6
PIPO39,2025-08-25T07:00:00Z,PIPO,39,NA,heatwave,drought,5,276,35,6
PIPO40,2025-08-25T07:00:00Z,PIPO,40,NA,heatwave,drought,5,305.9,35,6
PIPO41,2025-08-25T07:00:00Z,PIPO,41,NA,heatwave,drought,5,253.9,35,6
PIPO42,2025-08-25T07:00:00Z,PIPO,42,NA,heatwave,drought,5,266,35,6
PIPO43,2025-08-25T07:00:00Z,PIPO,43,NA,heatwave,drought,5,234.5,35,6
PIPO44,2025-08-25T07:00:00Z,PIPO,44,NA,heatwave,drought,5,233.8,35,6
PIPO45,2025-08-25T07:00:00Z,PIPO,45,NA,heatwave,drought,5,249.5,35,6
PIPO46,2025-08-25T07:00:00Z,PIPO,46,NA,heatwave,drought,5,239.5,35,6
PIPO47,2025-08-25T07:00:00Z,PIPO,47,NA,heatwave,drought,5,273,35,6
PIPO48,2025-08-25T07:00:00Z,PIPO,48,NA,heatwave,drought,5,315.5,35,6
PIPO49,2025-08-25T07:00:00Z,PIPO,49,NA,heatwave,drought,5,250.7,35,6
PIPO50,2025-08-25T07:00:00Z,PIPO,50,NA,heatwave,drought,5,236.9,35,6
PIPO51,2025-08-25T07:00:00Z,PIPO,51,NA,heatwave,water,5,519.8,35,6
PIPO52,2025-08-25T07:00:00Z,PIPO,52,NA,heatwave,drought,5,266.6,35,6
PIPO53,2025-08-25T07:00:00Z,PIPO,53,NA,heatwave,water,5,523,35,6
PIPO54,2025-08-25T07:00:00Z,PIPO,54,NA,heatwave,drought,5,243.3,35,6
PIPO55,2025-08-25T07:00:00Z,PIPO,55,NA,heatwave,drought,5,239.9,35,6
PIPO56,2025-08-25T07:00:00Z,PIPO,56,NA,heatwave,water,5,535.5,35,6
PIPO57,2025-08-25T07:00:00Z,PIPO,57,NA,heatwave,drought,5,238.6,35,6
PIPO58,2025-08-25T07:00:00Z,PIPO,58,NA,heatwave,drought,5,245.8,35,6
PIPO59,2025-08-25T07:00:00Z,PIPO,59,NA,heatwave,drought,5,307.5,35,6
PIPO60,2025-08-25T07:00:00Z,PIPO,60,NA,heatwave,drought,5,260.2,35,6
PIPO1,2025-09-01T07:00:00Z,PIPO,1,NA,ambient,water,5,551.8,42,7
PIPO2,2025-09-01T07:00:00Z,PIPO,2,NA,ambient,drought,5,233.1,42,7
PIPO3,2025-09-01T07:00:00Z,PIPO,3,NA,ambient,drought,5,226.5,42,7
PIPO4,2025-09-01T07:00:00Z,PIPO,4,NA,ambient,drought,5,234.2,42,7
PIPO5,2025-09-01T07:00:00Z,PIPO,5,NA,ambient,water,5,556.2,42,7
PIPO6,2025-09-01T07:00:00Z,PIPO,6,NA,ambient,drought,5,246.8,42,7
PIPO7,2025-09-01T07:00:00Z,PIPO,7,NA,ambient,drought,5,285.1,42,7
PIPO8,2025-09-01T07:00:00Z,PIPO,8,NA,ambient,drought,5,240.4,42,7
PIPO9,2025-09-01T07:00:00Z,PIPO,9,NA,ambient,drought,5,245.5,42,7
PIPO10,2025-09-01T07:00:00Z,PIPO,10,NA,ambient,drought,5,248.2,42,7
PIPO11,2025-09-01T07:00:00Z,PIPO,11,NA,ambient,water,5,491.7,42,7
PIPO12,2025-09-01T07:00:00Z,PIPO,12,NA,ambient,drought,5,235.3,42,7
PIPO13,2025-09-01T07:00:00Z,PIPO,13,NA,ambient,drought,5,234.8,42,7
PIPO14,2025-09-01T07:00:00Z,PIPO,14,NA,ambient,drought,5,252.3,42,7
PIPO15,2025-09-01T07:00:00Z,PIPO,15,NA,ambient,drought,5,280.8,42,7
PIPO16,2025-09-01T07:00:00Z,PIPO,16,NA,ambient,drought,5,243.1,42,7
PIPO17,2025-09-01T07:00:00Z,PIPO,17,NA,ambient,drought,5,290.4,42,7
PIPO18,2025-09-01T07:00:00Z,PIPO,18,NA,ambient,water,5,577.9,42,7
PIPO19,2025-09-01T07:00:00Z,PIPO,19,NA,ambient,drought,5,253.5,42,7
PIPO20,2025-09-01T07:00:00Z,PIPO,20,NA,ambient,water,5,528.3,42,7
PIPO21,2025-09-01T07:00:00Z,PIPO,21,NA,ambient,drought,5,258.1,42,7
PIPO22,2025-09-01T07:00:00Z,PIPO,22,NA,ambient,drought,5,254.4,42,7
PIPO23,2025-09-01T07:00:00Z,PIPO,23,NA,ambient,drought,5,241.2,42,7
PIPO24,2025-09-01T07:00:00Z,PIPO,24,NA,ambient,drought,5,294.3,42,7
PIPO25,2025-09-01T07:00:00Z,PIPO,25,NA,ambient,drought,5,237.7,42,7
PIPO26,2025-09-01T07:00:00Z,PIPO,26,NA,ambient,drought,5,233.4,42,7
PIPO27,2025-09-01T07:00:00Z,PIPO,27,NA,ambient,drought,5,238.1,42,7
PIPO28,2025-09-01T07:00:00Z,PIPO,28,NA,ambient,drought,17.5,228.7,42,7
PIPO29,2025-09-01T07:00:00Z,PIPO,29,NA,ambient,drought,5,236.2,42,7
PIPO30,2025-09-01T07:00:00Z,PIPO,30,NA,ambient,drought,5,274,42,7
PIPO31,2025-09-01T07:00:00Z,PIPO,31,NA,heatwave,water,5,559.2,42,7
PIPO32,2025-09-01T07:00:00Z,PIPO,32,NA,heatwave,drought,5,233.6,42,7
PIPO33,2025-09-01T07:00:00Z,PIPO,33,NA,heatwave,drought,5,236.7,42,7
PIPO34,2025-09-01T07:00:00Z,PIPO,34,NA,heatwave,drought,5,227.3,42,7
PIPO35,2025-09-01T07:00:00Z,PIPO,35,NA,heatwave,water,5,571.8,42,7
PIPO36,2025-09-01T07:00:00Z,PIPO,36,NA,heatwave,drought,5,264.4,42,7
PIPO37,2025-09-01T07:00:00Z,PIPO,37,NA,heatwave,drought,5,249.2,42,7
PIPO38,2025-09-01T07:00:00Z,PIPO,38,NA,heatwave,drought,5,243,42,7
PIPO39,2025-09-01T07:00:00Z,PIPO,39,NA,heatwave,drought,5,253.9,42,7
PIPO40,2025-09-01T07:00:00Z,PIPO,40,NA,heatwave,drought,5,280.9,42,7
PIPO41,2025-09-01T07:00:00Z,PIPO,41,NA,heatwave,drought,5,243.8,42,7
PIPO42,2025-09-01T07:00:00Z,PIPO,42,NA,heatwave,drought,5,248.2,42,7
PIPO43,2025-09-01T07:00:00Z,PIPO,43,NA,heatwave,drought,5,227,42,7
PIPO44,2025-09-01T07:00:00Z,PIPO,44,NA,heatwave,drought,5,226,42,7
PIPO45,2025-09-01T07:00:00Z,PIPO,45,NA,heatwave,drought,5,237.8,42,7
PIPO46,2025-09-01T07:00:00Z,PIPO,46,NA,heatwave,drought,5,228.8,42,7
PIPO47,2025-09-01T07:00:00Z,PIPO,47,NA,heatwave,drought,5,254.6,42,7
PIPO48,2025-09-01T07:00:00Z,PIPO,48,NA,heatwave,drought,5,299.5,42,7
PIPO49,2025-09-01T07:00:00Z,PIPO,49,NA,heatwave,drought,5,241.3,42,7
PIPO50,2025-09-01T07:00:00Z,PIPO,50,NA,heatwave,drought,5,231,42,7
PIPO51,2025-09-01T07:00:00Z,PIPO,51,NA,heatwave,water,5,514.8,42,7
PIPO52,2025-09-01T07:00:00Z,PIPO,52,NA,heatwave,drought,5,248.4,42,7
PIPO53,2025-09-01T07:00:00Z,PIPO,53,NA,heatwave,water,5,519.3,42,7
PIPO54,2025-09-01T07:00:00Z,PIPO,54,NA,heatwave,drought,5,234.1,42,7
PIPO55,2025-09-01T07:00:00Z,PIPO,55,NA,heatwave,drought,5,234.5,42,7
PIPO56,2025-09-01T07:00:00Z,PIPO,56,NA,heatwave,water,5,524.1,42,7
PIPO57,2025-09-01T07:00:00Z,PIPO,57,NA,heatwave,drought,5,229.2,42,7
PIPO58,2025-09-01T07:00:00Z,PIPO,58,NA,heatwave,drought,5,236.7,42,7
PIPO59,2025-09-01T07:00:00Z,PIPO,59,NA,heatwave,drought,5,288.9,42,7
PIPO60,2025-09-01T07:00:00Z,PIPO,60,NA,heatwave,drought,5,245.9,42,7
PIPO1,2025-09-15T07:00:00Z,PIPO,1,NA,ambient,water,5,541.9,56,9
PIPO2,2025-09-15T07:00:00Z,PIPO,2,NA,ambient,drought,5,224.2,56,9
PIPO3,2025-09-15T07:00:00Z,PIPO,3,NA,ambient,drought,5,216.5,56,9
PIPO4,2025-09-15T07:00:00Z,PIPO,4,NA,ambient,drought,5,224.9,56,9
PIPO5,2025-09-15T07:00:00Z,PIPO,5,NA,ambient,water,5,541.1,56,9
PIPO6,2025-09-15T07:00:00Z,PIPO,6,NA,ambient,drought,5,230.7,56,9
PIPO7,2025-09-15T07:00:00Z,PIPO,7,NA,ambient,drought,5,251.4,56,9
PIPO8,2025-09-15T07:00:00Z,PIPO,8,NA,ambient,drought,5,230.3,56,9
PIPO9,2025-09-15T07:00:00Z,PIPO,9,NA,ambient,drought,5,236.7,56,9
PIPO10,2025-09-15T07:00:00Z,PIPO,10,NA,ambient,drought,5,234,56,9
PIPO11,2025-09-15T07:00:00Z,PIPO,11,NA,ambient,water,5,493.4,56,9
PIPO12,2025-09-15T07:00:00Z,PIPO,12,NA,ambient,drought,5,226.6,56,9
PIPO13,2025-09-15T07:00:00Z,PIPO,13,NA,ambient,drought,5,220.9,56,9
PIPO14,2025-09-15T07:00:00Z,PIPO,14,NA,ambient,drought,5,233.5,56,9
PIPO15,2025-09-15T07:00:00Z,PIPO,15,NA,ambient,drought,5,254.7,56,9
PIPO16,2025-09-15T07:00:00Z,PIPO,16,NA,ambient,drought,5,231.4,56,9
PIPO17,2025-09-15T07:00:00Z,PIPO,17,NA,ambient,drought,5,259.2,56,9
PIPO18,2025-09-15T07:00:00Z,PIPO,18,NA,ambient,water,5,571.7,56,9
PIPO19,2025-09-15T07:00:00Z,PIPO,19,NA,ambient,drought,5,233.5,56,9
PIPO20,2025-09-15T07:00:00Z,PIPO,20,NA,ambient,water,5,524.7,56,9
PIPO21,2025-09-15T07:00:00Z,PIPO,21,NA,ambient,drought,5,232.9,56,9
PIPO22,2025-09-15T07:00:00Z,PIPO,22,NA,ambient,drought,5,225.3,56,9
PIPO23,2025-09-15T07:00:00Z,PIPO,23,NA,ambient,drought,5,222.2,56,9
PIPO24,2025-09-15T07:00:00Z,PIPO,24,NA,ambient,drought,5,237.4,56,9
PIPO25,2025-09-15T07:00:00Z,PIPO,25,NA,ambient,drought,5,224,56,9
PIPO26,2025-09-15T07:00:00Z,PIPO,26,NA,ambient,drought,5,221.7,56,9
PIPO27,2025-09-15T07:00:00Z,PIPO,27,NA,ambient,drought,5,227.7,56,9
PIPO28,2025-09-15T07:00:00Z,PIPO,28,NA,ambient,drought,5,220.6,56,9
PIPO29,2025-09-15T07:00:00Z,PIPO,29,NA,ambient,drought,5,224.8,56,9
PIPO30,2025-09-15T07:00:00Z,PIPO,30,NA,ambient,drought,5,243.6,56,9
PIPO31,2025-09-15T07:00:00Z,PIPO,31,NA,heatwave,water,5,556.5,56,9
PIPO32,2025-09-15T07:00:00Z,PIPO,32,NA,heatwave,drought,5,224.8,56,9
PIPO33,2025-09-15T07:00:00Z,PIPO,33,NA,heatwave,drought,5,230,56,9
PIPO34,2025-09-15T07:00:00Z,PIPO,34,NA,heatwave,drought,5,220.3,56,9
PIPO35,2025-09-15T07:00:00Z,PIPO,35,NA,heatwave,water,5,586.7,56,9
PIPO36,2025-09-15T07:00:00Z,PIPO,36,NA,heatwave,drought,5,251.1,56,9
PIPO37,2025-09-15T07:00:00Z,PIPO,37,NA,heatwave,drought,5,230.3,56,9
PIPO38,2025-09-15T07:00:00Z,PIPO,38,NA,heatwave,drought,5,231.7,56,9
PIPO39,2025-09-15T07:00:00Z,PIPO,39,NA,heatwave,drought,5,231.9,56,9
PIPO40,2025-09-15T07:00:00Z,PIPO,40,NA,heatwave,drought,5,246.6,56,9
PIPO41,2025-09-15T07:00:00Z,PIPO,41,NA,heatwave,drought,5,232,56,9
PIPO42,2025-09-15T07:00:00Z,PIPO,42,NA,heatwave,drought,5,230,56,9
PIPO43,2025-09-15T07:00:00Z,PIPO,43,NA,heatwave,drought,5,220.2,56,9
PIPO44,2025-09-15T07:00:00Z,PIPO,44,NA,heatwave,drought,5,218.8,56,9
PIPO45,2025-09-15T07:00:00Z,PIPO,45,NA,heatwave,drought,5,228.4,56,9
PIPO46,2025-09-15T07:00:00Z,PIPO,46,NA,heatwave,drought,5,220.1,56,9
PIPO47,2025-09-15T07:00:00Z,PIPO,47,NA,heatwave,drought,5,236.8,56,9
PIPO48,2025-09-15T07:00:00Z,PIPO,48,NA,heatwave,drought,5,279.2,56,9
PIPO49,2025-09-15T07:00:00Z,PIPO,49,NA,heatwave,drought,5,232.1,56,9
PIPO50,2025-09-15T07:00:00Z,PIPO,50,NA,heatwave,drought,5,224.3,56,9
PIPO51,2025-09-15T07:00:00Z,PIPO,51,NA,heatwave,water,5,533.2,56,9
PIPO52,2025-09-15T07:00:00Z,PIPO,52,NA,heatwave,drought,5,228.9,56,9
PIPO53,2025-09-15T07:00:00Z,PIPO,53,NA,heatwave,water,5,245.6,56,9
PIPO54,2025-09-15T07:00:00Z,PIPO,54,NA,heatwave,drought,5,225.5,56,9
PIPO55,2025-09-15T07:00:00Z,PIPO,55,NA,heatwave,drought,5,228,56,9
PIPO56,2025-09-15T07:00:00Z,PIPO,56,NA,heatwave,water,5,546.5,56,9
PIPO57,2025-09-15T07:00:00Z,PIPO,57,NA,heatwave,drought,5,222.3,56,9
PIPO58,2025-09-15T07:00:00Z,PIPO,58,NA,heatwave,drought,5,228.7,56,9
PIPO59,2025-09-15T07:00:00Z,PIPO,59,NA,heatwave,drought,5,265.9,56,9
PIPO60,2025-09-15T07:00:00Z,PIPO,60,NA,heatwave,drought,5,233.6,56,9
PIPO1,2025-09-22T07:00:00Z,PIPO,1,NA,ambient,water,5,551.5,63,10
PIPO2,2025-09-22T07:00:00Z,PIPO,2,NA,ambient,drought,5,222.2,63,10
PIPO3,2025-09-22T07:00:00Z,PIPO,3,NA,ambient,drought,5,215,63,10
PIPO4,2025-09-22T07:00:00Z,PIPO,4,NA,ambient,drought,5,223.3,63,10
PIPO5,2025-09-22T07:00:00Z,PIPO,5,NA,ambient,water,5,553.4,63,10
PIPO6,2025-09-22T07:00:00Z,PIPO,6,NA,ambient,drought,5,228.3,63,10
PIPO7,2025-09-22T07:00:00Z,PIPO,7,NA,ambient,drought,5,242.6,63,10
PIPO8,2025-09-22T07:00:00Z,PIPO,8,NA,ambient,drought,5,228.6,63,10
PIPO9,2025-09-22T07:00:00Z,PIPO,9,NA,ambient,drought,5,235.1,63,10
PIPO10,2025-09-22T07:00:00Z,PIPO,10,NA,ambient,drought,5,232,63,10
PIPO11,2025-09-22T07:00:00Z,PIPO,11,NA,ambient,water,5,510.8,63,10
PIPO12,2025-09-22T07:00:00Z,PIPO,12,NA,ambient,drought,5,225.8,63,10
PIPO13,2025-09-22T07:00:00Z,PIPO,13,NA,ambient,drought,5,220.6,63,10
PIPO14,2025-09-22T07:00:00Z,PIPO,14,NA,ambient,drought,5,230.9,63,10
PIPO15,2025-09-22T07:00:00Z,PIPO,15,NA,ambient,drought,5,249.5,63,10
PIPO16,2025-09-22T07:00:00Z,PIPO,16,NA,ambient,drought,17.5,230,63,10
PIPO17,2025-09-22T07:00:00Z,PIPO,17,NA,ambient,drought,5,255,63,10
PIPO18,2025-09-22T07:00:00Z,PIPO,18,NA,ambient,water,5,584.1,63,10
PIPO19,2025-09-22T07:00:00Z,PIPO,19,NA,ambient,drought,5,231.4,63,10
PIPO20,2025-09-22T07:00:00Z,PIPO,20,NA,ambient,water,5,543.8,63,10
PIPO21,2025-09-22T07:00:00Z,PIPO,21,NA,ambient,drought,5,228.2,63,10
PIPO22,2025-09-22T07:00:00Z,PIPO,22,NA,ambient,drought,5,220.5,63,10
PIPO23,2025-09-22T07:00:00Z,PIPO,23,NA,ambient,drought,5,218.8,63,10
PIPO24,2025-09-22T07:00:00Z,PIPO,24,NA,ambient,drought,5,228,63,10
PIPO25,2025-09-22T07:00:00Z,PIPO,25,NA,ambient,drought,5,221.1,63,10
PIPO26,2025-09-22T07:00:00Z,PIPO,26,NA,ambient,drought,5,219.2,63,10
PIPO27,2025-09-22T07:00:00Z,PIPO,27,NA,ambient,drought,5,224.8,63,10
PIPO28,2025-09-22T07:00:00Z,PIPO,28,NA,ambient,drought,5,218.7,63,10
PIPO29,2025-09-22T07:00:00Z,PIPO,29,NA,ambient,drought,5,222.2,63,10
PIPO30,2025-09-22T07:00:00Z,PIPO,30,NA,ambient,drought,5,237.1,63,10
PIPO31,2025-09-22T07:00:00Z,PIPO,31,NA,heatwave,water,5,557.5,63,10
PIPO32,2025-09-22T07:00:00Z,PIPO,32,NA,heatwave,drought,5,222.2,63,10
PIPO33,2025-09-22T07:00:00Z,PIPO,33,NA,heatwave,drought,5,227.1,63,10
PIPO34,2025-09-22T07:00:00Z,PIPO,34,NA,heatwave,drought,5,218,63,10
PIPO35,2025-09-22T07:00:00Z,PIPO,35,NA,heatwave,water,5,580.6,63,10
PIPO36,2025-09-22T07:00:00Z,PIPO,36,NA,heatwave,drought,5,246.6,63,10
PIPO37,2025-09-22T07:00:00Z,PIPO,37,NA,heatwave,drought,5,225.6,63,10
PIPO38,2025-09-22T07:00:00Z,PIPO,38,NA,heatwave,drought,5,228.9,63,10
PIPO39,2025-09-22T07:00:00Z,PIPO,39,NA,heatwave,drought,5,226.9,63,10
PIPO40,2025-09-22T07:00:00Z,PIPO,40,NA,heatwave,drought,5,236.5,63,10
PIPO41,2025-09-22T07:00:00Z,PIPO,41,NA,heatwave,drought,5,228.9,63,10
PIPO42,2025-09-22T07:00:00Z,PIPO,42,NA,heatwave,drought,5,225.1,63,10
PIPO43,2025-09-22T07:00:00Z,PIPO,43,NA,heatwave,drought,5,218,63,10
PIPO44,2025-09-22T07:00:00Z,PIPO,44,NA,heatwave,drought,5,217,63,10
PIPO45,2025-09-22T07:00:00Z,PIPO,45,NA,heatwave,drought,5,226.4,63,10
PIPO46,2025-09-22T07:00:00Z,PIPO,46,NA,heatwave,drought,5,218.2,63,10
PIPO47,2025-09-22T07:00:00Z,PIPO,47,NA,heatwave,drought,5,232.7,63,10
PIPO48,2025-09-22T07:00:00Z,PIPO,48,NA,heatwave,drought,5,276,63,10
PIPO49,2025-09-22T07:00:00Z,PIPO,49,NA,heatwave,drought,5,230.2,63,10
PIPO50,2025-09-22T07:00:00Z,PIPO,50,NA,heatwave,drought,5,222.8,63,10
PIPO51,2025-09-22T07:00:00Z,PIPO,51,NA,heatwave,water,5,546.4,63,10
PIPO52,2025-09-22T07:00:00Z,PIPO,52,NA,heatwave,drought,5,224.5,63,10
PIPO53,2025-09-22T07:00:00Z,PIPO,53,NA,heatwave,water,5,548.5,63,10
PIPO54,2025-09-22T07:00:00Z,PIPO,54,NA,heatwave,drought,5,224.1,63,10
PIPO55,2025-09-22T07:00:00Z,PIPO,55,NA,heatwave,drought,5,225.8,63,10
PIPO56,2025-09-22T07:00:00Z,PIPO,56,NA,heatwave,water,5,559.5,63,10
PIPO57,2025-09-22T07:00:00Z,PIPO,57,NA,heatwave,drought,5,220.6,63,10
PIPO58,2025-09-22T07:00:00Z,PIPO,58,NA,heatwave,drought,5,227,63,10
PIPO59,2025-09-22T07:00:00Z,PIPO,59,NA,heatwave,drought,5,259,63,10
PIPO60,2025-09-22T07:00:00Z,PIPO,60,NA,heatwave,drought,5,230.7,63,10
PIPO1,2025-09-29T07:00:00Z,PIPO,1,5.8,ambient,water,5,549,70,11
PIPO2,2025-09-29T07:00:00Z,PIPO,2,4.8,ambient,drought,5,218,70,11
PIPO3,2025-09-29T07:00:00Z,PIPO,3,NA,ambient,drought,5,211.1,70,11
PIPO4,2025-09-29T07:00:00Z,PIPO,4,NA,ambient,drought,5,218.8,70,11
PIPO5,2025-09-29T07:00:00Z,PIPO,5,6.2,ambient,water,5,553.3,70,11
PIPO6,2025-09-29T07:00:00Z,PIPO,6,NA,ambient,drought,5,223.7,70,11
PIPO7,2025-09-29T07:00:00Z,PIPO,7,NA,ambient,drought,5,233.5,70,11
PIPO8,2025-09-29T07:00:00Z,PIPO,8,NA,ambient,drought,5,224.7,70,11
PIPO9,2025-09-29T07:00:00Z,PIPO,9,NA,ambient,drought,5,231,70,11
PIPO10,2025-09-29T07:00:00Z,PIPO,10,6.2,ambient,drought,5,226.6,70,11
PIPO11,2025-09-29T07:00:00Z,PIPO,11,6.5,ambient,water,5,507.2,70,11
PIPO12,2025-09-29T07:00:00Z,PIPO,12,NA,ambient,drought,5,221.5,70,11
PIPO13,2025-09-29T07:00:00Z,PIPO,13,NA,ambient,drought,5,216.3,70,11
PIPO14,2025-09-29T07:00:00Z,PIPO,14,NA,ambient,drought,5,225.5,70,11
PIPO15,2025-09-29T07:00:00Z,PIPO,15,NA,ambient,drought,5,242.4,70,11
PIPO16,2025-09-29T07:00:00Z,PIPO,16,3.6,ambient,drought,37.5,225.8,70,11
PIPO17,2025-09-29T07:00:00Z,PIPO,17,NA,ambient,drought,5,247.8,70,11
PIPO18,2025-09-29T07:00:00Z,PIPO,18,5.9,ambient,water,5,584.8,70,11
PIPO19,2025-09-29T07:00:00Z,PIPO,19,5.5,ambient,drought,5,226.4,70,11
PIPO20,2025-09-29T07:00:00Z,PIPO,20,5.6,ambient,water,5,539.8,70,11
PIPO21,2025-09-29T07:00:00Z,PIPO,21,NA,ambient,drought,5,222.9,70,11
PIPO22,2025-09-29T07:00:00Z,PIPO,22,5.3,ambient,drought,5,215.3,70,11
PIPO23,2025-09-29T07:00:00Z,PIPO,23,NA,ambient,drought,5,214.4,70,11
PIPO24,2025-09-29T07:00:00Z,PIPO,24,NA,ambient,drought,5,220.9,70,11
PIPO25,2025-09-29T07:00:00Z,PIPO,25,NA,ambient,drought,5,216.4,70,11
PIPO26,2025-09-29T07:00:00Z,PIPO,26,NA,ambient,drought,5,215.3,70,11
PIPO27,2025-09-29T07:00:00Z,PIPO,27,NA,ambient,drought,5,220.8,70,11
PIPO28,2025-09-29T07:00:00Z,PIPO,28,NA,ambient,drought,5,215.1,70,11
PIPO29,2025-09-29T07:00:00Z,PIPO,29,NA,ambient,drought,5,217.8,70,11
PIPO30,2025-09-29T07:00:00Z,PIPO,30,NA,ambient,drought,5,230.2,70,11
PIPO31,2025-09-29T07:00:00Z,PIPO,31,4,heatwave,water,5,562.1,70,11
PIPO32,2025-09-29T07:00:00Z,PIPO,32,4.2,heatwave,drought,5,218.4,70,11
PIPO33,2025-09-29T07:00:00Z,PIPO,33,NA,heatwave,drought,5,222.8,70,11
PIPO34,2025-09-29T07:00:00Z,PIPO,34,NA,heatwave,drought,5,213.7,70,11
PIPO35,2025-09-29T07:00:00Z,PIPO,35,4.9,heatwave,water,5,564,70,11
PIPO36,2025-09-29T07:00:00Z,PIPO,36,NA,heatwave,drought,5,240.8,70,11
PIPO37,2025-09-29T07:00:00Z,PIPO,37,NA,heatwave,drought,5,220.7,70,11
PIPO38,2025-09-29T07:00:00Z,PIPO,38,NA,heatwave,drought,5,224.8,70,11
PIPO39,2025-09-29T07:00:00Z,PIPO,39,NA,heatwave,drought,5,221.6,70,11
PIPO40,2025-09-29T07:00:00Z,PIPO,40,NA,heatwave,drought,5,226.8,70,11
PIPO41,2025-09-29T07:00:00Z,PIPO,41,NA,heatwave,drought,5,224.7,70,11
PIPO42,2025-09-29T07:00:00Z,PIPO,42,NA,heatwave,drought,5,219.6,70,11
PIPO43,2025-09-29T07:00:00Z,PIPO,43,NA,heatwave,drought,5,214.2,70,11
PIPO44,2025-09-29T07:00:00Z,PIPO,44,NA,heatwave,drought,5,213.8,70,11
PIPO45,2025-09-29T07:00:00Z,PIPO,45,NA,heatwave,drought,5,222.5,70,11
PIPO46,2025-09-29T07:00:00Z,PIPO,46,NA,heatwave,drought,5,214.5,70,11
PIPO47,2025-09-29T07:00:00Z,PIPO,47,NA,heatwave,drought,5,227.4,70,11
PIPO48,2025-09-29T07:00:00Z,PIPO,48,5.6,heatwave,drought,5,270.5,70,11
PIPO49,2025-09-29T07:00:00Z,PIPO,49,NA,heatwave,drought,5,226.1,70,11
PIPO50,2025-09-29T07:00:00Z,PIPO,50,NA,heatwave,drought,5,219,70,11
PIPO51,2025-09-29T07:00:00Z,PIPO,51,5.4,heatwave,water,5,533,70,11
PIPO52,2025-09-29T07:00:00Z,PIPO,52,5.4,heatwave,drought,5,219.4,70,11
PIPO53,2025-09-29T07:00:00Z,PIPO,53,5.2,heatwave,water,5,541.4,70,11
PIPO54,2025-09-29T07:00:00Z,PIPO,54,NA,heatwave,drought,5,220.6,70,11
PIPO55,2025-09-29T07:00:00Z,PIPO,55,5.4,heatwave,drought,5,221.5,70,11
PIPO56,2025-09-29T07:00:00Z,PIPO,56,4.3,heatwave,water,37.5,553.4,70,11
PIPO57,2025-09-29T07:00:00Z,PIPO,57,NA,heatwave,drought,5,217,70,11
PIPO58,2025-09-29T07:00:00Z,PIPO,58,5.2,heatwave,drought,5,223.1,70,11
PIPO59,2025-09-29T07:00:00Z,PIPO,59,NA,heatwave,drought,5,250.3,70,11
PIPO60,2025-09-29T07:00:00Z,PIPO,60,NA,heatwave,drought,5,225.8,70,11
PIPO1,2025-10-06T07:00:00Z,PIPO,1,NA,ambient,water,5,505.1,77,12
PIPO2,2025-10-06T07:00:00Z,PIPO,2,NA,ambient,drought,5,211.4,77,12
PIPO3,2025-10-06T07:00:00Z,PIPO,3,NA,ambient,drought,5,204.7,77,12
PIPO4,2025-10-06T07:00:00Z,PIPO,4,NA,ambient,drought,5,212,77,12
PIPO5,2025-10-06T07:00:00Z,PIPO,5,NA,ambient,water,5,496.3,77,12
PIPO6,2025-10-06T07:00:00Z,PIPO,6,NA,ambient,drought,5,216.4,77,12
PIPO7,2025-10-06T07:00:00Z,PIPO,7,NA,ambient,drought,5,223.8,77,12
PIPO8,2025-10-06T07:00:00Z,PIPO,8,NA,ambient,drought,5,218.1,77,12
PIPO9,2025-10-06T07:00:00Z,PIPO,9,NA,ambient,drought,5,224.1,77,12
PIPO10,2025-10-06T07:00:00Z,PIPO,10,NA,ambient,drought,5,218.3,77,12
PIPO11,2025-10-06T07:00:00Z,PIPO,11,NA,ambient,water,5,418.2,77,12
PIPO12,2025-10-06T07:00:00Z,PIPO,12,NA,ambient,drought,5,214.6,77,12
PIPO13,2025-10-06T07:00:00Z,PIPO,13,NA,ambient,drought,5,209.7,77,12
PIPO14,2025-10-06T07:00:00Z,PIPO,14,NA,ambient,drought,5,217.6,77,12
PIPO15,2025-10-06T07:00:00Z,PIPO,15,NA,ambient,drought,5,233.5,77,12
PIPO16,2025-10-06T07:00:00Z,PIPO,16,NA,ambient,drought,62.5,219.7,77,12
PIPO17,2025-10-06T07:00:00Z,PIPO,17,NA,ambient,drought,5,238.8,77,12
PIPO18,2025-10-06T07:00:00Z,PIPO,18,NA,ambient,water,5,540.3,77,12
PIPO19,2025-10-06T07:00:00Z,PIPO,19,NA,ambient,drought,5,218.7,77,12
PIPO20,2025-10-06T07:00:00Z,PIPO,20,NA,ambient,water,5,456.4,77,12
PIPO21,2025-10-06T07:00:00Z,PIPO,21,NA,ambient,drought,5,214.8,77,12
PIPO22,2025-10-06T07:00:00Z,PIPO,22,NA,ambient,drought,5,208.9,77,12
PIPO23,2025-10-06T07:00:00Z,PIPO,23,NA,ambient,drought,5,208.6,77,12
PIPO24,2025-10-06T07:00:00Z,PIPO,24,NA,ambient,drought,5,214.1,77,12
PIPO25,2025-10-06T07:00:00Z,PIPO,25,NA,ambient,drought,5,209.9,77,12
PIPO26,2025-10-06T07:00:00Z,PIPO,26,NA,ambient,drought,5,208.6,77,12
PIPO27,2025-10-06T07:00:00Z,PIPO,27,NA,ambient,drought,5,214.1,77,12
PIPO28,2025-10-06T07:00:00Z,PIPO,28,NA,ambient,drought,5,209.3,77,12
PIPO29,2025-10-06T07:00:00Z,PIPO,29,NA,ambient,drought,5,211.5,77,12
PIPO30,2025-10-06T07:00:00Z,PIPO,30,NA,ambient,drought,5,222.4,77,12
PIPO31,2025-10-06T07:00:00Z,PIPO,31,NA,heatwave,water,5,524.1,77,12
PIPO32,2025-10-06T07:00:00Z,PIPO,32,NA,heatwave,drought,5,213.7,77,12
PIPO33,2025-10-06T07:00:00Z,PIPO,33,NA,heatwave,drought,5,217.6,77,12
PIPO34,2025-10-06T07:00:00Z,PIPO,34,NA,heatwave,drought,5,209.3,77,12
PIPO35,2025-10-06T07:00:00Z,PIPO,35,NA,heatwave,water,5,541.8,77,12
PIPO36,2025-10-06T07:00:00Z,PIPO,36,NA,heatwave,drought,5,233.9,77,12
PIPO37,2025-10-06T07:00:00Z,PIPO,37,NA,heatwave,drought,5,215.6,77,12
PIPO38,2025-10-06T07:00:00Z,PIPO,38,NA,heatwave,drought,5,219.8,77,12
PIPO39,2025-10-06T07:00:00Z,PIPO,39,NA,heatwave,drought,5,217,77,12
PIPO40,2025-10-06T07:00:00Z,PIPO,40,NA,heatwave,drought,5,219.9,77,12
PIPO41,2025-10-06T07:00:00Z,PIPO,41,NA,heatwave,drought,5,219.7,77,12
PIPO42,2025-10-06T07:00:00Z,PIPO,42,NA,heatwave,drought,5,214,77,12
PIPO43,2025-10-06T07:00:00Z,PIPO,43,NA,heatwave,drought,5,209.5,77,12
PIPO44,2025-10-06T07:00:00Z,PIPO,44,NA,heatwave,drought,5,209.4,77,12
PIPO45,2025-10-06T07:00:00Z,PIPO,45,NA,heatwave,drought,5,217.6,77,12
PIPO46,2025-10-06T07:00:00Z,PIPO,46,NA,heatwave,drought,5,210,77,12
PIPO47,2025-10-06T07:00:00Z,PIPO,47,NA,heatwave,drought,5,221.7,77,12
PIPO48,2025-10-06T07:00:00Z,PIPO,48,NA,heatwave,drought,5,263.8,77,12
PIPO49,2025-10-06T07:00:00Z,PIPO,49,NA,heatwave,drought,5,221.3,77,12
PIPO50,2025-10-06T07:00:00Z,PIPO,50,NA,heatwave,drought,5,214.3,77,12
PIPO51,2025-10-06T07:00:00Z,PIPO,51,NA,heatwave,water,5,520.3,77,12
PIPO52,2025-10-06T07:00:00Z,PIPO,52,NA,heatwave,drought,5,214.4,77,12
PIPO53,2025-10-06T07:00:00Z,PIPO,53,NA,heatwave,water,5,509.8,77,12
PIPO54,2025-10-06T07:00:00Z,PIPO,54,NA,heatwave,drought,5,216.4,77,12
PIPO55,2025-10-06T07:00:00Z,PIPO,55,NA,heatwave,drought,5,216.3,77,12
PIPO56,2025-10-06T07:00:00Z,PIPO,56,NA,heatwave,water,82.5,502.8,77,12
PIPO57,2025-10-06T07:00:00Z,PIPO,57,NA,heatwave,drought,5,270.4,77,12
PIPO58,2025-10-06T07:00:00Z,PIPO,58,NA,heatwave,drought,5,218.5,77,12
PIPO59,2025-10-06T07:00:00Z,PIPO,59,NA,heatwave,drought,5,241.4,77,12
PIPO60,2025-10-06T07:00:00Z,PIPO,60,NA,heatwave,drought,5,219.8,77,12
PIPO1,2025-10-13T07:00:00Z,PIPO,1,NA,ambient,water,5,535.5,84,13
PIPO2,2025-10-13T07:00:00Z,PIPO,2,NA,ambient,drought,5,211.5,84,13
PIPO3,2025-10-13T07:00:00Z,PIPO,3,NA,ambient,drought,5,202.1,84,13
PIPO4,2025-10-13T07:00:00Z,PIPO,4,NA,ambient,drought,5,209.4,84,13
PIPO5,2025-10-13T07:00:00Z,PIPO,5,NA,ambient,water,5,491,84,13
PIPO6,2025-10-13T07:00:00Z,PIPO,6,NA,ambient,drought,5,213.1,84,13
PIPO7,2025-10-13T07:00:00Z,PIPO,7,NA,ambient,drought,5,219.7,84,13
PIPO8,2025-10-13T07:00:00Z,PIPO,8,NA,ambient,drought,5,215.4,84,13
PIPO9,2025-10-13T07:00:00Z,PIPO,9,NA,ambient,drought,5,221.2,84,13
PIPO10,2025-10-13T07:00:00Z,PIPO,10,NA,ambient,drought,5,214.5,84,13
PIPO11,2025-10-13T07:00:00Z,PIPO,11,NA,ambient,water,5,420.3,84,13
PIPO12,2025-10-13T07:00:00Z,PIPO,12,NA,ambient,drought,5,212.1,84,13
PIPO13,2025-10-13T07:00:00Z,PIPO,13,NA,ambient,drought,5,207.2,84,13
PIPO14,2025-10-13T07:00:00Z,PIPO,14,NA,ambient,drought,5,213.9,84,13
PIPO15,2025-10-13T07:00:00Z,PIPO,15,NA,ambient,drought,5,229.6,84,13
PIPO16,2025-10-13T07:00:00Z,PIPO,16,NA,ambient,drought,62.5,218.3,84,13
PIPO17,2025-10-13T07:00:00Z,PIPO,17,NA,ambient,drought,5,234.8,84,13
PIPO18,2025-10-13T07:00:00Z,PIPO,18,NA,ambient,water,5,574.7,84,13
PIPO19,2025-10-13T07:00:00Z,PIPO,19,NA,ambient,drought,5,215.3,84,13
PIPO20,2025-10-13T07:00:00Z,PIPO,20,NA,ambient,water,5,471.6,84,13
PIPO21,2025-10-13T07:00:00Z,PIPO,21,NA,ambient,drought,5,211.5,84,13
PIPO22,2025-10-13T07:00:00Z,PIPO,22,NA,ambient,drought,5,206.5,84,13
PIPO23,2025-10-13T07:00:00Z,PIPO,23,NA,ambient,drought,5,206.6,84,13
PIPO24,2025-10-13T07:00:00Z,PIPO,24,NA,ambient,drought,5,211.6,84,13
PIPO25,2025-10-13T07:00:00Z,PIPO,25,NA,ambient,drought,5,207.6,84,13
PIPO26,2025-10-13T07:00:00Z,PIPO,26,NA,ambient,drought,5,206.2,84,13
PIPO27,2025-10-13T07:00:00Z,PIPO,27,NA,ambient,drought,5,211.8,84,13
PIPO28,2025-10-13T07:00:00Z,PIPO,28,NA,ambient,drought,5,207.1,84,13
PIPO29,2025-10-13T07:00:00Z,PIPO,29,NA,ambient,drought,5,209.3,84,13
PIPO30,2025-10-13T07:00:00Z,PIPO,30,NA,ambient,drought,5,218.9,84,13
PIPO31,2025-10-13T07:00:00Z,PIPO,31,NA,heatwave,water,5,554.5,84,13
PIPO32,2025-10-13T07:00:00Z,PIPO,32,NA,heatwave,drought,5,211.7,84,13
PIPO33,2025-10-13T07:00:00Z,PIPO,33,NA,heatwave,drought,5,215.2,84,13
PIPO34,2025-10-13T07:00:00Z,PIPO,34,NA,heatwave,drought,5,207.4,84,13
PIPO35,2025-10-13T07:00:00Z,PIPO,35,NA,heatwave,water,5,568.4,84,13
PIPO36,2025-10-13T07:00:00Z,PIPO,36,NA,heatwave,drought,5,230,84,13
PIPO37,2025-10-13T07:00:00Z,PIPO,37,NA,heatwave,drought,5,213.4,84,13
PIPO38,2025-10-13T07:00:00Z,PIPO,38,NA,heatwave,drought,5,217.7,84,13
PIPO39,2025-10-13T07:00:00Z,PIPO,39,NA,heatwave,drought,5,214.8,84,13
PIPO40,2025-10-13T07:00:00Z,PIPO,40,NA,heatwave,drought,5,217.1,84,13
PIPO41,2025-10-13T07:00:00Z,PIPO,41,NA,heatwave,drought,5,217.4,84,13
PIPO42,2025-10-13T07:00:00Z,PIPO,42,NA,heatwave,drought,5,211.5,84,13
PIPO43,2025-10-13T07:00:00Z,PIPO,43,NA,heatwave,drought,5,207.4,84,13
PIPO44,2025-10-13T07:00:00Z,PIPO,44,NA,heatwave,drought,5,207.3,84,13
PIPO45,2025-10-13T07:00:00Z,PIPO,45,NA,heatwave,drought,5,215.1,84,13
PIPO46,2025-10-13T07:00:00Z,PIPO,46,NA,heatwave,drought,5,208,84,13
PIPO47,2025-10-13T07:00:00Z,PIPO,47,NA,heatwave,drought,5,219.2,84,13
PIPO48,2025-10-13T07:00:00Z,PIPO,48,NA,heatwave,drought,5,260.1,84,13
PIPO49,2025-10-13T07:00:00Z,PIPO,49,NA,heatwave,drought,5,219,84,13
PIPO50,2025-10-13T07:00:00Z,PIPO,50,NA,heatwave,drought,5,211.8,84,13
PIPO51,2025-10-13T07:00:00Z,PIPO,51,NA,heatwave,water,5,560.4,84,13
PIPO52,2025-10-13T07:00:00Z,PIPO,52,NA,heatwave,drought,5,212,84,13
PIPO53,2025-10-13T07:00:00Z,PIPO,53,NA,heatwave,water,5,557,84,13
PIPO54,2025-10-13T07:00:00Z,PIPO,54,NA,heatwave,drought,5,214.6,84,13
PIPO55,2025-10-13T07:00:00Z,PIPO,55,NA,heatwave,drought,5,213.9,84,13
PIPO56,2025-10-13T07:00:00Z,PIPO,56,NA,heatwave,water,82.5,537.9,84,13
PIPO57,2025-10-13T07:00:00Z,PIPO,57,NA,heatwave,drought,5,246.2,84,13
PIPO58,2025-10-13T07:00:00Z,PIPO,58,NA,heatwave,drought,5,216.5,84,13
PIPO59,2025-10-13T07:00:00Z,PIPO,59,NA,heatwave,drought,5,236.8,84,13
PIPO60,2025-10-13T07:00:00Z,PIPO,60,NA,heatwave,drought,5,216.6,84,13
PIPO1,2025-10-20T07:00:00Z,PIPO,1,NA,ambient,water,5,495.7,91,14
PIPO2,2025-10-20T07:00:00Z,PIPO,2,NA,ambient,drought,17.5,207.8,91,14
PIPO3,2025-10-20T07:00:00Z,PIPO,3,NA,ambient,drought,5,197.6,91,14
PIPO4,2025-10-20T07:00:00Z,PIPO,4,NA,ambient,drought,5,205.4,91,14
PIPO5,2025-10-20T07:00:00Z,PIPO,5,NA,ambient,water,5,449.1,91,14
PIPO6,2025-10-20T07:00:00Z,PIPO,6,NA,ambient,drought,5,208.3,91,14
PIPO7,2025-10-20T07:00:00Z,PIPO,7,NA,ambient,drought,5,214.3,91,14
PIPO8,2025-10-20T07:00:00Z,PIPO,8,NA,ambient,drought,5,210.9,91,14
PIPO9,2025-10-20T07:00:00Z,PIPO,9,NA,ambient,drought,5,216.8,91,14
PIPO10,2025-10-20T07:00:00Z,PIPO,10,NA,ambient,drought,5,209.6,91,14
PIPO11,2025-10-20T07:00:00Z,PIPO,11,NA,ambient,water,5,286.7,91,14
PIPO12,2025-10-20T07:00:00Z,PIPO,12,NA,ambient,drought,5,207.9,91,14
PIPO13,2025-10-20T07:00:00Z,PIPO,13,NA,ambient,drought,5,202.7,91,14
PIPO14,2025-10-20T07:00:00Z,PIPO,14,NA,ambient,drought,5,208.4,91,14
PIPO15,2025-10-20T07:00:00Z,PIPO,15,NA,ambient,drought,5,223.8,91,14
PIPO16,2025-10-20T07:00:00Z,PIPO,16,NA,ambient,drought,95,214.9,91,14
PIPO17,2025-10-20T07:00:00Z,PIPO,17,NA,ambient,drought,5,228.6,91,14
PIPO18,2025-10-20T07:00:00Z,PIPO,18,NA,ambient,water,5,544.8,91,14
PIPO19,2025-10-20T07:00:00Z,PIPO,19,NA,ambient,drought,5,210.3,91,14
PIPO20,2025-10-20T07:00:00Z,PIPO,20,NA,ambient,water,5,432,91,14
PIPO21,2025-10-20T07:00:00Z,PIPO,21,NA,ambient,drought,5,206.1,91,14
PIPO22,2025-10-20T07:00:00Z,PIPO,22,NA,ambient,drought,5,202.2,91,14
PIPO23,2025-10-20T07:00:00Z,PIPO,23,NA,ambient,drought,5,202.7,91,14
PIPO24,2025-10-20T07:00:00Z,PIPO,24,NA,ambient,drought,5,207.2,91,14
PIPO25,2025-10-20T07:00:00Z,PIPO,25,NA,ambient,drought,5,203.5,91,14
PIPO26,2025-10-20T07:00:00Z,PIPO,26,NA,ambient,drought,5,202,91,14
PIPO27,2025-10-20T07:00:00Z,PIPO,27,NA,ambient,drought,5,207,91,14
PIPO28,2025-10-20T07:00:00Z,PIPO,28,NA,ambient,drought,17.5,202.5,91,14
PIPO29,2025-10-20T07:00:00Z,PIPO,29,NA,ambient,drought,5,204.8,91,14
PIPO30,2025-10-20T07:00:00Z,PIPO,30,NA,ambient,drought,5,213.3,91,14
PIPO31,2025-10-20T07:00:00Z,PIPO,31,NA,heatwave,water,5,518.4,91,14
PIPO32,2025-10-20T07:00:00Z,PIPO,32,NA,heatwave,drought,17.5,207.1,91,14
PIPO33,2025-10-20T07:00:00Z,PIPO,33,NA,heatwave,drought,5,210.4,91,14
PIPO34,2025-10-20T07:00:00Z,PIPO,34,NA,heatwave,drought,5,202.9,91,14
PIPO35,2025-10-20T07:00:00Z,PIPO,35,NA,heatwave,water,5,545.7,91,14
PIPO36,2025-10-20T07:00:00Z,PIPO,36,NA,heatwave,drought,5,223.3,91,14
PIPO37,2025-10-20T07:00:00Z,PIPO,37,NA,heatwave,drought,5,208.7,91,14
PIPO38,2025-10-20T07:00:00Z,PIPO,38,NA,heatwave,drought,5,212.6,91,14
PIPO39,2025-10-20T07:00:00Z,PIPO,39,NA,heatwave,drought,5,210.4,91,14
PIPO40,2025-10-20T07:00:00Z,PIPO,40,NA,heatwave,drought,5,212.2,91,14
PIPO41,2025-10-20T07:00:00Z,PIPO,41,NA,heatwave,drought,5,212.4,91,14
PIPO42,2025-10-20T07:00:00Z,PIPO,42,NA,heatwave,drought,5,206.3,91,14
PIPO43,2025-10-20T07:00:00Z,PIPO,43,NA,heatwave,drought,5,203,91,14
PIPO44,2025-10-20T07:00:00Z,PIPO,44,NA,heatwave,drought,5,202.9,91,14
PIPO45,2025-10-20T07:00:00Z,PIPO,45,NA,heatwave,drought,5,210.6,91,14
PIPO46,2025-10-20T07:00:00Z,PIPO,46,NA,heatwave,drought,5,203.4,91,14
PIPO47,2025-10-20T07:00:00Z,PIPO,47,NA,heatwave,drought,5,214.2,91,14
PIPO48,2025-10-20T07:00:00Z,PIPO,48,NA,heatwave,drought,5,253.5,91,14
PIPO49,2025-10-20T07:00:00Z,PIPO,49,NA,heatwave,drought,5,214.1,91,14
PIPO50,2025-10-20T07:00:00Z,PIPO,50,NA,heatwave,drought,5,207,91,14
PIPO51,2025-10-20T07:00:00Z,PIPO,51,NA,heatwave,water,5,525.8,91,14
PIPO52,2025-10-20T07:00:00Z,PIPO,52,NA,heatwave,drought,5,207.7,91,14
PIPO53,2025-10-20T07:00:00Z,PIPO,53,NA,heatwave,water,5,506.8,91,14
PIPO54,2025-10-20T07:00:00Z,PIPO,54,NA,heatwave,drought,5,210.3,91,14
PIPO55,2025-10-20T07:00:00Z,PIPO,55,NA,heatwave,drought,5,209.6,91,14
PIPO57,2025-10-20T07:00:00Z,PIPO,57,NA,heatwave,drought,5,230.4,91,14
PIPO58,2025-10-20T07:00:00Z,PIPO,58,NA,heatwave,drought,5,211.9,91,14
PIPO59,2025-10-20T07:00:00Z,PIPO,59,NA,heatwave,drought,5,230.4,91,14
PIPO60,2025-10-20T07:00:00Z,PIPO,60,NA,heatwave,drought,5,211.3,91,14
PIPO1,2025-10-27T07:00:00Z,PIPO,1,NA,ambient,water,5,494.2,98,15
PIPO2,2025-10-27T07:00:00Z,PIPO,2,NA,ambient,drought,5,204.3,98,15
PIPO3,2025-10-27T07:00:00Z,PIPO,3,NA,ambient,drought,5,192.8,98,15
PIPO4,2025-10-27T07:00:00Z,PIPO,4,NA,ambient,drought,5,201.5,98,15
PIPO5,2025-10-27T07:00:00Z,PIPO,5,NA,ambient,water,5,450.3,98,15
PIPO6,2025-10-27T07:00:00Z,PIPO,6,NA,ambient,drought,5,203.7,98,15
PIPO7,2025-10-27T07:00:00Z,PIPO,7,NA,ambient,drought,5,208.2,98,15
PIPO8,2025-10-27T07:00:00Z,PIPO,8,NA,ambient,drought,5,206.4,98,15
PIPO9,2025-10-27T07:00:00Z,PIPO,9,NA,ambient,drought,5,212.3,98,15
PIPO10,2025-10-27T07:00:00Z,PIPO,10,NA,ambient,drought,5,204.7,98,15
PIPO11,2025-10-27T07:00:00Z,PIPO,11,NA,ambient,water,5,389.6,98,15
PIPO12,2025-10-27T07:00:00Z,PIPO,12,NA,ambient,drought,5,203.6,98,15
PIPO13,2025-10-27T07:00:00Z,PIPO,13,NA,ambient,drought,5,198.1,98,15
PIPO14,2025-10-27T07:00:00Z,PIPO,14,NA,ambient,drought,5,202,98,15
PIPO15,2025-10-27T07:00:00Z,PIPO,15,NA,ambient,drought,5,216.9,98,15
PIPO16,2025-10-27T07:00:00Z,PIPO,16,NA,ambient,drought,5,210.8,98,15
PIPO17,2025-10-27T07:00:00Z,PIPO,17,NA,ambient,drought,5,221.4,98,15
PIPO18,2025-10-27T07:00:00Z,PIPO,18,NA,ambient,water,5,537.4,98,15
PIPO19,2025-10-27T07:00:00Z,PIPO,19,NA,ambient,drought,5,204.5,98,15
PIPO20,2025-10-27T07:00:00Z,PIPO,20,NA,ambient,water,5,418.2,98,15
PIPO21,2025-10-27T07:00:00Z,PIPO,21,NA,ambient,drought,5,198.9,98,15
PIPO22,2025-10-27T07:00:00Z,PIPO,22,NA,ambient,drought,5,197.3,98,15
PIPO23,2025-10-27T07:00:00Z,PIPO,23,NA,ambient,drought,5,198.1,98,15
PIPO24,2025-10-27T07:00:00Z,PIPO,24,NA,ambient,drought,5,202.1,98,15
PIPO25,2025-10-27T07:00:00Z,PIPO,25,NA,ambient,drought,5,199.3,98,15
PIPO26,2025-10-27T07:00:00Z,PIPO,26,NA,ambient,drought,5,197.7,98,15
PIPO27,2025-10-27T07:00:00Z,PIPO,27,NA,ambient,drought,5,202.4,98,15
PIPO28,2025-10-27T07:00:00Z,PIPO,28,NA,ambient,drought,62.5,198.3,98,15
PIPO29,2025-10-27T07:00:00Z,PIPO,29,NA,ambient,drought,5,199.8,98,15
PIPO30,2025-10-27T07:00:00Z,PIPO,30,NA,ambient,drought,5,206.7,98,15
PIPO31,2025-10-27T07:00:00Z,PIPO,31,NA,heatwave,water,5,512,98,15
PIPO32,2025-10-27T07:00:00Z,PIPO,32,NA,heatwave,drought,17.5,203.1,98,15
PIPO33,2025-10-27T07:00:00Z,PIPO,33,NA,heatwave,drought,17.5,206.6,98,15
PIPO34,2025-10-27T07:00:00Z,PIPO,34,NA,heatwave,drought,17.5,199.1,98,15
PIPO35,2025-10-27T07:00:00Z,PIPO,35,NA,heatwave,water,5,543.7,98,15
PIPO36,2025-10-27T07:00:00Z,PIPO,36,NA,heatwave,drought,5,216.6,98,15
PIPO37,2025-10-27T07:00:00Z,PIPO,37,NA,heatwave,drought,5,204.2,98,15
PIPO38,2025-10-27T07:00:00Z,PIPO,38,NA,heatwave,drought,5,207.7,98,15
PIPO39,2025-10-27T07:00:00Z,PIPO,39,NA,heatwave,drought,5,205.9,98,15
PIPO40,2025-10-27T07:00:00Z,PIPO,40,NA,heatwave,drought,5,207.5,98,15
PIPO41,2025-10-27T07:00:00Z,PIPO,41,NA,heatwave,drought,5,207.8,98,15
PIPO42,2025-10-27T07:00:00Z,PIPO,42,NA,heatwave,drought,5,201.4,98,15
PIPO43,2025-10-27T07:00:00Z,PIPO,43,NA,heatwave,drought,17.5,199.7,98,15
PIPO44,2025-10-27T07:00:00Z,PIPO,44,NA,heatwave,drought,5,198.7,98,15
PIPO45,2025-10-27T07:00:00Z,PIPO,45,NA,heatwave,drought,5,206.3,98,15
PIPO46,2025-10-27T07:00:00Z,PIPO,46,NA,heatwave,drought,5,199.4,98,15
PIPO47,2025-10-27T07:00:00Z,PIPO,47,NA,heatwave,drought,5,209.5,98,15
PIPO48,2025-10-27T07:00:00Z,PIPO,48,NA,heatwave,drought,5,247,98,15
PIPO49,2025-10-27T07:00:00Z,PIPO,49,NA,heatwave,drought,17.5,209.3,98,15
PIPO50,2025-10-27T07:00:00Z,PIPO,50,NA,heatwave,drought,17.5,202.3,98,15
PIPO51,2025-10-27T07:00:00Z,PIPO,51,NA,heatwave,water,5,520.1,98,15
PIPO52,2025-10-27T07:00:00Z,PIPO,52,NA,heatwave,drought,5,203.2,98,15
PIPO53,2025-10-27T07:00:00Z,PIPO,53,NA,heatwave,water,5,489.3,98,15
PIPO54,2025-10-27T07:00:00Z,PIPO,54,NA,heatwave,drought,5,206.2,98,15
PIPO55,2025-10-27T07:00:00Z,PIPO,55,NA,heatwave,drought,37.5,205.8,98,15
PIPO57,2025-10-27T07:00:00Z,PIPO,57,NA,heatwave,drought,5,221,98,15
PIPO58,2025-10-27T07:00:00Z,PIPO,58,NA,heatwave,drought,17.5,207.4,98,15
PIPO59,2025-10-27T07:00:00Z,PIPO,59,NA,heatwave,drought,5,224.3,98,15
PIPO60,2025-10-27T07:00:00Z,PIPO,60,NA,heatwave,drought,17.5,206.3,98,15
PIPO1,2025-11-03T07:00:00Z,PIPO,1,NA,ambient,water,5,462.4,105,16
PIPO2,2025-11-03T07:00:00Z,PIPO,2,NA,ambient,drought,62.5,201.2,105,16
PIPO3,2025-11-03T07:00:00Z,PIPO,3,NA,ambient,drought,37.5,188.7,105,16
PIPO4,2025-11-03T07:00:00Z,PIPO,4,NA,ambient,drought,37.5,198.1,105,16
PIPO5,2025-11-03T07:00:00Z,PIPO,5,NA,ambient,water,5,442.2,105,16
PIPO6,2025-11-03T07:00:00Z,PIPO,6,NA,ambient,drought,5,199.9,105,16
PIPO7,2025-11-03T07:00:00Z,PIPO,7,NA,ambient,drought,5,202.7,105,16
PIPO8,2025-11-03T07:00:00Z,PIPO,8,NA,ambient,drought,17.5,202.6,105,16
PIPO9,2025-11-03T07:00:00Z,PIPO,9,NA,ambient,drought,17.5,208.6,105,16
PIPO10,2025-11-03T07:00:00Z,PIPO,10,NA,ambient,drought,5,201,105,16
PIPO11,2025-11-03T07:00:00Z,PIPO,11,NA,ambient,water,5,374.6,105,16
PIPO12,2025-11-03T07:00:00Z,PIPO,12,NA,ambient,drought,17.5,200,105,16
PIPO13,2025-11-03T07:00:00Z,PIPO,13,NA,ambient,drought,5,194.4,105,16
PIPO14,2025-11-03T07:00:00Z,PIPO,14,NA,ambient,drought,17.5,196.5,105,16
PIPO15,2025-11-03T07:00:00Z,PIPO,15,NA,ambient,drought,5,210.3,105,16
PIPO16,2025-11-03T07:00:00Z,PIPO,16,NA,ambient,drought,95,207.2,105,16
PIPO17,2025-11-03T07:00:00Z,PIPO,17,NA,ambient,drought,5,214.5,105,16
PIPO18,2025-11-03T07:00:00Z,PIPO,18,NA,ambient,water,5,522.9,105,16
PIPO19,2025-11-03T07:00:00Z,PIPO,19,NA,ambient,drought,37.5,199.5,105,16
PIPO20,2025-11-03T07:00:00Z,PIPO,20,NA,ambient,water,5,383.5,105,16
PIPO21,2025-11-03T07:00:00Z,PIPO,21,NA,ambient,drought,5,194.3,105,16
PIPO22,2025-11-03T07:00:00Z,PIPO,22,NA,ambient,drought,17.5,192.9,105,16
PIPO23,2025-11-03T07:00:00Z,PIPO,23,NA,ambient,drought,5,193.9,105,16
PIPO24,2025-11-03T07:00:00Z,PIPO,24,NA,ambient,drought,17.5,197.4,105,16
PIPO25,2025-11-03T07:00:00Z,PIPO,25,NA,ambient,drought,17.5,195.9,105,16
PIPO26,2025-11-03T07:00:00Z,PIPO,26,NA,ambient,drought,5,194.4,105,16
PIPO27,2025-11-03T07:00:00Z,PIPO,27,NA,ambient,drought,37.5,199,105,16
PIPO28,2025-11-03T07:00:00Z,PIPO,28,NA,ambient,drought,82.5,193.3,105,16
PIPO29,2025-11-03T07:00:00Z,PIPO,29,NA,ambient,drought,17.5,195.8,105,16
PIPO30,2025-11-03T07:00:00Z,PIPO,30,NA,ambient,drought,5,201.1,105,16
PIPO31,2025-11-03T07:00:00Z,PIPO,31,NA,heatwave,water,5,503.2,105,16
PIPO32,2025-11-03T07:00:00Z,PIPO,32,NA,heatwave,drought,62.5,200.1,105,16
PIPO33,2025-11-03T07:00:00Z,PIPO,33,NA,heatwave,drought,37.5,203.7,105,16
PIPO34,2025-11-03T07:00:00Z,PIPO,34,NA,heatwave,drought,37.5,195.8,105,16
PIPO35,2025-11-03T07:00:00Z,PIPO,35,NA,heatwave,water,5,521.1,105,16
PIPO36,2025-11-03T07:00:00Z,PIPO,36,NA,heatwave,drought,17.5,210.6,105,16
PIPO37,2025-11-03T07:00:00Z,PIPO,37,NA,heatwave,drought,5,200.1,105,16
PIPO38,2025-11-03T07:00:00Z,PIPO,38,NA,heatwave,drought,5,203.3,105,16
PIPO39,2025-11-03T07:00:00Z,PIPO,39,NA,heatwave,drought,5,202,105,16
PIPO40,2025-11-03T07:00:00Z,PIPO,40,NA,heatwave,drought,5,203.1,105,16
PIPO41,2025-11-03T07:00:00Z,PIPO,41,NA,heatwave,drought,5,203.6,105,16
PIPO42,2025-11-03T07:00:00Z,PIPO,42,NA,heatwave,drought,5,197,105,16
PIPO43,2025-11-03T07:00:00Z,PIPO,43,NA,heatwave,drought,17.5,197,105,16
PIPO44,2025-11-03T07:00:00Z,PIPO,44,NA,heatwave,drought,17.5,195.4,105,16
PIPO45,2025-11-03T07:00:00Z,PIPO,45,NA,heatwave,drought,5,203.1,105,16
PIPO46,2025-11-03T07:00:00Z,PIPO,46,NA,heatwave,drought,17.5,196.1,105,16
PIPO47,2025-11-03T07:00:00Z,PIPO,47,NA,heatwave,drought,5,205.3,105,16
PIPO48,2025-11-03T07:00:00Z,PIPO,48,NA,heatwave,drought,17.5,241.2,105,16
PIPO49,2025-11-03T07:00:00Z,PIPO,49,NA,heatwave,drought,37.5,205.3,105,16
PIPO50,2025-11-03T07:00:00Z,PIPO,50,NA,heatwave,drought,37.5,198.5,105,16
PIPO51,2025-11-03T07:00:00Z,PIPO,51,NA,heatwave,water,5,510.8,105,16
PIPO52,2025-11-03T07:00:00Z,PIPO,52,NA,heatwave,drought,17.5,199,105,16
PIPO53,2025-11-03T07:00:00Z,PIPO,53,NA,heatwave,water,5,446.9,105,16
PIPO54,2025-11-03T07:00:00Z,PIPO,54,NA,heatwave,drought,17.5,202.2,105,16
PIPO55,2025-11-03T07:00:00Z,PIPO,55,NA,heatwave,drought,62.5,202.8,105,16
PIPO57,2025-11-03T07:00:00Z,PIPO,57,NA,heatwave,drought,5,214.6,105,16
PIPO58,2025-11-03T07:00:00Z,PIPO,58,NA,heatwave,drought,17.5,203.6,105,16
PIPO59,2025-11-03T07:00:00Z,PIPO,59,NA,heatwave,drought,5,218.3,105,16
PIPO60,2025-11-03T07:00:00Z,PIPO,60,NA,heatwave,drought,37.5,202.3,105,16
PIPO1,2025-11-10T07:00:00Z,PIPO,1,NA,ambient,water,5,443.5,112,17
PIPO2,2025-11-10T07:00:00Z,PIPO,2,NA,ambient,drought,95,198.7,112,17
PIPO3,2025-11-10T07:00:00Z,PIPO,3,NA,ambient,drought,95,185.9,112,17
PIPO4,2025-11-10T07:00:00Z,PIPO,4,NA,ambient,drought,95,195.8,112,17
PIPO5,2025-11-10T07:00:00Z,PIPO,5,NA,ambient,water,5,423.1,112,17
PIPO6,2025-11-10T07:00:00Z,PIPO,6,NA,ambient,drought,37.5,196.9,112,17
PIPO7,2025-11-10T07:00:00Z,PIPO,7,NA,ambient,drought,17.5,197.7,112,17
PIPO8,2025-11-10T07:00:00Z,PIPO,8,NA,ambient,drought,17.5,200,112,17
PIPO9,2025-11-10T07:00:00Z,PIPO,9,NA,ambient,drought,62.5,206.3,112,17
PIPO10,2025-11-10T07:00:00Z,PIPO,10,NA,ambient,drought,17.5,198.2,112,17
PIPO11,2025-11-10T07:00:00Z,PIPO,11,NA,ambient,water,5,373.6,112,17
PIPO12,2025-11-10T07:00:00Z,PIPO,12,NA,ambient,drought,62.5,197.5,112,17
PIPO13,2025-11-10T07:00:00Z,PIPO,13,NA,ambient,drought,17.5,191.7,112,17
PIPO14,2025-11-10T07:00:00Z,PIPO,14,NA,ambient,drought,37.5,192.8,112,17
PIPO15,2025-11-10T07:00:00Z,PIPO,15,NA,ambient,drought,17.5,205.6,112,17
PIPO16,2025-11-10T07:00:00Z,PIPO,16,NA,ambient,drought,95,203.8,112,17
PIPO17,2025-11-10T07:00:00Z,PIPO,17,NA,ambient,drought,17.5,209.2,112,17
PIPO18,2025-11-10T07:00:00Z,PIPO,18,NA,ambient,water,5,514,112,17
PIPO19,2025-11-10T07:00:00Z,PIPO,19,NA,ambient,drought,62.5,196.3,112,17
PIPO20,2025-11-10T07:00:00Z,PIPO,20,NA,ambient,water,5,332.9,112,17
PIPO21,2025-11-10T07:00:00Z,PIPO,21,NA,ambient,drought,17.5,191.2,112,17
PIPO22,2025-11-10T07:00:00Z,PIPO,22,NA,ambient,drought,37.5,189.7,112,17
PIPO23,2025-11-10T07:00:00Z,PIPO,23,NA,ambient,drought,62.5,190.8,112,17
PIPO24,2025-11-10T07:00:00Z,PIPO,24,NA,ambient,drought,62.5,194.1,112,17
PIPO25,2025-11-10T07:00:00Z,PIPO,25,NA,ambient,drought,37.5,193.5,112,17
PIPO26,2025-11-10T07:00:00Z,PIPO,26,NA,ambient,drought,37.5,192.2,112,17
PIPO27,2025-11-10T07:00:00Z,PIPO,27,NA,ambient,drought,62.5,196.6,112,17
PIPO28,2025-11-10T07:00:00Z,PIPO,28,NA,ambient,drought,95,191,112,17
PIPO29,2025-11-10T07:00:00Z,PIPO,29,NA,ambient,drought,17.5,193.4,112,17
PIPO30,2025-11-10T07:00:00Z,PIPO,30,NA,ambient,drought,37.5,197.2,112,17
PIPO31,2025-11-10T07:00:00Z,PIPO,31,NA,heatwave,water,5,471.2,112,17
PIPO32,2025-11-10T07:00:00Z,PIPO,32,NA,heatwave,drought,95,197.1,112,17
PIPO33,2025-11-10T07:00:00Z,PIPO,33,NA,heatwave,drought,95,200.5,112,17
PIPO34,2025-11-10T07:00:00Z,PIPO,34,NA,heatwave,drought,82.5,192.6,112,17
PIPO35,2025-11-10T07:00:00Z,PIPO,35,NA,heatwave,water,5,508.4,112,17
PIPO36,2025-11-10T07:00:00Z,PIPO,36,NA,heatwave,drought,37.5,205.4,112,17
PIPO37,2025-11-10T07:00:00Z,PIPO,37,NA,heatwave,drought,17.5,195.9,112,17
PIPO38,2025-11-10T07:00:00Z,PIPO,38,NA,heatwave,drought,17.5,198.9,112,17
PIPO39,2025-11-10T07:00:00Z,PIPO,39,NA,heatwave,drought,17.5,197.8,112,17
PIPO40,2025-11-10T07:00:00Z,PIPO,40,NA,heatwave,drought,17.5,198.5,112,17
PIPO41,2025-11-10T07:00:00Z,PIPO,41,NA,heatwave,drought,17.5,199.5,112,17
PIPO42,2025-11-10T07:00:00Z,PIPO,42,NA,heatwave,drought,17.5,192.6,112,17
PIPO43,2025-11-10T07:00:00Z,PIPO,43,NA,heatwave,drought,37.5,194,112,17
PIPO44,2025-11-10T07:00:00Z,PIPO,44,NA,heatwave,drought,17.5,192.5,112,17
PIPO45,2025-11-10T07:00:00Z,PIPO,45,NA,heatwave,drought,17.5,200,112,17
PIPO46,2025-11-10T07:00:00Z,PIPO,46,NA,heatwave,drought,37.5,192.8,112,17
PIPO47,2025-11-10T07:00:00Z,PIPO,47,NA,heatwave,drought,17.5,201,112,17
PIPO48,2025-11-10T07:00:00Z,PIPO,48,NA,heatwave,drought,37.5,235.7,112,17
PIPO49,2025-11-10T07:00:00Z,PIPO,49,NA,heatwave,drought,82.5,201.9,112,17
PIPO50,2025-11-10T07:00:00Z,PIPO,50,NA,heatwave,drought,62.5,195.2,112,17
PIPO51,2025-11-10T07:00:00Z,PIPO,51,NA,heatwave,water,5,498.2,112,17
PIPO52,2025-11-10T07:00:00Z,PIPO,52,NA,heatwave,drought,17.5,194.7,112,17
PIPO53,2025-11-10T07:00:00Z,PIPO,53,NA,heatwave,water,5,414.1,112,17
PIPO54,2025-11-10T07:00:00Z,PIPO,54,NA,heatwave,drought,62.5,198.2,112,17
PIPO55,2025-11-10T07:00:00Z,PIPO,55,NA,heatwave,drought,82.5,199.8,112,17
PIPO57,2025-11-10T07:00:00Z,PIPO,57,NA,heatwave,drought,5,208.2,112,17
PIPO58,2025-11-10T07:00:00Z,PIPO,58,NA,heatwave,drought,62.5,200.1,112,17
PIPO59,2025-11-10T07:00:00Z,PIPO,59,NA,heatwave,drought,5,212.1,112,17
PIPO60,2025-11-10T07:00:00Z,PIPO,60,NA,heatwave,drought,37.5,198.9,112,17
PIPO1,2025-11-21T07:00:00Z,PIPO,1,NA,ambient,water,5,448.1,123,18
PIPO2,2025-11-21T07:00:00Z,PIPO,2,NA,ambient,drought,95,197.3,123,18
PIPO3,2025-11-21T07:00:00Z,PIPO,3,NA,ambient,drought,82.5,184.4,123,18
PIPO4,2025-11-21T07:00:00Z,PIPO,4,NA,ambient,drought,95,194.4,123,18
PIPO5,2025-11-21T07:00:00Z,PIPO,5,NA,ambient,water,5,393.3,123,18
PIPO6,2025-11-21T07:00:00Z,PIPO,6,NA,ambient,drought,37.5,194.9,123,18
PIPO7,2025-11-21T07:00:00Z,PIPO,7,NA,ambient,drought,17.5,193.5,123,18
PIPO8,2025-11-21T07:00:00Z,PIPO,8,NA,ambient,drought,95,198.8,123,18
PIPO9,2025-11-21T07:00:00Z,PIPO,9,NA,ambient,drought,95,204.6,123,18
PIPO10,2025-11-21T07:00:00Z,PIPO,10,NA,ambient,drought,82.5,196.6,123,18
PIPO11,2025-11-21T07:00:00Z,PIPO,11,NA,ambient,water,5,361.4,123,18
PIPO12,2025-11-21T07:00:00Z,PIPO,12,NA,ambient,drought,82.5,196.1,123,18
PIPO13,2025-11-21T07:00:00Z,PIPO,13,NA,ambient,drought,82.5,190.3,123,18
PIPO14,2025-11-21T07:00:00Z,PIPO,14,NA,ambient,drought,82.5,189.9,123,18
PIPO15,2025-11-21T07:00:00Z,PIPO,15,NA,ambient,drought,62.5,202.2,123,18
PIPO17,2025-11-21T07:00:00Z,PIPO,17,NA,ambient,drought,62.5,204.8,123,18
PIPO18,2025-11-21T07:00:00Z,PIPO,18,NA,ambient,water,5,485.9,123,18
PIPO19,2025-11-21T07:00:00Z,PIPO,19,NA,ambient,drought,95,194.4,123,18
PIPO20,2025-11-21T07:00:00Z,PIPO,20,NA,ambient,water,5,298.6,123,18
PIPO21,2025-11-21T07:00:00Z,PIPO,21,NA,ambient,drought,62.5,189.6,123,18
PIPO22,2025-11-21T07:00:00Z,PIPO,22,NA,ambient,drought,82.5,187.7,123,18
PIPO23,2025-11-21T07:00:00Z,PIPO,23,NA,ambient,drought,95,189.2,123,18
PIPO24,2025-11-21T07:00:00Z,PIPO,24,NA,ambient,drought,95,192.2,123,18
PIPO25,2025-11-21T07:00:00Z,PIPO,25,NA,ambient,drought,62.5,192.5,123,18
PIPO26,2025-11-21T07:00:00Z,PIPO,26,NA,ambient,drought,82.5,191.3,123,18
PIPO27,2025-11-21T07:00:00Z,PIPO,27,NA,ambient,drought,95,195.3,123,18
PIPO28,2025-11-21T07:00:00Z,PIPO,28,NA,ambient,drought,95,190.2,123,18
PIPO29,2025-11-21T07:00:00Z,PIPO,29,NA,ambient,drought,82.5,192.6,123,18
PIPO30,2025-11-21T07:00:00Z,PIPO,30,NA,ambient,drought,62.5,194.5,123,18
PIPO31,2025-11-21T07:00:00Z,PIPO,31,NA,heatwave,water,5,392.2,123,18
PIPO32,2025-11-21T07:00:00Z,PIPO,32,NA,heatwave,drought,95,194.5,123,18
PIPO33,2025-11-21T07:00:00Z,PIPO,33,NA,heatwave,drought,82.5,198.1,123,18
PIPO34,2025-11-21T07:00:00Z,PIPO,34,NA,heatwave,drought,62.5,190.1,123,18
PIPO35,2025-11-21T07:00:00Z,PIPO,35,NA,heatwave,water,5,466.2,123,18
PIPO36,2025-11-21T07:00:00Z,PIPO,36,NA,heatwave,drought,62.5,201,123,18
PIPO37,2025-11-21T07:00:00Z,PIPO,37,NA,heatwave,drought,37.5,192,123,18
PIPO38,2025-11-21T07:00:00Z,PIPO,38,NA,heatwave,drought,37.5,195.2,123,18
PIPO39,2025-11-21T07:00:00Z,PIPO,39,NA,heatwave,drought,82.5,193.9,123,18
PIPO40,2025-11-21T07:00:00Z,PIPO,40,NA,heatwave,drought,37.5,194.1,123,18
PIPO41,2025-11-21T07:00:00Z,PIPO,41,NA,heatwave,drought,82.5,196,123,18
PIPO42,2025-11-21T07:00:00Z,PIPO,42,NA,heatwave,drought,82.5,188.5,123,18
PIPO43,2025-11-21T07:00:00Z,PIPO,43,NA,heatwave,drought,95,191.4,123,18
PIPO44,2025-11-21T07:00:00Z,PIPO,44,NA,heatwave,drought,82.5,190.1,123,18
PIPO45,2025-11-21T07:00:00Z,PIPO,45,NA,heatwave,drought,82.5,197.4,123,18
PIPO46,2025-11-21T07:00:00Z,PIPO,46,NA,heatwave,drought,82.5,190.2,123,18
PIPO47,2025-11-21T07:00:00Z,PIPO,47,NA,heatwave,drought,82.5,197.3,123,18
PIPO48,2025-11-21T07:00:00Z,PIPO,48,NA,heatwave,drought,82.5,229.7,123,18
PIPO49,2025-11-21T07:00:00Z,PIPO,49,NA,heatwave,drought,95,199,123,18
PIPO50,2025-11-21T07:00:00Z,PIPO,50,NA,heatwave,drought,82.5,192.5,123,18
PIPO51,2025-11-21T07:00:00Z,PIPO,51,NA,heatwave,water,5,462.3,123,18
PIPO52,2025-11-21T07:00:00Z,PIPO,52,NA,heatwave,drought,62.5,190.7,123,18
PIPO53,2025-11-21T07:00:00Z,PIPO,53,NA,heatwave,water,5,373.8,123,18
PIPO54,2025-11-21T07:00:00Z,PIPO,54,NA,heatwave,drought,95,194.7,123,18
PIPO57,2025-11-21T07:00:00Z,PIPO,57,NA,heatwave,drought,62.5,201,123,18
PIPO58,2025-11-21T07:00:00Z,PIPO,58,NA,heatwave,drought,82.5,197.3,123,18
PIPO59,2025-11-21T07:00:00Z,PIPO,59,NA,heatwave,drought,17.5,204.3,123,18
PIPO60,2025-11-21T07:00:00Z,PIPO,60,NA,heatwave,drought,95,196.1,123,18
PSME1,2025-07-23T07:00:00Z,PSME,1,3.9,ambient,drought,5,491.3,2,1
PSME2,2025-07-23T07:00:00Z,PSME,2,4.4,ambient,drought,5,505.4,2,1
PSME3,2025-07-23T07:00:00Z,PSME,3,5.2,ambient,water,5,514.7,2,1
PSME4,2025-07-23T07:00:00Z,PSME,4,5.8,ambient,drought,5,478,2,1
PSME5,2025-07-23T07:00:00Z,PSME,5,2.1,ambient,drought,5,501.4,2,1
PSME6,2025-07-23T07:00:00Z,PSME,6,3.9,ambient,drought,5,496.4,2,1
PSME7,2025-07-23T07:00:00Z,PSME,7,5,ambient,drought,5,507.7,2,1
PSME8,2025-07-23T07:00:00Z,PSME,8,4.8,ambient,drought,5,503.6,2,1
PSME9,2025-07-23T07:00:00Z,PSME,9,4.3,ambient,drought,5,510.4,2,1
PSME10,2025-07-23T07:00:00Z,PSME,10,5,ambient,drought,5,464.1,2,1
PSME11,2025-07-23T07:00:00Z,PSME,11,4,ambient,drought,5,499.2,2,1
PSME12,2025-07-23T07:00:00Z,PSME,12,4.9,ambient,water,5,500.7,2,1
PSME13,2025-07-23T07:00:00Z,PSME,13,4.6,ambient,drought,5,517.2,2,1
PSME14,2025-07-23T07:00:00Z,PSME,14,4.2,ambient,drought,5,505,2,1
PSME15,2025-07-23T07:00:00Z,PSME,15,4.4,ambient,drought,5,479.9,2,1
PSME16,2025-07-23T07:00:00Z,PSME,16,4.3,ambient,drought,5,490.7,2,1
PSME17,2025-07-23T07:00:00Z,PSME,17,5.1,ambient,water,5,497.2,2,1
PSME18,2025-07-23T07:00:00Z,PSME,18,4,ambient,drought,5,519.4,2,1
PSME19,2025-07-23T07:00:00Z,PSME,19,4,ambient,drought,5,517.4,2,1
PSME20,2025-07-23T07:00:00Z,PSME,20,4.6,ambient,drought,5,491.8,2,1
PSME21,2025-07-23T07:00:00Z,PSME,21,5,ambient,drought,5,489.1,2,1
PSME22,2025-07-23T07:00:00Z,PSME,22,3.7,ambient,water,5,528.7,2,1
PSME23,2025-07-23T07:00:00Z,PSME,23,4.9,ambient,drought,5,495.7,2,1
PSME24,2025-07-23T07:00:00Z,PSME,24,4.6,ambient,drought,5,499.2,2,1
PSME25,2025-07-23T07:00:00Z,PSME,25,5.1,ambient,drought,5,474.3,2,1
PSME26,2025-07-23T07:00:00Z,PSME,26,5.9,ambient,drought,5,414.9,2,1
PSME27,2025-07-23T07:00:00Z,PSME,27,5.7,ambient,water,5,509.1,2,1
PSME28,2025-07-23T07:00:00Z,PSME,28,4.9,ambient,drought,5,475.7,2,1
PSME29,2025-07-23T07:00:00Z,PSME,29,3.9,ambient,drought,5,514.2,2,1
PSME30,2025-07-23T07:00:00Z,PSME,30,5.2,ambient,drought,5,477.4,2,1
PSME31,2025-07-23T07:00:00Z,PSME,31,4.9,heatwave,water,5,470.1,2,1
PSME32,2025-07-23T07:00:00Z,PSME,32,4.3,heatwave,drought,5,487.3,2,1
PSME33,2025-07-23T07:00:00Z,PSME,33,3.4,heatwave,drought,5,503.4,2,1
PSME34,2025-07-23T07:00:00Z,PSME,34,4.8,heatwave,drought,5,496,2,1
PSME35,2025-07-23T07:00:00Z,PSME,35,4.2,heatwave,drought,5,484.8,2,1
PSME36,2025-07-23T07:00:00Z,PSME,36,4.9,heatwave,drought,5,482.6,2,1
PSME37,2025-07-23T07:00:00Z,PSME,37,4.3,heatwave,water,5,463.4,2,1
PSME38,2025-07-23T07:00:00Z,PSME,38,4.8,heatwave,drought,5,504.1,2,1
PSME39,2025-07-23T07:00:00Z,PSME,39,4.9,heatwave,drought,5,489.9,2,1
PSME40,2025-07-23T07:00:00Z,PSME,40,5.7,heatwave,drought,5,458,2,1
PSME41,2025-07-23T07:00:00Z,PSME,41,5.1,heatwave,drought,5,457.8,2,1
PSME42,2025-07-23T07:00:00Z,PSME,42,5.4,heatwave,drought,5,477.8,2,1
PSME43,2025-07-23T07:00:00Z,PSME,43,6,heatwave,drought,5,447.4,2,1
PSME44,2025-07-23T07:00:00Z,PSME,44,5.1,heatwave,drought,5,414.7,2,1
PSME45,2025-07-23T07:00:00Z,PSME,45,5.3,heatwave,water,5,477.6,2,1
PSME46,2025-07-23T07:00:00Z,PSME,46,3.9,heatwave,drought,5,489.2,2,1
PSME47,2025-07-23T07:00:00Z,PSME,47,4.8,heatwave,drought,5,387.8,2,1
PSME48,2025-07-23T07:00:00Z,PSME,48,4.6,heatwave,water,5,496,2,1
PSME49,2025-07-23T07:00:00Z,PSME,49,5.4,heatwave,drought,5,457.2,2,1
PSME50,2025-07-23T07:00:00Z,PSME,50,6.1,heatwave,drought,5,421.2,2,1
PSME51,2025-07-23T07:00:00Z,PSME,51,3.7,heatwave,drought,5,499,2,1
PSME52,2025-07-23T07:00:00Z,PSME,52,4.3,heatwave,drought,5,503.5,2,1
PSME53,2025-07-23T07:00:00Z,PSME,53,4.8,heatwave,drought,5,491,2,1
PSME54,2025-07-23T07:00:00Z,PSME,54,4.2,heatwave,drought,5,487.5,2,1
PSME55,2025-07-23T07:00:00Z,PSME,55,5.1,heatwave,drought,5,474.7,2,1
PSME56,2025-07-23T07:00:00Z,PSME,56,5,heatwave,drought,5,465,2,1
PSME57,2025-07-23T07:00:00Z,PSME,57,5.1,heatwave,water,5,504.1,2,1
PSME58,2025-07-23T07:00:00Z,PSME,58,5.9,heatwave,drought,5,498.8,2,1
PSME59,2025-07-23T07:00:00Z,PSME,59,5.8,heatwave,drought,5,479.8,2,1
PSME60,2025-07-23T07:00:00Z,PSME,60,4.9,heatwave,drought,5,497.3,2,1
PSME1,2025-07-30T07:00:00Z,PSME,1,3.7,ambient,drought,5,418.7,9,2
PSME2,2025-07-30T07:00:00Z,PSME,2,5.1,ambient,drought,5,453.4,9,2
PSME3,2025-07-30T07:00:00Z,PSME,3,3.8,ambient,water,5,488.6,9,2
PSME4,2025-07-30T07:00:00Z,PSME,4,5.1,ambient,drought,5,427.3,9,2
PSME5,2025-07-30T07:00:00Z,PSME,5,2.7,ambient,drought,5,469.6,9,2
PSME6,2025-07-30T07:00:00Z,PSME,6,3.7,ambient,drought,5,453.2,9,2
PSME7,2025-07-30T07:00:00Z,PSME,7,5.2,ambient,drought,5,434.3,9,2
PSME8,2025-07-30T07:00:00Z,PSME,8,4.6,ambient,drought,5,430.2,9,2
PSME9,2025-07-30T07:00:00Z,PSME,9,4.2,ambient,drought,5,448,9,2
PSME10,2025-07-30T07:00:00Z,PSME,10,5.5,ambient,drought,5,360.7,9,2
PSME11,2025-07-30T07:00:00Z,PSME,11,3.7,ambient,drought,5,416.2,9,2
PSME12,2025-07-30T07:00:00Z,PSME,12,5.3,ambient,water,5,455.1,9,2
PSME13,2025-07-30T07:00:00Z,PSME,13,3.7,ambient,drought,5,473.9,9,2
PSME14,2025-07-30T07:00:00Z,PSME,14,4.4,ambient,drought,5,452.4,9,2
PSME15,2025-07-30T07:00:00Z,PSME,15,4.1,ambient,drought,5,384.6,9,2
PSME16,2025-07-30T07:00:00Z,PSME,16,4,ambient,drought,5,423.6,9,2
PSME17,2025-07-30T07:00:00Z,PSME,17,4.5,ambient,water,5,470.9,9,2
PSME18,2025-07-30T07:00:00Z,PSME,18,3.3,ambient,drought,5,470.6,9,2
PSME19,2025-07-30T07:00:00Z,PSME,19,3.7,ambient,drought,5,461.9,9,2
PSME20,2025-07-30T07:00:00Z,PSME,20,4.2,ambient,drought,5,412.1,9,2
PSME21,2025-07-30T07:00:00Z,PSME,21,4.7,ambient,drought,5,403,9,2
PSME22,2025-07-30T07:00:00Z,PSME,22,4.3,ambient,water,5,514.7,9,2
PSME23,2025-07-30T07:00:00Z,PSME,23,4.5,ambient,drought,5,440,9,2
PSME24,2025-07-30T07:00:00Z,PSME,24,5,ambient,drought,5,450.9,9,2
PSME25,2025-07-30T07:00:00Z,PSME,25,3.9,ambient,drought,5,406.1,9,2
PSME26,2025-07-30T07:00:00Z,PSME,26,4.4,ambient,drought,5,408.4,9,2
PSME27,2025-07-30T07:00:00Z,PSME,27,5,ambient,water,5,476.7,9,2
PSME28,2025-07-30T07:00:00Z,PSME,28,4.6,ambient,drought,5,390,9,2
PSME29,2025-07-30T07:00:00Z,PSME,29,3.4,ambient,drought,5,443.1,9,2
PSME30,2025-07-30T07:00:00Z,PSME,30,4.3,ambient,drought,5,391.1,9,2
PSME31,2025-07-30T07:00:00Z,PSME,31,5.1,heatwave,water,5,420.7,9,2
PSME32,2025-07-30T07:00:00Z,PSME,32,5.3,heatwave,drought,5,437.8,9,2
PSME33,2025-07-30T07:00:00Z,PSME,33,4.4,heatwave,drought,5,454.2,9,2
PSME34,2025-07-30T07:00:00Z,PSME,34,3.9,heatwave,drought,5,461.2,9,2
PSME35,2025-07-30T07:00:00Z,PSME,35,4.9,heatwave,drought,5,421.8,9,2
PSME36,2025-07-30T07:00:00Z,PSME,36,4.5,heatwave,drought,5,415.3,9,2
PSME37,2025-07-30T07:00:00Z,PSME,37,4.1,heatwave,water,5,464.5,9,2
PSME38,2025-07-30T07:00:00Z,PSME,38,4.7,heatwave,drought,5,434.9,9,2
PSME39,2025-07-30T07:00:00Z,PSME,39,4,heatwave,drought,5,431.8,9,2
PSME40,2025-07-30T07:00:00Z,PSME,40,4.7,heatwave,drought,5,377.2,9,2
PSME41,2025-07-30T07:00:00Z,PSME,41,4.7,heatwave,drought,5,383,9,2
PSME42,2025-07-30T07:00:00Z,PSME,42,4.6,heatwave,drought,5,418.7,9,2
PSME43,2025-07-30T07:00:00Z,PSME,43,5.3,heatwave,drought,5,375.8,9,2
PSME44,2025-07-30T07:00:00Z,PSME,44,5.1,heatwave,drought,5,353.2,9,2
PSME45,2025-07-30T07:00:00Z,PSME,45,3.8,heatwave,water,5,483.4,9,2
PSME46,2025-07-30T07:00:00Z,PSME,46,3.8,heatwave,drought,5,442.3,9,2
PSME47,2025-07-30T07:00:00Z,PSME,47,5.2,heatwave,drought,5,313.6,9,2
PSME48,2025-07-30T07:00:00Z,PSME,48,4.6,heatwave,water,5,493.5,9,2
PSME49,2025-07-30T07:00:00Z,PSME,49,4.4,heatwave,drought,5,399.7,9,2
PSME50,2025-07-30T07:00:00Z,PSME,50,5,heatwave,drought,5,336.5,9,2
PSME51,2025-07-30T07:00:00Z,PSME,51,3.5,heatwave,drought,5,444.2,9,2
PSME52,2025-07-30T07:00:00Z,PSME,52,3.8,heatwave,drought,5,466.5,9,2
PSME53,2025-07-30T07:00:00Z,PSME,53,3.9,heatwave,drought,5,443.1,9,2
PSME54,2025-07-30T07:00:00Z,PSME,54,4.6,heatwave,drought,5,408.2,9,2
PSME55,2025-07-30T07:00:00Z,PSME,55,5.2,heatwave,drought,5,383.3,9,2
PSME56,2025-07-30T07:00:00Z,PSME,56,3.8,heatwave,drought,5,402.1,9,2
PSME57,2025-07-30T07:00:00Z,PSME,57,4.1,heatwave,water,5,464.7,9,2
PSME58,2025-07-30T07:00:00Z,PSME,58,4.3,heatwave,drought,5,439.8,9,2
PSME59,2025-07-30T07:00:00Z,PSME,59,7.1,heatwave,drought,5,403.1,9,2
PSME60,2025-07-30T07:00:00Z,PSME,60,4.3,heatwave,drought,5,451.7,9,2
PSME1,2025-08-06T07:00:00Z,PSME,1,3.6,ambient,drought,5,358.1,16,3
PSME2,2025-08-06T07:00:00Z,PSME,2,3.8,ambient,drought,5,405.6,16,3
PSME3,2025-08-06T07:00:00Z,PSME,3,3.6,ambient,water,5,489.6,16,3
PSME4,2025-08-06T07:00:00Z,PSME,4,4.1,ambient,drought,5,377.3,16,3
PSME5,2025-08-06T07:00:00Z,PSME,5,2,ambient,drought,5,440.2,16,3
PSME6,2025-08-06T07:00:00Z,PSME,6,3.3,ambient,drought,5,420.1,16,3
PSME7,2025-08-06T07:00:00Z,PSME,7,4,ambient,drought,5,372.5,16,3
PSME8,2025-08-06T07:00:00Z,PSME,8,4.3,ambient,drought,5,370.8,16,3
PSME9,2025-08-06T07:00:00Z,PSME,9,4.1,ambient,drought,5,388.6,16,3
PSME10,2025-08-06T07:00:00Z,PSME,10,4.4,ambient,drought,5,285.7,16,3
PSME11,2025-08-06T07:00:00Z,PSME,11,3.7,ambient,drought,5,349.6,16,3
PSME12,2025-08-06T07:00:00Z,PSME,12,4.7,ambient,water,5,423.7,16,3
PSME13,2025-08-06T07:00:00Z,PSME,13,4.1,ambient,drought,5,440.3,16,3
PSME14,2025-08-06T07:00:00Z,PSME,14,4.4,ambient,drought,5,409.8,16,3
PSME15,2025-08-06T07:00:00Z,PSME,15,4.1,ambient,drought,5,314.8,16,3
PSME16,2025-08-06T07:00:00Z,PSME,16,4.3,ambient,drought,5,370.8,16,3
PSME17,2025-08-06T07:00:00Z,PSME,17,4.4,ambient,water,5,454.3,16,3
PSME18,2025-08-06T07:00:00Z,PSME,18,3.1,ambient,drought,5,432.5,16,3
PSME19,2025-08-06T07:00:00Z,PSME,19,3.8,ambient,drought,5,418.6,16,3
PSME20,2025-08-06T07:00:00Z,PSME,20,4.2,ambient,drought,5,349.6,16,3
PSME21,2025-08-06T07:00:00Z,PSME,21,4.9,ambient,drought,5,345.1,16,3
PSME22,2025-08-06T07:00:00Z,PSME,22,4.4,ambient,water,5,521.3,16,3
PSME23,2025-08-06T07:00:00Z,PSME,23,4.3,ambient,drought,5,401.3,16,3
PSME24,2025-08-06T07:00:00Z,PSME,24,3.8,ambient,drought,5,415.1,16,3
PSME25,2025-08-06T07:00:00Z,PSME,25,3.7,ambient,drought,5,358.5,16,3
PSME26,2025-08-06T07:00:00Z,PSME,26,4.5,ambient,drought,5,268.6,16,3
PSME27,2025-08-06T07:00:00Z,PSME,27,4.4,ambient,water,5,485.1,16,3
PSME28,2025-08-06T07:00:00Z,PSME,28,4.2,ambient,drought,5,329.3,16,3
PSME29,2025-08-06T07:00:00Z,PSME,29,3.6,ambient,drought,5,390.2,16,3
PSME30,2025-08-06T07:00:00Z,PSME,30,4.1,ambient,drought,5,329,16,3
PSME31,2025-08-06T07:00:00Z,PSME,31,5,heatwave,water,5,413,16,3
PSME32,2025-08-06T07:00:00Z,PSME,32,4.4,heatwave,drought,5,394.2,16,3
PSME33,2025-08-06T07:00:00Z,PSME,33,3.5,heatwave,drought,5,415.1,16,3
PSME34,2025-08-06T07:00:00Z,PSME,34,3.3,heatwave,drought,5,430.7,16,3
PSME35,2025-08-06T07:00:00Z,PSME,35,4,heatwave,drought,5,371.2,16,3
PSME36,2025-08-06T07:00:00Z,PSME,36,4.1,heatwave,drought,5,357,16,3
PSME37,2025-08-06T07:00:00Z,PSME,37,4,heatwave,water,5,467.3,16,3
PSME38,2025-08-06T07:00:00Z,PSME,38,4,heatwave,drought,5,376.7,16,3
PSME39,2025-08-06T07:00:00Z,PSME,39,4.5,heatwave,drought,5,380.2,16,3
PSME40,2025-08-06T07:00:00Z,PSME,40,5,heatwave,drought,5,308.2,16,3
PSME41,2025-08-06T07:00:00Z,PSME,41,5,heatwave,drought,5,324,16,3
PSME42,2025-08-06T07:00:00Z,PSME,42,4.8,heatwave,drought,5,368.7,16,3
PSME43,2025-08-06T07:00:00Z,PSME,43,5.8,heatwave,drought,5,319.8,16,3
PSME44,2025-08-06T07:00:00Z,PSME,44,4.9,heatwave,drought,5,301.2,16,3
PSME45,2025-08-06T07:00:00Z,PSME,45,4.8,heatwave,water,5,490.7,16,3
PSME46,2025-08-06T07:00:00Z,PSME,46,4.7,heatwave,drought,5,407,16,3
PSME47,2025-08-06T07:00:00Z,PSME,47,4.8,heatwave,drought,5,270.7,16,3
PSME48,2025-08-06T07:00:00Z,PSME,48,4.3,heatwave,water,5,500,16,3
PSME49,2025-08-06T07:00:00Z,PSME,49,4.9,heatwave,drought,5,358.9,16,3
PSME50,2025-08-06T07:00:00Z,PSME,50,4.9,heatwave,drought,5,281.9,16,3
PSME51,2025-08-06T07:00:00Z,PSME,51,3.2,heatwave,drought,5,397.8,16,3
PSME52,2025-08-06T07:00:00Z,PSME,52,4.5,heatwave,drought,5,441.8,16,3
PSME53,2025-08-06T07:00:00Z,PSME,53,3.7,heatwave,drought,5,404.7,16,3
PSME54,2025-08-06T07:00:00Z,PSME,54,4.7,heatwave,drought,5,335.8,16,3
PSME55,2025-08-06T07:00:00Z,PSME,55,5,heatwave,drought,5,307.6,16,3
PSME56,2025-08-06T07:00:00Z,PSME,56,4.1,heatwave,drought,5,355.4,16,3
PSME57,2025-08-06T07:00:00Z,PSME,57,4.1,heatwave,water,5,480,16,3
PSME58,2025-08-06T07:00:00Z,PSME,58,4.2,heatwave,drought,5,388.5,16,3
PSME59,2025-08-06T07:00:00Z,PSME,59,5.5,heatwave,drought,5,337.5,16,3
PSME60,2025-08-06T07:00:00Z,PSME,60,3.9,heatwave,drought,5,410.3,16,3
PSME1,2025-08-13T07:00:00Z,PSME,1,3.4,ambient,drought,5,311.6,23,4
PSME2,2025-08-13T07:00:00Z,PSME,2,3.7,ambient,drought,5,349.6,23,4
PSME3,2025-08-13T07:00:00Z,PSME,3,4,ambient,water,5,509.3,23,4
PSME4,2025-08-13T07:00:00Z,PSME,4,4.1,ambient,drought,5,336.5,23,4
PSME5,2025-08-13T07:00:00Z,PSME,5,2.7,ambient,drought,5,409.5,23,4
PSME6,2025-08-13T07:00:00Z,PSME,6,3.1,ambient,drought,5,380,23,4
PSME7,2025-08-13T07:00:00Z,PSME,7,4.7,ambient,drought,5,299.7,23,4
PSME8,2025-08-13T07:00:00Z,PSME,8,4.5,ambient,drought,5,307.1,23,4
PSME9,2025-08-13T07:00:00Z,PSME,9,4.1,ambient,drought,5,323.5,23,4
PSME10,2025-08-13T07:00:00Z,PSME,10,4.1,ambient,drought,5,251.5,23,4
PSME11,2025-08-13T07:00:00Z,PSME,11,3.8,ambient,drought,5,288.4,23,4
PSME12,2025-08-13T07:00:00Z,PSME,12,4,ambient,water,5,485.8,23,4
PSME13,2025-08-13T07:00:00Z,PSME,13,3.3,ambient,drought,5,401.3,23,4
PSME14,2025-08-13T07:00:00Z,PSME,14,3.8,ambient,drought,5,359.3,23,4
PSME15,2025-08-13T07:00:00Z,PSME,15,4.4,ambient,drought,5,267.1,23,4
PSME16,2025-08-13T07:00:00Z,PSME,16,4.1,ambient,drought,5,319.7,23,4
PSME17,2025-08-13T07:00:00Z,PSME,17,4.1,ambient,water,5,460.2,23,4
PSME18,2025-08-13T07:00:00Z,PSME,18,2.9,ambient,drought,5,390.7,23,4
PSME19,2025-08-13T07:00:00Z,PSME,19,3.2,ambient,drought,5,369.6,23,4
PSME20,2025-08-13T07:00:00Z,PSME,20,4.4,ambient,drought,5,295.8,23,4
PSME21,2025-08-13T07:00:00Z,PSME,21,4.1,ambient,drought,5,296.8,23,4
PSME22,2025-08-13T07:00:00Z,PSME,22,3.3,ambient,water,5,539.3,23,4
PSME23,2025-08-13T07:00:00Z,PSME,23,3.7,ambient,drought,5,361.5,23,4
PSME24,2025-08-13T07:00:00Z,PSME,24,3.8,ambient,drought,5,377.4,23,4
PSME25,2025-08-13T07:00:00Z,PSME,25,3.3,ambient,drought,5,315.3,23,4
PSME26,2025-08-13T07:00:00Z,PSME,26,4.6,ambient,drought,5,247.6,23,4
PSME27,2025-08-13T07:00:00Z,PSME,27,5,ambient,water,5,515.5,23,4
PSME28,2025-08-13T07:00:00Z,PSME,28,4.3,ambient,drought,5,272.9,23,4
PSME29,2025-08-13T07:00:00Z,PSME,29,3.5,ambient,drought,5,340.2,23,4
PSME30,2025-08-13T07:00:00Z,PSME,30,3.6,ambient,drought,5,279.5,23,4
PSME31,2025-08-13T07:00:00Z,PSME,31,4.9,heatwave,water,5,345.7,23,4
PSME32,2025-08-13T07:00:00Z,PSME,32,4.4,heatwave,drought,5,314,23,4
PSME33,2025-08-13T07:00:00Z,PSME,33,3.6,heatwave,drought,5,334.1,23,4
PSME34,2025-08-13T07:00:00Z,PSME,34,3.4,heatwave,drought,5,359.7,23,4
PSME35,2025-08-13T07:00:00Z,PSME,35,3.1,heatwave,drought,5,316.6,23,4
PSME36,2025-08-13T07:00:00Z,PSME,36,4.2,heatwave,drought,5,282.8,23,4
PSME37,2025-08-13T07:00:00Z,PSME,37,4.8,heatwave,water,5,402,23,4
PSME38,2025-08-13T07:00:00Z,PSME,38,4.5,heatwave,drought,5,289.6,23,4
PSME39,2025-08-13T07:00:00Z,PSME,39,4.4,heatwave,drought,5,283.8,23,4
PSME40,2025-08-13T07:00:00Z,PSME,40,4.8,heatwave,drought,5,254.3,23,4
PSME41,2025-08-13T07:00:00Z,PSME,41,4.6,heatwave,drought,5,255.1,23,4
PSME42,2025-08-13T07:00:00Z,PSME,42,4.6,heatwave,drought,5,281.5,23,4
PSME43,2025-08-13T07:00:00Z,PSME,43,6.2,heatwave,drought,5,266.6,23,4
PSME44,2025-08-13T07:00:00Z,PSME,44,4.7,heatwave,drought,5,248.8,23,4
PSME45,2025-08-13T07:00:00Z,PSME,45,3.9,heatwave,water,5,422,23,4
PSME46,2025-08-13T07:00:00Z,PSME,46,3.7,heatwave,drought,5,334.3,23,4
PSME47,2025-08-13T07:00:00Z,PSME,47,5,heatwave,drought,5,236.2,23,4
PSME48,2025-08-13T07:00:00Z,PSME,48,4.3,heatwave,water,5,421.6,23,4
PSME49,2025-08-13T07:00:00Z,PSME,49,4.3,heatwave,drought,5,270.9,23,4
PSME50,2025-08-13T07:00:00Z,PSME,50,4.7,heatwave,drought,5,244,23,4
PSME51,2025-08-13T07:00:00Z,PSME,51,3.9,heatwave,drought,5,305.9,23,4
PSME52,2025-08-13T07:00:00Z,PSME,52,4,heatwave,drought,5,349.9,23,4
PSME53,2025-08-13T07:00:00Z,PSME,53,3.8,heatwave,drought,5,304.8,23,4
PSME54,2025-08-13T07:00:00Z,PSME,54,4.5,heatwave,drought,5,255.7,23,4
PSME55,2025-08-13T07:00:00Z,PSME,55,5,heatwave,drought,5,250.3,23,4
PSME56,2025-08-13T07:00:00Z,PSME,56,4.3,heatwave,drought,5,269.8,23,4
PSME57,2025-08-13T07:00:00Z,PSME,57,4.2,heatwave,water,5,354.5,23,4
PSME58,2025-08-13T07:00:00Z,PSME,58,4.6,heatwave,drought,5,278.4,23,4
PSME59,2025-08-13T07:00:00Z,PSME,59,6.3,heatwave,drought,5,259.8,23,4
PSME60,2025-08-13T07:00:00Z,PSME,60,4.4,heatwave,drought,5,321.6,23,4
PSME1,2025-08-18T07:00:00Z,PSME,1,3.5,ambient,drought,5,292.6,28,5
PSME2,2025-08-18T07:00:00Z,PSME,2,4.3,ambient,drought,5,320.7,28,5
PSME3,2025-08-18T07:00:00Z,PSME,3,4,ambient,water,5,536.2,28,5
PSME4,2025-08-18T07:00:00Z,PSME,4,4.4,ambient,drought,5,318.8,28,5
PSME5,2025-08-18T07:00:00Z,PSME,5,2.5,ambient,drought,5,394.1,28,5
PSME6,2025-08-18T07:00:00Z,PSME,6,3.8,ambient,drought,5,360,28,5
PSME7,2025-08-18T07:00:00Z,PSME,7,4.2,ambient,drought,5,270.9,28,5
PSME8,2025-08-18T07:00:00Z,PSME,8,5.2,ambient,drought,5,275.5,28,5
PSME9,2025-08-18T07:00:00Z,PSME,9,4.1,ambient,drought,5,293.7,28,5
PSME10,2025-08-18T07:00:00Z,PSME,10,4.1,ambient,drought,5,240.5,28,5
PSME11,2025-08-18T07:00:00Z,PSME,11,4,ambient,drought,5,266.1,28,5
PSME12,2025-08-18T07:00:00Z,PSME,12,4.8,ambient,water,5,528.7,28,5
PSME13,2025-08-18T07:00:00Z,PSME,13,3.6,ambient,drought,5,379.5,28,5
PSME14,2025-08-18T07:00:00Z,PSME,14,3.8,ambient,drought,5,336.8,28,5
PSME15,2025-08-18T07:00:00Z,PSME,15,5.1,ambient,drought,5,253.2,28,5
PSME16,2025-08-18T07:00:00Z,PSME,16,4.2,ambient,drought,5,294.6,28,5
PSME17,2025-08-18T07:00:00Z,PSME,17,4.5,ambient,water,5,512.4,28,5
PSME18,2025-08-18T07:00:00Z,PSME,18,6.3,ambient,drought,5,367.1,28,5
PSME19,2025-08-18T07:00:00Z,PSME,19,3.7,ambient,drought,5,341.9,28,5
PSME20,2025-08-18T07:00:00Z,PSME,20,4.8,ambient,drought,5,277.9,28,5
PSME21,2025-08-18T07:00:00Z,PSME,21,4.6,ambient,drought,5,276.7,28,5
PSME22,2025-08-18T07:00:00Z,PSME,22,3.6,ambient,water,5,576,28,5
PSME23,2025-08-18T07:00:00Z,PSME,23,3.9,ambient,drought,5,341.6,28,5
PSME24,2025-08-18T07:00:00Z,PSME,24,4.3,ambient,drought,5,357.3,28,5
PSME25,2025-08-18T07:00:00Z,PSME,25,3.9,ambient,drought,5,297.4,28,5
PSME26,2025-08-18T07:00:00Z,PSME,26,4.9,ambient,drought,5,239.7,28,5
PSME27,2025-08-18T07:00:00Z,PSME,27,5,ambient,water,5,559.4,28,5
PSME28,2025-08-18T07:00:00Z,PSME,28,4.4,ambient,drought,5,253.2,28,5
PSME29,2025-08-18T07:00:00Z,PSME,29,3.4,ambient,drought,5,315.6,28,5
PSME30,2025-08-18T07:00:00Z,PSME,30,3.6,ambient,drought,5,264.6,28,5
PSME31,2025-08-18T07:00:00Z,PSME,31,5.8,heatwave,water,5,404.9,28,5
PSME32,2025-08-18T07:00:00Z,PSME,32,4.1,heatwave,drought,5,285.2,28,5
PSME33,2025-08-18T07:00:00Z,PSME,33,3.4,heatwave,drought,5,307.2,28,5
PSME34,2025-08-18T07:00:00Z,PSME,34,3.6,heatwave,drought,5,338.7,28,5
PSME35,2025-08-18T07:00:00Z,PSME,35,3.6,heatwave,drought,5,300.9,28,5
PSME36,2025-08-18T07:00:00Z,PSME,36,4.5,heatwave,drought,5,266.8,28,5
PSME37,2025-08-18T07:00:00Z,PSME,37,4.5,heatwave,water,5,483.9,28,5
PSME38,2025-08-18T07:00:00Z,PSME,38,4.8,heatwave,drought,5,268.8,28,5
PSME39,2025-08-18T07:00:00Z,PSME,39,3.9,heatwave,drought,5,260.2,28,5
PSME40,2025-08-18T07:00:00Z,PSME,40,4.9,heatwave,drought,5,241.7,28,5
PSME41,2025-08-18T07:00:00Z,PSME,41,5.1,heatwave,drought,5,241.9,28,5
PSME42,2025-08-18T07:00:00Z,PSME,42,4.7,heatwave,drought,5,265.6,28,5
PSME43,2025-08-18T07:00:00Z,PSME,43,5.1,heatwave,drought,5,250.4,28,5
PSME44,2025-08-18T07:00:00Z,PSME,44,5,heatwave,drought,5,234.8,28,5
PSME45,2025-08-18T07:00:00Z,PSME,45,4.4,heatwave,water,5,382.3,28,5
PSME46,2025-08-18T07:00:00Z,PSME,46,3.8,heatwave,drought,5,314.3,28,5
PSME47,2025-08-18T07:00:00Z,PSME,47,4.5,heatwave,drought,5,227.3,28,5
PSME48,2025-08-18T07:00:00Z,PSME,48,4.9,heatwave,water,5,433.2,28,5
PSME49,2025-08-18T07:00:00Z,PSME,49,4.8,heatwave,drought,5,246.1,28,5
PSME50,2025-08-18T07:00:00Z,PSME,50,5.1,heatwave,drought,5,231.7,28,5
PSME51,2025-08-18T07:00:00Z,PSME,51,3.2,heatwave,drought,5,286.8,28,5
PSME52,2025-08-18T07:00:00Z,PSME,52,3.5,heatwave,drought,5,327.4,28,5
PSME53,2025-08-18T07:00:00Z,PSME,53,3.9,heatwave,drought,5,277.6,28,5
PSME54,2025-08-18T07:00:00Z,PSME,54,4.5,heatwave,drought,5,238.1,28,5
PSME55,2025-08-18T07:00:00Z,PSME,55,4.7,heatwave,drought,5,234.1,28,5
PSME56,2025-08-18T07:00:00Z,PSME,56,4.4,heatwave,drought,5,251,28,5
PSME57,2025-08-18T07:00:00Z,PSME,57,5.7,heatwave,water,5,492.8,28,5
PSME58,2025-08-18T07:00:00Z,PSME,58,5.1,heatwave,drought,5,257,28,5
PSME59,2025-08-18T07:00:00Z,PSME,59,5.8,heatwave,drought,5,242.2,28,5
PSME60,2025-08-18T07:00:00Z,PSME,60,4.1,heatwave,drought,5,297.4,28,5
PSME1,2025-08-25T07:00:00Z,PSME,1,NA,ambient,drought,5,270.2,35,6
PSME2,2025-08-25T07:00:00Z,PSME,2,NA,ambient,drought,5,280.4,35,6
PSME3,2025-08-25T07:00:00Z,PSME,3,NA,ambient,water,5,529.8,35,6
PSME4,2025-08-25T07:00:00Z,PSME,4,NA,ambient,drought,5,295.3,35,6
PSME5,2025-08-25T07:00:00Z,PSME,5,NA,ambient,drought,5,371.9,35,6
PSME6,2025-08-25T07:00:00Z,PSME,6,NA,ambient,drought,5,325.5,35,6
PSME7,2025-08-25T07:00:00Z,PSME,7,NA,ambient,drought,5,245.2,35,6
PSME8,2025-08-25T07:00:00Z,PSME,8,NA,ambient,drought,5,251.1,35,6
PSME9,2025-08-25T07:00:00Z,PSME,9,NA,ambient,drought,5,261.4,35,6
PSME10,2025-08-25T07:00:00Z,PSME,10,NA,ambient,drought,5,227.8,35,6
PSME11,2025-08-25T07:00:00Z,PSME,11,NA,ambient,drought,5,244.9,35,6
PSME12,2025-08-25T07:00:00Z,PSME,12,NA,ambient,water,5,518.8,35,6
PSME13,2025-08-25T07:00:00Z,PSME,13,NA,ambient,drought,5,351.2,35,6
PSME14,2025-08-25T07:00:00Z,PSME,14,NA,ambient,drought,5,303.9,35,6
PSME15,2025-08-25T07:00:00Z,PSME,15,NA,ambient,drought,5,238.1,35,6
PSME16,2025-08-25T07:00:00Z,PSME,16,NA,ambient,drought,5,265.7,35,6
PSME17,2025-08-25T07:00:00Z,PSME,17,NA,ambient,water,5,515.4,35,6
PSME18,2025-08-25T07:00:00Z,PSME,18,NA,ambient,drought,5,335,35,6
PSME19,2025-08-25T07:00:00Z,PSME,19,NA,ambient,drought,5,306.7,35,6
PSME20,2025-08-25T07:00:00Z,PSME,20,NA,ambient,drought,5,255.4,35,6
PSME21,2025-08-25T07:00:00Z,PSME,21,NA,ambient,drought,5,252.2,35,6
PSME22,2025-08-25T07:00:00Z,PSME,22,NA,ambient,water,5,577.8,35,6
PSME23,2025-08-25T07:00:00Z,PSME,23,NA,ambient,drought,5,315.2,35,6
PSME24,2025-08-25T07:00:00Z,PSME,24,NA,ambient,drought,5,327.3,35,6
PSME25,2025-08-25T07:00:00Z,PSME,25,NA,ambient,drought,5,271.3,35,6
PSME26,2025-08-25T07:00:00Z,PSME,26,NA,ambient,drought,5,230.8,35,6
PSME27,2025-08-25T07:00:00Z,PSME,27,NA,ambient,water,5,542.7,35,6
PSME28,2025-08-25T07:00:00Z,PSME,28,NA,ambient,drought,5,233.9,35,6
PSME29,2025-08-25T07:00:00Z,PSME,29,NA,ambient,drought,5,283.1,35,6
PSME30,2025-08-25T07:00:00Z,PSME,30,NA,ambient,drought,5,242.6,35,6
PSME31,2025-08-25T07:00:00Z,PSME,31,NA,heatwave,water,5,401.4,35,6
PSME32,2025-08-25T07:00:00Z,PSME,32,NA,heatwave,drought,5,262.5,35,6
PSME33,2025-08-25T07:00:00Z,PSME,33,NA,heatwave,drought,5,283.8,35,6
PSME34,2025-08-25T07:00:00Z,PSME,34,NA,heatwave,drought,5,324.6,35,6
PSME35,2025-08-25T07:00:00Z,PSME,35,NA,heatwave,drought,5,281.9,35,6
PSME36,2025-08-25T07:00:00Z,PSME,36,NA,heatwave,drought,5,251.5,35,6
PSME37,2025-08-25T07:00:00Z,PSME,37,NA,heatwave,water,5,493.8,35,6
PSME38,2025-08-25T07:00:00Z,PSME,38,NA,heatwave,drought,5,250.8,35,6
PSME39,2025-08-25T07:00:00Z,PSME,39,NA,heatwave,drought,5,239.8,35,6
PSME40,2025-08-25T07:00:00Z,PSME,40,NA,heatwave,drought,5,230.1,35,6
PSME41,2025-08-25T07:00:00Z,PSME,41,NA,heatwave,drought,5,228.3,35,6
PSME42,2025-08-25T07:00:00Z,PSME,42,NA,heatwave,drought,5,248.7,35,6
PSME43,2025-08-25T07:00:00Z,PSME,43,NA,heatwave,drought,5,237.2,35,6
PSME44,2025-08-25T07:00:00Z,PSME,44,NA,heatwave,drought,5,225.1,35,6
PSME45,2025-08-25T07:00:00Z,PSME,45,NA,heatwave,water,5,424.8,35,6
PSME46,2025-08-25T07:00:00Z,PSME,46,NA,heatwave,drought,5,296.9,35,6
PSME47,2025-08-25T07:00:00Z,PSME,47,NA,heatwave,drought,5,221,35,6
PSME48,2025-08-25T07:00:00Z,PSME,48,NA,heatwave,water,5,485.7,35,6
PSME49,2025-08-25T07:00:00Z,PSME,49,NA,heatwave,drought,5,230,35,6
PSME50,2025-08-25T07:00:00Z,PSME,50,NA,heatwave,drought,5,223.6,35,6
PSME51,2025-08-25T07:00:00Z,PSME,51,NA,heatwave,drought,5,268.1,35,6
PSME52,2025-08-25T07:00:00Z,PSME,52,NA,heatwave,drought,5,312.5,35,6
PSME53,2025-08-25T07:00:00Z,PSME,53,NA,heatwave,drought,5,258.9,35,6
PSME54,2025-08-25T07:00:00Z,PSME,54,NA,heatwave,drought,5,225.9,35,6
PSME55,2025-08-25T07:00:00Z,PSME,55,NA,heatwave,drought,5,223.3,35,6
PSME56,2025-08-25T07:00:00Z,PSME,56,NA,heatwave,drought,5,233.8,35,6
PSME57,2025-08-25T07:00:00Z,PSME,57,NA,heatwave,water,5,501.4,35,6
PSME58,2025-08-25T07:00:00Z,PSME,58,NA,heatwave,drought,5,237.4,35,6
PSME59,2025-08-25T07:00:00Z,PSME,59,NA,heatwave,drought,5,229.8,35,6
PSME60,2025-08-25T07:00:00Z,PSME,60,NA,heatwave,drought,5,277.6,35,6
PSME1,2025-09-01T07:00:00Z,PSME,1,NA,ambient,drought,5,253.2,42,7
PSME2,2025-09-01T07:00:00Z,PSME,2,NA,ambient,drought,5,257.4,42,7
PSME3,2025-09-01T07:00:00Z,PSME,3,NA,ambient,water,5,523.2,42,7
PSME4,2025-09-01T07:00:00Z,PSME,4,NA,ambient,drought,5,278.2,42,7
PSME5,2025-09-01T07:00:00Z,PSME,5,NA,ambient,drought,5,349.4,42,7
PSME6,2025-09-01T07:00:00Z,PSME,6,NA,ambient,drought,5,296.4,42,7
PSME7,2025-09-01T07:00:00Z,PSME,7,NA,ambient,drought,5,232.6,42,7
PSME8,2025-09-01T07:00:00Z,PSME,8,NA,ambient,drought,5,237.6,42,7
PSME9,2025-09-01T07:00:00Z,PSME,9,NA,ambient,drought,5,244.6,42,7
PSME10,2025-09-01T07:00:00Z,PSME,10,NA,ambient,drought,5,220.7,42,7
PSME11,2025-09-01T07:00:00Z,PSME,11,NA,ambient,drought,5,231.2,42,7
PSME12,2025-09-01T07:00:00Z,PSME,12,NA,ambient,water,5,491.6,42,7
PSME13,2025-09-01T07:00:00Z,PSME,13,NA,ambient,drought,5,316,42,7
PSME14,2025-09-01T07:00:00Z,PSME,14,NA,ambient,drought,5,272.6,42,7
PSME15,2025-09-01T07:00:00Z,PSME,15,NA,ambient,drought,5,228.7,42,7
PSME16,2025-09-01T07:00:00Z,PSME,16,NA,ambient,drought,5,247.1,42,7
PSME17,2025-09-01T07:00:00Z,PSME,17,NA,ambient,water,5,487.6,42,7
PSME18,2025-09-01T07:00:00Z,PSME,18,NA,ambient,drought,5,295.9,42,7
PSME19,2025-09-01T07:00:00Z,PSME,19,NA,ambient,drought,5,280.8,42,7
PSME20,2025-09-01T07:00:00Z,PSME,20,NA,ambient,drought,5,240.2,42,7
PSME21,2025-09-01T07:00:00Z,PSME,21,NA,ambient,drought,5,235.5,42,7
PSME22,2025-09-01T07:00:00Z,PSME,22,NA,ambient,water,5,564.9,42,7
PSME23,2025-09-01T07:00:00Z,PSME,23,NA,ambient,drought,5,286.7,42,7
PSME24,2025-09-01T07:00:00Z,PSME,24,NA,ambient,drought,5,297.1,42,7
PSME25,2025-09-01T07:00:00Z,PSME,25,NA,ambient,drought,5,251.8,42,7
PSME26,2025-09-01T07:00:00Z,PSME,26,NA,ambient,drought,5,224.8,42,7
PSME27,2025-09-01T07:00:00Z,PSME,27,NA,ambient,water,5,497.7,42,7
PSME28,2025-09-01T07:00:00Z,PSME,28,NA,ambient,drought,5,222.3,42,7
PSME29,2025-09-01T07:00:00Z,PSME,29,NA,ambient,drought,5,260.4,42,7
PSME30,2025-09-01T07:00:00Z,PSME,30,NA,ambient,drought,5,229.2,42,7
PSME31,2025-09-01T07:00:00Z,PSME,31,NA,heatwave,water,5,394.2,42,7
PSME32,2025-09-01T07:00:00Z,PSME,32,NA,heatwave,drought,5,238.5,42,7
PSME33,2025-09-01T07:00:00Z,PSME,33,NA,heatwave,drought,5,261.8,42,7
PSME34,2025-09-01T07:00:00Z,PSME,34,NA,heatwave,drought,5,306.3,42,7
PSME35,2025-09-01T07:00:00Z,PSME,35,NA,heatwave,drought,5,267.5,42,7
PSME36,2025-09-01T07:00:00Z,PSME,36,NA,heatwave,drought,5,240.6,42,7
PSME37,2025-09-01T07:00:00Z,PSME,37,NA,heatwave,water,5,487.4,42,7
PSME38,2025-09-01T07:00:00Z,PSME,38,NA,heatwave,drought,5,237,42,7
PSME39,2025-09-01T07:00:00Z,PSME,39,NA,heatwave,drought,5,226.4,42,7
PSME40,2025-09-01T07:00:00Z,PSME,40,NA,heatwave,drought,5,222.6,42,7
PSME41,2025-09-01T07:00:00Z,PSME,41,NA,heatwave,drought,5,220.1,42,7
PSME42,2025-09-01T07:00:00Z,PSME,42,NA,heatwave,drought,5,237.3,42,7
PSME43,2025-09-01T07:00:00Z,PSME,43,NA,heatwave,drought,5,229.5,42,7
PSME44,2025-09-01T07:00:00Z,PSME,44,NA,heatwave,drought,5,220.2,42,7
PSME45,2025-09-01T07:00:00Z,PSME,45,NA,heatwave,water,5,453.5,42,7
PSME46,2025-09-01T07:00:00Z,PSME,46,NA,heatwave,drought,5,274.8,42,7
PSME47,2025-09-01T07:00:00Z,PSME,47,NA,heatwave,drought,5,216.7,42,7
PSME48,2025-09-01T07:00:00Z,PSME,48,NA,heatwave,water,5,496.1,42,7
PSME49,2025-09-01T07:00:00Z,PSME,49,NA,heatwave,drought,5,220.8,42,7
PSME50,2025-09-01T07:00:00Z,PSME,50,NA,heatwave,drought,5,219,42,7
PSME51,2025-09-01T07:00:00Z,PSME,51,NA,heatwave,drought,5,251.4,42,7
PSME52,2025-09-01T07:00:00Z,PSME,52,NA,heatwave,drought,5,295.6,42,7
PSME53,2025-09-01T07:00:00Z,PSME,53,NA,heatwave,drought,5,238.1,42,7
PSME54,2025-09-01T07:00:00Z,PSME,54,NA,heatwave,drought,5,218.8,42,7
PSME55,2025-09-01T07:00:00Z,PSME,55,NA,heatwave,drought,5,217.7,42,7
PSME56,2025-09-01T07:00:00Z,PSME,56,NA,heatwave,drought,5,221.7,42,7
PSME57,2025-09-01T07:00:00Z,PSME,57,NA,heatwave,water,5,487.4,42,7
PSME58,2025-09-01T07:00:00Z,PSME,58,NA,heatwave,drought,5,224.6,42,7
PSME59,2025-09-01T07:00:00Z,PSME,59,NA,heatwave,drought,5,223.1,42,7
PSME60,2025-09-01T07:00:00Z,PSME,60,NA,heatwave,drought,5,255,42,7
PSME1,2025-09-15T07:00:00Z,PSME,1,NA,ambient,drought,5,231.2,56,9
PSME2,2025-09-15T07:00:00Z,PSME,2,NA,ambient,drought,5,232.4,56,9
PSME3,2025-09-15T07:00:00Z,PSME,3,NA,ambient,water,5,530.3,56,9
PSME4,2025-09-15T07:00:00Z,PSME,4,NA,ambient,drought,5,252.9,56,9
PSME5,2025-09-15T07:00:00Z,PSME,5,NA,ambient,drought,5,311.5,56,9
PSME6,2025-09-15T07:00:00Z,PSME,6,NA,ambient,drought,5,255.9,56,9
PSME7,2025-09-15T07:00:00Z,PSME,7,NA,ambient,drought,5,218.9,56,9
PSME8,2025-09-15T07:00:00Z,PSME,8,NA,ambient,drought,5,222.1,56,9
PSME9,2025-09-15T07:00:00Z,PSME,9,NA,ambient,drought,5,226.4,56,9
PSME10,2025-09-15T07:00:00Z,PSME,10,NA,ambient,drought,5,210.6,56,9
PSME11,2025-09-15T07:00:00Z,PSME,11,NA,ambient,drought,5,217.5,56,9
PSME12,2025-09-15T07:00:00Z,PSME,12,NA,ambient,water,5,502.8,56,9
PSME13,2025-09-15T07:00:00Z,PSME,13,NA,ambient,drought,5,274.3,56,9
PSME14,2025-09-15T07:00:00Z,PSME,14,NA,ambient,drought,5,239.8,56,9
PSME15,2025-09-15T07:00:00Z,PSME,15,NA,ambient,drought,5,218.6,56,9
PSME16,2025-09-15T07:00:00Z,PSME,16,NA,ambient,drought,5,228,56,9
PSME17,2025-09-15T07:00:00Z,PSME,17,NA,ambient,water,5,506.2,56,9
PSME18,2025-09-15T07:00:00Z,PSME,18,NA,ambient,drought,5,250.6,56,9
PSME19,2025-09-15T07:00:00Z,PSME,19,NA,ambient,drought,5,251.8,56,9
PSME20,2025-09-15T07:00:00Z,PSME,20,NA,ambient,drought,5,223,56,9
PSME21,2025-09-15T07:00:00Z,PSME,21,NA,ambient,drought,5,215.3,56,9
PSME22,2025-09-15T07:00:00Z,PSME,22,NA,ambient,water,5,540.8,56,9
PSME23,2025-09-15T07:00:00Z,PSME,23,NA,ambient,drought,5,240,56,9
PSME24,2025-09-15T07:00:00Z,PSME,24,NA,ambient,drought,5,250.2,56,9
PSME25,2025-09-15T07:00:00Z,PSME,25,NA,ambient,drought,5,222.7,56,9
PSME26,2025-09-15T07:00:00Z,PSME,26,NA,ambient,drought,5,213.8,56,9
PSME27,2025-09-15T07:00:00Z,PSME,27,NA,ambient,water,5,486.9,56,9
PSME28,2025-09-15T07:00:00Z,PSME,28,NA,ambient,drought,5,209.8,56,9
PSME29,2025-09-15T07:00:00Z,PSME,29,NA,ambient,drought,5,231.4,56,9
PSME30,2025-09-15T07:00:00Z,PSME,30,NA,ambient,drought,5,211.6,56,9
PSME31,2025-09-15T07:00:00Z,PSME,31,NA,heatwave,water,5,448.8,56,9
PSME32,2025-09-15T07:00:00Z,PSME,32,NA,heatwave,drought,5,211.8,56,9
PSME33,2025-09-15T07:00:00Z,PSME,33,NA,heatwave,drought,5,236.9,56,9
PSME34,2025-09-15T07:00:00Z,PSME,34,NA,heatwave,drought,5,267.1,56,9
PSME35,2025-09-15T07:00:00Z,PSME,35,NA,heatwave,drought,5,243.5,56,9
PSME36,2025-09-15T07:00:00Z,PSME,36,NA,heatwave,drought,5,225.1,56,9
PSME37,2025-09-15T07:00:00Z,PSME,37,NA,heatwave,water,5,492.7,56,9
PSME38,2025-09-15T07:00:00Z,PSME,38,NA,heatwave,drought,5,220.8,56,9
PSME39,2025-09-15T07:00:00Z,PSME,39,NA,heatwave,drought,5,209.8,56,9
PSME40,2025-09-15T07:00:00Z,PSME,40,NA,heatwave,drought,5,212.9,56,9
PSME41,2025-09-15T07:00:00Z,PSME,41,NA,heatwave,drought,5,211.4,56,9
PSME42,2025-09-15T07:00:00Z,PSME,42,NA,heatwave,drought,5,223.6,56,9
PSME43,2025-09-15T07:00:00Z,PSME,43,NA,heatwave,drought,5,219.8,56,9
PSME44,2025-09-15T07:00:00Z,PSME,44,NA,heatwave,drought,5,214.3,56,9
PSME45,2025-09-15T07:00:00Z,PSME,45,NA,heatwave,water,5,499,56,9
PSME46,2025-09-15T07:00:00Z,PSME,46,NA,heatwave,drought,5,248.5,56,9
PSME47,2025-09-15T07:00:00Z,PSME,47,NA,heatwave,drought,5,211.3,56,9
PSME48,2025-09-15T07:00:00Z,PSME,48,NA,heatwave,water,5,520.4,56,9
PSME49,2025-09-15T07:00:00Z,PSME,49,NA,heatwave,drought,5,209.3,56,9
PSME50,2025-09-15T07:00:00Z,PSME,50,NA,heatwave,drought,5,213.5,56,9
PSME51,2025-09-15T07:00:00Z,PSME,51,NA,heatwave,drought,5,231.2,56,9
PSME52,2025-09-15T07:00:00Z,PSME,52,NA,heatwave,drought,5,272.1,56,9
PSME53,2025-09-15T07:00:00Z,PSME,53,NA,heatwave,drought,5,216.4,56,9
PSME54,2025-09-15T07:00:00Z,PSME,54,NA,heatwave,drought,5,212.7,56,9
PSME55,2025-09-15T07:00:00Z,PSME,55,NA,heatwave,drought,5,211.3,56,9
PSME56,2025-09-15T07:00:00Z,PSME,56,NA,heatwave,drought,5,210.7,56,9
PSME57,2025-09-15T07:00:00Z,PSME,57,NA,heatwave,water,5,511.6,56,9
PSME58,2025-09-15T07:00:00Z,PSME,58,NA,heatwave,drought,5,215.3,56,9
PSME59,2025-09-15T07:00:00Z,PSME,59,NA,heatwave,drought,5,216.7,56,9
PSME60,2025-09-15T07:00:00Z,PSME,60,NA,heatwave,drought,5,227.7,56,9
PSME1,2025-09-22T07:00:00Z,PSME,1,NA,ambient,drought,5,227.5,63,10
PSME2,2025-09-22T07:00:00Z,PSME,2,NA,ambient,drought,5,230.9,63,10
PSME3,2025-09-22T07:00:00Z,PSME,3,NA,ambient,water,5,531.1,63,10
PSME4,2025-09-22T07:00:00Z,PSME,4,NA,ambient,drought,5,246.1,63,10
PSME5,2025-09-22T07:00:00Z,PSME,5,NA,ambient,drought,5,300.8,63,10
PSME6,2025-09-22T07:00:00Z,PSME,6,NA,ambient,drought,5,247,63,10
PSME7,2025-09-22T07:00:00Z,PSME,7,NA,ambient,drought,5,219.2,63,10
PSME8,2025-09-22T07:00:00Z,PSME,8,NA,ambient,drought,5,222.3,63,10
PSME9,2025-09-22T07:00:00Z,PSME,9,NA,ambient,drought,5,225,63,10
PSME10,2025-09-22T07:00:00Z,PSME,10,NA,ambient,drought,5,211.3,63,10
PSME11,2025-09-22T07:00:00Z,PSME,11,NA,ambient,drought,5,217.1,63,10
PSME12,2025-09-22T07:00:00Z,PSME,12,NA,ambient,water,5,518.3,63,10
PSME13,2025-09-22T07:00:00Z,PSME,13,NA,ambient,drought,5,264.1,63,10
PSME14,2025-09-22T07:00:00Z,PSME,14,NA,ambient,drought,5,233.5,63,10
PSME15,2025-09-22T07:00:00Z,PSME,15,NA,ambient,drought,5,217,63,10
PSME16,2025-09-22T07:00:00Z,PSME,16,NA,ambient,drought,5,225.7,63,10
PSME17,2025-09-22T07:00:00Z,PSME,17,NA,ambient,water,5,523.8,63,10
PSME18,2025-09-22T07:00:00Z,PSME,18,NA,ambient,drought,5,241.6,63,10
PSME19,2025-09-22T07:00:00Z,PSME,19,NA,ambient,drought,5,247.1,63,10
PSME20,2025-09-22T07:00:00Z,PSME,20,NA,ambient,drought,5,222.2,63,10
PSME21,2025-09-22T07:00:00Z,PSME,21,NA,ambient,drought,5,212,63,10
PSME22,2025-09-22T07:00:00Z,PSME,22,NA,ambient,water,5,555.6,63,10
PSME23,2025-09-22T07:00:00Z,PSME,23,NA,ambient,drought,5,230.6,63,10
PSME24,2025-09-22T07:00:00Z,PSME,24,NA,ambient,drought,5,238.9,63,10
PSME25,2025-09-22T07:00:00Z,PSME,25,NA,ambient,drought,5,216.3,63,10
PSME26,2025-09-22T07:00:00Z,PSME,26,NA,ambient,drought,5,214.1,63,10
PSME27,2025-09-22T07:00:00Z,PSME,27,NA,ambient,water,5,501.7,63,10
PSME28,2025-09-22T07:00:00Z,PSME,28,NA,ambient,drought,5,208.1,63,10
PSME29,2025-09-22T07:00:00Z,PSME,29,NA,ambient,drought,5,225.3,63,10
PSME30,2025-09-22T07:00:00Z,PSME,30,NA,ambient,drought,5,209.3,63,10
PSME31,2025-09-22T07:00:00Z,PSME,31,NA,heatwave,water,5,413.6,63,10
PSME32,2025-09-22T07:00:00Z,PSME,32,NA,heatwave,drought,5,207.6,63,10
PSME33,2025-09-22T07:00:00Z,PSME,33,NA,heatwave,drought,5,229.8,63,10
PSME34,2025-09-22T07:00:00Z,PSME,34,NA,heatwave,drought,5,255.6,63,10
PSME35,2025-09-22T07:00:00Z,PSME,35,NA,heatwave,drought,5,236,63,10
PSME36,2025-09-22T07:00:00Z,PSME,36,NA,heatwave,drought,5,221.7,63,10
PSME37,2025-09-22T07:00:00Z,PSME,37,NA,heatwave,water,5,488.4,63,10
PSME38,2025-09-22T07:00:00Z,PSME,38,NA,heatwave,drought,5,218.3,63,10
PSME39,2025-09-22T07:00:00Z,PSME,39,NA,heatwave,drought,5,207.2,63,10
PSME40,2025-09-22T07:00:00Z,PSME,40,NA,heatwave,drought,5,211.2,63,10
PSME41,2025-09-22T07:00:00Z,PSME,41,NA,heatwave,drought,5,209.3,63,10
PSME42,2025-09-22T07:00:00Z,PSME,42,NA,heatwave,drought,5,220.5,63,10
PSME43,2025-09-22T07:00:00Z,PSME,43,NA,heatwave,drought,5,217.8,63,10
PSME44,2025-09-22T07:00:00Z,PSME,44,NA,heatwave,drought,5,213,63,10
PSME45,2025-09-22T07:00:00Z,PSME,45,NA,heatwave,water,5,511.8,63,10
PSME46,2025-09-22T07:00:00Z,PSME,46,NA,heatwave,drought,5,240.8,63,10
PSME47,2025-09-22T07:00:00Z,PSME,47,NA,heatwave,drought,5,212,63,10
PSME48,2025-09-22T07:00:00Z,PSME,48,NA,heatwave,water,5,527.2,63,10
PSME49,2025-09-22T07:00:00Z,PSME,49,NA,heatwave,drought,5,208.9,63,10
PSME50,2025-09-22T07:00:00Z,PSME,50,NA,heatwave,drought,5,212.6,63,10
PSME51,2025-09-22T07:00:00Z,PSME,51,NA,heatwave,drought,5,225.8,63,10
PSME52,2025-09-22T07:00:00Z,PSME,52,NA,heatwave,drought,5,263.6,63,10
PSME53,2025-09-22T07:00:00Z,PSME,53,NA,heatwave,drought,5,212.1,63,10
PSME54,2025-09-22T07:00:00Z,PSME,54,NA,heatwave,drought,5,211.8,63,10
PSME55,2025-09-22T07:00:00Z,PSME,55,NA,heatwave,drought,5,209.5,63,10
PSME56,2025-09-22T07:00:00Z,PSME,56,NA,heatwave,drought,5,208.4,63,10
PSME57,2025-09-22T07:00:00Z,PSME,57,NA,heatwave,water,5,512.6,63,10
PSME58,2025-09-22T07:00:00Z,PSME,58,NA,heatwave,drought,5,213.4,63,10
PSME59,2025-09-22T07:00:00Z,PSME,59,NA,heatwave,drought,5,215.2,63,10
PSME60,2025-09-22T07:00:00Z,PSME,60,NA,heatwave,drought,5,220,63,10
PSME1,2025-09-29T07:00:00Z,PSME,1,NA,ambient,drought,5,221.6,70,11
PSME2,2025-09-29T07:00:00Z,PSME,2,NA,ambient,drought,5,224.3,70,11
PSME3,2025-09-29T07:00:00Z,PSME,3,3.8,ambient,water,5,535,70,11
PSME4,2025-09-29T07:00:00Z,PSME,4,NA,ambient,drought,5,238.1,70,11
PSME5,2025-09-29T07:00:00Z,PSME,5,NA,ambient,drought,5,289.2,70,11
PSME6,2025-09-29T07:00:00Z,PSME,6,3.3,ambient,drought,5,234.9,70,11
PSME7,2025-09-29T07:00:00Z,PSME,7,NA,ambient,drought,5,214.1,70,11
PSME8,2025-09-29T07:00:00Z,PSME,8,NA,ambient,drought,5,216.5,70,11
PSME9,2025-09-29T07:00:00Z,PSME,9,NA,ambient,drought,5,219.3,70,11
PSME10,2025-09-29T07:00:00Z,PSME,10,NA,ambient,drought,5,205.6,70,11
PSME11,2025-09-29T07:00:00Z,PSME,11,NA,ambient,drought,5,212.5,70,11
PSME12,2025-09-29T07:00:00Z,PSME,12,4.8,ambient,water,5,518.5,70,11
PSME13,2025-09-29T07:00:00Z,PSME,13,NA,ambient,drought,5,249.5,70,11
PSME14,2025-09-29T07:00:00Z,PSME,14,NA,ambient,drought,5,224.3,70,11
PSME15,2025-09-29T07:00:00Z,PSME,15,4.5,ambient,drought,5,213.2,70,11
PSME16,2025-09-29T07:00:00Z,PSME,16,NA,ambient,drought,5,219.5,70,11
PSME17,2025-09-29T07:00:00Z,PSME,17,4.9,ambient,water,5,517.5,70,11
PSME18,2025-09-29T07:00:00Z,PSME,18,NA,ambient,drought,5,229.9,70,11
PSME19,2025-09-29T07:00:00Z,PSME,19,NA,ambient,drought,5,237,70,11
PSME20,2025-09-29T07:00:00Z,PSME,20,3.7,ambient,drought,5,216.8,70,11
PSME21,2025-09-29T07:00:00Z,PSME,21,NA,ambient,drought,5,207.6,70,11
PSME22,2025-09-29T07:00:00Z,PSME,22,2.7,ambient,water,5,549.6,70,11
PSME23,2025-09-29T07:00:00Z,PSME,23,NA,ambient,drought,5,219.2,70,11
PSME24,2025-09-29T07:00:00Z,PSME,24,NA,ambient,drought,5,225.8,70,11
PSME25,2025-09-29T07:00:00Z,PSME,25,NA,ambient,drought,5,208.5,70,11
PSME26,2025-09-29T07:00:00Z,PSME,26,4.2,ambient,drought,5,209.6,70,11
PSME27,2025-09-29T07:00:00Z,PSME,27,4.9,ambient,water,5,506.7,70,11
PSME28,2025-09-29T07:00:00Z,PSME,28,NA,ambient,drought,5,204,70,11
PSME29,2025-09-29T07:00:00Z,PSME,29,NA,ambient,drought,5,219,70,11
PSME30,2025-09-29T07:00:00Z,PSME,30,3.2,ambient,drought,5,205.1,70,11
PSME31,2025-09-29T07:00:00Z,PSME,31,4.8,heatwave,water,5,409.3,70,11
PSME32,2025-09-29T07:00:00Z,PSME,32,NA,heatwave,drought,5,202.6,70,11
PSME33,2025-09-29T07:00:00Z,PSME,33,NA,heatwave,drought,5,221.3,70,11
PSME34,2025-09-29T07:00:00Z,PSME,34,NA,heatwave,drought,5,243.4,70,11
PSME35,2025-09-29T07:00:00Z,PSME,35,3.8,heatwave,drought,5,228.1,70,11
PSME36,2025-09-29T07:00:00Z,PSME,36,NA,heatwave,drought,5,215.9,70,11
PSME37,2025-09-29T07:00:00Z,PSME,37,4,heatwave,water,5,477.6,70,11
PSME38,2025-09-29T07:00:00Z,PSME,38,NA,heatwave,drought,5,212.9,70,11
PSME39,2025-09-29T07:00:00Z,PSME,39,NA,heatwave,drought,5,203.2,70,11
PSME40,2025-09-29T07:00:00Z,PSME,40,NA,heatwave,drought,5,207.3,70,11
PSME41,2025-09-29T07:00:00Z,PSME,41,NA,heatwave,drought,5,205.1,70,11
PSME42,2025-09-29T07:00:00Z,PSME,42,4.5,heatwave,drought,5,215.4,70,11
PSME43,2025-09-29T07:00:00Z,PSME,43,NA,heatwave,drought,5,213.4,70,11
PSME44,2025-09-29T07:00:00Z,PSME,44,NA,heatwave,drought,5,209.4,70,11
PSME45,2025-09-29T07:00:00Z,PSME,45,3.9,heatwave,water,5,506.9,70,11
PSME46,2025-09-29T07:00:00Z,PSME,46,3.4,heatwave,drought,5,231.3,70,11
PSME47,2025-09-29T07:00:00Z,PSME,47,NA,heatwave,drought,5,207.7,70,11
PSME48,2025-09-29T07:00:00Z,PSME,48,4.1,heatwave,water,5,517.2,70,11
PSME49,2025-09-29T07:00:00Z,PSME,49,NA,heatwave,drought,5,202.8,70,11
PSME50,2025-09-29T07:00:00Z,PSME,50,3.7,heatwave,drought,5,208.8,70,11
PSME51,2025-09-29T07:00:00Z,PSME,51,NA,heatwave,drought,5,219.2,70,11
PSME52,2025-09-29T07:00:00Z,PSME,52,NA,heatwave,drought,5,253,70,11
PSME53,2025-09-29T07:00:00Z,PSME,53,NA,heatwave,drought,5,207.2,70,11
PSME54,2025-09-29T07:00:00Z,PSME,54,NA,heatwave,drought,5,208.4,70,11
PSME55,2025-09-29T07:00:00Z,PSME,55,NA,heatwave,drought,5,205.9,70,11
PSME56,2025-09-29T07:00:00Z,PSME,56,NA,heatwave,drought,5,204.3,70,11
PSME57,2025-09-29T07:00:00Z,PSME,57,4.3,heatwave,water,5,494.8,70,11
PSME58,2025-09-29T07:00:00Z,PSME,58,3.3,heatwave,drought,5,210.1,70,11
PSME59,2025-09-29T07:00:00Z,PSME,59,NA,heatwave,drought,5,211.4,70,11
PSME60,2025-09-29T07:00:00Z,PSME,60,NA,heatwave,drought,5,213.3,70,11
PSME1,2025-10-06T07:00:00Z,PSME,1,NA,ambient,drought,5,214.5,77,12
PSME2,2025-10-06T07:00:00Z,PSME,2,NA,ambient,drought,5,216.1,77,12
PSME3,2025-10-06T07:00:00Z,PSME,3,NA,ambient,water,5,503.4,77,12
PSME4,2025-10-06T07:00:00Z,PSME,4,NA,ambient,drought,5,228.1,77,12
PSME5,2025-10-06T07:00:00Z,PSME,5,NA,ambient,drought,5,273.3,77,12
PSME6,2025-10-06T07:00:00Z,PSME,6,NA,ambient,drought,5,222.1,77,12
PSME7,2025-10-06T07:00:00Z,PSME,7,NA,ambient,drought,5,207.3,77,12
PSME8,2025-10-06T07:00:00Z,PSME,8,NA,ambient,drought,5,209.1,77,12
PSME9,2025-10-06T07:00:00Z,PSME,9,NA,ambient,drought,5,211.5,77,12
PSME10,2025-10-06T07:00:00Z,PSME,10,NA,ambient,drought,5,198.7,77,12
PSME11,2025-10-06T07:00:00Z,PSME,11,NA,ambient,drought,5,205.9,77,12
PSME12,2025-10-06T07:00:00Z,PSME,12,NA,ambient,water,5,454.3,77,12
PSME13,2025-10-06T07:00:00Z,PSME,13,NA,ambient,drought,5,233.1,77,12
PSME14,2025-10-06T07:00:00Z,PSME,14,NA,ambient,drought,5,215,77,12
PSME15,2025-10-06T07:00:00Z,PSME,15,NA,ambient,drought,5,206.8,77,12
PSME16,2025-10-06T07:00:00Z,PSME,16,NA,ambient,drought,5,212.4,77,12
PSME17,2025-10-06T07:00:00Z,PSME,17,NA,ambient,water,5,485.1,77,12
PSME18,2025-10-06T07:00:00Z,PSME,18,NA,ambient,drought,5,218.2,77,12
PSME19,2025-10-06T07:00:00Z,PSME,19,NA,ambient,drought,5,226,77,12
PSME20,2025-10-06T07:00:00Z,PSME,20,NA,ambient,drought,5,208.9,77,12
PSME21,2025-10-06T07:00:00Z,PSME,21,NA,ambient,drought,5,200.2,77,12
PSME22,2025-10-06T07:00:00Z,PSME,22,NA,ambient,water,5,528.8,77,12
PSME23,2025-10-06T07:00:00Z,PSME,23,NA,ambient,drought,5,207.2,77,12
PSME24,2025-10-06T07:00:00Z,PSME,24,NA,ambient,drought,5,213.6,77,12
PSME25,2025-10-06T07:00:00Z,PSME,25,NA,ambient,drought,5,200.2,77,12
PSME26,2025-10-06T07:00:00Z,PSME,26,NA,ambient,drought,5,202.2,77,12
PSME27,2025-10-06T07:00:00Z,PSME,27,NA,ambient,water,5,431.1,77,12
PSME28,2025-10-06T07:00:00Z,PSME,28,NA,ambient,drought,5,196.8,77,12
PSME29,2025-10-06T07:00:00Z,PSME,29,NA,ambient,drought,5,210.7,77,12
PSME30,2025-10-06T07:00:00Z,PSME,30,NA,ambient,drought,5,197.9,77,12
PSME31,2025-10-06T07:00:00Z,PSME,31,NA,heatwave,water,5,356.4,77,12
PSME32,2025-10-06T07:00:00Z,PSME,32,NA,heatwave,drought,5,197.1,77,12
PSME33,2025-10-06T07:00:00Z,PSME,33,NA,heatwave,drought,5,213.4,77,12
PSME34,2025-10-06T07:00:00Z,PSME,34,NA,heatwave,drought,5,232.6,77,12
PSME35,2025-10-06T07:00:00Z,PSME,35,NA,heatwave,drought,5,220.7,77,12
PSME36,2025-10-06T07:00:00Z,PSME,36,NA,heatwave,drought,5,209.5,77,12
PSME37,2025-10-06T07:00:00Z,PSME,37,NA,heatwave,water,5,428,77,12
PSME38,2025-10-06T07:00:00Z,PSME,38,NA,heatwave,drought,5,206.6,77,12
PSME39,2025-10-06T07:00:00Z,PSME,39,NA,heatwave,drought,5,197.9,77,12
PSME40,2025-10-06T07:00:00Z,PSME,40,NA,heatwave,drought,5,202.2,77,12
PSME41,2025-10-06T07:00:00Z,PSME,41,NA,heatwave,drought,5,200,77,12
PSME42,2025-10-06T07:00:00Z,PSME,42,NA,heatwave,drought,5,210,77,12
PSME43,2025-10-06T07:00:00Z,PSME,43,NA,heatwave,drought,5,207.7,77,12
PSME44,2025-10-06T07:00:00Z,PSME,44,NA,heatwave,drought,5,205.1,77,12
PSME45,2025-10-06T07:00:00Z,PSME,45,NA,heatwave,water,5,496.6,77,12
PSME46,2025-10-06T07:00:00Z,PSME,46,NA,heatwave,drought,5,222.6,77,12
PSME47,2025-10-06T07:00:00Z,PSME,47,NA,heatwave,drought,17.5,203.1,77,12
PSME48,2025-10-06T07:00:00Z,PSME,48,NA,heatwave,water,5,506.2,77,12
PSME49,2025-10-06T07:00:00Z,PSME,49,NA,heatwave,drought,5,197.2,77,12
PSME50,2025-10-06T07:00:00Z,PSME,50,NA,heatwave,drought,5,206.3,77,12
PSME51,2025-10-06T07:00:00Z,PSME,51,NA,heatwave,drought,5,213,77,12
PSME52,2025-10-06T07:00:00Z,PSME,52,NA,heatwave,drought,5,241.4,77,12
PSME53,2025-10-06T07:00:00Z,PSME,53,NA,heatwave,drought,5,201.5,77,12
PSME54,2025-10-06T07:00:00Z,PSME,54,NA,heatwave,drought,5,204,77,12
PSME55,2025-10-06T07:00:00Z,PSME,55,NA,heatwave,drought,5,201.3,77,12
PSME56,2025-10-06T07:00:00Z,PSME,56,NA,heatwave,drought,5,199.5,77,12
PSME57,2025-10-06T07:00:00Z,PSME,57,NA,heatwave,water,5,476,77,12
PSME58,2025-10-06T07:00:00Z,PSME,58,NA,heatwave,drought,5,204.6,77,12
PSME59,2025-10-06T07:00:00Z,PSME,59,NA,heatwave,drought,5,206.6,77,12
PSME60,2025-10-06T07:00:00Z,PSME,60,NA,heatwave,drought,5,207.7,77,12
PSME1,2025-10-13T07:00:00Z,PSME,1,NA,ambient,drought,5,211.7,84,13
PSME2,2025-10-13T07:00:00Z,PSME,2,NA,ambient,drought,5,212.5,84,13
PSME3,2025-10-13T07:00:00Z,PSME,3,NA,ambient,water,5,521.3,84,13
PSME4,2025-10-13T07:00:00Z,PSME,4,NA,ambient,drought,5,223.3,84,13
PSME5,2025-10-13T07:00:00Z,PSME,5,NA,ambient,drought,5,263.7,84,13
PSME6,2025-10-13T07:00:00Z,PSME,6,NA,ambient,drought,5,215.1,84,13
PSME7,2025-10-13T07:00:00Z,PSME,7,NA,ambient,drought,5,205.2,84,13
PSME8,2025-10-13T07:00:00Z,PSME,8,NA,ambient,drought,5,206,84,13
PSME9,2025-10-13T07:00:00Z,PSME,9,NA,ambient,drought,5,208.4,84,13
PSME10,2025-10-13T07:00:00Z,PSME,10,NA,ambient,drought,62.5,197.5,84,13
PSME11,2025-10-13T07:00:00Z,PSME,11,NA,ambient,drought,5,203.2,84,13
PSME12,2025-10-13T07:00:00Z,PSME,12,NA,ambient,water,5,468,84,13
PSME13,2025-10-13T07:00:00Z,PSME,13,NA,ambient,drought,5,225,84,13
PSME14,2025-10-13T07:00:00Z,PSME,14,NA,ambient,drought,17.5,211.2,84,13
PSME15,2025-10-13T07:00:00Z,PSME,15,NA,ambient,drought,5,204.7,84,13
PSME16,2025-10-13T07:00:00Z,PSME,16,NA,ambient,drought,5,209.5,84,13
PSME17,2025-10-13T07:00:00Z,PSME,17,NA,ambient,water,5,524.5,84,13
PSME18,2025-10-13T07:00:00Z,PSME,18,NA,ambient,drought,5,213.4,84,13
PSME19,2025-10-13T07:00:00Z,PSME,19,NA,ambient,drought,5,221.2,84,13
PSME20,2025-10-13T07:00:00Z,PSME,20,NA,ambient,drought,5,206.1,84,13
PSME21,2025-10-13T07:00:00Z,PSME,21,NA,ambient,drought,5,197.5,84,13
PSME22,2025-10-13T07:00:00Z,PSME,22,NA,ambient,water,37.5,560,84,13
PSME23,2025-10-13T07:00:00Z,PSME,23,NA,ambient,drought,5,205.7,84,13
PSME24,2025-10-13T07:00:00Z,PSME,24,NA,ambient,drought,5,209,84,13
PSME25,2025-10-13T07:00:00Z,PSME,25,NA,ambient,drought,5,197.4,84,13
PSME26,2025-10-13T07:00:00Z,PSME,26,NA,ambient,drought,62.5,200.8,84,13
PSME27,2025-10-13T07:00:00Z,PSME,27,NA,ambient,water,5,413.2,84,13
PSME28,2025-10-13T07:00:00Z,PSME,28,NA,ambient,drought,5,195.1,84,13
PSME29,2025-10-13T07:00:00Z,PSME,29,NA,ambient,drought,5,208,84,13
PSME30,2025-10-13T07:00:00Z,PSME,30,NA,ambient,drought,5,195.8,84,13
PSME31,2025-10-13T07:00:00Z,PSME,31,NA,heatwave,water,5,360.6,84,13
PSME32,2025-10-13T07:00:00Z,PSME,32,NA,heatwave,drought,5,194.7,84,13
PSME33,2025-10-13T07:00:00Z,PSME,33,NA,heatwave,drought,5,209.7,84,13
PSME34,2025-10-13T07:00:00Z,PSME,34,NA,heatwave,drought,5,226.1,84,13
PSME35,2025-10-13T07:00:00Z,PSME,35,NA,heatwave,drought,5,217,84,13
PSME36,2025-10-13T07:00:00Z,PSME,36,NA,heatwave,drought,5,206.3,84,13
PSME37,2025-10-13T07:00:00Z,PSME,37,NA,heatwave,water,5,423.8,84,13
PSME38,2025-10-13T07:00:00Z,PSME,38,NA,heatwave,drought,5,204.1,84,13
PSME39,2025-10-13T07:00:00Z,PSME,39,NA,heatwave,drought,5,195.1,84,13
PSME40,2025-10-13T07:00:00Z,PSME,40,NA,heatwave,drought,5,200.3,84,13
PSME41,2025-10-13T07:00:00Z,PSME,41,NA,heatwave,drought,5,198.3,84,13
PSME42,2025-10-13T07:00:00Z,PSME,42,NA,heatwave,drought,5,207.3,84,13
PSME43,2025-10-13T07:00:00Z,PSME,43,NA,heatwave,drought,5,205.3,84,13
PSME44,2025-10-13T07:00:00Z,PSME,44,NA,heatwave,drought,5,203.5,84,13
PSME45,2025-10-13T07:00:00Z,PSME,45,NA,heatwave,water,5,513.7,84,13
PSME46,2025-10-13T07:00:00Z,PSME,46,NA,heatwave,drought,5,218,84,13
PSME47,2025-10-13T07:00:00Z,PSME,47,NA,heatwave,drought,5,201.4,84,13
PSME48,2025-10-13T07:00:00Z,PSME,48,NA,heatwave,water,5,526.9,84,13
PSME49,2025-10-13T07:00:00Z,PSME,49,NA,heatwave,drought,5,194.6,84,13
PSME50,2025-10-13T07:00:00Z,PSME,50,NA,heatwave,drought,5,204,84,13
PSME51,2025-10-13T07:00:00Z,PSME,51,NA,heatwave,drought,5,210.5,84,13
PSME52,2025-10-13T07:00:00Z,PSME,52,NA,heatwave,drought,5,234.5,84,13
PSME53,2025-10-13T07:00:00Z,PSME,53,NA,heatwave,drought,5,198.9,84,13
PSME54,2025-10-13T07:00:00Z,PSME,54,NA,heatwave,drought,5,202,84,13
PSME55,2025-10-13T07:00:00Z,PSME,55,NA,heatwave,drought,5,199.2,84,13
PSME56,2025-10-13T07:00:00Z,PSME,56,NA,heatwave,drought,5,197.6,84,13
PSME57,2025-10-13T07:00:00Z,PSME,57,NA,heatwave,water,5,454.7,84,13
PSME58,2025-10-13T07:00:00Z,PSME,58,NA,heatwave,drought,5,202.3,84,13
PSME59,2025-10-13T07:00:00Z,PSME,59,NA,heatwave,drought,5,204.1,84,13
PSME60,2025-10-13T07:00:00Z,PSME,60,NA,heatwave,drought,5,205.1,84,13
PSME1,2025-10-20T07:00:00Z,PSME,1,NA,ambient,drought,5,206.3,91,14
PSME2,2025-10-20T07:00:00Z,PSME,2,NA,ambient,drought,5,206.6,91,14
PSME3,2025-10-20T07:00:00Z,PSME,3,NA,ambient,water,5,509.2,91,14
PSME4,2025-10-20T07:00:00Z,PSME,4,NA,ambient,drought,5,216.7,91,14
PSME5,2025-10-20T07:00:00Z,PSME,5,NA,ambient,drought,5,252.6,91,14
PSME6,2025-10-20T07:00:00Z,PSME,6,NA,ambient,drought,5,207.1,91,14
PSME7,2025-10-20T07:00:00Z,PSME,7,NA,ambient,drought,17.5,201,91,14
PSME8,2025-10-20T07:00:00Z,PSME,8,NA,ambient,drought,5,201.5,91,14
PSME9,2025-10-20T07:00:00Z,PSME,9,NA,ambient,drought,5,203.8,91,14
PSME10,2025-10-20T07:00:00Z,PSME,10,NA,ambient,drought,95,194.1,91,14
PSME11,2025-10-20T07:00:00Z,PSME,11,NA,ambient,drought,5,198.9,91,14
PSME12,2025-10-20T07:00:00Z,PSME,12,NA,ambient,water,5,446.5,91,14
PSME13,2025-10-20T07:00:00Z,PSME,13,NA,ambient,drought,5,216,91,14
PSME14,2025-10-20T07:00:00Z,PSME,14,NA,ambient,drought,17.5,206,91,14
PSME15,2025-10-20T07:00:00Z,PSME,15,NA,ambient,drought,62.5,201.2,91,14
PSME16,2025-10-20T07:00:00Z,PSME,16,NA,ambient,drought,5,204.8,91,14
PSME17,2025-10-20T07:00:00Z,PSME,17,NA,ambient,water,5,500.5,91,14
PSME18,2025-10-20T07:00:00Z,PSME,18,NA,ambient,drought,5,207.6,91,14
PSME19,2025-10-20T07:00:00Z,PSME,19,NA,ambient,drought,5,215.4,91,14
PSME20,2025-10-20T07:00:00Z,PSME,20,NA,ambient,drought,17.5,201.9,91,14
PSME21,2025-10-20T07:00:00Z,PSME,21,NA,ambient,drought,5,192.7,91,14
PSME23,2025-10-20T07:00:00Z,PSME,23,NA,ambient,drought,5,196.1,91,14
PSME24,2025-10-20T07:00:00Z,PSME,24,NA,ambient,drought,5,202.5,91,14
PSME25,2025-10-20T07:00:00Z,PSME,25,NA,ambient,drought,5,192.3,91,14
PSME26,2025-10-20T07:00:00Z,PSME,26,NA,ambient,drought,95,197.2,91,14
PSME27,2025-10-20T07:00:00Z,PSME,27,NA,ambient,water,5,386.3,91,14
PSME28,2025-10-20T07:00:00Z,PSME,28,NA,ambient,drought,37.5,191.1,91,14
PSME29,2025-10-20T07:00:00Z,PSME,29,NA,ambient,drought,5,202.9,91,14
PSME30,2025-10-20T07:00:00Z,PSME,30,NA,ambient,drought,5,191.7,91,14
PSME31,2025-10-20T07:00:00Z,PSME,31,NA,heatwave,water,5,364.7,91,14
PSME32,2025-10-20T07:00:00Z,PSME,32,NA,heatwave,drought,5,189.9,91,14
PSME33,2025-10-20T07:00:00Z,PSME,33,NA,heatwave,drought,5,203.6,91,14
PSME34,2025-10-20T07:00:00Z,PSME,34,NA,heatwave,drought,5,217.3,91,14
PSME35,2025-10-20T07:00:00Z,PSME,35,NA,heatwave,drought,5,211.3,91,14
PSME36,2025-10-20T07:00:00Z,PSME,36,NA,heatwave,drought,5,200.9,91,14
PSME37,2025-10-20T07:00:00Z,PSME,37,NA,heatwave,water,5,384.7,91,14
PSME38,2025-10-20T07:00:00Z,PSME,38,NA,heatwave,drought,5,199.3,91,14
PSME39,2025-10-20T07:00:00Z,PSME,39,NA,heatwave,drought,5,191.4,91,14
PSME40,2025-10-20T07:00:00Z,PSME,40,NA,heatwave,drought,5,195.7,91,14
PSME41,2025-10-20T07:00:00Z,PSME,41,NA,heatwave,drought,5,194.3,91,14
PSME42,2025-10-20T07:00:00Z,PSME,42,NA,heatwave,drought,5,202.2,91,14
PSME43,2025-10-20T07:00:00Z,PSME,43,NA,heatwave,drought,5,200.2,91,14
PSME44,2025-10-20T07:00:00Z,PSME,44,NA,heatwave,drought,17.5,199.5,91,14
PSME45,2025-10-20T07:00:00Z,PSME,45,NA,heatwave,water,5,496.6,91,14
PSME46,2025-10-20T07:00:00Z,PSME,46,NA,heatwave,drought,5,211.4,91,14
PSME47,2025-10-20T07:00:00Z,PSME,47,NA,heatwave,drought,17.5,197,91,14
PSME48,2025-10-20T07:00:00Z,PSME,48,NA,heatwave,water,5,495.9,91,14
PSME49,2025-10-20T07:00:00Z,PSME,49,NA,heatwave,drought,17.5,190.2,91,14
PSME50,2025-10-20T07:00:00Z,PSME,50,NA,heatwave,drought,37.5,200.1,91,14
PSME51,2025-10-20T07:00:00Z,PSME,51,NA,heatwave,drought,5,205.5,91,14
PSME52,2025-10-20T07:00:00Z,PSME,52,NA,heatwave,drought,5,225,91,14
PSME53,2025-10-20T07:00:00Z,PSME,53,NA,heatwave,drought,5,194.3,91,14
PSME54,2025-10-20T07:00:00Z,PSME,54,NA,heatwave,drought,5,197.9,91,14
PSME55,2025-10-20T07:00:00Z,PSME,55,NA,heatwave,drought,5,194.8,91,14
PSME56,2025-10-20T07:00:00Z,PSME,56,NA,heatwave,drought,5,193,91,14
PSME57,2025-10-20T07:00:00Z,PSME,57,NA,heatwave,water,5,428.6,91,14
PSME58,2025-10-20T07:00:00Z,PSME,58,NA,heatwave,drought,17.5,198,91,14
PSME59,2025-10-20T07:00:00Z,PSME,59,NA,heatwave,drought,5,199.6,91,14
PSME60,2025-10-20T07:00:00Z,PSME,60,NA,heatwave,drought,5,200.8,91,14
PSME1,2025-10-27T07:00:00Z,PSME,1,NA,ambient,drought,5,200.9,98,15
PSME2,2025-10-27T07:00:00Z,PSME,2,NA,ambient,drought,5,200.6,98,15
PSME3,2025-10-27T07:00:00Z,PSME,3,NA,ambient,water,5,491.1,98,15
PSME4,2025-10-27T07:00:00Z,PSME,4,NA,ambient,drought,5,209.2,98,15
PSME5,2025-10-27T07:00:00Z,PSME,5,NA,ambient,drought,5,241.5,98,15
PSME6,2025-10-27T07:00:00Z,PSME,6,NA,ambient,drought,5,198.2,98,15
PSME7,2025-10-27T07:00:00Z,PSME,7,NA,ambient,drought,17.5,197,98,15
PSME8,2025-10-27T07:00:00Z,PSME,8,NA,ambient,drought,5,197,98,15
PSME9,2025-10-27T07:00:00Z,PSME,9,NA,ambient,drought,5,199.4,98,15
PSME10,2025-10-27T07:00:00Z,PSME,10,NA,ambient,drought,95,190.6,98,15
PSME11,2025-10-27T07:00:00Z,PSME,11,NA,ambient,drought,5,194.1,98,15
PSME12,2025-10-27T07:00:00Z,PSME,12,NA,ambient,water,5,438.9,98,15
PSME13,2025-10-27T07:00:00Z,PSME,13,NA,ambient,drought,17.5,208,98,15
PSME14,2025-10-27T07:00:00Z,PSME,14,NA,ambient,drought,5,200.4,98,15
PSME15,2025-10-27T07:00:00Z,PSME,15,NA,ambient,drought,37.5,197.7,98,15
PSME16,2025-10-27T07:00:00Z,PSME,16,NA,ambient,drought,5,199.9,98,15
PSME17,2025-10-27T07:00:00Z,PSME,17,NA,ambient,water,5,486,98,15
PSME18,2025-10-27T07:00:00Z,PSME,18,NA,ambient,drought,5,201.1,98,15
PSME19,2025-10-27T07:00:00Z,PSME,19,NA,ambient,drought,5,208.7,98,15
PSME20,2025-10-27T07:00:00Z,PSME,20,NA,ambient,drought,37.5,198,98,15
PSME21,2025-10-27T07:00:00Z,PSME,21,NA,ambient,drought,5,197.9,98,15
PSME23,2025-10-27T07:00:00Z,PSME,23,NA,ambient,drought,5,188.9,98,15
PSME24,2025-10-27T07:00:00Z,PSME,24,NA,ambient,drought,5,195.3,98,15
PSME25,2025-10-27T07:00:00Z,PSME,25,NA,ambient,drought,5,186.6,98,15
PSME26,2025-10-27T07:00:00Z,PSME,26,NA,ambient,drought,82.5,193.8,98,15
PSME27,2025-10-27T07:00:00Z,PSME,27,NA,ambient,water,5,391.8,98,15
PSME28,2025-10-27T07:00:00Z,PSME,28,NA,ambient,drought,37.5,187.5,98,15
PSME29,2025-10-27T07:00:00Z,PSME,29,NA,ambient,drought,17.5,197.2,98,15
PSME30,2025-10-27T07:00:00Z,PSME,30,NA,ambient,drought,5,187.5,98,15
PSME31,2025-10-27T07:00:00Z,PSME,31,NA,heatwave,water,5,438,98,15
PSME32,2025-10-27T07:00:00Z,PSME,32,NA,heatwave,drought,5,186.2,98,15
PSME33,2025-10-27T07:00:00Z,PSME,33,NA,heatwave,drought,5,198,98,15
PSME34,2025-10-27T07:00:00Z,PSME,34,NA,heatwave,drought,5,209.9,98,15
PSME35,2025-10-27T07:00:00Z,PSME,35,NA,heatwave,drought,5,205.2,98,15
PSME36,2025-10-27T07:00:00Z,PSME,36,NA,heatwave,drought,5,196.3,98,15
PSME37,2025-10-27T07:00:00Z,PSME,37,NA,heatwave,water,5,453.3,98,15
PSME38,2025-10-27T07:00:00Z,PSME,38,NA,heatwave,drought,17.5,195.8,98,15
PSME39,2025-10-27T07:00:00Z,PSME,39,NA,heatwave,drought,5,188,98,15
PSME40,2025-10-27T07:00:00Z,PSME,40,NA,heatwave,drought,37.5,192,98,15
PSME41,2025-10-27T07:00:00Z,PSME,41,NA,heatwave,drought,17.5,191.4,98,15
PSME42,2025-10-27T07:00:00Z,PSME,42,NA,heatwave,drought,5,197.2,98,15
PSME43,2025-10-27T07:00:00Z,PSME,43,NA,heatwave,drought,17.5,196,98,15
PSME44,2025-10-27T07:00:00Z,PSME,44,NA,heatwave,drought,17.5,196.1,98,15
PSME45,2025-10-27T07:00:00Z,PSME,45,NA,heatwave,water,5,499.5,98,15
PSME46,2025-10-27T07:00:00Z,PSME,46,NA,heatwave,drought,5,205.6,98,15
PSME47,2025-10-27T07:00:00Z,PSME,47,NA,heatwave,drought,62.5,193.4,98,15
PSME48,2025-10-27T07:00:00Z,PSME,48,NA,heatwave,water,5,495,98,15
PSME49,2025-10-27T07:00:00Z,PSME,49,NA,heatwave,drought,17.5,187.6,98,15
PSME50,2025-10-27T07:00:00Z,PSME,50,NA,heatwave,drought,62.5,196.8,98,15
PSME51,2025-10-27T07:00:00Z,PSME,51,NA,heatwave,drought,5,200.5,98,15
PSME52,2025-10-27T07:00:00Z,PSME,52,NA,heatwave,drought,5,216.1,98,15
PSME53,2025-10-27T07:00:00Z,PSME,53,NA,heatwave,drought,5,189.9,98,15
PSME54,2025-10-27T07:00:00Z,PSME,54,NA,heatwave,drought,17.5,194.2,98,15
PSME55,2025-10-27T07:00:00Z,PSME,55,NA,heatwave,drought,17.5,191,98,15
PSME56,2025-10-27T07:00:00Z,PSME,56,NA,heatwave,drought,5,189,98,15
PSME57,2025-10-27T07:00:00Z,PSME,57,NA,heatwave,water,5,424,98,15
PSME58,2025-10-27T07:00:00Z,PSME,58,NA,heatwave,drought,62.5,194.7,98,15
PSME59,2025-10-27T07:00:00Z,PSME,59,NA,heatwave,drought,17.5,195.8,98,15
PSME60,2025-10-27T07:00:00Z,PSME,60,NA,heatwave,drought,5,196.2,98,15
PSME1,2025-11-03T07:00:00Z,PSME,1,NA,ambient,drought,5,196.3,105,16
PSME2,2025-11-03T07:00:00Z,PSME,2,NA,ambient,drought,5,196.2,105,16
PSME3,2025-11-03T07:00:00Z,PSME,3,NA,ambient,water,5,457.3,105,16
PSME4,2025-11-03T07:00:00Z,PSME,4,NA,ambient,drought,5,201.6,105,16
PSME5,2025-11-03T07:00:00Z,PSME,5,NA,ambient,drought,5,230.9,105,16
PSME6,2025-11-03T07:00:00Z,PSME,6,NA,ambient,drought,17.5,189.5,105,16
PSME7,2025-11-03T07:00:00Z,PSME,7,NA,ambient,drought,37.5,193.2,105,16
PSME8,2025-11-03T07:00:00Z,PSME,8,NA,ambient,drought,37.5,193.2,105,16
PSME9,2025-11-03T07:00:00Z,PSME,9,NA,ambient,drought,37.5,196.2,105,16
PSME10,2025-11-03T07:00:00Z,PSME,10,NA,ambient,drought,95,187.3,105,16
PSME11,2025-11-03T07:00:00Z,PSME,11,NA,ambient,drought,5,190.1,105,16
PSME12,2025-11-03T07:00:00Z,PSME,12,NA,ambient,water,5,421,105,16
PSME13,2025-11-03T07:00:00Z,PSME,13,NA,ambient,drought,17.5,200.9,105,16
PSME14,2025-11-03T07:00:00Z,PSME,14,NA,ambient,drought,17.5,196,105,16
PSME15,2025-11-03T07:00:00Z,PSME,15,NA,ambient,drought,37.5,194.4,105,16
PSME16,2025-11-03T07:00:00Z,PSME,16,NA,ambient,drought,17.5,196,105,16
PSME17,2025-11-03T07:00:00Z,PSME,17,NA,ambient,water,5,469.3,105,16
PSME18,2025-11-03T07:00:00Z,PSME,18,NA,ambient,drought,17.5,195.7,105,16
PSME19,2025-11-03T07:00:00Z,PSME,19,NA,ambient,drought,5,202.3,105,16
PSME20,2025-11-03T07:00:00Z,PSME,20,NA,ambient,drought,37.5,194.6,105,16
PSME21,2025-11-03T07:00:00Z,PSME,21,NA,ambient,drought,17.5,184.4,105,16
PSME23,2025-11-03T07:00:00Z,PSME,23,NA,ambient,drought,5,184.5,105,16
PSME24,2025-11-03T07:00:00Z,PSME,24,NA,ambient,drought,5,189.6,105,16
PSME25,2025-11-03T07:00:00Z,PSME,25,NA,ambient,drought,5,181.8,105,16
PSME26,2025-11-03T07:00:00Z,PSME,26,NA,ambient,drought,95,191,105,16
PSME27,2025-11-03T07:00:00Z,PSME,27,NA,ambient,water,5,412.2,105,16
PSME28,2025-11-03T07:00:00Z,PSME,28,NA,ambient,drought,62.5,184.8,105,16
PSME29,2025-11-03T07:00:00Z,PSME,29,NA,ambient,drought,17.5,193,105,16
PSME30,2025-11-03T07:00:00Z,PSME,30,NA,ambient,drought,17.5,184.5,105,16
PSME31,2025-11-03T07:00:00Z,PSME,31,NA,heatwave,water,5,397.8,105,16
PSME32,2025-11-03T07:00:00Z,PSME,32,NA,heatwave,drought,17.5,183,105,16
PSME33,2025-11-03T07:00:00Z,PSME,33,NA,heatwave,drought,5,193.2,105,16
PSME34,2025-11-03T07:00:00Z,PSME,34,NA,heatwave,drought,5,203.3,105,16
PSME35,2025-11-03T07:00:00Z,PSME,35,NA,heatwave,drought,5,200,105,16
PSME36,2025-11-03T07:00:00Z,PSME,36,NA,heatwave,drought,37.5,192.8,105,16
PSME37,2025-11-03T07:00:00Z,PSME,37,NA,heatwave,water,5,423.3,105,16
PSME38,2025-11-03T07:00:00Z,PSME,38,NA,heatwave,drought,62.5,192.8,105,16
PSME39,2025-11-03T07:00:00Z,PSME,39,NA,heatwave,drought,37.5,185.3,105,16
PSME40,2025-11-03T07:00:00Z,PSME,40,NA,heatwave,drought,37.5,189.3,105,16
PSME41,2025-11-03T07:00:00Z,PSME,41,NA,heatwave,drought,62.5,189,105,16
PSME42,2025-11-03T07:00:00Z,PSME,42,NA,heatwave,drought,17.5,193.4,105,16
PSME43,2025-11-03T07:00:00Z,PSME,43,NA,heatwave,drought,17.5,192.5,105,16
PSME44,2025-11-03T07:00:00Z,PSME,44,NA,heatwave,drought,37.5,193.2,105,16
PSME45,2025-11-03T07:00:00Z,PSME,45,NA,heatwave,water,5,480.3,105,16
PSME46,2025-11-03T07:00:00Z,PSME,46,NA,heatwave,drought,5,200.5,105,16
PSME47,2025-11-03T07:00:00Z,PSME,47,NA,heatwave,drought,62.5,190.5,105,16
PSME48,2025-11-03T07:00:00Z,PSME,48,NA,heatwave,water,5,485.2,105,16
PSME49,2025-11-03T07:00:00Z,PSME,49,NA,heatwave,drought,17.5,183.4,105,16
PSME50,2025-11-03T07:00:00Z,PSME,50,NA,heatwave,drought,82.5,193.9,105,16
PSME51,2025-11-03T07:00:00Z,PSME,51,NA,heatwave,drought,5,196.2,105,16
PSME52,2025-11-03T07:00:00Z,PSME,52,NA,heatwave,drought,5,208.9,105,16
PSME53,2025-11-03T07:00:00Z,PSME,53,NA,heatwave,drought,37.5,186.7,105,16
PSME54,2025-11-03T07:00:00Z,PSME,54,NA,heatwave,drought,17.5,191.1,105,16
PSME55,2025-11-03T07:00:00Z,PSME,55,NA,heatwave,drought,62.5,188.1,105,16
PSME56,2025-11-03T07:00:00Z,PSME,56,NA,heatwave,drought,17.5,186.1,105,16
PSME57,2025-11-03T07:00:00Z,PSME,57,NA,heatwave,water,5,467.2,105,16
PSME58,2025-11-03T07:00:00Z,PSME,58,NA,heatwave,drought,62.5,192,105,16
PSME59,2025-11-03T07:00:00Z,PSME,59,NA,heatwave,drought,62.5,193,105,16
PSME60,2025-11-03T07:00:00Z,PSME,60,NA,heatwave,drought,17.5,192.1,105,16
PSME1,2025-11-10T07:00:00Z,PSME,1,NA,ambient,drought,17.5,192.9,112,17
PSME2,2025-11-10T07:00:00Z,PSME,2,NA,ambient,drought,17.5,192.9,112,17
PSME3,2025-11-10T07:00:00Z,PSME,3,NA,ambient,water,5,417.1,112,17
PSME4,2025-11-10T07:00:00Z,PSME,4,NA,ambient,drought,17.5,194.7,112,17
PSME5,2025-11-10T07:00:00Z,PSME,5,NA,ambient,drought,5,221.8,112,17
PSME6,2025-11-10T07:00:00Z,PSME,6,NA,ambient,drought,5,183.8,112,17
PSME7,2025-11-10T07:00:00Z,PSME,7,NA,ambient,drought,37.5,190,112,17
PSME8,2025-11-10T07:00:00Z,PSME,8,NA,ambient,drought,37.5,190.3,112,17
PSME9,2025-11-10T07:00:00Z,PSME,9,NA,ambient,drought,37.5,192.9,112,17
PSME10,2025-11-10T07:00:00Z,PSME,10,NA,ambient,drought,95,184.5,112,17
PSME11,2025-11-10T07:00:00Z,PSME,11,NA,ambient,drought,17.5,186.8,112,17
PSME12,2025-11-10T07:00:00Z,PSME,12,NA,ambient,water,5,386.1,112,17
PSME13,2025-11-10T07:00:00Z,PSME,13,NA,ambient,drought,17.5,194.9,112,17
PSME14,2025-11-10T07:00:00Z,PSME,14,NA,ambient,drought,37.5,192.4,112,17
PSME15,2025-11-10T07:00:00Z,PSME,15,NA,ambient,drought,82.5,191.5,112,17
PSME16,2025-11-10T07:00:00Z,PSME,16,NA,ambient,drought,37.5,192.6,112,17
PSME17,2025-11-10T07:00:00Z,PSME,17,NA,ambient,water,5,426.2,112,17
PSME18,2025-11-10T07:00:00Z,PSME,18,NA,ambient,drought,37.5,191.5,112,17
PSME19,2025-11-10T07:00:00Z,PSME,19,NA,ambient,drought,17.5,196.8,112,17
PSME20,2025-11-10T07:00:00Z,PSME,20,NA,ambient,drought,62.5,191.7,112,17
PSME21,2025-11-10T07:00:00Z,PSME,21,NA,ambient,drought,62.5,181.8,112,17
PSME23,2025-11-10T07:00:00Z,PSME,23,NA,ambient,drought,17.5,181.3,112,17
PSME24,2025-11-10T07:00:00Z,PSME,24,NA,ambient,drought,17.5,185.7,112,17
PSME25,2025-11-10T07:00:00Z,PSME,25,NA,ambient,drought,17.5,178.4,112,17
PSME26,2025-11-10T07:00:00Z,PSME,26,NA,ambient,drought,95,188.4,112,17
PSME27,2025-11-10T07:00:00Z,PSME,27,NA,ambient,water,5,418.4,112,17
PSME28,2025-11-10T07:00:00Z,PSME,28,NA,ambient,drought,82.5,182.3,112,17
PSME29,2025-11-10T07:00:00Z,PSME,29,NA,ambient,drought,37.5,190.1,112,17
PSME30,2025-11-10T07:00:00Z,PSME,30,NA,ambient,drought,62.5,182.3,112,17
PSME31,2025-11-10T07:00:00Z,PSME,31,NA,heatwave,water,5,371.8,112,17
PSME32,2025-11-10T07:00:00Z,PSME,32,NA,heatwave,drought,62.5,180,112,17
PSME33,2025-11-10T07:00:00Z,PSME,33,NA,heatwave,drought,17.5,188.8,112,17
PSME34,2025-11-10T07:00:00Z,PSME,34,NA,heatwave,drought,5,196.7,112,17
PSME35,2025-11-10T07:00:00Z,PSME,35,NA,heatwave,drought,17.5,195.2,112,17
PSME36,2025-11-10T07:00:00Z,PSME,36,NA,heatwave,drought,62.5,189.7,112,17
PSME37,2025-11-10T07:00:00Z,PSME,37,NA,heatwave,water,5,381.8,112,17
PSME38,2025-11-10T07:00:00Z,PSME,38,NA,heatwave,drought,82.5,189.8,112,17
PSME39,2025-11-10T07:00:00Z,PSME,39,NA,heatwave,drought,62.5,182.5,112,17
PSME40,2025-11-10T07:00:00Z,PSME,40,NA,heatwave,drought,82.5,186,112,17
PSME41,2025-11-10T07:00:00Z,PSME,41,NA,heatwave,drought,95,186.2,112,17
PSME42,2025-11-10T07:00:00Z,PSME,42,NA,heatwave,drought,37.5,189.9,112,17
PSME43,2025-11-10T07:00:00Z,PSME,43,NA,heatwave,drought,37.5,188.9,112,17
PSME44,2025-11-10T07:00:00Z,PSME,44,NA,heatwave,drought,82.5,190.2,112,17
PSME45,2025-11-10T07:00:00Z,PSME,45,NA,heatwave,water,5,480.3,112,17
PSME46,2025-11-10T07:00:00Z,PSME,46,NA,heatwave,drought,5,195,112,17
PSME47,2025-11-10T07:00:00Z,PSME,47,NA,heatwave,drought,82.5,187.5,112,17
PSME48,2025-11-10T07:00:00Z,PSME,48,NA,heatwave,water,5,462,112,17
PSME49,2025-11-10T07:00:00Z,PSME,49,NA,heatwave,drought,37.5,180,112,17
PSME50,2025-11-10T07:00:00Z,PSME,50,NA,heatwave,drought,95,190.9,112,17
PSME51,2025-11-10T07:00:00Z,PSME,51,NA,heatwave,drought,17.5,191.8,112,17
PSME52,2025-11-10T07:00:00Z,PSME,52,NA,heatwave,drought,5,201.8,112,17
PSME53,2025-11-10T07:00:00Z,PSME,53,NA,heatwave,drought,37.5,183.4,112,17
PSME54,2025-11-10T07:00:00Z,PSME,54,NA,heatwave,drought,62.5,187.9,112,17
PSME55,2025-11-10T07:00:00Z,PSME,55,NA,heatwave,drought,82.5,185.2,112,17
PSME56,2025-11-10T07:00:00Z,PSME,56,NA,heatwave,drought,62.5,182.8,112,17
PSME57,2025-11-10T07:00:00Z,PSME,57,NA,heatwave,water,5,459.2,112,17
PSME58,2025-11-10T07:00:00Z,PSME,58,NA,heatwave,drought,82.5,189.1,112,17
PSME59,2025-11-10T07:00:00Z,PSME,59,NA,heatwave,drought,82.5,190,112,17
PSME60,2025-11-10T07:00:00Z,PSME,60,NA,heatwave,drought,17.5,187.9,112,17
PSME1,2025-11-21T07:00:00Z,PSME,1,NA,ambient,drought,62.5,190.6,123,18
PSME2,2025-11-21T07:00:00Z,PSME,2,NA,ambient,drought,37.5,190.6,123,18
PSME3,2025-11-21T07:00:00Z,PSME,3,NA,ambient,water,5,408.1,123,18
PSME4,2025-11-21T07:00:00Z,PSME,4,NA,ambient,drought,62.5,188.7,123,18
PSME5,2025-11-21T07:00:00Z,PSME,5,NA,ambient,drought,5,212.5,123,18
PSME6,2025-11-21T07:00:00Z,PSME,6,NA,ambient,drought,62.5,179.7,123,18
PSME7,2025-11-21T07:00:00Z,PSME,7,NA,ambient,drought,82.5,188,123,18
PSME8,2025-11-21T07:00:00Z,PSME,8,NA,ambient,drought,62.5,188.4,123,18
PSME9,2025-11-21T07:00:00Z,PSME,9,NA,ambient,drought,82.5,190.8,123,18
PSME10,2025-11-21T07:00:00Z,PSME,10,NA,ambient,drought,95,183.2,123,18
PSME11,2025-11-21T07:00:00Z,PSME,11,NA,ambient,drought,37.5,184.4,123,18
PSME12,2025-11-21T07:00:00Z,PSME,12,NA,ambient,water,5,333.6,123,18
PSME13,2025-11-21T07:00:00Z,PSME,13,NA,ambient,drought,62.5,190.2,123,18
PSME14,2025-11-21T07:00:00Z,PSME,14,NA,ambient,drought,82.5,189.8,123,18
PSME15,2025-11-21T07:00:00Z,PSME,15,NA,ambient,drought,82.5,189.7,123,18
PSME16,2025-11-21T07:00:00Z,PSME,16,NA,ambient,drought,62.5,190.1,123,18
PSME17,2025-11-21T07:00:00Z,PSME,17,NA,ambient,water,5,349.4,123,18
PSME18,2025-11-21T07:00:00Z,PSME,18,NA,ambient,drought,62.5,188.3,123,18
PSME19,2025-11-21T07:00:00Z,PSME,19,NA,ambient,drought,37.5,192.8,123,18
PSME20,2025-11-21T07:00:00Z,PSME,20,NA,ambient,drought,95,190.2,123,18
PSME21,2025-11-21T07:00:00Z,PSME,21,NA,ambient,drought,62.5,180.5,123,18
PSME23,2025-11-21T07:00:00Z,PSME,23,NA,ambient,drought,37.5,178.9,123,18
PSME24,2025-11-21T07:00:00Z,PSME,24,NA,ambient,drought,37.5,183,123,18
PSME25,2025-11-21T07:00:00Z,PSME,25,NA,ambient,drought,62.5,176.2,123,18
PSME26,2025-11-21T07:00:00Z,PSME,26,NA,ambient,drought,95,187,123,18
PSME27,2025-11-21T07:00:00Z,PSME,27,NA,ambient,water,5,404.9,123,18
PSME28,2025-11-21T07:00:00Z,PSME,28,NA,ambient,drought,82.5,181.4,123,18
PSME29,2025-11-21T07:00:00Z,PSME,29,NA,ambient,drought,82.5,188.4,123,18
PSME30,2025-11-21T07:00:00Z,PSME,30,NA,ambient,drought,82.5,180.9,123,18
PSME31,2025-11-21T07:00:00Z,PSME,31,NA,heatwave,water,5,338.1,123,18
PSME32,2025-11-21T07:00:00Z,PSME,32,NA,heatwave,drought,62.5,177.5,123,18
PSME33,2025-11-21T07:00:00Z,PSME,33,NA,heatwave,drought,37.5,185,123,18
PSME34,2025-11-21T07:00:00Z,PSME,34,NA,heatwave,drought,5,189.1,123,18
PSME35,2025-11-21T07:00:00Z,PSME,35,NA,heatwave,drought,37.5,191.1,123,18
PSME36,2025-11-21T07:00:00Z,PSME,36,NA,heatwave,drought,82.5,186.9,123,18
PSME37,2025-11-21T07:00:00Z,PSME,37,NA,heatwave,water,5,348.4,123,18
PSME38,2025-11-21T07:00:00Z,PSME,38,NA,heatwave,drought,95,187.2,123,18
PSME39,2025-11-21T07:00:00Z,PSME,39,NA,heatwave,drought,82.5,180.3,123,18
PSME40,2025-11-21T07:00:00Z,PSME,40,NA,heatwave,drought,95,183.6,123,18
PSME41,2025-11-21T07:00:00Z,PSME,41,NA,heatwave,drought,95,183.8,123,18
PSME42,2025-11-21T07:00:00Z,PSME,42,NA,heatwave,drought,82.5,186.8,123,18
PSME43,2025-11-21T07:00:00Z,PSME,43,NA,heatwave,drought,82.5,185.9,123,18
PSME44,2025-11-21T07:00:00Z,PSME,44,NA,heatwave,drought,95,187.7,123,18
PSME45,2025-11-21T07:00:00Z,PSME,45,NA,heatwave,water,5,471.7,123,18
PSME46,2025-11-21T07:00:00Z,PSME,46,NA,heatwave,drought,17.5,189.7,123,18
PSME47,2025-11-21T07:00:00Z,PSME,47,NA,heatwave,drought,95,185,123,18
PSME48,2025-11-21T07:00:00Z,PSME,48,NA,heatwave,water,5,444.5,123,18
PSME49,2025-11-21T07:00:00Z,PSME,49,NA,heatwave,drought,37.5,176.8,123,18
PSME50,2025-11-21T07:00:00Z,PSME,50,NA,heatwave,drought,82.5,188.4,123,18
PSME51,2025-11-21T07:00:00Z,PSME,51,NA,heatwave,drought,62.5,188.2,123,18
PSME52,2025-11-21T07:00:00Z,PSME,52,NA,heatwave,drought,5,194.1,123,18
PSME53,2025-11-21T07:00:00Z,PSME,53,NA,heatwave,drought,37.5,180.8,123,18
PSME54,2025-11-21T07:00:00Z,PSME,54,NA,heatwave,drought,82.5,185.4,123,18
PSME55,2025-11-21T07:00:00Z,PSME,55,NA,heatwave,drought,95,183.1,123,18
PSME56,2025-11-21T07:00:00Z,PSME,56,NA,heatwave,drought,82.5,180.1,123,18
PSME57,2025-11-21T07:00:00Z,PSME,57,NA,heatwave,water,5,448.5,123,18
PSME58,2025-11-21T07:00:00Z,PSME,58,NA,heatwave,drought,82.5,186.6,123,18
PSME59,2025-11-21T07:00:00Z,PSME,59,NA,heatwave,drought,95,187.8,123,18
PSME60,2025-11-21T07:00:00Z,PSME,60,NA,heatwave,drought,37.5,184.7,123,18
