Device Name,2L
Device Model,Kestrel DROP 2
Serial Number,3076479
FORMATTED DATE_TIME,Temperature,Relative Humidity,Heat Index,Dew Point,Data Type,Record name,Start time,Duration (H:M:S),Location description,Location address,Location coordinates,Notes
yyyy-MM-dd hh:mm:ss a,°C,%,°C,°C
2000-01-01 12:10:00 AM,24.3,37.4,22.8,8.8,point
2000-01-01 12:20:00 AM,23.9,32.8,22.3,6.6,point
2000-01-01 12:30:00 AM,23.9,32.3,22.2,6.3,point
2000-01-01 12:40:00 AM,23.7,33.6,22.2,6.8,point
2000-01-01 12:50:00 AM,23.6,33.3,22.1,6.5,point
2000-01-01 01:00:00 AM,23.5,34.2,22.0,6.8,point
2000-01-01 01:10:00 AM,23.4,33.4,21.9,6.4,point
2000-01-01 01:20:00 AM,23.3,34.2,21.9,6.7,point
2000-01-01 01:30:00 AM,23.3,34.9,21.9,7.0,point
2000-01-01 01:40:00 AM,23.3,34.4,21.9,6.8,point
2000-01-01 01:50:00 AM,23.3,34.8,21.8,6.9,point
2000-01-01 02:00:00 AM,23.2,35.0,21.8,6.9,point
2000-01-01 02:10:00 AM,23.8,36.1,22.3,7.8,point
2000-01-01 02:20:00 AM,24.0,33.6,22.4,7.0,point
2000-01-01 02:30:00 AM,23.2,33.6,21.7,6.3,point
2000-01-01 02:40:00 AM,23.1,34.9,21.8,6.8,point
2000-01-01 02:50:00 AM,23.1,35.1,21.8,6.9,point
2025-07-09 02:00:00 PM,26.7,39.7,25.7,11.9,point
2025-07-09 02:30:00 PM,21.9,78.6,22.4,18.0,point
2025-07-09 03:00:00 PM,19.1,79.4,19.1,15.5,point
2025-07-09 03:30:00 PM,18.7,83.6,18.8,15.9,point
2025-07-09 04:00:00 PM,18.6,83.7,18.5,15.7,point
2025-07-09 04:30:00 PM,18.6,82.2,18.4,15.5,point
2025-07-09 05:00:00 PM,17.6,83.2,17.6,14.8,point
2025-07-09 05:30:00 PM,16.9,85.5,16.8,14.4,point
2025-07-09 06:00:00 PM,16.7,85.6,16.6,14.3,point
2025-07-09 06:30:00 PM,15.9,87.9,16.0,13.9,point
2025-07-09 07:00:00 PM,15.5,87.4,15.6,13.4,point
2025-07-09 07:30:00 PM,15.3,88.8,15.4,13.4,point
2025-07-09 08:00:00 PM,14.8,87.7,14.8,12.7,point
2025-07-09 08:30:00 PM,13.6,84.3,13.5,11.0,point
2025-07-09 09:00:00 PM,13.4,88.9,13.6,11.6,point
2025-07-09 09:30:00 PM,13.9,91.1,14.2,12.5,point
2025-07-09 10:00:00 PM,14.2,90.3,14.5,12.6,point
2025-07-09 10:30:00 PM,14.1,90.3,14.4,12.6,point
2025-07-09 11:00:00 PM,13.9,89.0,14.0,12.1,point
2025-07-09 11:30:00 PM,15.7,96.4,16.1,15.1,point
2025-07-10 12:00:00 AM,16.7,91.1,17.0,15.3,point
2025-07-10 12:30:00 AM,16.6,88.8,16.8,14.8,point
2025-07-10 01:00:00 AM,16.5,88.2,16.6,14.6,point
2025-07-10 01:30:00 AM,16.6,88.7,16.7,14.7,point
2025-07-10 02:00:00 AM,16.7,88.8,16.9,14.8,point
2025-07-10 02:30:00 AM,16.8,88.9,17.0,15.0,point
2025-07-10 03:00:00 AM,16.9,88.9,17.1,15.1,point
2025-07-10 03:30:00 AM,16.6,79.4,16.3,13.0,point
2025-07-10 04:00:00 AM,16.9,88.3,17.1,15.0,point
2025-07-10 04:30:00 AM,16.8,89.1,16.9,15.0,point
2025-07-10 05:00:00 AM,16.8,88.2,16.9,14.8,point
2025-07-10 05:30:00 AM,16.8,88.1,16.9,14.8,point
2025-07-10 06:00:00 AM,16.8,87.5,16.8,14.7,point
2025-07-10 06:30:00 AM,16.9,88.3,17.0,14.9,point
2025-07-10 07:00:00 AM,17.2,88.5,17.4,15.3,point
2025-07-10 07:30:00 AM,17.6,88.5,17.7,15.7,point
2025-07-10 08:00:00 AM,18.0,88.6,18.2,16.1,point
2025-07-10 08:30:00 AM,18.4,88.5,18.7,16.5,point
2025-07-10 09:00:00 AM,18.8,88.7,19.0,16.9,point
2025-07-10 09:30:00 AM,19.1,88.7,19.4,17.1,point
2025-07-10 10:00:00 AM,19.4,88.8,19.7,17.5,point
2025-07-10 10:30:00 AM,19.5,88.5,20.0,17.6,point
2025-07-10 11:00:00 AM,19.9,88.7,20.5,18.0,point
2025-07-10 11:30:00 AM,20.2,88.8,20.8,18.3,point
2025-07-10 12:00:00 PM,20.6,88.6,21.3,18.7,point
2025-07-10 12:30:00 PM,22.0,87.5,23.0,19.8,point
2025-07-10 01:00:00 PM,21.3,91.4,22.2,19.9,point
2025-07-10 01:30:00 PM,20.8,87.7,21.4,18.7,point
2025-07-10 02:00:00 PM,20.6,87.3,21.3,18.5,point
2025-07-10 02:30:00 PM,20.8,84.2,21.4,18.1,point
2025-07-10 03:00:00 PM,20.2,88.3,20.8,18.2,point
2025-07-10 03:30:00 PM,19.9,88.2,20.3,17.9,point
2025-07-10 04:00:00 PM,19.5,87.8,19.8,17.4,point
2025-07-10 04:30:00 PM,18.9,87.8,19.2,16.9,point
2025-07-10 05:00:00 PM,18.4,87.3,18.6,16.3,point
2025-07-10 05:30:00 PM,17.9,86.4,18.0,15.6,point
2025-07-10 06:00:00 PM,17.5,86.0,17.4,15.1,point
2025-07-10 06:30:00 PM,16.5,88.1,16.6,14.6,point
2025-07-10 07:00:00 PM,15.8,89.2,16.0,14.1,point
2025-07-10 07:30:00 PM,15.1,86.3,15.1,12.8,point
2025-07-10 08:00:00 PM,14.8,88.7,14.9,12.9,point
2025-07-10 08:30:00 PM,14.2,84.2,14.2,11.6,point
2025-07-10 09:00:00 PM,14.4,90.7,14.7,12.9,point
2025-07-10 09:30:00 PM,14.1,86.1,14.1,11.8,point
2025-07-10 10:00:00 PM,13.9,85.4,13.8,11.5,point
2025-07-10 10:30:00 PM,13.8,86.7,13.9,11.6,point
2025-07-10 11:00:00 PM,13.9,87.6,13.9,11.8,point
2025-07-10 11:30:00 PM,15.6,90.7,15.8,14.1,point
2025-07-11 12:00:00 AM,16.9,90.9,17.2,15.4,point
2025-07-11 12:30:00 AM,16.7,89.5,16.9,15.0,point
2025-07-11 01:00:00 AM,16.5,85.7,16.4,14.1,point
2025-07-11 01:30:00 AM,16.7,88.3,16.8,14.7,point
2025-07-11 02:00:00 AM,16.3,85.2,16.3,13.8,point
2025-07-11 02:30:00 AM,16.6,87.6,16.7,14.6,point
2025-07-11 03:00:00 AM,16.7,88.1,16.7,14.7,point
2025-07-11 03:30:00 AM,16.5,87.7,16.5,14.4,point
2025-07-11 04:00:00 AM,16.8,88.6,17.0,14.9,point
2025-07-11 04:30:00 AM,16.6,86.2,16.5,14.3,point
2025-07-11 05:00:00 AM,16.6,87.2,16.6,14.4,point
2025-07-11 05:30:00 AM,16.6,88.2,16.6,14.6,point
2025-07-11 06:00:00 AM,16.7,88.0,16.7,14.7,point
2025-07-11 06:30:00 AM,16.8,88.4,17.0,14.9,point
2025-07-11 07:00:00 AM,17.1,88.4,17.3,15.2,point
2025-07-11 07:30:00 AM,17.5,88.7,17.7,15.7,point
2025-07-11 08:00:00 AM,17.9,88.5,18.1,16.0,point
2025-07-11 08:30:00 AM,18.3,88.8,18.4,16.4,point
2025-07-11 09:00:00 AM,20.9,99.3,22.0,20.8,point
2025-07-11 09:30:00 AM,19.2,90.5,19.7,17.6,point
2025-07-11 10:00:00 AM,19.4,90.6,19.8,17.8,point
2025-07-11 10:30:00 AM,19.7,90.5,20.2,18.1,point
2025-07-11 11:00:00 AM,20.2,91.3,20.9,18.8,point
2025-07-11 11:30:00 AM,20.5,92.1,21.3,19.2,point
2025-07-11 12:00:00 PM,21.2,93.3,22.0,20.0,point
2025-07-11 12:30:00 PM,21.4,92.5,22.3,20.1,point
2025-07-11 01:00:00 PM,21.3,91.4,22.2,19.9,point
2025-07-11 01:30:00 PM,20.7,90.0,21.5,19.0,point
2025-07-11 02:00:00 PM,20.6,92.2,21.4,19.3,point
2025-07-11 02:30:00 PM,20.2,90.4,20.8,18.5,point
2025-07-11 03:00:00 PM,19.8,90.8,20.3,18.2,point
2025-07-11 03:30:00 PM,19.6,91.2,20.2,18.1,point
2025-07-11 04:00:00 PM,19.0,88.7,19.4,17.1,point
2025-07-11 04:30:00 PM,18.7,90.0,19.1,17.1,point
2025-07-11 05:00:00 PM,18.3,89.5,18.6,16.5,point
2025-07-11 05:30:00 PM,17.6,87.0,17.6,15.4,point
2025-07-11 06:00:00 PM,17.0,87.6,17.1,14.9,point
2025-07-11 06:30:00 PM,16.2,89.7,16.4,14.5,point
2025-07-11 07:00:00 PM,15.7,91.8,15.9,14.3,point
2025-07-11 07:30:00 PM,15.0,88.5,15.1,13.1,point
2025-07-11 08:00:00 PM,14.5,89.8,14.6,12.8,point
2025-07-11 08:30:00 PM,14.2,91.1,14.4,12.8,point
2025-07-11 09:00:00 PM,14.1,91.9,14.3,12.8,point
2025-07-11 09:30:00 PM,14.2,92.2,14.4,12.9,point
2025-07-11 10:00:00 PM,14.0,92.4,14.3,12.8,point
2025-07-11 10:30:00 PM,14.0,92.4,14.3,12.8,point
2025-07-11 11:00:00 PM,13.9,92.4,14.2,12.7,point
2025-07-11 11:30:00 PM,15.2,93.7,15.6,14.2,point
2025-07-12 12:00:00 AM,16.2,87.8,16.3,14.2,point
2025-07-12 12:30:00 AM,16.3,87.6,16.3,14.2,point
2025-07-12 01:00:00 AM,16.4,87.9,16.5,14.4,point
2025-07-12 01:30:00 AM,16.5,88.2,16.7,14.6,point
2025-07-12 02:00:00 AM,16.9,87.8,16.9,14.8,point
2025-07-12 02:30:00 AM,16.6,88.0,16.7,14.6,point
2025-07-12 03:00:00 AM,16.5,87.7,16.6,14.5,point
2025-07-12 03:30:00 AM,16.7,87.5,16.7,14.6,point
2025-07-12 04:00:00 AM,16.5,87.6,16.5,14.4,point
2025-07-12 04:30:00 AM,16.5,87.8,16.5,14.4,point
2025-07-12 05:00:00 AM,16.6,88.7,16.7,14.7,point
2025-07-12 05:30:00 AM,16.5,88.4,16.6,14.6,point
2025-07-12 06:00:00 AM,16.5,89.2,16.6,14.7,point
2025-07-12 06:30:00 AM,16.7,88.8,16.8,14.8,point
2025-07-12 07:00:00 AM,16.8,89.1,16.9,15.0,point
2025-07-12 07:30:00 AM,17.2,88.4,17.4,15.3,point
2025-07-12 08:00:00 AM,17.7,88.8,17.9,15.8,point
2025-07-12 08:30:00 AM,21.0,100.0,22.0,21.0,point
2025-07-12 09:00:00 AM,18.6,89.1,18.9,16.8,point
2025-07-12 09:30:00 AM,19.2,91.8,19.7,17.9,point
2025-07-12 10:00:00 AM,19.8,95.4,20.6,19.1,point
2025-07-12 10:30:00 AM,19.7,91.4,20.2,18.2,point
2025-07-12 11:00:00 AM,20.2,93.2,20.9,19.1,point
2025-07-12 11:30:00 AM,20.7,93.0,21.4,19.5,point
2025-07-12 12:00:00 PM,20.9,91.8,21.7,19.6,point
2025-07-12 12:30:00 PM,21.4,91.0,22.3,19.9,point
2025-07-12 01:00:00 PM,21.2,90.9,22.1,19.7,point
2025-07-12 01:30:00 PM,20.9,89.1,21.6,19.1,point
2025-07-12 02:00:00 PM,20.8,90.2,21.5,19.1,point
2025-07-12 02:30:00 PM,20.5,91.1,21.3,19.0,point
2025-07-12 03:00:00 PM,20.1,89.3,20.6,18.2,point
2025-07-12 03:30:00 PM,19.4,85.1,19.6,16.8,point
2025-07-12 04:00:00 PM,19.1,87.9,19.4,17.1,point
2025-07-12 04:30:00 PM,18.5,86.8,18.7,16.3,point
2025-07-12 05:00:00 PM,18.1,87.7,18.2,16.0,point
2025-07-12 05:30:00 PM,17.9,89.4,18.1,16.1,point
2025-07-12 06:00:00 PM,17.3,87.2,17.4,15.2,point
2025-07-12 06:30:00 PM,16.3,87.6,16.4,14.3,point
2025-07-12 07:00:00 PM,15.5,90.2,15.7,13.9,point
2025-07-12 07:30:00 PM,14.9,89.8,15.0,13.2,point
2025-07-12 08:00:00 PM,14.3,89.2,14.4,12.5,point
2025-07-12 08:30:00 PM,14.3,91.7,14.5,12.9,point
2025-07-12 09:00:00 PM,14.5,92.4,14.7,13.2,point
2025-07-12 09:30:00 PM,14.4,92.5,14.7,13.2,point
2025-07-12 10:00:00 PM,14.4,92.4,14.7,13.2,point
2025-07-12 10:30:00 PM,14.5,92.1,14.8,13.3,point
2025-07-12 11:00:00 PM,14.4,92.6,14.6,13.2,point
2025-07-12 11:30:00 PM,15.7,94.6,16.1,14.8,point
2025-07-13 12:00:00 AM,16.6,90.6,16.9,15.1,point
2025-07-13 12:30:00 AM,16.8,90.3,17.0,15.2,point
2025-07-13 01:00:00 AM,16.9,90.8,17.1,15.4,point
2025-07-13 01:30:00 AM,16.6,84.6,16.5,13.9,point
2025-07-13 02:00:00 AM,16.8,88.4,17.0,14.9,point
2025-07-13 02:30:00 AM,16.8,87.8,16.8,14.8,point
2025-07-13 03:00:00 AM,16.9,89.1,17.0,15.1,point
2025-07-13 03:30:00 AM,16.8,89.6,17.0,15.1,point
2025-07-13 04:00:00 AM,16.9,88.2,17.0,14.9,point
2025-07-13 04:30:00 AM,17.1,91.8,17.3,15.7,point
2025-07-13 05:00:00 AM,17.0,90.4,17.3,15.5,point
2025-07-13 05:30:00 AM,17.1,90.2,17.3,15.4,point
2025-07-13 06:00:00 AM,17.1,90.5,17.3,15.5,point
2025-07-13 06:30:00 AM,17.1,91.2,17.4,15.7,point
2025-07-13 07:00:00 AM,17.5,92.0,17.9,16.2,point
2025-07-13 07:30:00 AM,18.0,91.7,18.2,16.6,point
2025-07-13 08:00:00 AM,18.1,88.8,18.2,16.2,point
2025-07-13 08:30:00 AM,18.5,89.1,18.8,16.7,point
2025-07-13 09:00:00 AM,18.8,89.3,19.1,17.0,point
2025-07-13 09:30:00 AM,19.0,89.3,19.3,17.2,point
2025-07-13 10:00:00 AM,19.3,89.7,19.7,17.6,point
2025-07-13 10:30:00 AM,19.6,89.5,20.1,17.8,point
2025-07-13 11:00:00 AM,19.9,89.5,20.3,18.1,point
2025-07-13 11:30:00 AM,20.2,89.6,20.7,18.4,point
2025-07-13 12:00:00 PM,20.4,89.8,20.9,18.6,point
2025-07-13 12:30:00 PM,24.1,100.0,26.5,24.0,point
2025-07-13 01:00:00 PM,21.3,90.3,22.1,19.6,point
2025-07-13 01:30:00 PM,20.9,90.4,21.7,19.3,point
2025-07-13 02:00:00 PM,20.4,86.9,21.0,18.2,point
2025-07-13 02:30:00 PM,20.3,89.1,20.8,18.4,point
2025-07-13 03:00:00 PM,20.1,90.5,20.8,18.5,point
2025-07-13 03:30:00 PM,19.6,89.4,20.1,17.8,point
2025-07-13 04:00:00 PM,19.1,87.7,19.4,17.0,point
2025-07-13 04:30:00 PM,18.5,87.3,18.7,16.4,point
2025-07-13 05:00:00 PM,18.2,88.7,18.4,16.3,point
2025-07-13 05:30:00 PM,17.7,84.4,17.7,15.0,point
2025-07-13 06:00:00 PM,17.3,86.4,17.4,15.0,point
2025-07-13 06:30:00 PM,16.4,89.2,16.6,14.7,point
2025-07-13 07:00:00 PM,15.8,88.8,15.9,13.9,point
2025-07-13 07:30:00 PM,15.2,90.3,15.5,13.7,point
2025-07-13 08:00:00 PM,14.8,90.8,15.0,13.3,point
2025-07-13 08:30:00 PM,14.3,90.3,14.6,12.8,point
2025-07-13 09:00:00 PM,14.2,91.3,14.5,12.8,point
2025-07-13 09:30:00 PM,14.2,91.1,14.5,12.8,point
2025-07-13 10:00:00 PM,14.2,91.8,14.4,12.9,point
2025-07-13 10:30:00 PM,14.2,91.2,14.4,12.7,point
2025-07-13 11:00:00 PM,14.2,92.8,14.5,13.1,point
2025-07-13 11:30:00 PM,16.0,99.4,16.7,15.9,point
2025-07-14 12:00:00 AM,16.7,90.9,16.9,15.2,point
2025-07-14 12:30:00 AM,16.7,91.6,17.0,15.3,point
2025-07-14 01:00:00 AM,16.8,90.2,17.1,15.2,point
2025-07-14 01:30:00 AM,16.8,90.8,17.1,15.3,point
2025-07-14 02:00:00 AM,16.8,89.0,17.0,15.0,point
2025-07-14 02:30:00 AM,16.8,90.1,17.0,15.1,point
2025-07-14 03:00:00 AM,16.9,89.5,17.0,15.2,point
2025-07-14 03:30:00 AM,16.8,88.5,17.0,14.9,point
2025-07-14 04:00:00 AM,16.8,89.3,17.0,15.1,point
2025-07-14 04:30:00 AM,16.9,89.8,17.0,15.2,point
2025-07-14 05:00:00 AM,16.9,89.6,17.0,15.1,point
2025-07-14 05:30:00 AM,16.9,88.9,17.0,15.0,point
2025-07-14 06:00:00 AM,16.9,90.1,17.2,15.3,point
2025-07-14 06:30:00 AM,17.0,90.7,17.3,15.5,point
2025-07-14 07:00:00 AM,17.2,90.7,17.5,15.7,point
2025-07-14 07:30:00 AM,17.6,91.2,17.9,16.1,point
2025-07-14 08:00:00 AM,18.1,91.3,18.3,16.6,point
2025-07-14 08:30:00 AM,18.5,91.1,18.8,17.0,point
2025-07-14 09:00:00 AM,18.8,91.0,19.1,17.2,point
2025-07-14 09:30:00 AM,19.0,91.0,19.5,17.5,point
2025-07-14 10:00:00 AM,19.3,90.9,19.8,17.8,point
2025-07-14 10:30:00 AM,19.6,90.5,20.2,18.0,point
2025-07-14 11:00:00 AM,19.9,90.3,20.4,18.2,point
2025-07-14 11:30:00 AM,20.0,90.3,20.7,18.4,point
2025-07-14 12:00:00 PM,20.4,90.2,21.1,18.8,point
2025-07-14 12:30:00 PM,20.9,89.6,21.5,19.1,point
2025-07-14 01:00:00 PM,20.6,89.6,21.3,18.9,point
2025-07-14 01:30:00 PM,20.5,90.2,21.3,18.9,point
2025-07-14 02:00:00 PM,20.6,90.6,21.3,19.0,point
2025-07-14 02:30:00 PM,20.6,90.3,21.3,18.9,point
2025-07-14 03:00:00 PM,19.4,84.8,19.7,16.8,point
2025-07-14 03:30:00 PM,19.4,87.7,19.8,17.3,point
2025-07-14 04:00:00 PM,18.9,88.2,19.1,16.9,point
2025-07-14 04:30:00 PM,18.6,87.7,18.7,16.5,point
2025-07-14 05:00:00 PM,18.1,88.2,18.1,16.1,point
2025-07-14 05:30:00 PM,17.5,88.0,17.6,15.5,point
2025-07-14 06:00:00 PM,17.1,89.2,17.2,15.3,point
2025-07-14 06:30:00 PM,16.1,89.5,16.3,14.4,point
2025-07-14 07:00:00 PM,15.3,90.2,15.6,13.7,point
2025-07-14 07:30:00 PM,14.9,90.8,15.1,13.4,point
2025-07-14 08:00:00 PM,14.6,91.0,14.8,13.1,point
2025-07-14 08:30:00 PM,14.1,91.4,14.4,12.8,point
2025-07-14 09:00:00 PM,13.9,90.8,14.2,12.4,point
2025-07-14 09:30:00 PM,13.9,91.8,14.1,12.6,point
2025-07-14 10:00:00 PM,14.0,92.6,14.3,12.8,point
2025-07-14 10:30:00 PM,13.6,88.1,13.7,11.7,point
2025-07-14 11:00:00 PM,13.6,87.3,13.7,11.6,point
2025-07-14 11:30:00 PM,15.6,94.3,16.1,14.7,point
2025-07-15 12:00:00 AM,16.5,91.2,16.7,15.1,point
2025-07-15 12:30:00 AM,16.3,88.8,16.5,14.5,point
2025-07-15 01:00:00 AM,16.3,89.0,16.5,14.5,point
2025-07-15 01:30:00 AM,16.4,89.5,16.6,14.7,point
2025-07-15 02:00:00 AM,16.4,89.8,16.6,14.7,point
2025-07-15 02:30:00 AM,16.5,90.0,16.7,14.9,point
2025-07-15 03:00:00 AM,16.6,89.8,16.8,14.9,point
2025-07-15 03:30:00 AM,16.7,89.8,16.8,15.0,point
2025-07-15 04:00:00 AM,16.7,89.8,16.9,15.0,point
2025-07-15 04:30:00 AM,16.0,87.0,16.0,13.8,point
2025-07-15 05:00:00 AM,15.9,89.0,16.1,14.1,point
2025-07-15 05:30:00 AM,16.6,91.7,16.9,15.3,point
2025-07-15 06:00:00 AM,16.7,90.8,17.0,15.2,point
2025-07-15 06:30:00 AM,16.7,90.7,16.9,15.1,point
2025-07-15 07:00:00 AM,17.0,91.7,17.2,15.6,point
2025-07-15 07:30:00 AM,17.4,92.6,17.8,16.2,point
2025-07-15 08:00:00 AM,17.9,91.8,18.1,16.5,point
2025-07-15 08:30:00 AM,18.1,92.1,18.5,16.8,point
2025-07-15 09:00:00 AM,18.0,88.7,18.2,16.1,point
2025-07-15 09:30:00 AM,18.4,91.8,18.8,17.1,point
2025-07-15 10:00:00 AM,19.1,93.0,19.7,17.9,point
2025-07-15 10:30:00 AM,19.6,92.3,20.1,18.3,point
2025-07-15 11:00:00 AM,19.8,92.3,20.4,18.5,point
2025-07-15 11:30:00 AM,20.1,93.1,20.8,19.0,point
2025-07-15 12:00:00 PM,20.6,92.9,21.4,19.5,point
2025-07-15 12:30:00 PM,21.0,93.1,21.9,19.9,point
2025-07-15 01:00:00 PM,20.9,90.9,21.6,19.3,point
2025-07-15 01:30:00 PM,20.7,90.7,21.5,19.1,point
2025-07-15 02:00:00 PM,20.6,89.7,21.3,18.9,point
2025-07-15 02:30:00 PM,20.0,89.3,20.6,18.2,point
2025-07-15 03:00:00 PM,19.8,91.3,20.3,18.3,point
2025-07-15 03:30:00 PM,19.3,90.6,19.8,17.8,point
2025-07-15 04:00:00 PM,19.0,90.2,19.4,17.3,point
2025-07-15 04:30:00 PM,18.5,90.5,18.9,16.9,point
2025-07-15 05:00:00 PM,17.9,87.6,17.9,15.8,point
2025-07-15 05:30:00 PM,17.6,89.1,17.8,15.8,point
2025-07-15 06:00:00 PM,17.0,87.7,17.1,15.0,point
2025-07-15 06:30:00 PM,16.3,90.6,16.6,14.8,point
2025-07-15 07:00:00 PM,15.5,91.8,15.7,14.1,point
2025-07-15 07:30:00 PM,15.0,92.8,15.4,13.9,point
2025-07-15 08:00:00 PM,14.4,90.7,14.7,12.9,point
2025-07-15 08:30:00 PM,14.2,92.7,14.5,13.1,point
2025-07-15 09:00:00 PM,13.8,92.1,14.1,12.6,point
2025-07-15 09:30:00 PM,14.0,92.4,14.2,12.7,point
2025-07-15 10:00:00 PM,14.1,93.4,14.4,13.1,point
2025-07-15 10:30:00 PM,13.8,92.4,14.1,12.6,point
2025-07-15 11:00:00 PM,13.4,88.1,13.5,11.5,point
2025-07-15 11:30:00 PM,16.2,100.0,16.9,16.2,point
2025-07-16 12:00:00 AM,15.9,91.0,16.2,14.5,point
2025-07-16 12:30:00 AM,16.4,90.7,16.6,14.8,point
2025-07-16 01:00:00 AM,16.6,91.2,16.8,15.1,point
2025-07-16 01:30:00 AM,16.7,91.6,17.0,15.3,point
2025-07-16 02:00:00 AM,16.2,87.3,16.3,14.1,point
2025-07-16 02:30:00 AM,16.3,88.1,16.3,14.3,point
2025-07-16 03:00:00 AM,16.6,88.7,16.8,14.8,point
2025-07-16 03:30:00 AM,16.7,89.0,16.9,14.9,point
2025-07-16 04:00:00 AM,16.7,89.5,16.9,15.0,point
2025-07-16 04:30:00 AM,16.7,90.0,16.9,15.1,point
2025-07-16 05:00:00 AM,16.7,90.4,17.0,15.1,point
2025-07-16 05:30:00 AM,16.7,90.8,17.0,15.2,point
2025-07-16 06:00:00 AM,16.7,90.9,16.9,15.2,point
2025-07-16 06:30:00 AM,16.8,90.9,17.0,15.3,point
2025-07-16 07:00:00 AM,17.0,90.6,17.3,15.5,point
2025-07-16 07:30:00 AM,17.5,90.2,17.8,15.9,point
2025-07-16 08:00:00 AM,17.7,91.0,18.0,16.2,point
2025-07-16 08:30:00 AM,18.2,91.0,18.5,16.7,point
2025-07-16 09:00:00 AM,18.7,90.4,19.0,17.1,point
2025-07-16 09:30:00 AM,19.0,89.9,19.4,17.3,point
2025-07-16 10:00:00 AM,19.3,89.8,19.6,17.6,point
2025-07-16 10:30:00 AM,19.5,89.7,20.0,17.8,point
2025-07-16 11:00:00 AM,19.8,89.5,20.2,18.0,point
2025-07-16 11:30:00 AM,20.1,89.6,20.7,18.3,point
2025-07-16 12:00:00 PM,20.5,89.2,21.2,18.7,point
2025-07-16 12:30:00 PM,20.8,88.4,21.5,18.8,point
2025-07-16 01:00:00 PM,20.8,88.5,21.5,18.9,point
2025-07-16 01:30:00 PM,20.6,88.5,21.2,18.6,point
2025-07-16 02:00:00 PM,20.2,89.0,20.8,18.3,point
2025-07-16 02:30:00 PM,20.1,89.5,20.6,18.3,point
2025-07-16 03:00:00 PM,19.8,89.3,20.2,18.0,point
2025-07-16 03:30:00 PM,19.6,89.9,20.1,17.9,point
2025-07-16 04:00:00 PM,19.2,90.1,19.6,17.5,point
2025-07-16 04:30:00 PM,18.9,90.3,19.2,17.2,point
2025-07-16 05:00:00 PM,18.6,91.0,19.0,17.1,point
2025-07-16 05:30:00 PM,18.6,91.3,18.9,17.1,point
2025-07-16 06:00:00 PM,18.4,90.4,18.7,16.8,point
2025-07-16 06:30:00 PM,16.2,82.9,16.1,13.3,point
2025-07-16 07:00:00 PM,15.8,90.3,16.0,14.2,point
2025-07-16 07:30:00 PM,15.2,90.5,15.5,13.7,point
2025-07-16 08:00:00 PM,14.6,91.8,14.8,13.3,point
2025-07-16 08:30:00 PM,14.4,93.0,14.7,13.3,point
2025-07-16 09:00:00 PM,14.2,91.2,14.4,12.8,point
2025-07-16 09:30:00 PM,14.1,92.3,14.4,12.9,point
2025-07-16 10:00:00 PM,13.8,92.3,14.1,12.6,point
2025-07-16 10:30:00 PM,13.7,94.6,14.1,12.9,point
2025-07-16 11:00:00 PM,14.1,94.5,14.5,13.3,point
2025-07-16 11:30:00 PM,15.1,93.4,15.4,14.0,point
2025-07-17 12:00:00 AM,16.0,89.3,16.2,14.2,point
2025-07-17 12:30:00 AM,16.2,88.9,16.3,14.3,point
2025-07-17 01:00:00 AM,16.1,89.7,16.3,14.4,point
2025-07-17 01:30:00 AM,16.2,90.5,16.4,14.6,point
2025-07-17 02:00:00 AM,16.3,90.3,16.5,14.7,point
2025-07-17 02:30:00 AM,16.5,91.0,16.8,15.1,point
2025-07-17 03:00:00 AM,16.1,90.7,16.4,14.6,point
2025-07-17 03:30:00 AM,16.2,90.2,16.5,14.6,point
2025-07-17 04:00:00 AM,16.4,90.0,16.6,14.8,point
2025-07-17 04:30:00 AM,16.4,90.3,16.7,14.8,point
2025-07-17 05:00:00 AM,16.5,89.6,16.6,14.8,point
2025-07-17 05:30:00 AM,16.5,89.9,16.6,14.8,point
2025-07-17 06:00:00 AM,16.5,90.0,16.7,14.8,point
2025-07-17 06:30:00 AM,16.6,90.6,16.8,15.0,point
2025-07-17 07:00:00 AM,17.0,90.4,17.2,15.4,point
2025-07-17 07:30:00 AM,17.3,90.6,17.6,15.8,point
2025-07-17 08:00:00 AM,17.8,90.6,18.1,16.3,point
2025-07-17 08:30:00 AM,18.3,90.9,18.7,16.8,point
2025-07-17 09:00:00 AM,19.3,92.6,19.8,18.1,point
2025-07-17 09:30:00 AM,19.3,94.0,19.9,18.3,point
2025-07-17 10:00:00 AM,19.4,93.7,20.0,18.4,point
2025-07-17 10:30:00 AM,19.7,93.8,20.4,18.7,point
2025-07-17 11:00:00 AM,19.9,93.4,20.6,18.8,point
2025-07-17 11:30:00 AM,20.2,93.0,20.8,19.0,point
2025-07-17 12:00:00 PM,20.6,92.9,21.4,19.5,point
2025-07-17 12:30:00 PM,21.2,91.1,22.1,19.7,point
2025-07-17 01:00:00 PM,21.0,91.8,21.9,19.6,point
2025-07-17 01:30:00 PM,21.0,93.8,22.0,20.0,point
2025-07-17 02:00:00 PM,20.1,89.3,20.7,18.3,point
2025-07-17 02:30:00 PM,20.2,93.2,20.8,19.0,point
2025-07-17 03:00:00 PM,19.5,87.5,19.9,17.4,point
2025-07-17 03:30:00 PM,19.6,92.0,20.1,18.2,point
2025-07-17 04:00:00 PM,19.0,87.2,19.3,16.9,point
2025-07-17 04:30:00 PM,18.8,92.4,19.3,17.6,point
2025-07-17 05:00:00 PM,18.2,90.7,18.5,16.6,point
2025-07-17 05:30:00 PM,17.8,91.3,18.1,16.4,point
2025-07-17 06:00:00 PM,17.1,89.4,17.3,15.3,point
2025-07-17 06:30:00 PM,16.3,92.1,16.6,15.0,point
2025-07-17 07:00:00 PM,15.6,93.7,16.0,14.6,point
2025-07-17 07:30:00 PM,14.8,91.4,15.1,13.4,point
2025-07-17 08:00:00 PM,14.4,92.2,14.7,13.2,point
2025-07-17 08:30:00 PM,14.1,93.8,14.5,13.2,point
2025-07-17 09:00:00 PM,14.1,93.9,14.4,13.1,point
2025-07-17 09:30:00 PM,14.1,94.3,14.4,13.2,point
2025-07-17 10:00:00 PM,14.0,94.2,14.4,13.1,point
2025-07-17 10:30:00 PM,13.9,94.8,14.2,13.1,point
2025-07-17 11:00:00 PM,14.0,95.0,14.3,13.2,point
2025-07-17 11:30:00 PM,15.0,94.3,15.3,14.1,point
2025-07-18 12:00:00 AM,15.4,90.7,15.7,13.9,point
2025-07-18 12:30:00 AM,15.7,91.8,15.9,14.3,point
2025-07-18 01:00:00 AM,16.0,90.9,16.3,14.5,point
2025-07-18 01:30:00 AM,16.2,90.3,16.5,14.6,point
2025-07-18 02:00:00 AM,16.3,90.1,16.5,14.6,point
2025-07-18 02:30:00 AM,16.3,90.8,16.6,14.8,point
2025-07-18 03:00:00 AM,16.1,90.4,16.3,14.5,point
2025-07-18 03:30:00 AM,16.4,91.1,16.6,14.9,point
2025-07-18 04:00:00 AM,16.2,90.0,16.5,14.6,point
2025-07-18 04:30:00 AM,16.2,89.7,16.4,14.6,point
2025-07-18 05:00:00 AM,16.1,90.5,16.3,14.5,point
2025-07-18 05:30:00 AM,16.4,90.6,16.6,14.8,point
2025-07-18 06:00:00 AM,16.1,91.6,16.4,14.8,point
2025-07-18 06:30:00 AM,16.1,90.1,16.4,14.5,point
2025-07-18 07:00:00 AM,16.5,90.3,16.7,14.9,point
2025-07-18 07:30:00 AM,17.1,90.1,17.3,15.4,point
2025-07-18 08:00:00 AM,17.5,90.3,17.8,15.9,point
2025-07-18 08:30:00 AM,18.8,93.0,19.3,17.7,point
2025-07-18 09:00:00 AM,18.8,93.3,19.2,17.7,point
2025-07-18 09:30:00 AM,18.8,92.3,19.2,17.5,point
2025-07-18 10:00:00 AM,19.2,96.4,19.9,18.6,point
2025-07-18 10:30:00 AM,19.5,93.9,20.2,18.5,point
2025-07-18 11:00:00 AM,20.1,94.1,20.9,19.1,point
2025-07-18 11:30:00 AM,20.4,95.1,21.3,19.6,point
2025-07-18 12:00:00 PM,20.8,95.3,21.7,20.0,point
2025-07-18 12:30:00 PM,20.7,92.2,21.4,19.4,point
2025-07-18 01:00:00 PM,20.4,93.3,21.2,19.3,point
2025-07-18 01:30:00 PM,19.9,91.7,20.6,18.5,point
2025-07-18 02:00:00 PM,19.8,93.3,20.5,18.7,point
2025-07-18 02:30:00 PM,19.7,90.6,20.2,18.1,point
2025-07-18 03:00:00 PM,19.6,90.0,20.0,17.9,point
2025-07-18 03:30:00 PM,19.4,90.3,19.8,17.7,point
2025-07-18 04:00:00 PM,19.1,89.6,19.5,17.4,point
2025-07-18 04:30:00 PM,18.6,90.7,19.0,17.0,point
2025-07-18 05:00:00 PM,18.1,90.0,18.3,16.5,point
2025-07-18 05:30:00 PM,17.8,89.6,17.9,16.0,point
2025-07-18 06:00:00 PM,17.3,88.8,17.5,15.5,point
2025-07-18 06:30:00 PM,16.4,90.9,16.7,14.9,point
2025-07-18 07:00:00 PM,15.6,90.8,15.8,14.1,point
2025-07-18 07:30:00 PM,15.1,91.6,15.4,13.8,point
2025-07-18 08:00:00 PM,14.6,91.2,14.8,13.2,point
2025-07-18 08:30:00 PM,14.2,92.4,14.5,13.0,point
2025-07-18 09:00:00 PM,14.2,93.1,14.4,13.1,point
2025-07-18 09:30:00 PM,14.3,94.7,14.7,13.5,point
2025-07-18 10:00:00 PM,14.3,95.5,14.7,13.6,point
2025-07-18 10:30:00 PM,14.2,93.6,14.4,13.2,point
2025-07-18 11:00:00 PM,14.1,94.8,14.5,13.3,point
2025-07-18 11:30:00 PM,15.7,99.3,16.2,15.6,point
2025-07-19 12:00:00 AM,16.5,91.9,16.9,15.2,point
2025-07-19 12:30:00 AM,16.6,91.8,16.9,15.2,point
2025-07-19 01:00:00 AM,16.7,92.0,17.1,15.4,point
2025-07-19 01:30:00 AM,16.8,92.1,17.1,15.5,point
2025-07-19 02:00:00 AM,16.9,91.9,17.2,15.5,point
2025-07-19 02:30:00 AM,16.3,81.1,16.1,13.0,point
2025-07-19 03:00:00 AM,16.5,94.3,16.9,15.6,point
2025-07-19 03:30:00 AM,16.6,90.3,16.8,14.9,point
2025-07-19 04:00:00 AM,16.6,89.5,16.8,14.9,point
2025-07-19 04:30:00 AM,16.4,91.0,16.6,14.9,point
2025-07-19 05:00:00 AM,15.6,83.8,15.5,12.8,point
2025-07-19 05:30:00 AM,16.7,91.6,17.0,15.3,point
2025-07-19 06:00:00 AM,16.5,87.1,16.5,14.3,point
2025-07-19 06:30:00 AM,17.4,92.9,17.7,16.2,point
2025-07-19 07:00:00 AM,17.0,92.4,17.3,15.7,point
2025-07-19 07:30:00 AM,17.4,93.1,17.8,16.3,point
2025-07-19 08:00:00 AM,17.9,93.0,18.3,16.8,point
2025-07-19 08:30:00 AM,18.4,92.3,18.8,17.1,point
2025-07-19 09:00:00 AM,18.4,91.8,18.7,17.0,point
2025-07-19 09:30:00 AM,18.2,86.9,18.3,16.0,point
2025-07-19 10:00:00 AM,19.4,93.7,19.9,18.3,point
2025-07-19 10:30:00 AM,19.9,94.2,20.6,18.9,point
2025-07-19 11:00:00 AM,20.1,92.8,20.8,18.9,point
2025-07-19 11:30:00 AM,20.6,94.9,21.4,19.7,point
2025-07-19 12:00:00 PM,20.5,93.6,21.3,19.5,point
2025-07-19 12:30:00 PM,20.9,94.3,21.9,20.0,point
2025-07-19 01:00:00 PM,20.8,91.3,21.5,19.3,point
2025-07-19 01:30:00 PM,20.9,94.5,21.7,20.0,point
2025-07-19 02:00:00 PM,20.5,91.4,21.3,19.0,point
2025-07-19 02:30:00 PM,20.2,91.1,20.9,18.7,point
2025-07-19 03:00:00 PM,19.9,91.3,20.4,18.4,point
2025-07-19 03:30:00 PM,19.2,88.5,19.5,17.2,point
2025-07-19 04:00:00 PM,18.6,86.1,18.7,16.3,point
2025-07-19 04:30:00 PM,18.5,90.0,18.8,16.8,point
2025-07-19 05:00:00 PM,18.1,89.4,18.3,16.3,point
2025-07-19 05:30:00 PM,17.8,89.8,17.9,16.1,point
2025-07-19 06:00:00 PM,17.3,87.0,17.3,15.1,point
2025-07-19 06:30:00 PM,16.4,90.5,16.7,14.9,point
2025-07-19 07:00:00 PM,15.8,92.2,16.1,14.5,point
2025-07-19 07:30:00 PM,15.2,92.0,15.6,13.9,point
2025-07-19 08:00:00 PM,14.8,91.8,15.0,13.4,point
2025-07-19 08:30:00 PM,14.2,92.4,14.4,12.9,point
2025-07-19 09:00:00 PM,14.2,94.7,14.5,13.4,point
2025-07-19 09:30:00 PM,14.0,93.1,14.2,12.9,point
2025-07-19 10:00:00 PM,13.3,86.9,13.4,11.2,point
2025-07-19 10:30:00 PM,13.1,88.5,13.3,11.2,point
2025-07-19 11:00:00 PM,13.2,89.4,13.3,11.5,point
2025-07-19 11:30:00 PM,14.2,91.0,14.4,12.8,point
2025-07-20 12:00:00 AM,16.2,94.2,16.6,15.2,point
2025-07-20 12:30:00 AM,15.7,88.3,15.8,13.7,point
2025-07-20 01:00:00 AM,15.7,88.3,15.9,13.8,point
2025-07-20 01:30:00 AM,16.0,87.6,16.0,13.9,point
2025-07-20 02:00:00 AM,16.2,88.4,16.3,14.3,point
2025-07-20 02:30:00 AM,16.6,89.4,16.8,14.9,point
2025-07-20 03:00:00 AM,16.8,93.5,17.1,15.7,point
2025-07-20 03:30:00 AM,16.7,92.3,17.0,15.4,point
2025-07-20 04:00:00 AM,16.7,92.0,17.1,15.4,point
2025-07-20 04:30:00 AM,16.9,92.5,17.2,15.7,point
2025-07-20 05:00:00 AM,16.4,91.2,16.7,15.0,point
2025-07-20 05:30:00 AM,16.5,92.1,16.9,15.2,point
2025-07-20 06:00:00 AM,16.8,91.8,17.1,15.5,point
2025-07-20 06:30:00 AM,16.9,91.3,17.1,15.5,point
2025-07-20 07:00:00 AM,17.2,92.5,17.5,15.9,point
2025-07-20 07:30:00 AM,17.6,93.7,18.0,16.6,point
2025-07-20 08:00:00 AM,18.2,93.3,18.6,17.1,point
2025-07-20 08:30:00 AM,18.7,94.0,19.2,17.7,point
2025-07-20 09:00:00 AM,19.1,94.6,19.8,18.2,point
2025-07-20 09:30:00 AM,19.4,93.7,20.0,18.4,point
2025-07-20 10:00:00 AM,19.7,95.0,20.4,18.9,point
2025-07-20 10:30:00 AM,19.7,93.1,20.4,18.6,point
2025-07-20 11:00:00 AM,20.0,93.7,20.7,19.0,point
2025-07-20 11:30:00 AM,20.3,93.8,21.2,19.3,point
2025-07-20 12:00:00 PM,20.6,93.4,21.4,19.5,point
2025-07-20 12:30:00 PM,20.8,93.0,21.5,19.6,point
2025-07-20 01:00:00 PM,20.9,92.8,21.6,19.6,point
2025-07-20 01:30:00 PM,20.4,93.8,21.2,19.4,point
2025-07-20 02:00:00 PM,20.1,89.0,20.7,18.2,point
2025-07-20 02:30:00 PM,19.9,92.5,20.5,18.6,point
2025-07-20 03:00:00 PM,19.8,91.2,20.3,18.3,point
2025-07-20 03:30:00 PM,19.1,86.6,19.3,16.8,point
2025-07-20 04:00:00 PM,18.7,87.5,18.9,16.6,point
2025-07-20 04:30:00 PM,18.2,88.1,18.3,16.2,point
2025-07-20 05:00:00 PM,18.0,89.8,18.1,16.2,point
2025-07-20 05:30:00 PM,17.8,90.0,18.1,16.2,point
2025-07-20 06:00:00 PM,17.2,91.0,17.4,15.7,point
2025-07-20 06:30:00 PM,16.2,90.9,16.5,14.7,point
2025-07-20 07:00:00 PM,15.0,78.3,14.7,11.3,point
2025-07-20 07:30:00 PM,15.0,91.4,15.3,13.6,point
2025-07-20 08:00:00 PM,14.6,92.3,14.9,13.4,point
2025-07-20 08:30:00 PM,14.0,90.4,14.3,12.5,point
2025-07-20 09:00:00 PM,14.0,90.5,14.2,12.4,point
2025-07-20 09:30:00 PM,13.9,91.0,14.2,12.5,point
2025-07-20 10:00:00 PM,14.1,94.3,14.4,13.2,point
2025-07-20 10:30:00 PM,14.0,94.3,14.4,13.1,point
2025-07-20 11:00:00 PM,13.9,92.7,14.2,12.8,point
2025-07-20 11:30:00 PM,15.7,98.8,16.2,15.5,point
2025-07-21 12:00:00 AM,16.6,94.2,17.0,15.6,point
2025-07-21 12:30:00 AM,16.7,92.6,17.0,15.5,point
2025-07-21 01:00:00 AM,16.9,92.8,17.2,15.7,point
2025-07-21 01:30:00 AM,16.9,92.1,17.3,15.6,point
2025-07-21 02:00:00 AM,16.8,90.5,17.1,15.3,point
2025-07-21 02:30:00 AM,16.8,91.5,17.1,15.4,point
2025-07-21 03:00:00 AM,16.9,91.5,17.2,15.5,point
2025-07-21 03:30:00 AM,16.7,91.0,16.9,15.2,point
2025-07-21 04:00:00 AM,16.8,91.9,17.1,15.4,point
2025-07-21 04:30:00 AM,16.4,84.8,16.3,13.8,point
2025-07-21 05:00:00 AM,16.8,91.8,17.0,15.4,point
2025-07-21 05:30:00 AM,16.7,92.9,17.1,15.6,point
2025-07-21 06:00:00 AM,16.7,91.3,16.9,15.2,point
2025-07-21 06:30:00 AM,16.8,91.7,17.1,15.5,point
2025-07-21 07:00:00 AM,17.2,93.3,17.5,16.1,point
2025-07-21 07:30:00 AM,17.6,94.0,18.1,16.7,point
2025-07-21 08:00:00 AM,18.1,95.0,18.6,17.3,point
2025-07-21 08:30:00 AM,18.6,93.5,19.0,17.5,point
2025-07-21 09:00:00 AM,18.9,93.0,19.3,17.7,point
2025-07-21 09:30:00 AM,19.1,93.3,19.7,18.0,point
2025-07-21 10:00:00 AM,22.1,100.0,23.6,22.1,point
2025-07-21 10:30:00 AM,22.9,96.1,24.6,22.3,point
2025-07-21 11:00:00 AM,23.1,95.2,24.7,22.2,point
2025-07-21 11:30:00 AM,23.0,93.6,24.4,21.9,point
2025-07-21 12:00:00 PM,23.1,94.6,24.8,22.2,point
2025-07-21 12:30:00 PM,23.5,93.1,25.3,22.3,point
2025-07-21 01:00:00 PM,23.7,90.9,25.4,22.1,point
2025-07-21 01:30:00 PM,23.7,90.8,25.4,22.1,point
2025-07-21 02:00:00 PM,23.5,92.3,25.2,22.2,point
2025-07-21 02:30:00 PM,23.5,92.0,25.1,22.1,point
2025-07-21 03:00:00 PM,23.6,92.2,25.2,22.2,point
2025-07-21 03:30:00 PM,23.6,92.9,25.3,22.4,point
2025-07-21 04:00:00 PM,24.4,94.1,26.6,23.4,point
2025-07-21 04:30:00 PM,24.8,90.2,26.8,23.1,point
2025-07-21 05:00:00 PM,24.8,91.0,26.8,23.2,point
2025-07-21 05:30:00 PM,24.8,91.2,27.0,23.3,point
2025-07-21 06:00:00 PM,24.8,90.9,27.0,23.2,point
2025-07-21 06:30:00 PM,24.8,91.0,27.0,23.2,point
2025-07-21 07:00:00 PM,24.8,90.5,27.0,23.1,point
2025-07-21 07:30:00 PM,23.6,76.0,24.4,19.1,point
2025-07-21 08:00:00 PM,18.1,66.2,17.1,11.7,point
2025-07-21 08:30:00 PM,12.1,66.8,11.5,6.2,point
2025-07-21 09:00:00 PM,9.2,73.6,8.8,4.7,point
2025-07-21 09:30:00 PM,8.7,82.8,8.6,5.9,point
2025-07-21 10:00:00 PM,8.2,83.9,8.1,5.6,point
2025-07-21 10:30:00 PM,7.9,86.2,7.9,5.8,point
2025-07-21 11:00:00 PM,7.8,88.3,7.8,5.9,point
2025-07-21 11:30:00 PM,7.8,90.9,7.8,6.4,point
2025-07-22 12:00:00 AM,7.7,91.3,7.8,6.4,point
2025-07-22 12:30:00 AM,7.8,90.6,7.8,6.3,point
2025-07-22 01:00:00 AM,7.6,90.7,7.6,6.2,point
2025-07-22 01:30:00 AM,7.6,89.8,7.6,6.0,point
2025-07-22 02:00:00 AM,7.7,91.3,7.7,6.3,point
2025-07-22 02:30:00 AM,7.6,91.4,7.7,6.3,point
2025-07-22 03:00:00 AM,7.6,91.2,7.6,6.2,point
2025-07-22 03:30:00 AM,7.3,89.9,7.4,5.8,point
2025-07-22 04:00:00 AM,7.3,90.9,7.4,5.9,point
2025-07-22 04:30:00 AM,7.3,91.3,7.4,6.0,point
2025-07-22 05:00:00 AM,7.3,91.6,7.4,6.1,point
2025-07-22 05:30:00 AM,7.4,91.7,7.4,6.1,point
2025-07-22 06:00:00 AM,7.5,91.6,7.6,6.2,point
2025-07-22 06:30:00 AM,8.2,94.2,8.4,7.3,point
2025-07-22 07:00:00 AM,15.4,100.0,16.0,15.4,point
2025-07-22 07:30:00 AM,21.7,100.0,23.0,21.7,point
2025-07-22 08:00:00 AM,23.6,96.6,25.6,23.1,point
2025-07-22 08:30:00 AM,24.1,92.1,26.0,22.8,point
2025-07-22 09:00:00 AM,24.4,91.6,26.4,22.9,point
2025-07-22 09:30:00 AM,24.6,92.2,26.7,23.3,point
2025-07-22 10:00:00 AM,24.5,89.6,26.4,22.7,point
2025-07-22 10:30:00 AM,24.7,92.0,26.7,23.3,point
2025-07-22 11:00:00 AM,24.6,92.3,26.7,23.3,point
2025-07-22 11:30:00 AM,24.6,92.0,26.7,23.3,point
2025-07-22 12:00:00 PM,24.6,92.0,26.7,23.2,point
2025-07-22 12:30:00 PM,24.6,91.0,26.6,23.0,point
2025-07-22 01:00:00 PM,24.6,91.1,26.6,23.1,point
2025-07-22 01:30:00 PM,24.6,90.9,26.5,23.0,point
2025-07-22 02:00:00 PM,24.7,91.8,26.9,23.3,point
2025-07-22 02:30:00 PM,24.8,91.8,26.9,23.3,point
2025-07-22 03:00:00 PM,24.6,89.9,26.5,22.9,point
2025-07-22 03:30:00 PM,24.8,91.6,26.9,23.3,point
2025-07-22 04:00:00 PM,24.6,88.8,26.5,22.6,point
2025-07-22 04:30:00 PM,24.6,90.3,26.6,23.0,point
2025-07-22 05:00:00 PM,24.7,89.2,26.7,22.8,point
2025-07-22 05:30:00 PM,24.8,91.9,26.9,23.4,point
2025-07-22 06:00:00 PM,24.7,91.3,26.9,23.2,point
2025-07-22 06:30:00 PM,24.8,91.4,27.1,23.3,point
2025-07-22 07:00:00 PM,24.7,89.7,26.7,22.9,point
2025-07-22 07:30:00 PM,23.8,81.8,25.0,20.5,point
2025-07-22 08:00:00 PM,17.5,71.4,16.8,12.2,point
2025-07-22 08:30:00 PM,11.4,71.5,11.0,6.5,point
2025-07-22 09:00:00 PM,9.1,78.4,8.9,5.6,point
2025-07-22 09:30:00 PM,8.5,82.7,8.4,5.7,point
2025-07-22 10:00:00 PM,7.9,87.0,7.8,5.8,point
2025-07-22 10:30:00 PM,7.6,88.3,7.7,5.8,point
2025-07-22 11:00:00 PM,7.3,87.6,7.3,5.4,point
2025-07-22 11:30:00 PM,7.2,89.1,7.3,5.5,point
2025-07-23 12:00:00 AM,7.2,90.2,7.3,5.7,point
2025-07-23 12:30:00 AM,7.2,91.0,7.3,5.8,point
2025-07-23 01:00:00 AM,7.2,91.1,7.2,5.8,point
2025-07-23 01:30:00 AM,7.2,91.4,7.2,5.9,point
2025-07-23 02:00:00 AM,7.1,91.7,7.2,5.9,point
2025-07-23 02:30:00 AM,7.2,91.8,7.3,6.0,point
2025-07-23 03:00:00 AM,7.2,91.8,7.3,6.0,point
2025-07-23 03:30:00 AM,6.9,85.4,6.9,4.6,point
2025-07-23 04:00:00 AM,7.2,91.7,7.2,5.9,point
2025-07-23 04:30:00 AM,7.2,91.2,7.2,5.8,point
2025-07-23 05:00:00 AM,7.5,93.9,7.7,6.6,point
2025-07-23 05:30:00 AM,7.5,92.0,7.6,6.3,point
2025-07-23 06:00:00 AM,7.4,93.5,7.6,6.4,point
2025-07-23 06:30:00 AM,8.7,99.9,9.0,8.7,point
2025-07-23 07:00:00 AM,13.9,100.0,14.4,13.9,point
2025-07-23 07:30:00 AM,22.2,100.0,23.7,22.2,point
2025-07-23 08:00:00 AM,23.3,92.9,24.8,22.0,point
2025-07-23 08:30:00 AM,23.5,90.6,25.0,21.8,point
2025-07-23 09:00:00 AM,23.6,91.0,25.1,22.0,point
2025-07-23 09:30:00 AM,23.6,88.5,25.0,21.6,point
2025-07-23 10:00:00 AM,23.7,90.2,25.4,22.0,point
2025-07-23 10:30:00 AM,23.6,89.3,25.2,21.8,point
2025-07-23 11:00:00 AM,23.7,89.8,25.2,21.9,point
2025-07-23 11:30:00 AM,23.8,90.2,25.4,22.1,point
2025-07-23 12:00:00 PM,23.8,91.3,25.5,22.3,point
2025-07-23 12:30:00 PM,23.7,90.5,25.4,22.1,point
2025-07-23 01:00:00 PM,23.7,89.6,25.3,21.9,point
2025-07-23 01:30:00 PM,23.7,90.4,25.4,22.1,point
2025-07-23 02:00:00 PM,23.8,91.3,25.6,22.3,point
2025-07-23 02:30:00 PM,24.1,91.0,25.9,22.5,point
2025-07-23 03:00:00 PM,24.1,87.8,25.8,22.0,point
2025-07-23 03:30:00 PM,23.0,89.9,24.2,21.2,point
2025-07-23 04:00:00 PM,23.9,93.2,25.7,22.7,point
2025-07-23 04:30:00 PM,23.8,88.9,25.4,21.9,point
2025-07-23 05:00:00 PM,23.5,88.0,25.0,21.4,point
2025-07-23 05:30:00 PM,23.5,88.2,24.8,21.4,point
2025-07-23 06:00:00 PM,23.9,90.9,25.7,22.3,point
2025-07-23 06:30:00 PM,23.8,89.0,25.3,21.9,point
2025-07-23 07:00:00 PM,24.0,90.0,25.7,22.2,point
2025-07-23 07:30:00 PM,22.9,84.3,24.0,20.1,point
2025-07-23 08:00:00 PM,16.2,65.8,15.4,9.8,point
2025-07-23 08:30:00 PM,10.7,67.2,10.1,4.9,point
2025-07-23 09:00:00 PM,9.1,80.2,9.0,5.9,point
2025-07-23 09:30:00 PM,8.2,84.2,8.2,5.8,point
2025-07-23 10:00:00 PM,7.8,86.6,7.7,5.7,point
2025-07-23 10:30:00 PM,7.6,87.3,7.6,5.6,point
2025-07-23 11:00:00 PM,7.5,88.2,7.4,5.6,point
2025-07-23 11:30:00 PM,7.2,88.7,7.3,5.5,point
2025-07-24 12:00:00 AM,7.4,90.5,7.4,5.9,point
2025-07-24 12:30:00 AM,7.4,91.6,7.4,6.1,point
2025-07-24 01:00:00 AM,7.3,91.3,7.3,6.0,point
2025-07-24 01:30:00 AM,7.0,90.3,7.1,5.6,point
2025-07-24 02:00:00 AM,7.0,89.9,7.1,5.5,point
2025-07-24 02:30:00 AM,6.5,88.9,6.6,4.8,point
2025-07-24 03:00:00 AM,6.8,91.2,6.8,5.4,point
2025-07-24 03:30:00 AM,6.9,91.4,6.9,5.6,point
2025-07-24 04:00:00 AM,7.2,92.9,7.3,6.2,point
2025-07-24 04:30:00 AM,7.2,91.1,7.3,5.8,point
2025-07-24 05:00:00 AM,7.3,92.3,7.4,6.1,point
2025-07-24 05:30:00 AM,7.1,89.7,7.2,5.6,point
2025-07-24 06:00:00 AM,7.0,91.3,7.0,5.7,point
2025-07-24 06:30:00 AM,8.1,98.8,8.4,8.0,point
2025-07-24 07:00:00 AM,14.3,100.0,15.0,14.3,point
2025-07-24 07:30:00 AM,20.8,100.0,21.9,20.8,point
2025-07-24 08:00:00 AM,23.0,95.9,24.7,22.3,point
2025-07-24 08:30:00 AM,23.4,91.7,25.1,22.0,point
2025-07-24 09:00:00 AM,23.6,90.5,25.3,22.0,point
2025-07-24 09:30:00 AM,23.8,89.5,25.3,21.9,point
2025-07-24 10:00:00 AM,24.0,91.8,25.9,22.6,point
2025-07-24 10:30:00 AM,24.0,91.7,25.9,22.6,point
2025-07-24 11:00:00 AM,24.1,91.8,25.9,22.6,point
2025-07-24 11:30:00 AM,24.2,91.8,26.2,22.8,point
2025-07-24 12:00:00 PM,24.2,92.4,26.2,22.9,point
2025-07-24 12:30:00 PM,24.2,92.0,26.2,22.8,point
2025-07-24 01:00:00 PM,24.2,92.0,26.2,22.8,point
2025-07-24 01:30:00 PM,24.3,92.4,26.2,23.0,point
2025-07-24 02:00:00 PM,24.2,92.0,26.2,22.9,point
2025-07-24 02:30:00 PM,24.2,91.2,25.9,22.6,point
2025-07-24 03:00:00 PM,24.2,91.1,25.9,22.6,point
2025-07-24 03:30:00 PM,24.2,90.7,25.9,22.6,point
2025-07-24 04:00:00 PM,24.2,90.7,25.9,22.6,point
2025-07-24 04:30:00 PM,24.3,91.7,26.2,22.9,point
2025-07-24 05:00:00 PM,24.4,92.3,26.3,23.0,point
2025-07-24 05:30:00 PM,24.2,90.7,26.1,22.6,point
2025-07-24 06:00:00 PM,24.1,88.3,25.6,22.0,point
2025-07-24 06:30:00 PM,24.2,90.7,26.1,22.6,point
2025-07-24 07:00:00 PM,24.4,91.7,26.4,23.0,point
2025-07-24 07:30:00 PM,23.1,84.5,24.3,20.4,point
2025-07-24 08:00:00 PM,17.0,71.6,16.3,11.8,point
2025-07-24 08:30:00 PM,11.0,71.3,10.5,6.0,point
2025-07-24 09:00:00 PM,8.9,82.6,8.8,6.1,point
2025-07-24 09:30:00 PM,8.8,86.5,8.7,6.6,point
2025-07-24 10:00:00 PM,8.0,85.6,8.0,5.8,point
2025-07-24 10:30:00 PM,7.9,89.8,8.0,6.4,point
2025-07-24 11:00:00 PM,7.8,89.7,7.8,6.2,point
2025-07-24 11:30:00 PM,7.8,91.2,7.8,6.4,point
2025-07-25 12:00:00 AM,7.6,91.2,7.7,6.3,point
2025-07-25 12:30:00 AM,7.6,90.8,7.6,6.2,point
2025-07-25 01:00:00 AM,7.6,91.0,7.6,6.2,point
2025-07-25 01:30:00 AM,7.7,92.0,7.8,6.5,point
2025-07-25 02:00:00 AM,7.6,92.0,7.8,6.4,point
2025-07-25 02:30:00 AM,7.6,91.2,7.7,6.3,point
2025-07-25 03:00:00 AM,7.7,92.3,7.9,6.5,point
2025-07-25 03:30:00 AM,7.7,91.7,7.7,6.4,point
2025-07-25 04:00:00 AM,7.5,91.4,7.6,6.2,point
2025-07-25 04:30:00 AM,7.4,90.2,7.4,5.9,point
2025-07-25 05:00:00 AM,7.4,90.7,7.4,5.9,point
2025-07-25 05:30:00 AM,7.4,90.8,7.5,6.0,point
2025-07-25 06:00:00 AM,7.4,91.4,7.4,6.1,point
2025-07-25 06:30:00 AM,8.3,93.6,8.5,7.4,point
2025-07-25 07:00:00 AM,15.4,100.0,16.1,15.4,point
2025-07-25 07:30:00 AM,21.4,100.0,22.4,21.4,point
2025-07-25 08:00:00 AM,23.2,94.7,24.9,22.3,point
2025-07-25 08:30:00 AM,23.8,91.1,25.4,22.2,point
2025-07-25 09:00:00 AM,24.1,92.4,26.0,22.8,point
2025-07-25 09:30:00 AM,24.1,91.5,26.0,22.7,point
2025-07-25 10:00:00 AM,23.9,87.3,25.5,21.7,point
2025-07-25 10:30:00 AM,24.1,91.4,26.0,22.6,point
2025-07-25 11:00:00 AM,24.2,91.3,26.0,22.7,point
2025-07-25 11:30:00 AM,24.2,89.7,25.8,22.4,point
2025-07-25 12:00:00 PM,24.1,91.8,26.0,22.7,point
2025-07-25 12:30:00 PM,24.1,91.4,26.0,22.6,point
2025-07-25 01:00:00 PM,24.2,91.8,26.0,22.8,point
2025-07-25 01:30:00 PM,24.1,92.0,26.0,22.8,point
2025-07-25 02:00:00 PM,24.1,90.6,25.9,22.5,point
2025-07-25 02:30:00 PM,24.2,91.0,25.9,22.6,point
2025-07-25 03:00:00 PM,23.6,81.8,24.7,20.3,point
2025-07-25 03:30:00 PM,24.9,88.3,26.8,22.8,point
2025-07-25 04:00:00 PM,23.5,89.1,25.0,21.6,point
2025-07-25 04:30:00 PM,23.4,91.5,24.9,21.9,point
2025-07-25 05:00:00 PM,23.5,89.0,25.0,21.6,point
2025-07-25 05:30:00 PM,23.6,87.5,25.0,21.4,point
2025-07-25 06:00:00 PM,23.6,87.8,25.1,21.5,point
2025-07-25 06:30:00 PM,23.7,88.1,25.1,21.6,point
2025-07-25 07:00:00 PM,23.7,87.8,25.1,21.5,point
2025-07-25 07:30:00 PM,22.5,81.3,23.2,19.1,point
2025-07-25 08:00:00 PM,16.8,71.6,16.2,11.7,point
2025-07-25 08:30:00 PM,10.9,72.5,10.4,6.1,point
2025-07-25 09:00:00 PM,8.7,82.3,8.6,5.9,point
2025-07-25 09:30:00 PM,8.1,84.5,8.0,5.6,point
2025-07-25 10:00:00 PM,7.8,86.4,7.8,5.7,point
2025-07-25 10:30:00 PM,7.8,88.1,7.8,6.0,point
2025-07-25 11:00:00 PM,7.6,88.8,7.7,5.9,point
2025-07-25 11:30:00 PM,7.6,89.8,7.7,6.1,point
2025-07-26 12:00:00 AM,7.6,90.1,7.6,6.1,point
2025-07-26 12:30:00 AM,7.6,90.4,7.6,6.1,point
2025-07-26 01:00:00 AM,7.5,91.2,7.5,6.1,point
2025-07-26 01:30:00 AM,7.5,90.5,7.5,6.0,point
2025-07-26 02:00:00 AM,7.5,90.8,7.5,6.0,point
2025-07-26 02:30:00 AM,7.3,89.7,7.4,5.7,point
2025-07-26 03:00:00 AM,7.2,89.5,7.3,5.6,point
2025-07-26 03:30:00 AM,7.4,90.5,7.5,6.0,point
2025-07-26 04:00:00 AM,7.5,92.0,7.7,6.3,point
2025-07-26 04:30:00 AM,7.5,91.2,7.6,6.2,point
2025-07-26 05:00:00 AM,7.5,90.8,7.5,6.1,point
2025-07-26 05:30:00 AM,7.4,91.0,7.4,6.0,point
2025-07-26 06:00:00 AM,7.6,92.0,7.7,6.3,point
2025-07-26 06:30:00 AM,9.0,97.4,9.3,8.6,point
2025-07-26 07:00:00 AM,14.3,100.0,15.0,14.3,point
2025-07-26 07:30:00 AM,21.1,95.7,22.1,20.4,point
2025-07-26 08:00:00 AM,22.7,83.3,23.6,19.7,point
2025-07-26 08:30:00 AM,23.1,83.7,24.1,20.1,point
2025-07-26 09:00:00 AM,23.2,84.2,24.3,20.4,point
2025-07-26 09:30:00 AM,23.2,84.1,24.4,20.4,point
2025-07-26 10:00:00 AM,23.3,84.1,24.5,20.5,point
2025-07-26 10:30:00 AM,23.3,83.0,24.4,20.3,point
2025-07-26 11:00:00 AM,23.4,82.2,24.4,20.1,point
2025-07-26 11:30:00 AM,23.4,82.0,24.5,20.2,point
2025-07-26 12:00:00 PM,23.4,81.1,24.3,20.0,point
2025-07-26 12:30:00 PM,23.2,78.5,24.0,19.2,point
2025-07-26 01:00:00 PM,23.4,79.9,24.4,19.8,point
2025-07-26 01:30:00 PM,23.4,78.8,24.2,19.5,point
2025-07-26 02:00:00 PM,23.4,78.8,24.3,19.5,point
2025-07-26 02:30:00 PM,23.4,78.1,24.3,19.4,point
2025-07-26 03:00:00 PM,23.4,77.7,24.2,19.3,point
2025-07-26 03:30:00 PM,23.5,77.4,24.2,19.3,point
2025-07-26 04:00:00 PM,23.5,77.1,24.2,19.2,point
2025-07-26 04:30:00 PM,23.4,76.6,24.2,19.1,point
2025-07-26 05:00:00 PM,23.4,76.4,24.2,19.0,point
2025-07-26 05:30:00 PM,23.4,76.2,24.2,19.0,point
2025-07-26 06:00:00 PM,23.4,75.2,24.2,18.8,point
2025-07-26 06:30:00 PM,23.4,75.3,24.2,18.8,point
2025-07-26 07:00:00 PM,23.5,75.5,24.3,18.9,point
2025-07-26 07:30:00 PM,22.4,73.4,22.8,17.4,point
2025-07-26 08:00:00 PM,17.2,66.6,16.3,11.0,point
2025-07-26 08:30:00 PM,10.9,67.3,10.2,5.1,point
2025-07-26 09:00:00 PM,8.5,75.1,8.3,4.4,point
2025-07-26 09:30:00 PM,8.5,84.6,8.4,6.0,point
2025-07-26 10:00:00 PM,8.0,85.5,7.9,5.7,point
2025-07-26 10:30:00 PM,7.7,86.0,7.7,5.5,point
2025-07-26 11:00:00 PM,7.7,87.7,7.6,5.8,point
2025-07-26 11:30:00 PM,7.6,88.9,7.7,5.9,point
2025-07-27 12:00:00 AM,7.5,88.0,7.4,5.6,point
2025-07-27 12:30:00 AM,7.4,89.7,7.4,5.8,point
2025-07-27 01:00:00 AM,7.4,88.5,7.5,5.6,point
2025-07-27 01:30:00 AM,7.4,88.7,7.4,5.7,point
2025-07-27 02:00:00 AM,7.4,89.7,7.4,5.8,point
2025-07-27 02:30:00 AM,7.3,90.2,7.4,5.8,point
2025-07-27 03:00:00 AM,7.3,89.8,7.4,5.8,point
2025-07-27 03:30:00 AM,7.2,87.2,7.2,5.2,point
2025-07-27 04:00:00 AM,7.4,89.9,7.4,5.8,point
2025-07-27 04:30:00 AM,7.3,89.7,7.4,5.8,point
2025-07-27 05:00:00 AM,7.2,88.3,7.2,5.4,point
2025-07-27 05:30:00 AM,7.3,90.8,7.4,5.9,point
2025-07-27 06:00:00 AM,7.3,90.7,7.4,5.9,point
2025-07-27 06:30:00 AM,8.7,96.2,8.9,8.1,point
2025-07-27 07:00:00 AM,14.3,100.0,15.0,14.3,point
2025-07-27 07:30:00 AM,20.8,82.9,21.4,17.8,point
2025-07-27 08:00:00 AM,22.8,76.0,23.5,18.4,point
2025-07-27 08:30:00 AM,22.9,76.9,23.7,18.6,point
2025-07-27 09:00:00 AM,23.1,77.2,23.9,18.9,point
2025-07-27 09:30:00 AM,23.1,77.8,24.0,19.1,point
2025-07-27 10:00:00 AM,23.2,77.5,23.9,19.0,point
2025-07-27 10:30:00 AM,23.4,77.7,24.1,19.3,point
2025-07-27 11:00:00 AM,23.1,77.5,23.9,19.0,point
2025-07-27 11:30:00 AM,23.2,77.2,23.9,19.0,point
2025-07-27 12:00:00 PM,23.2,77.2,23.9,19.0,point
2025-07-27 12:30:00 PM,23.2,76.9,24.0,18.9,point
2025-07-27 01:00:00 PM,23.2,76.7,24.0,18.9,point
2025-07-27 01:30:00 PM,23.2,76.4,24.0,18.9,point
2025-07-27 02:00:00 PM,23.3,76.2,24.1,18.9,point
2025-07-27 02:30:00 PM,23.3,76.0,24.1,18.9,point
2025-07-27 03:00:00 PM,23.3,75.8,24.1,18.8,point
2025-07-27 03:30:00 PM,23.4,75.6,24.1,18.8,point
2025-07-27 04:00:00 PM,23.4,75.5,24.1,18.8,point
2025-07-27 04:30:00 PM,23.3,75.2,24.1,18.7,point
2025-07-27 05:00:00 PM,23.3,75.1,24.1,18.7,point
2025-07-27 05:30:00 PM,23.3,75.0,24.0,18.6,point
2025-07-27 06:00:00 PM,23.3,74.9,24.0,18.6,point
2025-07-27 06:30:00 PM,23.3,74.7,24.0,18.6,point
2025-07-27 07:00:00 PM,23.3,74.6,24.0,18.6,point
2025-07-27 07:30:00 PM,22.1,67.9,22.3,15.9,point
2025-07-27 08:00:00 PM,17.4,62.2,16.2,10.1,point
2025-07-27 08:30:00 PM,11.4,74.8,10.9,7.1,point
2025-07-27 09:00:00 PM,8.6,76.0,8.3,4.6,point
2025-07-27 09:30:00 PM,8.5,83.7,8.5,5.9,point
2025-07-27 10:00:00 PM,7.8,83.1,7.7,5.1,point
2025-07-27 10:30:00 PM,7.6,85.1,7.6,5.3,point
2025-07-27 11:00:00 PM,7.6,87.0,7.5,5.5,point
2025-07-27 11:30:00 PM,7.5,88.2,7.5,5.7,point
2025-07-28 12:00:00 AM,7.5,88.4,7.6,5.7,point
2025-07-28 12:30:00 AM,7.5,87.4,7.5,5.5,point
2025-07-28 01:00:00 AM,7.6,88.6,7.6,5.8,point
2025-07-28 01:30:00 AM,7.4,88.3,7.4,5.6,point
2025-07-28 02:00:00 AM,7.2,86.7,7.2,5.2,point
2025-07-28 02:30:00 AM,7.3,88.8,7.4,5.6,point
2025-07-28 03:00:00 AM,7.3,88.2,7.4,5.5,point
2025-07-28 03:30:00 AM,7.4,89.7,7.5,5.8,point
2025-07-28 04:00:00 AM,7.3,89.6,7.3,5.7,point
2025-07-28 04:30:00 AM,7.4,89.4,7.5,5.8,point
2025-07-28 05:00:00 AM,7.3,88.5,7.4,5.5,point
2025-07-28 05:30:00 AM,7.3,89.2,7.3,5.6,point
2025-07-28 06:00:00 AM,7.0,86.4,7.0,4.9,point
2025-07-28 06:30:00 AM,8.0,88.9,8.1,6.3,point
2025-07-28 07:00:00 AM,14.1,100.0,14.6,14.1,point
2025-07-28 07:30:00 AM,21.1,86.5,21.7,18.7,point
2025-07-28 08:00:00 AM,22.7,77.3,23.4,18.6,point
2025-07-28 08:30:00 AM,23.0,78.6,23.8,19.1,point
2025-07-28 09:00:00 AM,23.1,79.1,24.1,19.3,point
2025-07-28 09:30:00 AM,23.4,79.7,24.3,19.7,point
2025-07-28 10:00:00 AM,23.2,79.5,24.2,19.5,point
2025-07-28 10:30:00 AM,23.4,81.0,24.5,20.0,point
2025-07-28 11:00:00 AM,23.4,81.3,24.5,20.0,point
2025-07-28 11:30:00 AM,23.6,81.0,24.6,20.1,point
2025-07-28 12:00:00 PM,23.6,80.9,24.6,20.1,point
2025-07-28 12:30:00 PM,23.5,80.2,24.4,19.9,point
2025-07-28 01:00:00 PM,23.5,79.7,24.5,19.8,point
2025-07-28 01:30:00 PM,23.6,80.7,24.7,20.1,point
2025-07-28 02:00:00 PM,23.7,76.5,24.6,19.3,point
2025-07-28 02:30:00 PM,23.7,73.7,24.4,18.7,point
2025-07-28 03:00:00 PM,23.6,80.0,24.6,20.0,point
2025-07-28 03:30:00 PM,23.6,80.0,24.5,19.9,point
2025-07-28 04:00:00 PM,23.5,80.0,24.5,19.9,point
2025-07-28 04:30:00 PM,23.6,79.9,24.5,19.9,point
2025-07-28 05:00:00 PM,23.5,79.7,24.5,19.8,point
2025-07-28 05:30:00 PM,23.6,79.8,24.6,19.9,point
2025-07-28 06:00:00 PM,23.6,78.9,24.5,19.7,point
2025-07-28 06:30:00 PM,23.6,79.8,24.6,19.9,point
2025-07-28 07:00:00 PM,23.6,79.8,24.6,19.9,point
2025-07-28 07:30:00 PM,22.6,75.5,23.2,18.0,point
2025-07-28 08:00:00 PM,16.8,71.5,16.2,11.7,point
2025-07-28 08:30:00 PM,11.0,68.5,10.4,5.4,point
2025-07-28 09:00:00 PM,8.4,77.8,8.1,4.7,point
2025-07-28 09:30:00 PM,7.7,80.8,7.5,4.6,point
2025-07-28 10:00:00 PM,7.3,82.6,7.3,4.6,point
2025-07-28 10:30:00 PM,7.2,83.7,7.1,4.6,point
2025-07-28 11:00:00 PM,7.0,85.3,7.0,4.8,point
2025-07-28 11:30:00 PM,7.0,86.2,6.9,4.8,point
2025-07-29 12:00:00 AM,6.9,86.7,6.8,4.8,point
2025-07-29 12:30:00 AM,6.8,87.1,6.8,4.8,point
2025-07-29 01:00:00 AM,6.8,88.0,6.8,5.0,point
2025-07-29 01:30:00 AM,6.9,89.1,6.9,5.2,point
2025-07-29 02:00:00 AM,7.0,89.2,7.1,5.4,point
2025-07-29 02:30:00 AM,7.0,89.5,7.0,5.4,point
2025-07-29 03:00:00 AM,7.0,89.3,7.0,5.3,point
2025-07-29 03:30:00 AM,6.8,89.1,6.9,5.1,point
2025-07-29 04:00:00 AM,6.8,89.3,6.9,5.2,point
2025-07-29 04:30:00 AM,6.9,89.6,6.9,5.3,point
2025-07-29 05:00:00 AM,7.0,89.2,7.0,5.3,point
2025-07-29 05:30:00 AM,6.8,89.0,6.8,5.1,point
2025-07-29 06:00:00 AM,6.7,88.9,6.8,5.0,point
2025-07-29 06:30:00 AM,7.2,94.3,7.3,6.3,point
2025-07-29 07:00:00 AM,14.0,100.0,14.6,14.0,point
2025-07-29 07:30:00 AM,19.8,100.0,20.8,19.8,point
2025-07-29 08:00:00 AM,22.3,91.2,23.4,20.8,point
2025-07-29 08:30:00 AM,22.7,89.0,24.0,20.8,point
2025-07-29 09:00:00 AM,23.1,89.6,24.4,21.2,point
2025-07-29 09:30:00 AM,23.2,90.2,24.7,21.5,point
2025-07-29 10:00:00 AM,23.5,90.4,25.0,21.8,point
2025-07-29 10:30:00 AM,23.6,89.5,25.2,21.8,point
2025-07-29 11:00:00 AM,23.7,90.2,25.4,22.0,point
2025-07-29 11:30:00 AM,23.8,89.9,25.3,22.0,point
2025-07-29 12:00:00 PM,23.7,90.1,25.4,22.0,point
2025-07-29 12:30:00 PM,23.8,90.4,25.5,22.2,point
2025-07-29 01:00:00 PM,23.7,88.4,25.2,21.7,point
2025-07-29 01:30:00 PM,23.7,88.6,25.2,21.7,point
2025-07-29 02:00:00 PM,23.7,89.2,25.2,21.8,point
2025-07-29 02:30:00 PM,23.6,87.0,24.9,21.3,point
2025-07-29 03:00:00 PM,23.7,87.9,25.2,21.6,point
2025-07-29 03:30:00 PM,23.7,86.7,25.2,21.4,point
2025-07-29 04:00:00 PM,23.8,86.9,25.2,21.4,point
2025-07-29 04:30:00 PM,23.8,84.5,25.1,21.0,point
2025-07-29 05:00:00 PM,23.8,85.0,25.1,21.1,point
2025-07-29 05:30:00 PM,23.7,83.0,24.9,20.6,point
2025-07-29 06:00:00 PM,23.7,82.8,24.9,20.6,point
2025-07-29 06:30:00 PM,23.7,82.0,24.9,20.5,point
2025-07-29 07:00:00 PM,23.6,80.2,24.6,20.0,point
2025-07-29 07:30:00 PM,22.6,76.9,23.2,18.3,point
2025-07-29 08:00:00 PM,16.5,67.0,15.6,10.4,point
2025-07-29 08:30:00 PM,10.5,69.9,10.0,5.3,point
2025-07-29 09:00:00 PM,8.1,76.5,7.9,4.2,point
2025-07-29 09:30:00 PM,7.6,78.5,7.3,4.1,point
2025-07-29 10:00:00 PM,7.8,86.0,7.8,5.6,point
2025-07-29 10:30:00 PM,7.3,86.2,7.3,5.2,point
2025-07-29 11:00:00 PM,7.3,86.8,7.3,5.2,point
2025-07-29 11:30:00 PM,7.4,89.5,7.4,5.8,point
2025-07-30 12:00:00 AM,7.2,87.1,7.2,5.2,point
2025-07-30 12:30:00 AM,7.3,91.5,7.4,6.0,point
2025-07-30 01:00:00 AM,7.0,88.2,7.1,5.2,point
2025-07-30 01:30:00 AM,7.2,90.2,7.2,5.7,point
2025-07-30 02:00:00 AM,7.2,91.3,7.2,5.9,point
2025-07-30 02:30:00 AM,7.1,90.3,7.2,5.6,point
2025-07-30 03:00:00 AM,7.2,90.3,7.3,5.7,point
2025-07-30 03:30:00 AM,7.1,91.4,7.2,5.8,point
2025-07-30 04:00:00 AM,6.8,87.0,6.8,4.8,point
2025-07-30 04:30:00 AM,7.2,90.8,7.2,5.8,point
2025-07-30 05:00:00 AM,7.3,90.6,7.4,5.9,point
2025-07-30 05:30:00 AM,7.2,91.4,7.3,5.9,point
2025-07-30 06:00:00 AM,7.0,90.3,7.1,5.5,point
2025-07-30 06:30:00 AM,9.0,97.3,9.3,8.6,point
2025-07-30 07:00:00 AM,15.0,100.0,15.6,15.0,point
2025-07-30 07:30:00 AM,21.0,100.0,22.1,21.0,point
2025-07-30 08:00:00 AM,22.9,91.5,24.2,21.4,point
2025-07-30 08:30:00 AM,23.3,89.6,24.6,21.4,point
2025-07-30 09:00:00 AM,23.6,90.8,25.1,22.0,point
2025-07-30 09:30:00 AM,23.5,89.0,25.0,21.6,point
2025-07-30 10:00:00 AM,23.6,89.5,25.2,21.8,point
2025-07-30 10:30:00 AM,23.7,90.4,25.4,22.0,point
2025-07-30 11:00:00 AM,23.6,89.4,25.2,21.8,point
2025-07-30 11:30:00 AM,23.6,89.8,25.2,21.9,point
2025-07-30 12:00:00 PM,23.5,87.1,24.9,21.2,point
2025-07-30 12:30:00 PM,23.6,86.8,25.0,21.3,point
2025-07-30 01:00:00 PM,23.7,89.8,25.3,21.9,point
2025-07-30 01:30:00 PM,23.8,90.7,25.4,22.1,point
2025-07-30 02:00:00 PM,24.3,89.7,26.0,22.5,point
2025-07-30 02:30:00 PM,24.9,85.7,26.6,22.3,point
2025-07-30 03:00:00 PM,25.0,88.0,27.0,22.9,point
2025-07-30 03:30:00 PM,24.8,88.0,26.8,22.7,point
2025-07-30 04:00:00 PM,24.6,87.8,26.3,22.4,point
2025-07-30 04:30:00 PM,24.6,88.2,26.4,22.5,point
2025-07-30 05:00:00 PM,24.6,88.8,26.4,22.6,point
2025-07-30 05:30:00 PM,24.4,86.6,25.9,22.0,point
2025-07-30 06:00:00 PM,23.9,86.2,25.4,21.5,point
2025-07-30 06:30:00 PM,23.5,81.3,24.5,20.1,point
2025-07-30 07:00:00 PM,23.9,92.1,25.8,22.5,point
2025-07-30 07:30:00 PM,22.5,81.4,23.2,19.1,point
2025-07-30 08:00:00 PM,17.1,63.7,16.0,10.2,point
2025-07-30 08:30:00 PM,12.0,67.3,11.4,6.1,point
2025-07-30 09:00:00 PM,9.2,78.5,8.9,5.6,point
2025-07-30 09:30:00 PM,8.4,84.4,8.4,5.9,point
2025-07-30 10:00:00 PM,7.8,85.5,7.8,5.5,point
2025-07-30 10:30:00 PM,7.6,87.1,7.5,5.6,point
2025-07-30 11:00:00 PM,7.3,88.2,7.3,5.5,point
2025-07-30 11:30:00 PM,7.1,87.7,7.1,5.2,point
2025-07-31 12:00:00 AM,7.1,88.6,7.1,5.3,point
2025-07-31 12:30:00 AM,7.1,89.8,7.1,5.5,point
2025-07-31 01:00:00 AM,7.2,90.7,7.3,5.8,point
2025-07-31 01:30:00 AM,7.1,90.5,7.2,5.7,point
2025-07-31 02:00:00 AM,7.0,90.8,7.1,5.6,point
2025-07-31 02:30:00 AM,7.2,90.8,7.3,5.8,point
2025-07-31 03:00:00 AM,7.2,91.5,7.3,5.9,point
2025-07-31 03:30:00 AM,7.2,91.2,7.2,5.8,point
2025-07-31 04:00:00 AM,7.2,91.3,7.3,5.9,point
2025-07-31 04:30:00 AM,7.4,91.1,7.4,6.0,point
2025-07-31 05:00:00 AM,7.2,91.7,7.2,5.9,point
2025-07-31 05:30:00 AM,7.1,88.9,7.1,5.4,point
2025-07-31 06:00:00 AM,7.2,91.6,7.3,6.0,point
2025-07-31 06:30:00 AM,8.6,99.2,8.9,8.5,point
2025-07-31 07:00:00 AM,15.0,100.0,15.6,15.0,point
2025-07-31 07:30:00 AM,21.6,100.0,22.7,21.5,point
2025-07-31 08:00:00 AM,22.9,93.7,24.4,21.9,point
2025-07-31 08:30:00 AM,23.4,92.9,25.0,22.2,point
2025-07-31 09:00:00 AM,23.5,92.2,25.2,22.2,point
2025-07-31 09:30:00 AM,23.5,91.8,25.2,22.1,point
2025-07-31 10:00:00 AM,23.5,91.6,25.1,22.0,point
2025-07-31 10:30:00 AM,23.8,94.5,25.8,22.9,point
2025-07-31 11:00:00 AM,23.6,92.5,25.2,22.3,point
2025-07-31 11:30:00 AM,23.7,93.5,25.4,22.6,point
2025-07-31 12:00:00 PM,23.6,91.4,25.3,22.1,point
2025-07-31 12:30:00 PM,23.7,91.9,25.5,22.3,point
2025-07-31 01:00:00 PM,23.9,95.3,26.0,23.1,point
2025-07-31 01:30:00 PM,23.7,93.0,25.5,22.5,point
2025-07-31 02:00:00 PM,23.7,93.7,25.5,22.7,point
2025-07-31 02:30:00 PM,23.5,91.2,25.1,22.0,point
2025-07-31 03:00:00 PM,23.8,93.3,25.5,22.6,point
2025-07-31 03:30:00 PM,24.9,90.8,27.0,23.2,point
2025-07-31 04:00:00 PM,25.9,85.9,29.0,23.4,point
2025-07-31 04:30:00 PM,25.9,86.2,29.1,23.5,point
2025-07-31 05:00:00 PM,25.9,84.5,28.8,23.1,point
2025-07-31 05:30:00 PM,25.9,85.8,29.0,23.4,point
2025-07-31 06:00:00 PM,25.9,84.7,28.9,23.2,point
2025-07-31 06:30:00 PM,26.0,85.4,29.0,23.3,point
2025-07-31 07:00:00 PM,25.9,84.1,28.8,23.0,point
2025-07-31 07:30:00 PM,24.1,73.5,24.8,19.0,point
2025-07-31 08:00:00 PM,17.0,65.1,15.9,10.4,point
2025-07-31 08:30:00 PM,10.2,68.2,9.7,4.6,point
2025-07-31 09:00:00 PM,9.0,80.8,8.8,5.8,point
2025-07-31 09:30:00 PM,8.2,84.3,8.1,5.7,point
2025-07-31 10:00:00 PM,7.8,85.1,7.7,5.4,point
2025-07-31 10:30:00 PM,7.5,86.0,7.5,5.3,point
2025-07-31 11:00:00 PM,7.4,86.9,7.4,5.4,point
2025-07-31 11:30:00 PM,7.3,87.3,7.3,5.3,point
2025-08-01 12:00:00 AM,7.3,87.8,7.3,5.4,point
2025-08-01 12:30:00 AM,7.3,88.6,7.4,5.5,point
2025-08-01 01:00:00 AM,7.4,88.8,7.4,5.7,point
2025-08-01 01:30:00 AM,7.2,88.8,7.3,5.5,point
2025-08-01 02:00:00 AM,7.2,89.7,7.3,5.7,point
2025-08-01 02:30:00 AM,7.2,90.0,7.3,5.7,point
2025-08-01 03:00:00 AM,7.4,89.4,7.4,5.8,point
2025-08-01 03:30:00 AM,7.4,90.2,7.5,5.9,point
2025-08-01 04:00:00 AM,7.5,89.2,7.6,5.9,point
2025-08-01 04:30:00 AM,7.4,89.0,7.5,5.7,point
2025-08-01 05:00:00 AM,7.5,89.4,7.5,5.8,point
2025-08-01 05:30:00 AM,7.4,89.8,7.4,5.8,point
2025-08-01 06:00:00 AM,7.3,89.9,7.3,5.7,point
2025-08-01 06:30:00 AM,8.0,92.4,8.2,6.9,point
2025-08-01 07:00:00 AM,15.3,100.0,16.0,15.3,point
2025-08-01 07:30:00 AM,21.7,100.0,22.8,21.7,point
2025-08-01 08:00:00 AM,24.2,89.8,25.8,22.4,point
2025-08-01 08:30:00 AM,24.8,87.5,26.6,22.5,point
2025-08-01 09:00:00 AM,24.9,85.3,26.6,22.2,point
2025-08-01 09:30:00 AM,25.0,85.6,27.0,22.5,point
2025-08-01 10:00:00 AM,25.0,85.6,27.0,22.4,point
2025-08-01 10:30:00 AM,25.0,86.3,27.1,22.5,point
2025-08-01 11:00:00 AM,24.9,84.1,26.7,22.1,point
2025-08-01 11:30:00 AM,25.1,85.9,27.2,22.6,point
2025-08-01 12:00:00 PM,25.0,84.5,26.9,22.2,point
2025-08-01 12:30:00 PM,25.2,84.0,27.1,22.3,point
2025-08-01 01:00:00 PM,25.3,85.7,27.7,22.8,point
2025-08-01 01:30:00 PM,25.2,86.0,27.5,22.7,point
2025-08-01 02:00:00 PM,25.2,85.5,27.2,22.6,point
2025-08-01 02:30:00 PM,25.2,84.9,27.2,22.4,point
2025-08-01 03:00:00 PM,25.4,85.7,27.9,22.9,point
2025-08-01 03:30:00 PM,25.3,84.5,27.5,22.5,point
2025-08-01 04:00:00 PM,24.1,88.7,25.8,22.2,point
2025-08-01 04:30:00 PM,24.4,88.1,26.2,22.3,point
2025-08-01 05:00:00 PM,24.5,88.2,26.2,22.4,point
2025-08-01 05:30:00 PM,24.2,87.4,25.9,22.0,point
2025-08-01 06:00:00 PM,24.5,88.4,26.3,22.5,point
2025-08-01 06:30:00 PM,24.6,88.3,26.3,22.5,point
2025-08-01 07:00:00 PM,24.9,88.3,26.8,22.8,point
2025-08-01 07:30:00 PM,24.4,81.8,25.7,21.1,point
2025-08-01 08:00:00 PM,20.3,68.9,20.1,14.4,point
2025-08-01 08:30:00 PM,13.8,68.2,13.1,8.0,point
2025-08-01 09:00:00 PM,10.8,72.0,10.4,6.0,point
2025-08-01 09:30:00 PM,10.6,74.9,10.2,6.3,point
2025-08-01 10:00:00 PM,9.5,84.2,9.5,7.0,point
2025-08-01 10:30:00 PM,8.9,84.2,8.9,6.4,point
2025-08-01 11:00:00 PM,8.5,86.0,8.4,6.3,point
2025-08-01 11:30:00 PM,8.2,86.8,8.2,6.1,point
2025-08-02 12:00:00 AM,8.0,86.6,7.9,5.9,point
2025-08-02 12:30:00 AM,7.7,87.2,7.7,5.7,point
2025-08-02 01:00:00 AM,7.7,88.0,7.7,5.9,point
2025-08-02 01:30:00 AM,7.6,85.7,7.6,5.4,point
2025-08-02 02:00:00 AM,7.7,89.0,7.8,6.0,point
2025-08-02 02:30:00 AM,7.5,86.5,7.5,5.4,point
2025-08-02 03:00:00 AM,7.8,90.0,7.9,6.3,point
2025-08-02 03:30:00 AM,7.7,88.6,7.8,5.9,point
2025-08-02 04:00:00 AM,7.4,87.3,7.4,5.4,point
2025-08-02 04:30:00 AM,7.3,87.0,7.3,5.3,point
2025-08-02 05:00:00 AM,7.2,84.1,7.1,4.7,point
2025-08-02 05:30:00 AM,7.3,89.9,7.4,5.8,point
2025-08-02 06:00:00 AM,7.2,88.9,7.3,5.5,point
2025-08-02 06:30:00 AM,8.5,98.0,8.7,8.2,point
2025-08-02 07:00:00 AM,14.0,100.0,14.6,14.0,point
2025-08-02 07:30:00 AM,20.5,100.0,21.6,20.5,point
2025-08-02 08:00:00 AM,23.4,100.0,25.6,23.4,point
2025-08-02 08:30:00 AM,24.5,91.2,26.5,23.0,point
2025-08-02 09:00:00 AM,24.9,89.2,26.9,23.0,point
2025-08-02 09:30:00 AM,25.0,90.1,27.4,23.3,point
2025-08-02 10:00:00 AM,25.1,90.0,27.3,23.3,point
2025-08-02 10:30:00 AM,25.1,89.7,27.3,23.3,point
2025-08-02 11:00:00 AM,25.1,89.6,27.6,23.3,point
2025-08-02 11:30:00 AM,25.0,89.0,27.3,23.1,point
2025-08-02 12:00:00 PM,24.9,89.3,27.1,23.0,point
2025-08-02 12:30:00 PM,24.9,88.7,26.8,22.9,point
2025-08-02 01:00:00 PM,25.0,88.5,27.2,23.0,point
2025-08-02 01:30:00 PM,25.0,88.8,27.1,23.0,point
2025-08-02 02:00:00 PM,24.9,88.2,27.0,22.9,point
2025-08-02 02:30:00 PM,25.2,88.7,27.6,23.2,point
2025-08-02 03:00:00 PM,25.1,88.0,27.5,23.0,point
2025-08-02 03:30:00 PM,25.2,87.1,27.6,22.9,point
2025-08-02 04:00:00 PM,25.3,87.8,27.7,23.1,point
2025-08-02 04:30:00 PM,25.1,87.0,27.3,22.8,point
2025-08-02 05:00:00 PM,25.0,86.6,27.1,22.6,point
2025-08-02 05:30:00 PM,25.0,86.4,27.1,22.6,point
2025-08-02 06:00:00 PM,24.9,85.3,26.6,22.2,point
2025-08-02 06:30:00 PM,24.9,84.8,26.6,22.1,point
2025-08-02 07:00:00 PM,25.0,84.3,26.7,22.1,point
2025-08-02 07:30:00 PM,24.3,80.0,25.4,20.6,point
2025-08-02 08:00:00 PM,19.8,62.0,19.2,12.3,point
2025-08-02 08:30:00 PM,13.3,62.2,12.5,6.2,point
2025-08-02 09:00:00 PM,11.1,71.0,10.6,6.1,point
2025-08-02 09:30:00 PM,10.5,77.9,10.3,6.8,point
2025-08-02 10:00:00 PM,9.7,79.7,9.5,6.4,point
2025-08-02 10:30:00 PM,8.7,81.5,8.6,5.8,point
2025-08-02 11:00:00 PM,8.2,83.3,8.1,5.5,point
2025-08-02 11:30:00 PM,7.9,84.5,7.9,5.5,point
2025-08-03 12:00:00 AM,7.8,85.2,7.8,5.5,point
2025-08-03 12:30:00 AM,7.8,85.6,7.7,5.5,point
2025-08-03 01:00:00 AM,7.7,85.9,7.7,5.5,point
2025-08-03 01:30:00 AM,7.8,86.3,7.7,5.6,point
2025-08-03 02:00:00 AM,7.7,86.6,7.7,5.6,point
2025-08-03 02:30:00 AM,7.7,86.5,7.6,5.5,point
2025-08-03 03:00:00 AM,7.7,86.9,7.6,5.6,point
2025-08-03 03:30:00 AM,7.7,87.1,7.6,5.7,point
2025-08-03 04:00:00 AM,7.6,87.2,7.5,5.6,point
2025-08-03 04:30:00 AM,7.7,87.5,7.6,5.7,point
2025-08-03 05:00:00 AM,7.6,87.3,7.6,5.6,point
2025-08-03 05:30:00 AM,7.7,87.5,7.6,5.7,point
2025-08-03 06:00:00 AM,7.6,87.3,7.5,5.6,point
2025-08-03 06:30:00 AM,8.1,89.3,8.2,6.5,point
2025-08-03 07:00:00 AM,14.2,100.0,14.8,14.2,point
2025-08-03 07:30:00 AM,20.1,100.0,21.0,20.1,point
2025-08-03 08:00:00 AM,23.4,89.2,24.9,21.6,point
2025-08-03 08:30:00 AM,24.2,85.4,25.7,21.6,point
2025-08-03 09:00:00 AM,24.5,86.2,26.2,22.0,point
2025-08-03 09:30:00 AM,24.5,86.3,26.2,22.1,point
2025-08-03 10:00:00 AM,24.6,85.7,26.2,22.1,point
2025-08-03 10:30:00 AM,24.6,84.9,26.2,21.9,point
2025-08-03 11:00:00 AM,24.8,85.1,26.4,22.1,point
2025-08-03 11:30:00 AM,24.7,84.2,26.3,21.9,point
2025-08-03 12:00:00 PM,24.8,83.0,26.4,21.7,point
2025-08-03 12:30:00 PM,24.8,82.5,26.4,21.6,point
2025-08-03 01:00:00 PM,24.8,81.7,26.3,21.5,point
2025-08-03 01:30:00 PM,24.9,80.9,26.3,21.3,point
2025-08-03 02:00:00 PM,24.7,79.5,26.0,20.9,point
2025-08-03 02:30:00 PM,24.9,79.8,26.2,21.1,point
2025-08-03 03:00:00 PM,24.8,78.8,26.1,20.9,point
2025-08-03 03:30:00 PM,24.8,78.5,26.0,20.8,point
2025-08-03 04:00:00 PM,24.8,78.4,26.0,20.8,point
2025-08-03 04:30:00 PM,24.9,78.2,26.0,20.8,point
2025-08-03 05:00:00 PM,24.8,77.5,25.9,20.6,point
2025-08-03 05:30:00 PM,24.7,77.2,25.8,20.5,point
2025-08-03 06:00:00 PM,24.7,76.9,25.8,20.4,point
2025-08-03 06:30:00 PM,24.6,76.4,25.6,20.2,point
2025-08-03 07:00:00 PM,24.7,76.8,25.8,20.4,point
2025-08-03 07:30:00 PM,24.0,75.9,24.8,19.4,point
2025-08-03 08:00:00 PM,19.9,66.6,19.4,13.5,point
2025-08-03 08:30:00 PM,12.8,59.0,11.8,5.0,point
2025-08-03 09:00:00 PM,10.8,75.3,10.4,6.5,point
2025-08-03 09:30:00 PM,10.1,78.6,9.8,6.5,point
2025-08-03 10:00:00 PM,9.6,79.7,9.4,6.3,point
2025-08-03 10:30:00 PM,9.1,81.0,8.9,6.0,point
2025-08-03 11:00:00 PM,8.4,84.9,8.3,6.0,point
2025-08-03 11:30:00 PM,7.9,86.1,7.9,5.8,point
2025-08-04 12:00:00 AM,7.8,83.9,7.7,5.2,point
2025-08-04 12:30:00 AM,7.5,85.9,7.5,5.3,point
2025-08-04 01:00:00 AM,7.5,86.8,7.5,5.5,point
2025-08-04 01:30:00 AM,7.6,87.2,7.5,5.6,point
2025-08-04 02:00:00 AM,7.6,87.2,7.5,5.6,point
2025-08-04 02:30:00 AM,7.2,79.1,7.1,3.8,point
2025-08-04 03:00:00 AM,7.5,87.1,7.4,5.5,point
2025-08-04 03:30:00 AM,7.7,89.0,7.7,6.0,point
2025-08-04 04:00:00 AM,7.7,88.0,7.6,5.8,point
2025-08-04 04:30:00 AM,7.6,87.5,7.6,5.7,point
2025-08-04 05:00:00 AM,7.6,88.8,7.7,5.9,point
2025-08-04 05:30:00 AM,7.6,87.9,7.6,5.8,point
2025-08-04 06:00:00 AM,7.6,88.3,7.7,5.8,point
2025-08-04 06:30:00 AM,8.5,97.2,8.8,8.1,point
2025-08-04 07:00:00 AM,13.7,100.0,14.3,13.7,point
2025-08-04 07:30:00 AM,20.5,100.0,21.6,20.5,point
2025-08-04 08:00:00 AM,23.2,91.0,24.7,21.7,point
2025-08-04 08:30:00 AM,24.2,86.7,25.8,21.9,point
2025-08-04 09:00:00 AM,24.5,86.4,26.1,22.1,point
2025-08-04 09:30:00 AM,24.7,87.2,26.5,22.4,point
2025-08-04 10:00:00 AM,24.7,87.5,26.4,22.4,point
2025-08-04 10:30:00 AM,24.8,86.5,26.5,22.4,point
2025-08-04 11:00:00 AM,24.7,86.7,26.3,22.3,point
2025-08-04 11:30:00 AM,24.9,85.8,26.6,22.3,point
2025-08-04 12:00:00 PM,24.8,85.0,26.4,22.1,point
2025-08-04 12:30:00 PM,24.8,84.6,26.6,22.0,point
2025-08-04 01:00:00 PM,24.8,83.7,26.5,21.9,point
2025-08-04 01:30:00 PM,24.6,82.5,26.0,21.5,point
2025-08-04 02:00:00 PM,24.7,81.9,26.1,21.4,point
2025-08-04 02:30:00 PM,24.7,82.1,26.2,21.5,point
2025-08-04 03:00:00 PM,24.7,81.3,26.1,21.3,point
2025-08-04 03:30:00 PM,23.9,76.6,24.7,19.5,point
2025-08-04 04:00:00 PM,23.9,72.8,24.5,18.7,point
2025-08-04 04:30:00 PM,24.2,78.0,25.3,20.1,point
2025-08-04 05:00:00 PM,24.0,77.5,24.9,19.8,point
2025-08-04 05:30:00 PM,23.9,78.0,24.8,19.8,point
2025-08-04 06:00:00 PM,23.8,76.9,24.7,19.5,point
2025-08-04 06:30:00 PM,23.9,78.4,24.8,19.9,point
2025-08-04 07:00:00 PM,23.9,78.6,24.8,19.9,point
2025-08-04 07:30:00 PM,22.4,74.0,23.0,17.5,point
2025-08-04 08:00:00 PM,16.4,65.8,15.5,10.1,point
2025-08-04 08:30:00 PM,10.2,69.5,9.8,4.9,point
2025-08-04 09:00:00 PM,8.3,75.6,8.1,4.3,point
2025-08-04 09:30:00 PM,8.1,84.0,8.1,5.6,point
2025-08-04 10:00:00 PM,7.6,86.3,7.5,5.4,point
2025-08-04 10:30:00 PM,8.1,84.7,8.0,5.7,point
2025-08-04 11:00:00 PM,7.0,81.3,6.9,4.1,point
2025-08-04 11:30:00 PM,7.5,87.1,7.5,5.5,point
2025-08-05 12:00:00 AM,7.6,91.0,7.6,6.2,point
2025-08-05 12:30:00 AM,7.4,88.2,7.4,5.5,point
2025-08-05 01:00:00 AM,7.2,86.5,7.2,5.2,point
2025-08-05 01:30:00 AM,7.4,89.8,7.5,5.8,point
2025-08-05 02:00:00 AM,7.2,88.4,7.2,5.4,point
2025-08-05 02:30:00 AM,7.2,90.2,7.2,5.7,point
2025-08-05 03:00:00 AM,7.3,89.5,7.4,5.7,point
2025-08-05 03:30:00 AM,7.2,91.1,7.2,5.8,point
2025-08-05 04:00:00 AM,7.2,90.3,7.2,5.7,point
2025-08-05 04:30:00 AM,7.2,89.4,7.3,5.6,point
2025-08-05 05:00:00 AM,7.3,89.6,7.3,5.7,point
2025-08-05 05:30:00 AM,7.1,89.5,7.1,5.5,point
2025-08-05 06:00:00 AM,7.5,91.3,7.5,6.2,point
2025-08-05 06:30:00 AM,8.3,97.3,8.6,7.9,point
2025-08-05 07:00:00 AM,14.9,100.0,15.5,14.9,point
2025-08-05 07:30:00 AM,21.1,100.0,22.1,21.1,point
2025-08-05 08:00:00 AM,23.2,91.7,24.8,21.8,point
2025-08-05 08:30:00 AM,23.8,88.7,25.4,21.8,point
2025-08-05 09:00:00 AM,23.9,88.9,25.6,22.0,point
2025-08-05 09:30:00 AM,23.9,89.0,25.6,22.0,point
2025-08-05 10:00:00 AM,23.9,88.3,25.5,21.9,point
2025-08-05 10:30:00 AM,24.1,89.0,25.8,22.2,point
2025-08-05 11:00:00 AM,24.0,87.3,25.4,21.7,point
2025-08-05 11:30:00 AM,24.0,86.5,25.6,21.6,point
2025-08-05 12:00:00 PM,24.0,86.7,25.6,21.7,point
2025-08-05 12:30:00 PM,23.9,84.7,25.2,21.1,point
2025-08-05 01:00:00 PM,24.1,84.3,25.4,21.2,point
2025-08-05 01:30:00 PM,24.1,84.1,25.5,21.3,point
2025-08-05 02:00:00 PM,24.3,84.9,25.7,21.6,point
2025-08-05 02:30:00 PM,24.1,83.5,25.5,21.2,point
2025-08-05 03:00:00 PM,24.1,80.9,25.2,20.6,point
2025-08-05 03:30:00 PM,24.2,82.4,25.4,21.0,point
2025-08-05 04:00:00 PM,24.2,81.8,25.4,20.9,point
2025-08-05 04:30:00 PM,24.0,80.3,25.0,20.4,point
2025-08-05 05:00:00 PM,24.1,80.6,25.3,20.6,point
2025-08-05 05:30:00 PM,24.0,80.3,25.1,20.4,point
2025-08-05 06:00:00 PM,24.0,79.9,25.0,20.3,point
2025-08-05 06:30:00 PM,24.0,78.6,24.9,20.0,point
2025-08-05 07:00:00 PM,24.1,79.8,25.1,20.4,point
2025-08-05 07:30:00 PM,22.7,78.1,23.4,18.7,point
2025-08-05 08:00:00 PM,17.9,63.2,16.8,10.8,point
2025-08-05 08:30:00 PM,12.5,66.6,11.8,6.5,point
2025-08-05 09:00:00 PM,9.8,76.8,9.5,5.9,point
2025-08-05 09:30:00 PM,8.4,80.0,8.2,5.1,point
2025-08-05 10:00:00 PM,7.9,85.8,7.8,5.6,point
2025-08-05 10:30:00 PM,7.7,87.9,7.6,5.8,point
2025-08-05 11:00:00 PM,7.5,88.4,7.5,5.7,point
2025-08-05 11:30:00 PM,7.4,89.0,7.4,5.7,point
2025-08-06 12:00:00 AM,7.3,87.7,7.3,5.4,point
2025-08-06 12:30:00 AM,7.3,89.6,7.4,5.7,point
2025-08-06 01:00:00 AM,7.3,89.7,7.3,5.7,point
2025-08-06 01:30:00 AM,7.4,90.4,7.5,5.9,point
2025-08-06 02:00:00 AM,7.3,90.0,7.4,5.8,point
2025-08-06 02:30:00 AM,7.4,90.8,7.5,6.0,point
2025-08-06 03:00:00 AM,7.5,89.8,7.6,6.0,point
2025-08-06 03:30:00 AM,7.5,90.2,7.5,6.0,point
2025-08-06 04:00:00 AM,7.5,90.4,7.5,6.0,point
2025-08-06 04:30:00 AM,7.6,90.3,7.6,6.1,point
2025-08-06 05:00:00 AM,7.4,90.6,7.4,5.9,point
2025-08-06 05:30:00 AM,7.5,91.3,7.5,6.1,point
2025-08-06 06:00:00 AM,7.4,90.6,7.4,5.9,point
2025-08-06 06:30:00 AM,8.7,97.5,9.0,8.3,point
2025-08-06 07:00:00 AM,14.8,100.0,15.4,14.8,point
2025-08-06 07:30:00 AM,21.3,100.0,22.4,21.3,point
2025-08-06 08:00:00 AM,23.5,91.9,25.1,22.1,point
2025-08-06 08:30:00 AM,23.8,87.8,25.2,21.6,point
2025-08-06 09:00:00 AM,24.0,87.9,25.5,21.9,point
2025-08-06 09:30:00 AM,24.1,87.7,25.8,21.9,point
2025-08-06 10:00:00 AM,24.0,88.0,25.5,21.9,point
2025-08-06 10:30:00 AM,24.1,86.6,25.6,21.7,point
2025-08-06 11:00:00 AM,24.1,86.5,25.6,21.6,point
2025-08-06 11:30:00 AM,24.1,85.6,25.5,21.5,point
2025-08-06 12:00:00 PM,24.2,84.0,25.5,21.3,point
2025-08-06 12:30:00 PM,24.1,83.7,25.5,21.2,point
2025-08-06 01:00:00 PM,24.0,83.8,25.4,21.1,point
2025-08-06 01:30:00 PM,24.0,82.4,25.3,20.9,point
2025-08-06 02:00:00 PM,24.1,82.8,25.4,21.0,point
2025-08-06 02:30:00 PM,23.7,79.1,24.7,19.9,point
2025-08-06 03:00:00 PM,24.4,80.2,25.5,20.7,point
2025-08-06 03:30:00 PM,23.8,78.4,24.8,19.8,point
2025-08-06 04:00:00 PM,24.3,76.5,25.2,19.9,point
2025-08-06 04:30:00 PM,24.2,76.7,25.2,19.9,point
2025-08-06 05:00:00 PM,24.2,77.6,25.2,20.1,point
2025-08-06 05:30:00 PM,24.3,76.6,25.3,20.0,point
2025-08-06 06:00:00 PM,24.3,77.3,25.2,20.1,point
2025-08-06 06:30:00 PM,24.2,77.2,25.2,20.0,point
2025-08-06 07:00:00 PM,24.2,76.2,25.0,19.8,point
2025-08-06 07:30:00 PM,22.7,74.7,23.3,18.0,point
2025-08-06 08:00:00 PM,16.2,67.3,15.4,10.1,point
2025-08-06 08:30:00 PM,9.8,63.9,9.2,3.3,point
2025-08-06 09:00:00 PM,8.1,77.6,7.9,4.4,point
2025-08-06 09:30:00 PM,7.9,85.0,7.9,5.5,point
2025-08-06 10:00:00 PM,7.6,86.5,7.6,5.5,point
2025-08-06 10:30:00 PM,7.5,86.7,7.5,5.4,point
2025-08-06 11:00:00 PM,7.5,87.5,7.5,5.5,point
2025-08-06 11:30:00 PM,7.4,87.8,7.3,5.5,point
2025-08-07 12:00:00 AM,7.4,88.2,7.5,5.6,point
2025-08-07 12:30:00 AM,7.4,89.2,7.5,5.8,point
2025-08-07 01:00:00 AM,7.3,90.0,7.4,5.8,point
2025-08-07 01:30:00 AM,7.3,90.4,7.4,5.8,point
2025-08-07 02:00:00 AM,7.0,84.3,7.0,4.5,point
2025-08-07 02:30:00 AM,7.3,89.1,7.4,5.6,point
2025-08-07 03:00:00 AM,7.3,89.2,7.4,5.6,point
2025-08-07 03:30:00 AM,7.4,89.0,7.4,5.7,point
2025-08-07 04:00:00 AM,7.2,87.7,7.2,5.3,point
2025-08-07 04:30:00 AM,7.2,89.7,7.2,5.6,point
2025-08-07 05:00:00 AM,7.4,90.8,7.5,6.0,point
2025-08-07 05:30:00 AM,7.1,86.7,7.1,5.1,point
2025-08-07 06:00:00 AM,7.4,91.1,7.5,6.1,point
2025-08-07 06:30:00 AM,8.1,93.2,8.2,7.0,point
2025-08-07 07:00:00 AM,15.1,100.0,15.8,15.1,point
2025-08-07 07:30:00 AM,21.1,100.0,22.2,21.1,point
2025-08-07 08:00:00 AM,23.3,91.4,24.9,21.9,point
2025-08-07 08:30:00 AM,23.8,88.2,25.4,21.8,point
2025-08-07 09:00:00 AM,24.0,86.7,25.4,21.6,point
2025-08-07 09:30:00 AM,24.1,87.2,25.7,21.9,point
2025-08-07 10:00:00 AM,24.2,87.9,25.8,22.1,point
2025-08-07 10:30:00 AM,24.3,87.8,25.9,22.1,point
2025-08-07 11:00:00 AM,24.2,86.9,25.8,21.9,point
2025-08-07 11:30:00 AM,24.3,85.5,25.7,21.7,point
2025-08-07 12:00:00 PM,24.4,85.6,26.0,21.9,point
2025-08-07 12:30:00 PM,24.3,84.5,25.8,21.6,point
2025-08-07 01:00:00 PM,24.3,83.4,25.6,21.3,point
2025-08-07 01:30:00 PM,24.2,82.4,25.5,21.0,point
2025-08-07 02:00:00 PM,24.3,81.5,25.4,20.9,point
2025-08-07 02:30:00 PM,24.3,78.9,25.3,20.4,point
2025-08-07 03:00:00 PM,24.3,79.4,25.4,20.5,point
2025-08-07 03:30:00 PM,24.9,79.6,26.2,21.1,point
2025-08-07 04:00:00 PM,25.2,76.7,26.5,20.8,point
2025-08-07 04:30:00 PM,25.2,75.1,26.4,20.4,point
2025-08-07 05:00:00 PM,25.1,76.1,26.2,20.6,point
2025-08-07 05:30:00 PM,25.0,75.2,26.2,20.3,point
2025-08-07 06:00:00 PM,25.1,75.3,26.2,20.4,point
2025-08-07 06:30:00 PM,25.2,75.3,26.4,20.5,point
2025-08-07 07:00:00 PM,25.1,74.7,26.1,20.3,point
2025-08-07 07:30:00 PM,23.6,72.0,24.1,18.2,point
2025-08-07 08:00:00 PM,17.0,66.0,16.1,10.6,point
2025-08-07 08:30:00 PM,10.2,69.8,9.8,5.0,point
2025-08-07 09:00:00 PM,8.2,76.8,8.0,4.4,point
2025-08-07 09:30:00 PM,7.7,78.8,7.4,4.2,point
2025-08-07 10:00:00 PM,8.1,83.4,8.0,5.4,point
2025-08-07 10:30:00 PM,7.5,85.6,7.5,5.3,point
2025-08-07 11:00:00 PM,7.3,86.1,7.3,5.2,point
2025-08-07 11:30:00 PM,7.3,86.2,7.3,5.2,point
2025-08-08 12:00:00 AM,7.3,86.3,7.2,5.2,point
2025-08-08 12:30:00 AM,7.2,86.3,7.2,5.1,point
2025-08-08 01:00:00 AM,7.2,86.4,7.2,5.1,point
2025-08-08 01:30:00 AM,7.3,86.6,7.2,5.2,point
2025-08-08 02:00:00 AM,7.2,86.8,7.2,5.2,point
2025-08-08 02:30:00 AM,7.3,87.3,7.2,5.3,point
2025-08-08 03:00:00 AM,7.2,87.6,7.2,5.3,point
2025-08-08 03:30:00 AM,7.3,87.9,7.2,5.4,point
2025-08-08 04:00:00 AM,7.3,88.1,7.3,5.5,point
2025-08-08 04:30:00 AM,7.3,88.3,7.4,5.5,point
2025-08-08 05:00:00 AM,7.3,88.1,7.3,5.5,point
2025-08-08 05:30:00 AM,7.2,88.3,7.3,5.4,point
2025-08-08 06:00:00 AM,7.2,88.2,7.3,5.4,point
2025-08-08 06:30:00 AM,7.9,90.2,8.0,6.4,point
2025-08-08 07:00:00 AM,15.8,100.0,16.5,15.8,point
2025-08-08 07:30:00 AM,20.9,100.0,22.0,20.9,point
2025-08-08 08:00:00 AM,23.9,90.3,25.7,22.2,point
2025-08-08 08:30:00 AM,24.7,88.4,26.6,22.6,point
2025-08-08 09:00:00 AM,24.9,89.2,26.9,23.0,point
2025-08-08 09:30:00 AM,24.9,88.3,27.0,22.8,point
2025-08-08 10:00:00 AM,25.0,89.3,27.3,23.1,point
2025-08-08 10:30:00 AM,25.0,88.5,27.2,23.0,point
2025-08-08 11:00:00 AM,24.9,85.8,26.6,22.3,point
2025-08-08 11:30:00 AM,25.0,87.5,27.2,22.8,point
2025-08-08 12:00:00 PM,25.1,86.7,27.3,22.7,point
2025-08-08 12:30:00 PM,25.1,85.8,27.2,22.6,point
2025-08-08 01:00:00 PM,25.1,83.5,26.9,22.1,point
2025-08-08 01:30:00 PM,25.3,84.0,27.3,22.4,point
2025-08-08 02:00:00 PM,25.1,81.9,26.8,21.8,point
2025-08-08 02:30:00 PM,25.1,80.9,26.9,21.6,point
2025-08-08 03:00:00 PM,25.1,81.0,26.7,21.6,point
2025-08-08 03:30:00 PM,25.0,75.9,26.2,20.4,point
2025-08-08 04:00:00 PM,24.9,78.8,26.1,20.9,point
2025-08-08 04:30:00 PM,24.9,79.3,26.2,21.0,point
2025-08-08 05:00:00 PM,24.7,77.9,25.9,20.6,point
2025-08-08 05:30:00 PM,24.4,69.6,24.9,18.5,point
2025-08-08 06:00:00 PM,28.0,86.3,33.5,25.5,point
2025-08-08 06:30:00 PM,32.7,81.8,47.9,29.2,point
2025-08-08 07:00:00 PM,33.3,76.3,47.8,28.6,point
2025-08-08 07:30:00 PM,32.8,77.4,46.2,28.3,point
2025-08-08 08:00:00 PM,27.5,74.8,30.8,22.6,point
2025-08-08 08:30:00 PM,20.1,72.4,20.1,15.0,point
2025-08-08 09:00:00 PM,17.8,86.8,17.9,15.6,point
2025-08-08 09:30:00 PM,17.2,90.2,17.4,15.5,point
2025-08-08 10:00:00 PM,16.8,91.9,17.0,15.5,point
2025-08-08 10:30:00 PM,16.7,92.4,17.0,15.4,point
2025-08-08 11:00:00 PM,16.8,93.2,17.1,15.7,point
2025-08-08 11:30:00 PM,16.7,92.6,17.1,15.5,point
2025-08-09 12:00:00 AM,16.7,94.1,17.2,15.8,point
2025-08-09 12:30:00 AM,16.6,93.2,17.0,15.5,point
2025-08-09 01:00:00 AM,16.7,94.5,17.2,15.8,point
2025-08-09 01:30:00 AM,16.6,94.5,17.0,15.7,point
2025-08-09 02:00:00 AM,16.5,92.3,16.9,15.3,point
2025-08-09 02:30:00 AM,16.4,94.3,16.9,15.5,point
2025-08-09 03:00:00 AM,16.5,93.5,16.8,15.4,point
2025-08-09 03:30:00 AM,16.4,94.0,16.9,15.4,point
2025-08-09 04:00:00 AM,16.4,92.4,16.7,15.1,point
2025-08-09 04:30:00 AM,16.4,94.4,16.9,15.6,point
2025-08-09 05:00:00 AM,16.5,92.8,16.9,15.3,point
2025-08-09 05:30:00 AM,16.6,94.4,17.0,15.7,point
2025-08-09 06:00:00 AM,16.5,94.2,16.9,15.5,point
2025-08-09 06:30:00 AM,17.8,100.0,18.6,17.8,point
2025-08-09 07:00:00 AM,23.1,100.0,25.1,23.1,point
2025-08-09 07:30:00 AM,30.2,88.5,41.3,28.1,point
2025-08-09 08:00:00 AM,33.2,77.3,47.8,28.7,point
2025-08-09 08:30:00 AM,33.5,75.2,47.9,28.5,point
2025-08-09 09:00:00 AM,33.7,74.3,48.3,28.5,point
2025-08-09 09:30:00 AM,33.8,70.0,46.5,27.5,point
2025-08-09 10:00:00 AM,33.9,72.4,48.1,28.3,point
2025-08-09 10:30:00 AM,34.0,72.1,48.3,28.3,point
2025-08-09 11:00:00 AM,34.0,72.2,48.3,28.3,point
2025-08-09 11:30:00 AM,34.1,70.0,47.4,27.8,point
2025-08-09 12:00:00 PM,34.1,71.2,48.2,28.2,point
2025-08-09 12:30:00 PM,34.1,68.8,47.3,27.6,point
2025-08-09 01:00:00 PM,34.8,73.0,51.6,29.2,point
2025-08-09 01:30:00 PM,35.0,70.8,51.3,28.9,point
2025-08-09 02:00:00 PM,35.0,68.2,50.1,28.2,point
2025-08-09 02:30:00 PM,35.0,68.1,50.1,28.2,point
2025-08-09 03:00:00 PM,35.0,68.2,50.1,28.3,point
2025-08-09 03:30:00 PM,35.0,70.3,51.1,28.8,point
2025-08-09 04:00:00 PM,35.0,66.4,49.2,27.8,point
2025-08-09 04:30:00 PM,35.0,68.5,50.2,28.3,point
2025-08-09 05:00:00 PM,35.0,68.6,50.3,28.4,point
2025-08-09 05:30:00 PM,35.0,67.3,49.6,28.1,point
2025-08-09 06:00:00 PM,35.0,67.0,49.5,27.9,point
2025-08-09 06:30:00 PM,35.0,66.8,49.2,27.9,point
2025-08-09 07:00:00 PM,34.8,66.1,48.5,27.6,point
2025-08-09 07:30:00 PM,34.2,65.6,45.9,26.8,point
2025-08-09 08:00:00 PM,28.6,68.8,32.1,22.3,point
2025-08-09 08:30:00 PM,21.7,62.5,21.8,14.2,point
2025-08-09 09:00:00 PM,18.5,80.9,18.3,15.1,point
2025-08-09 09:30:00 PM,17.4,86.2,17.3,15.1,point
2025-08-09 10:00:00 PM,16.7,84.5,16.7,14.1,point
2025-08-09 10:30:00 PM,16.6,88.5,16.8,14.7,point
2025-08-09 11:00:00 PM,16.3,88.2,16.4,14.3,point
2025-08-09 11:30:00 PM,16.3,89.4,16.4,14.6,point
2025-08-10 12:00:00 AM,16.3,89.5,16.4,14.6,point
2025-08-10 12:30:00 AM,16.2,89.7,16.4,14.5,point
2025-08-10 01:00:00 AM,16.1,88.8,16.3,14.3,point
2025-08-10 01:30:00 AM,16.4,88.4,16.5,14.4,point
2025-08-10 02:00:00 AM,16.2,88.5,16.4,14.3,point
2025-08-10 02:30:00 AM,16.2,88.0,16.3,14.2,point
2025-08-10 03:00:00 AM,16.2,87.2,16.3,14.1,point
2025-08-10 03:30:00 AM,16.1,88.5,16.3,14.2,point
2025-08-10 04:00:00 AM,16.3,88.5,16.4,14.4,point
2025-08-10 04:30:00 AM,16.3,88.5,16.4,14.4,point
2025-08-10 05:00:00 AM,16.2,88.0,16.2,14.2,point
2025-08-10 05:30:00 AM,16.3,88.7,16.5,14.4,point
2025-08-10 06:00:00 AM,16.4,88.8,16.5,14.5,point
2025-08-10 06:30:00 AM,17.2,90.3,17.5,15.6,point
2025-08-10 07:00:00 AM,22.7,83.6,23.8,19.8,point
2025-08-10 07:30:00 AM,30.6,69.8,37.1,24.4,point
2025-08-10 08:00:00 AM,33.9,63.1,44.0,25.9,point
2025-08-10 08:30:00 AM,34.4,63.1,45.4,26.3,point
2025-08-10 09:00:00 AM,34.5,64.2,46.5,26.8,point
2025-08-10 09:30:00 AM,34.6,65.5,47.5,27.2,point
2025-08-10 10:00:00 AM,34.7,64.6,47.1,27.0,point
2025-08-10 10:30:00 AM,34.7,64.6,47.4,27.0,point
2025-08-10 11:00:00 AM,34.8,64.7,47.4,27.1,point
2025-08-10 11:30:00 AM,34.8,64.4,47.6,27.1,point
2025-08-10 12:00:00 PM,34.8,61.4,46.2,26.3,point
2025-08-10 12:30:00 PM,34.9,62.9,47.0,26.8,point
2025-08-10 01:00:00 PM,34.9,63.2,47.1,26.8,point
2025-08-10 01:30:00 PM,34.8,60.3,45.7,26.0,point
2025-08-10 02:00:00 PM,34.9,61.2,46.4,26.3,point
2025-08-10 02:30:00 PM,34.9,61.3,46.5,26.3,point
2025-08-10 03:00:00 PM,34.9,61.0,46.3,26.2,point
2025-08-10 03:30:00 PM,35.0,59.1,45.6,25.8,point
2025-08-10 04:00:00 PM,35.0,61.6,47.0,26.5,point
2025-08-10 04:30:00 PM,35.0,61.1,46.8,26.4,point
2025-08-10 05:00:00 PM,35.0,59.4,45.7,25.9,point
2025-08-10 05:30:00 PM,35.0,60.2,46.0,26.1,point
2025-08-10 06:00:00 PM,35.0,60.0,46.0,26.0,point
2025-08-10 06:30:00 PM,35.0,59.9,46.2,26.0,point
2025-08-10 07:00:00 PM,35.0,59.1,45.9,25.8,point
2025-08-10 07:30:00 PM,34.1,57.4,42.7,24.5,point
2025-08-10 08:00:00 PM,28.8,63.8,31.9,21.3,point
2025-08-10 08:30:00 PM,22.0,64.3,22.2,15.0,point
2025-08-10 09:00:00 PM,18.6,86.6,18.8,16.3,point
2025-08-10 09:30:00 PM,17.4,83.4,17.4,14.6,point
2025-08-10 10:00:00 PM,17.0,85.5,16.9,14.5,point
2025-08-10 10:30:00 PM,16.8,84.9,16.7,14.2,point
2025-08-10 11:00:00 PM,16.7,86.6,16.8,14.4,point
2025-08-10 11:30:00 PM,16.6,85.7,16.6,14.2,point
2025-08-11 12:00:00 AM,16.6,83.7,16.6,13.8,point
2025-08-11 12:30:00 AM,16.4,84.1,16.4,13.7,point
2025-08-11 01:00:00 AM,16.5,85.8,16.5,14.1,point
2025-08-11 01:30:00 AM,16.4,85.8,16.4,14.0,point
2025-08-11 02:00:00 AM,16.3,84.9,16.3,13.8,point
2025-08-11 02:30:00 AM,16.4,85.6,16.3,13.9,point
2025-08-11 03:00:00 AM,16.3,88.0,16.3,14.3,point
2025-08-11 03:30:00 AM,16.4,88.2,16.6,14.4,point
2025-08-11 04:00:00 AM,16.4,86.4,16.4,14.1,point
2025-08-11 04:30:00 AM,16.3,86.5,16.4,14.1,point
2025-08-11 05:00:00 AM,16.4,87.8,16.4,14.3,point
2025-08-11 05:30:00 AM,16.3,87.1,16.4,14.2,point
2025-08-11 06:00:00 AM,16.3,86.4,16.3,14.0,point
2025-08-11 06:30:00 AM,17.5,90.8,17.7,16.0,point
2025-08-11 07:00:00 AM,22.9,82.4,23.8,19.7,point
2025-08-11 07:30:00 AM,30.6,67.5,36.8,23.9,point
2025-08-11 08:00:00 AM,34.0,60.9,43.7,25.4,point
2025-08-11 08:30:00 AM,34.5,62.1,45.3,26.1,point
2025-08-11 09:00:00 AM,34.6,61.6,45.4,26.1,point
2025-08-11 09:30:00 AM,34.7,62.6,46.5,26.5,point
2025-08-11 10:00:00 AM,34.8,62.8,46.6,26.6,point
2025-08-11 10:30:00 AM,34.8,62.2,46.6,26.5,point
2025-08-11 11:00:00 AM,34.9,61.4,46.2,26.3,point
2025-08-11 11:30:00 AM,34.8,61.1,46.1,26.2,point
2025-08-11 12:00:00 PM,34.8,60.6,45.9,26.1,point
2025-08-11 12:30:00 PM,34.9,59.8,45.9,25.9,point
2025-08-11 01:00:00 PM,35.0,60.2,46.3,26.1,point
2025-08-11 01:30:00 PM,35.0,58.5,45.4,25.6,point
2025-08-11 02:00:00 PM,35.0,58.9,45.5,25.7,point
2025-08-11 02:30:00 PM,34.9,59.3,45.7,25.8,point
2025-08-11 03:00:00 PM,34.9,65.0,48.3,27.4,point
2025-08-11 03:30:00 PM,35.0,65.7,48.5,27.6,point
2025-08-11 04:00:00 PM,35.0,59.4,45.7,25.8,point
2025-08-11 04:30:00 PM,34.1,57.1,42.6,24.4,point
2025-08-11 05:00:00 PM,34.5,67.7,48.1,27.7,point
2025-08-11 05:30:00 PM,34.6,67.6,48.1,27.7,point
2025-08-11 06:00:00 PM,34.6,67.0,48.1,27.6,point
2025-08-11 06:30:00 PM,34.6,68.6,48.8,28.0,point
2025-08-11 07:00:00 PM,34.7,68.5,49.1,28.1,point
2025-08-11 07:30:00 PM,33.4,70.2,45.7,27.2,point
2025-08-11 08:00:00 PM,28.5,71.0,32.4,22.8,point
2025-08-11 08:30:00 PM,22.9,54.9,22.5,13.3,point
2025-08-11 09:00:00 PM,18.9,78.5,18.6,15.1,point
2025-08-11 09:30:00 PM,17.8,83.2,17.7,14.9,point
2025-08-11 10:00:00 PM,17.0,86.4,17.1,14.7,point
2025-08-11 10:30:00 PM,16.8,86.8,16.9,14.6,point
2025-08-11 11:00:00 PM,16.7,89.0,16.8,14.8,point
2025-08-11 11:30:00 PM,16.4,89.4,16.6,14.7,point
2025-08-12 12:00:00 AM,16.6,88.5,16.7,14.7,point
2025-08-12 12:30:00 AM,16.7,89.2,16.9,14.9,point
2025-08-12 01:00:00 AM,16.6,89.3,16.8,14.8,point
2025-08-12 01:30:00 AM,16.6,89.3,16.8,14.8,point
2025-08-12 02:00:00 AM,16.5,88.5,16.6,14.6,point
2025-08-12 02:30:00 AM,16.5,88.3,16.7,14.6,point
2025-08-12 03:00:00 AM,16.3,86.0,16.2,14.0,point
2025-08-12 03:30:00 AM,16.3,86.3,16.4,14.0,point
2025-08-12 04:00:00 AM,16.4,86.2,16.4,14.1,point
2025-08-12 04:30:00 AM,16.4,86.3,16.4,14.1,point
2025-08-12 05:00:00 AM,16.5,86.3,16.4,14.2,point
2025-08-12 05:30:00 AM,16.6,86.0,16.5,14.2,point
2025-08-12 06:00:00 AM,16.6,86.1,16.5,14.2,point
2025-08-12 06:30:00 AM,17.5,88.0,17.6,15.5,point
2025-08-12 07:00:00 AM,23.7,84.7,25.1,21.0,point
2025-08-12 07:30:00 AM,31.1,69.7,38.5,24.9,point
2025-08-12 08:00:00 AM,33.9,64.2,44.5,26.1,point
2025-08-12 08:30:00 AM,34.3,65.5,46.5,26.9,point
2025-08-12 09:00:00 AM,34.5,67.2,47.9,27.5,point
2025-08-12 09:30:00 AM,34.6,64.5,46.7,26.9,point
2025-08-12 10:00:00 AM,34.6,67.5,48.4,27.7,point
2025-08-12 10:30:00 AM,34.7,66.1,47.7,27.4,point
2025-08-12 11:00:00 AM,34.8,67.3,48.7,27.8,point
2025-08-12 11:30:00 AM,34.8,67.2,48.6,27.8,point
2025-08-12 12:00:00 PM,34.8,65.8,47.9,27.4,point
2025-08-12 12:30:00 PM,34.8,66.8,48.8,27.8,point
2025-08-12 01:00:00 PM,34.9,63.8,47.4,27.0,point
2025-08-12 01:30:00 PM,34.9,65.5,48.2,27.4,point
2025-08-12 02:00:00 PM,34.8,65.3,48.1,27.4,point
2025-08-12 02:30:00 PM,34.8,61.6,46.3,26.3,point
2025-08-12 03:00:00 PM,34.9,64.6,47.7,27.2,point
2025-08-12 03:30:00 PM,34.8,64.5,47.4,27.1,point
2025-08-12 04:00:00 PM,34.8,64.1,47.2,27.0,point
2025-08-12 04:30:00 PM,34.8,61.5,45.9,26.3,point
2025-08-12 05:00:00 PM,34.9,64.0,47.4,27.0,point
2025-08-12 05:30:00 PM,34.8,61.4,45.9,26.2,point
2025-08-12 06:00:00 PM,34.8,62.7,46.6,26.6,point
2025-08-12 06:30:00 PM,34.8,62.0,46.2,26.4,point
2025-08-12 07:00:00 PM,34.8,61.9,46.4,26.4,point
2025-08-12 07:30:00 PM,33.5,60.6,42.3,24.9,point
2025-08-12 08:00:00 PM,27.4,66.2,29.3,20.5,point
2025-08-12 08:30:00 PM,20.0,65.8,19.6,13.4,point
2025-08-12 09:00:00 PM,18.2,86.8,18.3,16.0,point
2025-08-12 09:30:00 PM,17.1,83.9,17.0,14.3,point
2025-08-12 10:00:00 PM,17.0,85.6,17.0,14.6,point
2025-08-12 10:30:00 PM,16.9,85.1,16.8,14.4,point
2025-08-12 11:00:00 PM,16.9,84.4,16.8,14.2,point
2025-08-12 11:30:00 PM,16.8,83.5,16.8,14.0,point
2025-08-13 12:00:00 AM,16.7,83.6,16.7,13.9,point
2025-08-13 12:30:00 AM,16.7,82.6,16.7,13.7,point
2025-08-13 01:00:00 AM,16.8,83.0,16.7,13.8,point
2025-08-13 01:30:00 AM,16.7,82.1,16.5,13.6,point
2025-08-13 02:00:00 AM,16.7,81.7,16.6,13.6,point
2025-08-13 02:30:00 AM,16.7,82.0,16.5,13.6,point
2025-08-13 03:00:00 AM,16.6,81.5,16.5,13.4,point
2025-08-13 03:30:00 AM,16.6,81.0,16.5,13.3,point
2025-08-13 04:00:00 AM,16.6,81.4,16.5,13.4,point
2025-08-13 04:30:00 AM,16.8,82.0,16.6,13.7,point
2025-08-13 05:00:00 AM,16.6,81.3,16.5,13.4,point
2025-08-13 05:30:00 AM,16.5,81.8,16.3,13.4,point
2025-08-13 06:00:00 AM,16.6,81.9,16.4,13.4,point
2025-08-13 06:30:00 AM,17.6,83.2,17.5,14.7,point
2025-08-13 07:00:00 AM,23.7,76.3,24.5,19.3,point
2025-08-13 07:30:00 AM,31.1,64.9,37.3,23.7,point
2025-08-13 08:00:00 AM,34.0,60.8,43.3,25.3,point
2025-08-13 08:30:00 AM,34.3,62.7,45.3,26.2,point
2025-08-13 09:00:00 AM,34.6,63.8,46.3,26.7,point
2025-08-13 09:30:00 AM,34.5,57.1,43.3,24.7,point
2025-08-13 10:00:00 AM,34.6,58.2,44.0,25.2,point
2025-08-13 10:30:00 AM,34.6,57.2,43.6,24.9,point
2025-08-13 11:00:00 AM,34.7,56.5,43.7,24.8,point
2025-08-13 11:30:00 AM,34.8,55.8,43.8,24.6,point
2025-08-13 12:00:00 PM,34.8,56.4,44.0,24.8,point
2025-08-13 12:30:00 PM,34.8,56.9,44.2,25.0,point
2025-08-13 01:00:00 PM,34.8,56.9,44.4,25.0,point
2025-08-13 01:30:00 PM,34.8,55.5,44.0,24.6,point
2025-08-13 02:00:00 PM,34.8,53.9,43.0,24.1,point
2025-08-13 02:30:00 PM,34.4,45.4,39.2,20.9,point
2025-08-13 03:00:00 PM,34.0,49.6,39.6,22.0,point
2025-08-13 03:30:00 PM,34.1,45.7,38.7,20.8,point
2025-08-13 04:00:00 PM,34.1,53.1,41.0,23.1,point
2025-08-13 04:30:00 PM,34.0,53.5,41.2,23.2,point
2025-08-13 05:00:00 PM,34.1,53.7,41.2,23.3,point
2025-08-13 05:30:00 PM,34.1,53.0,41.0,23.2,point
2025-08-13 06:00:00 PM,34.1,52.6,40.8,23.0,point
2025-08-13 06:30:00 PM,34.0,52.6,40.8,23.0,point
2025-08-13 07:00:00 PM,34.1,52.1,40.6,22.9,point
2025-08-13 07:30:00 PM,32.8,51.6,37.6,21.5,point
2025-08-13 08:00:00 PM,28.2,56.9,29.6,18.9,point
2025-08-13 08:30:00 PM,21.5,59.1,21.5,13.2,point
2025-08-13 09:00:00 PM,18.4,75.1,17.9,13.9,point
2025-08-13 09:30:00 PM,17.4,77.5,17.1,13.4,point
2025-08-13 10:00:00 PM,17.0,79.6,16.8,13.5,point
2025-08-13 10:30:00 PM,17.0,80.5,16.8,13.6,point
2025-08-13 11:00:00 PM,16.9,81.6,16.7,13.7,point
2025-08-13 11:30:00 PM,16.9,81.9,16.8,13.8,point
2025-08-14 12:00:00 AM,16.8,81.8,16.7,13.7,point
2025-08-14 12:30:00 AM,16.8,81.4,16.6,13.6,point
2025-08-14 01:00:00 AM,16.8,81.8,16.7,13.7,point
2025-08-14 01:30:00 AM,16.7,80.7,16.6,13.4,point
2025-08-14 02:00:00 AM,16.8,81.5,16.6,13.6,point
2025-08-14 02:30:00 AM,16.8,81.8,16.7,13.7,point
2025-08-14 03:00:00 AM,16.8,81.6,16.6,13.6,point
2025-08-14 03:30:00 AM,16.8,81.5,16.6,13.6,point
2025-08-14 04:00:00 AM,16.7,81.2,16.5,13.4,point
2025-08-14 04:30:00 AM,16.7,81.7,16.6,13.6,point
2025-08-14 05:00:00 AM,16.6,81.4,16.5,13.4,point
2025-08-14 05:30:00 AM,16.7,81.6,16.5,13.5,point
2025-08-14 06:00:00 AM,16.8,81.4,16.6,13.6,point
2025-08-14 06:30:00 AM,17.8,84.2,17.7,15.1,point
2025-08-14 07:00:00 AM,23.0,75.6,23.6,18.4,point
2025-08-14 07:30:00 AM,30.4,61.9,34.9,22.3,point
2025-08-14 08:00:00 AM,33.3,57.4,40.5,23.7,point
2025-08-14 08:30:00 AM,33.7,58.0,41.6,24.3,point
2025-08-14 09:00:00 AM,33.9,58.0,42.4,24.5,point
2025-08-14 09:30:00 AM,34.0,56.8,42.2,24.2,point
2025-08-14 10:00:00 AM,34.0,55.7,41.8,23.9,point
2025-08-14 10:30:00 AM,34.1,54.0,41.3,23.4,point
2025-08-14 11:00:00 AM,34.1,54.0,41.3,23.4,point
2025-08-14 11:30:00 AM,34.2,53.5,41.4,23.4,point
2025-08-14 12:00:00 PM,34.1,53.8,41.4,23.4,point
2025-08-14 12:30:00 PM,34.1,53.3,41.3,23.3,point
2025-08-14 01:00:00 PM,34.2,52.2,40.9,23.0,point
2025-08-14 01:30:00 PM,34.1,50.9,40.4,22.5,point
2025-08-14 02:00:00 PM,34.0,50.3,40.0,22.2,point
2025-08-14 02:30:00 PM,34.2,49.9,40.0,22.2,point
2025-08-14 03:00:00 PM,34.2,49.2,40.0,22.0,point
2025-08-14 03:30:00 PM,34.2,48.6,39.6,21.8,point
2025-08-14 04:00:00 PM,34.3,57.1,43.1,24.6,point
2025-08-14 04:30:00 PM,34.3,61.5,44.5,25.8,point
2025-08-14 05:00:00 PM,34.3,62.7,45.3,26.1,point
2025-08-14 05:30:00 PM,34.2,61.2,44.4,25.7,point
2025-08-14 06:00:00 PM,34.2,59.9,43.5,25.3,point
2025-08-14 06:30:00 PM,34.2,64.8,45.9,26.7,point
2025-08-14 07:00:00 PM,34.1,62.5,44.6,25.9,point
2025-08-14 07:30:00 PM,32.8,63.5,41.5,25.0,point
2025-08-14 08:00:00 PM,28.4,64.7,30.9,21.1,point
2025-08-14 08:30:00 PM,21.3,59.5,21.2,13.1,point
2025-08-14 09:00:00 PM,18.1,70.4,17.4,12.7,point
2025-08-14 09:30:00 PM,17.2,81.4,17.1,14.0,point
2025-08-14 10:00:00 PM,16.9,84.8,16.8,14.3,point
2025-08-14 10:30:00 PM,16.9,83.3,16.8,14.0,point
2025-08-14 11:00:00 PM,16.7,84.5,16.6,14.0,point
2025-08-14 11:30:00 PM,16.4,81.9,16.2,13.3,point
2025-08-15 12:00:00 AM,16.4,82.6,16.4,13.4,point
2025-08-15 12:30:00 AM,16.4,82.9,16.4,13.5,point
2025-08-15 01:00:00 AM,16.5,83.2,16.4,13.6,point
2025-08-15 01:30:00 AM,16.5,83.2,16.5,13.7,point
2025-08-15 02:00:00 AM,16.6,83.1,16.5,13.7,point
2025-08-15 02:30:00 AM,16.6,83.2,16.6,13.7,point
2025-08-15 03:00:00 AM,16.6,83.3,16.6,13.8,point
2025-08-15 03:30:00 AM,16.6,83.8,16.6,13.8,point
2025-08-15 04:00:00 AM,16.6,83.7,16.6,13.8,point
2025-08-15 04:30:00 AM,16.6,83.7,16.6,13.8,point
2025-08-15 05:00:00 AM,16.6,83.7,16.6,13.9,point
2025-08-15 05:30:00 AM,16.7,84.0,16.6,13.9,point
2025-08-15 06:00:00 AM,16.6,84.3,16.6,13.9,point
2025-08-15 06:30:00 AM,17.5,86.3,17.4,15.2,point
2025-08-15 07:00:00 AM,24.1,84.4,25.5,21.3,point
2025-08-15 07:30:00 AM,30.6,71.6,37.5,24.8,point
2025-08-15 08:00:00 AM,33.5,67.9,44.8,26.7,point
2025-08-15 08:30:00 AM,33.9,69.5,46.6,27.5,point
2025-08-15 09:00:00 AM,34.0,71.6,48.1,28.2,point
2025-08-15 09:30:00 AM,34.1,69.4,47.2,27.7,point
2025-08-15 10:00:00 AM,34.1,69.3,47.1,27.6,point
2025-08-15 10:30:00 AM,34.2,68.8,47.3,27.6,point
2025-08-15 11:00:00 AM,34.2,67.8,46.9,27.4,point
2025-08-15 11:30:00 AM,34.2,70.9,48.4,28.2,point
2025-08-15 12:00:00 PM,34.2,70.0,48.0,27.9,point
2025-08-15 12:30:00 PM,34.2,68.9,47.3,27.6,point
2025-08-15 01:00:00 PM,34.2,69.3,47.4,27.7,point
2025-08-15 01:30:00 PM,34.2,66.8,46.5,27.1,point
2025-08-15 02:00:00 PM,34.2,69.2,47.7,27.7,point
2025-08-15 02:30:00 PM,34.2,67.8,46.9,27.4,point
2025-08-15 03:00:00 PM,34.1,67.1,46.6,27.2,point
2025-08-15 03:30:00 PM,34.2,57.2,42.9,24.5,point
2025-08-15 04:00:00 PM,34.0,72.4,48.4,28.4,point
2025-08-15 04:30:00 PM,30.2,52.2,32.5,19.4,point
2025-08-15 05:00:00 PM,24.4,57.2,24.1,15.4,point
2025-08-15 05:30:00 PM,23.7,60.5,23.7,15.6,point
2025-08-15 06:00:00 PM,23.6,60.8,23.6,15.6,point
2025-08-15 06:30:00 PM,23.6,60.2,23.5,15.4,point
2025-08-15 07:00:00 PM,23.6,59.6,23.4,15.2,point
2025-08-15 07:30:00 PM,22.1,59.6,22.0,13.9,point
2025-08-15 08:00:00 PM,15.9,65.6,15.0,9.5,point
2025-08-15 08:30:00 PM,8.9,70.1,8.5,3.8,point
2025-08-15 09:00:00 PM,7.7,79.9,7.6,4.5,point
2025-08-15 09:30:00 PM,7.7,82.6,7.6,4.9,point
2025-08-15 10:00:00 PM,7.6,83.8,7.6,5.1,point
2025-08-15 10:30:00 PM,7.6,84.5,7.5,5.1,point
2025-08-15 11:00:00 PM,7.3,83.6,7.3,4.7,point
2025-08-15 11:30:00 PM,7.0,83.4,7.0,4.4,point
2025-08-16 12:00:00 AM,6.8,82.9,6.8,4.1,point
2025-08-16 12:30:00 AM,6.7,81.2,6.5,3.7,point
2025-08-16 01:00:00 AM,6.8,82.7,6.8,4.1,point
2025-08-16 01:30:00 AM,7.0,82.0,6.8,4.1,point
2025-08-16 02:00:00 AM,7.1,83.9,7.1,4.6,point
2025-08-16 02:30:00 AM,7.1,84.1,7.1,4.6,point
2025-08-16 03:00:00 AM,7.0,79.6,6.8,3.7,point
2025-08-16 03:30:00 AM,7.1,85.8,7.1,4.9,point
2025-08-16 04:00:00 AM,6.8,86.2,6.8,4.7,point
2025-08-16 04:30:00 AM,6.9,85.5,6.9,4.6,point
2025-08-16 05:00:00 AM,6.9,86.1,6.8,4.7,point
2025-08-16 05:30:00 AM,7.0,86.5,6.9,4.9,point
2025-08-16 06:00:00 AM,7.2,85.8,7.2,5.0,point
2025-08-16 06:30:00 AM,8.8,94.5,8.9,7.9,point
2025-08-16 07:00:00 AM,15.2,100.0,15.9,15.2,point
2025-08-16 07:30:00 AM,20.9,100.0,22.0,20.9,point
2025-08-16 08:00:00 AM,22.6,90.4,23.8,20.9,point
2025-08-16 08:30:00 AM,23.1,88.3,24.5,21.1,point
2025-08-16 09:00:00 AM,23.1,86.8,24.3,20.7,point
2025-08-16 09:30:00 AM,23.2,86.0,24.4,20.8,point
2025-08-16 10:00:00 AM,23.2,85.0,24.3,20.5,point
2025-08-16 10:30:00 AM,23.2,86.0,24.5,20.8,point
2025-08-16 11:00:00 AM,23.3,85.5,24.4,20.7,point
2025-08-16 11:30:00 AM,23.4,85.5,24.6,20.8,point
2025-08-16 12:00:00 PM,23.3,85.3,24.6,20.7,point
2025-08-16 12:30:00 PM,23.5,83.7,24.6,20.5,point
2025-08-16 01:00:00 PM,23.6,83.7,24.9,20.7,point
2025-08-16 01:30:00 PM,23.5,82.4,24.7,20.4,point
2025-08-16 02:00:00 PM,23.4,81.7,24.5,20.1,point
2025-08-16 02:30:00 PM,23.7,83.4,25.0,20.7,point
2025-08-16 03:00:00 PM,23.1,76.8,23.8,18.8,point
2025-08-16 03:30:00 PM,23.5,80.2,24.5,19.9,point
2025-08-16 04:00:00 PM,23.6,79.0,24.6,19.8,point
2025-08-16 04:30:00 PM,23.9,78.2,24.8,19.8,point
2025-08-16 05:00:00 PM,24.9,83.3,26.7,21.9,point
2025-08-16 05:30:00 PM,23.8,76.3,24.5,19.4,point
2025-08-16 06:00:00 PM,23.7,77.7,24.5,19.5,point
2025-08-16 06:30:00 PM,23.6,76.7,24.5,19.3,point
2025-08-16 07:00:00 PM,23.6,74.9,24.2,18.9,point
2025-08-16 07:30:00 PM,22.4,71.1,22.8,16.9,point
2025-08-16 08:00:00 PM,16.1,65.2,15.1,9.6,point
2025-08-16 08:30:00 PM,9.2,73.5,8.9,4.7,point
2025-08-16 09:00:00 PM,8.1,84.0,8.0,5.5,point
2025-08-16 09:30:00 PM,7.9,84.6,7.8,5.4,point
2025-08-16 10:00:00 PM,7.7,85.0,7.6,5.3,point
2025-08-16 10:30:00 PM,7.6,85.1,7.6,5.3,point
2025-08-16 11:00:00 PM,7.5,85.5,7.5,5.3,point
2025-08-16 11:30:00 PM,7.4,85.9,7.3,5.2,point
2025-08-17 12:00:00 AM,7.2,85.7,7.2,5.0,point
2025-08-17 12:30:00 AM,7.4,86.6,7.4,5.3,point
2025-08-17 01:00:00 AM,7.3,86.2,7.2,5.1,point
2025-08-17 01:30:00 AM,7.2,86.9,7.2,5.2,point
2025-08-17 02:00:00 AM,7.1,85.5,7.1,4.8,point
2025-08-17 02:30:00 AM,7.2,87.2,7.2,5.3,point
2025-08-17 03:00:00 AM,7.0,85.6,7.0,4.8,point
2025-08-17 03:30:00 AM,7.3,88.5,7.4,5.5,point
2025-08-17 04:00:00 AM,7.1,86.3,7.1,5.0,point
2025-08-17 04:30:00 AM,7.2,87.0,7.2,5.2,point
2025-08-17 05:00:00 AM,7.2,86.2,7.2,5.1,point
2025-08-17 05:30:00 AM,7.0,85.8,6.9,4.8,point
2025-08-17 06:00:00 AM,7.2,87.3,7.2,5.2,point
2025-08-17 06:30:00 AM,8.7,95.8,9.0,8.1,point
2025-08-17 07:00:00 AM,15.9,100.0,16.5,15.9,point
2025-08-17 07:30:00 AM,19.8,100.0,20.7,19.8,point
2025-08-17 08:00:00 AM,22.3,90.0,23.5,20.6,point
2025-08-17 08:30:00 AM,22.7,85.3,23.7,20.1,point
2025-08-17 09:00:00 AM,23.0,87.6,24.2,20.8,point
2025-08-17 09:30:00 AM,23.0,86.7,24.1,20.6,point
2025-08-17 10:00:00 AM,23.1,86.5,24.4,20.7,point
2025-08-17 10:30:00 AM,23.1,85.0,24.2,20.4,point
2025-08-17 11:00:00 AM,23.1,86.8,24.4,20.8,point
2025-08-17 11:30:00 AM,23.0,84.9,24.0,20.3,point
2025-08-17 12:00:00 PM,23.1,86.3,24.4,20.7,point
2025-08-17 12:30:00 PM,23.3,86.4,24.7,20.9,point
2025-08-17 01:00:00 PM,22.8,80.5,23.6,19.3,point
2025-08-17 01:30:00 PM,23.3,86.3,24.6,20.9,point
2025-08-17 02:00:00 PM,23.3,84.8,24.4,20.6,point
2025-08-17 02:30:00 PM,23.1,75.8,23.9,18.6,point
2025-08-17 03:00:00 PM,23.3,85.2,24.6,20.7,point
2025-08-17 03:30:00 PM,23.3,83.0,24.3,20.2,point
2025-08-17 04:00:00 PM,23.3,82.9,24.4,20.3,point
2025-08-17 04:30:00 PM,23.4,83.5,24.5,20.4,point
2025-08-17 05:00:00 PM,23.4,83.7,24.5,20.5,point
2025-08-17 05:30:00 PM,23.4,82.2,24.4,20.2,point
2025-08-17 06:00:00 PM,23.5,82.5,24.7,20.4,point
2025-08-17 06:30:00 PM,23.6,80.5,24.6,20.0,point
2025-08-17 07:00:00 PM,23.6,78.7,24.4,19.6,point
2025-08-17 07:30:00 PM,22.6,74.9,23.1,17.9,point
2025-08-17 08:00:00 PM,16.2,67.4,15.4,10.2,point
2025-08-17 08:30:00 PM,9.2,74.0,8.8,4.8,point
2025-08-17 09:00:00 PM,7.9,83.5,7.9,5.3,point
2025-08-17 09:30:00 PM,7.8,84.5,7.7,5.3,point
2025-08-17 10:00:00 PM,7.7,84.9,7.6,5.3,point
2025-08-17 10:30:00 PM,7.5,84.6,7.5,5.1,point
2025-08-17 11:00:00 PM,7.5,84.7,7.4,5.1,point
2025-08-17 11:30:00 PM,7.5,85.5,7.4,5.2,point
2025-08-18 12:00:00 AM,7.4,85.4,7.3,5.1,point
2025-08-18 12:30:00 AM,7.3,86.5,7.3,5.2,point
2025-08-18 01:00:00 AM,7.2,86.6,7.2,5.1,point
2025-08-18 01:30:00 AM,7.2,87.3,7.2,5.2,point
2025-08-18 02:00:00 AM,7.3,87.0,7.2,5.3,point
2025-08-18 02:30:00 AM,7.2,86.8,7.2,5.2,point
2025-08-18 03:00:00 AM,7.1,87.1,7.1,5.1,point
2025-08-18 03:30:00 AM,7.2,87.6,7.2,5.3,point
2025-08-18 04:00:00 AM,7.2,86.8,7.1,5.1,point
2025-08-18 04:30:00 AM,7.0,87.7,7.0,5.2,point
2025-08-18 05:00:00 AM,7.3,88.3,7.4,5.5,point
2025-08-18 05:30:00 AM,7.2,87.2,7.1,5.2,point
2025-08-18 06:00:00 AM,7.3,88.5,7.3,5.5,point
2025-08-18 06:30:00 AM,8.5,94.1,8.6,7.6,point
2025-08-18 07:00:00 AM,15.5,100.0,16.1,15.5,point
2025-08-18 07:30:00 AM,20.2,100.0,21.1,20.2,point
2025-08-18 08:00:00 AM,22.1,90.7,23.3,20.6,point
2025-08-18 08:30:00 AM,22.8,88.1,23.9,20.7,point
2025-08-18 09:00:00 AM,22.8,88.9,24.1,20.9,point
2025-08-18 09:30:00 AM,23.1,86.7,24.4,20.8,point
2025-08-18 10:00:00 AM,23.0,87.2,24.1,20.7,point
2025-08-18 10:30:00 AM,23.1,87.7,24.3,20.9,point
2025-08-18 11:00:00 AM,23.1,86.1,24.2,20.6,point
2025-08-18 11:30:00 AM,23.0,84.4,24.1,20.2,point
2025-08-18 12:00:00 PM,23.1,85.5,24.3,20.5,point
2025-08-18 12:30:00 PM,23.2,84.5,24.4,20.5,point
2025-08-18 01:00:00 PM,23.2,84.1,24.4,20.4,point
2025-08-18 01:30:00 PM,23.4,85.3,24.7,20.8,point
2025-08-18 02:00:00 PM,24.2,83.8,25.5,21.2,point
2025-08-18 02:30:00 PM,24.4,83.1,25.7,21.3,point
2025-08-18 03:00:00 PM,24.4,83.6,25.9,21.5,point
2025-08-18 03:30:00 PM,24.4,82.2,25.8,21.2,point
2025-08-18 04:00:00 PM,23.3,83.0,24.3,20.2,point
2025-08-18 04:30:00 PM,23.6,80.8,24.7,20.1,point
2025-08-18 05:00:00 PM,23.7,79.2,24.8,19.9,point
2025-08-18 05:30:00 PM,24.3,80.5,25.5,20.8,point
2025-08-18 06:00:00 PM,24.9,77.7,26.1,20.8,point
2025-08-18 06:30:00 PM,25.0,74.8,26.1,20.2,point
2025-08-18 07:00:00 PM,25.1,74.6,26.3,20.3,point
2025-08-18 07:30:00 PM,24.1,70.4,24.5,18.3,point
2025-08-18 08:00:00 PM,17.5,60.1,16.3,9.7,point
2025-08-18 08:30:00 PM,10.6,64.1,10.0,4.1,point
2025-08-18 09:00:00 PM,9.3,85.3,9.2,6.9,point
2025-08-18 09:30:00 PM,8.1,81.2,7.9,5.0,point
2025-08-18 10:00:00 PM,7.8,84.6,7.8,5.4,point
2025-08-18 10:30:00 PM,8.2,81.8,8.1,5.3,point
2025-08-18 11:00:00 PM,7.7,84.1,7.7,5.2,point
2025-08-18 11:30:00 PM,7.7,86.3,7.7,5.6,point
2025-08-19 12:00:00 AM,7.7,87.4,7.6,5.7,point
2025-08-19 12:30:00 AM,7.6,86.2,7.5,5.4,point
2025-08-19 01:00:00 AM,7.6,87.4,7.6,5.7,point
2025-08-19 01:30:00 AM,7.6,86.1,7.5,5.4,point
2025-08-19 02:00:00 AM,7.6,87.5,7.5,5.6,point
2025-08-19 02:30:00 AM,7.5,88.8,7.6,5.8,point
2025-08-19 03:00:00 AM,7.6,87.6,7.5,5.6,point
2025-08-19 03:30:00 AM,7.5,86.9,7.4,5.5,point
2025-08-19 04:00:00 AM,7.4,87.1,7.3,5.4,point
2025-08-19 04:30:00 AM,7.5,88.3,7.6,5.7,point
2025-08-19 05:00:00 AM,7.5,88.6,7.5,5.7,point
2025-08-19 05:30:00 AM,7.5,88.1,7.4,5.6,point
2025-08-19 06:00:00 AM,7.6,89.3,7.6,5.9,point
2025-08-19 06:30:00 AM,8.9,97.6,9.1,8.5,point
2025-08-19 07:00:00 AM,14.1,100.0,14.7,14.1,point
2025-08-19 07:30:00 AM,21.9,100.0,23.1,21.9,point
2025-08-19 08:00:00 AM,24.5,89.1,26.2,22.6,point
2025-08-19 08:30:00 AM,25.1,87.7,27.2,22.9,point
2025-08-19 09:00:00 AM,25.3,87.0,27.6,23.0,point
2025-08-19 09:30:00 AM,25.3,85.9,27.5,22.8,point
2025-08-19 10:00:00 AM,25.4,87.7,28.1,23.2,point
2025-08-19 10:30:00 AM,25.4,86.2,28.0,23.0,point
2025-08-19 11:00:00 AM,25.3,86.1,27.5,22.8,point
2025-08-19 11:30:00 AM,25.5,87.8,28.4,23.3,point
2025-08-19 12:00:00 PM,25.4,85.7,27.9,22.8,point
2025-08-19 12:30:00 PM,25.3,84.4,27.3,22.4,point
2025-08-19 01:00:00 PM,25.4,83.5,27.7,22.4,point
2025-08-19 01:30:00 PM,25.0,80.5,26.7,21.4,point
2025-08-19 02:00:00 PM,25.4,84.0,27.5,22.4,point
2025-08-19 02:30:00 PM,25.4,82.9,27.6,22.3,point
2025-08-19 03:00:00 PM,25.3,80.5,27.3,21.7,point
2025-08-19 03:30:00 PM,25.3,79.1,27.1,21.4,point
2025-08-19 04:00:00 PM,25.2,75.9,26.6,20.7,point
2025-08-19 04:30:00 PM,25.3,76.9,26.7,20.9,point
2025-08-19 05:00:00 PM,25.3,76.1,26.8,20.8,point
2025-08-19 05:30:00 PM,25.3,74.6,26.7,20.5,point
2025-08-19 06:00:00 PM,25.3,73.5,26.5,20.2,point
2025-08-19 06:30:00 PM,25.3,72.5,26.4,20.0,point
2025-08-19 07:00:00 PM,25.2,71.4,26.2,19.7,point
2025-08-19 07:30:00 PM,23.9,69.0,24.4,17.9,point
2025-08-19 08:00:00 PM,17.8,69.6,17.0,12.1,point
2025-08-19 08:30:00 PM,10.7,63.3,9.9,4.0,point
2025-08-19 09:00:00 PM,8.1,72.2,7.8,3.4,point
2025-08-19 09:30:00 PM,7.8,74.1,7.4,3.5,point
2025-08-19 10:00:00 PM,7.8,82.9,7.7,5.0,point
2025-08-19 10:30:00 PM,7.6,85.0,7.5,5.2,point
2025-08-19 11:00:00 PM,7.4,84.0,7.3,4.8,point
2025-08-19 11:30:00 PM,7.3,86.0,7.3,5.2,point
2025-08-20 12:00:00 AM,7.6,87.5,7.5,5.6,point
2025-08-20 12:30:00 AM,7.5,87.1,7.5,5.5,point
2025-08-20 01:00:00 AM,7.4,86.7,7.3,5.3,point
2025-08-20 01:30:00 AM,7.5,88.0,7.4,5.6,point
2025-08-20 02:00:00 AM,7.5,86.6,7.4,5.4,point
2025-08-20 02:30:00 AM,7.5,87.4,7.4,5.5,point
2025-08-20 03:00:00 AM,7.4,86.0,7.4,5.2,point
2025-08-20 03:30:00 AM,7.5,87.7,7.4,5.5,point
2025-08-20 04:00:00 AM,7.3,85.0,7.3,5.0,point
2025-08-20 04:30:00 AM,7.5,89.0,7.5,5.8,point
2025-08-20 05:00:00 AM,7.2,87.3,7.1,5.2,point
2025-08-20 05:30:00 AM,6.8,87.4,6.7,4.8,point
2025-08-20 06:00:00 AM,6.7,85.8,6.7,4.5,point
2025-08-20 06:30:00 AM,7.8,92.8,7.9,6.7,point
2025-08-20 07:00:00 AM,14.3,100.0,15.0,14.3,point
2025-08-20 07:30:00 AM,21.2,100.0,22.3,21.2,point
2025-08-20 08:00:00 AM,23.3,93.5,25.0,22.2,point
2025-08-20 08:30:00 AM,24.1,81.9,25.3,20.8,point
2025-08-20 09:00:00 AM,24.8,87.0,26.5,22.4,point
2025-08-20 09:30:00 AM,25.2,86.6,27.3,22.8,point
2025-08-20 10:00:00 AM,25.3,85.9,27.7,22.8,point
2025-08-20 10:30:00 AM,25.3,85.2,27.6,22.6,point
2025-08-20 11:00:00 AM,25.2,84.6,27.2,22.4,point
2025-08-20 11:30:00 AM,25.1,84.9,27.2,22.4,point
2025-08-20 12:00:00 PM,25.2,84.5,27.3,22.4,point
2025-08-20 12:30:00 PM,25.2,83.1,27.2,22.1,point
2025-08-20 01:00:00 PM,25.2,83.8,27.3,22.3,point
2025-08-20 01:30:00 PM,25.3,83.8,27.5,22.4,point
2025-08-20 02:00:00 PM,25.3,81.6,27.3,21.9,point
2025-08-20 02:30:00 PM,25.4,83.0,27.6,22.3,point
2025-08-20 03:00:00 PM,25.4,81.5,27.5,22.0,point
2025-08-20 03:30:00 PM,25.3,81.3,27.1,21.8,point
2025-08-20 04:00:00 PM,25.3,80.8,27.3,21.8,point
2025-08-20 04:30:00 PM,25.3,79.3,27.2,21.5,point
2025-08-20 05:00:00 PM,25.3,78.4,26.8,21.3,point
2025-08-20 05:30:00 PM,25.3,77.6,26.7,21.1,point
2025-08-20 06:00:00 PM,25.5,77.7,27.1,21.3,point
2025-08-20 06:30:00 PM,25.3,77.6,26.9,21.1,point
2025-08-20 07:00:00 PM,25.2,76.6,26.5,20.8,point
2025-08-20 07:30:00 PM,24.0,71.5,24.5,18.5,point
2025-08-20 08:00:00 PM,17.8,62.3,16.7,10.5,point
2025-08-20 08:30:00 PM,10.9,67.5,10.3,5.1,point
2025-08-20 09:00:00 PM,8.2,72.8,7.9,3.6,point
2025-08-20 09:30:00 PM,8.2,80.6,8.0,5.0,point
2025-08-20 10:00:00 PM,7.6,80.4,7.4,4.4,point
2025-08-20 10:30:00 PM,7.4,81.6,7.2,4.4,point
2025-08-20 11:00:00 PM,7.2,82.8,7.2,4.5,point
2025-08-20 11:30:00 PM,7.2,83.2,7.2,4.6,point
2025-08-21 12:00:00 AM,7.2,84.2,7.2,4.7,point
2025-08-21 12:30:00 AM,7.2,84.9,7.2,4.8,point
2025-08-21 01:00:00 AM,7.2,85.1,7.1,4.9,point
2025-08-21 01:30:00 AM,7.2,85.5,7.1,4.9,point
2025-08-21 02:00:00 AM,7.1,86.1,7.1,5.0,point
2025-08-21 02:30:00 AM,7.1,86.5,7.0,5.0,point
2025-08-21 03:00:00 AM,7.1,86.7,7.0,5.0,point
2025-08-21 03:30:00 AM,7.2,86.6,7.2,5.1,point
2025-08-21 04:00:00 AM,7.2,85.9,7.2,5.0,point
2025-08-21 04:30:00 AM,7.3,86.1,7.3,5.2,point
2025-08-21 05:00:00 AM,7.1,86.1,7.1,5.0,point
2025-08-21 05:30:00 AM,7.2,86.9,7.1,5.1,point
2025-08-21 06:00:00 AM,7.1,86.7,7.0,5.0,point
2025-08-21 06:30:00 AM,7.5,88.9,7.5,5.8,point
2025-08-21 07:00:00 AM,12.0,90.4,12.2,10.5,point
2025-08-21 07:30:00 AM,21.5,100.0,22.7,21.5,point
2025-08-21 08:00:00 AM,23.9,90.3,25.5,22.2,point
2025-08-21 08:30:00 AM,24.5,86.0,26.0,22.0,point
2025-08-21 09:00:00 AM,24.8,84.5,26.3,22.0,point
2025-08-21 09:30:00 AM,24.9,85.4,26.8,22.3,point
2025-08-21 10:00:00 AM,25.2,85.8,27.2,22.6,point
2025-08-21 10:30:00 AM,25.2,85.6,27.2,22.6,point
2025-08-21 11:00:00 AM,25.4,85.0,27.6,22.7,point
2025-08-21 11:30:00 AM,25.6,85.0,28.3,22.9,point
2025-08-21 12:00:00 PM,25.6,84.5,28.2,22.8,point
2025-08-21 12:30:00 PM,25.6,85.2,28.3,22.9,point
2025-08-21 01:00:00 PM,25.6,85.2,28.3,22.9,point
2025-08-21 01:30:00 PM,25.6,84.4,28.2,22.8,point
2025-08-21 02:00:00 PM,25.6,84.3,28.2,22.8,point
2025-08-21 02:30:00 PM,25.6,83.7,28.0,22.6,point
2025-08-21 03:00:00 PM,25.5,81.3,27.7,22.1,point
2025-08-21 03:30:00 PM,25.5,81.8,27.7,22.2,point
2025-08-21 04:00:00 PM,25.5,80.0,27.4,21.8,point
2025-08-21 04:30:00 PM,25.5,80.5,27.7,21.9,point
2025-08-21 05:00:00 PM,25.4,79.2,27.4,21.5,point
2025-08-21 05:30:00 PM,25.4,79.0,27.3,21.5,point
2025-08-21 06:00:00 PM,25.4,76.8,27.1,21.1,point
2025-08-21 06:30:00 PM,25.4,77.9,27.2,21.3,point
2025-08-21 07:00:00 PM,25.2,75.5,26.6,20.6,point
2025-08-21 07:30:00 PM,24.1,72.7,24.7,18.9,point
2025-08-21 08:00:00 PM,17.5,64.2,16.5,10.7,point
2025-08-21 08:30:00 PM,11.1,67.8,10.5,5.3,point
2025-08-21 09:00:00 PM,8.7,78.2,8.4,5.1,point
2025-08-21 09:30:00 PM,8.2,82.0,8.0,5.3,point
2025-08-21 10:00:00 PM,7.9,84.0,7.9,5.4,point
2025-08-21 10:30:00 PM,7.8,85.1,7.8,5.5,point
2025-08-21 11:00:00 PM,7.8,86.0,7.7,5.6,point
2025-08-21 11:30:00 PM,7.7,86.6,7.6,5.6,point
2025-08-22 12:00:00 AM,7.6,87.8,7.5,5.7,point
2025-08-22 12:30:00 AM,7.5,87.1,7.5,5.5,point
2025-08-22 01:00:00 AM,7.5,87.2,7.4,5.5,point
2025-08-22 01:30:00 AM,7.4,87.8,7.3,5.5,point
2025-08-22 02:00:00 AM,7.3,85.8,7.3,5.1,point
2025-08-22 02:30:00 AM,7.5,87.0,7.4,5.4,point
2025-08-22 03:00:00 AM,7.3,87.4,7.3,5.4,point
2025-08-22 03:30:00 AM,7.2,86.5,7.2,5.1,point
2025-08-22 04:00:00 AM,6.9,84.8,6.9,4.5,point
2025-08-22 04:30:00 AM,7.0,87.9,7.0,5.2,point
2025-08-22 05:00:00 AM,7.2,88.3,7.2,5.4,point
2025-08-22 05:30:00 AM,7.1,89.2,7.1,5.4,point
2025-08-22 06:00:00 AM,7.2,88.0,7.1,5.3,point
2025-08-22 06:30:00 AM,8.3,95.4,8.4,7.6,point
2025-08-22 07:00:00 AM,13.9,100.0,14.4,13.9,point
2025-08-22 07:30:00 AM,21.9,100.0,23.3,21.9,point
2025-08-22 08:00:00 AM,24.1,97.4,26.4,23.7,point
2025-08-22 08:30:00 AM,24.6,87.7,26.3,22.4,point
2025-08-22 09:00:00 AM,24.8,84.8,26.6,22.1,point
2025-08-22 09:30:00 AM,25.0,85.4,27.0,22.4,point
2025-08-22 10:00:00 AM,25.1,84.8,27.0,22.4,point
2025-08-22 10:30:00 AM,25.1,85.7,27.2,22.6,point
2025-08-22 11:00:00 AM,25.1,84.3,26.9,22.2,point
2025-08-22 11:30:00 AM,25.1,84.3,27.1,22.3,point
2025-08-22 12:00:00 PM,24.9,82.8,26.4,21.7,point
2025-08-22 12:30:00 PM,25.0,84.3,26.9,22.2,point
2025-08-22 01:00:00 PM,25.1,83.8,27.1,22.2,point
2025-08-22 01:30:00 PM,25.2,82.9,27.0,22.1,point
2025-08-22 02:00:00 PM,23.8,81.3,25.0,20.4,point
2025-08-22 02:30:00 PM,23.4,83.3,24.6,20.4,point
2025-08-22 03:00:00 PM,23.6,79.1,24.5,19.7,point
2025-08-22 03:30:00 PM,24.5,84.0,26.0,21.7,point
2025-08-22 04:00:00 PM,24.3,79.1,25.4,20.4,point
2025-08-22 04:30:00 PM,24.6,86.0,26.3,22.1,point
2025-08-22 05:00:00 PM,24.7,84.5,26.1,21.9,point
2025-08-22 05:30:00 PM,24.6,84.6,26.2,21.9,point
2025-08-22 06:00:00 PM,24.7,83.7,26.1,21.7,point
2025-08-22 06:30:00 PM,24.6,82.3,25.9,21.4,point
2025-08-22 07:00:00 PM,24.6,81.2,25.9,21.2,point
2025-08-22 07:30:00 PM,23.8,76.4,24.5,19.4,point
2025-08-22 08:00:00 PM,17.3,60.6,16.0,9.6,point
2025-08-22 08:30:00 PM,10.4,63.9,9.8,3.9,point
2025-08-22 09:00:00 PM,8.9,79.8,8.7,5.6,point
2025-08-22 09:30:00 PM,8.2,83.2,8.2,5.5,point
2025-08-22 10:00:00 PM,7.9,84.5,7.9,5.5,point
2025-08-22 10:30:00 PM,7.7,85.6,7.6,5.4,point
2025-08-22 11:00:00 PM,7.6,86.3,7.6,5.5,point
2025-08-22 11:30:00 PM,7.7,86.4,7.6,5.5,point
2025-08-23 12:00:00 AM,7.6,87.2,7.6,5.6,point
2025-08-23 12:30:00 AM,7.6,85.0,7.5,5.2,point
2025-08-23 01:00:00 AM,7.7,87.9,7.6,5.8,point
2025-08-23 01:30:00 AM,7.6,87.2,7.6,5.6,point
2025-08-23 02:00:00 AM,7.6,88.2,7.6,5.8,point
2025-08-23 02:30:00 AM,7.5,86.2,7.4,5.3,point
2025-08-23 03:00:00 AM,7.3,87.9,7.3,5.5,point
2025-08-23 03:30:00 AM,7.3,85.4,7.2,5.0,point
2025-08-23 04:00:00 AM,7.3,88.3,7.4,5.5,point
2025-08-23 04:30:00 AM,7.0,87.3,7.0,5.1,point
2025-08-23 05:00:00 AM,6.7,86.6,6.6,4.6,point
2025-08-23 05:30:00 AM,6.7,92.1,6.8,5.5,point
2025-08-23 06:00:00 AM,6.7,87.3,6.6,4.7,point
2025-08-23 06:30:00 AM,8.2,97.2,8.4,7.7,point
2025-08-23 07:00:00 AM,15.0,100.0,15.7,15.0,point
2025-08-23 07:30:00 AM,21.7,100.0,23.0,21.7,point
2025-08-23 08:00:00 AM,23.3,100.0,25.4,23.3,point
2025-08-23 08:30:00 AM,24.1,90.1,25.9,22.4,point
2025-08-23 09:00:00 AM,24.4,90.1,26.2,22.6,point
2025-08-23 09:30:00 AM,24.5,89.3,26.4,22.7,point
2025-08-23 10:00:00 AM,24.5,88.5,26.3,22.5,point
2025-08-23 10:30:00 AM,24.4,87.3,26.2,22.2,point
2025-08-23 11:00:00 AM,24.7,89.0,26.7,22.8,point
2025-08-23 11:30:00 AM,24.5,87.0,26.2,22.2,point
2025-08-23 12:00:00 PM,24.7,87.7,26.6,22.5,point
2025-08-23 12:30:00 PM,24.7,87.5,26.4,22.4,point
2025-08-23 01:00:00 PM,24.5,86.0,26.1,22.0,point
2025-08-23 01:30:00 PM,24.5,84.9,26.0,21.8,point
2025-08-23 02:00:00 PM,24.4,85.5,26.0,21.9,point
2025-08-23 02:30:00 PM,24.4,82.4,25.8,21.2,point
2025-08-23 03:00:00 PM,24.6,83.6,26.0,21.6,point
2025-08-23 03:30:00 PM,24.7,81.4,25.9,21.3,point
2025-08-23 04:00:00 PM,24.5,81.8,25.8,21.2,point
2025-08-23 04:30:00 PM,24.7,81.2,26.1,21.3,point
2025-08-23 05:00:00 PM,24.7,78.4,25.9,20.7,point
2025-08-23 05:30:00 PM,24.6,77.6,25.6,20.5,point
2025-08-23 06:00:00 PM,24.7,75.8,25.7,20.1,point
2025-08-23 06:30:00 PM,24.7,74.0,25.6,19.8,point
2025-08-23 07:00:00 PM,24.7,72.2,25.5,19.4,point
2025-08-23 07:30:00 PM,23.9,67.9,24.3,17.6,point
2025-08-23 08:00:00 PM,18.1,60.7,16.9,10.4,point
2025-08-23 08:30:00 PM,10.7,64.2,10.0,4.2,point
2025-08-23 09:00:00 PM,9.0,82.4,8.9,6.2,point
2025-08-23 09:30:00 PM,8.0,78.2,7.7,4.4,point
2025-08-23 10:00:00 PM,8.1,85.3,8.0,5.8,point
2025-08-23 10:30:00 PM,7.8,86.3,7.8,5.7,point
2025-08-23 11:00:00 PM,7.7,86.2,7.6,5.5,point
2025-08-23 11:30:00 PM,7.6,86.6,7.6,5.5,point
2025-08-24 12:00:00 AM,7.6,86.4,7.5,5.4,point
2025-08-24 12:30:00 AM,7.4,86.6,7.4,5.3,point
2025-08-24 01:00:00 AM,7.6,88.4,7.6,5.8,point
2025-08-24 01:30:00 AM,7.5,87.5,7.4,5.5,point
2025-08-24 02:00:00 AM,7.5,88.3,7.5,5.7,point
2025-08-24 02:30:00 AM,7.3,87.0,7.3,5.3,point
2025-08-24 03:00:00 AM,7.4,87.1,7.4,5.4,point
2025-08-24 03:30:00 AM,7.4,87.5,7.4,5.5,point
2025-08-24 04:00:00 AM,7.2,87.7,7.2,5.3,point
2025-08-24 04:30:00 AM,7.2,86.2,7.2,5.1,point
2025-08-24 05:00:00 AM,7.4,89.0,7.5,5.7,point
2025-08-24 05:30:00 AM,7.2,88.7,7.2,5.5,point
2025-08-24 06:00:00 AM,7.2,89.2,7.3,5.5,point
2025-08-24 06:30:00 AM,8.1,96.4,8.4,7.6,point
2025-08-24 07:00:00 AM,14.5,100.0,15.2,14.5,point
2025-08-24 07:30:00 AM,21.8,100.0,23.0,21.8,point
2025-08-24 08:00:00 AM,23.2,95.9,25.0,22.5,point
2025-08-24 08:30:00 AM,23.9,90.6,25.7,22.3,point
2025-08-24 09:00:00 AM,24.1,88.8,25.8,22.2,point
2025-08-24 09:30:00 AM,24.1,87.1,25.6,21.8,point
2025-08-24 10:00:00 AM,24.1,85.8,25.6,21.6,point
2025-08-24 10:30:00 AM,24.2,87.1,25.8,21.9,point
2025-08-24 11:00:00 AM,24.4,86.9,26.1,22.1,point
2025-08-24 11:30:00 AM,24.4,85.6,25.8,21.8,point
2025-08-24 12:00:00 PM,24.2,83.2,25.4,21.1,point
2025-08-24 12:30:00 PM,24.3,83.7,25.6,21.4,point
2025-08-24 01:00:00 PM,24.4,82.3,25.8,21.2,point
2025-08-24 01:30:00 PM,24.2,80.0,25.4,20.6,point
2025-08-24 02:00:00 PM,24.2,79.9,25.2,20.5,point
2025-08-24 02:30:00 PM,24.3,78.8,25.3,20.4,point
2025-08-24 03:00:00 PM,24.3,77.3,25.3,20.1,point
2025-08-24 03:30:00 PM,24.4,75.5,25.2,19.8,point
2025-08-24 04:00:00 PM,24.4,73.7,25.2,19.4,point
2025-08-24 04:30:00 PM,24.4,71.6,25.0,18.9,point
2025-08-24 05:00:00 PM,24.4,69.9,24.9,18.6,point
2025-08-24 05:30:00 PM,24.4,69.0,24.9,18.4,point
2025-08-24 06:00:00 PM,24.4,68.2,24.8,18.2,point
2025-08-24 06:30:00 PM,24.4,67.6,24.8,18.1,point
2025-08-24 07:00:00 PM,24.4,67.4,24.7,18.0,point
2025-08-24 07:30:00 PM,24.5,68.1,24.9,18.2,point
2025-08-24 08:00:00 PM,17.9,59.1,16.5,9.8,point
2025-08-24 08:30:00 PM,10.7,63.1,9.9,3.9,point
2025-08-24 09:00:00 PM,8.4,76.1,8.2,4.5,point
2025-08-24 09:30:00 PM,7.6,79.2,7.4,4.2,point
2025-08-24 10:00:00 PM,7.2,80.6,7.1,4.1,point
2025-08-24 10:30:00 PM,7.0,81.9,6.9,4.1,point
2025-08-24 11:00:00 PM,7.1,83.2,7.0,4.4,point
2025-08-24 11:30:00 PM,7.1,83.6,7.0,4.5,point
2025-08-25 12:00:00 AM,7.2,84.2,7.1,4.7,point
2025-08-25 12:30:00 AM,9.2,96.3,9.5,8.6,point
2025-08-25 01:00:00 AM,7.6,84.9,7.6,5.2,point
2025-08-25 01:30:00 AM,7.3,87.0,7.3,5.3,point
2025-08-25 02:00:00 AM,7.5,87.6,7.4,5.5,point
2025-08-25 02:30:00 AM,7.5,88.2,7.5,5.7,point
2025-08-25 03:00:00 AM,7.3,87.5,7.3,5.4,point
2025-08-25 03:30:00 AM,7.5,88.4,7.5,5.7,point
2025-08-25 04:00:00 AM,7.4,87.6,7.3,5.5,point
2025-08-25 04:30:00 AM,7.4,88.9,7.5,5.7,point
2025-08-25 05:00:00 AM,7.3,88.4,7.4,5.5,point
2025-08-25 05:30:00 AM,7.3,88.3,7.4,5.5,point
2025-08-25 06:00:00 AM,7.4,86.9,7.4,5.4,point
2025-08-25 06:30:00 AM,8.7,96.1,9.0,8.2,point
2025-08-25 07:00:00 AM,15.1,100.0,15.8,15.1,point
2025-08-25 07:30:00 AM,21.8,100.0,23.1,21.8,point
2025-08-25 08:00:00 AM,23.9,97.6,26.0,23.5,point
2025-08-25 08:30:00 AM,24.6,90.1,26.5,22.8,point
2025-08-25 09:00:00 AM,24.9,89.3,27.1,23.0,point
2025-08-25 09:30:00 AM,25.0,88.3,27.0,22.9,point
2025-08-25 10:00:00 AM,25.1,88.1,27.2,23.0,point
2025-08-25 10:30:00 AM,24.9,86.7,26.7,22.5,point
2025-08-25 11:00:00 AM,24.9,86.8,26.7,22.5,point
2025-08-25 11:30:00 AM,24.9,86.7,26.7,22.5,point
2025-08-25 12:00:00 PM,24.7,86.0,26.5,22.2,point
2025-08-25 12:30:00 PM,24.7,85.8,26.4,22.2,point
2025-08-25 01:00:00 PM,24.6,84.2,26.1,21.8,point
2025-08-25 01:30:00 PM,24.6,84.7,26.2,21.9,point
2025-08-25 02:00:00 PM,24.6,83.0,26.0,21.6,point
2025-08-25 02:30:00 PM,24.6,81.9,25.9,21.3,point
2025-08-25 03:00:00 PM,24.3,79.4,25.4,20.5,point
2025-08-25 03:30:00 PM,24.4,78.1,25.5,20.4,point
2025-08-25 04:00:00 PM,23.9,77.8,24.9,19.8,point
2025-08-25 04:30:00 PM,24.5,77.8,25.6,20.4,point
2025-08-25 05:00:00 PM,24.5,75.9,25.3,19.9,point
2025-08-25 05:30:00 PM,24.4,76.0,25.3,19.9,point
2025-08-25 06:00:00 PM,24.4,76.2,25.2,19.9,point
2025-08-25 06:30:00 PM,24.4,74.9,25.1,19.6,point
2025-08-25 07:00:00 PM,24.3,75.1,25.1,19.6,point
2025-08-25 07:30:00 PM,23.2,73.4,23.7,18.1,point
2025-08-25 08:00:00 PM,16.6,66.0,15.7,10.2,point
2025-08-25 08:30:00 PM,9.8,68.8,9.2,4.3,point
2025-08-25 09:00:00 PM,7.9,79.1,7.8,4.5,point
2025-08-25 09:30:00 PM,7.5,84.3,7.4,5.0,point
2025-08-25 10:00:00 PM,7.5,86.1,7.4,5.3,point
2025-08-25 10:30:00 PM,7.6,82.5,7.5,4.8,point
2025-08-25 11:00:00 PM,7.4,87.5,7.3,5.5,point
2025-08-25 11:30:00 PM,7.1,86.7,7.1,5.1,point
2025-08-26 12:00:00 AM,7.4,90.0,7.4,5.9,point
2025-08-26 12:30:00 AM,7.3,87.8,7.3,5.4,point
2025-08-26 01:00:00 AM,7.4,88.2,7.3,5.5,point
2025-08-26 01:30:00 AM,7.0,88.1,7.0,5.2,point
2025-08-26 02:00:00 AM,7.2,88.9,7.2,5.5,point
2025-08-26 02:30:00 AM,6.9,87.1,6.8,4.9,point
2025-08-26 03:00:00 AM,7.0,89.3,7.0,5.3,point
2025-08-26 03:30:00 AM,6.5,87.2,6.5,4.5,point
2025-08-26 04:00:00 AM,6.8,90.3,6.8,5.3,point
2025-08-26 04:30:00 AM,6.5,87.3,6.5,4.6,point
2025-08-26 05:00:00 AM,6.7,90.1,6.7,5.2,point
2025-08-26 05:30:00 AM,6.6,88.2,6.7,4.8,point
2025-08-26 06:00:00 AM,6.6,90.8,6.7,5.2,point
2025-08-26 06:30:00 AM,7.6,95.9,7.8,7.0,point
2025-08-26 07:00:00 AM,14.3,100.0,15.0,14.3,point
2025-08-26 07:30:00 AM,21.6,100.0,22.8,21.6,point
2025-08-26 08:00:00 AM,23.4,100.0,25.6,23.4,point
2025-08-26 08:30:00 AM,24.0,90.1,25.8,22.3,point
2025-08-26 09:00:00 AM,23.7,81.0,24.8,20.2,point
2025-08-26 09:30:00 AM,24.4,88.5,26.0,22.3,point
2025-08-26 10:00:00 AM,24.3,87.4,26.0,22.1,point
2025-08-26 10:30:00 AM,24.4,87.2,25.9,22.1,point
2025-08-26 11:00:00 AM,24.3,87.6,25.9,22.1,point
2025-08-26 11:30:00 AM,23.5,82.3,24.5,20.3,point
2025-08-26 12:00:00 PM,23.9,87.0,25.3,21.6,point
2025-08-26 12:30:00 PM,23.8,86.2,25.3,21.4,point
2025-08-26 01:00:00 PM,24.0,87.7,25.5,21.8,point
2025-08-26 01:30:00 PM,23.8,84.6,25.2,21.1,point
2025-08-26 02:00:00 PM,23.9,85.6,25.2,21.3,point
2025-08-26 02:30:00 PM,23.5,80.8,24.6,20.0,point
2025-08-26 03:00:00 PM,23.8,87.2,25.3,21.6,point
2025-08-26 03:30:00 PM,23.6,85.3,24.9,21.0,point
2025-08-26 04:00:00 PM,24.2,87.4,25.8,22.0,point
2025-08-26 04:30:00 PM,24.4,86.6,26.1,22.1,point
2025-08-26 05:00:00 PM,24.4,84.7,26.0,21.7,point
2025-08-26 05:30:00 PM,24.5,85.5,26.1,21.9,point
2025-08-26 06:00:00 PM,24.4,84.2,25.9,21.6,point
2025-08-26 06:30:00 PM,24.4,83.7,25.9,21.5,point
2025-08-26 07:00:00 PM,24.4,84.1,25.9,21.6,point
2025-08-26 07:30:00 PM,23.2,77.5,24.0,19.1,point
2025-08-26 08:00:00 PM,18.7,64.5,17.8,11.9,point
2025-08-26 08:30:00 PM,10.8,72.0,10.4,6.0,point
2025-08-26 09:00:00 PM,7.6,76.4,7.3,3.7,point
2025-08-26 09:30:00 PM,7.0,79.9,6.8,3.8,point
2025-08-26 10:00:00 PM,6.8,81.7,6.7,3.9,point
2025-08-26 10:30:00 PM,7.3,86.8,7.3,5.2,point
2025-08-26 11:00:00 PM,7.1,89.4,7.2,5.5,point
2025-08-26 11:30:00 PM,6.8,87.4,6.8,4.9,point
2025-08-27 12:00:00 AM,6.9,87.7,6.9,5.0,point
2025-08-27 12:30:00 AM,7.0,87.8,7.0,5.1,point
2025-08-27 01:00:00 AM,7.2,88.8,7.3,5.5,point
2025-08-27 01:30:00 AM,6.7,88.6,6.7,4.9,point
2025-08-27 02:00:00 AM,6.8,89.1,6.8,5.1,point
2025-08-27 02:30:00 AM,6.4,87.9,6.3,4.5,point
2025-08-27 03:00:00 AM,6.7,90.4,6.7,5.2,point
2025-08-27 03:30:00 AM,6.8,88.7,6.8,5.0,point
2025-08-27 04:00:00 AM,6.6,88.6,6.6,4.8,point
2025-08-27 04:30:00 AM,6.5,89.6,6.5,4.9,point
2025-08-27 05:00:00 AM,6.6,90.5,6.7,5.2,point
2025-08-27 05:30:00 AM,6.5,88.0,6.5,4.7,point
2025-08-27 06:00:00 AM,6.5,90.6,6.6,5.1,point
2025-08-27 06:30:00 AM,8.1,98.3,8.4,7.9,point
2025-08-27 07:00:00 AM,14.1,100.0,14.7,14.1,point
2025-08-27 07:30:00 AM,22.4,100.0,24.0,22.4,point
2025-08-27 08:00:00 AM,23.9,97.0,25.9,23.3,point
2025-08-27 08:30:00 AM,24.2,90.3,25.9,22.5,point
2025-08-27 09:00:00 AM,24.3,88.7,25.9,22.3,point
2025-08-27 09:30:00 AM,24.4,88.8,26.1,22.4,point
2025-08-27 10:00:00 AM,23.7,84.4,24.9,20.9,point
2025-08-27 10:30:00 AM,24.1,87.9,25.6,21.9,point
2025-08-27 11:00:00 AM,24.2,88.2,25.8,22.1,point
2025-08-27 11:30:00 AM,24.1,86.0,25.5,21.6,point
2025-08-27 12:00:00 PM,24.2,87.1,25.7,21.9,point
2025-08-27 12:30:00 PM,24.1,85.6,25.5,21.5,point
2025-08-27 01:00:00 PM,24.2,87.3,25.9,22.0,point
2025-08-27 01:30:00 PM,24.4,88.7,26.2,22.4,point
2025-08-27 02:00:00 PM,24.6,87.8,26.3,22.4,point
2025-08-27 02:30:00 PM,24.5,87.3,26.2,22.2,point
2025-08-27 03:00:00 PM,24.6,87.2,26.3,22.4,point
2025-08-27 03:30:00 PM,24.3,86.9,25.9,22.0,point
2025-08-27 04:00:00 PM,24.5,85.9,26.1,22.0,point
2025-08-27 04:30:00 PM,24.3,84.5,25.8,21.5,point
2025-08-27 05:00:00 PM,24.5,85.0,26.1,21.8,point
2025-08-27 05:30:00 PM,24.3,83.2,25.8,21.3,point
2025-08-27 06:00:00 PM,24.3,82.1,25.7,21.1,point
2025-08-27 06:30:00 PM,24.4,82.6,25.7,21.2,point
2025-08-27 07:00:00 PM,24.3,81.4,25.4,20.9,point
2025-08-27 07:30:00 PM,23.5,76.8,24.4,19.2,point
2025-08-27 08:00:00 PM,18.0,57.7,16.6,9.6,point
2025-08-27 08:30:00 PM,11.3,76.1,11.0,7.3,point
2025-08-27 09:00:00 PM,8.5,83.0,8.4,5.7,point
2025-08-27 09:30:00 PM,7.6,83.6,7.5,5.0,point
2025-08-27 10:00:00 PM,7.3,87.2,7.3,5.3,point
2025-08-27 10:30:00 PM,7.2,87.5,7.2,5.3,point
2025-08-27 11:00:00 PM,7.2,88.0,7.2,5.4,point
2025-08-27 11:30:00 PM,7.0,88.3,7.1,5.2,point
2025-08-28 12:00:00 AM,7.2,89.0,7.3,5.5,point
2025-08-28 12:30:00 AM,7.2,89.0,7.3,5.5,point
2025-08-28 01:00:00 AM,7.3,88.6,7.3,5.5,point
2025-08-28 01:30:00 AM,7.2,89.9,7.2,5.6,point
2025-08-28 02:00:00 AM,7.0,86.5,7.0,4.9,point
2025-08-28 02:30:00 AM,7.0,87.7,6.9,5.1,point
2025-08-28 03:00:00 AM,7.0,88.7,7.1,5.3,point
2025-08-28 03:30:00 AM,7.0,89.1,7.1,5.4,point
2025-08-28 04:00:00 AM,7.1,89.6,7.1,5.5,point
2025-08-28 04:30:00 AM,7.1,89.8,7.1,5.5,point
2025-08-28 05:00:00 AM,6.5,86.6,6.5,4.4,point
2025-08-28 05:30:00 AM,6.7,90.1,6.7,5.2,point
2025-08-28 06:00:00 AM,6.8,89.8,6.9,5.3,point
2025-08-28 06:30:00 AM,7.7,92.6,7.8,6.5,point
2025-08-28 07:00:00 AM,14.3,100.0,15.0,14.3,point
2025-08-28 07:30:00 AM,21.1,100.0,22.1,21.1,point
2025-08-28 08:00:00 AM,22.7,95.5,24.3,22.0,point
2025-08-28 08:30:00 AM,23.6,90.7,25.1,22.0,point
2025-08-28 09:00:00 AM,23.6,88.4,25.0,21.5,point
2025-08-28 09:30:00 AM,23.1,83.2,24.1,20.1,point
2025-08-28 10:00:00 AM,23.6,87.4,25.1,21.4,point
2025-08-28 10:30:00 AM,23.5,87.1,24.8,21.2,point
2025-08-28 11:00:00 AM,23.7,87.2,25.2,21.4,point
2025-08-28 11:30:00 AM,23.2,82.3,24.3,20.1,point
2025-08-28 12:00:00 PM,24.0,88.6,25.5,22.0,point
2025-08-28 12:30:00 PM,23.9,87.6,25.5,21.8,point
2025-08-28 01:00:00 PM,23.3,86.7,24.5,20.9,point
2025-08-28 01:30:00 PM,23.3,87.0,24.7,21.0,point
2025-08-28 02:00:00 PM,23.5,88.4,25.0,21.5,point
2025-08-28 02:30:00 PM,23.9,89.2,25.6,22.1,point
2025-08-28 03:00:00 PM,24.4,87.2,26.1,22.2,point
2025-08-28 03:30:00 PM,24.6,85.9,26.1,22.1,point
2025-08-28 04:00:00 PM,24.6,84.3,26.0,21.8,point
2025-08-28 04:30:00 PM,24.8,84.6,26.4,22.0,point
2025-08-28 05:00:00 PM,24.9,83.5,26.5,21.9,point
2025-08-28 05:30:00 PM,24.9,82.3,26.4,21.6,point
2025-08-28 06:00:00 PM,25.1,80.8,26.9,21.6,point
2025-08-28 06:30:00 PM,24.9,79.0,26.3,21.0,point
2025-08-28 07:00:00 PM,25.3,77.3,26.9,21.1,point
2025-08-28 07:30:00 PM,24.1,73.2,24.8,19.0,point
2025-08-28 08:00:00 PM,18.6,70.8,17.8,13.2,point
2025-08-28 08:30:00 PM,11.5,65.5,10.7,5.2,point
2025-08-28 09:00:00 PM,8.8,78.2,8.6,5.2,point
2025-08-28 09:30:00 PM,8.4,90.8,8.4,6.9,point
2025-08-28 10:00:00 PM,7.6,80.3,7.4,4.4,point
2025-08-28 10:30:00 PM,7.2,82.5,7.2,4.5,point
2025-08-28 11:00:00 PM,7.2,83.8,7.1,4.6,point
2025-08-28 11:30:00 PM,7.1,84.9,7.0,4.7,point
2025-08-29 12:00:00 AM,7.0,85.8,7.0,4.8,point
2025-08-29 12:30:00 AM,7.0,86.9,7.0,5.0,point
2025-08-29 01:00:00 AM,7.0,87.1,7.0,5.0,point
2025-08-29 01:30:00 AM,7.0,87.5,7.0,5.1,point
2025-08-29 02:00:00 AM,7.0,87.8,6.9,5.1,point
2025-08-29 02:30:00 AM,6.9,88.3,7.0,5.1,point
2025-08-29 03:00:00 AM,7.0,88.5,7.1,5.3,point
2025-08-29 03:30:00 AM,7.1,87.9,7.0,5.2,point
2025-08-29 04:00:00 AM,7.2,88.3,7.3,5.4,point
2025-08-29 04:30:00 AM,7.1,88.2,7.1,5.3,point
2025-08-29 05:00:00 AM,7.0,88.0,7.0,5.2,point
2025-08-29 05:30:00 AM,7.0,89.0,7.0,5.3,point
2025-08-29 06:00:00 AM,6.5,87.4,6.4,4.5,point
2025-08-29 06:30:00 AM,8.0,96.8,8.2,7.5,point
2025-08-29 07:00:00 AM,14.9,100.0,15.6,14.9,point
2025-08-29 07:30:00 AM,22.0,100.0,23.4,22.0,point
2025-08-29 08:00:00 AM,24.1,100.0,26.5,24.0,point
2025-08-29 08:30:00 AM,24.5,90.6,26.5,22.9,point
2025-08-29 09:00:00 AM,24.7,90.3,26.8,23.0,point
2025-08-29 09:30:00 AM,24.8,89.5,26.9,23.0,point
2025-08-29 10:00:00 AM,24.9,90.2,27.0,23.2,point
2025-08-29 10:30:00 AM,24.9,89.2,26.9,22.9,point
2025-08-29 11:00:00 AM,24.8,88.9,26.9,22.9,point
2025-08-29 11:30:00 AM,25.0,88.6,27.2,23.0,point
2025-08-29 12:00:00 PM,24.9,89.2,27.1,23.0,point
2025-08-29 12:30:00 PM,24.9,87.4,27.0,22.7,point
2025-08-29 01:00:00 PM,24.8,86.3,26.5,22.3,point
2025-08-29 01:30:00 PM,25.0,87.4,27.2,22.8,point
2025-08-29 02:00:00 PM,25.0,87.7,27.2,22.8,point
2025-08-29 02:30:00 PM,25.0,85.4,27.0,22.4,point
2025-08-29 03:00:00 PM,25.2,85.7,27.2,22.6,point
2025-08-29 03:30:00 PM,25.2,85.0,27.4,22.5,point
2025-08-29 04:00:00 PM,25.4,84.1,27.8,22.5,point
2025-08-29 04:30:00 PM,24.9,82.3,26.4,21.7,point
2025-08-29 05:00:00 PM,26.0,83.6,28.8,23.0,point
2025-08-29 05:30:00 PM,26.2,84.0,29.4,23.3,point
2025-08-29 06:00:00 PM,26.2,82.8,29.3,23.1,point
2025-08-29 06:30:00 PM,26.2,83.3,29.4,23.1,point
2025-08-29 07:00:00 PM,26.2,82.6,29.3,23.0,point
2025-08-29 07:30:00 PM,25.4,77.0,26.9,21.1,point
2025-08-29 08:00:00 PM,19.5,61.0,18.6,11.8,point
2025-08-29 08:30:00 PM,12.4,62.9,11.6,5.6,point
2025-08-29 09:00:00 PM,8.8,73.2,8.5,4.3,point
2025-08-29 09:30:00 PM,8.6,79.9,8.4,5.3,point
2025-08-29 10:00:00 PM,7.8,82.6,7.8,5.0,point
2025-08-29 10:30:00 PM,7.6,83.8,7.5,5.0,point
2025-08-29 11:00:00 PM,7.4,84.6,7.3,5.0,point
2025-08-29 11:30:00 PM,7.3,84.9,7.3,5.0,point
2025-08-30 12:00:00 AM,7.4,85.7,7.3,5.1,point
2025-08-30 12:30:00 AM,7.4,85.7,7.3,5.1,point
2025-08-30 01:00:00 AM,7.2,86.2,7.2,5.1,point
2025-08-30 01:30:00 AM,7.3,86.9,7.3,5.3,point
2025-08-30 02:00:00 AM,7.4,86.3,7.4,5.3,point
2025-08-30 02:30:00 AM,7.5,87.1,7.4,5.5,point
2025-08-30 03:00:00 AM,7.5,86.9,7.5,5.5,point
2025-08-30 03:30:00 AM,7.4,86.9,7.3,5.3,point
2025-08-30 04:00:00 AM,7.3,87.5,7.3,5.4,point
2025-08-30 04:30:00 AM,6.4,81.6,6.3,3.5,point
2025-08-30 05:00:00 AM,6.6,87.1,6.6,4.6,point
2025-08-30 05:30:00 AM,6.4,87.0,6.4,4.4,point
2025-08-30 06:00:00 AM,6.5,87.8,6.4,4.6,point
2025-08-30 06:30:00 AM,7.5,96.5,7.7,7.0,point
2025-08-30 07:00:00 AM,13.5,100.0,14.1,13.5,point
2025-08-30 07:30:00 AM,21.6,100.0,22.7,21.6,point
2025-08-30 08:00:00 AM,23.8,96.0,25.9,23.1,point
2025-08-30 08:30:00 AM,24.9,88.8,27.1,23.0,point
2025-08-30 09:00:00 AM,25.1,86.3,27.3,22.7,point
2025-08-30 09:30:00 AM,25.2,85.7,27.4,22.6,point
2025-08-30 10:00:00 AM,25.2,87.5,27.7,23.0,point
2025-08-30 10:30:00 AM,25.5,86.9,28.2,23.2,point
2025-08-30 11:00:00 AM,25.5,85.4,28.1,22.9,point
2025-08-30 11:30:00 AM,25.5,84.3,27.8,22.6,point
2025-08-30 12:00:00 PM,25.5,84.7,28.1,22.7,point
2025-08-30 12:30:00 PM,26.0,84.2,29.1,23.1,point
2025-08-30 01:00:00 PM,26.3,83.9,29.7,23.4,point
2025-08-30 01:30:00 PM,26.4,82.8,29.5,23.2,point
2025-08-30 02:00:00 PM,26.3,81.4,29.1,22.8,point
2025-08-30 02:30:00 PM,26.2,80.6,29.1,22.6,point
2025-08-30 03:00:00 PM,26.2,79.5,28.8,22.3,point
2025-08-30 03:30:00 PM,26.3,80.0,29.2,22.6,point
2025-08-30 04:00:00 PM,26.4,77.2,28.9,22.0,point
2025-08-30 04:30:00 PM,26.4,76.3,28.8,21.9,point
2025-08-30 05:00:00 PM,26.4,75.8,28.7,21.7,point
2025-08-30 05:30:00 PM,26.4,73.8,28.5,21.3,point
2025-08-30 06:00:00 PM,26.4,72.1,28.3,20.9,point
2025-08-30 06:30:00 PM,26.2,70.0,27.9,20.3,point
2025-08-30 07:00:00 PM,26.0,68.3,27.4,19.7,point
2025-08-30 07:30:00 PM,25.2,64.2,25.7,18.0,point
2025-08-30 08:00:00 PM,19.8,59.7,18.9,11.7,point
2025-08-30 08:30:00 PM,13.0,64.0,12.1,6.3,point
2025-08-30 09:00:00 PM,9.1,73.7,8.7,4.6,point
2025-08-30 09:30:00 PM,7.9,77.0,7.7,4.2,point
2025-08-30 10:00:00 PM,7.4,78.6,7.2,4.0,point
2025-08-30 10:30:00 PM,7.1,79.8,7.0,3.9,point
2025-08-30 11:00:00 PM,7.0,81.4,6.8,4.0,point
2025-08-30 11:30:00 PM,7.5,80.1,7.4,4.3,point
2025-08-31 12:00:00 AM,7.1,81.5,6.9,4.1,point
2025-08-31 12:30:00 AM,7.0,82.0,6.9,4.2,point
2025-08-31 01:00:00 AM,8.3,96.0,8.6,7.7,point
2025-08-31 01:30:00 AM,7.7,86.9,7.6,5.6,point
2025-08-31 02:00:00 AM,7.2,82.8,7.2,4.5,point
2025-08-31 02:30:00 AM,7.1,84.4,7.0,4.6,point
2025-08-31 03:00:00 AM,7.1,85.1,7.0,4.8,point
2025-08-31 03:30:00 AM,7.1,85.4,7.0,4.8,point
2025-08-31 04:00:00 AM,7.1,85.5,7.0,4.8,point
2025-08-31 04:30:00 AM,7.1,86.0,7.0,4.9,point
2025-08-31 05:00:00 AM,7.1,86.2,7.1,5.0,point
2025-08-31 05:30:00 AM,7.2,86.4,7.2,5.1,point
2025-08-31 06:00:00 AM,7.3,86.5,7.3,5.2,point
2025-08-31 06:30:00 AM,7.8,88.8,7.9,6.1,point
2025-08-31 07:00:00 AM,14.9,100.0,15.6,14.9,point
2025-08-31 07:30:00 AM,21.4,100.0,22.4,21.4,point
2025-08-31 08:00:00 AM,24.3,91.7,26.3,22.9,point
2025-08-31 08:30:00 AM,25.3,86.2,27.8,22.9,point
2025-08-31 09:00:00 AM,25.6,85.1,28.3,22.9,point
2025-08-31 09:30:00 AM,25.8,83.9,28.4,22.8,point
2025-08-31 10:00:00 AM,25.9,83.9,28.6,22.9,point
2025-08-31 10:30:00 AM,25.9,81.6,28.6,22.6,point
2025-08-31 11:00:00 AM,25.9,81.9,28.6,22.6,point
2025-08-31 11:30:00 AM,26.1,80.2,28.6,22.4,point
2025-08-31 12:00:00 PM,26.1,77.6,28.5,21.9,point
2025-08-31 12:30:00 PM,26.1,75.1,28.3,21.4,point
2025-08-31 01:00:00 PM,26.2,72.3,28.0,20.8,point
2025-08-31 01:30:00 PM,26.1,69.7,27.5,20.1,point
2025-08-31 02:00:00 PM,26.1,67.5,27.2,19.6,point
2025-08-31 02:30:00 PM,25.9,66.3,27.0,19.2,point
2025-08-31 03:00:00 PM,26.1,65.3,27.1,19.1,point
2025-08-31 03:30:00 PM,26.0,64.1,26.9,18.7,point
2025-08-31 04:00:00 PM,26.1,63.7,27.1,18.7,point
2025-08-31 04:30:00 PM,26.1,63.0,26.9,18.5,point
2025-08-31 05:00:00 PM,26.0,62.8,26.8,18.4,point
2025-08-31 05:30:00 PM,26.1,62.2,26.8,18.3,point
2025-08-31 06:00:00 PM,26.0,61.5,26.7,18.1,point
2025-08-31 06:30:00 PM,26.1,61.0,26.6,18.0,point
2025-08-31 07:00:00 PM,26.1,61.3,26.8,18.1,point
2025-08-31 07:30:00 PM,25.3,60.5,25.4,17.1,point
2025-08-31 08:00:00 PM,19.9,59.1,19.2,11.7,point
2025-08-31 08:30:00 PM,12.9,60.9,11.9,5.5,point
2025-08-31 09:00:00 PM,9.1,75.9,8.9,5.1,point
2025-08-31 09:30:00 PM,8.3,80.4,8.1,5.1,point
2025-08-31 10:00:00 PM,7.9,84.2,7.9,5.4,point
2025-08-31 10:30:00 PM,7.3,77.5,7.1,3.6,point
2025-08-31 11:00:00 PM,7.6,81.2,7.5,4.6,point
2025-08-31 11:30:00 PM,7.5,83.8,7.4,4.9,point
2025-09-01 12:00:00 AM,7.4,85.1,7.3,5.0,point
2025-09-01 12:30:00 AM,7.3,84.8,7.3,5.0,point
2025-09-01 01:00:00 AM,7.4,86.1,7.4,5.3,point
2025-09-01 01:30:00 AM,7.4,86.7,7.3,5.3,point
2025-09-01 02:00:00 AM,7.5,85.6,7.4,5.2,point
2025-09-01 02:30:00 AM,7.6,86.8,7.5,5.5,point
2025-09-01 03:00:00 AM,7.7,87.0,7.6,5.6,point
2025-09-01 03:30:00 AM,7.6,86.9,7.5,5.5,point
2025-09-01 04:00:00 AM,7.7,87.7,7.6,5.8,point
2025-09-01 04:30:00 AM,7.4,83.8,7.4,4.9,point
2025-09-01 05:00:00 AM,7.7,85.7,7.6,5.4,point
2025-09-01 05:30:00 AM,7.4,82.7,7.3,4.6,point
2025-09-01 06:00:00 AM,7.0,84.1,6.9,4.5,point
2025-09-01 06:30:00 AM,7.4,88.2,7.4,5.6,point
2025-09-01 07:00:00 AM,14.5,100.0,15.1,14.5,point
2025-09-01 07:30:00 AM,21.3,100.0,22.3,21.3,point
2025-09-01 08:00:00 AM,23.9,95.4,25.9,23.1,point
2025-09-01 08:30:00 AM,25.1,87.2,27.1,22.8,point
2025-09-01 09:00:00 AM,25.3,85.8,27.7,22.8,point
2025-09-01 09:30:00 AM,25.5,85.5,27.9,22.9,point
2025-09-01 10:00:00 AM,25.6,85.0,28.3,22.9,point
2025-09-01 10:30:00 AM,25.8,83.2,28.3,22.7,point
2025-09-01 11:00:00 AM,25.9,82.0,28.6,22.6,point
2025-09-01 11:30:00 AM,26.1,82.2,28.8,22.8,point
2025-09-01 12:00:00 PM,26.0,79.6,28.6,22.2,point
2025-09-01 12:30:00 PM,26.1,78.6,28.7,22.1,point
2025-09-01 01:00:00 PM,26.1,76.2,28.1,21.5,point
2025-09-01 01:30:00 PM,26.1,74.5,28.0,21.2,point
2025-09-01 02:00:00 PM,26.2,72.6,28.0,20.9,point
2025-09-01 02:30:00 PM,26.2,71.1,28.0,20.6,point
2025-09-01 03:00:00 PM,25.9,67.7,27.2,19.5,point
2025-09-01 03:30:00 PM,26.4,64.0,27.4,19.0,point
2025-09-01 04:00:00 PM,26.1,63.8,27.1,18.7,point
2025-09-01 04:30:00 PM,26.3,65.2,27.6,19.3,point
2025-09-01 05:00:00 PM,26.3,64.6,27.3,19.1,point
2025-09-01 05:30:00 PM,26.3,63.6,27.2,18.8,point
2025-09-01 06:00:00 PM,26.2,63.1,27.2,18.7,point
2025-09-01 06:30:00 PM,26.2,62.6,27.1,18.5,point
2025-09-01 07:00:00 PM,26.3,62.7,27.3,18.6,point
2025-09-01 07:30:00 PM,25.3,61.7,25.5,17.4,point
2025-09-01 08:00:00 PM,20.1,49.5,18.9,9.2,point
2025-09-01 08:30:00 PM,12.9,59.4,11.9,5.2,point
2025-09-01 09:00:00 PM,9.3,69.3,8.7,3.9,point
2025-09-01 09:30:00 PM,9.0,84.0,9.0,6.4,point
2025-09-01 10:00:00 PM,8.9,83.5,8.9,6.3,point
2025-09-01 10:30:00 PM,7.7,76.3,7.5,3.8,point
2025-09-01 11:00:00 PM,7.3,81.8,7.1,4.4,point
2025-09-01 11:30:00 PM,7.8,95.5,7.9,7.1,point
2025-09-02 12:00:00 AM,7.1,80.0,7.0,3.9,point
2025-09-02 12:30:00 AM,7.0,80.4,6.9,3.9,point
2025-09-02 01:00:00 AM,7.7,82.4,7.6,4.9,point
2025-09-02 01:30:00 AM,7.1,79.5,6.9,3.8,point
2025-09-02 02:00:00 AM,6.7,80.3,6.5,3.5,point
2025-09-02 02:30:00 AM,6.5,81.8,6.3,3.6,point
2025-09-02 03:00:00 AM,6.5,82.8,6.4,3.8,point
2025-09-02 03:30:00 AM,6.5,84.1,6.5,4.1,point
2025-09-02 04:00:00 AM,6.5,84.3,6.4,4.0,point
2025-09-02 04:30:00 AM,8.2,97.6,8.4,7.8,point
2025-09-02 05:00:00 AM,7.2,80.6,7.0,4.0,point
2025-09-02 05:30:00 AM,7.9,87.4,7.8,5.9,point
2025-09-02 06:00:00 AM,7.0,83.4,7.0,4.4,point
2025-09-02 06:30:00 AM,7.9,92.1,8.1,6.7,point
2025-09-02 07:00:00 AM,14.9,100.0,15.6,14.9,point
2025-09-02 07:30:00 AM,21.6,100.0,22.8,21.6,point
2025-09-02 08:00:00 AM,23.8,95.8,25.9,23.1,point
2025-09-02 08:30:00 AM,24.5,88.7,26.2,22.5,point
2025-09-02 09:00:00 AM,24.9,89.2,26.9,23.0,point
2025-09-02 09:30:00 AM,24.9,87.9,27.0,22.8,point
2025-09-02 10:00:00 AM,25.0,87.7,27.2,22.9,point
2025-09-02 10:30:00 AM,25.0,85.9,27.0,22.5,point
2025-09-02 11:00:00 AM,25.2,86.5,27.6,22.8,point
2025-09-02 11:30:00 AM,25.2,85.4,27.4,22.6,point
2025-09-02 12:00:00 PM,25.3,83.5,27.5,22.3,point
2025-09-02 12:30:00 PM,25.2,82.5,27.2,22.0,point
2025-09-02 01:00:00 PM,25.1,81.4,26.9,21.7,point
2025-09-02 01:30:00 PM,25.3,79.3,27.2,21.5,point
2025-09-02 02:00:00 PM,25.3,76.6,26.9,20.9,point
2025-09-02 02:30:00 PM,25.4,73.0,26.7,20.2,point
2025-09-02 03:00:00 PM,25.4,69.6,26.3,19.4,point
2025-09-02 03:30:00 PM,25.4,67.0,26.1,18.8,point
2025-09-02 04:00:00 PM,25.4,64.6,25.9,18.2,point
2025-09-02 04:30:00 PM,25.4,63.2,25.8,17.9,point
2025-09-02 05:00:00 PM,25.4,62.9,25.9,17.8,point
2025-09-02 05:30:00 PM,25.3,62.0,25.7,17.5,point
2025-09-02 06:00:00 PM,25.2,61.3,25.4,17.3,point
2025-09-02 06:30:00 PM,25.3,61.1,25.6,17.3,point
2025-09-02 07:00:00 PM,25.3,62.0,25.5,17.4,point
2025-09-02 07:30:00 PM,24.2,61.9,24.3,16.4,point
2025-09-02 08:00:00 PM,19.1,53.5,17.8,9.5,point
2025-09-02 08:30:00 PM,12.1,64.2,11.4,5.5,point
2025-09-02 09:00:00 PM,8.8,78.8,8.6,5.3,point
2025-09-02 09:30:00 PM,8.0,82.6,8.0,5.3,point
2025-09-02 10:00:00 PM,7.7,83.7,7.7,5.1,point
2025-09-02 10:30:00 PM,7.5,81.2,7.3,4.5,point
2025-09-02 11:00:00 PM,7.2,82.5,7.2,4.5,point
2025-09-02 11:30:00 PM,7.2,83.9,7.2,4.7,point
2025-09-03 12:00:00 AM,7.1,85.0,7.1,4.8,point
2025-09-03 12:30:00 AM,7.2,85.6,7.2,5.0,point
2025-09-03 01:00:00 AM,7.3,85.6,7.3,5.0,point
2025-09-03 01:30:00 AM,7.3,85.7,7.3,5.1,point
2025-09-03 02:00:00 AM,7.4,86.1,7.4,5.2,point
2025-09-03 02:30:00 AM,7.5,86.5,7.5,5.4,point
2025-09-03 03:00:00 AM,7.6,86.5,7.5,5.5,point
2025-09-03 03:30:00 AM,7.6,86.0,7.5,5.4,point
2025-09-03 04:00:00 AM,7.0,82.6,6.9,4.2,point
2025-09-03 04:30:00 AM,7.2,85.3,7.2,4.9,point
2025-09-03 05:00:00 AM,7.0,84.9,7.0,4.7,point
2025-09-03 05:30:00 AM,7.0,85.5,7.0,4.7,point
2025-09-03 06:00:00 AM,6.5,85.1,6.5,4.2,point
2025-09-03 06:30:00 AM,8.4,95.0,8.5,7.6,point
2025-09-03 07:00:00 AM,14.8,100.0,15.4,14.8,point
2025-09-03 07:30:00 AM,21.8,100.0,23.1,21.8,point
2025-09-03 08:00:00 AM,23.9,95.2,26.0,23.1,point
2025-09-03 08:30:00 AM,24.5,89.0,26.4,22.6,point
2025-09-03 09:00:00 AM,24.9,88.5,26.8,22.8,point
2025-09-03 09:30:00 AM,24.8,86.5,26.7,22.4,point
2025-09-03 10:00:00 AM,24.9,86.3,26.7,22.4,point
2025-09-03 10:30:00 AM,24.9,85.4,26.8,22.3,point
2025-09-03 11:00:00 AM,25.1,85.5,27.0,22.5,point
2025-09-03 11:30:00 AM,25.2,85.0,27.4,22.5,point
2025-09-03 12:00:00 PM,25.3,84.5,27.5,22.5,point
2025-09-03 12:30:00 PM,25.5,83.5,27.7,22.4,point
2025-09-03 01:00:00 PM,25.2,82.7,27.2,22.0,point
2025-09-03 01:30:00 PM,25.4,82.2,27.6,22.2,point
2025-09-03 02:00:00 PM,25.2,78.8,26.9,21.3,point
2025-09-03 02:30:00 PM,25.4,77.1,27.1,21.1,point
2025-09-03 03:00:00 PM,25.4,75.3,27.0,20.7,point
2025-09-03 03:30:00 PM,25.3,72.7,26.5,20.1,point
2025-09-03 04:00:00 PM,25.3,71.0,26.4,19.7,point
2025-09-03 04:30:00 PM,25.5,69.5,26.6,19.5,point
2025-09-03 05:00:00 PM,25.2,68.4,26.0,19.0,point
2025-09-03 05:30:00 PM,25.3,67.6,26.0,18.8,point
2025-09-03 06:00:00 PM,25.1,66.1,25.5,18.3,point
2025-09-03 06:30:00 PM,25.2,66.7,25.9,18.6,point
2025-09-03 07:00:00 PM,25.4,66.0,25.9,18.5,point
2025-09-03 07:30:00 PM,24.2,62.9,24.3,16.7,point
2025-09-03 08:00:00 PM,19.6,63.6,18.8,12.5,point
2025-09-03 08:30:00 PM,11.8,60.5,11.0,4.4,point
2025-09-03 09:00:00 PM,8.3,71.2,7.9,3.4,point
2025-09-03 09:30:00 PM,7.9,74.1,7.6,3.6,point
2025-09-03 10:00:00 PM,8.5,93.5,8.6,7.5,point
2025-09-03 10:30:00 PM,7.3,76.0,7.1,3.4,point
2025-09-03 11:00:00 PM,8.3,91.8,8.4,7.1,point
2025-09-03 11:30:00 PM,7.3,77.7,7.1,3.7,point
2025-09-04 12:00:00 AM,7.1,79.0,7.0,3.8,point
2025-09-04 12:30:00 AM,7.7,82.2,7.6,4.9,point
2025-09-04 01:00:00 AM,7.2,81.5,7.1,4.3,point
2025-09-04 01:30:00 AM,7.2,82.3,7.1,4.4,point
2025-09-04 02:00:00 AM,7.2,83.2,7.2,4.5,point
2025-09-04 02:30:00 AM,7.2,84.0,7.1,4.7,point
2025-09-04 03:00:00 AM,7.2,85.1,7.1,4.8,point
2025-09-04 03:30:00 AM,7.0,85.6,7.0,4.8,point
2025-09-04 04:00:00 AM,7.0,86.2,6.9,4.8,point
2025-09-04 04:30:00 AM,7.1,86.6,7.0,5.0,point
2025-09-04 05:00:00 AM,7.2,86.2,7.1,5.0,point
2025-09-04 05:30:00 AM,7.0,86.1,7.0,4.9,point
2025-09-04 06:00:00 AM,7.2,85.9,7.1,5.0,point
2025-09-04 06:30:00 AM,8.0,88.0,8.0,6.2,point
2025-09-04 07:00:00 AM,16.9,100.0,17.6,16.9,point
2025-09-04 07:30:00 AM,22.4,100.0,23.9,22.4,point
2025-09-04 08:00:00 AM,24.3,94.5,26.5,23.4,point
2025-09-04 08:30:00 AM,24.8,88.9,26.7,22.8,point
2025-09-04 09:00:00 AM,24.9,88.7,26.8,22.9,point
2025-09-04 09:30:00 AM,25.0,87.1,27.1,22.7,point
2025-09-04 10:00:00 AM,25.1,87.0,27.1,22.8,point
2025-09-04 10:30:00 AM,25.1,86.5,27.3,22.7,point
2025-09-04 11:00:00 AM,25.2,86.7,27.3,22.8,point
2025-09-04 11:30:00 AM,25.2,84.7,27.2,22.4,point
2025-09-04 12:00:00 PM,25.3,84.2,27.3,22.4,point
2025-09-04 12:30:00 PM,25.3,81.9,27.2,22.0,point
2025-09-04 01:00:00 PM,25.3,81.5,27.3,21.9,point
2025-09-04 01:30:00 PM,25.4,80.4,27.4,21.8,point
2025-09-04 02:00:00 PM,25.2,76.3,26.6,20.8,point
2025-09-04 02:30:00 PM,25.4,75.0,26.7,20.6,point
2025-09-04 03:00:00 PM,25.4,73.2,26.6,20.2,point
2025-09-04 03:30:00 PM,25.4,71.5,26.4,19.9,point
2025-09-04 04:00:00 PM,25.3,70.0,26.3,19.5,point
2025-09-04 04:30:00 PM,25.2,68.1,26.0,18.9,point
2025-09-04 05:00:00 PM,25.7,64.4,26.3,18.5,point
2025-09-04 05:30:00 PM,24.5,68.1,24.9,18.2,point
2025-09-04 06:00:00 PM,24.4,67.3,24.7,17.9,point
2025-09-04 06:30:00 PM,24.4,67.6,24.8,18.0,point
2025-09-04 07:00:00 PM,24.5,67.7,24.8,18.1,point
2025-09-04 07:30:00 PM,23.2,67.2,23.5,16.8,point
2025-09-04 08:00:00 PM,17.4,67.1,16.5,11.2,point
2025-09-04 08:30:00 PM,10.0,67.7,9.4,4.3,point
2025-09-04 09:00:00 PM,7.4,73.6,7.1,3.0,point
2025-09-04 09:30:00 PM,7.3,78.8,7.1,3.8,point
2025-09-04 10:00:00 PM,6.8,81.2,6.7,3.8,point
2025-09-04 10:30:00 PM,6.7,82.5,6.6,3.9,point
2025-09-04 11:00:00 PM,6.6,83.4,6.6,4.0,point
2025-09-04 11:30:00 PM,6.6,84.2,6.5,4.1,point
2025-09-05 12:00:00 AM,6.7,85.0,6.7,4.4,point
2025-09-05 12:30:00 AM,6.8,85.2,6.7,4.5,point
2025-09-05 01:00:00 AM,6.8,85.9,6.8,4.6,point
2025-09-05 01:30:00 AM,6.9,86.2,6.8,4.7,point
2025-09-05 02:00:00 AM,6.8,86.9,6.7,4.7,point
2025-09-05 02:30:00 AM,6.8,87.5,6.8,4.9,point
2025-09-05 03:00:00 AM,6.9,87.8,6.8,5.0,point
2025-09-05 03:30:00 AM,6.9,87.5,6.8,4.9,point
2025-09-05 04:00:00 AM,6.8,87.6,6.8,4.9,point
2025-09-05 04:30:00 AM,6.9,87.4,6.9,4.9,point
2025-09-05 05:00:00 AM,7.1,86.3,7.0,4.9,point
2025-09-05 05:30:00 AM,6.6,86.7,6.5,4.5,point
2025-09-05 06:00:00 AM,6.5,87.6,6.4,4.6,point
2025-09-05 06:30:00 AM,7.4,89.9,7.5,5.9,point
2025-09-05 07:00:00 AM,15.4,96.9,15.8,14.9,point
2025-09-05 07:30:00 AM,21.8,100.0,23.0,21.8,point
2025-09-05 08:00:00 AM,23.5,92.0,25.1,22.1,point
2025-09-05 08:30:00 AM,23.9,90.4,25.5,22.2,point
2025-09-05 09:00:00 AM,24.0,90.3,25.8,22.3,point
2025-09-05 09:30:00 AM,24.1,87.8,25.6,21.9,point
2025-09-05 10:00:00 AM,24.0,89.8,25.6,22.2,point
2025-09-05 10:30:00 AM,24.3,89.0,26.0,22.4,point
2025-09-05 11:00:00 AM,24.2,81.7,25.4,20.9,point
2025-09-05 11:30:00 AM,24.7,87.9,26.6,22.6,point
2025-09-05 12:00:00 PM,24.6,86.3,26.3,22.2,point
2025-09-05 12:30:00 PM,24.6,86.2,26.2,22.1,point
2025-09-05 01:00:00 PM,24.5,84.6,26.1,21.8,point
2025-09-05 01:30:00 PM,24.6,84.2,26.1,21.8,point
2025-09-05 02:00:00 PM,24.7,84.1,26.3,21.8,point
2025-09-05 02:30:00 PM,24.7,82.3,26.0,21.4,point
2025-09-05 03:00:00 PM,24.7,80.0,25.8,21.0,point
2025-09-05 03:30:00 PM,24.6,77.6,25.5,20.4,point
2025-09-05 04:00:00 PM,24.7,76.8,25.8,20.4,point
2025-09-05 04:30:00 PM,24.6,74.8,25.4,19.9,point
2025-09-05 05:00:00 PM,24.9,73.2,25.6,19.7,point
2025-09-05 05:30:00 PM,25.9,77.8,27.9,21.7,point
2025-09-05 06:00:00 PM,25.9,78.2,28.0,21.8,point
2025-09-05 06:30:00 PM,25.8,81.5,28.3,22.4,point
2025-09-05 07:00:00 PM,25.8,80.1,28.2,22.1,point
2025-09-05 07:30:00 PM,24.4,74.4,25.2,19.6,point
2025-09-05 08:00:00 PM,19.2,60.7,18.3,11.4,point
2025-09-05 08:30:00 PM,11.7,65.6,10.9,5.5,point
2025-09-05 09:00:00 PM,7.9,76.4,7.7,4.0,point
2025-09-05 09:30:00 PM,7.3,79.2,7.2,3.9,point
2025-09-05 10:00:00 PM,7.1,80.8,7.0,4.1,point
2025-09-05 10:30:00 PM,7.2,77.2,6.9,3.4,point
2025-09-05 11:00:00 PM,7.4,82.3,7.2,4.6,point
2025-09-05 11:30:00 PM,7.0,83.4,7.0,4.4,point
2025-09-06 12:00:00 AM,7.0,84.0,6.9,4.5,point
2025-09-06 12:30:00 AM,7.0,84.3,7.0,4.6,point
2025-09-06 01:00:00 AM,6.8,84.8,6.8,4.4,point
2025-09-06 01:30:00 AM,6.7,86.8,6.6,4.6,point
2025-09-06 02:00:00 AM,6.6,86.5,6.6,4.5,point
2025-09-06 02:30:00 AM,6.6,86.9,6.6,4.6,point
2025-09-06 03:00:00 AM,7.2,87.1,7.1,5.2,point
2025-09-06 03:30:00 AM,6.9,85.6,6.8,4.6,point
2025-09-06 04:00:00 AM,6.7,86.8,6.6,4.6,point
2025-09-06 04:30:00 AM,6.5,87.1,6.5,4.5,point
2025-09-06 05:00:00 AM,6.4,87.2,6.4,4.5,point
2025-09-06 05:30:00 AM,6.2,86.9,6.2,4.2,point
2025-09-06 06:00:00 AM,6.1,86.8,6.1,4.1,point
2025-09-06 06:30:00 AM,7.0,89.5,7.1,5.4,point
2025-09-06 07:00:00 AM,16.0,99.9,16.7,16.0,point
2025-09-06 07:30:00 AM,21.9,100.0,23.3,21.9,point
2025-09-06 08:00:00 AM,24.4,95.8,26.6,23.6,point
2025-09-06 08:30:00 AM,25.1,89.0,27.3,23.1,point
2025-09-06 09:00:00 AM,25.3,87.3,27.9,23.1,point
2025-09-06 09:30:00 AM,25.2,85.9,27.5,22.7,point
2025-09-06 10:00:00 AM,25.4,87.6,27.9,23.1,point
2025-09-06 10:30:00 AM,25.4,86.0,27.7,22.9,point
2025-09-06 11:00:00 AM,25.5,87.6,28.1,23.3,point
2025-09-06 11:30:00 AM,25.5,85.5,28.1,22.9,point
2025-09-06 12:00:00 PM,25.5,85.8,28.1,23.0,point
2025-09-06 12:30:00 PM,25.6,85.6,28.3,23.0,point
2025-09-06 01:00:00 PM,25.9,85.4,29.0,23.3,point
2025-09-06 01:30:00 PM,26.0,85.4,29.2,23.4,point
2025-09-06 02:00:00 PM,26.2,84.5,29.3,23.3,point
2025-09-06 02:30:00 PM,26.1,82.6,29.1,22.9,point
2025-09-06 03:00:00 PM,26.1,81.3,28.7,22.6,point
2025-09-06 03:30:00 PM,26.1,81.5,28.7,22.7,point
2025-09-06 04:00:00 PM,26.1,81.3,28.7,22.6,point
2025-09-06 04:30:00 PM,26.1,79.7,28.6,22.3,point
2025-09-06 05:00:00 PM,25.9,75.9,27.9,21.3,point
2025-09-06 05:30:00 PM,26.0,76.8,28.2,21.6,point
2025-09-06 06:00:00 PM,25.9,75.1,27.9,21.2,point
2025-09-06 06:30:00 PM,25.8,73.9,27.6,20.8,point
2025-09-06 07:00:00 PM,25.9,72.9,27.4,20.6,point
2025-09-06 07:30:00 PM,25.6,72.1,27.1,20.2,point
2025-09-06 08:00:00 PM,19.7,55.6,18.6,10.6,point
2025-09-06 08:30:00 PM,11.6,57.8,10.7,3.6,point
2025-09-06 09:00:00 PM,8.8,78.5,8.5,5.2,point
2025-09-06 09:30:00 PM,7.8,84.8,7.8,5.4,point
2025-09-06 10:00:00 PM,7.8,86.9,7.8,5.8,point
2025-09-06 10:30:00 PM,7.6,85.5,7.6,5.3,point
2025-09-06 11:00:00 PM,7.6,87.0,7.5,5.5,point
2025-09-06 11:30:00 PM,7.3,87.7,7.3,5.4,point
2025-09-07 12:00:00 AM,7.4,88.7,7.5,5.7,point
2025-09-07 12:30:00 AM,7.3,88.3,7.4,5.5,point
2025-09-07 01:00:00 AM,7.4,88.8,7.5,5.7,point
2025-09-07 01:30:00 AM,7.4,89.2,7.5,5.8,point
2025-09-07 02:00:00 AM,7.3,87.1,7.3,5.3,point
2025-09-07 02:30:00 AM,7.3,88.5,7.4,5.5,point
2025-09-07 03:00:00 AM,7.5,89.1,7.5,5.8,point
2025-09-07 03:30:00 AM,7.2,84.9,7.2,4.9,point
2025-09-07 04:00:00 AM,7.5,87.7,7.5,5.6,point
2025-09-07 04:30:00 AM,7.2,87.9,7.1,5.3,point
2025-09-07 05:00:00 AM,6.5,87.8,6.5,4.7,point
2025-09-07 05:30:00 AM,7.1,88.5,7.1,5.3,point
2025-09-07 06:00:00 AM,7.2,89.0,7.2,5.5,point
2025-09-07 06:30:00 AM,8.4,95.9,8.6,7.8,point
2025-09-07 07:00:00 AM,14.5,100.0,15.2,14.5,point
2025-09-07 07:30:00 AM,21.6,100.0,22.8,21.6,point
2025-09-07 08:00:00 AM,24.4,100.0,27.1,24.4,point
2025-09-07 08:30:00 AM,25.2,89.8,27.8,23.4,point
2025-09-07 09:00:00 AM,25.3,87.7,27.9,23.2,point
2025-09-07 09:30:00 AM,25.5,86.7,28.2,23.1,point
2025-09-07 10:00:00 AM,25.7,87.4,28.5,23.4,point
2025-09-07 10:30:00 AM,25.8,87.1,28.7,23.5,point
2025-09-07 11:00:00 AM,25.8,86.3,28.6,23.3,point
2025-09-07 11:30:00 AM,25.8,85.7,28.5,23.2,point
2025-09-07 12:00:00 PM,25.7,84.4,28.4,22.9,point
2025-09-07 12:30:00 PM,25.8,83.7,28.6,22.9,point
2025-09-07 01:00:00 PM,25.9,83.6,28.6,22.9,point
2025-09-07 01:30:00 PM,25.9,82.9,28.5,22.8,point
2025-09-07 02:00:00 PM,25.9,82.3,28.5,22.6,point
2025-09-07 02:30:00 PM,25.9,82.2,28.7,22.6,point
2025-09-07 03:00:00 PM,25.9,81.5,28.5,22.5,point
2025-09-07 03:30:00 PM,25.9,81.0,28.3,22.3,point
2025-09-07 04:00:00 PM,25.9,80.0,28.4,22.2,point
2025-09-07 04:30:00 PM,25.9,78.9,28.3,22.0,point
2025-09-07 05:00:00 PM,25.9,77.5,27.9,21.6,point
2025-09-07 05:30:00 PM,25.9,76.0,27.9,21.4,point
2025-09-07 06:00:00 PM,25.9,74.4,27.8,21.0,point
2025-09-07 06:30:00 PM,26.0,72.8,27.8,20.8,point
2025-09-07 07:00:00 PM,26.0,71.5,27.7,20.5,point
2025-09-07 07:30:00 PM,24.7,59.8,24.6,16.4,point
2025-09-07 08:00:00 PM,19.6,54.3,18.4,10.1,point
2025-09-07 08:30:00 PM,12.1,73.8,11.7,7.6,point
2025-09-07 09:00:00 PM,8.4,73.2,8.1,3.9,point
2025-09-07 09:30:00 PM,7.5,76.7,7.2,3.7,point
2025-09-07 10:00:00 PM,8.0,81.9,7.8,5.1,point
2025-09-07 10:30:00 PM,7.8,87.0,7.7,5.8,point
2025-09-07 11:00:00 PM,7.2,79.7,7.0,3.9,point
2025-09-07 11:30:00 PM,7.3,87.0,7.3,5.3,point
2025-09-08 12:00:00 AM,7.2,84.0,7.2,4.7,point
2025-09-08 12:30:00 AM,7.2,85.5,7.1,4.9,point
2025-09-08 01:00:00 AM,7.2,86.5,7.1,5.1,point
2025-09-08 01:30:00 AM,7.2,87.1,7.1,5.2,point
2025-09-08 02:00:00 AM,7.2,87.3,7.2,5.2,point
2025-09-08 02:30:00 AM,7.2,87.8,7.2,5.3,point
2025-09-08 03:00:00 AM,7.2,87.9,7.2,5.3,point
2025-09-08 03:30:00 AM,6.9,81.1,6.8,3.9,point
2025-09-08 04:00:00 AM,6.9,88.0,6.9,5.1,point
2025-09-08 04:30:00 AM,7.3,89.8,7.4,5.8,point
2025-09-08 05:00:00 AM,7.4,87.1,7.4,5.4,point
2025-09-08 05:30:00 AM,7.4,89.0,7.4,5.7,point
2025-09-08 06:00:00 AM,7.4,89.8,7.5,5.9,point
2025-09-08 06:30:00 AM,8.4,94.3,8.6,7.5,point
2025-09-08 07:00:00 AM,15.5,100.0,16.1,15.5,point
2025-09-08 07:30:00 AM,22.4,100.0,23.9,22.4,point
2025-09-08 08:00:00 AM,24.7,100.0,27.6,24.7,point
2025-09-08 08:30:00 AM,25.7,91.2,29.1,24.2,point
2025-09-08 09:00:00 AM,25.7,90.9,29.1,24.1,point
2025-09-08 09:30:00 AM,26.1,89.1,29.6,24.1,point
2025-09-08 10:00:00 AM,25.8,83.5,28.6,22.8,point
2025-09-08 10:30:00 AM,26.1,87.7,29.7,23.9,point
2025-09-08 11:00:00 AM,26.0,84.5,28.8,23.2,point
2025-09-08 11:30:00 AM,26.1,86.0,29.5,23.6,point
2025-09-08 12:00:00 PM,26.1,84.5,29.1,23.2,point
2025-09-08 12:30:00 PM,26.0,84.3,29.1,23.2,point
2025-09-08 01:00:00 PM,25.9,83.0,28.7,22.8,point
2025-09-08 01:30:00 PM,25.9,81.9,28.4,22.5,point
2025-09-08 02:00:00 PM,26.0,82.1,28.8,22.7,point
2025-09-08 02:30:00 PM,26.0,81.0,28.7,22.5,point
2025-09-08 03:00:00 PM,26.0,77.6,28.3,21.8,point
2025-09-08 03:30:00 PM,26.0,77.5,28.3,21.8,point
2025-09-08 04:00:00 PM,26.0,75.4,28.1,21.4,point
2025-09-08 04:30:00 PM,26.1,74.0,27.9,21.1,point
2025-09-08 05:00:00 PM,26.0,71.6,27.7,20.5,point
2025-09-08 05:30:00 PM,25.9,70.9,27.5,20.3,point
2025-09-08 06:00:00 PM,25.9,69.7,27.2,19.9,point
2025-09-08 06:30:00 PM,25.9,69.3,27.3,19.9,point
2025-09-08 07:00:00 PM,25.9,68.5,27.0,19.6,point
2025-09-08 07:30:00 PM,24.8,67.1,25.2,18.3,point
2025-09-08 08:00:00 PM,19.5,52.2,18.1,9.4,point
2025-09-08 08:30:00 PM,11.9,58.0,10.8,3.9,point
2025-09-08 09:00:00 PM,8.2,75.1,8.0,4.1,point
2025-09-08 09:30:00 PM,7.5,79.9,7.3,4.2,point
2025-09-08 10:00:00 PM,7.2,81.5,7.0,4.2,point
2025-09-08 10:30:00 PM,7.0,83.0,7.0,4.4,point
2025-09-08 11:00:00 PM,7.0,84.0,6.9,4.5,point
2025-09-08 11:30:00 PM,7.0,84.3,6.9,4.5,point
2025-09-09 12:00:00 AM,7.1,84.9,7.0,4.7,point
2025-09-09 12:30:00 AM,7.1,85.1,7.0,4.8,point
2025-09-09 01:00:00 AM,7.1,85.1,7.1,4.8,point
2025-09-09 01:30:00 AM,7.1,85.4,7.0,4.8,point
2025-09-09 02:00:00 AM,7.1,86.0,7.0,4.9,point
2025-09-09 02:30:00 AM,7.1,86.1,7.1,5.0,point
2025-09-09 03:00:00 AM,7.1,86.2,7.0,4.9,point
2025-09-09 03:30:00 AM,7.1,86.8,7.0,5.0,point
2025-09-09 04:00:00 AM,7.1,87.2,7.1,5.1,point
2025-09-09 04:30:00 AM,7.2,86.5,7.2,5.1,point
2025-09-09 05:00:00 AM,7.1,85.8,7.1,4.9,point
2025-09-09 05:30:00 AM,6.8,86.3,6.8,4.7,point
2025-09-09 06:00:00 AM,6.7,86.7,6.7,4.7,point
2025-09-09 06:30:00 AM,7.4,89.8,7.5,5.9,point
2025-09-09 07:00:00 AM,17.5,100.0,18.3,17.5,point
2025-09-09 07:30:00 AM,21.6,100.0,22.8,21.6,point
2025-09-09 08:00:00 AM,24.5,88.5,26.3,22.5,point
2025-09-09 08:30:00 AM,25.4,87.7,28.1,23.2,point
2025-09-09 09:00:00 AM,25.5,86.4,28.2,23.1,point
2025-09-09 09:30:00 AM,25.6,85.2,28.3,23.0,point
2025-09-09 10:00:00 AM,25.7,86.5,28.7,23.3,point
2025-09-09 10:30:00 AM,25.7,84.9,28.3,22.9,point
2025-09-09 11:00:00 AM,25.6,84.1,28.2,22.8,point
2025-09-09 11:30:00 AM,25.8,83.2,28.3,22.7,point
2025-09-09 12:00:00 PM,26.1,83.7,29.0,23.1,point
2025-09-09 12:30:00 PM,26.1,81.1,28.7,22.6,point
2025-09-09 01:00:00 PM,26.1,79.8,28.8,22.4,point
2025-09-09 01:30:00 PM,26.1,79.4,28.6,22.2,point
2025-09-09 02:00:00 PM,25.9,77.0,28.1,21.6,point
2025-09-09 02:30:00 PM,26.0,75.9,28.1,21.4,point
2025-09-09 03:00:00 PM,25.9,73.2,27.7,20.8,point
2025-09-09 03:30:00 PM,26.0,72.2,27.8,20.6,point
2025-09-09 04:00:00 PM,26.0,69.9,27.5,20.1,point
2025-09-09 04:30:00 PM,25.9,68.2,27.2,19.6,point
2025-09-09 05:00:00 PM,25.9,66.9,26.9,19.3,point
2025-09-09 05:30:00 PM,25.9,65.6,26.9,19.0,point
2025-09-09 06:00:00 PM,25.8,64.8,26.5,18.7,point
2025-09-09 06:30:00 PM,25.8,64.0,26.4,18.4,point
2025-09-09 07:00:00 PM,25.8,63.7,26.6,18.4,point
2025-09-09 07:30:00 PM,24.7,62.3,24.8,17.0,point
2025-09-09 08:00:00 PM,19.7,63.9,19.2,12.7,point
2025-09-09 08:30:00 PM,11.8,59.6,10.9,4.2,point
2025-09-09 09:00:00 PM,8.4,75.0,8.2,4.2,point
2025-09-09 09:30:00 PM,7.6,79.2,7.5,4.3,point
2025-09-09 10:00:00 PM,7.3,82.2,7.2,4.5,point
2025-09-09 10:30:00 PM,7.2,83.8,7.1,4.6,point
2025-09-09 11:00:00 PM,7.2,84.8,7.1,4.8,point
2025-09-09 11:30:00 PM,7.2,85.4,7.2,4.9,point
2025-09-10 12:00:00 AM,7.2,85.5,7.2,4.9,point
2025-09-10 12:30:00 AM,7.2,85.5,7.2,5.0,point
2025-09-10 01:00:00 AM,7.3,85.5,7.2,5.0,point
2025-09-10 01:30:00 AM,7.3,85.6,7.3,5.0,point
2025-09-10 02:00:00 AM,7.2,85.8,7.2,5.0,point
2025-09-10 02:30:00 AM,7.2,86.2,7.2,5.1,point
2025-09-10 03:00:00 AM,7.2,86.4,7.2,5.1,point
2025-09-10 03:30:00 AM,7.2,86.4,7.2,5.1,point
2025-09-10 04:00:00 AM,7.1,86.4,7.1,5.0,point
2025-09-10 04:30:00 AM,7.0,86.3,7.0,4.9,point
2025-09-10 05:00:00 AM,6.9,86.2,6.9,4.8,point
2025-09-10 05:30:00 AM,6.9,86.8,6.8,4.8,point
2025-09-10 06:00:00 AM,6.7,88.2,6.8,4.9,point
2025-09-10 06:30:00 AM,8.1,96.2,8.4,7.5,point
2025-09-10 07:00:00 AM,14.7,100.0,15.4,14.7,point
2025-09-10 07:30:00 AM,21.8,100.0,23.0,21.8,point
2025-09-10 08:00:00 AM,24.2,93.6,26.1,23.1,point
2025-09-10 08:30:00 AM,24.9,87.0,26.9,22.6,point
2025-09-10 09:00:00 AM,25.2,87.5,27.7,23.0,point
2025-09-10 09:30:00 AM,25.7,86.8,28.7,23.4,point
2025-09-10 10:00:00 AM,25.8,83.8,28.6,22.9,point
2025-09-10 10:30:00 AM,25.9,83.8,28.8,23.0,point
2025-09-10 11:00:00 AM,25.8,82.1,28.2,22.5,point
2025-09-10 11:30:00 AM,25.9,81.6,28.6,22.5,point
2025-09-10 12:00:00 PM,25.9,80.3,28.4,22.3,point
2025-09-10 12:30:00 PM,25.9,76.6,28.0,21.5,point
2025-09-10 01:00:00 PM,26.0,75.0,28.1,21.2,point
2025-09-10 01:30:00 PM,26.0,72.9,27.8,20.8,point
2025-09-10 02:00:00 PM,25.9,70.6,27.5,20.2,point
2025-09-10 02:30:00 PM,25.9,68.6,27.2,19.7,point
2025-09-10 03:00:00 PM,25.9,67.1,27.1,19.4,point
2025-09-10 03:30:00 PM,25.9,66.0,27.0,19.1,point
2025-09-10 04:00:00 PM,25.8,65.6,26.6,18.9,point
2025-09-10 04:30:00 PM,25.9,65.4,26.7,18.9,point
2025-09-10 05:00:00 PM,25.8,65.4,26.7,18.9,point
2025-09-10 05:30:00 PM,25.8,65.6,26.8,18.9,point
2025-09-10 06:00:00 PM,25.8,65.5,26.6,18.8,point
2025-09-10 06:30:00 PM,25.8,65.0,26.6,18.7,point
2025-09-10 07:00:00 PM,25.8,64.7,26.7,18.7,point
2025-09-10 07:30:00 PM,24.9,63.4,25.0,17.4,point
2025-09-10 08:00:00 PM,19.7,57.1,18.8,11.0,point
2025-09-10 08:30:00 PM,11.9,59.8,11.0,4.3,point
2025-09-10 09:00:00 PM,7.9,72.5,7.6,3.3,point
2025-09-10 09:30:00 PM,7.3,72.3,7.0,2.7,point
2025-09-10 10:00:00 PM,7.1,77.0,6.8,3.3,point
2025-09-10 10:30:00 PM,7.8,95.0,8.0,7.1,point
2025-09-10 11:00:00 PM,7.0,77.2,6.8,3.3,point
2025-09-10 11:30:00 PM,7.4,84.2,7.4,4.9,point
2025-09-11 12:00:00 AM,7.3,85.0,7.3,5.0,point
2025-09-11 12:30:00 AM,7.1,85.0,7.1,4.8,point
2025-09-11 01:00:00 AM,7.2,86.1,7.1,5.0,point
2025-09-11 01:30:00 AM,7.2,86.7,7.2,5.2,point
2025-09-11 02:00:00 AM,7.3,87.4,7.2,5.3,point
2025-09-11 02:30:00 AM,7.3,87.6,7.3,5.4,point
2025-09-11 03:00:00 AM,7.4,87.3,7.3,5.4,point
2025-09-11 03:30:00 AM,6.9,84.4,6.9,4.5,point
2025-09-11 04:00:00 AM,6.8,84.1,6.8,4.3,point
2025-09-11 04:30:00 AM,6.9,85.2,6.9,4.6,point
2025-09-11 05:00:00 AM,6.7,86.0,6.6,4.5,point
2025-09-11 05:30:00 AM,6.9,87.1,6.8,4.9,point
2025-09-11 06:00:00 AM,6.9,87.3,6.9,4.9,point
2025-09-11 06:30:00 AM,7.4,89.3,7.5,5.8,point
2025-09-11 07:00:00 AM,14.8,100.0,15.4,14.8,point
2025-09-11 07:30:00 AM,21.4,100.0,22.4,21.4,point
2025-09-11 08:00:00 AM,24.0,94.8,26.1,23.1,point
2025-09-11 08:30:00 AM,24.9,90.0,27.0,23.1,point
2025-09-11 09:00:00 AM,25.2,86.4,27.3,22.7,point
2025-09-11 09:30:00 AM,25.2,85.7,27.2,22.6,point
2025-09-11 10:00:00 AM,25.4,86.1,27.8,22.9,point
2025-09-11 10:30:00 AM,25.4,84.4,27.5,22.5,point
2025-09-11 11:00:00 AM,25.5,86.2,28.0,23.0,point
2025-09-11 11:30:00 AM,25.7,86.0,28.6,23.2,point
2025-09-11 12:00:00 PM,25.9,84.9,28.9,23.2,point
2025-09-11 12:30:00 PM,26.1,85.3,29.4,23.5,point
2025-09-11 01:00:00 PM,26.1,83.2,28.9,23.0,point
2025-09-11 01:30:00 PM,26.1,82.8,29.1,23.0,point
2025-09-11 02:00:00 PM,26.0,81.6,28.8,22.6,point
2025-09-11 02:30:00 PM,25.9,80.5,28.5,22.3,point
2025-09-11 03:00:00 PM,26.1,79.4,28.6,22.2,point
2025-09-11 03:30:00 PM,25.8,77.8,27.9,21.6,point
2025-09-11 04:00:00 PM,26.0,75.8,28.1,21.4,point
2025-09-11 04:30:00 PM,26.0,73.1,27.8,20.8,point
2025-09-11 05:00:00 PM,26.0,72.3,27.6,20.6,point
2025-09-11 05:30:00 PM,25.8,70.8,27.1,20.0,point
2025-09-11 06:00:00 PM,25.9,70.2,27.2,20.0,point
2025-09-11 06:30:00 PM,25.8,69.6,27.1,19.8,point
2025-09-11 07:00:00 PM,25.8,68.3,27.0,19.6,point
2025-09-11 07:30:00 PM,24.6,65.9,24.8,17.8,point
2025-09-11 08:00:00 PM,19.6,56.6,18.5,10.8,point
2025-09-11 08:30:00 PM,11.9,59.4,11.0,4.3,point
2025-09-11 09:00:00 PM,8.7,76.3,8.5,4.8,point
2025-09-11 09:30:00 PM,7.5,80.6,7.3,4.4,point
2025-09-11 10:00:00 PM,7.1,82.6,7.0,4.3,point
2025-09-11 10:30:00 PM,7.1,83.5,7.0,4.5,point
2025-09-11 11:00:00 PM,7.1,83.9,7.1,4.6,point
2025-09-11 11:30:00 PM,7.2,83.8,7.1,4.6,point
2025-09-12 12:00:00 AM,7.2,84.1,7.2,4.7,point
2025-09-12 12:30:00 AM,7.2,84.7,7.2,4.8,point
2025-09-12 01:00:00 AM,7.2,84.8,7.1,4.8,point
2025-09-12 01:30:00 AM,7.2,85.4,7.2,4.9,point
2025-09-12 02:00:00 AM,7.1,85.9,7.1,4.9,point
2025-09-12 02:30:00 AM,7.0,86.2,7.0,4.9,point
2025-09-12 03:00:00 AM,7.1,86.6,7.0,5.0,point
2025-09-12 03:30:00 AM,7.0,86.5,7.0,4.9,point
2025-09-12 04:00:00 AM,6.8,85.8,6.7,4.5,point
2025-09-12 04:30:00 AM,6.3,84.3,6.2,3.8,point
2025-09-12 05:00:00 AM,6.2,84.9,6.1,3.8,point
2025-09-12 05:30:00 AM,6.3,85.8,6.3,4.1,point
2025-09-12 06:00:00 AM,6.3,86.2,6.3,4.2,point
2025-09-12 06:30:00 AM,7.1,89.0,7.1,5.4,point
2025-09-12 07:00:00 AM,14.8,100.0,15.5,14.8,point
2025-09-12 07:30:00 AM,21.3,100.0,22.3,21.3,point
2025-09-12 08:00:00 AM,24.0,95.1,26.0,23.1,point
2025-09-12 08:30:00 AM,25.0,89.8,27.3,23.2,point
2025-09-12 09:00:00 AM,25.3,86.3,27.8,22.9,point
2025-09-12 09:30:00 AM,25.4,83.8,27.5,22.4,point
2025-09-12 10:00:00 AM,25.5,87.0,28.2,23.2,point
2025-09-12 10:30:00 AM,25.4,84.7,27.6,22.6,point
2025-09-12 11:00:00 AM,25.6,84.5,28.2,22.8,point
2025-09-12 11:30:00 AM,25.5,83.8,28.0,22.6,point
2025-09-12 12:00:00 PM,25.8,86.6,28.9,23.4,point
2025-09-12 12:30:00 PM,26.0,83.7,29.0,23.0,point
2025-09-12 01:00:00 PM,26.1,82.2,29.0,22.9,point
2025-09-12 01:30:00 PM,26.2,81.8,29.0,22.8,point
2025-09-12 02:00:00 PM,25.9,81.8,28.6,22.6,point
2025-09-12 02:30:00 PM,25.9,81.5,28.5,22.5,point
2025-09-12 03:00:00 PM,25.7,79.2,27.8,21.8,point
2025-09-12 03:30:00 PM,25.9,78.8,28.3,22.0,point
2025-09-12 04:00:00 PM,25.2,77.3,26.7,21.0,point
2025-09-12 04:30:00 PM,25.5,84.8,27.9,22.8,point
2025-09-12 05:00:00 PM,25.3,88.3,27.7,23.2,point
2025-09-12 05:30:00 PM,25.3,87.7,27.9,23.1,point
2025-09-12 06:00:00 PM,25.3,88.2,27.7,23.2,point
2025-09-12 06:30:00 PM,25.2,87.5,27.4,22.9,point
2025-09-12 07:00:00 PM,25.2,87.6,27.7,23.0,point
2025-09-12 07:30:00 PM,23.4,78.1,24.3,19.4,point
2025-09-12 08:00:00 PM,18.0,67.6,17.1,11.9,point
2025-09-12 08:30:00 PM,11.1,59.5,10.3,3.5,point
2025-09-12 09:00:00 PM,8.2,80.9,8.1,5.2,point
2025-09-12 09:30:00 PM,7.6,82.0,7.4,4.7,point
2025-09-12 10:00:00 PM,7.7,86.9,7.6,5.6,point
2025-09-12 10:30:00 PM,7.5,86.9,7.5,5.5,point
2025-09-12 11:00:00 PM,7.3,86.4,7.3,5.2,point
2025-09-12 11:30:00 PM,7.3,87.6,7.3,5.4,point
2025-09-13 12:00:00 AM,7.4,88.3,7.4,5.6,point
2025-09-13 12:30:00 AM,7.4,88.5,7.5,5.7,point
2025-09-13 01:00:00 AM,7.0,80.2,6.9,3.8,point
2025-09-13 01:30:00 AM,7.5,89.4,7.5,5.8,point
2025-09-13 02:00:00 AM,7.0,83.0,7.0,4.3,point
2025-09-13 02:30:00 AM,7.0,83.9,7.0,4.5,point
2025-09-13 03:00:00 AM,7.1,85.0,7.1,4.8,point
2025-09-13 03:30:00 AM,7.2,85.4,7.1,4.9,point
2025-09-13 04:00:00 AM,7.1,86.1,7.1,4.9,point
2025-09-13 04:30:00 AM,7.1,86.5,7.1,5.0,point
2025-09-13 05:00:00 AM,7.2,86.8,7.2,5.2,point
2025-09-13 05:30:00 AM,7.2,87.0,7.2,5.2,point
2025-09-13 06:00:00 AM,7.2,86.9,7.2,5.2,point
2025-09-13 06:30:00 AM,8.3,89.3,8.4,6.6,point
2025-09-13 07:00:00 AM,16.1,100.0,16.8,16.1,point
2025-09-13 07:30:00 AM,22.0,100.0,23.4,22.0,point
2025-09-13 08:00:00 AM,24.3,96.6,26.5,23.7,point
2025-09-13 08:30:00 AM,24.8,91.6,27.1,23.3,point
2025-09-13 09:00:00 AM,25.0,90.7,27.2,23.4,point
2025-09-13 09:30:00 AM,24.9,90.0,27.1,23.2,point
2025-09-13 10:00:00 AM,25.0,90.0,27.4,23.3,point
2025-09-13 10:30:00 AM,24.9,88.9,27.1,22.9,point
2025-09-13 11:00:00 AM,25.0,89.1,27.3,23.1,point
2025-09-13 11:30:00 AM,24.8,87.5,26.8,22.6,point
2025-09-13 12:00:00 PM,24.9,88.5,27.0,22.9,point
2025-09-13 12:30:00 PM,25.0,86.3,26.9,22.5,point
2025-09-13 01:00:00 PM,24.9,87.6,27.0,22.7,point
2025-09-13 01:30:00 PM,24.9,85.2,26.6,22.2,point
2025-09-13 02:00:00 PM,25.1,88.0,27.5,23.0,point
2025-09-13 02:30:00 PM,25.1,88.5,27.5,23.1,point
2025-09-13 03:00:00 PM,25.0,85.4,27.0,22.4,point
2025-09-13 03:30:00 PM,25.2,87.8,27.7,23.0,point
2025-09-13 04:00:00 PM,25.2,87.8,27.5,23.0,point
2025-09-13 04:30:00 PM,24.9,83.2,26.6,21.9,point
2025-09-13 05:00:00 PM,25.3,89.1,27.8,23.3,point
2025-09-13 05:30:00 PM,25.2,86.6,27.6,22.8,point
2025-09-13 06:00:00 PM,25.3,88.8,28.0,23.4,point
2025-09-13 06:30:00 PM,25.1,85.9,27.2,22.6,point
2025-09-13 07:00:00 PM,25.2,86.2,27.5,22.8,point
2025-09-13 07:30:00 PM,23.5,70.8,24.0,17.9,point
2025-09-13 08:00:00 PM,19.0,61.5,17.9,11.4,point
2025-09-13 08:30:00 PM,11.0,60.8,10.1,3.7,point
2025-09-13 09:00:00 PM,7.7,73.8,7.3,3.3,point
2025-09-13 09:30:00 PM,7.7,84.1,7.7,5.2,point
2025-09-13 10:00:00 PM,7.6,86.3,7.6,5.5,point
2025-09-13 10:30:00 PM,7.4,87.4,7.3,5.4,point
2025-09-13 11:00:00 PM,7.4,87.7,7.3,5.5,point
2025-09-13 11:30:00 PM,7.4,87.6,7.3,5.4,point
2025-09-14 12:00:00 AM,7.4,87.7,7.3,5.5,point
2025-09-14 12:30:00 AM,7.3,87.3,7.3,5.4,point
2025-09-14 01:00:00 AM,7.3,88.2,7.3,5.5,point
2025-09-14 01:30:00 AM,7.3,88.6,7.4,5.5,point
2025-09-14 02:00:00 AM,7.2,88.2,7.3,5.4,point
2025-09-14 02:30:00 AM,7.2,89.0,7.3,5.6,point
2025-09-14 03:00:00 AM,7.3,90.4,7.4,5.9,point
2025-09-14 03:30:00 AM,7.4,88.8,7.4,5.7,point
2025-09-14 04:00:00 AM,7.3,89.1,7.4,5.7,point
2025-09-14 04:30:00 AM,7.1,87.5,7.1,5.2,point
2025-09-14 05:00:00 AM,7.3,89.2,7.3,5.6,point
2025-09-14 05:30:00 AM,7.4,89.2,7.5,5.8,point
2025-09-14 06:00:00 AM,7.2,83.3,7.2,4.6,point
2025-09-14 06:30:00 AM,8.8,97.6,9.0,8.4,point
2025-09-14 07:00:00 AM,16.2,100.0,16.9,16.2,point
2025-09-14 07:30:00 AM,21.8,100.0,23.1,21.8,point
2025-09-14 08:00:00 AM,24.4,91.6,26.3,22.9,point
2025-09-14 08:30:00 AM,24.8,86.1,26.7,22.3,point
2025-09-14 09:00:00 AM,25.1,89.1,27.6,23.2,point
2025-09-14 09:30:00 AM,25.2,87.8,27.7,23.1,point
2025-09-14 10:00:00 AM,25.3,88.5,27.9,23.3,point
2025-09-14 10:30:00 AM,25.2,85.9,27.2,22.6,point
2025-09-14 11:00:00 AM,25.4,86.3,27.8,22.9,point
2025-09-14 11:30:00 AM,25.1,87.0,27.1,22.8,point
2025-09-14 12:00:00 PM,25.4,87.3,27.9,23.1,point
2025-09-14 12:30:00 PM,25.2,85.9,27.5,22.7,point
2025-09-14 01:00:00 PM,25.5,86.5,28.0,23.0,point
2025-09-14 01:30:00 PM,25.2,84.3,27.3,22.4,point
2025-09-14 02:00:00 PM,25.5,84.4,27.8,22.6,point
2025-09-14 02:30:00 PM,25.4,84.1,27.8,22.5,point
2025-09-14 03:00:00 PM,25.4,84.1,27.5,22.5,point
2025-09-14 03:30:00 PM,25.5,84.4,28.0,22.7,point
2025-09-14 04:00:00 PM,25.5,84.0,27.8,22.6,point
2025-09-14 04:30:00 PM,25.3,82.0,27.4,22.0,point
2025-09-14 05:00:00 PM,25.4,81.5,27.5,22.0,point
2025-09-14 05:30:00 PM,25.4,82.5,27.4,22.1,point
2025-09-14 06:00:00 PM,25.2,81.2,27.1,21.8,point
2025-09-14 06:30:00 PM,25.3,80.5,27.0,21.7,point
2025-09-14 07:00:00 PM,25.2,79.7,27.0,21.5,point
2025-09-14 07:30:00 PM,23.8,76.4,24.7,19.4,point
2025-09-14 08:00:00 PM,18.6,70.1,17.8,13.0,point
2025-09-14 08:30:00 PM,11.0,62.7,10.3,4.2,point
2025-09-14 09:00:00 PM,8.3,81.8,8.1,5.3,point
2025-09-14 09:30:00 PM,7.8,82.8,7.7,5.0,point
2025-09-14 10:00:00 PM,8.2,87.4,8.1,6.2,point
2025-09-14 10:30:00 PM,7.7,86.4,7.6,5.6,point
2025-09-14 11:00:00 PM,7.4,84.5,7.3,4.9,point
2025-09-14 11:30:00 PM,7.4,85.4,7.3,5.1,point
2025-09-15 12:00:00 AM,7.4,85.7,7.3,5.2,point
2025-09-15 12:30:00 AM,7.4,86.0,7.3,5.2,point
2025-09-15 01:00:00 AM,7.4,85.9,7.3,5.2,point
2025-09-15 01:30:00 AM,7.4,85.8,7.3,5.2,point
2025-09-15 02:00:00 AM,7.4,85.7,7.3,5.2,point
2025-09-15 02:30:00 AM,7.4,86.0,7.3,5.2,point
2025-09-15 03:00:00 AM,7.4,86.1,7.4,5.2,point
2025-09-15 03:30:00 AM,7.4,86.1,7.4,5.3,point
2025-09-15 04:00:00 AM,7.4,86.2,7.4,5.3,point
2025-09-15 04:30:00 AM,7.4,85.9,7.3,5.2,point
2025-09-15 05:00:00 AM,7.4,86.0,7.3,5.2,point
2025-09-15 05:30:00 AM,7.4,86.2,7.3,5.2,point
2025-09-15 06:00:00 AM,7.4,86.1,7.3,5.2,point
2025-09-15 06:30:00 AM,8.4,88.1,8.4,6.6,point
2025-09-15 07:00:00 AM,15.5,100.0,16.1,15.5,point
2025-09-15 07:30:00 AM,21.8,100.0,23.1,21.8,point
2025-09-15 08:00:00 AM,24.5,86.5,26.1,22.1,point
2025-09-15 08:30:00 AM,24.9,84.9,26.6,22.2,point
2025-09-15 09:00:00 AM,25.1,84.8,27.0,22.4,point
2025-09-15 09:30:00 AM,25.0,86.2,27.1,22.5,point
2025-09-15 10:00:00 AM,25.1,84.9,27.0,22.3,point
2025-09-15 10:30:00 AM,25.2,83.6,27.1,22.2,point
2025-09-15 11:00:00 AM,25.2,81.7,26.9,21.8,point
2025-09-15 11:30:00 AM,25.2,81.7,27.1,21.9,point
2025-09-15 12:00:00 PM,25.2,80.4,27.0,21.6,point
2025-09-15 12:30:00 PM,25.2,78.4,26.6,21.1,point
2025-09-15 01:00:00 PM,25.2,78.7,26.9,21.2,point
2025-09-15 01:30:00 PM,25.2,77.7,26.7,21.0,point
2025-09-15 02:00:00 PM,25.1,75.2,26.4,20.4,point
2025-09-15 02:30:00 PM,25.2,77.7,26.7,21.1,point
2025-09-15 03:00:00 PM,25.2,77.1,26.5,20.9,point
2025-09-15 03:30:00 PM,25.2,75.9,26.4,20.6,point
2025-09-15 04:00:00 PM,25.2,73.6,26.5,20.1,point
2025-09-15 04:30:00 PM,25.0,66.3,25.4,18.3,point
2025-09-15 05:00:00 PM,25.2,69.7,26.1,19.3,point
2025-09-15 05:30:00 PM,25.1,70.8,26.1,19.4,point
2025-09-15 06:00:00 PM,25.3,70.2,26.1,19.4,point
2025-09-15 06:30:00 PM,25.2,69.6,26.1,19.2,point
2025-09-15 07:00:00 PM,25.2,69.6,26.1,19.3,point
2025-09-15 07:30:00 PM,23.8,65.2,23.9,16.9,point
2025-09-15 08:00:00 PM,18.7,62.9,17.7,11.5,point
2025-09-15 08:30:00 PM,11.5,62.3,10.7,4.5,point
2025-09-15 09:00:00 PM,8.8,77.0,8.6,5.0,point
2025-09-15 09:30:00 PM,8.4,86.4,8.4,6.3,point
2025-09-15 10:00:00 PM,7.9,83.5,7.9,5.3,point
2025-09-15 10:30:00 PM,8.0,80.6,7.9,4.9,point
2025-09-15 11:00:00 PM,7.5,86.1,7.4,5.3,point
2025-09-15 11:30:00 PM,7.1,85.6,7.1,4.9,point
2025-09-16 12:00:00 AM,7.2,85.6,7.1,4.9,point
2025-09-16 12:30:00 AM,7.1,88.0,7.1,5.3,point
2025-09-16 01:00:00 AM,7.0,87.7,7.0,5.1,point
2025-09-16 01:30:00 AM,7.2,89.2,7.2,5.5,point
2025-09-16 02:00:00 AM,7.1,88.6,7.1,5.3,point
2025-09-16 02:30:00 AM,7.1,89.0,7.2,5.4,point
2025-09-16 03:00:00 AM,7.1,87.1,7.0,5.1,point
2025-09-16 03:30:00 AM,6.9,86.6,6.8,4.8,point
2025-09-16 04:00:00 AM,6.9,87.7,6.9,5.0,point
2025-09-16 04:30:00 AM,7.0,88.8,7.1,5.3,point
2025-09-16 05:00:00 AM,7.2,89.0,7.3,5.5,point
2025-09-16 05:30:00 AM,7.0,84.7,7.0,4.6,point
2025-09-16 06:00:00 AM,7.2,89.2,7.3,5.5,point
2025-09-16 06:30:00 AM,8.8,97.4,9.1,8.4,point
2025-09-16 07:00:00 AM,15.5,100.0,16.2,15.5,point
2025-09-16 07:30:00 AM,22.2,100.0,23.7,22.2,point
2025-09-16 08:00:00 AM,24.0,94.4,25.9,23.0,point
2025-09-16 08:30:00 AM,24.5,88.4,26.2,22.4,point
2025-09-16 09:00:00 AM,24.7,88.3,26.6,22.6,point
2025-09-16 09:30:00 AM,24.8,86.2,26.5,22.3,point
2025-09-16 10:00:00 AM,24.8,85.5,26.6,22.2,point
2025-09-16 10:30:00 AM,24.9,83.5,26.7,21.9,point
2025-09-16 11:00:00 AM,24.8,80.4,26.2,21.2,point
2025-09-16 11:30:00 AM,24.5,78.1,25.6,20.4,point
2025-09-16 12:00:00 PM,24.6,76.4,25.5,20.1,point
2025-09-16 12:30:00 PM,24.6,74.8,25.4,19.9,point
2025-09-16 01:00:00 PM,24.7,73.3,25.3,19.6,point
2025-09-16 01:30:00 PM,24.7,71.9,25.4,19.3,point
2025-09-16 02:00:00 PM,24.7,70.9,25.4,19.1,point
2025-09-16 02:30:00 PM,24.7,70.1,25.3,18.9,point
2025-09-16 03:00:00 PM,24.7,69.4,25.3,18.7,point
2025-09-16 03:30:00 PM,24.7,69.1,25.3,18.7,point
2025-09-16 04:00:00 PM,24.8,68.8,25.2,18.6,point
2025-09-16 04:30:00 PM,24.8,68.5,25.2,18.6,point
2025-09-16 05:00:00 PM,24.7,68.7,25.2,18.6,point
2025-09-16 05:30:00 PM,24.8,68.8,25.2,18.6,point
2025-09-16 06:00:00 PM,24.8,68.6,25.2,18.6,point
2025-09-16 06:30:00 PM,24.8,68.4,25.2,18.5,point
2025-09-16 07:00:00 PM,24.8,68.3,25.2,18.5,point
2025-09-16 07:30:00 PM,24.8,68.4,25.2,18.6,point
2025-09-16 08:00:00 PM,19.3,55.7,18.0,10.2,point
2025-09-16 08:30:00 PM,11.9,57.0,10.9,3.7,point
2025-09-16 09:00:00 PM,8.1,78.9,8.0,4.7,point
2025-09-16 09:30:00 PM,7.6,84.7,7.5,5.2,point
2025-09-16 10:00:00 PM,7.2,86.0,7.2,5.0,point
2025-09-16 10:30:00 PM,7.3,87.2,7.3,5.3,point
2025-09-16 11:00:00 PM,7.2,86.9,7.1,5.1,point
2025-09-16 11:30:00 PM,7.2,87.3,7.1,5.2,point
2025-09-17 12:00:00 AM,7.2,87.9,7.2,5.4,point
2025-09-17 12:30:00 AM,7.2,88.8,7.3,5.5,point
2025-09-17 01:00:00 AM,7.1,87.4,7.1,5.2,point
2025-09-17 01:30:00 AM,6.9,85.0,6.9,4.6,point
2025-09-17 02:00:00 AM,7.0,86.2,7.0,4.9,point
2025-09-17 02:30:00 AM,7.0,87.0,6.9,5.0,point
2025-09-17 03:00:00 AM,7.0,87.5,7.0,5.1,point
2025-09-17 03:30:00 AM,7.0,87.9,6.9,5.1,point
2025-09-17 04:00:00 AM,7.0,88.4,7.0,5.2,point
2025-09-17 04:30:00 AM,7.1,88.5,7.2,5.4,point
2025-09-17 05:00:00 AM,6.3,85.9,6.2,4.1,point
2025-09-17 05:30:00 AM,6.2,83.2,6.1,3.5,point
2025-09-17 06:00:00 AM,6.3,87.5,6.2,4.3,point
2025-09-17 06:30:00 AM,7.9,97.1,8.2,7.5,point
2025-09-17 07:00:00 AM,15.0,100.0,15.7,15.0,point
2025-09-17 07:30:00 AM,21.8,100.0,23.1,21.8,point
2025-09-17 08:00:00 AM,23.6,99.0,25.8,23.4,point
2025-09-17 08:30:00 AM,24.4,91.0,26.3,22.9,point
2025-09-17 09:00:00 AM,24.6,89.5,26.5,22.8,point
2025-09-17 09:30:00 AM,24.7,88.6,26.6,22.7,point
2025-09-17 10:00:00 AM,24.7,88.5,26.6,22.7,point
2025-09-17 10:30:00 AM,24.9,88.3,26.8,22.8,point
2025-09-17 11:00:00 AM,24.9,87.1,26.7,22.6,point
2025-09-17 11:30:00 AM,24.7,84.9,26.4,22.0,point
2025-09-17 12:00:00 PM,24.7,84.7,26.4,21.9,point
2025-09-17 12:30:00 PM,24.7,84.0,26.3,21.8,point
2025-09-17 01:00:00 PM,24.8,82.8,26.2,21.7,point
2025-09-17 01:30:00 PM,24.7,81.3,26.1,21.3,point
2025-09-17 02:00:00 PM,24.8,79.4,26.2,21.0,point
2025-09-17 02:30:00 PM,24.9,77.5,25.9,20.6,point
2025-09-17 03:00:00 PM,24.9,75.3,26.0,20.2,point
2025-09-17 03:30:00 PM,24.5,71.4,25.1,19.0,point
2025-09-17 04:00:00 PM,24.8,70.8,25.5,19.2,point
2025-09-17 04:30:00 PM,24.9,70.2,25.6,19.1,point
2025-09-17 05:00:00 PM,24.7,68.9,25.2,18.6,point
2025-09-17 05:30:00 PM,24.7,69.8,25.3,18.9,point
2025-09-17 06:00:00 PM,24.9,70.3,25.4,19.1,point
2025-09-17 06:30:00 PM,24.8,70.1,25.4,19.0,point
2025-09-17 07:00:00 PM,24.8,70.5,25.5,19.1,point
2025-09-17 07:30:00 PM,23.5,68.5,23.8,17.4,point
2025-09-17 08:00:00 PM,19.1,53.2,17.8,9.4,point
2025-09-17 08:30:00 PM,12.0,59.3,11.1,4.3,point
2025-09-17 09:00:00 PM,8.0,78.3,7.8,4.5,point
2025-09-17 09:30:00 PM,7.4,83.6,7.3,4.8,point
2025-09-17 10:00:00 PM,7.3,85.9,7.3,5.1,point
2025-09-17 10:30:00 PM,6.8,80.2,6.7,3.7,point
2025-09-17 11:00:00 PM,6.9,81.5,6.7,3.9,point
2025-09-17 11:30:00 PM,8.2,94.9,8.4,7.5,point
2025-09-18 12:00:00 AM,7.2,85.3,7.2,4.9,point
2025-09-18 12:30:00 AM,6.9,84.6,6.9,4.5,point
2025-09-18 01:00:00 AM,6.9,85.1,6.8,4.5,point
2025-09-18 01:30:00 AM,6.8,86.2,6.7,4.6,point
2025-09-18 02:00:00 AM,6.7,86.8,6.6,4.6,point
2025-09-18 02:30:00 AM,6.7,87.6,6.6,4.7,point
2025-09-18 03:00:00 AM,6.7,87.6,6.6,4.8,point
2025-09-18 03:30:00 AM,6.4,88.2,6.3,4.6,point
2025-09-18 04:00:00 AM,6.1,83.1,6.1,3.5,point
2025-09-18 04:30:00 AM,7.1,90.0,7.2,5.6,point
2025-09-18 05:00:00 AM,7.5,89.9,7.5,5.9,point
2025-09-18 05:30:00 AM,7.2,88.2,7.3,5.4,point
2025-09-18 06:00:00 AM,6.5,85.5,6.5,4.3,point
2025-09-18 06:30:00 AM,8.5,97.1,8.7,8.0,point
2025-09-18 07:00:00 AM,15.3,100.0,15.9,15.3,point
2025-09-18 07:30:00 AM,21.9,100.0,23.1,21.9,point
2025-09-18 08:00:00 AM,23.7,100.0,25.9,23.7,point
2025-09-18 08:30:00 AM,24.6,92.3,26.6,23.2,point
2025-09-18 09:00:00 AM,24.7,89.4,26.7,22.9,point
2025-09-18 09:30:00 AM,24.9,90.3,27.0,23.1,point
2025-09-18 10:00:00 AM,24.7,88.0,26.6,22.6,point
2025-09-18 10:30:00 AM,24.9,88.6,27.0,22.9,point
2025-09-18 11:00:00 AM,24.9,87.1,26.7,22.6,point
2025-09-18 11:30:00 AM,25.0,86.2,26.9,22.5,point
2025-09-18 12:00:00 PM,25.1,87.0,27.1,22.8,point
2025-09-18 12:30:00 PM,25.1,87.3,27.4,22.9,point
2025-09-18 01:00:00 PM,24.8,85.0,26.6,22.1,point
2025-09-18 01:30:00 PM,24.9,84.6,26.6,22.1,point
2025-09-18 02:00:00 PM,24.9,83.6,26.5,21.9,point
2025-09-18 02:30:00 PM,24.9,82.4,26.6,21.7,point
2025-09-18 03:00:00 PM,25.0,80.9,26.7,21.5,point
2025-09-18 03:30:00 PM,24.9,80.2,26.2,21.2,point
2025-09-18 04:00:00 PM,25.0,76.5,26.3,20.6,point
2025-09-18 04:30:00 PM,24.9,74.7,25.9,20.1,point
2025-09-18 05:00:00 PM,26.4,68.2,27.9,20.1,point
2025-09-18 05:30:00 PM,26.4,65.7,27.6,19.4,point
2025-09-18 06:00:00 PM,26.5,65.3,27.7,19.4,point
2025-09-18 06:30:00 PM,26.5,65.0,27.7,19.3,point
2025-09-18 07:00:00 PM,26.4,64.7,27.7,19.3,point
2025-09-18 07:30:00 PM,25.6,65.1,26.4,18.6,point
2025-09-18 08:00:00 PM,19.7,52.5,18.4,9.7,point
2025-09-18 08:30:00 PM,12.0,64.5,11.2,5.5,point
2025-09-18 09:00:00 PM,8.9,82.5,8.7,6.1,point
2025-09-18 09:30:00 PM,7.7,81.2,7.6,4.7,point
2025-09-18 10:00:00 PM,7.0,78.6,6.8,3.6,point
2025-09-18 10:30:00 PM,7.0,80.5,6.8,3.8,point
2025-09-18 11:00:00 PM,7.0,82.1,6.8,4.1,point
2025-09-18 11:30:00 PM,7.0,83.7,6.9,4.4,point
2025-09-19 12:00:00 AM,6.9,84.9,6.9,4.5,point
2025-09-19 12:30:00 AM,7.0,86.0,6.9,4.8,point
2025-09-19 01:00:00 AM,7.0,86.4,6.9,4.9,point
2025-09-19 01:30:00 AM,6.9,86.6,6.8,4.8,point
2025-09-19 02:00:00 AM,6.9,87.2,6.9,4.9,point
2025-09-19 02:30:00 AM,6.9,87.2,6.9,4.9,point
2025-09-19 03:00:00 AM,7.0,87.4,7.0,5.1,point
2025-09-19 03:30:00 AM,7.2,86.8,7.2,5.2,point
2025-09-19 04:00:00 AM,7.2,86.4,7.2,5.1,point
2025-09-19 04:30:00 AM,7.3,86.1,7.3,5.2,point
2025-09-19 05:00:00 AM,7.3,86.4,7.2,5.2,point
2025-09-19 05:30:00 AM,7.2,86.9,7.2,5.2,point
2025-09-19 06:00:00 AM,7.1,86.8,7.1,5.1,point
2025-09-19 06:30:00 AM,7.5,90.1,7.6,6.0,point
2025-09-19 07:00:00 AM,15.8,100.0,16.5,15.8,point
2025-09-19 07:30:00 AM,22.4,100.0,24.0,22.4,point
2025-09-19 08:00:00 AM,25.3,94.0,28.5,24.3,point
2025-09-19 08:30:00 AM,26.1,86.5,29.3,23.6,point
2025-09-19 09:00:00 AM,26.1,84.4,29.1,23.2,point
2025-09-19 09:30:00 AM,26.0,83.1,28.9,22.9,point
2025-09-19 10:00:00 AM,26.1,84.3,29.1,23.2,point
2025-09-19 10:30:00 AM,26.1,83.3,29.2,23.0,point
2025-09-19 11:00:00 AM,26.3,83.4,29.7,23.3,point
2025-09-19 11:30:00 AM,26.5,82.2,29.9,23.2,point
2025-09-19 12:00:00 PM,26.5,81.8,29.8,23.1,point
2025-09-19 12:30:00 PM,26.6,81.3,29.8,23.1,point
2025-09-19 01:00:00 PM,26.5,80.2,29.6,22.9,point
2025-09-19 01:30:00 PM,26.7,79.0,29.7,22.7,point
2025-09-19 02:00:00 PM,26.6,78.3,29.6,22.6,point
2025-09-19 02:30:00 PM,26.7,76.9,29.4,22.3,point
2025-09-19 03:00:00 PM,26.7,75.1,29.2,21.9,point
2025-09-19 03:30:00 PM,26.7,73.2,29.0,21.5,point
2025-09-19 04:00:00 PM,26.7,71.4,28.7,21.1,point
2025-09-19 04:30:00 PM,26.6,70.2,28.6,20.8,point
2025-09-19 05:00:00 PM,25.0,66.8,25.5,18.4,point
2025-09-19 05:30:00 PM,26.1,73.4,28.0,21.0,point
2025-09-19 06:00:00 PM,26.5,74.9,28.9,21.7,point
2025-09-19 06:30:00 PM,26.6,79.8,29.6,22.8,point
2025-09-19 07:00:00 PM,26.6,80.3,29.6,22.9,point
2025-09-19 07:30:00 PM,25.0,72.1,26.0,19.6,point
2025-09-19 08:00:00 PM,18.9,59.6,17.7,10.8,point
2025-09-19 08:30:00 PM,12.1,61.4,11.3,4.9,point
2025-09-19 09:00:00 PM,8.4,71.8,8.1,3.6,point
2025-09-19 09:30:00 PM,8.3,93.5,8.4,7.3,point
2025-09-19 10:00:00 PM,7.5,85.0,7.4,5.1,point
2025-09-19 10:30:00 PM,7.3,85.6,7.2,5.0,point
2025-09-19 11:00:00 PM,7.0,84.6,7.0,4.6,point
2025-09-19 11:30:00 PM,7.0,85.9,6.9,4.8,point
2025-09-20 12:00:00 AM,7.0,86.7,6.9,4.9,point
2025-09-20 12:30:00 AM,7.0,87.4,6.9,5.0,point
2025-09-20 01:00:00 AM,7.0,87.9,7.0,5.1,point
2025-09-20 01:30:00 AM,7.0,88.0,7.0,5.2,point
2025-09-20 02:00:00 AM,7.0,88.2,7.0,5.2,point
2025-09-20 02:30:00 AM,6.6,88.1,6.6,4.8,point
2025-09-20 03:00:00 AM,6.3,86.9,6.3,4.3,point
2025-09-20 03:30:00 AM,6.6,89.1,6.6,4.9,point
2025-09-20 04:00:00 AM,6.5,86.7,6.5,4.4,point
2025-09-20 04:30:00 AM,6.6,89.4,6.6,5.0,point
2025-09-20 05:00:00 AM,6.1,87.5,6.1,4.2,point
2025-09-20 05:30:00 AM,6.1,86.2,6.1,4.0,point
2025-09-20 06:00:00 AM,6.2,89.4,6.2,4.6,point
2025-09-20 06:30:00 AM,7.7,97.5,7.8,7.3,point
2025-09-20 07:00:00 AM,13.7,100.0,14.2,13.7,point
2025-09-20 07:30:00 AM,22.1,100.0,23.4,22.1,point
2025-09-20 08:00:00 AM,24.5,95.9,26.7,23.8,point
2025-09-20 08:30:00 AM,25.3,86.5,27.6,22.9,point
2025-09-20 09:00:00 AM,25.6,85.5,28.3,23.0,point
2025-09-20 09:30:00 AM,25.7,86.1,28.6,23.2,point
2025-09-20 10:00:00 AM,25.8,85.0,28.5,23.0,point
2025-09-20 10:30:00 AM,25.8,84.3,28.4,22.9,point
2025-09-20 11:00:00 AM,25.8,84.1,28.4,22.9,point
2025-09-20 11:30:00 AM,25.8,84.6,28.4,23.0,point
2025-09-20 12:00:00 PM,25.8,84.3,28.4,22.9,point
2025-09-20 12:30:00 PM,25.8,84.1,28.4,22.9,point
2025-09-20 01:00:00 PM,25.8,83.5,28.6,22.8,point
2025-09-20 01:30:00 PM,25.9,83.5,28.6,22.9,point
2025-09-20 02:00:00 PM,26.0,82.2,28.8,22.8,point
2025-09-20 02:30:00 PM,26.1,81.6,28.8,22.7,point
2025-09-20 03:00:00 PM,26.3,79.9,29.0,22.5,point
2025-09-20 03:30:00 PM,26.4,82.0,29.7,23.1,point
2025-09-20 04:00:00 PM,26.6,81.0,29.7,23.1,point
2025-09-20 04:30:00 PM,26.7,80.9,29.9,23.1,point
2025-09-20 05:00:00 PM,26.6,79.5,29.6,22.7,point
2025-09-20 05:30:00 PM,26.5,79.0,29.5,22.6,point
2025-09-20 06:00:00 PM,26.7,78.7,29.9,22.7,point
2025-09-20 06:30:00 PM,26.7,77.1,29.4,22.3,point
2025-09-20 07:00:00 PM,26.5,76.6,29.0,22.0,point
2025-09-20 07:30:00 PM,25.5,71.6,26.8,20.0,point
2025-09-20 08:00:00 PM,19.3,55.1,18.2,10.1,point
2025-09-20 08:30:00 PM,13.4,56.9,12.2,5.0,point
2025-09-20 09:00:00 PM,8.7,77.2,8.5,4.9,point
2025-09-20 09:30:00 PM,7.7,83.0,7.7,5.0,point
2025-09-20 10:00:00 PM,7.5,84.8,7.5,5.1,point
2025-09-20 10:30:00 PM,7.4,85.3,7.3,5.1,point
2025-09-20 11:00:00 PM,7.3,85.9,7.3,5.1,point
2025-09-20 11:30:00 PM,7.3,85.9,7.3,5.1,point
2025-09-21 12:00:00 AM,7.3,86.2,7.3,5.2,point
2025-09-21 12:30:00 AM,7.3,86.2,7.2,5.1,point
2025-09-21 01:00:00 AM,7.3,86.4,7.2,5.2,point
2025-09-21 01:30:00 AM,7.3,86.8,7.3,5.3,point
2025-09-21 02:00:00 AM,7.3,87.1,7.3,5.3,point
2025-09-21 02:30:00 AM,7.4,87.1,7.3,5.4,point
2025-09-21 03:00:00 AM,7.3,86.9,7.3,5.3,point
2025-09-21 03:30:00 AM,7.0,79.0,6.9,3.6,point
2025-09-21 04:00:00 AM,7.2,87.6,7.1,5.2,point
2025-09-21 04:30:00 AM,7.0,88.7,7.1,5.3,point
2025-09-21 05:00:00 AM,7.1,90.7,7.2,5.7,point
2025-09-21 05:30:00 AM,6.9,88.1,6.9,5.1,point
2025-09-21 06:00:00 AM,6.7,87.2,6.6,4.7,point
2025-09-21 06:30:00 AM,7.9,96.8,8.2,7.4,point
2025-09-21 07:00:00 AM,14.4,100.0,15.1,14.4,point
2025-09-21 07:30:00 AM,21.9,100.0,23.1,21.9,point
2025-09-21 08:00:00 AM,25.1,94.2,27.8,24.1,point
2025-09-21 08:30:00 AM,25.6,89.1,28.7,23.7,point
2025-09-21 09:00:00 AM,26.0,83.5,28.8,23.0,point
2025-09-21 09:30:00 AM,26.2,84.9,29.6,23.5,point
2025-09-21 10:00:00 AM,26.3,84.1,29.7,23.4,point
2025-09-21 10:30:00 AM,26.3,83.5,29.4,23.3,point
2025-09-21 11:00:00 AM,26.2,82.0,29.2,22.9,point
2025-09-21 11:30:00 AM,26.4,82.5,29.5,23.1,point
2025-09-21 12:00:00 PM,26.1,83.2,29.2,23.1,point
2025-09-21 12:30:00 PM,26.4,82.0,29.5,23.1,point
2025-09-21 01:00:00 PM,26.3,81.7,29.2,22.9,point
2025-09-21 01:30:00 PM,26.5,81.1,29.8,23.0,point
2025-09-21 02:00:00 PM,26.5,80.5,29.7,22.9,point
2025-09-21 02:30:00 PM,26.5,78.8,29.5,22.5,point
2025-09-21 03:00:00 PM,26.6,78.1,29.4,22.4,point
2025-09-21 03:30:00 PM,26.5,76.9,29.2,22.1,point
2025-09-21 04:00:00 PM,26.6,76.2,29.1,22.0,point
2025-09-21 04:30:00 PM,26.6,75.1,29.0,21.8,point
2025-09-21 05:00:00 PM,26.7,73.6,29.0,21.6,point
2025-09-21 05:30:00 PM,26.5,71.9,28.4,21.0,point
2025-09-21 06:00:00 PM,26.3,71.5,28.0,20.7,point
2025-09-21 06:30:00 PM,26.4,71.3,28.2,20.7,point
2025-09-21 07:00:00 PM,26.4,71.0,28.2,20.7,point
2025-09-21 07:30:00 PM,26.1,70.2,27.5,20.2,point
2025-09-21 08:00:00 PM,19.6,54.4,18.4,10.1,point
2025-09-21 08:30:00 PM,13.2,58.8,12.2,5.3,point
2025-09-21 09:00:00 PM,8.8,79.2,8.6,5.4,point
2025-09-21 09:30:00 PM,7.8,84.4,7.8,5.4,point
2025-09-21 10:00:00 PM,7.5,84.6,7.5,5.1,point
2025-09-21 10:30:00 PM,7.3,86.3,7.3,5.2,point
2025-09-21 11:00:00 PM,7.4,87.5,7.4,5.5,point
2025-09-21 11:30:00 PM,7.3,87.1,7.3,5.3,point
2025-09-22 12:00:00 AM,7.1,87.1,7.0,5.1,point
2025-09-22 12:30:00 AM,7.2,88.5,7.2,5.4,point
2025-09-22 01:00:00 AM,7.1,87.0,7.0,5.1,point
2025-09-22 01:30:00 AM,7.0,88.5,7.1,5.3,point
2025-09-22 02:00:00 AM,7.2,87.2,7.1,5.2,point
2025-09-22 02:30:00 AM,7.0,87.2,7.0,5.0,point
2025-09-22 03:00:00 AM,7.2,90.3,7.3,5.7,point
2025-09-22 03:30:00 AM,6.8,82.4,6.6,4.0,point
2025-09-22 04:00:00 AM,7.3,87.7,7.3,5.4,point
2025-09-22 04:30:00 AM,7.2,88.2,7.3,5.4,point
2025-09-22 05:00:00 AM,7.2,87.2,7.1,5.2,point
2025-09-22 05:30:00 AM,6.7,86.3,6.7,4.6,point
2025-09-22 06:00:00 AM,6.4,88.8,6.4,4.6,point
2025-09-22 06:30:00 AM,7.7,97.2,7.9,7.3,point
2025-09-22 07:00:00 AM,14.7,100.0,15.3,14.7,point
2025-09-22 07:30:00 AM,22.7,100.0,24.5,22.7,point
2025-09-22 08:00:00 AM,24.3,94.7,26.3,23.4,point
2025-09-22 08:30:00 AM,25.3,86.2,27.5,22.8,point
2025-09-22 09:00:00 AM,25.4,84.8,27.9,22.6,point
2025-09-22 09:30:00 AM,25.6,85.2,28.3,22.9,point
2025-09-22 10:00:00 AM,25.5,83.6,28.0,22.5,point
2025-09-22 10:30:00 AM,25.6,84.1,28.2,22.8,point
2025-09-22 11:00:00 AM,25.7,83.1,28.3,22.6,point
2025-09-22 11:30:00 AM,25.8,83.4,28.6,22.8,point
2025-09-22 12:00:00 PM,25.9,77.0,28.1,21.6,point
2025-09-22 12:30:00 PM,26.3,83.5,29.7,23.3,point
2025-09-22 01:00:00 PM,26.4,82.2,29.5,23.1,point
2025-09-22 01:30:00 PM,26.3,80.5,29.1,22.6,point
2025-09-22 02:00:00 PM,26.4,79.9,29.4,22.7,point
2025-09-22 02:30:00 PM,26.4,79.5,29.4,22.6,point
2025-09-22 03:00:00 PM,25.9,80.8,28.5,22.4,point
2025-09-22 03:30:00 PM,25.6,77.4,27.5,21.4,point
2025-09-22 04:00:00 PM,25.1,81.4,26.7,21.7,point
2025-09-22 04:30:00 PM,25.3,80.9,27.1,21.8,point
2025-09-22 05:00:00 PM,25.3,79.6,27.0,21.5,point
2025-09-22 05:30:00 PM,24.9,78.5,26.2,20.9,point
2025-09-22 06:00:00 PM,25.3,77.9,26.8,21.1,point
2025-09-22 06:30:00 PM,25.4,76.2,26.8,20.9,point
2025-09-22 07:00:00 PM,25.3,75.1,26.8,20.6,point
2025-09-22 07:30:00 PM,24.1,72.2,24.8,18.8,point
2025-09-22 08:00:00 PM,18.1,55.1,16.6,9.0,point
2025-09-22 08:30:00 PM,11.8,56.9,10.8,3.6,point
2025-09-22 09:00:00 PM,8.7,75.8,8.4,4.6,point
2025-09-22 09:30:00 PM,7.8,80.5,7.6,4.7,point
2025-09-22 10:00:00 PM,7.4,82.3,7.2,4.6,point
2025-09-22 10:30:00 PM,8.3,83.7,8.2,5.7,point
2025-09-22 11:00:00 PM,7.5,86.5,7.5,5.4,point
2025-09-22 11:30:00 PM,7.0,82.8,7.0,4.3,point
2025-09-23 12:00:00 AM,6.9,82.5,6.8,4.1,point
2025-09-23 12:30:00 AM,6.8,84.0,6.7,4.3,point
2025-09-23 01:00:00 AM,6.9,85.2,6.8,4.5,point
2025-09-23 01:30:00 AM,6.9,85.6,6.8,4.6,point
2025-09-23 02:00:00 AM,7.0,85.9,6.9,4.8,point
2025-09-23 02:30:00 AM,7.0,86.2,6.9,4.8,point
2025-09-23 03:00:00 AM,6.9,86.9,6.8,4.8,point
2025-09-23 03:30:00 AM,7.0,87.4,6.9,5.0,point
2025-09-23 04:00:00 AM,7.0,87.3,7.0,5.1,point
2025-09-23 04:30:00 AM,7.3,87.3,7.3,5.3,point
2025-09-23 05:00:00 AM,7.4,87.2,7.3,5.4,point
2025-09-23 05:30:00 AM,7.3,87.6,7.2,5.4,point
2025-09-23 06:00:00 AM,7.3,87.2,7.3,5.3,point
2025-09-23 06:30:00 AM,8.1,90.6,8.2,6.7,point
2025-09-23 07:00:00 AM,17.8,100.0,18.6,17.8,point
2025-09-23 07:30:00 AM,21.9,100.0,23.3,21.9,point
2025-09-23 08:00:00 AM,23.8,94.0,25.8,22.8,point
2025-09-23 08:30:00 AM,24.6,90.0,26.5,22.8,point
2025-09-23 09:00:00 AM,24.7,87.0,26.5,22.4,point
2025-09-23 09:30:00 AM,24.8,86.8,26.5,22.4,point
2025-09-23 10:00:00 AM,24.7,86.6,26.5,22.3,point
2025-09-23 10:30:00 AM,24.8,86.3,26.5,22.3,point
2025-09-23 11:00:00 AM,25.0,85.7,26.8,22.4,point
2025-09-23 11:30:00 AM,25.0,85.2,27.0,22.4,point
2025-09-23 12:00:00 PM,25.0,84.8,27.0,22.3,point
2025-09-23 12:30:00 PM,25.1,84.1,27.1,22.2,point
2025-09-23 01:00:00 PM,25.2,83.4,27.1,22.1,point
2025-09-23 01:30:00 PM,25.2,82.3,27.0,21.9,point
2025-09-23 02:00:00 PM,25.2,81.2,26.9,21.7,point
2025-09-23 02:30:00 PM,25.1,80.1,26.8,21.4,point
2025-09-23 03:00:00 PM,25.3,78.8,26.9,21.3,point
2025-09-23 03:30:00 PM,25.3,77.7,26.7,21.1,point
2025-09-23 04:00:00 PM,25.3,76.3,26.8,20.9,point
2025-09-23 04:30:00 PM,25.5,74.8,26.9,20.6,point
2025-09-23 05:00:00 PM,25.6,73.3,27.1,20.5,point
2025-09-23 05:30:00 PM,25.7,71.5,27.0,20.1,point
2025-09-23 06:00:00 PM,25.5,70.1,26.7,19.7,point
2025-09-23 06:30:00 PM,25.2,70.8,26.2,19.6,point
2025-09-23 07:00:00 PM,25.3,69.2,26.3,19.3,point
2025-09-23 07:30:00 PM,23.8,67.4,24.0,17.4,point
2025-09-23 08:00:00 PM,18.6,62.9,17.6,11.4,point
2025-09-23 08:30:00 PM,11.4,64.6,10.7,5.0,point
2025-09-23 09:00:00 PM,8.0,79.2,7.8,4.6,point
2025-09-23 09:30:00 PM,7.7,85.5,7.7,5.4,point
2025-09-23 10:00:00 PM,7.5,85.2,7.4,5.2,point
2025-09-23 10:30:00 PM,7.2,86.3,7.2,5.1,point
2025-09-23 11:00:00 PM,7.2,87.6,7.2,5.3,point
2025-09-23 11:30:00 PM,7.2,87.0,7.2,5.2,point
2025-09-24 12:00:00 AM,7.3,88.0,7.3,5.5,point
2025-09-24 12:30:00 AM,7.2,87.2,7.2,5.3,point
2025-09-24 01:00:00 AM,7.2,87.0,7.1,5.2,point
2025-09-24 01:30:00 AM,7.2,88.8,7.2,5.4,point
2025-09-24 02:00:00 AM,7.4,89.0,7.4,5.7,point
2025-09-24 02:30:00 AM,7.3,88.8,7.4,5.6,point
2025-09-24 03:00:00 AM,7.4,89.4,7.5,5.8,point
2025-09-24 03:30:00 AM,7.4,89.1,7.5,5.8,point
2025-09-24 04:00:00 AM,7.1,86.4,7.1,5.0,point
2025-09-24 04:30:00 AM,7.1,88.2,7.1,5.2,point
2025-09-24 05:00:00 AM,7.0,88.6,7.1,5.3,point
2025-09-24 05:30:00 AM,6.5,84.6,6.4,4.1,point
2025-09-24 06:00:00 AM,6.3,82.2,6.1,3.5,point
2025-09-24 06:30:00 AM,8.1,95.9,8.3,7.5,point
2025-09-24 07:00:00 AM,14.9,100.0,15.5,14.9,point
2025-09-24 07:30:00 AM,21.8,100.0,23.1,21.8,point
2025-09-24 08:00:00 AM,23.7,96.6,25.8,23.1,point
2025-09-24 08:30:00 AM,24.8,90.1,27.0,23.1,point
2025-09-24 09:00:00 AM,24.8,88.4,26.6,22.8,point
2025-09-24 09:30:00 AM,24.7,88.8,26.7,22.7,point
2025-09-24 10:00:00 AM,24.6,87.8,26.4,22.5,point
2025-09-24 10:30:00 AM,24.8,87.7,26.6,22.6,point
2025-09-24 11:00:00 AM,24.9,84.9,26.8,22.2,point
2025-09-24 11:30:00 AM,25.2,85.4,27.4,22.6,point
2025-09-24 12:00:00 PM,25.4,84.0,27.5,22.5,point
2025-09-24 12:30:00 PM,25.2,82.4,27.2,22.0,point
2025-09-24 01:00:00 PM,25.4,81.2,27.5,22.0,point
2025-09-24 01:30:00 PM,25.3,79.5,27.2,21.5,point
2025-09-24 02:00:00 PM,25.4,77.9,27.2,21.3,point
2025-09-24 02:30:00 PM,25.4,74.6,26.7,20.5,point
2025-09-24 03:00:00 PM,25.4,73.5,26.6,20.3,point
2025-09-24 03:30:00 PM,25.2,71.2,26.2,19.7,point
2025-09-24 04:00:00 PM,24.9,68.2,25.3,18.6,point
2025-09-24 04:30:00 PM,25.3,68.8,26.2,19.2,point
2025-09-24 05:00:00 PM,25.4,68.0,26.3,19.1,point
2025-09-24 05:30:00 PM,25.2,66.9,25.9,18.6,point
2025-09-24 06:00:00 PM,25.2,66.0,25.9,18.4,point
2025-09-24 06:30:00 PM,25.3,66.0,25.8,18.5,point
2025-09-24 07:00:00 PM,25.2,65.8,25.8,18.4,point
2025-09-24 07:30:00 PM,23.9,65.6,24.1,17.1,point
2025-09-24 08:00:00 PM,18.5,59.7,17.2,10.6,point
2025-09-24 08:30:00 PM,11.2,61.3,10.4,4.0,point
2025-09-24 09:00:00 PM,7.7,73.9,7.3,3.3,point
2025-09-24 09:30:00 PM,8.2,89.6,8.3,6.7,point
2025-09-24 10:00:00 PM,7.1,78.1,6.9,3.6,point
2025-09-24 10:30:00 PM,7.2,80.5,7.1,4.1,point
2025-09-24 11:00:00 PM,6.9,82.3,6.7,4.1,point
2025-09-24 11:30:00 PM,6.9,82.8,6.8,4.2,point
2025-09-25 12:00:00 AM,6.9,83.5,6.8,4.3,point
2025-09-25 12:30:00 AM,6.9,84.2,6.8,4.4,point
2025-09-25 01:00:00 AM,6.9,85.0,6.8,4.5,point
2025-09-25 01:30:00 AM,6.9,85.9,6.8,4.7,point
2025-09-25 02:00:00 AM,6.9,86.2,6.9,4.8,point
2025-09-25 02:30:00 AM,6.9,86.5,6.8,4.8,point
2025-09-25 03:00:00 AM,6.8,86.7,6.8,4.8,point
2025-09-25 03:30:00 AM,6.8,86.9,6.8,4.8,point
2025-09-25 04:00:00 AM,6.8,86.8,6.7,4.7,point
2025-09-25 04:30:00 AM,6.9,87.6,6.9,5.0,point
2025-09-25 05:00:00 AM,7.2,86.4,7.1,5.1,point
2025-09-25 05:30:00 AM,7.0,85.6,7.0,4.8,point
2025-09-25 06:00:00 AM,6.7,86.7,6.6,4.6,point
2025-09-25 06:30:00 AM,7.3,89.6,7.3,5.7,point
2025-09-25 07:00:00 AM,14.9,100.0,15.5,14.9,point
2025-09-25 07:30:00 AM,21.9,100.0,23.3,21.9,point
2025-09-25 08:00:00 AM,24.0,93.2,25.8,22.8,point
2025-09-25 08:30:00 AM,24.7,88.8,26.7,22.8,point
2025-09-25 09:00:00 AM,25.1,88.2,27.5,23.0,point
2025-09-25 09:30:00 AM,25.4,87.4,27.9,23.1,point
2025-09-25 10:00:00 AM,25.5,87.0,28.0,23.1,point
2025-09-25 10:30:00 AM,25.5,84.8,27.9,22.7,point
2025-09-25 11:00:00 AM,25.4,84.0,27.5,22.4,point
2025-09-25 11:30:00 AM,25.5,84.1,28.0,22.6,point
2025-09-25 12:00:00 PM,25.3,83.3,27.3,22.2,point
2025-09-25 12:30:00 PM,25.4,80.1,27.4,21.8,point
2025-09-25 01:00:00 PM,25.5,79.6,27.4,21.7,point
2025-09-25 01:30:00 PM,25.6,77.3,27.3,21.3,point
2025-09-25 02:00:00 PM,25.4,74.6,26.9,20.6,point
2025-09-25 02:30:00 PM,25.4,73.0,26.6,20.2,point
2025-09-25 03:00:00 PM,25.4,71.8,26.4,19.9,point
2025-09-25 03:30:00 PM,25.4,70.8,26.6,19.7,point
2025-09-25 04:00:00 PM,25.3,68.8,26.2,19.2,point
2025-09-25 04:30:00 PM,25.2,68.6,26.0,19.0,point
2025-09-25 05:00:00 PM,25.4,68.2,26.2,19.1,point
2025-09-25 05:30:00 PM,25.3,67.3,25.9,18.8,point
2025-09-25 06:00:00 PM,25.6,63.9,26.3,18.2,point
2025-09-25 06:30:00 PM,25.6,65.5,26.4,18.7,point
2025-09-25 07:00:00 PM,25.6,66.5,26.4,18.9,point
2025-09-25 07:30:00 PM,24.7,65.9,25.0,17.9,point
2025-09-25 08:00:00 PM,18.2,68.2,17.3,12.2,point
2025-09-25 08:30:00 PM,10.5,67.0,9.9,4.7,point
2025-09-25 09:00:00 PM,8.4,80.6,8.2,5.2,point
2025-09-25 09:30:00 PM,7.7,80.3,7.6,4.5,point
2025-09-25 10:00:00 PM,7.7,86.1,7.6,5.5,point
2025-09-25 10:30:00 PM,7.5,81.8,7.3,4.6,point
2025-09-25 11:00:00 PM,7.4,83.5,7.3,4.8,point
2025-09-25 11:30:00 PM,7.4,86.1,7.3,5.2,point
2025-09-26 12:00:00 AM,7.3,86.9,7.3,5.3,point
2025-09-26 12:30:00 AM,7.2,85.9,7.1,5.0,point
2025-09-26 01:00:00 AM,7.4,88.0,7.4,5.5,point
2025-09-26 01:30:00 AM,7.4,87.1,7.4,5.4,point
2025-09-26 02:00:00 AM,7.4,87.6,7.4,5.5,point
2025-09-26 02:30:00 AM,7.5,88.1,7.4,5.6,point
2025-09-26 03:00:00 AM,7.4,88.0,7.4,5.5,point
2025-09-26 03:30:00 AM,7.2,87.6,7.2,5.3,point
2025-09-26 04:00:00 AM,7.3,88.2,7.3,5.5,point
2025-09-26 04:30:00 AM,7.4,88.5,7.4,5.6,point
2025-09-26 05:00:00 AM,6.7,84.7,6.6,4.3,point
2025-09-26 05:30:00 AM,6.2,83.6,6.1,3.6,point
2025-09-26 06:00:00 AM,6.2,84.4,6.2,3.8,point
2025-09-26 06:30:00 AM,7.2,87.4,7.2,5.3,point
2025-09-26 07:00:00 AM,14.3,100.0,15.0,14.3,point
2025-09-26 07:30:00 AM,21.4,100.0,22.5,21.4,point
2025-09-26 08:00:00 AM,24.1,95.0,26.3,23.3,point
2025-09-26 08:30:00 AM,24.9,89.8,26.9,23.1,point
2025-09-26 09:00:00 AM,24.9,87.5,26.8,22.7,point
2025-09-26 09:30:00 AM,24.9,86.7,26.9,22.6,point
2025-09-26 10:00:00 AM,25.1,87.2,27.1,22.8,point
2025-09-26 10:30:00 AM,25.4,86.7,27.8,23.0,point
2025-09-26 11:00:00 AM,25.4,85.2,27.7,22.7,point
2025-09-26 11:30:00 AM,25.7,85.2,28.3,23.0,point
2025-09-26 12:00:00 PM,25.6,82.8,28.0,22.5,point
2025-09-26 12:30:00 PM,25.6,82.1,28.0,22.3,point
2025-09-26 01:00:00 PM,25.4,79.8,27.2,21.6,point
2025-09-26 01:30:00 PM,25.5,78.2,27.4,21.5,point
2025-09-26 02:00:00 PM,25.6,75.4,27.2,20.9,point
2025-09-26 02:30:00 PM,25.4,72.9,26.7,20.2,point
2025-09-26 03:00:00 PM,25.4,70.5,26.5,19.6,point
2025-09-26 03:30:00 PM,25.5,68.5,26.4,19.2,point
2025-09-26 04:00:00 PM,25.5,67.1,26.2,18.9,point
2025-09-26 04:30:00 PM,25.5,66.2,26.4,18.8,point
2025-09-26 05:00:00 PM,24.7,59.9,24.6,16.4,point
2025-09-26 05:30:00 PM,26.1,72.8,28.0,20.9,point
2025-09-26 06:00:00 PM,26.3,76.9,28.9,21.9,point
2025-09-26 06:30:00 PM,26.4,78.9,29.1,22.4,point
2025-09-26 07:00:00 PM,26.4,79.0,29.3,22.5,point
2025-09-26 07:30:00 PM,25.6,74.1,27.2,20.6,point
2025-09-26 08:00:00 PM,18.3,60.9,17.1,10.7,point
2025-09-26 08:30:00 PM,11.0,63.7,10.3,4.4,point
2025-09-26 09:00:00 PM,9.3,82.2,9.2,6.4,point
2025-09-26 09:30:00 PM,8.1,80.5,7.9,4.9,point
2025-09-26 10:00:00 PM,7.7,83.0,7.6,5.0,point
2025-09-26 10:30:00 PM,7.5,83.9,7.5,5.0,point
2025-09-26 11:00:00 PM,7.4,85.1,7.4,5.1,point
2025-09-26 11:30:00 PM,7.4,85.5,7.4,5.1,point
2025-09-27 12:00:00 AM,7.4,85.8,7.3,5.1,point
2025-09-27 12:30:00 AM,7.3,85.9,7.3,5.1,point
2025-09-27 01:00:00 AM,7.3,86.1,7.2,5.1,point
2025-09-27 01:30:00 AM,7.2,86.6,7.2,5.2,point
2025-09-27 02:00:00 AM,7.3,87.0,7.2,5.3,point
2025-09-27 02:30:00 AM,7.2,86.8,7.2,5.2,point
2025-09-27 03:00:00 AM,7.2,86.3,7.1,5.0,point
2025-09-27 03:30:00 AM,6.8,87.1,6.7,4.8,point
2025-09-27 04:00:00 AM,7.0,87.4,6.9,5.0,point
2025-09-27 04:30:00 AM,6.8,86.6,6.8,4.8,point
2025-09-27 05:00:00 AM,6.5,87.0,6.5,4.5,point
2025-09-27 05:30:00 AM,6.7,85.3,6.6,4.4,point
2025-09-27 06:00:00 AM,6.7,92.8,6.8,5.6,point
2025-09-27 06:30:00 AM,7.5,96.7,7.7,7.0,point
2025-09-27 07:00:00 AM,13.6,100.0,14.2,13.6,point
2025-09-27 07:30:00 AM,21.9,100.0,23.1,21.9,point
2025-09-27 08:00:00 AM,23.7,96.3,25.7,23.1,point
2025-09-27 08:30:00 AM,25.3,87.3,27.7,23.0,point
2025-09-27 09:00:00 AM,25.8,85.8,28.5,23.2,point
2025-09-27 09:30:00 AM,25.9,84.5,28.6,23.1,point
2025-09-27 10:00:00 AM,26.1,84.0,29.3,23.2,point
2025-09-27 10:30:00 AM,26.1,83.0,28.9,23.0,point
2025-09-27 11:00:00 AM,26.2,83.7,29.2,23.2,point
2025-09-27 11:30:00 AM,26.4,82.6,29.7,23.2,point
2025-09-27 12:00:00 PM,26.6,81.4,29.8,23.1,point
2025-09-27 12:30:00 PM,26.5,80.4,29.5,22.8,point
2025-09-27 01:00:00 PM,26.6,78.6,29.5,22.6,point
2025-09-27 01:30:00 PM,26.7,78.4,29.6,22.6,point
2025-09-27 02:00:00 PM,26.7,76.8,29.6,22.3,point
2025-09-27 02:30:00 PM,26.7,75.1,29.2,21.9,point
2025-09-27 03:00:00 PM,26.6,73.6,29.0,21.5,point
2025-09-27 03:30:00 PM,26.7,71.9,28.8,21.2,point
2025-09-27 04:00:00 PM,26.7,70.1,28.6,20.8,point
2025-09-27 04:30:00 PM,26.7,67.9,28.4,20.2,point
2025-09-27 05:00:00 PM,26.6,66.2,28.0,19.7,point
2025-09-27 05:30:00 PM,26.6,64.4,27.8,19.3,point
2025-09-27 06:00:00 PM,26.5,63.5,27.7,19.0,point
2025-09-27 06:30:00 PM,26.5,62.0,27.5,18.6,point
2025-09-27 07:00:00 PM,26.5,61.5,27.5,18.5,point
2025-09-27 07:30:00 PM,25.5,59.6,25.8,17.1,point
2025-09-27 08:00:00 PM,18.6,53.1,17.1,8.9,point
2025-09-27 08:30:00 PM,11.2,58.8,10.3,3.4,point
2025-09-27 09:00:00 PM,8.8,73.4,8.5,4.4,point
2025-09-27 09:30:00 PM,7.9,77.3,7.7,4.2,point
2025-09-27 10:00:00 PM,7.4,79.0,7.2,4.0,point
2025-09-27 10:30:00 PM,7.1,80.7,7.0,4.0,point
2025-09-27 11:00:00 PM,7.1,82.1,6.9,4.2,point
2025-09-27 11:30:00 PM,7.2,82.9,7.1,4.4,point
2025-09-28 12:00:00 AM,7.9,81.9,7.8,5.0,point
2025-09-28 12:30:00 AM,7.2,81.8,7.0,4.3,point
2025-09-28 01:00:00 AM,7.0,81.9,6.9,4.2,point
2025-09-28 01:30:00 AM,7.4,84.5,7.4,5.0,point
2025-09-28 02:00:00 AM,7.0,84.6,6.9,4.6,point
2025-09-28 02:30:00 AM,6.9,84.9,6.9,4.6,point
2025-09-28 03:00:00 AM,7.0,85.2,7.0,4.7,point
2025-09-28 03:30:00 AM,7.1,85.1,7.1,4.8,point
2025-09-28 04:00:00 AM,7.0,85.2,7.0,4.7,point
2025-09-28 04:30:00 AM,6.9,86.6,6.9,4.8,point
2025-09-28 05:00:00 AM,7.1,86.7,7.0,5.0,point
2025-09-28 05:30:00 AM,7.0,86.3,7.0,4.9,point
2025-09-28 06:00:00 AM,6.9,86.8,6.9,4.9,point
2025-09-28 06:30:00 AM,7.4,90.1,7.5,5.9,point
2025-09-28 07:00:00 AM,15.0,100.0,15.7,15.0,point
2025-09-28 07:30:00 AM,21.9,100.0,23.3,21.9,point
2025-09-28 08:00:00 AM,24.3,92.7,26.2,23.0,point
2025-09-28 08:30:00 AM,25.7,85.3,28.5,23.1,point
2025-09-28 09:00:00 AM,26.0,83.9,28.8,23.0,point
2025-09-28 09:30:00 AM,26.1,84.0,29.3,23.2,point
2025-09-28 10:00:00 AM,26.0,81.9,28.8,22.7,point
2025-09-28 10:30:00 AM,26.0,82.3,28.9,22.8,point
2025-09-28 11:00:00 AM,26.3,81.2,29.1,22.8,point
2025-09-28 11:30:00 AM,26.6,79.7,29.6,22.8,point
2025-09-28 12:00:00 PM,26.7,78.7,29.7,22.7,point
2025-09-28 12:30:00 PM,26.6,76.0,29.1,22.0,point
2025-09-28 01:00:00 PM,26.6,74.2,29.1,21.6,point
2025-09-28 01:30:00 PM,26.6,70.2,28.6,20.7,point
2025-09-28 02:00:00 PM,26.6,66.7,28.2,19.9,point
2025-09-28 02:30:00 PM,26.6,64.2,27.8,19.3,point
2025-09-28 03:00:00 PM,26.5,62.2,27.6,18.7,point
2025-09-28 03:30:00 PM,26.5,60.6,27.2,18.2,point
2025-09-28 04:00:00 PM,26.5,59.6,27.1,18.0,point
2025-09-28 04:30:00 PM,26.5,58.6,27.2,17.7,point
2025-09-28 05:00:00 PM,26.5,57.9,26.9,17.5,point
2025-09-28 05:30:00 PM,26.5,57.3,26.9,17.3,point
2025-09-28 06:00:00 PM,26.5,57.1,26.9,17.3,point
2025-09-28 06:30:00 PM,26.5,57.3,26.9,17.4,point
2025-09-28 07:00:00 PM,26.5,57.3,26.9,17.4,point
2025-09-28 07:30:00 PM,25.6,56.0,25.6,16.2,point
2025-09-28 08:00:00 PM,19.1,55.2,17.8,9.9,point
2025-09-28 08:30:00 PM,11.5,58.1,10.6,3.6,point
2025-09-28 09:00:00 PM,9.3,76.4,8.9,5.3,point
2025-09-28 09:30:00 PM,8.3,82.1,8.1,5.4,point
2025-09-28 10:00:00 PM,8.0,83.0,8.0,5.3,point
2025-09-28 10:30:00 PM,7.8,85.3,7.7,5.5,point
2025-09-28 11:00:00 PM,7.7,86.5,7.7,5.6,point
2025-09-28 11:30:00 PM,7.6,86.4,7.5,5.4,point
2025-09-29 12:00:00 AM,7.5,86.7,7.5,5.4,point
2025-09-29 12:30:00 AM,7.4,87.5,7.3,5.4,point
2025-09-29 01:00:00 AM,7.3,87.5,7.3,5.4,point
2025-09-29 01:30:00 AM,7.4,86.1,7.4,5.2,point
2025-09-29 02:00:00 AM,7.4,86.8,7.4,5.4,point
2025-09-29 02:30:00 AM,7.5,87.5,7.4,5.5,point
2025-09-29 03:00:00 AM,7.5,87.7,7.5,5.6,point
2025-09-29 03:30:00 AM,7.5,88.8,7.6,5.8,point
2025-09-29 04:00:00 AM,7.2,82.7,7.2,4.5,point
2025-09-29 04:30:00 AM,7.8,93.8,8.0,6.9,point
2025-09-29 05:00:00 AM,7.4,84.5,7.4,5.0,point
2025-09-29 05:30:00 AM,7.3,86.2,7.3,5.2,point
2025-09-29 06:00:00 AM,7.2,87.1,7.1,5.2,point
2025-09-29 06:30:00 AM,7.7,91.0,7.8,6.3,point
2025-09-29 07:00:00 AM,14.6,100.0,15.2,14.6,point
2025-09-29 07:30:00 AM,22.0,100.0,23.4,22.0,point
2025-09-29 08:00:00 AM,24.7,93.0,27.0,23.5,point
2025-09-29 08:30:00 AM,25.8,85.8,28.8,23.3,point
2025-09-29 09:00:00 AM,26.2,82.5,29.1,22.9,point
2025-09-29 09:30:00 AM,26.1,80.8,28.9,22.6,point
2025-09-29 10:00:00 AM,26.2,80.3,29.0,22.6,point
2025-09-29 10:30:00 AM,26.1,78.2,28.4,22.0,point
2025-09-29 11:00:00 AM,26.3,75.4,28.7,21.6,point
2025-09-29 11:30:00 AM,26.3,67.8,27.7,19.9,point
2025-09-29 12:00:00 PM,26.3,68.5,27.9,20.1,point
2025-09-29 12:30:00 PM,26.4,65.2,27.6,19.3,point
2025-09-29 01:00:00 PM,26.4,62.6,27.4,18.7,point
2025-09-29 01:30:00 PM,26.4,61.7,27.2,18.4,point
2025-09-29 02:00:00 PM,26.5,60.5,27.2,18.2,point
2025-09-29 02:30:00 PM,26.5,59.2,27.0,17.9,point
2025-09-29 03:00:00 PM,26.4,58.5,27.0,17.6,point
2025-09-29 03:30:00 PM,26.4,55.9,26.8,16.9,point
2025-09-29 04:00:00 PM,26.4,55.1,26.6,16.7,point
2025-09-29 04:30:00 PM,25.5,57.0,25.6,16.4,point
2025-09-29 05:00:00 PM,25.9,57.3,26.2,16.8,point
2025-09-29 05:30:00 PM,26.0,57.4,26.2,16.9,point
2025-09-29 06:00:00 PM,25.9,57.1,26.0,16.7,point
2025-09-29 06:30:00 PM,25.9,57.1,26.0,16.8,point
2025-09-29 07:00:00 PM,25.9,57.0,26.0,16.7,point
2025-09-29 07:30:00 PM,24.7,56.1,24.4,15.3,point
2025-09-29 08:00:00 PM,18.3,60.6,17.0,10.5,point
2025-09-29 08:30:00 PM,9.8,60.8,9.1,2.6,point
2025-09-29 09:00:00 PM,7.6,73.9,7.3,3.3,point
2025-09-29 09:30:00 PM,7.2,77.0,6.9,3.4,point
2025-09-29 10:00:00 PM,8.0,86.2,7.9,5.8,point
2025-09-29 10:30:00 PM,7.2,80.9,7.1,4.2,point
2025-09-29 11:00:00 PM,7.0,80.2,6.8,3.8,point
2025-09-29 11:30:00 PM,6.7,81.5,6.6,3.8,point
2025-09-30 12:00:00 AM,7.1,78.7,6.9,3.7,point
2025-09-30 12:30:00 AM,7.3,85.9,7.2,5.1,point
2025-09-30 01:00:00 AM,6.7,83.1,6.6,4.0,point
2025-09-30 01:30:00 AM,6.7,84.0,6.6,4.2,point
2025-09-30 02:00:00 AM,6.7,84.5,6.7,4.3,point
2025-09-30 02:30:00 AM,6.8,84.8,6.8,4.5,point
2025-09-30 03:00:00 AM,6.9,85.3,6.8,4.6,point
2025-09-30 03:30:00 AM,6.9,85.7,6.9,4.7,point
2025-09-30 04:00:00 AM,6.8,85.9,6.8,4.6,point
2025-09-30 04:30:00 AM,6.9,86.6,6.8,4.8,point
2025-09-30 05:00:00 AM,6.8,87.2,6.8,4.8,point
2025-09-30 05:30:00 AM,6.8,87.4,6.8,4.9,point
2025-09-30 06:00:00 AM,6.9,87.4,6.8,4.9,point
2025-09-30 06:30:00 AM,7.7,89.2,7.7,6.0,point
2025-09-30 07:00:00 AM,14.8,99.6,15.4,14.7,point
2025-09-30 07:30:00 AM,22.0,100.0,23.4,22.0,point
2025-09-30 08:00:00 AM,24.4,91.9,26.4,23.0,point
2025-09-30 08:30:00 AM,24.8,87.3,26.5,22.5,point
2025-09-30 09:00:00 AM,24.7,86.6,26.3,22.3,point
2025-09-30 09:30:00 AM,24.3,84.0,25.8,21.5,point
2025-09-30 10:00:00 AM,24.6,82.2,26.0,21.4,point
2025-09-30 10:30:00 AM,24.8,80.1,26.2,21.1,point
2025-09-30 11:00:00 AM,25.0,76.7,26.3,20.6,point
2025-09-30 11:30:00 AM,24.9,72.5,25.6,19.6,point
2025-09-30 12:00:00 PM,25.0,68.7,25.5,18.8,point
2025-09-30 12:30:00 PM,25.0,65.6,25.3,18.1,point
2025-09-30 01:00:00 PM,24.9,63.5,25.2,17.5,point
2025-09-30 01:30:00 PM,25.0,62.5,25.1,17.3,point
2025-09-30 02:00:00 PM,25.0,61.8,25.2,17.2,point
2025-09-30 02:30:00 PM,25.0,60.7,25.1,16.9,point
2025-09-30 03:00:00 PM,25.0,59.6,24.9,16.6,point
2025-09-30 03:30:00 PM,25.1,58.7,25.0,16.4,point
2025-09-30 04:00:00 PM,24.9,57.8,24.7,16.1,point
2025-09-30 04:30:00 PM,24.7,57.5,24.5,15.7,point
2025-09-30 05:00:00 PM,24.8,56.8,24.6,15.7,point
2025-09-30 05:30:00 PM,24.8,56.3,24.5,15.5,point
2025-09-30 06:00:00 PM,24.9,55.8,24.5,15.4,point
2025-09-30 06:30:00 PM,24.9,55.3,24.5,15.3,point
2025-09-30 07:00:00 PM,24.9,55.7,24.5,15.4,point
2025-09-30 07:30:00 PM,23.2,55.2,22.9,13.7,point
2025-09-30 08:00:00 PM,17.6,55.4,16.1,8.6,point
2025-09-30 08:30:00 PM,10.6,59.6,9.8,3.1,point
2025-09-30 09:00:00 PM,8.2,79.1,8.1,4.8,point
2025-09-30 09:30:00 PM,7.1,75.2,6.9,3.1,point
2025-09-30 10:00:00 PM,7.6,85.0,7.5,5.2,point
2025-09-30 10:30:00 PM,7.6,86.8,7.5,5.5,point
2025-09-30 11:00:00 PM,7.4,86.5,7.3,5.3,point
2025-09-30 11:30:00 PM,7.3,87.5,7.3,5.4,point
2025-10-01 12:00:00 AM,7.2,87.7,7.1,5.3,point
2025-10-01 12:30:00 AM,7.1,87.7,7.1,5.2,point
2025-10-01 01:00:00 AM,7.0,86.5,7.0,4.9,point
2025-10-01 01:30:00 AM,7.0,87.9,7.0,5.2,point
2025-10-01 02:00:00 AM,7.0,88.3,7.1,5.2,point
2025-10-01 02:30:00 AM,6.9,88.0,6.8,5.0,point
2025-10-01 03:00:00 AM,6.9,87.5,6.8,5.0,point
2025-10-01 03:30:00 AM,6.7,86.5,6.7,4.6,point
2025-10-01 04:00:00 AM,6.7,87.9,6.7,4.8,point
2025-10-01 04:30:00 AM,6.8,88.2,6.8,5.0,point
2025-10-01 05:00:00 AM,6.9,88.2,6.9,5.1,point
2025-10-01 05:30:00 AM,7.0,87.6,6.9,5.0,point
2025-10-01 06:00:00 AM,7.0,87.4,6.9,5.0,point
2025-10-01 06:30:00 AM,8.1,89.6,8.1,6.5,point
2025-10-01 07:00:00 AM,15.9,100.0,16.5,15.9,point
2025-10-01 07:30:00 AM,21.7,100.0,22.8,21.7,point
2025-10-01 08:00:00 AM,24.1,83.3,25.5,21.1,point
2025-10-01 08:30:00 AM,24.7,79.2,25.8,20.8,point
2025-10-01 09:00:00 AM,24.9,74.5,25.7,20.0,point
2025-10-01 09:30:00 AM,24.9,68.8,25.3,18.8,point
2025-10-01 10:00:00 AM,24.9,64.3,25.0,17.7,point
2025-10-01 10:30:00 AM,25.0,61.7,25.1,17.1,point
2025-10-01 11:00:00 AM,25.0,60.2,25.1,16.8,point
2025-10-01 11:30:00 AM,24.9,59.1,24.8,16.4,point
2025-10-01 12:00:00 PM,24.9,57.9,24.7,16.1,point
2025-10-01 12:30:00 PM,24.9,57.4,24.7,15.9,point
2025-10-01 01:00:00 PM,24.9,56.9,24.7,15.8,point
2025-10-01 01:30:00 PM,24.9,56.8,24.6,15.7,point
2025-10-01 02:00:00 PM,24.9,56.1,24.6,15.6,point
2025-10-01 02:30:00 PM,25.1,56.3,24.8,15.8,point
2025-10-01 03:00:00 PM,25.0,56.0,24.8,15.7,point
2025-10-01 03:30:00 PM,24.9,55.4,24.6,15.4,point
2025-10-01 04:00:00 PM,24.9,55.1,24.6,15.3,point
2025-10-01 04:30:00 PM,24.9,54.9,24.4,15.2,point
2025-10-01 05:00:00 PM,24.9,54.7,24.4,15.1,point
2025-10-01 05:30:00 PM,24.8,54.4,24.3,15.0,point
2025-10-01 06:00:00 PM,24.9,53.8,24.4,14.9,point
2025-10-01 06:30:00 PM,24.7,54.9,24.3,15.0,point
2025-10-01 07:00:00 PM,24.7,54.2,24.3,14.9,point
2025-10-01 07:30:00 PM,23.1,53.8,22.7,13.2,point
2025-10-01 08:00:00 PM,17.4,58.7,16.0,9.2,point
2025-10-01 08:30:00 PM,10.5,63.5,9.8,3.9,point
2025-10-01 09:00:00 PM,7.6,74.9,7.3,3.5,point
2025-10-01 09:30:00 PM,8.5,95.1,8.7,7.8,point
2025-10-01 10:00:00 PM,7.7,82.4,7.5,4.9,point
2025-10-01 10:30:00 PM,7.6,80.0,7.4,4.3,point
2025-10-01 11:00:00 PM,7.4,85.4,7.3,5.1,point
2025-10-01 11:30:00 PM,7.1,85.3,7.1,4.8,point
2025-10-02 12:00:00 AM,7.2,86.0,7.2,5.1,point
2025-10-02 12:30:00 AM,7.2,82.8,7.1,4.5,point
2025-10-02 01:00:00 AM,7.3,86.0,7.3,5.1,point
2025-10-02 01:30:00 AM,7.2,87.0,7.2,5.2,point
2025-10-02 02:00:00 AM,6.9,79.7,6.7,3.6,point
2025-10-02 02:30:00 AM,7.3,84.7,7.2,4.9,point
2025-10-02 03:00:00 AM,7.0,82.0,6.8,4.1,point
2025-10-02 03:30:00 AM,6.9,83.0,6.8,4.2,point
2025-10-02 04:00:00 AM,7.0,83.8,6.9,4.4,point
2025-10-02 04:30:00 AM,7.0,84.3,6.9,4.5,point
2025-10-02 05:00:00 AM,7.0,84.8,7.0,4.7,point
2025-10-02 05:30:00 AM,7.1,85.1,7.0,4.8,point
2025-10-02 06:00:00 AM,7.2,85.2,7.1,4.8,point
2025-10-02 06:30:00 AM,8.2,86.9,8.1,6.1,point
2025-10-02 07:00:00 AM,15.7,100.0,16.3,15.7,point
2025-10-02 07:30:00 AM,21.3,100.0,22.4,21.3,point
2025-10-02 08:00:00 AM,24.5,82.2,25.9,21.2,point
2025-10-02 08:30:00 AM,24.8,77.0,25.9,20.5,point
2025-10-02 09:00:00 AM,25.0,72.3,25.8,19.6,point
2025-10-02 09:30:00 AM,25.0,66.7,25.5,18.4,point
2025-10-02 10:00:00 AM,25.0,62.6,25.1,17.4,point
2025-10-02 10:30:00 AM,25.0,60.2,25.1,16.8,point
2025-10-02 11:00:00 AM,25.0,59.1,25.0,16.5,point
2025-10-02 11:30:00 AM,24.9,57.9,24.6,16.0,point
2025-10-02 12:00:00 PM,25.1,57.5,24.9,16.1,point
2025-10-02 12:30:00 PM,25.1,56.7,24.9,15.9,point
2025-10-02 01:00:00 PM,25.0,55.8,24.8,15.6,point
2025-10-02 01:30:00 PM,25.0,55.1,24.8,15.4,point
2025-10-02 02:00:00 PM,24.9,54.5,24.5,15.1,point
2025-10-02 02:30:00 PM,25.0,54.4,24.7,15.2,point
2025-10-02 03:00:00 PM,25.0,54.8,24.7,15.3,point
2025-10-02 03:30:00 PM,25.0,50.4,24.4,14.0,point
2025-10-02 04:00:00 PM,25.9,58.5,26.2,17.1,point
2025-10-02 04:30:00 PM,25.9,61.7,26.6,18.0,point
2025-10-02 05:00:00 PM,25.9,62.4,26.5,18.1,point
2025-10-02 05:30:00 PM,25.8,63.1,26.6,18.3,point
2025-10-02 06:00:00 PM,25.8,63.2,26.4,18.2,point
2025-10-02 06:30:00 PM,25.9,63.8,26.6,18.5,point
2025-10-02 07:00:00 PM,25.9,63.7,26.6,18.4,point
2025-10-02 07:30:00 PM,24.5,61.3,24.5,16.6,point
2025-10-02 08:00:00 PM,19.5,52.1,18.3,9.4,point
2025-10-02 08:30:00 PM,11.9,56.4,10.9,3.5,point
2025-10-02 09:00:00 PM,8.9,73.7,8.5,4.4,point
2025-10-02 09:30:00 PM,7.8,78.1,7.5,4.2,point
2025-10-02 10:00:00 PM,7.5,79.4,7.4,4.2,point
2025-10-02 10:30:00 PM,7.4,80.0,7.3,4.2,point
2025-10-02 11:00:00 PM,7.3,80.5,7.2,4.2,point
2025-10-02 11:30:00 PM,7.3,81.0,7.2,4.3,point
2025-10-03 12:00:00 AM,7.3,81.6,7.2,4.4,point
2025-10-03 12:30:00 AM,7.3,81.9,7.2,4.4,point
2025-10-03 01:00:00 AM,7.3,82.2,7.2,4.5,point
2025-10-03 01:30:00 AM,7.3,82.8,7.3,4.6,point
2025-10-03 02:00:00 AM,7.3,83.0,7.3,4.7,point
2025-10-03 02:30:00 AM,7.3,83.2,7.3,4.7,point
2025-10-03 03:00:00 AM,7.4,83.3,7.3,4.7,point
2025-10-03 03:30:00 AM,7.3,83.3,7.3,4.7,point
2025-10-03 04:00:00 AM,7.3,83.6,7.3,4.7,point
2025-10-03 04:30:00 AM,7.3,83.6,7.3,4.7,point
2025-10-03 05:00:00 AM,7.3,83.9,7.3,4.8,point
2025-10-03 05:30:00 AM,7.4,84.0,7.3,4.8,point
2025-10-03 06:00:00 AM,7.3,83.8,7.3,4.8,point
2025-10-03 06:30:00 AM,8.3,86.0,8.2,6.1,point
2025-10-03 07:00:00 AM,15.4,100.0,16.1,15.4,point
2025-10-03 07:30:00 AM,22.4,89.9,23.6,20.7,point
2025-10-03 08:00:00 AM,25.3,76.2,26.6,20.8,point
2025-10-03 08:30:00 AM,25.6,76.1,27.4,21.1,point
2025-10-03 09:00:00 AM,25.6,75.6,27.4,21.0,point
2025-10-03 09:30:00 AM,25.7,75.0,27.2,20.9,point
2025-10-03 10:00:00 AM,25.5,74.0,27.0,20.6,point
2025-10-03 10:30:00 AM,25.7,73.0,27.1,20.5,point
2025-10-03 11:00:00 AM,25.6,72.0,27.0,20.2,point
2025-10-03 11:30:00 AM,25.7,71.2,27.0,20.0,point
2025-10-03 12:00:00 PM,25.7,70.5,27.0,20.0,point
2025-10-03 12:30:00 PM,25.5,69.1,26.6,19.5,point
2025-10-03 01:00:00 PM,25.5,69.9,26.7,19.6,point
2025-10-03 01:30:00 PM,25.6,69.2,26.8,19.5,point
2025-10-03 02:00:00 PM,25.6,69.1,26.8,19.5,point
2025-10-03 02:30:00 PM,25.5,68.3,26.5,19.3,point
2025-10-03 03:00:00 PM,25.5,67.8,26.5,19.1,point
2025-10-03 03:30:00 PM,25.5,67.8,26.3,19.1,point
2025-10-03 04:00:00 PM,25.3,67.7,26.0,18.9,point
2025-10-03 04:30:00 PM,25.3,67.3,25.9,18.8,point
2025-10-03 05:00:00 PM,25.6,60.2,25.9,17.3,point
2025-10-03 05:30:00 PM,26.1,72.1,27.8,20.6,point
2025-10-03 06:00:00 PM,26.1,77.4,28.3,21.8,point
2025-10-03 06:30:00 PM,26.1,78.7,28.5,22.1,point
2025-10-03 07:00:00 PM,26.0,79.6,28.6,22.2,point
2025-10-03 07:30:00 PM,24.8,70.9,25.4,19.1,point
2025-10-03 08:00:00 PM,19.8,50.8,18.6,9.3,point
2025-10-03 08:30:00 PM,12.7,61.4,11.7,5.4,point
2025-10-03 09:00:00 PM,8.4,72.9,8.1,3.8,point
2025-10-03 09:30:00 PM,7.4,76.8,7.1,3.6,point
2025-10-03 10:00:00 PM,8.5,94.3,8.6,7.6,point
2025-10-03 10:30:00 PM,7.2,75.9,6.9,3.2,point
2025-10-03 11:00:00 PM,7.4,88.2,7.3,5.5,point
2025-10-03 11:30:00 PM,7.1,84.3,7.0,4.6,point
2025-10-04 12:00:00 AM,7.1,86.1,7.1,5.0,point
2025-10-04 12:30:00 AM,7.0,80.9,6.9,4.0,point
2025-10-04 01:00:00 AM,7.0,86.4,7.0,4.9,point
2025-10-04 01:30:00 AM,7.2,88.5,7.2,5.4,point
2025-10-04 02:00:00 AM,7.2,86.4,7.1,5.0,point
2025-10-04 02:30:00 AM,7.2,85.4,7.2,4.9,point
2025-10-04 03:00:00 AM,7.1,85.9,7.0,4.9,point
2025-10-04 03:30:00 AM,7.0,87.5,7.0,5.1,point
2025-10-04 04:00:00 AM,7.2,87.3,7.2,5.3,point
2025-10-04 04:30:00 AM,7.2,87.1,7.2,5.2,point
2025-10-04 05:00:00 AM,7.2,87.4,7.2,5.3,point
2025-10-04 05:30:00 AM,7.2,86.5,7.1,5.1,point
2025-10-04 06:00:00 AM,7.2,87.3,7.2,5.2,point
2025-10-04 06:30:00 AM,8.3,94.3,8.5,7.4,point
2025-10-04 07:00:00 AM,14.9,100.0,15.5,14.9,point
2025-10-04 07:30:00 AM,21.8,100.0,23.1,21.8,point
2025-10-04 08:00:00 AM,25.5,86.8,28.2,23.2,point
2025-10-04 08:30:00 AM,26.2,83.7,29.2,23.2,point
2025-10-04 09:00:00 AM,26.4,84.0,29.7,23.4,point
2025-10-04 09:30:00 AM,26.3,82.7,29.3,23.1,point
2025-10-04 10:00:00 AM,26.3,81.9,29.4,23.0,point
2025-10-04 10:30:00 AM,26.3,82.4,29.5,23.1,point
2025-10-04 11:00:00 AM,26.3,81.0,29.3,22.8,point
2025-10-04 11:30:00 AM,26.4,80.1,29.4,22.7,point
2025-10-04 12:00:00 PM,26.4,79.3,29.2,22.5,point
2025-10-04 12:30:00 PM,26.1,77.2,28.3,21.8,point
2025-10-04 01:00:00 PM,26.0,76.4,28.2,21.6,point
2025-10-04 01:30:00 PM,26.0,75.1,28.1,21.3,point
2025-10-04 02:00:00 PM,26.2,73.8,28.3,21.2,point
2025-10-04 02:30:00 PM,26.2,72.8,28.0,20.9,point
2025-10-04 03:00:00 PM,26.2,71.7,27.9,20.6,point
2025-10-04 03:30:00 PM,26.2,71.0,27.8,20.5,point
2025-10-04 04:00:00 PM,26.2,70.1,27.9,20.3,point
2025-10-04 04:30:00 PM,26.1,69.8,27.7,20.2,point
2025-10-04 05:00:00 PM,26.3,68.9,27.9,20.1,point
2025-10-04 05:30:00 PM,26.4,68.3,27.9,20.1,point
2025-10-04 06:00:00 PM,26.3,67.9,27.9,19.9,point
2025-10-04 06:30:00 PM,25.9,68.6,27.2,19.7,point
2025-10-04 07:00:00 PM,25.9,67.5,26.9,19.4,point
2025-10-04 07:30:00 PM,25.2,60.7,25.4,17.1,point
2025-10-04 08:00:00 PM,20.4,54.9,19.7,11.1,point
2025-10-04 08:30:00 PM,12.6,56.3,11.6,4.2,point
2025-10-04 09:00:00 PM,9.2,71.7,8.8,4.4,point
2025-10-04 09:30:00 PM,7.7,73.7,7.4,3.3,point
2025-10-04 10:00:00 PM,8.2,81.7,8.1,5.3,point
2025-10-04 10:30:00 PM,7.6,80.8,7.5,4.5,point
2025-10-04 11:00:00 PM,7.4,82.4,7.3,4.6,point
2025-10-04 11:30:00 PM,7.3,82.4,7.2,4.5,point
2025-10-05 12:00:00 AM,7.3,82.3,7.2,4.5,point
2025-10-05 12:30:00 AM,7.3,82.5,7.3,4.5,point
2025-10-05 01:00:00 AM,7.3,82.3,7.2,4.5,point
2025-10-05 01:30:00 AM,7.3,82.3,7.2,4.5,point
2025-10-05 02:00:00 AM,7.3,82.4,7.2,4.5,point
2025-10-05 02:30:00 AM,7.3,82.3,7.2,4.5,point
2025-10-05 03:00:00 AM,7.3,82.3,7.2,4.5,point
2025-10-05 03:30:00 AM,7.3,82.3,7.1,4.5,point
2025-10-05 04:00:00 AM,7.3,82.4,7.1,4.5,point
2025-10-05 04:30:00 AM,7.2,82.1,7.1,4.4,point
2025-10-05 05:00:00 AM,7.2,82.6,7.2,4.5,point
2025-10-05 05:30:00 AM,7.2,82.7,7.2,4.5,point
2025-10-05 06:00:00 AM,7.2,82.5,7.2,4.5,point
2025-10-05 06:30:00 AM,8.1,85.0,8.1,5.7,point
2025-10-05 07:00:00 AM,14.1,95.2,14.5,13.4,point
2025-10-05 07:30:00 AM,21.6,78.6,22.2,17.7,point
2025-10-05 08:00:00 AM,25.6,66.9,26.6,19.0,point
2025-10-05 08:30:00 AM,26.1,66.6,27.4,19.4,point
2025-10-05 09:00:00 AM,26.4,67.5,27.8,19.9,point
2025-10-05 09:30:00 AM,26.3,66.1,27.5,19.4,point
2025-10-05 10:00:00 AM,26.3,65.5,27.6,19.4,point
2025-10-05 10:30:00 AM,26.3,65.1,27.6,19.2,point
2025-10-05 11:00:00 AM,26.3,64.3,27.5,19.0,point
2025-10-05 11:30:00 AM,26.3,64.3,27.3,19.0,point
2025-10-05 12:00:00 PM,26.3,64.1,27.3,18.9,point
2025-10-05 12:30:00 PM,26.3,63.8,27.2,18.9,point
2025-10-05 01:00:00 PM,26.3,63.6,27.2,18.8,point
2025-10-05 01:30:00 PM,26.2,63.4,27.2,18.7,point
2025-10-05 02:00:00 PM,26.3,63.6,27.4,18.9,point
2025-10-05 02:30:00 PM,26.3,63.4,27.2,18.8,point
2025-10-05 03:00:00 PM,26.2,63.1,27.2,18.6,point
2025-10-05 03:30:00 PM,26.2,62.9,27.1,18.6,point
2025-10-05 04:00:00 PM,26.3,62.2,27.1,18.5,point
2025-10-05 04:30:00 PM,25.9,62.3,26.6,18.2,point
2025-10-05 05:00:00 PM,26.0,61.8,26.7,18.1,point
2025-10-05 05:30:00 PM,26.1,61.3,26.6,18.0,point
2025-10-05 06:00:00 PM,26.1,61.0,26.6,18.0,point
2025-10-05 06:30:00 PM,26.1,60.6,26.8,17.9,point
2025-10-05 07:00:00 PM,26.1,60.5,26.8,17.9,point
2025-10-05 07:30:00 PM,25.9,60.2,26.3,17.6,point
2025-10-05 08:00:00 PM,20.0,50.2,18.8,9.3,point
2025-10-05 08:30:00 PM,13.3,57.9,12.2,5.2,point
2025-10-05 09:00:00 PM,9.1,80.7,9.0,6.0,point
2025-10-05 09:30:00 PM,8.0,77.7,7.7,4.3,point
2025-10-05 10:00:00 PM,7.6,79.2,7.4,4.2,point
2025-10-05 10:30:00 PM,7.4,79.4,7.3,4.1,point
2025-10-05 11:00:00 PM,7.4,79.4,7.2,4.0,point
2025-10-05 11:30:00 PM,7.3,79.4,7.2,4.0,point
2025-10-06 12:00:00 AM,7.3,79.3,7.2,4.0,point
2025-10-06 12:30:00 AM,7.3,79.3,7.1,3.9,point
2025-10-06 01:00:00 AM,7.2,79.3,7.1,3.9,point
2025-10-06 01:30:00 AM,7.2,79.4,7.1,3.9,point
2025-10-06 02:00:00 AM,7.3,79.6,7.1,4.0,point
2025-10-06 02:30:00 AM,7.2,79.7,7.1,4.0,point
2025-10-06 03:00:00 AM,7.3,79.8,7.2,4.1,point
2025-10-06 03:30:00 AM,7.3,79.7,7.1,4.0,point
2025-10-06 04:00:00 AM,7.3,79.7,7.2,4.0,point
2025-10-06 04:30:00 AM,7.3,79.7,7.2,4.0,point
2025-10-06 05:00:00 AM,7.3,79.7,7.2,4.0,point
2025-10-06 05:30:00 AM,7.3,79.7,7.1,4.0,point
2025-10-06 06:00:00 AM,7.3,79.8,7.1,4.0,point
2025-10-06 06:30:00 AM,8.1,82.5,8.0,5.3,point
2025-10-06 07:00:00 AM,14.5,84.6,14.4,11.9,point
2025-10-06 07:30:00 AM,21.6,71.4,22.0,16.2,point
2025-10-06 08:00:00 AM,25.7,61.3,26.0,17.7,point
2025-10-06 08:30:00 AM,26.2,61.7,26.9,18.2,point
2025-10-06 09:00:00 AM,26.3,61.6,27.0,18.3,point
2025-10-06 09:30:00 AM,26.3,62.0,27.0,18.4,point
2025-10-06 10:00:00 AM,26.3,61.9,27.0,18.4,point
2025-10-06 10:30:00 AM,26.1,62.1,26.9,18.3,point
2025-10-06 11:00:00 AM,26.3,62.1,27.2,18.5,point
2025-10-06 11:30:00 AM,26.3,61.9,27.0,18.4,point
2025-10-06 12:00:00 PM,26.1,61.8,26.9,18.2,point
2025-10-06 12:30:00 PM,26.2,61.8,27.0,18.3,point
2025-10-06 01:00:00 PM,26.2,61.5,26.9,18.2,point
2025-10-06 01:30:00 PM,26.0,61.3,26.6,18.0,point
2025-10-06 02:00:00 PM,26.2,61.2,26.8,18.1,point
2025-10-06 02:30:00 PM,26.1,61.5,26.8,18.1,point
2025-10-06 03:00:00 PM,26.1,61.0,26.8,18.0,point
2025-10-06 03:30:00 PM,24.7,51.6,24.1,14.1,point
2025-10-06 04:00:00 PM,24.6,53.4,24.2,14.6,point
2025-10-06 04:30:00 PM,24.7,59.0,24.6,16.2,point
2025-10-06 05:00:00 PM,24.7,60.4,24.7,16.6,point
2025-10-06 05:30:00 PM,24.7,61.1,24.7,16.7,point
2025-10-06 06:00:00 PM,24.7,61.1,24.7,16.7,point
2025-10-06 06:30:00 PM,24.7,60.9,24.7,16.7,point
2025-10-06 07:00:00 PM,24.7,60.9,24.7,16.7,point
2025-10-06 07:30:00 PM,22.8,56.8,22.5,13.7,point
2025-10-06 08:00:00 PM,17.8,61.2,16.5,10.2,point
2025-10-06 08:30:00 PM,11.1,57.5,10.1,3.0,point
2025-10-06 09:00:00 PM,7.9,75.0,7.7,3.8,point
2025-10-06 09:30:00 PM,7.4,78.1,7.1,3.8,point
2025-10-06 10:00:00 PM,7.8,79.4,7.6,4.4,point
2025-10-06 10:30:00 PM,7.3,78.3,7.1,3.8,point
2025-10-06 11:00:00 PM,7.1,79.2,6.9,3.8,point
2025-10-06 11:30:00 PM,7.0,79.6,6.9,3.8,point
2025-10-07 12:00:00 AM,7.0,79.8,6.9,3.8,point
2025-10-07 12:30:00 AM,7.0,79.9,6.9,3.8,point
2025-10-07 01:00:00 AM,7.0,80.0,6.9,3.8,point
2025-10-07 01:30:00 AM,7.0,79.9,6.9,3.8,point
2025-10-07 02:00:00 AM,7.0,79.8,6.8,3.7,point
2025-10-07 02:30:00 AM,7.0,79.7,6.9,3.7,point
2025-10-07 03:00:00 AM,7.0,79.7,6.9,3.7,point
2025-10-07 03:30:00 AM,7.0,79.7,6.8,3.7,point
2025-10-07 04:00:00 AM,7.0,79.7,6.9,3.7,point
2025-10-07 04:30:00 AM,7.0,79.8,6.9,3.8,point
2025-10-07 05:00:00 AM,7.0,79.8,6.8,3.7,point
2025-10-07 05:30:00 AM,7.0,79.8,6.9,3.8,point
2025-10-07 06:00:00 AM,7.0,80.0,6.9,3.8,point
2025-10-07 06:30:00 AM,8.2,81.8,8.0,5.2,point
2025-10-07 07:00:00 AM,13.4,78.3,13.1,9.8,point
2025-10-07 07:30:00 AM,20.2,68.1,19.9,14.1,point
2025-10-07 08:00:00 AM,22.7,60.5,22.6,14.7,point
2025-10-07 08:30:00 AM,23.1,59.8,23.0,14.9,point
2025-10-07 09:00:00 AM,23.3,59.6,23.2,15.0,point
2025-10-07 09:30:00 AM,23.4,59.2,23.2,15.0,point
2025-10-07 10:00:00 AM,23.5,59.0,23.4,15.1,point
2025-10-07 10:30:00 AM,23.5,59.0,23.3,15.0,point
2025-10-07 11:00:00 AM,23.5,59.0,23.3,15.0,point
2025-10-07 11:30:00 AM,23.5,59.0,23.4,15.1,point
2025-10-07 12:00:00 PM,23.6,59.3,23.4,15.2,point
2025-10-07 12:30:00 PM,23.6,59.7,23.5,15.3,point
2025-10-07 01:00:00 PM,23.6,59.1,23.5,15.2,point
2025-10-07 01:30:00 PM,23.5,52.2,23.0,13.2,point
2025-10-07 02:00:00 PM,23.5,49.7,22.9,12.4,point
2025-10-07 02:30:00 PM,23.5,47.6,22.7,11.7,point
2025-10-07 03:00:00 PM,23.5,46.3,22.7,11.4,point
2025-10-07 03:30:00 PM,23.5,45.8,22.7,11.2,point
2025-10-07 04:00:00 PM,23.5,45.2,22.6,10.9,point
2025-10-07 04:30:00 PM,23.5,45.0,22.6,10.9,point
2025-10-07 05:00:00 PM,23.5,44.5,22.6,10.7,point
2025-10-07 05:30:00 PM,23.5,44.2,22.5,10.6,point
2025-10-07 06:00:00 PM,23.5,44.1,22.6,10.6,point
2025-10-07 06:30:00 PM,23.5,44.2,22.6,10.6,point
2025-10-07 07:00:00 PM,23.5,44.2,22.5,10.6,point
2025-10-07 07:30:00 PM,22.5,44.2,21.7,9.7,point
2025-10-07 08:00:00 PM,17.5,49.9,15.7,7.0,point
2025-10-07 08:30:00 PM,10.4,51.9,9.4,1.0,point
2025-10-07 09:00:00 PM,7.8,70.1,7.4,2.7,point
2025-10-07 09:30:00 PM,7.6,73.2,7.2,3.1,point
2025-10-07 10:00:00 PM,7.3,72.9,7.0,2.8,point
2025-10-07 10:30:00 PM,7.2,73.1,6.9,2.8,point
2025-10-07 11:00:00 PM,7.3,74.5,7.1,3.1,point
2025-10-07 11:30:00 PM,7.2,74.6,7.0,3.0,point
2025-10-08 12:00:00 AM,7.3,75.4,7.1,3.2,point
2025-10-08 12:30:00 AM,7.2,76.0,7.0,3.3,point
2025-10-08 01:00:00 AM,7.2,76.8,7.0,3.4,point
2025-10-08 01:30:00 AM,7.2,76.7,6.9,3.4,point
2025-10-08 02:00:00 AM,7.2,77.1,7.0,3.5,point
2025-10-08 02:30:00 AM,7.2,77.4,6.9,3.5,point
2025-10-08 03:00:00 AM,7.1,76.6,6.9,3.3,point
2025-10-08 03:30:00 AM,7.1,76.9,6.9,3.4,point
2025-10-08 04:00:00 AM,7.2,77.3,6.9,3.5,point
2025-10-08 04:30:00 AM,7.1,78.6,6.9,3.7,point
2025-10-08 05:00:00 AM,7.2,78.6,6.9,3.7,point
2025-10-08 05:30:00 AM,7.2,78.8,6.9,3.7,point
2025-10-08 06:00:00 AM,7.1,78.6,6.8,3.6,point
2025-10-08 06:30:00 AM,8.6,83.3,8.5,5.9,point
2025-10-08 07:00:00 AM,14.6,72.5,14.0,9.7,point
2025-10-08 07:30:00 AM,21.9,56.0,21.6,12.7,point
2025-10-08 08:00:00 AM,23.9,48.6,23.1,12.4,point
2025-10-08 08:30:00 AM,24.2,48.4,23.5,12.7,point
2025-10-08 09:00:00 AM,24.3,48.5,23.6,12.8,point
2025-10-08 09:30:00 AM,24.3,48.2,23.5,12.7,point
2025-10-08 10:00:00 AM,24.5,48.4,23.7,12.9,point
2025-10-08 10:30:00 AM,24.5,48.5,23.8,12.9,point
2025-10-08 11:00:00 AM,24.4,48.1,23.6,12.8,point
2025-10-08 11:30:00 AM,24.6,49.1,23.8,13.2,point
2025-10-08 12:00:00 PM,24.6,50.6,23.9,13.7,point
2025-10-08 12:30:00 PM,24.6,52.0,24.1,14.1,point
2025-10-08 01:00:00 PM,24.6,53.3,24.0,14.5,point
2025-10-08 01:30:00 PM,24.6,54.8,24.1,14.9,point
2025-10-08 02:00:00 PM,24.6,57.3,24.4,15.6,point
2025-10-08 02:30:00 PM,24.5,58.1,24.3,15.8,point
2025-10-08 03:00:00 PM,24.4,59.5,24.3,16.0,point
2025-10-08 03:30:00 PM,24.7,59.4,24.5,16.2,point
2025-10-08 04:00:00 PM,24.5,58.9,24.4,16.0,point
2025-10-08 04:30:00 PM,24.7,58.5,24.5,16.0,point
2025-10-08 05:00:00 PM,24.6,59.2,24.5,16.1,point
2025-10-08 05:30:00 PM,24.6,58.9,24.5,16.0,point
2025-10-08 06:00:00 PM,24.6,58.7,24.5,16.0,point
2025-10-08 06:30:00 PM,24.6,58.6,24.5,16.0,point
2025-10-08 07:00:00 PM,24.6,58.8,24.5,16.0,point
2025-10-08 07:30:00 PM,23.3,57.4,23.1,14.4,point
2025-10-08 08:00:00 PM,17.4,64.6,16.4,10.7,point
2025-10-08 08:30:00 PM,9.8,60.8,9.1,2.6,point
2025-10-08 09:00:00 PM,8.0,82.1,7.9,5.2,point
2025-10-08 09:30:00 PM,7.3,80.4,7.2,4.2,point
2025-10-08 10:00:00 PM,7.3,85.4,7.3,5.1,point
2025-10-08 10:30:00 PM,7.2,85.8,7.1,5.0,point
2025-10-08 11:00:00 PM,7.1,86.4,7.0,5.0,point
2025-10-08 11:30:00 PM,7.0,86.8,6.9,4.9,point
2025-10-09 12:00:00 AM,6.2,74.8,5.9,2.1,point
2025-10-09 12:30:00 AM,6.7,85.2,6.6,4.3,point
2025-10-09 01:00:00 AM,6.4,83.3,6.4,3.8,point
2025-10-09 01:30:00 AM,6.8,88.5,6.9,5.0,point
2025-10-09 02:00:00 AM,6.8,87.8,6.7,4.9,point
2025-10-09 02:30:00 AM,6.9,88.6,6.9,5.1,point
2025-10-09 03:00:00 AM,6.7,89.3,6.8,5.1,point
2025-10-09 03:30:00 AM,6.9,90.0,7.0,5.4,point
2025-10-09 04:00:00 AM,6.5,88.3,6.6,4.7,point
2025-10-09 04:30:00 AM,6.7,88.4,6.8,4.9,point
2025-10-09 05:00:00 AM,6.5,89.7,6.6,5.0,point
2025-10-09 05:30:00 AM,6.3,84.5,6.2,3.9,point
2025-10-09 06:00:00 AM,6.1,86.0,6.1,3.9,point
2025-10-09 06:30:00 AM,7.1,89.6,7.2,5.5,point
2025-10-09 07:00:00 AM,14.6,100.0,15.3,14.6,point
2025-10-09 07:30:00 AM,21.7,100.0,23.0,21.7,point
2025-10-09 08:00:00 AM,23.4,95.9,25.1,22.7,point
2025-10-09 08:30:00 AM,23.8,89.9,25.4,22.1,point
2025-10-09 09:00:00 AM,24.1,88.1,25.8,22.0,point
2025-10-09 09:30:00 AM,24.0,85.9,25.5,21.5,point
2025-10-09 10:00:00 AM,24.3,86.1,25.8,21.8,point
2025-10-09 10:30:00 AM,24.1,84.6,25.6,21.4,point
2025-10-09 11:00:00 AM,24.4,81.6,25.6,21.0,point
2025-10-09 11:30:00 AM,24.4,78.2,25.4,20.3,point
2025-10-09 12:00:00 PM,24.5,74.8,25.3,19.8,point
2025-10-09 12:30:00 PM,24.6,71.2,25.2,19.0,point
2025-10-09 01:00:00 PM,24.7,68.6,25.2,18.5,point
2025-10-09 01:30:00 PM,24.7,66.6,24.9,18.0,point
2025-10-09 02:00:00 PM,24.4,64.1,24.6,17.2,point
2025-10-09 02:30:00 PM,24.5,64.2,24.7,17.3,point
2025-10-09 03:00:00 PM,24.6,63.6,24.7,17.2,point
2025-10-09 03:30:00 PM,24.7,63.7,24.9,17.4,point
2025-10-09 04:00:00 PM,24.6,63.5,24.8,17.3,point
2025-10-09 04:30:00 PM,24.6,63.1,24.7,17.1,point
2025-10-09 05:00:00 PM,24.7,60.4,24.7,16.5,point
2025-10-09 05:30:00 PM,25.1,62.1,25.2,17.3,point
2025-10-09 06:00:00 PM,25.1,62.2,25.2,17.3,point
2025-10-09 06:30:00 PM,25.2,63.0,25.4,17.6,point
2025-10-09 07:00:00 PM,25.0,64.0,25.3,17.7,point
2025-10-09 07:30:00 PM,23.9,62.1,24.0,16.2,point
2025-10-09 08:00:00 PM,17.3,53.9,15.6,7.9,point
2025-10-09 08:30:00 PM,10.2,65.0,9.6,3.9,point
2025-10-09 09:00:00 PM,7.8,73.1,7.4,3.3,point
2025-10-09 09:30:00 PM,7.1,74.7,6.9,2.9,point
2025-10-09 10:00:00 PM,7.2,79.9,7.0,4.0,point
2025-10-09 10:30:00 PM,6.9,81.4,6.7,3.9,point
2025-10-09 11:00:00 PM,6.8,82.3,6.6,4.0,point
2025-10-09 11:30:00 PM,6.7,83.6,6.7,4.1,point
2025-10-10 12:00:00 AM,6.7,84.2,6.6,4.2,point
2025-10-10 12:30:00 AM,6.8,84.6,6.7,4.4,point
2025-10-10 01:00:00 AM,6.9,84.8,6.8,4.5,point
2025-10-10 01:30:00 AM,6.9,85.0,6.9,4.6,point
2025-10-10 02:00:00 AM,6.8,85.6,6.7,4.5,point
2025-10-10 02:30:00 AM,6.7,86.0,6.7,4.5,point
2025-10-10 03:00:00 AM,6.8,86.5,6.8,4.7,point
2025-10-10 03:30:00 AM,6.8,86.7,6.8,4.8,point
2025-10-10 04:00:00 AM,6.9,86.6,6.9,4.8,point
2025-10-10 04:30:00 AM,6.8,86.8,6.8,4.8,point
2025-10-10 05:00:00 AM,6.8,86.8,6.8,4.8,point
2025-10-10 05:30:00 AM,6.7,86.9,6.6,4.7,point
2025-10-10 06:00:00 AM,6.7,87.1,6.6,4.7,point
2025-10-10 06:30:00 AM,7.4,89.3,7.4,5.7,point
2025-10-10 07:00:00 AM,16.7,99.5,17.4,16.6,point
2025-10-10 07:30:00 AM,21.7,100.0,22.8,21.7,point
2025-10-10 08:00:00 AM,23.9,93.8,25.8,22.8,point
2025-10-10 08:30:00 AM,24.4,89.4,26.2,22.5,point
2025-10-10 09:00:00 AM,24.6,88.8,26.5,22.6,point
2025-10-10 09:30:00 AM,24.7,87.3,26.5,22.4,point
2025-10-10 10:00:00 AM,24.6,86.7,26.3,22.3,point
2025-10-10 10:30:00 AM,24.9,86.8,26.7,22.5,point
2025-10-10 11:00:00 AM,25.0,85.9,27.0,22.5,point
2025-10-10 11:30:00 AM,25.2,84.2,27.1,22.3,point
2025-10-10 12:00:00 PM,25.5,83.5,27.7,22.4,point
2025-10-10 12:30:00 PM,25.3,82.2,27.4,22.1,point
2025-10-10 01:00:00 PM,25.4,80.7,27.5,21.9,point
2025-10-10 01:30:00 PM,25.5,78.7,27.5,21.6,point
2025-10-10 02:00:00 PM,25.4,76.4,26.8,20.9,point
2025-10-10 02:30:00 PM,25.3,74.6,26.7,20.5,point
2025-10-10 03:00:00 PM,25.4,72.5,26.7,20.1,point
2025-10-10 03:30:00 PM,25.1,67.9,25.7,18.8,point
2025-10-10 04:00:00 PM,25.2,67.9,26.0,18.9,point
2025-10-10 04:30:00 PM,25.3,66.5,25.9,18.6,point
2025-10-10 05:00:00 PM,26.2,76.9,28.5,21.8,point
2025-10-10 05:30:00 PM,26.2,82.1,29.2,22.9,point
2025-10-10 06:00:00 PM,26.2,82.0,29.2,22.9,point
2025-10-10 06:30:00 PM,26.1,83.6,29.2,23.1,point
2025-10-10 07:00:00 PM,26.1,83.2,29.2,23.1,point
2025-10-10 07:30:00 PM,25.1,77.1,26.3,20.8,point
2025-10-10 08:00:00 PM,18.1,58.0,16.7,9.7,point
2025-10-10 08:30:00 PM,10.7,57.0,9.7,2.5,point
2025-10-10 09:00:00 PM,8.2,75.0,7.9,4.0,point
2025-10-10 09:30:00 PM,7.4,78.1,7.2,3.9,point
2025-10-10 10:00:00 PM,8.5,92.6,8.7,7.4,point
2025-10-10 10:30:00 PM,7.4,81.4,7.2,4.4,point
2025-10-10 11:00:00 PM,7.2,82.4,7.1,4.4,point
2025-10-10 11:30:00 PM,7.2,82.7,7.2,4.5,point
2025-10-11 12:00:00 AM,7.2,83.8,7.2,4.7,point
2025-10-11 12:30:00 AM,7.2,84.2,7.2,4.7,point
2025-10-11 01:00:00 AM,9.1,96.7,9.4,8.6,point
2025-10-11 01:30:00 AM,7.9,87.3,7.9,5.9,point
2025-10-11 02:00:00 AM,7.6,87.4,7.5,5.6,point
2025-10-11 02:30:00 AM,7.1,82.3,7.0,4.3,point
2025-10-11 03:00:00 AM,6.9,74.5,6.7,2.7,point
2025-10-11 03:30:00 AM,7.0,86.1,6.9,4.8,point
2025-10-11 04:00:00 AM,6.8,86.8,6.8,4.8,point
2025-10-11 04:30:00 AM,6.7,81.4,6.6,3.8,point
2025-10-11 05:00:00 AM,6.5,83.3,6.5,3.9,point
2025-10-11 05:30:00 AM,6.7,84.3,6.7,4.3,point
2025-10-11 06:00:00 AM,6.8,85.1,6.7,4.5,point
2025-10-11 06:30:00 AM,7.4,88.4,7.5,5.6,point
2025-10-11 07:00:00 AM,14.6,100.0,15.2,14.6,point
2025-10-11 07:30:00 AM,21.8,100.0,23.1,21.8,point
2025-10-11 08:00:00 AM,24.7,97.1,27.3,24.2,point
2025-10-11 08:30:00 AM,25.5,87.6,28.3,23.3,point
2025-10-11 09:00:00 AM,25.8,85.8,28.6,23.2,point
2025-10-11 09:30:00 AM,25.8,85.9,28.6,23.2,point
2025-10-11 10:00:00 AM,25.9,87.0,28.9,23.5,point
2025-10-11 10:30:00 AM,25.9,85.5,28.8,23.2,point
2025-10-11 11:00:00 AM,25.8,85.5,28.8,23.2,point
2025-10-11 11:30:00 AM,25.9,85.3,28.8,23.2,point
2025-10-11 12:00:00 PM,25.9,84.8,28.7,23.1,point
2025-10-11 12:30:00 PM,25.8,83.0,28.5,22.7,point
2025-10-11 01:00:00 PM,25.9,83.9,28.6,22.9,point
2025-10-11 01:30:00 PM,25.9,84.6,28.8,23.1,point
2025-10-11 02:00:00 PM,25.8,83.6,28.4,22.8,point
2025-10-11 02:30:00 PM,26.1,86.7,29.3,23.7,point
2025-10-11 03:00:00 PM,26.0,83.0,28.9,22.9,point
2025-10-11 03:30:00 PM,25.9,83.3,28.8,22.9,point
2025-10-11 04:00:00 PM,26.2,85.8,29.4,23.6,point
2025-10-11 04:30:00 PM,26.1,84.0,29.2,23.2,point
2025-10-11 05:00:00 PM,26.2,83.3,29.4,23.2,point
2025-10-11 05:30:00 PM,26.1,80.9,28.9,22.6,point
2025-10-11 06:00:00 PM,26.1,83.5,29.2,23.1,point
2025-10-11 06:30:00 PM,26.4,84.0,29.7,23.4,point
2025-10-11 07:00:00 PM,26.2,81.2,28.9,22.7,point
2025-10-11 07:30:00 PM,25.5,72.8,26.7,20.2,point
2025-10-11 08:00:00 PM,19.7,59.6,18.8,11.6,point
2025-10-11 08:30:00 PM,11.5,63.0,10.7,4.7,point
2025-10-11 09:00:00 PM,8.3,73.6,7.9,3.8,point
2025-10-11 09:30:00 PM,8.4,78.6,8.2,4.9,point
2025-10-11 10:00:00 PM,8.0,83.3,7.9,5.3,point
2025-10-11 10:30:00 PM,7.5,82.6,7.5,4.7,point
2025-10-11 11:00:00 PM,7.4,84.7,7.4,5.0,point
2025-10-11 11:30:00 PM,7.4,85.6,7.4,5.2,point
2025-10-12 12:00:00 AM,7.5,86.2,7.4,5.3,point
2025-10-12 12:30:00 AM,7.5,86.2,7.5,5.3,point
2025-10-12 01:00:00 AM,7.5,86.3,7.5,5.4,point
2025-10-12 01:30:00 AM,7.5,86.3,7.5,5.4,point
2025-10-12 02:00:00 AM,7.5,86.1,7.4,5.3,point
2025-10-12 02:30:00 AM,7.5,86.2,7.5,5.3,point
2025-10-12 03:00:00 AM,7.5,86.2,7.5,5.3,point
2025-10-12 03:30:00 AM,7.4,86.4,7.4,5.3,point
2025-10-12 04:00:00 AM,7.4,86.2,7.3,5.2,point
2025-10-12 04:30:00 AM,7.3,86.3,7.3,5.2,point
2025-10-12 05:00:00 AM,7.3,86.5,7.3,5.2,point
2025-10-12 05:30:00 AM,7.4,86.5,7.3,5.3,point
2025-10-12 06:00:00 AM,7.3,86.5,7.2,5.2,point
2025-10-12 06:30:00 AM,8.2,96.3,8.4,7.6,point
2025-10-12 07:00:00 AM,14.7,100.0,15.4,14.7,point
2025-10-12 07:30:00 AM,21.8,100.0,23.0,21.8,point
2025-10-12 08:00:00 AM,24.8,93.8,27.2,23.7,point
2025-10-12 08:30:00 AM,25.6,87.6,28.3,23.4,point
2025-10-12 09:00:00 AM,25.9,87.0,28.9,23.5,point
2025-10-12 09:30:00 AM,25.8,86.4,28.6,23.3,point
2025-10-12 10:00:00 AM,25.8,85.3,28.5,23.1,point
2025-10-12 10:30:00 AM,25.9,84.4,28.8,23.1,point
2025-10-12 11:00:00 AM,26.1,85.5,29.2,23.4,point
2025-10-12 11:30:00 AM,26.1,86.6,29.3,23.7,point
2025-10-12 12:00:00 PM,26.1,84.7,29.2,23.3,point
2025-10-12 12:30:00 PM,25.9,81.8,28.6,22.6,point
2025-10-12 01:00:00 PM,25.9,79.8,28.2,22.1,point
2025-10-12 01:30:00 PM,25.9,79.4,28.4,22.1,point
2025-10-12 02:00:00 PM,25.9,79.4,28.4,22.1,point
2025-10-12 02:30:00 PM,26.0,80.0,28.4,22.3,point
2025-10-12 03:00:00 PM,26.1,80.5,28.9,22.5,point
2025-10-12 03:30:00 PM,26.1,80.2,28.8,22.4,point
2025-10-12 04:00:00 PM,26.1,80.5,28.8,22.5,point
2025-10-12 04:30:00 PM,26.1,80.9,28.9,22.6,point
2025-10-12 05:00:00 PM,26.1,80.7,28.9,22.6,point
2025-10-12 05:30:00 PM,26.2,80.6,29.1,22.6,point
2025-10-12 06:00:00 PM,26.3,80.7,29.1,22.7,point
2025-10-12 06:30:00 PM,26.2,80.3,29.0,22.5,point
2025-10-12 07:00:00 PM,26.2,80.3,29.0,22.6,point
2025-10-12 07:30:00 PM,25.9,79.8,28.4,22.1,point
2025-10-12 08:00:00 PM,19.9,59.5,19.1,11.8,point
2025-10-12 08:30:00 PM,11.7,62.2,10.9,4.7,point
2025-10-12 09:00:00 PM,8.8,76.5,8.6,4.9,point
2025-10-12 09:30:00 PM,8.1,83.4,8.1,5.5,point
2025-10-12 10:00:00 PM,7.9,85.1,7.9,5.6,point
2025-10-12 10:30:00 PM,7.7,84.8,7.7,5.3,point
2025-10-12 11:00:00 PM,7.6,86.8,7.6,5.6,point
2025-10-12 11:30:00 PM,7.6,84.8,7.5,5.2,point
2025-10-13 12:00:00 AM,7.5,87.5,7.5,5.6,point
2025-10-13 12:30:00 AM,7.6,86.2,7.6,5.4,point
2025-10-13 01:00:00 AM,7.5,86.9,7.5,5.5,point
2025-10-13 01:30:00 AM,7.5,87.9,7.5,5.6,point
2025-10-13 02:00:00 AM,7.3,85.0,7.3,4.9,point
2025-10-13 02:30:00 AM,7.3,85.9,7.3,5.1,point
2025-10-13 03:00:00 AM,7.3,86.6,7.3,5.2,point
2025-10-13 03:30:00 AM,7.4,86.9,7.3,5.4,point
2025-10-13 04:00:00 AM,7.4,87.1,7.4,5.4,point
2025-10-13 04:30:00 AM,7.4,87.3,7.4,5.5,point
2025-10-13 05:00:00 AM,7.4,87.3,7.4,5.4,point
2025-10-13 05:30:00 AM,7.4,87.5,7.4,5.5,point
2025-10-13 06:00:00 AM,7.4,87.4,7.4,5.5,point
2025-10-13 06:30:00 AM,7.9,89.6,8.0,6.3,point
2025-10-13 07:00:00 AM,15.4,100.0,16.0,15.4,point
2025-10-13 07:30:00 AM,21.9,100.0,23.1,21.9,point
2025-10-13 08:00:00 AM,24.8,95.7,27.4,24.1,point
2025-10-13 08:30:00 AM,25.6,87.9,28.6,23.4,point
2025-10-13 09:00:00 AM,25.7,87.8,28.8,23.5,point
2025-10-13 09:30:00 AM,25.8,86.8,28.7,23.4,point
2025-10-13 10:00:00 AM,25.5,84.4,28.0,22.7,point
2025-10-13 10:30:00 AM,25.5,84.2,28.0,22.7,point
2025-10-13 11:00:00 AM,25.6,83.7,28.0,22.6,point
2025-10-13 11:30:00 AM,25.7,83.5,28.2,22.7,point
2025-10-13 12:00:00 PM,25.7,83.2,28.3,22.6,point
2025-10-13 12:30:00 PM,25.8,83.0,28.3,22.6,point
2025-10-13 01:00:00 PM,25.9,82.8,28.5,22.7,point
2025-10-13 01:30:00 PM,25.8,82.5,28.2,22.6,point
2025-10-13 02:00:00 PM,25.8,82.7,28.2,22.6,point
2025-10-13 02:30:00 PM,25.9,82.4,28.5,22.6,point
2025-10-13 03:00:00 PM,25.9,81.6,28.5,22.5,point
2025-10-13 03:30:00 PM,25.8,82.0,28.4,22.5,point
2025-10-13 04:00:00 PM,26.1,81.1,28.9,22.6,point
2025-10-13 04:30:00 PM,26.1,80.6,28.9,22.6,point
2025-10-13 05:00:00 PM,26.1,80.7,28.9,22.6,point
2025-10-13 05:30:00 PM,26.1,80.1,28.8,22.4,point
2025-10-13 06:00:00 PM,26.1,79.8,28.8,22.4,point
2025-10-13 06:30:00 PM,26.2,79.6,28.8,22.4,point
2025-10-13 07:00:00 PM,26.2,79.3,28.8,22.3,point
2025-10-13 07:30:00 PM,26.0,78.9,28.5,22.1,point
2025-10-13 08:00:00 PM,18.9,56.2,17.5,10.0,point
2025-10-13 08:30:00 PM,12.3,78.5,12.0,8.7,point
2025-10-13 09:00:00 PM,8.9,77.0,8.6,5.1,point
2025-10-13 09:30:00 PM,8.7,86.8,8.6,6.6,point
2025-10-13 10:00:00 PM,7.4,85.3,7.4,5.1,point
2025-10-13 10:30:00 PM,7.2,87.2,7.2,5.2,point
2025-10-13 11:00:00 PM,7.1,86.2,7.0,5.0,point
2025-10-13 11:30:00 PM,7.2,87.3,7.2,5.2,point
2025-10-14 12:00:00 AM,7.0,87.1,7.0,5.0,point
2025-10-14 12:30:00 AM,7.0,88.4,7.1,5.3,point
2025-10-14 01:00:00 AM,7.0,90.0,7.1,5.5,point
2025-10-14 01:30:00 AM,6.9,86.8,6.9,4.9,point
2025-10-14 02:00:00 AM,6.8,89.8,6.9,5.2,point
2025-10-14 02:30:00 AM,6.8,88.9,6.8,5.1,point
2025-10-14 03:00:00 AM,6.7,89.0,6.7,5.0,point
2025-10-14 03:30:00 AM,6.5,88.0,6.5,4.7,point
2025-10-14 04:00:00 AM,6.6,89.4,6.7,5.0,point
2025-10-14 04:30:00 AM,6.0,85.9,6.0,3.9,point
2025-10-14 05:00:00 AM,6.1,88.0,6.1,4.3,point
2025-10-14 05:30:00 AM,6.3,88.2,6.3,4.5,point
2025-10-14 06:00:00 AM,6.2,89.4,6.3,4.6,point
2025-10-14 06:30:00 AM,7.9,92.5,8.1,6.8,point
2025-10-14 07:00:00 AM,16.1,100.0,16.8,16.1,point
2025-10-14 07:30:00 AM,22.2,100.0,23.7,22.2,point
2025-10-14 08:00:00 AM,23.2,100.0,25.1,23.2,point
2025-10-14 08:30:00 AM,23.8,92.2,25.6,22.5,point
2025-10-14 09:00:00 AM,24.3,91.7,26.2,22.9,point
2025-10-14 09:30:00 AM,24.4,89.9,26.1,22.6,point
2025-10-14 10:00:00 AM,24.2,89.5,26.0,22.4,point
2025-10-14 10:30:00 AM,24.4,88.0,26.0,22.2,point
2025-10-14 11:00:00 AM,24.0,87.1,25.4,21.7,point
2025-10-14 11:30:00 AM,24.2,84.9,25.6,21.5,point
2025-10-14 12:00:00 PM,24.4,85.0,25.8,21.7,point
2025-10-14 12:30:00 PM,24.1,83.2,25.5,21.1,point
2025-10-14 01:00:00 PM,24.4,81.7,25.6,21.0,point
2025-10-14 01:30:00 PM,24.4,79.3,25.5,20.6,point
2025-10-14 02:00:00 PM,24.3,74.8,25.1,19.6,point
2025-10-14 02:30:00 PM,24.4,71.0,24.9,18.8,point
2025-10-14 03:00:00 PM,24.3,67.5,24.7,17.9,point
2025-10-14 03:30:00 PM,24.3,65.9,24.4,17.5,point
2025-10-14 04:00:00 PM,24.3,64.9,24.5,17.3,point
2025-10-14 04:30:00 PM,24.2,63.7,24.4,16.9,point
2025-10-14 05:00:00 PM,24.2,62.9,24.3,16.8,point
2025-10-14 05:30:00 PM,24.3,62.2,24.3,16.6,point
2025-10-14 06:00:00 PM,24.2,61.5,24.3,16.3,point
2025-10-14 06:30:00 PM,24.2,61.2,24.2,16.3,point
2025-10-14 07:00:00 PM,24.2,61.1,24.1,16.2,point
2025-10-14 07:30:00 PM,22.6,61.1,22.5,14.7,point
2025-10-14 08:00:00 PM,15.8,56.7,14.5,7.2,point
2025-10-14 08:30:00 PM,8.7,63.3,8.0,2.1,point
2025-10-14 09:00:00 PM,7.4,77.2,7.2,3.7,point
2025-10-14 09:30:00 PM,7.0,80.1,6.8,3.8,point
2025-10-14 10:00:00 PM,6.7,82.1,6.6,3.9,point
2025-10-14 10:30:00 PM,6.5,83.7,6.5,4.0,point
2025-10-14 11:00:00 PM,6.6,84.6,6.5,4.2,point
2025-10-14 11:30:00 PM,6.9,79.6,6.7,3.6,point
2025-10-15 12:00:00 AM,7.0,87.2,7.0,5.0,point
2025-10-15 12:30:00 AM,6.4,81.6,6.3,3.5,point
2025-10-15 01:00:00 AM,6.5,77.6,6.3,2.9,point
2025-10-15 01:30:00 AM,6.5,83.5,6.4,3.9,point
2025-10-15 02:00:00 AM,6.5,84.2,6.5,4.1,point
2025-10-15 02:30:00 AM,6.5,85.0,6.5,4.2,point
2025-10-15 03:00:00 AM,6.6,85.6,6.5,4.3,point
2025-10-15 03:30:00 AM,6.8,86.4,6.8,4.7,point
2025-10-15 04:00:00 AM,6.9,92.4,6.9,5.7,point
2025-10-15 04:30:00 AM,6.4,86.2,6.4,4.3,point
2025-10-15 05:00:00 AM,6.4,88.2,6.4,4.6,point
2025-10-15 05:30:00 AM,6.0,83.7,6.0,3.5,point
2025-10-15 06:00:00 AM,6.0,85.2,5.9,3.7,point
2025-10-15 06:30:00 AM,8.2,88.1,8.2,6.4,point
2025-10-15 07:00:00 AM,15.8,100.0,16.5,15.8,point
2025-10-15 07:30:00 AM,22.7,100.0,24.5,22.7,point
2025-10-15 08:00:00 AM,23.4,91.7,25.1,22.0,point
2025-10-15 08:30:00 AM,24.2,91.1,25.9,22.6,point
2025-10-15 09:00:00 AM,24.1,89.0,25.8,22.2,point
2025-10-15 09:30:00 AM,24.0,86.7,25.4,21.6,point
2025-10-15 10:00:00 AM,24.2,86.8,25.8,21.9,point
2025-10-15 10:30:00 AM,24.1,83.6,25.5,21.1,point
2025-10-15 11:00:00 AM,24.3,82.2,25.5,21.1,point
2025-10-15 11:30:00 AM,24.0,77.7,24.9,19.9,point
2025-10-15 12:00:00 PM,24.2,75.8,25.0,19.6,point
2025-10-15 12:30:00 PM,24.3,72.3,24.9,19.0,point
2025-10-15 01:00:00 PM,24.3,69.2,24.7,18.3,point
2025-10-15 01:30:00 PM,24.3,67.4,24.6,17.9,point
2025-10-15 02:00:00 PM,24.3,66.4,24.5,17.6,point
2025-10-15 02:30:00 PM,24.2,65.8,24.4,17.4,point
2025-10-15 03:00:00 PM,24.1,64.9,24.3,17.1,point
2025-10-15 03:30:00 PM,24.2,64.2,24.3,17.0,point
2025-10-15 04:00:00 PM,24.1,63.4,24.3,16.7,point
2025-10-15 04:30:00 PM,24.2,64.1,24.4,17.0,point
2025-10-15 05:00:00 PM,24.2,63.5,24.4,16.9,point
2025-10-15 05:30:00 PM,24.2,63.2,24.3,16.8,point
2025-10-15 06:00:00 PM,24.2,62.7,24.2,16.6,point
2025-10-15 06:30:00 PM,24.2,62.3,24.2,16.5,point
2025-10-15 07:00:00 PM,24.2,61.9,24.2,16.4,point
2025-10-15 07:30:00 PM,22.6,61.5,22.5,14.8,point
2025-10-15 08:00:00 PM,16.1,64.6,15.1,9.4,point
2025-10-15 08:30:00 PM,9.3,71.6,8.9,4.5,point
2025-10-15 09:00:00 PM,7.3,78.8,7.1,3.9,point
2025-10-15 09:30:00 PM,6.9,80.8,6.7,3.8,point
2025-10-15 10:00:00 PM,6.7,81.8,6.6,3.8,point
2025-10-15 10:30:00 PM,6.6,83.0,6.6,3.9,point
2025-10-15 11:00:00 PM,6.5,83.7,6.4,3.9,point
2025-10-15 11:30:00 PM,6.5,84.3,6.5,4.1,point
2025-10-16 12:00:00 AM,6.5,85.2,6.5,4.2,point
2025-10-16 12:30:00 AM,6.7,85.6,6.6,4.4,point
2025-10-16 01:00:00 AM,10.5,99.0,10.9,10.4,point
2025-10-16 01:30:00 AM,6.9,83.8,6.8,4.3,point
2025-10-16 02:00:00 AM,6.6,84.7,6.6,4.2,point
2025-10-16 02:30:00 AM,6.6,84.3,6.5,4.1,point
2025-10-16 03:00:00 AM,6.6,84.5,6.6,4.2,point
2025-10-16 03:30:00 AM,8.8,97.5,9.0,8.4,point
2025-10-16 04:00:00 AM,7.2,91.2,7.2,5.8,point
2025-10-16 04:30:00 AM,6.2,84.5,6.1,3.8,point
2025-10-16 05:00:00 AM,6.0,85.6,6.0,3.8,point
2025-10-16 05:30:00 AM,5.9,85.8,5.9,3.7,point
2025-10-16 06:00:00 AM,6.0,86.4,6.0,3.9,point
2025-10-16 06:30:00 AM,10.3,96.3,10.5,9.7,point
2025-10-16 07:00:00 AM,15.2,100.0,15.9,15.2,point
2025-10-16 07:30:00 AM,22.1,100.0,23.6,22.1,point
2025-10-16 08:00:00 AM,23.4,92.8,25.1,22.2,point
2025-10-16 08:30:00 AM,23.6,90.2,25.3,21.9,point
2025-10-16 09:00:00 AM,23.9,89.3,25.6,22.1,point
2025-10-16 09:30:00 AM,23.9,87.0,25.3,21.6,point
2025-10-16 10:00:00 AM,24.2,85.4,25.6,21.6,point
2025-10-16 10:30:00 AM,24.2,82.7,25.4,21.1,point
2025-10-16 11:00:00 AM,24.1,78.3,25.0,20.0,point
2025-10-16 11:30:00 AM,24.1,74.3,24.9,19.2,point
2025-10-16 12:00:00 PM,24.2,70.4,24.7,18.5,point
2025-10-16 12:30:00 PM,24.1,67.1,24.4,17.6,point
2025-10-16 01:00:00 PM,24.1,65.7,24.3,17.3,point
2025-10-16 01:30:00 PM,24.2,64.5,24.3,17.1,point
2025-10-16 02:00:00 PM,24.3,64.2,24.4,17.1,point
2025-10-16 02:30:00 PM,24.2,63.2,24.4,16.8,point
2025-10-16 03:00:00 PM,24.1,62.2,24.2,16.4,point
2025-10-16 03:30:00 PM,25.4,57.5,25.5,16.4,point
2025-10-16 04:00:00 PM,25.8,58.7,26.0,17.1,point
2025-10-16 04:30:00 PM,25.8,58.0,25.9,16.9,point
2025-10-16 05:00:00 PM,25.8,57.3,25.9,16.7,point
2025-10-16 05:30:00 PM,25.8,56.9,25.9,16.6,point
2025-10-16 06:00:00 PM,25.8,56.5,25.9,16.6,point
2025-10-16 06:30:00 PM,25.8,55.9,25.8,16.3,point
2025-10-16 07:00:00 PM,25.8,55.3,25.8,16.2,point
2025-10-16 07:30:00 PM,24.2,54.8,23.8,14.6,point
2025-10-16 08:00:00 PM,18.2,59.7,16.9,10.3,point
2025-10-16 08:30:00 PM,10.4,61.2,9.7,3.3,point
2025-10-16 09:00:00 PM,8.5,76.4,8.3,4.6,point
2025-10-16 09:30:00 PM,7.6,78.8,7.4,4.2,point
2025-10-16 10:00:00 PM,7.3,80.3,7.1,4.1,point
2025-10-16 10:30:00 PM,7.2,81.3,7.0,4.2,point
2025-10-16 11:00:00 PM,7.2,81.9,7.0,4.3,point
2025-10-16 11:30:00 PM,7.2,82.5,7.1,4.4,point
2025-10-17 12:00:00 AM,7.2,82.8,7.1,4.4,point
2025-10-17 12:30:00 AM,7.2,83.3,7.2,4.6,point
2025-10-17 01:00:00 AM,7.2,83.7,7.2,4.7,point
2025-10-17 01:30:00 AM,7.2,83.9,7.2,4.7,point
2025-10-17 02:00:00 AM,7.3,84.3,7.3,4.8,point
2025-10-17 02:30:00 AM,7.2,84.4,7.2,4.8,point
2025-10-17 03:00:00 AM,7.3,84.8,7.2,4.9,point
2025-10-17 03:30:00 AM,7.2,85.0,7.2,4.9,point
2025-10-17 04:00:00 AM,7.2,85.0,7.2,4.9,point
2025-10-17 04:30:00 AM,7.2,85.5,7.2,5.0,point
2025-10-17 05:00:00 AM,7.3,85.9,7.3,5.1,point
2025-10-17 05:30:00 AM,7.3,85.8,7.3,5.1,point
2025-10-17 06:00:00 AM,7.3,85.9,7.3,5.1,point
2025-10-17 06:30:00 AM,8.0,87.9,8.0,6.2,point
2025-10-17 07:00:00 AM,15.5,100.0,16.1,15.5,point
2025-10-17 07:30:00 AM,21.7,100.0,23.0,21.7,point
2025-10-17 08:00:00 AM,24.4,88.3,26.0,22.3,point
2025-10-17 08:30:00 AM,25.3,84.5,27.5,22.5,point
2025-10-17 09:00:00 AM,25.5,79.4,27.6,21.7,point
2025-10-17 09:30:00 AM,25.5,76.0,27.2,21.0,point
2025-10-17 10:00:00 AM,25.6,70.1,26.8,19.8,point
2025-10-17 10:30:00 AM,25.6,64.9,26.4,18.5,point
2025-10-17 11:00:00 AM,25.7,61.9,26.1,17.8,point
2025-10-17 11:30:00 AM,25.8,60.0,26.2,17.4,point
2025-10-17 12:00:00 PM,25.7,59.2,26.1,17.2,point
2025-10-17 12:30:00 PM,25.7,58.0,25.9,16.8,point
2025-10-17 01:00:00 PM,25.8,57.2,25.9,16.7,point
2025-10-17 01:30:00 PM,25.7,56.3,25.8,16.4,point
2025-10-17 02:00:00 PM,25.8,55.3,25.8,16.1,point
2025-10-17 02:30:00 PM,25.8,55.2,25.8,16.1,point
2025-10-17 03:00:00 PM,25.7,54.6,25.7,15.9,point
2025-10-17 03:30:00 PM,25.9,54.5,25.8,16.0,point
2025-10-17 04:00:00 PM,25.5,73.4,26.7,20.4,point
2025-10-17 04:30:00 PM,25.4,76.2,27.0,20.9,point
2025-10-17 05:00:00 PM,25.4,76.8,27.1,21.1,point
2025-10-17 05:30:00 PM,25.4,76.4,26.9,20.9,point
2025-10-17 06:00:00 PM,25.4,75.1,26.8,20.6,point
2025-10-17 06:30:00 PM,25.4,72.2,26.5,20.0,point
2025-10-17 07:00:00 PM,25.5,68.8,26.5,19.4,point
2025-10-17 07:30:00 PM,24.5,64.0,24.6,17.2,point
2025-10-17 08:00:00 PM,19.1,57.0,18.0,10.4,point
2025-10-17 08:30:00 PM,11.6,61.3,10.8,4.4,point
2025-10-17 09:00:00 PM,9.1,68.7,8.6,3.6,point
2025-10-17 09:30:00 PM,8.5,78.8,8.2,5.0,point
2025-10-17 10:00:00 PM,7.9,81.6,7.8,5.0,point
2025-10-17 10:30:00 PM,7.7,82.7,7.6,4.9,point
2025-10-17 11:00:00 PM,7.6,82.9,7.6,4.9,point
2025-10-17 11:30:00 PM,7.6,82.8,7.6,4.9,point
2025-10-18 12:00:00 AM,7.6,83.1,7.6,4.9,point
2025-10-18 12:30:00 AM,7.6,83.2,7.6,5.0,point
2025-10-18 01:00:00 AM,7.6,83.5,7.6,5.0,point
2025-10-18 01:30:00 AM,7.6,83.6,7.5,5.0,point
2025-10-18 02:00:00 AM,7.6,84.0,7.6,5.1,point
2025-10-18 02:30:00 AM,7.6,84.1,7.6,5.1,point
2025-10-18 03:00:00 AM,7.6,84.3,7.5,5.1,point
2025-10-18 03:30:00 AM,7.6,84.7,7.5,5.2,point
2025-10-18 04:00:00 AM,7.6,84.6,7.6,5.2,point
2025-10-18 04:30:00 AM,7.6,84.8,7.6,5.2,point
2025-10-18 05:00:00 AM,7.6,84.5,7.5,5.1,point
2025-10-18 05:30:00 AM,7.5,84.2,7.4,5.0,point
2025-10-18 06:00:00 AM,7.5,84.2,7.4,5.0,point
2025-10-18 06:30:00 AM,8.2,86.8,8.1,6.1,point
2025-10-18 07:00:00 AM,15.9,100.0,16.5,15.9,point
2025-10-18 07:30:00 AM,21.4,100.0,22.5,21.4,point
2025-10-18 08:00:00 AM,24.6,86.6,26.3,22.3,point
2025-10-18 08:30:00 AM,25.3,82.2,27.2,22.0,point
2025-10-18 09:00:00 AM,25.5,77.6,27.3,21.3,point
2025-10-18 09:30:00 AM,25.5,73.4,26.9,20.4,point
2025-10-18 10:00:00 AM,25.5,66.7,26.4,18.9,point
2025-10-18 10:30:00 AM,25.5,61.3,25.9,17.6,point
2025-10-18 11:00:00 AM,25.6,58.1,25.8,16.8,point
2025-10-18 11:30:00 AM,25.6,56.2,25.6,16.3,point
2025-10-18 12:00:00 PM,25.5,54.6,25.4,15.7,point
2025-10-18 12:30:00 PM,25.6,53.6,25.5,15.5,point
2025-10-18 01:00:00 PM,25.6,52.6,25.4,15.2,point
2025-10-18 01:30:00 PM,25.6,52.3,25.4,15.1,point
2025-10-18 02:00:00 PM,25.6,51.3,25.3,14.8,point
2025-10-18 02:30:00 PM,25.6,50.8,25.2,14.6,point
2025-10-18 03:00:00 PM,25.6,50.1,25.2,14.4,point
2025-10-18 03:30:00 PM,25.6,49.6,25.1,14.3,point
2025-10-18 04:00:00 PM,25.6,49.1,25.1,14.2,point
2025-10-18 04:30:00 PM,25.6,48.8,25.1,14.0,point
2025-10-18 05:00:00 PM,25.6,48.6,25.1,14.0,point
2025-10-18 05:30:00 PM,25.6,48.5,25.1,14.0,point
2025-10-18 06:00:00 PM,25.5,48.3,24.9,13.8,point
2025-10-18 06:30:00 PM,25.5,48.5,25.0,13.9,point
2025-10-18 07:00:00 PM,25.6,48.5,25.0,13.9,point
2025-10-18 07:30:00 PM,24.5,48.2,23.7,12.8,point
2025-10-18 08:00:00 PM,19.4,51.9,18.1,9.3,point
2025-10-18 08:30:00 PM,11.7,55.8,10.6,3.2,point
2025-10-18 09:00:00 PM,8.5,69.1,8.1,3.2,point
2025-10-18 09:30:00 PM,8.6,80.7,8.5,5.5,point
2025-10-18 10:00:00 PM,8.0,84.4,8.0,5.6,point
2025-10-18 10:30:00 PM,7.8,81.7,7.7,4.9,point
2025-10-18 11:00:00 PM,7.7,83.2,7.7,5.0,point
2025-10-18 11:30:00 PM,7.6,84.5,7.6,5.2,point
2025-10-19 12:00:00 AM,7.6,84.9,7.5,5.2,point
2025-10-19 12:30:00 AM,7.5,84.9,7.5,5.1,point
2025-10-19 01:00:00 AM,7.2,82.5,7.2,4.4,point
2025-10-19 01:30:00 AM,7.2,85.1,7.1,4.8,point
2025-10-19 02:00:00 AM,7.2,85.8,7.1,5.0,point
2025-10-19 02:30:00 AM,7.1,85.6,7.1,4.9,point
2025-10-19 03:00:00 AM,7.1,85.5,7.1,4.9,point
2025-10-19 03:30:00 AM,7.0,85.1,7.0,4.7,point
2025-10-19 04:00:00 AM,7.0,84.8,6.9,4.6,point
2025-10-19 04:30:00 AM,7.0,85.9,7.0,4.8,point
2025-10-19 05:00:00 AM,7.0,85.5,6.9,4.7,point
2025-10-19 05:30:00 AM,7.0,84.0,7.0,4.5,point
2025-10-19 06:00:00 AM,7.1,86.8,7.1,5.1,point
2025-10-19 06:30:00 AM,8.3,95.5,8.4,7.6,point
2025-10-19 07:00:00 AM,14.0,100.0,14.6,14.0,point
2025-10-19 07:30:00 AM,20.4,100.0,21.3,20.4,point
2025-10-19 08:00:00 AM,24.4,74.5,25.2,19.6,point
2025-10-19 08:30:00 AM,25.2,67.1,25.7,18.6,point
2025-10-19 09:00:00 AM,25.5,60.6,25.7,17.3,point
2025-10-19 09:30:00 AM,25.5,56.0,25.5,16.1,point
2025-10-19 10:00:00 AM,25.6,53.5,25.5,15.5,point
2025-10-19 10:30:00 AM,25.6,52.2,25.4,15.1,point
2025-10-19 11:00:00 AM,25.6,51.5,25.3,14.9,point
2025-10-19 11:30:00 AM,25.5,51.3,25.1,14.7,point
2025-10-19 12:00:00 PM,25.6,50.3,25.2,14.5,point
2025-10-19 12:30:00 PM,25.6,50.5,25.2,14.6,point
2025-10-19 01:00:00 PM,25.7,49.8,25.3,14.5,point
2025-10-19 01:30:00 PM,25.6,48.7,25.1,14.0,point
2025-10-19 02:00:00 PM,25.7,48.1,25.1,13.9,point
2025-10-19 02:30:00 PM,25.6,47.4,25.0,13.6,point
2025-10-19 03:00:00 PM,25.7,47.0,25.0,13.5,point
2025-10-19 03:30:00 PM,25.7,46.7,25.1,13.5,point
2025-10-19 04:00:00 PM,25.7,46.4,25.0,13.3,point
2025-10-19 04:30:00 PM,25.7,46.0,25.0,13.2,point
2025-10-19 05:00:00 PM,25.8,46.3,25.0,13.4,point
2025-10-19 05:30:00 PM,25.7,46.5,25.0,13.4,point
2025-10-19 06:00:00 PM,25.7,46.2,25.0,13.3,point
2025-10-19 06:30:00 PM,25.7,46.1,24.9,13.3,point
2025-10-19 07:00:00 PM,25.7,46.1,25.0,13.3,point
2025-10-19 07:30:00 PM,24.6,45.9,23.6,12.1,point
2025-10-19 08:00:00 PM,19.4,51.5,18.1,9.2,point
2025-10-19 08:30:00 PM,12.0,61.7,11.1,4.9,point
2025-10-19 09:00:00 PM,8.9,75.7,8.6,4.8,point
2025-10-19 09:30:00 PM,8.2,77.2,7.9,4.4,point
2025-10-19 10:00:00 PM,7.9,81.3,7.8,4.9,point
2025-10-19 10:30:00 PM,7.9,83.3,7.9,5.3,point
2025-10-19 11:00:00 PM,7.6,80.0,7.4,4.4,point
2025-10-19 11:30:00 PM,7.6,81.0,7.4,4.5,point
2025-10-20 12:00:00 AM,7.6,81.7,7.5,4.7,point
2025-10-20 12:30:00 AM,7.6,82.0,7.5,4.7,point
2025-10-20 01:00:00 AM,7.6,82.4,7.5,4.8,point
2025-10-20 01:30:00 AM,7.7,82.4,7.6,4.9,point
2025-10-20 02:00:00 AM,7.7,82.5,7.6,4.9,point
2025-10-20 02:30:00 AM,7.7,82.2,7.5,4.8,point
2025-10-20 03:00:00 AM,7.4,84.2,7.3,4.9,point
2025-10-20 03:30:00 AM,7.2,77.5,6.9,3.5,point
2025-10-20 04:00:00 AM,7.7,77.1,7.4,3.9,point
2025-10-20 04:30:00 AM,7.1,77.5,6.8,3.4,point
2025-10-20 05:00:00 AM,7.8,85.0,7.7,5.4,point
2025-10-20 05:30:00 AM,7.5,84.7,7.5,5.1,point
2025-10-20 06:00:00 AM,7.4,85.3,7.4,5.1,point
2025-10-20 06:30:00 AM,8.6,95.2,8.8,7.9,point
2025-10-20 07:00:00 AM,14.4,100.0,15.0,14.4,point
2025-10-20 07:30:00 AM,20.3,100.0,21.2,20.3,point
2025-10-20 08:00:00 AM,24.7,72.5,25.5,19.4,point
2025-10-20 08:30:00 AM,25.3,63.2,25.8,17.8,point
2025-10-20 09:00:00 AM,25.5,57.1,25.6,16.4,point
2025-10-20 09:30:00 AM,25.5,53.6,25.4,15.4,point
2025-10-20 10:00:00 AM,25.6,52.0,25.2,15.0,point
2025-10-20 10:30:00 AM,25.6,51.0,25.3,14.7,point
2025-10-20 11:00:00 AM,25.7,50.3,25.2,14.6,point
2025-10-20 11:30:00 AM,25.6,49.8,25.1,14.4,point
2025-10-20 12:00:00 PM,25.7,49.2,25.1,14.2,point
2025-10-20 12:30:00 PM,25.6,48.6,25.1,14.0,point
2025-10-20 01:00:00 PM,25.7,47.5,25.0,13.7,point
2025-10-20 01:30:00 PM,25.7,46.2,24.9,13.3,point
2025-10-20 02:00:00 PM,25.6,46.5,24.9,13.3,point
2025-10-20 02:30:00 PM,25.7,45.3,24.8,13.0,point
2025-10-20 03:00:00 PM,25.9,40.2,24.8,11.3,point
2025-10-20 03:30:00 PM,24.7,42.1,23.6,11.0,point
2025-10-20 04:00:00 PM,24.6,42.9,23.5,11.2,point
2025-10-20 04:30:00 PM,24.6,42.4,23.5,11.0,point
2025-10-20 05:00:00 PM,24.6,41.7,23.5,10.8,point
2025-10-20 05:30:00 PM,24.6,41.0,23.4,10.5,point
2025-10-20 06:00:00 PM,24.8,40.9,23.6,10.6,point
2025-10-20 06:30:00 PM,24.7,40.8,23.5,10.5,point
2025-10-20 07:00:00 PM,24.7,41.0,23.4,10.6,point
2025-10-20 07:30:00 PM,23.3,41.4,22.3,9.5,point
2025-10-20 08:00:00 PM,17.3,49.6,15.5,6.6,point
2025-10-20 08:30:00 PM,10.1,59.6,9.3,2.6,point
2025-10-20 09:00:00 PM,7.7,70.9,7.4,2.8,point
2025-10-20 09:30:00 PM,7.3,74.4,7.0,3.0,point
2025-10-20 10:00:00 PM,7.1,76.3,6.9,3.2,point
2025-10-20 10:30:00 PM,7.5,77.9,7.3,3.9,point
2025-10-20 11:00:00 PM,7.0,78.7,6.8,3.6,point
2025-10-20 11:30:00 PM,7.0,79.6,6.8,3.7,point
2025-10-21 12:00:00 AM,7.7,77.9,7.4,4.1,point
2025-10-21 12:30:00 AM,7.6,84.1,7.6,5.1,point
2025-10-21 01:00:00 AM,6.9,80.5,6.8,3.8,point
2025-10-21 01:30:00 AM,6.8,81.0,6.7,3.8,point
2025-10-21 02:00:00 AM,6.9,81.5,6.7,3.9,point
2025-10-21 02:30:00 AM,6.9,82.0,6.7,4.0,point
2025-10-21 03:00:00 AM,6.9,82.6,6.9,4.2,point
2025-10-21 03:30:00 AM,6.9,83.0,6.9,4.2,point
2025-10-21 04:00:00 AM,6.9,83.1,6.9,4.3,point
2025-10-21 04:30:00 AM,6.9,83.2,6.9,4.3,point
2025-10-21 05:00:00 AM,7.0,83.5,6.9,4.4,point
2025-10-21 05:30:00 AM,7.0,83.5,6.9,4.3,point
2025-10-21 06:00:00 AM,7.0,83.7,7.0,4.4,point
2025-10-21 06:30:00 AM,8.1,85.3,8.1,5.8,point
2025-10-21 07:00:00 AM,15.1,86.5,15.2,12.9,point
2025-10-21 07:30:00 AM,22.0,65.4,22.1,15.2,point
2025-10-21 08:00:00 AM,24.2,52.1,23.6,13.7,point
2025-10-21 08:30:00 AM,24.4,49.1,23.7,13.1,point
2025-10-21 09:00:00 AM,24.5,48.1,23.6,12.8,point
2025-10-21 09:30:00 AM,24.6,47.5,23.8,12.7,point
2025-10-21 10:00:00 AM,24.6,47.1,23.7,12.6,point
2025-10-21 10:30:00 AM,24.6,46.9,23.8,12.5,point
2025-10-21 11:00:00 AM,24.5,46.8,23.7,12.4,point
2025-10-21 11:30:00 AM,24.5,46.7,23.7,12.4,point
2025-10-21 12:00:00 PM,24.4,46.8,23.6,12.3,point
2025-10-21 12:30:00 PM,24.6,46.4,23.7,12.4,point
2025-10-21 01:00:00 PM,24.6,46.0,23.7,12.2,point
2025-10-21 01:30:00 PM,24.6,45.2,23.6,11.9,point
2025-10-21 02:00:00 PM,24.5,44.5,23.5,11.7,point
2025-10-21 02:30:00 PM,24.7,43.8,23.6,11.5,point
2025-10-21 03:00:00 PM,24.6,43.0,23.4,11.2,point
2025-10-21 03:30:00 PM,24.5,41.7,23.3,10.7,point
2025-10-21 04:00:00 PM,24.6,41.1,23.4,10.5,point
2025-10-21 04:30:00 PM,24.6,40.6,23.4,10.3,point
2025-10-21 05:00:00 PM,24.5,41.1,23.3,10.4,point
2025-10-21 05:30:00 PM,24.5,41.4,23.3,10.5,point
2025-10-21 06:00:00 PM,24.6,42.0,23.5,10.9,point
2025-10-21 06:30:00 PM,24.6,42.4,23.5,11.0,point
2025-10-21 07:00:00 PM,24.5,42.8,23.4,11.1,point
2025-10-21 07:30:00 PM,22.9,42.4,21.9,9.4,point
2025-10-21 08:00:00 PM,17.1,49.8,15.4,6.6,point
2025-10-21 08:30:00 PM,10.3,60.5,9.5,3.0,point
2025-10-21 09:00:00 PM,7.5,72.9,7.2,3.0,point
2025-10-21 09:30:00 PM,7.0,76.2,6.8,3.1,point
2025-10-21 10:00:00 PM,6.9,77.5,6.6,3.2,point
2025-10-21 10:30:00 PM,8.1,79.4,8.0,4.8,point
2025-10-21 11:00:00 PM,6.8,75.8,6.5,2.8,point
2025-10-21 11:30:00 PM,7.4,82.7,7.4,4.7,point
2025-10-22 12:00:00 AM,7.1,83.8,7.1,4.6,point
2025-10-22 12:30:00 AM,7.1,83.3,7.1,4.5,point
2025-10-22 01:00:00 AM,7.1,84.8,7.0,4.7,point
2025-10-22 01:30:00 AM,7.2,84.5,7.2,4.8,point
2025-10-22 02:00:00 AM,7.2,85.1,7.1,4.8,point
2025-10-22 02:30:00 AM,7.2,86.1,7.2,5.1,point
2025-10-22 03:00:00 AM,7.1,86.1,7.1,5.0,point
2025-10-22 03:30:00 AM,6.9,83.0,6.8,4.2,point
2025-10-22 04:00:00 AM,6.9,83.9,6.9,4.4,point
2025-10-22 04:30:00 AM,7.0,84.3,6.9,4.5,point
2025-10-22 05:00:00 AM,7.1,84.5,7.0,4.6,point
2025-10-22 05:30:00 AM,7.2,84.5,7.1,4.7,point
2025-10-22 06:00:00 AM,6.6,73.5,6.3,2.2,point
2025-10-22 06:30:00 AM,8.7,94.1,8.8,7.8,point
2025-10-22 07:00:00 AM,14.5,91.0,14.8,13.1,point
2025-10-22 07:30:00 AM,21.9,68.9,22.1,15.9,point
2025-10-22 08:00:00 AM,24.1,54.8,23.7,14.4,point
2025-10-22 08:30:00 AM,24.2,52.0,23.7,13.7,point
2025-10-22 09:00:00 AM,24.3,50.9,23.6,13.5,point
2025-10-22 09:30:00 AM,24.4,49.9,23.6,13.2,point
2025-10-22 10:00:00 AM,24.4,49.0,23.7,13.0,point
2025-10-22 10:30:00 AM,24.4,48.5,23.7,12.9,point
2025-10-22 11:00:00 AM,24.5,48.5,23.7,12.9,point
2025-10-22 11:30:00 AM,24.5,48.7,23.8,13.0,point
2025-10-22 12:00:00 PM,24.8,48.5,24.0,13.2,point
2025-10-22 12:30:00 PM,24.6,48.7,23.8,13.1,point
2025-10-22 01:00:00 PM,24.6,48.6,23.8,13.0,point
2025-10-22 01:30:00 PM,24.6,48.1,23.7,12.9,point
2025-10-22 02:00:00 PM,24.5,48.5,23.8,13.0,point
2025-10-22 02:30:00 PM,24.6,48.0,23.8,12.9,point
2025-10-22 03:00:00 PM,24.5,47.3,23.7,12.6,point
2025-10-22 03:30:00 PM,24.5,46.8,23.7,12.4,point
2025-10-22 04:00:00 PM,24.5,46.4,23.6,12.3,point
2025-10-22 04:30:00 PM,24.5,45.5,23.6,12.0,point
2025-10-22 05:00:00 PM,24.6,45.8,23.6,12.1,point
2025-10-22 05:30:00 PM,24.5,46.1,23.6,12.2,point
2025-10-22 06:00:00 PM,24.6,47.2,23.8,12.6,point
2025-10-22 06:30:00 PM,24.6,48.4,23.9,13.0,point
2025-10-22 07:00:00 PM,24.6,48.6,23.8,13.0,point
2025-10-22 07:30:00 PM,22.9,49.9,22.2,11.8,point
2025-10-22 08:00:00 PM,17.4,59.8,16.0,9.5,point
2025-10-22 08:30:00 PM,10.2,62.6,9.5,3.4,point
2025-10-22 09:00:00 PM,8.0,80.5,7.9,4.9,point
2025-10-22 09:30:00 PM,7.5,81.5,7.3,4.5,point
2025-10-22 10:00:00 PM,7.3,84.8,7.2,4.9,point
2025-10-22 10:30:00 PM,7.2,85.5,7.2,5.0,point
2025-10-22 11:00:00 PM,6.9,80.5,6.7,3.7,point
2025-10-22 11:30:00 PM,6.5,80.0,6.4,3.3,point
2025-10-23 12:00:00 AM,6.5,81.5,6.4,3.6,point
2025-10-23 12:30:00 AM,6.6,83.0,6.5,3.9,point
2025-10-23 01:00:00 AM,6.6,83.4,6.6,4.0,point
2025-10-23 01:30:00 AM,6.7,83.4,6.7,4.1,point
2025-10-23 02:00:00 AM,6.8,83.5,6.7,4.2,point
2025-10-23 02:30:00 AM,6.8,84.0,6.8,4.3,point
2025-10-23 03:00:00 AM,6.9,84.1,6.8,4.4,point
2025-10-23 03:30:00 AM,6.8,84.5,6.8,4.4,point
2025-10-23 04:00:00 AM,6.9,84.2,6.8,4.4,point
2025-10-23 04:30:00 AM,6.9,84.7,6.8,4.5,point
2025-10-23 05:00:00 AM,6.9,84.7,6.9,4.5,point
2025-10-23 05:30:00 AM,6.9,85.0,6.9,4.6,point
2025-10-23 06:00:00 AM,6.9,85.2,6.9,4.6,point
2025-10-23 06:30:00 AM,8.0,87.4,8.0,6.0,point
2025-10-23 07:00:00 AM,16.4,100.0,17.2,16.4,point
2025-10-23 07:30:00 AM,21.4,97.5,22.4,21.0,point
2025-10-23 08:00:00 AM,23.9,75.0,24.5,19.2,point
2025-10-23 08:30:00 AM,24.5,72.3,25.2,19.2,point
2025-10-23 09:00:00 AM,24.5,64.3,24.6,17.3,point
2025-10-23 09:30:00 AM,24.5,58.2,24.3,15.8,point
2025-10-23 10:00:00 AM,24.6,54.4,24.2,14.8,point
2025-10-23 10:30:00 AM,24.6,52.7,24.0,14.3,point
2025-10-23 11:00:00 AM,24.6,51.6,23.9,13.9,point
2025-10-23 11:30:00 AM,24.6,50.4,24.0,13.7,point
2025-10-23 12:00:00 PM,24.6,48.7,23.8,13.1,point
2025-10-23 12:30:00 PM,24.7,47.2,23.9,12.7,point
2025-10-23 01:00:00 PM,24.6,45.2,23.6,11.9,point
2025-10-23 01:30:00 PM,24.6,44.2,23.6,11.7,point
2025-10-23 02:00:00 PM,24.7,43.3,23.5,11.4,point
2025-10-23 02:30:00 PM,24.6,42.7,23.4,11.1,point
2025-10-23 03:00:00 PM,24.6,42.2,23.4,10.9,point
2025-10-23 03:30:00 PM,24.6,39.3,23.2,9.8,point
2025-10-23 04:00:00 PM,25.1,38.0,23.7,9.8,point
2025-10-23 04:30:00 PM,25.0,40.1,23.7,10.5,point
2025-10-23 05:00:00 PM,25.1,40.3,23.9,10.7,point
2025-10-23 05:30:00 PM,25.0,40.0,23.8,10.5,point
2025-10-23 06:00:00 PM,25.0,39.7,23.7,10.4,point
2025-10-23 06:30:00 PM,25.0,39.4,23.7,10.2,point
2025-10-23 07:00:00 PM,25.0,39.3,23.7,10.2,point
2025-10-23 07:30:00 PM,23.0,40.0,21.9,8.7,point
2025-10-23 08:00:00 PM,16.2,48.3,14.4,5.3,point
2025-10-23 08:30:00 PM,9.7,60.4,8.9,2.4,point
2025-10-23 09:00:00 PM,7.6,70.7,7.3,2.6,point
2025-10-23 09:30:00 PM,7.2,73.8,7.0,2.9,point
2025-10-23 10:00:00 PM,7.0,75.2,6.8,3.0,point
2025-10-23 10:30:00 PM,7.0,75.7,6.8,3.0,point
2025-10-23 11:00:00 PM,7.0,76.0,6.8,3.1,point
2025-10-23 11:30:00 PM,7.0,76.2,6.7,3.1,point
2025-10-24 12:00:00 AM,8.4,86.0,8.4,6.2,point
2025-10-24 12:30:00 AM,7.4,75.7,7.1,3.4,point
2025-10-24 01:00:00 AM,7.1,77.5,6.9,3.5,point
2025-10-24 01:30:00 AM,7.0,78.2,6.8,3.5,point
2025-10-24 02:00:00 AM,7.0,78.5,6.8,3.5,point
2025-10-24 02:30:00 AM,7.0,78.8,6.8,3.6,point
2025-10-24 03:00:00 AM,7.0,79.0,6.9,3.7,point
2025-10-24 03:30:00 AM,7.0,79.2,6.9,3.7,point
2025-10-24 04:00:00 AM,7.0,79.3,6.9,3.7,point
2025-10-24 04:30:00 AM,7.1,79.4,6.9,3.8,point
2025-10-24 05:00:00 AM,7.1,79.3,6.9,3.7,point
2025-10-24 05:30:00 AM,7.1,79.4,7.0,3.8,point
2025-10-24 06:00:00 AM,7.1,79.4,7.0,3.8,point
2025-10-24 06:30:00 AM,8.1,81.2,8.0,5.1,point
2025-10-24 07:00:00 AM,14.4,74.5,14.0,10.0,point
2025-10-24 07:30:00 AM,21.8,53.1,21.4,11.8,point
2025-10-24 08:00:00 AM,24.3,44.7,23.2,11.5,point
2025-10-24 08:30:00 AM,24.7,43.2,23.5,11.3,point
2025-10-24 09:00:00 AM,24.9,42.6,23.7,11.3,point
2025-10-24 09:30:00 AM,24.9,42.4,23.8,11.2,point
2025-10-24 10:00:00 AM,24.9,42.0,23.8,11.1,point
2025-10-24 10:30:00 AM,24.9,42.0,23.8,11.1,point
2025-10-24 11:00:00 AM,24.8,42.0,23.7,11.1,point
2025-10-24 11:30:00 AM,24.9,42.1,23.8,11.2,point
2025-10-24 12:00:00 PM,24.9,42.1,23.7,11.1,point
2025-10-24 12:30:00 PM,24.9,42.2,23.7,11.2,point
2025-10-24 01:00:00 PM,24.9,42.3,23.8,11.3,point
2025-10-24 01:30:00 PM,24.9,42.6,23.8,11.4,point
2025-10-24 02:00:00 PM,25.0,42.5,23.9,11.4,point
2025-10-24 02:30:00 PM,25.0,42.2,23.9,11.3,point
2025-10-24 03:00:00 PM,25.0,42.0,23.9,11.2,point
2025-10-24 03:30:00 PM,25.0,41.8,23.9,11.1,point
2025-10-24 04:00:00 PM,25.0,41.9,23.9,11.2,point
2025-10-24 04:30:00 PM,25.0,40.9,23.7,10.8,point
2025-10-24 05:00:00 PM,26.1,72.5,27.8,20.8,point
2025-10-24 05:30:00 PM,26.1,76.0,28.1,21.5,point
2025-10-24 06:00:00 PM,25.9,78.6,28.3,21.9,point
2025-10-24 06:30:00 PM,26.1,78.2,28.4,22.0,point
2025-10-24 07:00:00 PM,26.1,78.9,28.5,22.1,point
2025-10-24 07:30:00 PM,23.8,54.2,23.4,14.0,point
2025-10-24 08:00:00 PM,18.8,74.8,18.3,14.2,point
2025-10-24 08:30:00 PM,11.0,69.1,10.5,5.6,point
2025-10-24 09:00:00 PM,8.6,85.9,8.5,6.3,point
2025-10-24 09:30:00 PM,7.4,75.3,7.1,3.3,point
2025-10-24 10:00:00 PM,6.9,77.5,6.6,3.2,point
2025-10-24 10:30:00 PM,6.6,79.4,6.5,3.3,point
2025-10-24 11:00:00 PM,6.5,80.9,6.4,3.5,point
2025-10-24 11:30:00 PM,6.5,81.9,6.4,3.7,point
2025-10-25 12:00:00 AM,6.8,82.1,6.7,4.0,point
2025-10-25 12:30:00 AM,6.9,81.7,6.7,4.0,point
2025-10-25 01:00:00 AM,7.0,81.8,6.8,4.1,point
2025-10-25 01:30:00 AM,8.4,93.8,8.5,7.5,point
2025-10-25 02:00:00 AM,7.5,88.6,7.6,5.8,point
2025-10-25 02:30:00 AM,7.3,89.4,7.4,5.7,point
2025-10-25 03:00:00 AM,7.1,84.6,7.1,4.7,point
2025-10-25 03:30:00 AM,7.1,86.2,7.1,5.0,point
2025-10-25 04:00:00 AM,6.7,80.9,6.5,3.6,point
2025-10-25 04:30:00 AM,6.7,82.2,6.6,3.9,point
2025-10-25 05:00:00 AM,6.9,82.6,6.9,4.2,point
2025-10-25 05:30:00 AM,6.9,82.1,6.8,4.1,point
2025-10-25 06:00:00 AM,7.0,83.3,6.9,4.3,point
2025-10-25 06:30:00 AM,8.1,85.2,8.0,5.7,point
2025-10-25 07:00:00 AM,14.7,100.0,15.4,14.7,point
2025-10-25 07:30:00 AM,21.8,96.6,23.0,21.2,point
2025-10-25 08:00:00 AM,25.2,77.2,26.7,20.9,point
2025-10-25 08:30:00 AM,25.8,74.1,27.4,20.8,point
2025-10-25 09:00:00 AM,25.9,72.8,27.6,20.7,point
2025-10-25 09:30:00 AM,25.9,71.3,27.5,20.3,point
2025-10-25 10:00:00 AM,26.0,68.7,27.4,19.8,point
2025-10-25 10:30:00 AM,26.0,66.3,27.2,19.3,point
2025-10-25 11:00:00 AM,26.0,64.3,27.0,18.8,point
2025-10-25 11:30:00 AM,26.1,63.4,27.0,18.6,point
2025-10-25 12:00:00 PM,26.1,62.4,26.8,18.3,point
2025-10-25 12:30:00 PM,26.1,61.2,26.8,18.1,point
2025-10-25 01:00:00 PM,26.1,60.8,26.8,18.0,point
2025-10-25 01:30:00 PM,26.1,60.4,26.8,17.9,point
2025-10-25 02:00:00 PM,26.1,59.4,26.7,17.6,point
2025-10-25 02:30:00 PM,26.2,59.3,26.8,17.6,point
2025-10-25 03:00:00 PM,26.1,58.7,26.6,17.4,point
2025-10-25 03:30:00 PM,26.1,57.9,26.5,17.2,point
2025-10-25 04:00:00 PM,26.1,57.7,26.5,17.1,point
2025-10-25 04:30:00 PM,26.1,57.2,26.5,17.0,point
2025-10-25 05:00:00 PM,26.2,57.1,26.6,17.0,point
2025-10-25 05:30:00 PM,25.9,56.9,26.2,16.7,point
2025-10-25 06:00:00 PM,26.0,56.5,26.2,16.7,point
2025-10-25 06:30:00 PM,26.0,56.2,26.2,16.6,point
2025-10-25 07:00:00 PM,26.1,56.0,26.2,16.6,point
2025-10-25 07:30:00 PM,24.6,54.4,24.1,14.8,point
2025-10-25 08:00:00 PM,18.5,51.4,16.7,8.3,point
2025-10-25 08:30:00 PM,10.8,61.3,9.9,3.6,point
2025-10-25 09:00:00 PM,8.4,76.8,8.2,4.6,point
2025-10-25 09:30:00 PM,7.6,73.5,7.3,3.2,point
2025-10-25 10:00:00 PM,7.6,76.9,7.4,3.8,point
2025-10-25 10:30:00 PM,7.3,77.5,7.0,3.6,point
2025-10-25 11:00:00 PM,7.2,78.2,7.0,3.7,point
2025-10-25 11:30:00 PM,7.2,78.4,7.0,3.8,point
2025-10-26 12:00:00 AM,7.2,78.7,7.0,3.8,point
2025-10-26 12:30:00 AM,7.2,78.8,7.1,3.8,point
2025-10-26 01:00:00 AM,7.2,79.1,7.1,3.9,point
2025-10-26 01:30:00 AM,7.3,79.4,7.2,4.0,point
2025-10-26 02:00:00 AM,7.3,79.5,7.2,4.0,point
2025-10-26 02:30:00 AM,7.3,79.5,7.2,4.0,point
2025-10-26 03:00:00 AM,7.3,79.5,7.2,4.0,point
2025-10-26 03:30:00 AM,7.3,79.6,7.2,4.0,point
2025-10-26 04:00:00 AM,7.3,79.7,7.2,4.0,point
2025-10-26 04:30:00 AM,7.3,79.7,7.2,4.0,point
2025-10-26 05:00:00 AM,7.3,79.8,7.2,4.0,point
2025-10-26 05:30:00 AM,7.3,79.6,7.2,4.0,point
2025-10-26 06:00:00 AM,7.3,79.8,7.2,4.0,point
2025-10-26 06:30:00 AM,8.4,82.7,8.3,5.6,point
2025-10-26 07:00:00 AM,15.1,83.1,15.1,12.3,point
2025-10-26 07:30:00 AM,22.4,70.0,22.7,16.6,point
2025-10-26 08:00:00 AM,25.3,60.9,25.4,17.2,point
2025-10-26 08:30:00 AM,25.7,59.6,26.1,17.3,point
2025-10-26 09:00:00 AM,25.9,59.1,26.3,17.3,point
2025-10-26 09:30:00 AM,25.9,58.5,26.3,17.2,point
2025-10-26 10:00:00 AM,26.1,58.1,26.4,17.2,point
2025-10-26 10:30:00 AM,26.0,57.9,26.4,17.1,point
2025-10-26 11:00:00 AM,26.1,57.8,26.4,17.1,point
2025-10-26 11:30:00 AM,26.1,57.1,26.3,16.9,point
2025-10-26 12:00:00 PM,26.1,57.1,26.3,16.9,point
2025-10-26 12:30:00 PM,26.1,56.7,26.3,16.8,point
2025-10-26 01:00:00 PM,26.1,56.8,26.5,16.9,point
2025-10-26 01:30:00 PM,26.0,56.1,26.2,16.6,point
2025-10-26 02:00:00 PM,26.1,56.1,26.4,16.7,point
2025-10-26 02:30:00 PM,26.1,55.6,26.3,16.5,point
2025-10-26 03:00:00 PM,26.1,55.8,26.3,16.6,point
2025-10-26 03:30:00 PM,26.1,55.3,26.3,16.5,point
2025-10-26 04:00:00 PM,26.1,55.3,26.3,16.5,point
2025-10-26 04:30:00 PM,26.1,55.2,26.3,16.5,point
2025-10-26 05:00:00 PM,26.1,54.6,26.2,16.3,point
2025-10-26 05:30:00 PM,25.9,54.8,25.9,16.1,point
2025-10-26 06:00:00 PM,26.0,54.6,26.1,16.1,point
2025-10-26 06:30:00 PM,26.0,54.3,26.1,16.1,point
2025-10-26 07:00:00 PM,25.9,54.3,25.9,16.0,point
2025-10-26 07:30:00 PM,24.8,51.7,24.2,14.2,point
2025-10-26 08:00:00 PM,18.4,55.7,16.9,9.4,point
2025-10-26 08:30:00 PM,11.2,62.7,10.4,4.4,point
2025-10-26 09:00:00 PM,8.1,71.8,7.8,3.3,point
2025-10-26 09:30:00 PM,7.4,74.4,7.1,3.2,point
2025-10-26 10:00:00 PM,7.2,75.3,7.0,3.1,point
2025-10-26 10:30:00 PM,7.1,75.9,6.9,3.1,point
2025-10-26 11:00:00 PM,7.5,73.5,7.1,3.0,point
2025-10-26 11:30:00 PM,7.1,75.4,6.8,3.0,point
2025-10-27 12:00:00 AM,7.3,74.9,7.1,3.1,point
2025-10-27 12:30:00 AM,7.0,76.6,6.8,3.2,point
2025-10-27 01:00:00 AM,8.2,84.3,8.1,5.7,point
2025-10-27 01:30:00 AM,7.5,80.7,7.3,4.4,point
2025-10-27 02:00:00 AM,7.3,78.3,7.1,3.8,point
2025-10-27 02:30:00 AM,7.4,78.0,7.1,3.8,point
2025-10-27 03:00:00 AM,7.4,77.3,7.1,3.7,point
2025-10-27 03:30:00 AM,7.4,78.1,7.2,3.8,point
2025-10-27 04:00:00 AM,7.1,74.8,6.9,3.0,point
2025-10-27 04:30:00 AM,7.6,80.8,7.4,4.5,point
2025-10-27 05:00:00 AM,7.3,78.4,7.1,3.8,point
2025-10-27 05:30:00 AM,7.2,78.7,7.0,3.8,point
2025-10-27 06:00:00 AM,7.2,78.7,7.0,3.8,point
2025-10-27 06:30:00 AM,8.3,81.5,8.2,5.3,point
2025-10-27 07:00:00 AM,14.4,80.9,14.3,11.2,point
2025-10-27 07:30:00 AM,22.2,67.5,22.5,15.9,point
2025-10-27 08:00:00 AM,25.2,58.1,25.0,16.4,point
2025-10-27 08:30:00 AM,25.7,57.5,25.9,16.7,point
2025-10-27 09:00:00 AM,25.9,57.4,26.0,16.8,point
2025-10-27 09:30:00 AM,25.9,57.3,26.2,16.9,point
2025-10-27 10:00:00 AM,26.0,57.2,26.3,16.9,point
2025-10-27 10:30:00 AM,26.0,56.9,26.3,16.8,point
2025-10-27 11:00:00 AM,26.1,57.0,26.3,16.9,point
2025-10-27 11:30:00 AM,26.1,56.9,26.3,16.9,point
2025-10-27 12:00:00 PM,25.9,57.0,26.2,16.8,point
2025-10-27 12:30:00 PM,25.8,56.2,25.8,16.4,point
2025-10-27 01:00:00 PM,26.0,56.2,26.2,16.6,point
2025-10-27 01:30:00 PM,26.0,55.2,26.2,16.4,point
2025-10-27 02:00:00 PM,26.1,55.0,26.1,16.3,point
2025-10-27 02:30:00 PM,26.1,54.7,26.2,16.3,point
2025-10-27 03:00:00 PM,26.1,54.0,26.0,16.1,point
2025-10-27 03:30:00 PM,26.1,53.6,26.0,15.9,point
2025-10-27 04:00:00 PM,24.7,46.7,23.8,12.5,point
2025-10-27 04:30:00 PM,26.2,44.7,25.5,13.2,point
2025-10-27 05:00:00 PM,26.2,48.2,25.8,14.4,point
2025-10-27 05:30:00 PM,26.2,48.8,25.9,14.6,point
2025-10-27 06:00:00 PM,26.2,48.9,25.9,14.6,point
2025-10-27 06:30:00 PM,26.2,49.1,25.9,14.7,point
2025-10-27 07:00:00 PM,26.2,49.0,25.9,14.7,point
2025-10-27 07:30:00 PM,25.1,48.0,24.2,13.3,point
2025-10-27 08:00:00 PM,18.6,49.8,16.9,7.9,point
2025-10-27 08:30:00 PM,10.5,51.3,9.4,0.8,point
2025-10-27 09:00:00 PM,8.4,68.1,8.0,2.9,point
2025-10-27 09:30:00 PM,7.7,69.9,7.3,2.5,point
2025-10-27 10:00:00 PM,8.4,70.5,8.0,3.4,point
2025-10-27 10:30:00 PM,7.6,70.6,7.3,2.6,point
2025-10-27 11:00:00 PM,7.2,72.5,6.9,2.6,point
2025-10-27 11:30:00 PM,7.3,72.3,7.0,2.6,point
2025-10-28 12:00:00 AM,7.2,72.6,6.9,2.6,point
2025-10-28 12:30:00 AM,7.3,73.7,7.0,2.9,point
2025-10-28 01:00:00 AM,7.2,73.4,7.0,2.8,point
2025-10-28 01:30:00 AM,7.2,74.6,7.0,3.0,point
2025-10-28 02:00:00 AM,7.2,73.3,6.9,2.7,point
2025-10-28 02:30:00 AM,7.2,74.0,7.0,2.9,point
2025-10-28 03:00:00 AM,7.2,74.1,6.9,2.9,point
2025-10-28 03:30:00 AM,7.2,74.4,6.9,2.9,point
2025-10-28 04:00:00 AM,7.2,74.9,7.0,3.1,point
2025-10-28 04:30:00 AM,6.9,74.2,6.7,2.6,point
2025-10-28 05:00:00 AM,6.9,75.0,6.7,2.8,point
2025-10-28 05:30:00 AM,7.0,75.1,6.8,2.9,point
2025-10-28 06:00:00 AM,7.0,75.1,6.8,3.0,point
2025-10-28 06:30:00 AM,8.3,76.9,8.1,4.5,point
2025-10-28 07:00:00 AM,14.8,70.8,14.2,9.6,point
2025-10-28 07:30:00 AM,22.0,57.9,21.8,13.3,point
2025-10-28 08:00:00 AM,24.1,51.5,23.5,13.5,point
2025-10-28 08:30:00 AM,24.4,50.7,23.7,13.5,point
2025-10-28 09:00:00 AM,24.6,51.0,24.0,13.8,point
2025-10-28 09:30:00 AM,24.6,51.0,23.9,13.8,point
2025-10-28 10:00:00 AM,24.7,51.5,24.1,14.0,point
2025-10-28 10:30:00 AM,24.6,51.3,24.0,13.9,point
2025-10-28 11:00:00 AM,24.7,51.5,24.1,14.0,point
2025-10-28 11:30:00 AM,24.7,51.4,24.1,14.0,point
2025-10-28 12:00:00 PM,24.6,51.9,24.0,14.1,point
2025-10-28 12:30:00 PM,24.7,52.0,24.2,14.2,point
2025-10-28 01:00:00 PM,24.4,51.6,23.7,13.8,point
2025-10-28 01:30:00 PM,24.6,52.4,24.0,14.2,point
2025-10-28 02:00:00 PM,24.7,51.9,24.2,14.2,point
2025-10-28 02:30:00 PM,24.3,51.5,23.6,13.7,point
2025-10-28 03:00:00 PM,24.7,50.7,24.1,13.8,point
2025-10-28 03:30:00 PM,24.9,50.7,24.2,14.0,point
2025-10-28 04:00:00 PM,24.8,50.6,24.1,13.8,point
2025-10-28 04:30:00 PM,24.9,51.3,24.2,14.2,point
2025-10-28 05:00:00 PM,24.8,50.8,24.1,13.9,point
2025-10-28 05:30:00 PM,24.7,50.2,24.0,13.6,point
2025-10-28 06:00:00 PM,24.7,50.0,24.0,13.6,point
2025-10-28 06:30:00 PM,24.8,50.3,24.2,13.8,point
2025-10-28 07:00:00 PM,24.7,49.9,24.0,13.6,point
2025-10-28 07:30:00 PM,23.3,49.4,22.6,12.1,point
2025-10-28 08:00:00 PM,16.8,51.1,15.2,6.7,point
2025-10-28 08:30:00 PM,10.1,68.5,9.6,4.6,point
2025-10-28 09:00:00 PM,7.9,71.1,7.5,3.0,point
2025-10-28 09:30:00 PM,7.7,74.3,7.3,3.4,point
2025-10-28 10:00:00 PM,7.5,75.1,7.2,3.4,point
2025-10-28 10:30:00 PM,7.2,75.2,7.0,3.1,point
2025-10-28 11:00:00 PM,7.2,75.7,7.0,3.2,point
2025-10-28 11:30:00 PM,7.3,75.9,7.1,3.4,point
2025-10-29 12:00:00 AM,7.3,76.0,7.0,3.3,point
2025-10-29 12:30:00 AM,7.2,76.5,7.0,3.4,point
2025-10-29 01:00:00 AM,7.2,77.0,7.0,3.5,point
2025-10-29 01:30:00 AM,7.2,77.8,7.0,3.6,point
2025-10-29 02:00:00 AM,7.2,77.6,7.0,3.6,point
2025-10-29 02:30:00 AM,7.2,77.2,7.0,3.5,point
2025-10-29 03:00:00 AM,7.2,77.3,6.9,3.5,point
2025-10-29 03:30:00 AM,7.2,76.2,7.0,3.3,point
2025-10-29 04:00:00 AM,7.2,77.0,7.0,3.5,point
2025-10-29 04:30:00 AM,7.2,76.1,6.9,3.3,point
2025-10-29 05:00:00 AM,7.2,76.3,7.0,3.3,point
2025-10-29 05:30:00 AM,7.2,76.2,7.0,3.3,point
2025-10-29 06:00:00 AM,7.0,74.2,6.8,2.7,point
2025-10-29 06:30:00 AM,8.7,77.2,8.5,5.0,point
2025-10-29 07:00:00 AM,14.8,71.2,14.1,9.6,point
2025-10-29 07:30:00 AM,22.0,57.1,21.8,13.2,point
2025-10-29 08:00:00 AM,24.1,50.5,23.5,13.2,point
2025-10-29 08:30:00 AM,24.4,49.8,23.7,13.3,point
2025-10-29 09:00:00 AM,24.6,49.9,23.8,13.4,point
2025-10-29 09:30:00 AM,24.7,49.9,24.0,13.6,point
2025-10-29 10:00:00 AM,24.7,49.8,24.0,13.6,point
2025-10-29 10:30:00 AM,24.8,49.6,24.0,13.5,point
2025-10-29 11:00:00 AM,24.7,49.1,24.0,13.3,point
2025-10-29 11:30:00 AM,24.8,49.2,24.1,13.4,point
2025-10-29 12:00:00 PM,24.7,49.0,24.0,13.3,point
2025-10-29 12:30:00 PM,24.8,49.0,24.0,13.3,point
2025-10-29 01:00:00 PM,24.8,48.6,24.0,13.2,point
2025-10-29 01:30:00 PM,24.8,48.5,24.1,13.2,point
2025-10-29 02:00:00 PM,24.9,48.6,24.1,13.3,point
2025-10-29 02:30:00 PM,24.8,48.2,23.9,13.1,point
2025-10-29 03:00:00 PM,24.8,48.1,24.0,13.1,point
2025-10-29 03:30:00 PM,24.7,47.9,23.9,12.9,point
2025-10-29 04:00:00 PM,24.8,47.9,23.9,13.0,point
2025-10-29 04:30:00 PM,24.8,47.7,23.9,12.9,point
2025-10-29 05:00:00 PM,24.6,47.9,23.8,12.9,point
2025-10-29 05:30:00 PM,24.8,47.6,23.9,12.9,point
2025-10-29 06:00:00 PM,24.6,46.9,23.8,12.5,point
2025-10-29 06:30:00 PM,24.7,47.1,23.9,12.7,point
2025-10-29 07:00:00 PM,24.8,46.7,24.0,12.6,point
2025-10-29 07:30:00 PM,23.4,46.1,22.6,11.2,point
2025-10-29 08:00:00 PM,17.2,50.7,15.6,6.9,point
2025-10-29 08:30:00 PM,10.0,61.0,9.2,2.8,point
2025-10-29 09:00:00 PM,7.3,65.2,6.9,1.2,point
2025-10-29 09:30:00 PM,7.7,69.1,7.3,2.4,point
2025-10-29 10:00:00 PM,7.4,69.9,7.0,2.2,point
2025-10-29 10:30:00 PM,7.3,69.8,6.9,2.1,point
2025-10-29 11:00:00 PM,7.2,70.0,6.9,2.1,point
2025-10-29 11:30:00 PM,7.2,70.6,6.9,2.2,point
2025-10-30 12:00:00 AM,7.2,70.2,6.9,2.1,point
2025-10-30 12:30:00 AM,7.1,70.7,6.8,2.2,point
2025-10-30 01:00:00 AM,7.2,70.8,6.8,2.2,point
2025-10-30 01:30:00 AM,7.2,71.1,6.9,2.3,point
2025-10-30 02:00:00 AM,7.1,70.3,6.8,2.1,point
2025-10-30 02:30:00 AM,7.2,70.5,6.8,2.2,point
2025-10-30 03:00:00 AM,7.1,70.3,6.8,2.1,point
2025-10-30 03:30:00 AM,7.2,70.5,6.9,2.2,point
2025-10-30 04:00:00 AM,7.2,70.1,6.8,2.1,point
2025-10-30 04:30:00 AM,7.1,69.7,6.7,1.9,point
2025-10-30 05:00:00 AM,7.1,69.6,6.7,1.9,point
2025-10-30 05:30:00 AM,7.1,69.8,6.7,2.0,point
2025-10-30 06:00:00 AM,7.0,69.5,6.7,1.8,point
2025-10-30 06:30:00 AM,8.8,72.9,8.5,4.2,point
2025-10-30 07:00:00 AM,14.6,66.4,13.7,8.4,point
2025-10-30 07:30:00 AM,22.0,53.6,21.6,12.1,point
2025-10-30 08:00:00 AM,24.1,47.8,23.3,12.3,point
2025-10-30 08:30:00 AM,24.5,48.0,23.6,12.8,point
2025-10-30 09:00:00 AM,24.6,48.2,23.8,12.9,point
2025-10-30 09:30:00 AM,24.7,48.2,23.8,13.0,point
2025-10-30 10:00:00 AM,24.6,48.0,23.7,12.8,point
2025-10-30 10:30:00 AM,24.8,48.5,24.0,13.2,point
2025-10-30 11:00:00 AM,24.5,48.3,23.7,12.9,point
2025-10-30 11:30:00 AM,24.6,48.9,23.9,13.2,point
2025-10-30 12:00:00 PM,24.7,49.0,24.0,13.3,point
2025-10-30 12:30:00 PM,24.7,49.2,24.0,13.3,point
2025-10-30 01:00:00 PM,24.8,49.1,24.0,13.4,point
2025-10-30 01:30:00 PM,24.7,48.8,24.0,13.2,point
2025-10-30 02:00:00 PM,24.8,48.7,24.0,13.3,point
2025-10-30 02:30:00 PM,24.8,48.6,24.1,13.2,point
2025-10-30 03:00:00 PM,24.8,48.3,23.9,13.1,point
2025-10-30 03:30:00 PM,24.9,48.3,24.0,13.2,point
2025-10-30 04:00:00 PM,24.8,48.0,23.9,13.0,point
2025-10-30 04:30:00 PM,25.0,40.7,23.8,10.8,point
2025-10-30 05:00:00 PM,25.6,42.6,24.5,11.9,point
2025-10-30 05:30:00 PM,25.7,43.4,24.6,12.3,point
2025-10-30 06:00:00 PM,25.6,43.1,24.6,12.2,point
2025-10-30 06:30:00 PM,25.6,43.2,24.6,12.2,point
2025-10-30 07:00:00 PM,25.6,43.5,24.7,12.3,point
2025-10-30 07:30:00 PM,24.0,43.3,23.0,10.8,point
2025-10-30 08:00:00 PM,17.9,47.3,16.0,6.6,point
2025-10-30 08:30:00 PM,10.4,54.4,9.4,1.6,point
2025-10-30 09:00:00 PM,7.6,66.6,7.2,1.8,point
2025-10-30 09:30:00 PM,8.3,75.3,8.1,4.2,point
2025-10-30 10:00:00 PM,7.2,72.2,6.9,2.5,point
2025-10-30 10:30:00 PM,7.1,73.6,6.8,2.7,point
2025-10-30 11:00:00 PM,7.0,74.6,6.8,2.8,point
2025-10-30 11:30:00 PM,7.1,75.2,6.8,3.0,point
2025-10-31 12:00:00 AM,7.0,75.6,6.8,3.0,point
2025-10-31 12:30:00 AM,7.1,76.1,6.8,3.2,point
2025-10-31 01:00:00 AM,7.2,76.4,6.9,3.3,point
2025-10-31 01:30:00 AM,7.1,76.5,6.8,3.2,point
2025-10-31 02:00:00 AM,7.1,76.7,6.8,3.3,point
2025-10-31 02:30:00 AM,7.1,76.8,6.8,3.3,point
2025-10-31 03:00:00 AM,7.1,76.8,6.9,3.3,point
2025-10-31 03:30:00 AM,7.1,76.6,6.8,3.2,point
2025-10-31 04:00:00 AM,7.1,76.5,6.9,3.3,point
2025-10-31 04:30:00 AM,7.1,76.5,6.9,3.3,point
2025-10-31 05:00:00 AM,7.1,76.5,6.8,3.2,point
2025-10-31 05:30:00 AM,7.1,76.5,6.8,3.2,point
2025-10-31 06:00:00 AM,7.0,76.4,6.8,3.2,point
2025-10-31 06:30:00 AM,8.1,78.5,7.9,4.6,point
2025-10-31 07:00:00 AM,15.3,70.7,14.6,10.0,point
2025-10-31 07:30:00 AM,22.1,56.8,21.9,13.2,point
2025-10-31 08:00:00 AM,24.6,48.1,23.8,12.9,point
2025-10-31 08:30:00 AM,25.1,47.1,24.2,13.1,point
2025-10-31 09:00:00 AM,25.2,46.7,24.3,13.0,point
2025-10-31 09:30:00 AM,25.4,46.6,24.5,13.1,point
2025-10-31 10:00:00 AM,25.5,46.8,24.7,13.3,point
2025-10-31 10:30:00 AM,25.5,46.7,24.6,13.2,point
2025-10-31 11:00:00 AM,25.5,46.9,24.9,13.3,point
2025-10-31 11:30:00 AM,25.5,46.5,24.8,13.2,point
2025-10-31 12:00:00 PM,25.5,46.1,24.6,13.1,point
2025-10-31 12:30:00 PM,25.5,45.4,24.6,12.8,point
2025-10-31 01:00:00 PM,25.5,44.4,24.5,12.5,point
2025-10-31 01:30:00 PM,25.5,44.1,24.5,12.4,point
2025-10-31 02:00:00 PM,25.2,43.9,24.2,12.1,point
2025-10-31 02:30:00 PM,25.3,43.7,24.2,12.1,point
2025-10-31 03:00:00 PM,25.4,43.2,24.3,12.0,point
2025-10-31 03:30:00 PM,25.3,43.0,24.3,11.8,point
2025-10-31 04:00:00 PM,25.4,42.5,24.3,11.7,point
2025-10-31 04:30:00 PM,25.4,42.4,24.4,11.7,point
2025-10-31 05:00:00 PM,25.5,42.3,24.4,11.7,point
2025-10-31 05:30:00 PM,24.6,59.9,24.5,16.3,point
2025-10-31 06:00:00 PM,24.6,71.8,25.2,19.2,point
2025-10-31 06:30:00 PM,24.6,74.1,25.4,19.7,point
2025-10-31 07:00:00 PM,24.7,74.2,25.4,19.8,point
2025-10-31 07:30:00 PM,23.6,62.8,23.7,16.1,point
2025-10-31 08:00:00 PM,16.4,56.9,15.1,7.8,point
2025-10-31 08:30:00 PM,10.1,58.7,9.3,2.4,point
2025-10-31 09:00:00 PM,7.6,72.6,7.3,3.0,point
2025-10-31 09:30:00 PM,7.7,80.6,7.5,4.5,point
2025-10-31 10:00:00 PM,7.7,84.4,7.6,5.2,point
2025-10-31 10:30:00 PM,7.7,87.1,7.6,5.6,point
2025-10-31 11:00:00 PM,7.2,84.0,7.2,4.7,point
2025-10-31 11:30:00 PM,7.6,84.7,7.6,5.2,point
2025-11-01 12:00:00 AM,7.6,82.4,7.4,4.8,point
2025-11-01 12:30:00 AM,7.4,82.1,7.3,4.6,point
2025-11-01 01:00:00 AM,7.1,80.5,6.9,4.0,point
2025-11-01 01:30:00 AM,7.1,80.4,7.0,4.0,point
2025-11-01 02:00:00 AM,7.2,80.0,7.0,4.0,point
2025-11-01 02:30:00 AM,7.2,79.5,7.1,3.9,point
2025-11-01 03:00:00 AM,7.2,79.1,7.1,3.8,point
2025-11-01 03:30:00 AM,7.3,78.7,7.0,3.8,point
2025-11-01 04:00:00 AM,7.2,78.2,7.0,3.7,point
2025-11-01 04:30:00 AM,7.2,77.9,6.9,3.6,point
2025-11-01 05:00:00 AM,6.8,78.1,6.6,3.3,point
2025-11-01 05:30:00 AM,6.9,78.0,6.7,3.4,point
2025-11-01 06:00:00 AM,7.0,77.9,6.8,3.4,point
2025-11-01 06:30:00 AM,9.0,86.3,8.9,6.8,point
2025-11-01 07:00:00 AM,14.4,77.2,14.1,10.5,point
2025-11-01 07:30:00 AM,21.8,65.8,22.0,15.1,point
2025-11-01 08:00:00 AM,24.1,58.7,24.0,15.5,point
2025-11-01 08:30:00 AM,24.4,57.8,24.2,15.6,point
2025-11-01 09:00:00 AM,24.6,57.6,24.3,15.6,point
2025-11-01 09:30:00 AM,24.7,57.8,24.4,15.8,point
2025-11-01 10:00:00 AM,24.6,57.3,24.4,15.6,point
2025-11-01 10:30:00 AM,24.8,57.6,24.5,15.8,point
2025-11-01 11:00:00 AM,24.7,57.4,24.5,15.8,point
2025-11-01 11:30:00 AM,24.7,57.3,24.5,15.7,point
2025-11-01 12:00:00 PM,24.7,56.9,24.5,15.6,point
2025-11-01 12:30:00 PM,24.8,56.7,24.4,15.6,point
2025-11-01 01:00:00 PM,24.7,56.2,24.4,15.4,point
2025-11-01 01:30:00 PM,24.7,55.4,24.4,15.2,point
2025-11-01 02:00:00 PM,24.7,55.1,24.4,15.1,point
2025-11-01 02:30:00 PM,24.8,55.0,24.5,15.2,point
2025-11-01 03:00:00 PM,24.8,54.4,24.3,14.9,point
2025-11-01 03:30:00 PM,24.7,53.7,24.3,14.7,point
2025-11-01 04:00:00 PM,24.8,53.8,24.4,14.8,point
2025-11-01 04:30:00 PM,24.8,53.5,24.3,14.7,point
2025-11-01 05:00:00 PM,24.8,53.1,24.2,14.6,point
2025-11-01 05:30:00 PM,24.8,52.7,24.2,14.4,point
2025-11-01 06:00:00 PM,24.7,52.8,24.2,14.4,point
2025-11-01 06:30:00 PM,24.8,52.8,24.3,14.5,point
2025-11-01 07:00:00 PM,24.7,52.4,24.2,14.3,point
2025-11-01 07:30:00 PM,23.2,51.7,22.7,12.7,point
2025-11-01 08:00:00 PM,16.9,49.3,15.2,6.2,point
2025-11-01 08:30:00 PM,9.4,56.8,8.6,1.3,point
2025-11-01 09:00:00 PM,7.6,68.8,7.1,2.2,point
2025-11-01 09:30:00 PM,7.0,70.8,6.7,2.1,point
2025-11-01 10:00:00 PM,8.4,74.8,8.0,4.2,point
2025-11-01 10:30:00 PM,7.4,71.2,7.0,2.5,point
2025-11-01 11:00:00 PM,6.9,70.3,6.5,1.9,point
2025-11-01 11:30:00 PM,6.7,70.7,6.4,1.8,point
2025-11-02 12:00:00 AM,6.8,70.8,6.5,1.9,point
2025-11-02 12:30:00 AM,6.9,71.0,6.6,2.0,point
2025-11-02 01:00:00 AM,6.9,71.0,6.6,2.0,point
2025-11-02 01:30:00 AM,6.9,71.3,6.6,2.1,point
2025-11-02 02:00:00 AM,7.0,71.4,6.6,2.1,point
2025-11-02 02:30:00 AM,6.9,71.3,6.6,2.1,point
2025-11-02 03:00:00 AM,6.9,71.3,6.6,2.1,point
2025-11-02 03:30:00 AM,6.9,71.3,6.6,2.1,point
2025-11-02 04:00:00 AM,7.0,71.3,6.6,2.1,point
2025-11-02 04:30:00 AM,7.0,71.2,6.6,2.1,point
2025-11-02 05:00:00 AM,7.0,71.2,6.7,2.2,point
2025-11-02 05:30:00 AM,7.0,71.2,6.6,2.1,point
2025-11-02 06:00:00 AM,7.0,71.3,6.6,2.1,point
2025-11-02 06:30:00 AM,8.0,73.1,7.6,3.5,point
2025-11-02 07:00:00 AM,13.0,70.2,12.5,7.7,point
2025-11-02 07:30:00 AM,20.1,60.7,19.4,12.2,point
2025-11-02 08:00:00 AM,22.7,54.8,22.3,13.1,point
2025-11-02 08:30:00 AM,23.2,54.7,22.8,13.6,point
2025-11-02 09:00:00 AM,23.4,55.3,23.1,13.9,point
2025-11-02 09:30:00 AM,23.5,55.5,23.1,14.1,point
2025-11-02 10:00:00 AM,23.6,55.8,23.2,14.2,point
2025-11-02 10:30:00 AM,23.6,56.2,23.3,14.4,point
2025-11-02 11:00:00 AM,23.6,56.3,23.3,14.4,point
2025-11-02 11:30:00 AM,23.6,56.6,23.3,14.5,point
2025-11-02 12:00:00 PM,23.6,56.9,23.4,14.6,point
2025-11-02 12:30:00 PM,23.7,57.2,23.5,14.8,point
2025-11-02 01:00:00 PM,23.7,57.3,23.5,14.8,point
2025-11-02 01:30:00 PM,23.7,57.2,23.5,14.7,point
2025-11-02 02:00:00 PM,23.7,56.7,23.5,14.6,point
2025-11-02 02:30:00 PM,23.7,56.0,23.4,14.4,point
2025-11-02 03:00:00 PM,23.7,55.3,23.4,14.2,point
2025-11-02 03:30:00 PM,23.7,54.7,23.3,14.1,point
2025-11-02 04:00:00 PM,23.7,54.2,23.3,13.9,point
2025-11-02 04:30:00 PM,23.7,53.8,23.3,13.8,point
2025-11-02 05:00:00 PM,23.7,53.4,23.2,13.7,point
2025-11-02 05:30:00 PM,23.8,53.2,23.2,13.7,point
2025-11-02 06:00:00 PM,23.7,53.1,23.2,13.6,point
2025-11-02 06:30:00 PM,23.7,53.0,23.2,13.6,point
2025-11-02 07:00:00 PM,23.7,53.0,23.2,13.6,point
2025-11-02 07:30:00 PM,22.5,52.4,22.0,12.2,point
2025-11-02 08:00:00 PM,17.4,56.4,16.0,8.6,point
2025-11-02 08:30:00 PM,10.3,57.1,9.5,2.2,point
2025-11-02 09:00:00 PM,7.9,69.7,7.5,2.7,point
2025-11-02 09:30:00 PM,7.5,70.8,7.2,2.5,point
2025-11-02 10:00:00 PM,7.2,70.9,6.9,2.3,point
2025-11-02 10:30:00 PM,7.2,70.8,6.8,2.2,point
2025-11-02 11:00:00 PM,7.2,70.7,6.8,2.2,point
2025-11-02 11:30:00 PM,7.2,71.2,6.8,2.3,point
2025-11-03 12:00:00 AM,7.1,71.1,6.7,2.2,point
2025-11-03 12:30:00 AM,7.2,71.7,6.8,2.4,point
2025-11-03 01:00:00 AM,7.2,71.8,6.9,2.5,point
2025-11-03 01:30:00 AM,7.1,71.5,6.7,2.3,point
2025-11-03 02:00:00 AM,7.1,71.6,6.8,2.4,point
2025-11-03 02:30:00 AM,7.1,71.9,6.7,2.4,point
2025-11-03 03:00:00 AM,7.0,71.3,6.7,2.2,point
2025-11-03 03:30:00 AM,6.8,72.2,6.4,2.1,point
2025-11-03 04:00:00 AM,6.9,72.5,6.5,2.3,point
2025-11-03 04:30:00 AM,6.9,72.5,6.5,2.2,point
2025-11-03 05:00:00 AM,6.9,72.6,6.6,2.3,point
2025-11-03 05:30:00 AM,7.0,72.8,6.7,2.5,point
2025-11-03 06:00:00 AM,7.0,72.8,6.7,2.5,point
2025-11-03 06:30:00 AM,7.9,74.6,7.6,3.7,point
2025-11-03 07:00:00 AM,14.7,70.6,14.0,9.4,point
2025-11-03 07:30:00 AM,21.6,60.4,21.6,13.6,point
2025-11-03 08:00:00 AM,24.0,55.0,23.5,14.4,point
2025-11-03 08:30:00 AM,24.4,55.1,24.0,14.8,point
2025-11-03 09:00:00 AM,24.5,55.5,24.2,15.0,point
2025-11-03 09:30:00 AM,24.6,56.0,24.3,15.2,point
2025-11-03 10:00:00 AM,24.6,55.9,24.2,15.2,point
2025-11-03 10:30:00 AM,24.7,56.0,24.3,15.3,point
2025-11-03 11:00:00 AM,24.7,56.1,24.3,15.3,point
2025-11-03 11:30:00 AM,24.7,56.0,24.3,15.3,point
2025-11-03 12:00:00 PM,24.7,56.4,24.4,15.5,point
2025-11-03 12:30:00 PM,24.7,56.3,24.3,15.4,point
2025-11-03 01:00:00 PM,24.8,56.6,24.4,15.6,point
2025-11-03 01:30:00 PM,24.7,56.0,24.3,15.3,point
2025-11-03 02:00:00 PM,24.7,54.9,24.3,15.1,point
2025-11-03 02:30:00 PM,24.7,55.0,24.2,15.0,point
2025-11-03 03:00:00 PM,24.6,54.7,24.2,14.9,point
2025-11-03 03:30:00 PM,24.8,50.4,24.1,13.8,point
2025-11-03 04:00:00 PM,25.2,43.7,24.1,11.9,point
2025-11-03 04:30:00 PM,25.7,46.3,24.9,13.3,point
2025-11-03 05:00:00 PM,25.7,48.6,25.1,14.0,point
2025-11-03 05:30:00 PM,25.6,49.1,25.1,14.2,point
2025-11-03 06:00:00 PM,25.5,49.6,25.0,14.2,point
2025-11-03 06:30:00 PM,25.6,49.2,25.1,14.2,point
2025-11-03 07:00:00 PM,25.7,49.5,25.1,14.3,point
2025-11-03 07:30:00 PM,23.9,48.6,23.2,12.4,point
2025-11-03 08:00:00 PM,17.0,49.7,15.3,6.4,point
2025-11-03 08:30:00 PM,10.1,60.3,9.3,2.7,point
2025-11-03 09:00:00 PM,7.7,67.9,7.2,2.1,point
2025-11-03 09:30:00 PM,7.1,70.6,6.8,2.1,point
2025-11-03 10:00:00 PM,7.0,71.1,6.6,2.1,point
2025-11-03 10:30:00 PM,7.5,70.1,7.1,2.4,point
2025-11-03 11:00:00 PM,7.0,72.2,6.7,2.4,point
2025-11-03 11:30:00 PM,7.0,72.5,6.6,2.4,point
2025-11-04 12:00:00 AM,6.9,72.8,6.6,2.4,point
2025-11-04 12:30:00 AM,7.0,73.2,6.7,2.5,point
2025-11-04 01:00:00 AM,6.9,73.4,6.7,2.5,point
2025-11-04 01:30:00 AM,6.9,73.5,6.7,2.5,point
2025-11-04 02:00:00 AM,6.9,73.4,6.6,2.5,point
2025-11-04 02:30:00 AM,6.9,73.5,6.7,2.5,point
2025-11-04 03:00:00 AM,6.9,73.5,6.7,2.5,point
2025-11-04 03:30:00 AM,6.9,73.9,6.7,2.6,point
2025-11-04 04:00:00 AM,6.9,74.0,6.7,2.6,point
2025-11-04 04:30:00 AM,6.9,74.2,6.7,2.6,point
2025-11-04 05:00:00 AM,6.9,74.5,6.7,2.7,point
2025-11-04 05:30:00 AM,7.0,74.7,6.7,2.8,point
2025-11-04 06:00:00 AM,6.9,74.8,6.7,2.8,point
2025-11-04 06:30:00 AM,7.9,76.8,7.7,4.1,point
2025-11-04 07:00:00 AM,15.0,70.9,14.3,9.7,point
2025-11-04 07:30:00 AM,21.6,60.0,21.5,13.5,point
2025-11-04 08:00:00 AM,24.6,53.2,24.1,14.5,point
2025-11-04 08:30:00 AM,24.5,53.0,24.0,14.3,point
2025-11-04 09:00:00 AM,24.7,53.2,24.2,14.6,point
2025-11-04 09:30:00 AM,24.7,53.1,24.2,14.5,point
2025-11-04 10:00:00 AM,24.8,53.0,24.2,14.6,point
2025-11-04 10:30:00 AM,24.8,53.2,24.2,14.6,point
2025-11-04 11:00:00 AM,24.8,53.2,24.3,14.7,point
2025-11-04 11:30:00 AM,24.9,53.5,24.5,14.8,point
2025-11-04 12:00:00 PM,24.9,53.2,24.3,14.7,point
2025-11-04 12:30:00 PM,24.9,52.9,24.3,14.6,point
2025-11-04 01:00:00 PM,24.8,52.1,24.3,14.3,point
2025-11-04 01:30:00 PM,24.9,51.5,24.2,14.2,point
2025-11-04 02:00:00 PM,25.0,51.0,24.5,14.1,point
2025-11-04 02:30:00 PM,24.9,50.1,24.3,13.8,point
2025-11-04 03:00:00 PM,24.9,49.9,24.1,13.7,point
2025-11-04 03:30:00 PM,24.9,49.5,24.2,13.7,point
2025-11-04 04:00:00 PM,24.9,49.1,24.1,13.5,point
2025-11-04 04:30:00 PM,24.9,48.9,24.2,13.4,point
2025-11-04 05:00:00 PM,24.9,48.9,24.2,13.4,point
2025-11-04 05:30:00 PM,24.9,48.6,24.2,13.4,point
2025-11-04 06:00:00 PM,24.9,48.0,24.1,13.2,point
2025-11-04 06:30:00 PM,24.9,47.9,24.1,13.1,point
2025-11-04 07:00:00 PM,24.9,47.8,24.1,13.1,point
2025-11-04 07:30:00 PM,23.7,47.5,22.9,11.9,point
2025-11-04 08:00:00 PM,17.7,50.8,16.0,7.4,point
2025-11-04 08:30:00 PM,9.8,59.8,9.1,2.4,point
2025-11-04 09:00:00 PM,7.2,65.2,6.8,1.1,point
2025-11-04 09:30:00 PM,7.0,67.5,6.6,1.4,point
2025-11-04 10:00:00 PM,6.7,68.7,6.4,1.4,point
2025-11-04 10:30:00 PM,6.7,68.7,6.4,1.4,point
2025-11-04 11:00:00 PM,6.8,68.9,6.4,1.5,point
2025-11-04 11:30:00 PM,6.8,68.7,6.4,1.4,point
2025-11-05 12:00:00 AM,6.8,68.6,6.5,1.4,point
2025-11-05 12:30:00 AM,6.8,68.5,6.5,1.4,point
2025-11-05 01:00:00 AM,7.5,68.2,7.0,2.0,point
2025-11-05 01:30:00 AM,7.0,68.0,6.6,1.5,point
2025-11-05 02:00:00 AM,6.8,68.3,6.4,1.4,point
2025-11-05 02:30:00 AM,6.8,68.3,6.4,1.4,point
2025-11-05 03:00:00 AM,6.8,68.2,6.5,1.4,point
2025-11-05 03:30:00 AM,6.8,68.3,6.5,1.4,point
2025-11-05 04:00:00 AM,6.9,68.1,6.5,1.4,point
2025-11-05 04:30:00 AM,6.9,68.2,6.5,1.4,point
2025-11-05 05:00:00 AM,6.9,68.2,6.5,1.4,point
2025-11-05 05:30:00 AM,6.8,68.2,6.4,1.3,point
2025-11-05 06:00:00 AM,6.9,68.3,6.5,1.5,point
2025-11-05 06:30:00 AM,7.9,69.7,7.5,2.7,point
2025-11-05 07:00:00 AM,14.2,65.6,13.4,7.9,point
2025-11-05 07:30:00 AM,21.6,54.3,21.3,11.9,point
2025-11-05 08:00:00 AM,24.2,49.5,23.4,13.0,point
2025-11-05 08:30:00 AM,24.6,49.9,23.9,13.5,point
2025-11-05 09:00:00 AM,24.6,50.2,24.0,13.6,point
2025-11-05 09:30:00 AM,24.7,50.0,24.0,13.6,point
2025-11-05 10:00:00 AM,24.7,49.8,24.0,13.6,point
2025-11-05 10:30:00 AM,24.7,49.8,24.0,13.6,point
2025-11-05 11:00:00 AM,24.8,49.8,24.0,13.6,point
2025-11-05 11:30:00 AM,24.9,50.0,24.1,13.7,point
2025-11-05 12:00:00 PM,24.8,49.9,24.0,13.6,point
2025-11-05 12:30:00 PM,24.9,50.0,24.1,13.8,point
2025-11-05 01:00:00 PM,24.9,49.8,24.1,13.6,point
2025-11-05 01:30:00 PM,24.8,49.5,24.0,13.5,point
2025-11-05 02:00:00 PM,24.9,49.4,24.1,13.6,point
2025-11-05 02:30:00 PM,24.9,49.3,24.1,13.5,point
2025-11-05 03:00:00 PM,24.9,49.4,24.1,13.6,point
2025-11-05 03:30:00 PM,24.9,49.4,24.1,13.6,point
2025-11-05 04:00:00 PM,24.9,49.1,24.1,13.5,point
2025-11-05 04:30:00 PM,25.1,47.7,24.4,13.2,point
2025-11-05 05:00:00 PM,24.6,47.4,23.8,12.7,point
2025-11-05 05:30:00 PM,24.7,47.2,23.9,12.7,point
2025-11-05 06:00:00 PM,24.7,47.0,23.9,12.7,point
2025-11-05 06:30:00 PM,24.7,46.8,23.9,12.6,point
2025-11-05 07:00:00 PM,24.8,46.7,23.9,12.6,point
2025-11-05 07:30:00 PM,24.3,45.9,23.4,11.9,point
2025-11-05 08:00:00 PM,17.9,47.7,15.9,6.6,point
2025-11-05 08:30:00 PM,9.7,56.5,8.8,1.5,point
2025-11-05 09:00:00 PM,7.6,65.7,7.1,1.6,point
2025-11-05 09:30:00 PM,7.0,68.2,6.6,1.6,point
2025-11-05 10:00:00 PM,6.9,69.0,6.5,1.6,point
2025-11-05 10:30:00 PM,6.9,69.5,6.5,1.7,point
2025-11-05 11:00:00 PM,6.8,69.8,6.5,1.7,point
2025-11-05 11:30:00 PM,6.8,70.3,6.5,1.8,point
2025-11-06 12:00:00 AM,6.8,70.5,6.4,1.8,point
2025-11-06 12:30:00 AM,6.9,70.8,6.5,1.9,point
2025-11-06 01:00:00 AM,6.8,71.0,6.5,1.9,point
2025-11-06 01:30:00 AM,6.9,71.6,6.5,2.1,point
2025-11-06 02:00:00 AM,6.9,71.6,6.5,2.1,point
2025-11-06 02:30:00 AM,6.9,71.6,6.5,2.1,point
2025-11-06 03:00:00 AM,6.9,71.8,6.5,2.1,point
2025-11-06 03:30:00 AM,6.9,71.7,6.5,2.1,point
2025-11-06 04:00:00 AM,6.9,71.7,6.5,2.1,point
2025-11-06 04:30:00 AM,6.9,71.6,6.5,2.1,point
2025-11-06 05:00:00 AM,6.9,71.6,6.5,2.1,point
2025-11-06 05:30:00 AM,6.8,71.7,6.4,2.0,point
2025-11-06 06:00:00 AM,7.0,71.9,6.6,2.2,point
2025-11-06 06:30:00 AM,7.8,73.7,7.4,3.4,point
2025-11-06 07:00:00 AM,12.8,70.0,12.2,7.4,point
2025-11-06 07:30:00 AM,20.1,58.2,19.3,11.6,point
2025-11-06 08:00:00 AM,23.0,50.7,22.5,12.2,point
2025-11-06 08:30:00 AM,23.5,50.2,22.9,12.5,point
2025-11-06 09:00:00 AM,23.7,50.6,23.1,12.8,point
2025-11-06 09:30:00 AM,23.7,50.8,23.1,12.9,point
2025-11-06 10:00:00 AM,23.8,50.8,23.1,13.0,point
2025-11-06 10:30:00 AM,23.8,50.8,23.2,13.0,point
2025-11-06 11:00:00 AM,23.8,50.9,23.2,13.1,point
2025-11-06 11:30:00 AM,23.9,51.0,23.2,13.1,point
2025-11-06 12:00:00 PM,23.8,51.2,23.2,13.2,point
2025-11-06 12:30:00 PM,23.9,51.3,23.2,13.2,point
2025-11-06 01:00:00 PM,23.9,51.0,23.2,13.2,point
2025-11-06 01:30:00 PM,23.9,50.8,23.3,13.1,point
2025-11-06 02:00:00 PM,23.9,50.6,23.3,13.0,point
2025-11-06 02:30:00 PM,24.1,42.7,23.0,10.6,point
2025-11-06 03:00:00 PM,23.3,41.9,22.3,9.7,point
2025-11-06 03:30:00 PM,23.3,41.1,22.3,9.4,point
2025-11-06 04:00:00 PM,23.4,40.7,22.2,9.3,point
2025-11-06 04:30:00 PM,23.3,40.7,22.2,9.2,point
2025-11-06 05:00:00 PM,23.3,40.7,22.1,9.2,point
2025-11-06 05:30:00 PM,23.3,40.3,22.2,9.1,point
2025-11-06 06:00:00 PM,23.3,40.8,22.2,9.2,point
2025-11-06 06:30:00 PM,23.3,40.0,22.1,8.9,point
2025-11-06 07:00:00 PM,23.3,39.4,22.2,8.8,point
2025-11-06 07:30:00 PM,22.2,39.1,21.2,7.6,point
2025-11-06 08:00:00 PM,17.1,44.5,15.0,4.9,point
2025-11-06 08:30:00 PM,10.1,50.7,9.1,0.4,point
2025-11-06 09:00:00 PM,7.9,65.8,7.5,1.9,point
2025-11-06 09:30:00 PM,7.2,66.3,6.8,1.4,point
2025-11-06 10:00:00 PM,7.1,67.5,6.7,1.5,point
2025-11-06 10:30:00 PM,7.1,68.8,6.6,1.8,point
2025-11-06 11:00:00 PM,7.0,68.9,6.6,1.7,point
2025-11-06 11:30:00 PM,7.0,69.6,6.7,1.8,point
2025-11-07 12:00:00 AM,6.7,69.9,6.4,1.6,point
2025-11-07 12:30:00 AM,6.7,71.3,6.4,1.9,point
2025-11-07 01:00:00 AM,6.8,71.6,6.4,2.0,point
2025-11-07 01:30:00 AM,6.8,71.4,6.5,2.0,point
2025-11-07 02:00:00 AM,6.8,71.5,6.5,2.0,point
2025-11-07 02:30:00 AM,6.9,71.5,6.5,2.1,point
2025-11-07 03:00:00 AM,6.9,71.6,6.5,2.1,point
2025-11-07 03:30:00 AM,6.8,71.5,6.5,2.0,point
2025-11-07 04:00:00 AM,6.9,71.2,6.5,2.0,point
2025-11-07 04:30:00 AM,6.9,71.1,6.5,2.0,point
2025-11-07 05:00:00 AM,6.8,70.9,6.4,1.9,point
2025-11-07 05:30:00 AM,6.8,70.8,6.4,1.9,point
2025-11-07 06:00:00 AM,6.9,70.8,6.5,1.9,point
2025-11-07 06:30:00 AM,7.9,71.9,7.6,3.2,point
2025-11-07 07:00:00 AM,14.6,61.0,13.5,7.1,point
2025-11-07 07:30:00 AM,21.7,45.7,21.1,9.5,point
2025-11-07 08:00:00 AM,23.7,39.9,22.5,9.3,point
2025-11-07 08:30:00 AM,24.1,39.4,22.8,9.5,point
2025-11-07 09:00:00 AM,24.2,39.1,22.8,9.4,point
2025-11-07 09:30:00 AM,24.2,39.1,22.8,9.4,point
2025-11-07 10:00:00 AM,24.2,39.0,22.9,9.4,point
2025-11-07 10:30:00 AM,24.2,39.1,22.8,9.4,point
2025-11-07 11:00:00 AM,24.3,39.4,22.9,9.6,point
2025-11-07 11:30:00 AM,24.3,39.5,22.9,9.6,point
2025-11-07 12:00:00 PM,24.4,39.5,23.0,9.7,point
2025-11-07 12:30:00 PM,24.4,38.8,23.0,9.4,point
2025-11-07 01:00:00 PM,24.3,38.6,23.0,9.3,point
2025-11-07 01:30:00 PM,24.4,38.0,22.9,9.2,point
2025-11-07 02:00:00 PM,24.3,37.3,22.8,8.8,point
2025-11-07 02:30:00 PM,24.4,37.2,23.0,8.9,point
2025-11-07 03:00:00 PM,24.3,37.4,22.9,8.9,point
2025-11-07 03:30:00 PM,24.4,36.9,22.9,8.7,point
2025-11-07 04:00:00 PM,24.4,36.7,22.9,8.7,point
2025-11-07 04:30:00 PM,24.6,54.0,24.1,14.7,point
2025-11-07 05:00:00 PM,24.4,52.1,23.9,13.9,point
2025-11-07 05:30:00 PM,24.4,50.9,23.7,13.6,point
2025-11-07 06:00:00 PM,24.4,49.1,23.7,13.1,point
2025-11-07 06:30:00 PM,24.4,44.0,23.4,11.4,point
2025-11-07 07:00:00 PM,24.5,42.1,23.4,10.8,point
2025-11-07 07:30:00 PM,23.2,40.9,22.2,9.2,point
2025-11-07 08:00:00 PM,16.8,46.6,14.8,5.3,point
2025-11-07 08:30:00 PM,9.4,56.9,8.6,1.3,point
2025-11-07 09:00:00 PM,7.2,67.0,6.8,1.5,point
2025-11-07 09:30:00 PM,6.8,69.3,6.5,1.6,point
2025-11-07 10:00:00 PM,6.6,70.2,6.3,1.6,point
2025-11-07 10:30:00 PM,6.7,70.9,6.3,1.8,point
2025-11-07 11:00:00 PM,7.0,70.2,6.6,1.9,point
2025-11-07 11:30:00 PM,6.5,70.3,6.2,1.5,point
2025-11-08 12:00:00 AM,6.9,71.0,6.5,2.0,point
2025-11-08 12:30:00 AM,6.9,71.5,6.5,2.1,point
2025-11-08 01:00:00 AM,6.8,71.9,6.4,2.1,point
2025-11-08 01:30:00 AM,6.7,71.7,6.4,2.0,point
2025-11-08 02:00:00 AM,6.8,70.0,6.5,1.7,point
2025-11-08 02:30:00 AM,6.7,71.9,6.4,2.0,point
2025-11-08 03:00:00 AM,6.7,71.1,6.3,1.8,point
2025-11-08 03:30:00 AM,6.6,71.5,6.3,1.9,point
2025-11-08 04:00:00 AM,6.7,70.8,6.3,1.7,point
2025-11-08 04:30:00 AM,6.7,70.4,6.3,1.7,point
2025-11-08 05:00:00 AM,6.7,70.3,6.3,1.6,point
2025-11-08 05:30:00 AM,6.7,70.2,6.4,1.7,point
2025-11-08 06:00:00 AM,6.7,70.3,6.4,1.7,point
2025-11-08 06:30:00 AM,7.6,71.5,7.2,2.7,point
2025-11-08 07:00:00 AM,13.8,62.9,12.8,6.8,point
2025-11-08 07:30:00 AM,21.2,46.8,20.5,9.4,point
2025-11-08 08:00:00 AM,23.8,39.9,22.5,9.3,point
2025-11-08 08:30:00 AM,24.2,39.0,22.9,9.4,point
2025-11-08 09:00:00 AM,24.4,38.9,23.0,9.5,point
2025-11-08 09:30:00 AM,24.5,38.8,23.2,9.6,point
2025-11-08 10:00:00 AM,24.4,38.7,23.1,9.5,point
2025-11-08 10:30:00 AM,24.4,38.5,23.1,9.4,point
2025-11-08 11:00:00 AM,24.4,38.6,23.1,9.4,point
2025-11-08 11:30:00 AM,24.2,38.9,22.9,9.4,point
2025-11-08 12:00:00 PM,24.5,38.7,23.1,9.5,point
2025-11-08 12:30:00 PM,24.5,38.3,23.1,9.4,point
2025-11-08 01:00:00 PM,24.5,38.1,23.0,9.3,point
2025-11-08 01:30:00 PM,24.5,37.8,23.1,9.2,point
2025-11-08 02:00:00 PM,24.6,37.5,23.1,9.1,point
2025-11-08 02:30:00 PM,24.6,37.2,23.1,9.0,point
2025-11-08 03:00:00 PM,24.2,37.1,22.8,8.7,point
2025-11-08 03:30:00 PM,24.6,36.8,23.1,8.9,point
2025-11-08 04:00:00 PM,24.5,36.4,23.0,8.7,point
2025-11-08 04:30:00 PM,24.6,36.2,23.1,8.6,point
2025-11-08 05:00:00 PM,24.5,35.9,23.0,8.4,point
2025-11-08 05:30:00 PM,24.5,35.9,23.0,8.4,point
2025-11-08 06:00:00 PM,24.3,36.0,22.8,8.3,point
2025-11-08 06:30:00 PM,24.6,35.9,23.0,8.5,point
2025-11-08 07:00:00 PM,24.5,35.7,23.0,8.4,point
2025-11-08 07:30:00 PM,23.3,36.1,21.9,7.4,point
2025-11-08 08:00:00 PM,16.8,42.7,14.6,4.0,point
2025-11-08 08:30:00 PM,9.0,52.6,8.2,-0.2,point
2025-11-08 09:00:00 PM,7.5,64.0,7.0,1.1,point
2025-11-08 09:30:00 PM,6.8,65.8,6.4,0.9,point
2025-11-08 10:00:00 PM,6.6,68.2,6.3,1.2,point
2025-11-08 10:30:00 PM,6.6,69.4,6.2,1.4,point
2025-11-08 11:00:00 PM,6.8,66.8,6.4,1.1,point
2025-11-08 11:30:00 PM,6.5,70.1,6.1,1.4,point
2025-11-09 12:00:00 AM,7.6,69.0,7.1,2.2,point
2025-11-09 12:30:00 AM,7.0,69.7,6.7,1.9,point
2025-11-09 01:00:00 AM,6.5,70.1,6.2,1.5,point
2025-11-09 01:30:00 AM,6.5,70.9,6.2,1.6,point
2025-11-09 02:00:00 AM,6.6,71.0,6.2,1.7,point
2025-11-09 02:30:00 AM,6.7,70.7,6.3,1.7,point
2025-11-09 03:00:00 AM,6.5,70.5,6.2,1.6,point
2025-11-09 03:30:00 AM,6.7,70.7,6.3,1.7,point
2025-11-09 04:00:00 AM,6.7,70.3,6.3,1.6,point
2025-11-09 04:30:00 AM,6.7,70.2,6.3,1.6,point
2025-11-09 05:00:00 AM,6.7,70.3,6.3,1.6,point
2025-11-09 05:30:00 AM,6.7,70.1,6.3,1.6,point
2025-11-09 06:00:00 AM,6.7,69.9,6.3,1.6,point
2025-11-09 06:30:00 AM,7.6,71.1,7.2,2.7,point
2025-11-09 07:00:00 AM,14.4,59.5,13.2,6.6,point
2025-11-09 07:30:00 AM,21.2,45.7,20.5,9.0,point
2025-11-09 08:00:00 AM,23.8,39.1,22.5,9.0,point
2025-11-09 08:30:00 AM,24.1,38.7,22.8,9.2,point
2025-11-09 09:00:00 AM,24.1,38.7,22.8,9.2,point
2025-11-09 09:30:00 AM,24.2,38.8,22.9,9.3,point
2025-11-09 10:00:00 AM,24.3,38.9,22.9,9.4,point
2025-11-09 10:30:00 AM,24.4,39.4,23.0,9.7,point
2025-11-09 11:00:00 AM,24.5,40.7,23.3,10.3,point
2025-11-09 11:30:00 AM,24.5,42.2,23.4,10.8,point
2025-11-09 12:00:00 PM,24.4,42.0,23.2,10.7,point
2025-11-09 12:30:00 PM,24.4,40.9,23.2,10.3,point
2025-11-09 01:00:00 PM,24.5,39.8,23.2,10.0,point
2025-11-09 01:30:00 PM,24.6,39.7,23.3,10.0,point
2025-11-09 02:00:00 PM,24.5,39.0,23.2,9.7,point
2025-11-09 02:30:00 PM,24.5,38.7,23.2,9.5,point
2025-11-09 03:00:00 PM,24.6,38.4,23.1,9.5,point
2025-11-09 03:30:00 PM,24.6,37.9,23.1,9.3,point
2025-11-09 04:00:00 PM,24.6,37.7,23.1,9.2,point
2025-11-09 04:30:00 PM,24.6,37.3,23.2,9.1,point
2025-11-09 05:00:00 PM,24.5,37.1,23.1,9.0,point
2025-11-09 05:30:00 PM,24.6,36.9,23.2,8.9,point
2025-11-09 06:00:00 PM,24.5,36.5,23.0,8.7,point
2025-11-09 06:30:00 PM,24.6,36.4,23.1,8.7,point
2025-11-09 07:00:00 PM,24.6,36.1,23.1,8.6,point
2025-11-09 07:30:00 PM,23.1,35.3,21.8,7.0,point
2025-11-09 08:00:00 PM,16.8,41.6,14.7,3.7,point
2025-11-09 08:30:00 PM,9.0,51.4,8.1,-0.5,point
2025-11-09 09:00:00 PM,7.7,60.9,7.1,0.6,point
2025-11-09 09:30:00 PM,7.2,62.8,6.7,0.6,point
2025-11-09 10:00:00 PM,7.0,63.1,6.5,0.5,point
2025-11-09 10:30:00 PM,7.2,64.4,6.8,0.9,point
2025-11-09 11:00:00 PM,7.0,62.8,6.5,0.4,point
2025-11-09 11:30:00 PM,7.0,62.4,6.4,0.3,point
2025-11-10 12:00:00 AM,6.9,62.2,6.4,0.2,point
2025-11-10 12:30:00 AM,6.9,61.7,6.3,0.0,point
2025-11-10 01:00:00 AM,6.8,61.7,6.3,-0.0,point
2025-11-10 01:30:00 AM,6.8,61.4,6.3,-0.1,point
2025-11-10 02:00:00 AM,6.8,61.1,6.3,-0.1,point
2025-11-10 02:30:00 AM,6.7,61.2,6.2,-0.2,point
2025-11-10 03:00:00 AM,6.8,61.3,6.3,-0.1,point
2025-11-10 03:30:00 AM,6.7,61.7,6.2,-0.1,point
2025-11-10 04:00:00 AM,6.9,61.5,6.3,-0.0,point
2025-11-10 04:30:00 AM,6.7,61.3,6.1,-0.2,point
2025-11-10 05:00:00 AM,6.7,61.3,6.2,-0.2,point
2025-11-10 05:30:00 AM,6.6,61.4,6.1,-0.3,point
2025-11-10 06:00:00 AM,6.7,61.1,6.2,-0.2,point
2025-11-10 06:30:00 AM,7.5,61.7,7.0,0.6,point
2025-11-10 07:00:00 AM,13.8,52.5,12.5,4.3,point
2025-11-10 07:30:00 AM,21.1,39.8,19.9,6.9,point
2025-11-10 08:00:00 AM,23.7,34.8,22.2,7.2,point
2025-11-10 08:30:00 AM,24.2,34.6,22.6,7.6,point
2025-11-10 09:00:00 AM,24.4,34.5,22.7,7.7,point
2025-11-10 09:30:00 AM,24.4,34.4,22.8,7.7,point
2025-11-10 10:00:00 AM,24.3,34.4,22.7,7.7,point
2025-11-10 10:30:00 AM,24.4,34.5,22.7,7.7,point
2025-11-10 11:00:00 AM,24.3,34.0,22.7,7.5,point
2025-11-10 11:30:00 AM,24.4,34.6,22.8,7.8,point
2025-11-10 12:00:00 PM,24.5,34.5,22.9,7.9,point
2025-11-10 12:30:00 PM,24.5,34.6,22.9,7.9,point
2025-11-10 01:00:00 PM,24.6,34.5,22.9,7.9,point
2025-11-10 01:30:00 PM,24.6,34.7,23.0,8.0,point
2025-11-10 02:00:00 PM,24.6,34.7,23.0,8.1,point
2025-11-10 02:30:00 PM,24.9,31.8,23.2,7.0,point
2025-11-10 03:00:00 PM,24.3,31.8,22.6,6.5,point
2025-11-10 03:30:00 PM,24.0,35.1,22.6,7.7,point
2025-11-10 04:00:00 PM,24.1,35.3,22.6,7.8,point
2025-11-10 04:30:00 PM,24.1,34.9,22.6,7.7,point
2025-11-10 05:00:00 PM,24.1,35.2,22.6,7.8,point
2025-11-10 05:30:00 PM,24.1,35.3,22.6,7.8,point
2025-11-10 06:00:00 PM,24.1,35.1,22.6,7.7,point
2025-11-10 06:30:00 PM,24.1,34.9,22.5,7.6,point
2025-11-10 07:00:00 PM,24.1,34.6,22.6,7.5,point
2025-11-10 07:30:00 PM,22.7,33.6,21.3,5.8,point
2025-11-10 08:00:00 PM,18.3,38.0,15.9,3.8,point
2025-11-10 08:30:00 PM,10.4,48.7,9.3,0.1,point
2025-11-10 09:00:00 PM,7.7,56.9,7.0,-0.3,point
2025-11-10 09:30:00 PM,6.8,60.6,6.3,-0.3,point
2025-11-10 10:00:00 PM,7.1,62.5,6.5,0.4,point
2025-11-10 10:30:00 PM,7.5,59.5,6.8,0.1,point
2025-11-10 11:00:00 PM,7.2,60.1,6.7,0.0,point
2025-11-10 11:30:00 PM,7.2,60.3,6.7,0.1,point
2025-11-11 12:00:00 AM,7.2,60.0,6.6,-0.1,point
2025-11-11 12:30:00 AM,7.2,59.9,6.5,-0.1,point
2025-11-11 01:00:00 AM,7.2,59.7,6.5,-0.1,point
2025-11-11 01:30:00 AM,7.2,59.7,6.5,-0.1,point
2025-11-11 02:00:00 AM,7.2,59.7,6.5,-0.1,point
2025-11-11 02:30:00 AM,7.1,60.1,6.6,-0.1,point
2025-11-11 03:00:00 AM,7.1,59.9,6.5,-0.1,point
2025-11-11 03:30:00 AM,7.1,60.3,6.5,-0.1,point
2025-11-11 04:00:00 AM,7.1,60.2,6.6,-0.1,point
2025-11-11 04:30:00 AM,7.1,60.2,6.6,-0.0,point
2025-11-11 05:00:00 AM,7.1,60.6,6.6,0.0,point
2025-11-11 05:30:00 AM,7.1,60.8,6.6,0.1,point
2025-11-11 06:00:00 AM,7.1,60.8,6.5,0.1,point
2025-11-11 06:30:00 AM,7.9,61.2,7.3,0.9,point
2025-11-11 07:00:00 AM,14.2,50.6,12.8,4.1,point
2025-11-11 07:30:00 AM,21.6,39.5,20.7,7.3,point
2025-11-11 08:00:00 AM,24.9,33.9,23.2,7.9,point
2025-11-11 08:30:00 AM,25.1,33.4,23.4,7.9,point
2025-11-11 09:00:00 AM,25.2,33.5,23.6,8.1,point
2025-11-11 09:30:00 AM,25.2,33.3,23.4,7.9,point
2025-11-11 10:00:00 AM,25.0,33.5,23.4,7.8,point
2025-11-11 10:30:00 AM,24.8,33.5,23.2,7.7,point
2025-11-11 11:00:00 AM,25.3,34.6,23.6,8.6,point
2025-11-11 11:30:00 AM,25.1,34.3,23.5,8.3,point
2025-11-11 12:00:00 PM,25.0,34.3,23.4,8.2,point
2025-11-11 12:30:00 PM,25.2,34.5,23.6,8.5,point
2025-11-11 01:00:00 PM,25.1,34.5,23.5,8.4,point
2025-11-11 01:30:00 PM,25.3,34.8,23.6,8.7,point
2025-11-11 02:00:00 PM,25.2,34.4,23.5,8.4,point
2025-11-11 02:30:00 PM,25.2,34.0,23.6,8.2,point
2025-11-11 03:00:00 PM,25.1,33.7,23.5,8.0,point
2025-11-11 03:30:00 PM,25.3,33.6,23.6,8.2,point
2025-11-11 04:00:00 PM,25.2,33.2,23.5,7.9,point
2025-11-11 04:30:00 PM,25.1,32.5,23.4,7.5,point
2025-11-11 05:00:00 PM,25.3,32.7,23.5,7.8,point
2025-11-11 05:30:00 PM,25.2,32.7,23.5,7.7,point
2025-11-11 06:00:00 PM,25.2,32.5,23.5,7.6,point
2025-11-11 06:30:00 PM,25.2,32.5,23.5,7.6,point
2025-11-11 07:00:00 PM,25.2,32.4,23.4,7.5,point
2025-11-11 07:30:00 PM,24.1,32.3,22.5,6.5,point
2025-11-11 08:00:00 PM,19.3,37.0,17.3,4.3,point
2025-11-11 08:30:00 PM,12.0,43.9,10.6,0.1,point
2025-11-11 09:00:00 PM,7.8,57.3,7.2,-0.1,point
2025-11-11 09:30:00 PM,7.3,60.5,6.8,0.2,point
2025-11-11 10:00:00 PM,7.2,61.4,6.6,0.2,point
2025-11-11 10:30:00 PM,7.1,61.9,6.6,0.3,point
2025-11-11 11:00:00 PM,7.1,62.1,6.6,0.4,point
2025-11-11 11:30:00 PM,7.1,62.2,6.5,0.3,point
2025-11-12 12:00:00 AM,7.1,62.4,6.6,0.4,point
2025-11-12 12:30:00 AM,7.1,62.4,6.6,0.4,point
2025-11-12 01:00:00 AM,7.1,62.3,6.5,0.3,point
2025-11-12 01:30:00 AM,7.1,62.3,6.6,0.4,point
2025-11-12 02:00:00 AM,7.1,61.9,6.6,0.3,point
2025-11-12 02:30:00 AM,7.1,61.4,6.6,0.2,point
2025-11-12 03:00:00 AM,7.1,61.3,6.6,0.2,point
2025-11-12 03:30:00 AM,7.1,61.2,6.6,0.2,point
2025-11-12 04:00:00 AM,7.1,60.9,6.6,0.1,point
2025-11-12 04:30:00 AM,7.1,60.9,6.6,0.1,point
2025-11-12 05:00:00 AM,7.1,60.6,6.6,0.1,point
2025-11-12 05:30:00 AM,7.1,60.7,6.6,0.0,point
2025-11-12 06:00:00 AM,7.1,61.1,6.5,0.1,point
2025-11-12 06:30:00 AM,7.8,62.0,7.3,1.0,point
2025-11-12 07:00:00 AM,15.1,49.8,13.5,4.7,point
2025-11-12 07:30:00 AM,21.6,39.0,20.7,7.0,point
2025-11-12 08:00:00 AM,24.8,33.5,23.2,7.7,point
2025-11-12 08:30:00 AM,25.2,33.5,23.6,8.0,point
2025-11-12 09:00:00 AM,25.2,33.6,23.6,8.1,point
2025-11-12 09:30:00 AM,25.2,33.6,23.5,8.0,point
2025-11-12 10:00:00 AM,25.2,33.9,23.6,8.2,point
2025-11-12 10:30:00 AM,25.2,34.0,23.5,8.2,point
2025-11-12 11:00:00 AM,25.2,34.6,23.6,8.5,point
2025-11-12 11:30:00 AM,25.2,35.1,23.7,8.7,point
2025-11-12 12:00:00 PM,25.1,34.8,23.5,8.5,point
2025-11-12 12:30:00 PM,25.3,34.8,23.7,8.7,point
2025-11-12 01:00:00 PM,25.2,34.0,23.6,8.2,point
2025-11-12 01:30:00 PM,25.3,33.5,23.6,8.1,point
2025-11-12 02:00:00 PM,25.0,32.6,23.2,7.4,point
2025-11-12 02:30:00 PM,25.1,33.1,23.4,7.8,point
2025-11-12 03:00:00 PM,25.2,32.4,23.5,7.5,point
2025-11-12 03:30:00 PM,25.3,31.7,23.5,7.3,point
2025-11-12 04:00:00 PM,25.2,31.3,23.4,7.0,point
2025-11-12 04:30:00 PM,25.2,31.2,23.4,7.0,point
2025-11-12 05:00:00 PM,25.4,31.2,23.5,7.1,point
2025-11-12 05:30:00 PM,25.1,30.9,23.2,6.7,point
2025-11-12 06:00:00 PM,25.3,31.3,23.4,7.1,point
2025-11-12 06:30:00 PM,25.2,31.4,23.3,7.0,point
2025-11-12 07:00:00 PM,25.3,31.4,23.5,7.2,point
2025-11-12 07:30:00 PM,24.1,31.4,22.4,6.2,point
2025-11-12 08:00:00 PM,19.2,35.4,16.9,3.5,point
2025-11-12 08:30:00 PM,11.7,42.5,10.2,-0.6,point
2025-11-12 09:00:00 PM,8.0,55.8,7.2,-0.3,point
2025-11-12 09:30:00 PM,7.5,58.4,6.8,-0.1,point
2025-11-12 10:00:00 PM,7.4,59.9,6.8,0.1,point
2025-11-12 10:30:00 PM,7.4,60.3,6.8,0.2,point
2025-11-12 11:00:00 PM,7.2,60.2,6.7,0.0,point
2025-11-12 11:30:00 PM,7.2,60.4,6.7,0.1,point
2025-11-13 12:00:00 AM,7.3,60.5,6.8,0.2,point
2025-11-13 12:30:00 AM,7.2,60.8,6.7,0.2,point
2025-11-13 01:00:00 AM,7.2,60.9,6.7,0.2,point
2025-11-13 01:30:00 AM,7.2,60.5,6.7,0.1,point
2025-11-13 02:00:00 AM,7.1,59.0,6.5,-0.4,point
2025-11-13 02:30:00 AM,7.1,60.2,6.6,-0.1,point
2025-11-13 03:00:00 AM,7.2,59.8,6.6,-0.1,point
2025-11-13 03:30:00 AM,7.2,59.6,6.5,-0.2,point
2025-11-13 04:00:00 AM,7.2,59.5,6.5,-0.1,point
2025-11-13 04:30:00 AM,7.1,59.7,6.5,-0.2,point
2025-11-13 05:00:00 AM,7.3,59.3,6.7,-0.1,point
2025-11-13 05:30:00 AM,7.0,59.7,6.4,-0.3,point
2025-11-13 06:00:00 AM,7.0,59.7,6.4,-0.3,point
2025-11-13 06:30:00 AM,7.7,60.4,7.1,0.5,point
2025-11-13 07:00:00 AM,13.5,51.1,12.2,3.6,point
2025-11-13 07:30:00 AM,21.4,38.8,20.5,6.9,point
2025-11-13 08:00:00 AM,24.9,32.9,23.1,7.5,point
2025-11-13 08:30:00 AM,25.2,32.8,23.4,7.7,point
2025-11-13 09:00:00 AM,25.1,32.8,23.4,7.7,point
2025-11-13 09:30:00 AM,25.1,33.0,23.3,7.7,point
2025-11-13 10:00:00 AM,24.9,32.9,23.1,7.4,point
2025-11-13 10:30:00 AM,25.2,32.6,23.5,7.6,point
2025-11-13 11:00:00 AM,25.2,32.5,23.5,7.6,point
2025-11-13 11:30:00 AM,25.1,32.4,23.4,7.4,point
2025-11-13 12:00:00 PM,25.2,32.8,23.5,7.7,point
2025-11-13 12:30:00 PM,25.2,33.1,23.5,7.8,point
2025-11-13 01:00:00 PM,25.2,33.4,23.5,7.9,point
2025-11-13 01:30:00 PM,25.2,33.3,23.5,7.9,point
2025-11-13 02:00:00 PM,25.3,33.8,23.6,8.2,point
2025-11-13 02:30:00 PM,25.2,34.4,23.5,8.4,point
2025-11-13 03:00:00 PM,25.2,35.5,23.7,8.8,point
2025-11-13 03:30:00 PM,25.2,35.9,23.6,9.0,point
2025-11-13 04:00:00 PM,25.3,34.8,23.6,8.6,point
2025-11-13 04:30:00 PM,25.0,33.8,23.4,8.0,point
2025-11-13 05:00:00 PM,25.3,32.9,23.6,7.9,point
2025-11-13 05:30:00 PM,25.1,32.1,23.4,7.3,point
2025-11-13 06:00:00 PM,25.0,31.6,23.2,7.0,point
2025-11-13 06:30:00 PM,24.9,31.7,23.2,7.0,point
2025-11-13 07:00:00 PM,25.0,31.4,23.2,6.9,point
2025-11-13 07:30:00 PM,24.3,30.6,22.5,6.0,point
2025-11-13 08:00:00 PM,19.1,35.5,16.9,3.5,point
2025-11-13 08:30:00 PM,11.7,43.2,10.3,-0.4,point
2025-11-13 09:00:00 PM,8.1,54.5,7.4,-0.5,point
2025-11-13 09:30:00 PM,7.5,57.1,6.9,-0.4,point
2025-11-13 10:00:00 PM,7.4,57.8,6.7,-0.4,point
2025-11-13 10:30:00 PM,7.4,58.0,6.8,-0.3,point
2025-11-13 11:00:00 PM,7.2,57.7,6.5,-0.6,point
2025-11-13 11:30:00 PM,7.3,58.6,6.6,-0.3,point
2025-11-14 12:00:00 AM,7.3,58.7,6.6,-0.3,point
2025-11-14 12:30:00 AM,7.2,58.8,6.6,-0.3,point
2025-11-14 01:00:00 AM,7.3,59.7,6.6,-0.0,point
2025-11-14 01:30:00 AM,7.2,60.5,6.7,0.1,point
2025-11-14 02:00:00 AM,7.2,61.0,6.7,0.2,point
2025-11-14 02:30:00 AM,7.2,60.6,6.7,0.1,point
2025-11-14 03:00:00 AM,7.2,60.7,6.6,0.1,point
2025-11-14 03:30:00 AM,7.3,61.6,6.8,0.4,point
2025-11-14 04:00:00 AM,7.2,62.0,6.7,0.4,point
2025-11-14 04:30:00 AM,7.2,62.3,6.7,0.5,point
2025-11-14 05:00:00 AM,7.2,62.6,6.6,0.5,point
2025-11-14 05:30:00 AM,7.1,62.9,6.5,0.5,point
2025-11-14 06:00:00 AM,7.2,63.2,6.6,0.6,point
2025-11-14 06:30:00 AM,8.1,65.9,7.7,2.1,point
2025-11-14 07:00:00 AM,13.3,57.6,12.2,5.2,point
2025-11-14 07:30:00 AM,21.3,41.9,20.3,7.8,point
2025-11-14 08:00:00 AM,24.7,35.1,23.2,8.3,point
2025-11-14 08:30:00 AM,25.2,35.1,23.7,8.7,point
2025-11-14 09:00:00 AM,25.2,35.3,23.7,8.8,point
2025-11-14 09:30:00 AM,25.1,35.4,23.5,8.8,point
2025-11-14 10:00:00 AM,25.1,35.6,23.6,8.8,point
2025-11-14 10:30:00 AM,25.1,35.7,23.6,8.9,point
2025-11-14 11:00:00 AM,25.2,36.0,23.7,9.1,point
2025-11-14 11:30:00 AM,25.3,37.1,23.8,9.6,point
2025-11-14 12:00:00 PM,25.1,37.1,23.7,9.4,point
2025-11-14 12:30:00 PM,25.1,37.8,23.7,9.8,point
2025-11-14 01:00:00 PM,25.2,37.9,23.7,9.8,point
2025-11-14 01:30:00 PM,25.2,37.7,23.8,9.8,point
2025-11-14 02:00:00 PM,25.3,37.5,23.9,9.8,point
2025-11-14 02:30:00 PM,25.1,37.6,23.7,9.7,point
2025-11-14 03:00:00 PM,25.0,37.5,23.6,9.5,point
2025-11-14 03:30:00 PM,25.1,37.0,23.6,9.4,point
2025-11-14 04:00:00 PM,25.1,36.5,23.5,9.2,point
2025-11-14 04:30:00 PM,25.1,35.9,23.6,9.0,point
2025-11-14 05:00:00 PM,25.2,35.3,23.6,8.8,point
2025-11-14 05:30:00 PM,25.1,34.9,23.4,8.5,point
2025-11-14 06:00:00 PM,25.1,34.7,23.5,8.4,point
2025-11-14 06:30:00 PM,25.2,34.5,23.5,8.4,point
2025-11-14 07:00:00 PM,25.2,34.4,23.5,8.3,point
2025-11-14 07:30:00 PM,23.9,33.8,22.3,6.9,point
2025-11-14 08:00:00 PM,18.8,38.9,16.7,4.5,point
2025-11-14 08:30:00 PM,11.4,47.9,10.1,0.7,point
2025-11-14 09:00:00 PM,8.0,59.2,7.4,0.6,point
2025-11-14 09:30:00 PM,8.1,64.6,7.6,1.9,point
2025-11-14 10:00:00 PM,7.5,66.2,7.0,1.6,point
2025-11-14 10:30:00 PM,7.4,67.2,7.0,1.7,point
2025-11-14 11:00:00 PM,7.4,67.3,6.9,1.7,point
2025-11-14 11:30:00 PM,7.0,68.1,6.6,1.5,point
2025-11-15 12:00:00 AM,7.1,68.7,6.6,1.7,point
2025-11-15 12:30:00 AM,7.1,68.9,6.7,1.8,point
2025-11-15 01:00:00 AM,7.1,69.2,6.7,1.9,point
2025-11-15 01:30:00 AM,7.1,69.8,6.8,2.0,point
2025-11-15 02:00:00 AM,7.2,70.0,6.8,2.1,point
2025-11-15 02:30:00 AM,7.2,70.5,6.9,2.2,point
2025-11-15 03:00:00 AM,7.1,70.7,6.8,2.2,point
2025-11-15 03:30:00 AM,7.1,70.9,6.8,2.2,point
2025-11-15 04:00:00 AM,7.1,71.1,6.8,2.3,point
2025-11-15 04:30:00 AM,7.2,71.3,6.8,2.3,point
2025-11-15 05:00:00 AM,7.1,71.2,6.8,2.2,point
2025-11-15 05:30:00 AM,7.1,71.2,6.8,2.3,point
2025-11-15 06:00:00 AM,7.1,71.4,6.8,2.3,point
2025-11-15 06:30:00 AM,7.8,73.0,7.4,3.2,point
2025-11-15 07:00:00 AM,14.1,63.6,13.1,7.2,point
2025-11-15 07:30:00 AM,21.5,46.3,20.8,9.5,point
2025-11-15 08:00:00 AM,24.9,37.7,23.5,9.5,point
2025-11-15 08:30:00 AM,25.2,37.0,23.8,9.5,point
2025-11-15 09:00:00 AM,25.2,36.9,23.7,9.4,point
2025-11-15 09:30:00 AM,25.0,36.8,23.6,9.2,point
2025-11-15 10:00:00 AM,25.1,36.8,23.6,9.3,point
2025-11-15 10:30:00 AM,24.9,38.4,23.5,9.8,point
2025-11-15 11:00:00 AM,25.2,38.2,23.8,9.9,point
2025-11-15 11:30:00 AM,25.3,38.1,23.8,10.0,point
2025-11-15 12:00:00 PM,25.4,38.1,23.9,10.1,point
2025-11-15 12:30:00 PM,25.2,38.2,23.7,9.9,point
2025-11-15 01:00:00 PM,25.1,38.1,23.6,9.8,point
2025-11-15 01:30:00 PM,25.2,37.9,23.7,9.8,point
2025-11-15 02:00:00 PM,24.9,37.5,23.4,9.4,point
2025-11-15 02:30:00 PM,25.1,37.5,23.7,9.6,point
2025-11-15 03:00:00 PM,25.1,36.8,23.7,9.4,point
2025-11-15 03:30:00 PM,25.2,36.8,23.8,9.4,point
2025-11-15 04:00:00 PM,25.1,37.7,23.7,9.7,point
2025-11-15 04:30:00 PM,25.2,39.1,23.9,10.4,point
2025-11-15 05:00:00 PM,25.3,41.1,24.2,11.2,point
2025-11-15 05:30:00 PM,25.2,42.8,24.1,11.7,point
2025-11-15 06:00:00 PM,25.3,44.6,24.4,12.4,point
2025-11-15 06:30:00 PM,25.2,45.1,24.4,12.5,point
2025-11-15 07:00:00 PM,25.3,45.6,24.4,12.7,point
2025-11-15 07:30:00 PM,24.2,46.4,23.3,12.0,point
2025-11-15 08:00:00 PM,18.8,52.8,17.4,9.0,point
2025-11-15 08:30:00 PM,11.1,57.1,10.2,3.0,point
2025-11-15 09:00:00 PM,8.2,71.2,7.8,3.3,point
2025-11-15 09:30:00 PM,6.8,67.4,6.4,1.2,point
2025-11-15 10:00:00 PM,7.4,83.0,7.3,4.7,point
2025-11-15 10:30:00 PM,7.0,83.2,7.0,4.4,point
2025-11-15 11:00:00 PM,6.9,82.8,6.8,4.1,point
2025-11-15 11:30:00 PM,6.7,80.5,6.5,3.6,point
2025-11-16 12:00:00 AM,7.2,86.4,7.2,5.1,point
2025-11-16 12:30:00 AM,7.2,83.8,7.1,4.6,point
2025-11-16 01:00:00 AM,7.3,87.0,7.2,5.3,point
2025-11-16 01:30:00 AM,7.2,84.6,7.2,4.8,point
2025-11-16 02:00:00 AM,7.4,85.7,7.4,5.2,point
2025-11-16 02:30:00 AM,7.4,85.5,7.3,5.1,point
2025-11-16 03:00:00 AM,6.9,79.8,6.7,3.6,point
2025-11-16 03:30:00 AM,6.8,81.0,6.7,3.8,point
2025-11-16 04:00:00 AM,6.9,82.5,6.7,4.1,point
2025-11-16 04:30:00 AM,6.9,83.5,6.8,4.3,point
2025-11-16 05:00:00 AM,6.9,84.3,6.8,4.4,point
2025-11-16 05:30:00 AM,7.0,84.5,6.9,4.5,point
2025-11-16 06:00:00 AM,6.9,84.7,6.9,4.5,point
2025-11-16 06:30:00 AM,7.8,87.0,7.8,5.8,point
2025-11-16 07:00:00 AM,13.0,87.1,13.0,10.9,point
2025-11-16 07:30:00 AM,22.5,100.0,24.0,22.5,point
2025-11-16 08:00:00 AM,24.6,86.2,26.2,22.1,point
2025-11-16 08:30:00 AM,25.4,82.5,27.6,22.2,point
2025-11-16 09:00:00 AM,25.7,80.6,27.9,22.1,point
2025-11-16 09:30:00 AM,25.6,79.0,27.7,21.7,point
2025-11-16 10:00:00 AM,25.8,76.2,27.6,21.2,point
2025-11-16 10:30:00 AM,25.8,71.4,27.3,20.3,point
2025-11-16 11:00:00 AM,25.9,65.5,26.7,18.9,point
2025-11-16 11:30:00 AM,26.0,59.8,26.5,17.6,point
2025-11-16 12:00:00 PM,25.9,57.6,26.2,16.9,point
2025-11-16 12:30:00 PM,25.8,56.5,25.9,16.5,point
2025-11-16 01:00:00 PM,25.9,55.7,25.9,16.4,point
2025-11-16 01:30:00 PM,25.9,54.7,25.9,16.1,point
2025-11-16 02:00:00 PM,26.0,53.6,26.0,15.9,point
2025-11-16 02:30:00 PM,25.8,52.7,25.5,15.4,point
2025-11-16 03:00:00 PM,25.8,52.3,25.5,15.3,point
2025-11-16 03:30:00 PM,25.8,51.3,25.4,15.0,point
2025-11-16 04:00:00 PM,25.8,50.3,25.5,14.7,point
2025-11-16 04:30:00 PM,25.9,49.3,25.4,14.5,point
2025-11-16 05:00:00 PM,25.9,48.6,25.5,14.3,point
2025-11-16 05:30:00 PM,25.9,47.9,25.3,14.0,point
2025-11-16 06:00:00 PM,25.5,47.8,24.9,13.6,point
2025-11-16 06:30:00 PM,25.8,47.4,25.2,13.8,point
2025-11-16 07:00:00 PM,25.8,46.9,25.2,13.6,point
2025-11-16 07:30:00 PM,25.1,46.4,24.3,12.8,point
2025-11-16 08:00:00 PM,19.5,51.9,18.3,9.4,point
2025-11-16 08:30:00 PM,12.4,62.2,11.6,5.4,point
2025-11-16 09:00:00 PM,8.3,73.0,8.0,3.7,point
2025-11-16 09:30:00 PM,7.3,76.5,7.0,3.4,point
2025-11-16 10:00:00 PM,7.1,78.8,6.8,3.6,point
2025-11-16 10:30:00 PM,7.0,79.6,6.9,3.8,point
2025-11-16 11:00:00 PM,7.0,80.2,6.9,3.8,point
2025-11-16 11:30:00 PM,7.0,80.6,6.8,3.9,point
2025-11-17 12:00:00 AM,7.0,81.0,6.9,4.0,point
2025-11-17 12:30:00 AM,7.0,81.3,6.9,4.0,point
2025-11-17 01:00:00 AM,7.0,81.5,6.9,4.1,point
2025-11-17 01:30:00 AM,7.0,81.8,6.9,4.1,point
2025-11-17 02:00:00 AM,7.0,82.0,6.8,4.1,point
2025-11-17 02:30:00 AM,6.9,82.2,6.8,4.1,point
2025-11-17 03:00:00 AM,7.0,82.5,6.9,4.2,point
2025-11-17 03:30:00 AM,7.0,82.7,6.9,4.2,point
2025-11-17 04:00:00 AM,7.0,82.9,6.9,4.3,point
2025-11-17 04:30:00 AM,7.0,83.0,6.9,4.3,point
2025-11-17 05:00:00 AM,7.0,83.2,6.9,4.3,point
2025-11-17 05:30:00 AM,6.8,83.3,6.8,4.2,point
2025-11-17 06:00:00 AM,6.8,83.5,6.8,4.2,point
2025-11-17 06:30:00 AM,7.5,85.7,7.5,5.3,point
2025-11-17 07:00:00 AM,14.9,99.6,15.5,14.8,point
2025-11-17 07:30:00 AM,20.6,100.0,21.6,20.6,point
2025-11-17 08:00:00 AM,24.9,77.4,25.9,20.6,point
2025-11-17 08:30:00 AM,25.5,69.4,26.6,19.5,point
2025-11-17 09:00:00 AM,25.8,62.5,26.3,18.1,point
2025-11-17 09:30:00 AM,25.8,55.7,25.8,16.3,point
2025-11-17 10:00:00 AM,25.8,52.0,25.6,15.2,point
2025-11-17 10:30:00 AM,25.8,50.3,25.4,14.7,point
2025-11-17 11:00:00 AM,25.8,49.8,25.3,14.5,point
2025-11-17 11:30:00 AM,25.8,49.0,25.2,14.2,point
2025-11-17 12:00:00 PM,25.8,48.5,25.4,14.2,point
2025-11-17 12:30:00 PM,25.7,47.8,25.1,13.8,point
2025-11-17 01:00:00 PM,25.7,47.5,25.0,13.7,point
2025-11-17 01:30:00 PM,25.8,47.0,25.1,13.6,point
2025-11-17 02:00:00 PM,25.9,47.1,25.2,13.8,point
2025-11-17 02:30:00 PM,25.7,47.5,25.1,13.8,point
2025-11-17 03:00:00 PM,25.8,46.6,25.1,13.6,point
2025-11-17 03:30:00 PM,25.8,46.1,25.1,13.4,point
2025-11-17 04:00:00 PM,25.8,45.9,25.1,13.3,point
2025-11-17 04:30:00 PM,25.9,45.9,25.3,13.4,point
2025-11-17 05:00:00 PM,25.8,45.5,25.0,13.1,point
2025-11-17 05:30:00 PM,25.9,45.3,25.1,13.1,point
2025-11-17 06:00:00 PM,25.9,45.2,25.2,13.2,point
2025-11-17 06:30:00 PM,25.9,45.2,25.1,13.1,point
2025-11-17 07:00:00 PM,25.9,45.0,25.1,13.1,point
2025-11-17 07:30:00 PM,25.1,44.8,24.0,12.2,point
2025-11-17 08:00:00 PM,19.8,49.6,18.6,9.0,point
2025-11-17 08:30:00 PM,11.7,55.9,10.7,3.2,point
2025-11-17 09:00:00 PM,8.5,69.1,8.1,3.2,point
2025-11-17 09:30:00 PM,7.6,71.0,7.2,2.7,point
2025-11-17 10:00:00 PM,7.2,78.7,7.0,3.8,point
2025-11-17 10:30:00 PM,7.4,81.0,7.3,4.4,point
2025-11-17 11:00:00 PM,7.2,82.0,7.0,4.3,point
2025-11-17 11:30:00 PM,7.2,82.7,7.1,4.4,point
2025-11-18 12:00:00 AM,7.2,83.0,7.2,4.5,point
2025-11-18 12:30:00 AM,7.2,83.4,7.1,4.5,point
2025-11-18 01:00:00 AM,7.2,83.4,7.1,4.5,point
2025-11-18 01:30:00 AM,7.1,83.6,7.1,4.5,point
2025-11-18 02:00:00 AM,7.1,83.8,7.1,4.6,point
2025-11-18 02:30:00 AM,7.2,83.8,7.1,4.6,point
2025-11-18 03:00:00 AM,7.1,83.9,7.0,4.5,point
2025-11-18 03:30:00 AM,7.1,83.9,7.1,4.6,point
2025-11-18 04:00:00 AM,7.0,84.2,7.0,4.6,point
2025-11-18 04:30:00 AM,7.0,84.3,7.0,4.6,point
2025-11-18 05:00:00 AM,7.0,84.3,7.0,4.6,point
2025-11-18 05:30:00 AM,7.1,84.2,7.0,4.6,point
2025-11-18 06:00:00 AM,7.1,84.3,7.1,4.7,point
2025-11-18 06:30:00 AM,7.8,86.1,7.8,5.7,point
2025-11-18 07:00:00 AM,14.5,100.0,15.1,14.4,point
2025-11-18 07:30:00 AM,20.9,88.4,21.5,18.9,point
2025-11-18 08:00:00 AM,24.3,67.3,24.5,17.9,point
2025-11-18 08:30:00 AM,24.9,58.6,24.8,16.2,point
2025-11-18 09:00:00 AM,24.9,52.4,24.4,14.5,point
2025-11-18 09:30:00 AM,25.1,49.9,24.3,13.9,point
2025-11-18 10:00:00 AM,25.1,48.7,24.3,13.5,point
2025-11-18 10:30:00 AM,25.1,48.1,24.4,13.4,point
2025-11-18 11:00:00 AM,25.1,47.7,24.4,13.3,point
2025-11-18 11:30:00 AM,25.1,47.7,24.2,13.2,point
2025-11-18 12:00:00 PM,25.1,47.1,24.2,13.0,point
2025-11-18 12:30:00 PM,24.9,47.2,24.1,12.9,point
2025-11-18 01:00:00 PM,25.1,46.9,24.4,13.0,point
2025-11-18 01:30:00 PM,24.9,46.8,24.1,12.8,point
2025-11-18 02:00:00 PM,25.1,46.3,24.3,12.8,point
2025-11-18 02:30:00 PM,25.0,45.4,24.1,12.4,point
2025-11-18 03:00:00 PM,25.2,44.9,24.1,12.3,point
2025-11-18 03:30:00 PM,25.1,44.2,24.1,12.1,point
2025-11-18 04:00:00 PM,25.2,44.0,24.1,12.1,point
2025-11-18 04:30:00 PM,25.0,43.8,24.0,11.9,point
2025-11-18 05:00:00 PM,25.0,44.1,23.9,11.9,point
2025-11-18 05:30:00 PM,25.1,44.1,24.0,12.0,point
2025-11-18 06:00:00 PM,24.8,43.7,23.8,11.6,point
2025-11-18 06:30:00 PM,25.0,44.2,24.0,12.0,point
2025-11-18 07:00:00 PM,25.1,44.1,24.1,12.0,point
2025-11-18 07:30:00 PM,23.9,44.4,23.0,11.1,point
2025-11-18 08:00:00 PM,17.2,49.6,15.5,6.6,point
2025-11-18 08:30:00 PM,10.4,68.5,9.9,4.9,point
2025-11-18 09:00:00 PM,7.8,77.6,7.6,4.2,point
2025-11-18 09:30:00 PM,7.4,80.2,7.2,4.2,point
2025-11-18 10:00:00 PM,7.4,82.4,7.3,4.6,point
2025-11-18 10:30:00 PM,7.5,84.1,7.4,5.0,point
2025-11-18 11:00:00 PM,7.3,84.6,7.3,4.9,point
2025-11-18 11:30:00 PM,7.3,84.4,7.3,4.8,point
2025-11-19 12:00:00 AM,7.3,86.5,7.3,5.2,point
2025-11-19 12:30:00 AM,7.3,86.7,7.3,5.3,point
2025-11-19 01:00:00 AM,7.2,86.5,7.2,5.1,point
2025-11-19 01:30:00 AM,7.3,86.7,7.2,5.2,point
2025-11-19 02:00:00 AM,7.3,87.3,7.3,5.3,point
2025-11-19 02:30:00 AM,7.2,87.1,7.2,5.2,point
2025-11-19 03:00:00 AM,6.9,83.0,6.9,4.2,point
2025-11-19 03:30:00 AM,6.9,83.6,6.9,4.3,point
2025-11-19 04:00:00 AM,7.0,84.1,6.9,4.5,point
2025-11-19 04:30:00 AM,7.0,84.4,7.0,4.5,point
2025-11-19 05:00:00 AM,7.0,84.7,7.0,4.6,point
2025-11-19 05:30:00 AM,7.0,84.7,6.9,4.6,point
2025-11-19 06:00:00 AM,7.0,84.9,6.9,4.6,point
2025-11-19 06:30:00 AM,7.8,86.7,7.7,5.7,point
2025-11-19 07:00:00 AM,14.9,100.0,15.5,14.9,point
2025-11-19 07:30:00 AM,20.9,89.6,21.6,19.1,point
2025-11-19 08:00:00 AM,24.4,67.6,24.7,18.0,point
2025-11-19 08:30:00 AM,24.9,59.8,24.9,16.6,point
2025-11-19 09:00:00 AM,24.9,54.2,24.5,15.1,point
2025-11-19 09:30:00 AM,24.9,51.7,24.4,14.3,point
2025-11-19 10:00:00 AM,24.9,50.3,24.3,13.9,point
2025-11-19 10:30:00 AM,25.1,49.6,24.3,13.8,point
2025-11-19 11:00:00 AM,25.0,49.8,24.3,13.8,point
2025-11-19 11:30:00 AM,24.9,49.6,24.2,13.7,point
2025-11-19 12:00:00 PM,25.1,49.9,24.3,13.9,point
2025-11-19 12:30:00 PM,25.1,50.2,24.4,14.0,point
2025-11-19 01:00:00 PM,25.1,50.0,24.6,14.0,point
2025-11-19 01:30:00 PM,25.0,50.3,24.4,14.0,point
2025-11-19 02:00:00 PM,25.1,49.3,24.3,13.7,point
2025-11-19 02:30:00 PM,25.0,48.9,24.3,13.5,point
2025-11-19 03:00:00 PM,25.2,48.7,24.6,13.7,point
2025-11-19 03:30:00 PM,25.2,48.7,24.5,13.6,point
2025-11-19 04:00:00 PM,25.0,48.5,24.3,13.4,point
2025-11-19 04:30:00 PM,25.0,48.4,24.2,13.4,point
2025-11-19 05:00:00 PM,25.1,48.5,24.3,13.5,point
2025-11-19 05:30:00 PM,25.1,48.1,24.2,13.4,point
2025-11-19 06:00:00 PM,25.0,48.0,24.1,13.2,point
2025-11-19 06:30:00 PM,25.0,47.6,24.2,13.1,point
2025-11-19 07:00:00 PM,25.0,47.4,24.2,13.1,point
2025-11-19 07:30:00 PM,23.8,47.5,23.1,12.0,point
2025-11-19 08:00:00 PM,17.1,53.5,15.6,7.6,point
2025-11-19 08:30:00 PM,9.3,58.4,8.5,1.5,point
2025-11-19 09:00:00 PM,8.1,78.4,7.8,4.6,point
2025-11-19 09:30:00 PM,7.6,82.4,7.4,4.8,point
2025-11-19 10:00:00 PM,7.2,80.8,7.1,4.1,point
2025-11-19 10:30:00 PM,7.3,85.8,7.3,5.1,point
2025-11-19 11:00:00 PM,7.1,83.1,7.0,4.4,point
2025-11-19 11:30:00 PM,7.2,83.8,7.1,4.6,point
2025-11-20 12:00:00 AM,7.1,84.3,7.0,4.6,point
2025-11-20 12:30:00 AM,7.2,84.7,7.1,4.8,point
2025-11-20 01:00:00 AM,7.3,84.6,7.2,4.9,point
2025-11-20 01:30:00 AM,6.9,84.3,6.9,4.4,point
2025-11-20 02:00:00 AM,7.1,85.3,7.0,4.8,point
2025-11-20 02:30:00 AM,7.1,87.4,7.1,5.2,point
2025-11-20 03:00:00 AM,6.8,83.2,6.7,4.1,point
2025-11-20 03:30:00 AM,6.7,84.1,6.6,4.2,point
2025-11-20 04:00:00 AM,6.8,84.2,6.7,4.3,point
2025-11-20 04:30:00 AM,6.8,84.5,6.7,4.3,point
2025-11-20 05:00:00 AM,6.9,84.7,6.8,4.5,point
2025-11-20 05:30:00 AM,6.9,85.0,6.8,4.5,point
2025-11-20 06:00:00 AM,6.8,85.5,6.8,4.5,point
2025-11-20 06:30:00 AM,7.5,87.0,7.5,5.5,point
2025-11-20 07:00:00 AM,15.2,100.0,15.8,15.2,point
2025-11-20 07:30:00 AM,20.3,100.0,21.2,20.3,point
2025-11-20 08:00:00 AM,24.0,82.8,25.3,20.9,point
2025-11-20 08:30:00 AM,24.6,75.4,25.4,19.9,point
2025-11-20 09:00:00 AM,24.9,67.9,25.5,18.6,point
2025-11-20 09:30:00 AM,25.0,59.9,25.0,16.7,point
2025-11-20 10:00:00 AM,25.0,55.1,24.8,15.4,point
2025-11-20 10:30:00 AM,25.0,53.0,24.6,14.8,point
2025-11-20 11:00:00 AM,25.1,51.8,24.6,14.5,point
2025-11-20 11:30:00 AM,25.0,51.2,24.5,14.2,point
2025-11-20 12:00:00 PM,25.0,50.8,24.4,14.1,point
2025-11-20 12:30:00 PM,25.1,50.6,24.4,14.1,point
2025-11-20 01:00:00 PM,25.0,50.0,24.3,13.8,point
2025-11-20 01:30:00 PM,25.1,49.6,24.5,13.9,point
2025-11-20 02:00:00 PM,25.0,48.8,24.3,13.5,point
2025-11-20 02:30:00 PM,24.7,44.3,23.7,11.8,point
2025-11-20 03:00:00 PM,25.8,45.8,25.0,13.2,point
2025-11-20 03:30:00 PM,25.8,45.4,25.1,13.1,point
2025-11-20 04:00:00 PM,25.9,44.5,25.0,12.9,point
2025-11-20 04:30:00 PM,25.6,44.5,24.7,12.6,point
2025-11-20 05:00:00 PM,25.6,43.9,24.7,12.4,point
2025-11-20 05:30:00 PM,25.6,43.2,24.6,12.2,point
2025-11-20 06:00:00 PM,25.7,42.5,24.7,12.1,point
2025-11-20 06:30:00 PM,25.7,42.0,24.7,11.8,point
2025-11-20 07:00:00 PM,25.7,41.7,24.6,11.7,point
2025-11-20 07:30:00 PM,25.6,41.6,24.4,11.6,point
2025-11-20 08:00:00 PM,19.7,45.8,18.3,7.7,point
2025-11-20 08:30:00 PM,11.8,55.7,10.8,3.2,point
2025-11-20 09:00:00 PM,8.3,72.0,7.9,3.5,point
2025-11-20 09:30:00 PM,7.7,76.5,7.5,3.8,point
2025-11-20 10:00:00 PM,7.4,79.1,7.3,4.0,point
2025-11-20 10:30:00 PM,7.4,80.7,7.3,4.3,point
2025-11-20 11:00:00 PM,7.3,81.8,7.2,4.4,point
2025-11-20 11:30:00 PM,7.4,82.2,7.2,4.6,point
2025-11-21 12:00:00 AM,7.3,83.2,7.2,4.6,point
2025-11-21 12:30:00 AM,7.2,83.8,7.2,4.7,point
2025-11-21 01:00:00 AM,7.3,85.2,7.3,5.0,point
2025-11-21 01:30:00 AM,7.3,84.3,7.3,4.9,point
2025-11-21 02:00:00 AM,7.3,84.4,7.3,4.9,point
2025-11-21 02:30:00 AM,7.0,81.8,6.9,4.1,point
2025-11-21 03:00:00 AM,7.0,82.4,6.9,4.2,point
2025-11-21 03:30:00 AM,7.0,82.4,6.9,4.2,point
2025-11-21 04:00:00 AM,7.1,82.4,6.9,4.3,point
2025-11-21 04:30:00 AM,7.1,82.5,7.0,4.3,point
2025-11-21 05:00:00 AM,7.2,82.5,7.1,4.4,point
2025-11-21 05:30:00 AM,7.2,81.9,7.1,4.3,point
2025-11-21 06:00:00 AM,7.2,81.6,7.0,4.2,point
2025-11-21 06:30:00 AM,7.8,83.9,7.7,5.2,point
2025-11-21 07:00:00 AM,13.7,87.3,13.7,11.6,point
2025-11-21 07:30:00 AM,21.1,63.4,21.1,13.9,point
2025-11-21 08:00:00 AM,24.9,45.5,23.9,12.3,point
2025-11-21 08:30:00 AM,25.5,42.5,24.5,11.8,point
2025-11-21 09:00:00 AM,25.6,41.8,24.6,11.7,point
2025-11-21 09:30:00 AM,25.7,41.0,24.6,11.5,point
2025-11-21 10:00:00 AM,25.8,40.4,24.6,11.3,point
2025-11-21 10:30:00 AM,25.8,40.4,24.7,11.3,point
2025-11-21 11:00:00 AM,25.8,40.0,24.6,11.2,point
2025-11-21 11:30:00 AM,25.8,39.9,24.6,11.2,point
2025-11-21 12:00:00 PM,25.9,39.7,24.6,11.1,point
2025-11-21 12:30:00 PM,25.9,39.4,24.6,11.0,point
2025-11-21 01:00:00 PM,25.9,39.1,24.6,10.9,point
2025-11-21 01:30:00 PM,25.9,38.9,24.6,10.8,point
2025-11-21 02:00:00 PM,25.9,38.7,24.6,10.8,point
2025-11-21 02:30:00 PM,24.9,35.1,23.4,8.5,point
2025-11-21 03:00:00 PM,24.3,39.1,23.0,9.5,point
2025-11-21 03:30:00 PM,24.7,50.8,24.0,13.8,point
2025-11-21 04:00:00 PM,24.9,73.0,25.6,19.7,point
2025-11-21 04:30:00 PM,24.9,74.9,25.9,20.2,point
2025-11-21 05:00:00 PM,24.8,72.6,25.5,19.5,point
2025-11-21 05:30:00 PM,24.8,66.8,25.2,18.2,point
2025-11-21 06:00:00 PM,24.9,60.4,24.8,16.7,point
2025-11-21 06:30:00 PM,24.6,55.5,24.3,15.1,point
2025-11-21 07:00:00 PM,24.5,53.5,24.1,14.4,point
2025-11-21 07:30:00 PM,24.1,51.5,23.5,13.5,point
2025-11-21 08:00:00 PM,17.9,54.1,16.3,8.5,point
2025-11-21 08:30:00 PM,10.4,57.5,9.6,2.4,point
2025-11-21 09:00:00 PM,8.1,78.7,7.8,4.6,point
2025-11-21 09:30:00 PM,7.3,78.9,7.2,3.9,point
2025-11-21 10:00:00 PM,7.2,80.4,7.0,4.0,point
2025-11-21 10:30:00 PM,7.1,81.3,7.0,4.2,point
2025-11-21 11:00:00 PM,7.0,82.1,6.9,4.2,point
2025-11-21 11:30:00 PM,7.1,82.6,7.1,4.4,point
2025-11-22 12:00:00 AM,7.1,82.9,7.1,4.4,point
2025-11-22 12:30:00 AM,7.1,83.2,7.1,4.5,point
2025-11-22 01:00:00 AM,7.1,83.4,7.0,4.5,point
2025-11-22 01:30:00 AM,7.0,83.6,7.0,4.5,point
2025-11-22 02:00:00 AM,7.1,83.8,7.1,4.6,point
2025-11-22 02:30:00 AM,7.1,83.9,7.0,4.5,point
2025-11-22 03:00:00 AM,7.1,83.9,7.0,4.6,point
2025-11-22 03:30:00 AM,7.0,84.2,7.0,4.5,point
2025-11-22 04:00:00 AM,7.2,84.4,7.1,4.7,point
2025-11-22 04:30:00 AM,7.1,84.2,7.0,4.6,point
2025-11-22 05:00:00 AM,7.1,84.1,7.0,4.6,point
2025-11-22 05:30:00 AM,7.1,84.1,7.0,4.6,point
2025-11-22 06:00:00 AM,7.1,84.0,7.0,4.5,point
2025-11-22 06:30:00 AM,7.7,85.9,7.6,5.5,point
2025-11-22 07:00:00 AM,14.6,98.4,15.2,14.4,point
2025-11-22 07:30:00 AM,20.8,75.7,21.1,16.4,point
2025-11-22 08:00:00 AM,24.4,58.2,24.1,15.6,point
2025-11-22 08:30:00 AM,24.7,52.0,24.1,14.2,point
2025-11-22 09:00:00 AM,24.9,49.6,24.2,13.7,point
2025-11-22 09:30:00 AM,24.8,48.6,24.1,13.2,point
2025-11-22 10:00:00 AM,24.9,48.0,24.1,13.2,point
2025-11-22 10:30:00 AM,25.1,47.6,24.2,13.2,point
2025-11-22 11:00:00 AM,24.8,47.9,24.0,13.0,point
2025-11-22 11:30:00 AM,24.9,47.2,24.1,12.9,point
2025-11-22 12:00:00 PM,25.0,47.1,24.2,12.9,point
2025-11-22 12:30:00 PM,25.0,46.6,24.1,12.8,point
2025-11-22 01:00:00 PM,25.0,46.4,24.1,12.8,point
2025-11-22 01:30:00 PM,25.1,46.1,24.3,12.7,point
2025-11-22 02:00:00 PM,25.0,45.9,24.1,12.6,point
2025-11-22 02:30:00 PM,25.1,46.4,24.3,12.8,point
2025-11-22 03:00:00 PM,25.0,47.6,24.2,13.1,point
2025-11-22 03:30:00 PM,24.6,48.7,23.8,13.1,point
2025-11-22 04:00:00 PM,24.6,49.7,23.9,13.4,point
2025-11-22 04:30:00 PM,25.8,50.7,25.5,14.9,point
2025-11-22 05:00:00 PM,25.2,49.1,24.6,13.8,point
2025-11-22 05:30:00 PM,25.1,49.6,24.3,13.8,point
2025-11-22 06:00:00 PM,25.1,49.8,24.3,13.8,point
2025-11-22 06:30:00 PM,25.1,49.9,24.5,13.9,point
2025-11-22 07:00:00 PM,25.1,50.2,24.4,14.0,point
2025-11-22 07:30:00 PM,24.2,50.0,23.6,13.2,point
2025-11-22 08:00:00 PM,18.1,56.5,16.7,9.3,point
2025-11-22 08:30:00 PM,10.6,57.5,9.7,2.6,point
2025-11-22 09:00:00 PM,8.1,77.5,7.9,4.4,point
2025-11-22 09:30:00 PM,7.5,81.3,7.4,4.5,point
2025-11-22 10:00:00 PM,7.4,84.6,7.4,5.0,point
2025-11-22 10:30:00 PM,7.0,82.1,6.8,4.1,point
2025-11-22 11:00:00 PM,6.9,83.3,6.8,4.2,point
2025-11-22 11:30:00 PM,7.0,84.0,6.9,4.5,point
2025-11-23 12:00:00 AM,7.1,84.2,7.0,4.6,point
2025-11-23 12:30:00 AM,7.0,84.6,7.0,4.6,point
2025-11-23 01:00:00 AM,7.0,84.9,7.0,4.7,point
2025-11-23 01:30:00 AM,7.0,85.2,7.0,4.7,point
2025-11-23 02:00:00 AM,7.0,85.4,7.0,4.7,point
2025-11-23 02:30:00 AM,7.0,85.5,7.0,4.8,point
2025-11-23 03:00:00 AM,7.0,85.6,7.0,4.8,point
2025-11-23 03:30:00 AM,7.0,86.0,6.9,4.8,point
2025-11-23 04:00:00 AM,7.0,86.0,7.0,4.8,point
2025-11-23 04:30:00 AM,7.0,86.3,7.0,4.9,point
2025-11-23 05:00:00 AM,7.0,86.1,7.0,4.9,point
2025-11-23 05:30:00 AM,7.0,86.2,7.0,4.8,point
2025-11-23 06:00:00 AM,6.9,86.0,6.9,4.7,point
2025-11-23 06:30:00 AM,7.4,88.2,7.3,5.6,point
2025-11-23 07:00:00 AM,15.2,99.4,15.7,15.1,point
2025-11-23 07:30:00 AM,20.5,100.0,21.4,20.5,point
2025-11-23 08:00:00 AM,23.8,84.1,25.1,21.0,point
2025-11-23 08:30:00 AM,24.4,79.1,25.5,20.6,point
2025-11-23 09:00:00 AM,24.6,74.2,25.3,19.7,point
2025-11-23 09:30:00 AM,24.6,67.6,25.0,18.3,point
2025-11-23 10:00:00 AM,24.9,61.5,24.8,16.9,point
2025-11-23 10:30:00 AM,24.9,57.5,24.7,16.0,point
2025-11-23 11:00:00 AM,24.8,56.2,24.4,15.4,point
2025-11-23 11:30:00 AM,24.8,55.0,24.4,15.1,point
2025-11-23 12:00:00 PM,24.8,54.1,24.4,14.9,point
2025-11-23 12:30:00 PM,24.8,53.3,24.3,14.7,point
2025-11-23 01:00:00 PM,24.9,52.8,24.3,14.6,point
2025-11-23 01:30:00 PM,24.9,52.5,24.3,14.5,point
2025-11-23 02:00:00 PM,24.9,51.9,24.3,14.3,point
2025-11-23 02:30:00 PM,24.9,51.6,24.2,14.2,point
2025-11-23 03:00:00 PM,24.9,51.2,24.2,14.1,point
2025-11-23 03:30:00 PM,24.9,50.9,24.3,14.1,point
2025-11-23 04:00:00 PM,24.9,50.5,24.3,13.9,point
2025-11-23 04:30:00 PM,24.9,50.4,24.2,13.9,point
2025-11-23 05:00:00 PM,25.0,50.1,24.4,13.9,point
2025-11-23 05:30:00 PM,25.0,49.8,24.3,13.8,point
2025-11-23 06:00:00 PM,25.1,49.8,24.3,13.8,point
2025-11-23 06:30:00 PM,25.1,49.6,24.5,13.8,point
2025-11-23 07:00:00 PM,25.0,49.7,24.2,13.8,point
2025-11-23 07:30:00 PM,24.4,49.4,23.7,13.2,point
2025-11-23 08:00:00 PM,17.5,54.7,16.0,8.3,point
2025-11-23 08:30:00 PM,10.4,59.8,9.6,2.9,point
2025-11-23 09:00:00 PM,8.2,74.1,7.9,3.9,point
2025-11-23 09:30:00 PM,8.2,90.3,8.3,6.7,point
2025-11-23 10:00:00 PM,6.9,75.8,6.7,3.0,point
2025-11-23 10:30:00 PM,7.4,80.5,7.2,4.2,point
2025-11-23 11:00:00 PM,6.7,79.6,6.5,3.4,point
2025-11-23 11:30:00 PM,6.4,81.5,6.2,3.4,point
2025-11-24 12:00:00 AM,6.4,82.8,6.4,3.7,point
2025-11-24 12:30:00 AM,6.6,83.5,6.6,4.0,point
2025-11-24 01:00:00 AM,8.8,95.8,9.1,8.2,point
2025-11-24 01:30:00 AM,7.0,84.2,7.0,4.6,point
2025-11-24 02:00:00 AM,7.0,88.0,7.0,5.2,point
2025-11-24 02:30:00 AM,7.0,88.2,7.1,5.2,point
2025-11-24 03:00:00 AM,6.6,84.0,6.6,4.1,point
2025-11-24 03:30:00 AM,6.8,88.5,6.9,5.0,point
2025-11-24 04:00:00 AM,6.5,84.2,6.4,4.0,point
2025-11-24 04:30:00 AM,6.5,84.2,6.5,4.1,point
2025-11-24 05:00:00 AM,6.6,84.7,6.6,4.2,point
2025-11-24 05:30:00 AM,6.7,84.7,6.6,4.3,point
2025-11-24 06:00:00 AM,6.7,85.2,6.7,4.4,point
2025-11-24 06:30:00 AM,7.5,86.8,7.4,5.4,point
2025-11-24 07:00:00 AM,14.3,100.0,15.0,14.3,point
2025-11-24 07:30:00 AM,20.4,100.0,21.3,20.4,point
2025-11-24 08:00:00 AM,23.7,84.1,25.0,20.9,point
2025-11-24 08:30:00 AM,24.4,76.7,25.4,20.1,point
2025-11-24 09:00:00 AM,24.7,70.0,25.3,18.9,point
2025-11-24 09:30:00 AM,24.8,62.6,24.8,17.2,point
2025-11-24 10:00:00 AM,24.9,58.0,24.7,16.1,point
2025-11-24 10:30:00 AM,24.9,55.6,24.5,15.4,point
2025-11-24 11:00:00 AM,24.9,54.3,24.4,15.0,point
2025-11-24 11:30:00 AM,24.9,53.8,24.5,14.9,point
2025-11-24 12:00:00 PM,24.8,53.3,24.3,14.7,point
2025-11-24 12:30:00 PM,24.9,52.7,24.4,14.6,point
2025-11-24 01:00:00 PM,25.0,52.3,24.6,14.5,point
2025-11-24 01:30:00 PM,25.0,51.9,24.6,14.5,point
2025-11-24 02:00:00 PM,25.0,51.6,24.5,14.4,point
2025-11-24 02:30:00 PM,24.9,51.4,24.3,14.2,point
2025-11-24 03:00:00 PM,24.9,51.2,24.3,14.2,point
2025-11-24 03:30:00 PM,24.8,51.8,24.2,14.2,point
2025-11-24 04:00:00 PM,24.8,51.8,24.2,14.2,point
2025-11-24 04:30:00 PM,24.8,51.6,24.1,14.2,point
2025-11-24 05:00:00 PM,24.8,51.6,24.1,14.2,point
2025-11-24 05:30:00 PM,24.8,51.4,24.2,14.1,point
2025-11-24 06:00:00 PM,24.8,51.4,24.2,14.1,point
2025-11-24 06:30:00 PM,24.8,51.3,24.2,14.1,point
2025-11-24 07:00:00 PM,24.9,51.1,24.2,14.1,point
2025-11-24 07:30:00 PM,24.7,51.0,24.1,13.9,point
2025-11-24 08:00:00 PM,17.5,55.0,16.0,8.4,point
2025-11-24 08:30:00 PM,10.6,54.9,9.6,1.9,point
2025-11-24 09:00:00 PM,8.2,79.3,8.0,4.8,point
2025-11-24 09:30:00 PM,7.6,82.7,7.6,4.8,point
2025-11-24 10:00:00 PM,7.4,85.6,7.4,5.2,point
2025-11-24 10:30:00 PM,7.0,84.9,7.0,4.6,point
2025-11-24 11:00:00 PM,7.0,86.9,6.9,4.9,point
2025-11-24 11:30:00 PM,7.2,86.6,7.1,5.1,point
2025-11-25 12:00:00 AM,7.0,85.6,7.0,4.8,point
2025-11-25 12:30:00 AM,6.5,81.8,6.3,3.6,point
2025-11-25 01:00:00 AM,6.5,83.0,6.4,3.8,point
2025-11-25 01:30:00 AM,6.5,83.7,6.5,4.0,point
2025-11-25 02:00:00 AM,6.6,84.6,6.5,4.2,point
2025-11-25 02:30:00 AM,6.7,85.2,6.6,4.3,point
2025-11-25 03:00:00 AM,6.7,85.6,6.6,4.5,point
2025-11-25 03:30:00 AM,6.7,86.1,6.6,4.5,point
2025-11-25 04:00:00 AM,6.7,86.4,6.6,4.6,point
2025-11-25 04:30:00 AM,6.7,86.5,6.7,4.7,point
2025-11-25 05:00:00 AM,6.8,86.8,6.8,4.8,point
2025-11-25 05:30:00 AM,6.7,87.0,6.7,4.7,point
2025-11-25 06:00:00 AM,6.8,87.2,6.7,4.8,point
2025-11-25 06:30:00 AM,7.6,89.1,7.6,5.9,point
2025-11-25 07:00:00 AM,14.8,99.3,15.3,14.6,point
2025-11-25 07:30:00 AM,21.0,99.2,22.1,20.9,point
2025-11-25 08:00:00 AM,23.6,79.5,24.6,19.9,point
2025-11-25 08:30:00 AM,24.1,73.7,24.9,19.1,point
2025-11-25 09:00:00 AM,24.2,64.3,24.3,17.0,point
2025-11-25 09:30:00 AM,24.2,58.2,24.0,15.5,point
2025-11-25 10:00:00 AM,24.2,55.3,23.9,14.7,point
2025-11-25 10:30:00 AM,24.3,54.3,23.8,14.5,point
2025-11-25 11:00:00 AM,24.2,53.7,23.7,14.2,point
2025-11-25 11:30:00 AM,24.1,53.1,23.5,13.9,point
2025-11-25 12:00:00 PM,24.1,53.2,23.5,13.9,point
2025-11-25 12:30:00 PM,24.1,52.7,23.5,13.8,point
2025-11-25 01:00:00 PM,24.1,52.2,23.5,13.7,point
2025-11-25 01:30:00 PM,24.1,51.7,23.5,13.6,point
2025-11-25 02:00:00 PM,24.1,51.0,23.5,13.4,point
2025-11-25 02:30:00 PM,24.1,50.3,23.5,13.2,point
2025-11-25 03:00:00 PM,24.1,49.6,23.4,12.9,point
2025-11-25 03:30:00 PM,24.2,48.8,23.4,12.7,point
2025-11-25 04:00:00 PM,24.1,48.1,23.3,12.5,point
2025-11-25 04:30:00 PM,24.2,47.7,23.3,12.4,point
2025-11-25 05:00:00 PM,24.2,47.8,23.3,12.4,point
2025-11-25 05:30:00 PM,24.2,48.1,23.3,12.5,point
2025-11-25 06:00:00 PM,24.2,48.6,23.5,12.7,point
2025-11-25 06:30:00 PM,24.2,48.9,23.5,12.8,point
2025-11-25 07:00:00 PM,24.2,49.2,23.5,12.9,point
2025-11-25 07:30:00 PM,24.1,49.6,23.4,13.0,point
2025-11-25 08:00:00 PM,17.3,56.0,15.7,8.4,point
2025-11-25 08:30:00 PM,10.1,62.9,9.3,3.3,point
2025-11-25 09:00:00 PM,7.6,80.5,7.5,4.5,point
2025-11-25 09:30:00 PM,7.1,81.4,7.0,4.2,point
2025-11-25 10:00:00 PM,6.9,82.5,6.8,4.2,point
2025-11-25 10:30:00 PM,6.9,83.2,6.9,4.2,point
2025-11-25 11:00:00 PM,6.9,83.9,6.8,4.3,point
2025-11-25 11:30:00 PM,6.9,84.4,6.8,4.4,point
2025-11-26 12:00:00 AM,6.9,84.8,6.8,4.5,point
2025-11-26 12:30:00 AM,6.9,85.1,6.8,4.5,point
2025-11-26 01:00:00 AM,6.9,85.7,6.9,4.7,point
2025-11-26 01:30:00 AM,6.9,85.7,6.9,4.7,point
2025-11-26 02:00:00 AM,6.8,85.7,6.8,4.6,point
2025-11-26 02:30:00 AM,6.8,85.8,6.8,4.6,point
2025-11-26 03:00:00 AM,6.8,85.7,6.8,4.6,point
2025-11-26 03:30:00 AM,6.8,85.8,6.8,4.6,point
2025-11-26 04:00:00 AM,6.8,85.8,6.8,4.6,point
2025-11-26 04:30:00 AM,6.7,85.9,6.7,4.5,point
2025-11-26 05:00:00 AM,6.8,86.0,6.8,4.7,point
2025-11-26 05:30:00 AM,6.9,86.0,6.8,4.7,point
2025-11-26 06:00:00 AM,7.0,86.4,6.9,4.8,point
2025-11-26 06:30:00 AM,7.7,87.6,7.7,5.8,point
2025-11-26 07:00:00 AM,14.7,99.7,15.4,14.6,point
2025-11-26 07:30:00 AM,21.6,91.6,22.6,20.2,point
2025-11-26 08:00:00 AM,23.7,72.7,24.4,18.5,point
2025-11-26 08:30:00 AM,24.1,62.6,24.1,16.5,point
2025-11-26 09:00:00 AM,24.2,55.2,23.9,14.7,point
2025-11-26 09:30:00 AM,24.3,51.0,23.6,13.5,point
2025-11-26 10:00:00 AM,24.3,48.7,23.6,12.8,point
2025-11-26 10:30:00 AM,24.4,47.1,23.5,12.3,point
2025-11-26 11:00:00 AM,24.3,45.3,23.4,11.8,point
2025-11-26 11:30:00 AM,24.4,44.6,23.4,11.6,point
2025-11-26 12:00:00 PM,24.4,43.5,23.4,11.2,point
2025-11-26 12:30:00 PM,24.4,42.7,23.2,10.9,point
2025-11-26 01:00:00 PM,24.4,42.3,23.3,10.8,point
2025-11-26 01:30:00 PM,24.3,42.1,23.2,10.6,point
2025-11-26 02:00:00 PM,24.4,41.6,23.1,10.5,point
2025-11-26 02:30:00 PM,24.4,41.2,23.1,10.4,point
2025-11-26 03:00:00 PM,24.3,40.8,23.1,10.2,point
2025-11-26 03:30:00 PM,24.5,40.6,23.2,10.2,point
2025-11-26 04:00:00 PM,24.4,40.5,23.2,10.2,point
2025-11-26 04:30:00 PM,24.4,40.0,23.0,9.9,point
2025-11-26 05:00:00 PM,24.4,40.0,23.1,9.9,point
2025-11-26 05:30:00 PM,24.4,41.2,23.1,10.3,point
2025-11-26 06:00:00 PM,24.4,42.3,23.3,10.8,point
2025-11-26 06:30:00 PM,24.4,43.0,23.3,11.0,point
2025-11-26 07:00:00 PM,24.5,43.5,23.4,11.2,point
2025-11-26 07:30:00 PM,23.2,43.9,22.3,10.2,point
2025-11-26 08:00:00 PM,17.2,50.4,15.5,6.8,point
2025-11-26 08:30:00 PM,9.8,59.6,9.1,2.3,point
2025-11-26 09:00:00 PM,7.7,74.7,7.3,3.5,point
2025-11-26 09:30:00 PM,7.4,79.4,7.2,4.0,point
2025-11-26 10:00:00 PM,7.1,80.1,6.9,3.9,point
2025-11-26 10:30:00 PM,7.0,81.8,6.9,4.2,point
2025-11-26 11:00:00 PM,7.0,82.8,7.0,4.3,point
2025-11-26 11:30:00 PM,7.0,83.2,7.0,4.4,point
2025-11-27 12:00:00 AM,7.0,83.4,7.0,4.4,point
2025-11-27 12:30:00 AM,7.2,83.4,7.1,4.6,point
2025-11-27 01:00:00 AM,7.1,83.1,7.1,4.5,point
2025-11-27 01:30:00 AM,6.8,78.8,6.6,3.4,point
2025-11-27 02:00:00 AM,7.1,85.4,7.1,4.8,point
2025-11-27 02:30:00 AM,7.0,84.6,6.9,4.5,point
2025-11-27 03:00:00 AM,6.8,82.7,6.8,4.1,point
2025-11-27 03:30:00 AM,6.9,83.1,6.9,4.2,point
2025-11-27 04:00:00 AM,6.9,83.3,6.8,4.2,point
2025-11-27 04:30:00 AM,7.0,83.4,6.9,4.3,point
2025-11-27 05:00:00 AM,7.0,83.3,6.9,4.3,point
2025-11-27 05:30:00 AM,6.9,83.1,6.9,4.3,point
2025-11-27 06:00:00 AM,7.0,82.9,6.9,4.3,point
2025-11-27 06:30:00 AM,7.8,84.6,7.8,5.4,point
2025-11-27 07:00:00 AM,14.8,82.2,14.6,11.8,point
2025-11-27 07:30:00 AM,21.5,61.6,21.6,13.8,point
2025-11-27 08:00:00 AM,24.3,47.7,23.5,12.5,point
2025-11-27 08:30:00 AM,24.1,45.4,23.2,11.6,point
2025-11-27 09:00:00 AM,24.3,43.9,23.2,11.2,point
2025-11-27 09:30:00 AM,24.4,43.3,23.3,11.2,point
2025-11-27 10:00:00 AM,24.3,42.4,23.2,10.8,point
2025-11-27 10:30:00 AM,24.3,41.5,23.1,10.4,point
2025-11-27 11:00:00 AM,24.4,41.8,23.2,10.6,point
2025-11-27 11:30:00 AM,24.4,41.7,23.2,10.6,point
2025-11-27 12:00:00 PM,24.6,41.5,23.3,10.6,point
2025-11-27 12:30:00 PM,24.4,41.2,23.2,10.4,point
2025-11-27 01:00:00 PM,24.6,41.0,23.3,10.5,point
2025-11-27 01:30:00 PM,24.6,40.8,23.4,10.4,point
2025-11-27 02:00:00 PM,24.5,40.2,23.3,10.1,point
2025-11-27 02:30:00 PM,24.5,40.1,23.3,10.1,point
2025-11-27 03:00:00 PM,24.5,39.9,23.2,10.0,point
2025-11-27 03:30:00 PM,24.6,39.3,23.2,9.8,point
2025-11-27 04:00:00 PM,24.4,38.8,23.1,9.5,point
2025-11-27 04:30:00 PM,24.3,38.8,22.9,9.4,point
2025-11-27 05:00:00 PM,24.4,39.0,23.1,9.6,point
2025-11-27 05:30:00 PM,24.4,39.5,23.0,9.7,point
2025-11-27 06:00:00 PM,24.5,40.5,23.3,10.2,point
2025-11-27 06:30:00 PM,24.5,41.2,23.3,10.4,point
2025-11-27 07:00:00 PM,24.5,41.3,23.3,10.5,point
2025-11-27 07:30:00 PM,23.5,42.0,22.4,9.8,point
2025-11-27 08:00:00 PM,17.4,48.2,15.5,6.3,point
2025-11-27 08:30:00 PM,9.6,58.0,8.8,1.8,point
2025-11-27 09:00:00 PM,7.9,76.2,7.7,4.0,point
2025-11-27 09:30:00 PM,7.4,78.2,7.1,3.9,point
2025-11-27 10:00:00 PM,7.2,79.1,7.1,3.8,point
2025-11-27 10:30:00 PM,7.2,80.8,7.1,4.2,point
2025-11-27 11:00:00 PM,7.2,81.8,7.1,4.3,point
2025-11-27 11:30:00 PM,7.2,83.2,7.1,4.5,point
2025-11-28 12:00:00 AM,7.2,83.3,7.1,4.5,point
2025-11-28 12:30:00 AM,7.0,83.7,7.0,4.5,point
2025-11-28 01:00:00 AM,7.2,84.0,7.1,4.7,point
2025-11-28 01:30:00 AM,7.1,84.1,7.0,4.6,point
2025-11-28 02:00:00 AM,7.2,85.4,7.1,4.9,point
2025-11-28 02:30:00 AM,7.1,86.2,7.1,5.0,point
2025-11-28 03:00:00 AM,7.0,86.2,7.0,4.9,point
2025-11-28 03:30:00 AM,6.7,81.5,6.5,3.8,point
2025-11-28 04:00:00 AM,6.8,82.4,6.7,4.0,point
2025-11-28 04:30:00 AM,6.9,82.9,6.8,4.2,point
2025-11-28 05:00:00 AM,6.9,83.2,6.8,4.2,point
2025-11-28 05:30:00 AM,6.9,83.3,6.9,4.3,point
2025-11-28 06:00:00 AM,6.8,83.5,6.8,4.2,point
2025-11-28 06:30:00 AM,7.8,85.3,7.8,5.5,point
2025-11-28 07:00:00 AM,14.8,88.1,14.8,12.8,point
2025-11-28 07:30:00 AM,21.7,68.2,22.0,15.6,point
2025-11-28 08:00:00 AM,23.8,51.2,23.2,13.1,point
2025-11-28 08:30:00 AM,24.2,47.2,23.3,12.2,point
2025-11-28 09:00:00 AM,24.3,46.3,23.3,12.1,point
2025-11-28 09:30:00 AM,24.4,45.8,23.4,11.9,point
2025-11-28 10:00:00 AM,24.4,45.5,23.4,11.9,point
2025-11-28 10:30:00 AM,24.4,45.4,23.4,11.8,point
2025-11-28 11:00:00 AM,24.3,45.1,23.3,11.6,point
2025-11-28 11:30:00 AM,24.5,45.5,23.6,12.0,point
2025-11-28 12:00:00 PM,24.4,45.1,23.5,11.8,point
2025-11-28 12:30:00 PM,24.4,44.8,23.4,11.7,point
2025-11-28 01:00:00 PM,24.6,44.3,23.5,11.6,point
2025-11-28 01:30:00 PM,24.4,43.4,23.4,11.2,point
2025-11-28 02:00:00 PM,24.4,43.0,23.3,11.1,point
2025-11-28 02:30:00 PM,24.4,42.0,23.3,10.7,point
2025-11-28 03:00:00 PM,24.1,40.9,22.9,10.0,point
2025-11-28 03:30:00 PM,24.5,40.5,23.3,10.2,point
2025-11-28 04:00:00 PM,24.5,40.1,23.2,10.0,point
2025-11-28 04:30:00 PM,24.4,47.0,23.5,12.3,point
2025-11-28 05:00:00 PM,24.2,68.1,24.5,17.9,point
2025-11-28 05:30:00 PM,24.1,71.8,24.7,18.7,point
2025-11-28 06:00:00 PM,23.9,69.0,24.4,17.9,point
2025-11-28 06:30:00 PM,24.3,63.3,24.5,16.9,point
2025-11-28 07:00:00 PM,24.3,57.6,24.1,15.4,point
2025-11-28 07:30:00 PM,23.3,52.1,22.8,12.9,point
2025-11-28 08:00:00 PM,17.2,50.9,15.5,6.9,point
2025-11-28 08:30:00 PM,10.4,62.6,9.7,3.6,point
2025-11-28 09:00:00 PM,8.2,82.0,8.1,5.3,point
2025-11-28 09:30:00 PM,6.9,70.1,6.6,1.8,point
2025-11-28 10:00:00 PM,7.2,79.8,7.1,4.0,point
2025-11-28 10:30:00 PM,6.9,77.8,6.7,3.3,point
2025-11-28 11:00:00 PM,6.7,79.4,6.6,3.4,point
2025-11-28 11:30:00 PM,6.8,80.3,6.7,3.7,point
2025-11-29 12:00:00 AM,6.8,81.2,6.7,3.8,point
2025-11-29 12:30:00 AM,6.9,81.4,6.7,3.9,point
2025-11-29 01:00:00 AM,6.9,81.8,6.8,4.0,point
2025-11-29 01:30:00 AM,6.9,82.0,6.8,4.1,point
2025-11-29 02:00:00 AM,6.8,82.5,6.7,4.0,point
2025-11-29 02:30:00 AM,6.9,82.4,6.8,4.1,point
2025-11-29 03:00:00 AM,7.0,82.4,6.9,4.2,point
2025-11-29 03:30:00 AM,6.9,82.6,6.9,4.2,point
2025-11-29 04:00:00 AM,7.0,82.7,6.9,4.2,point
2025-11-29 04:30:00 AM,7.0,82.6,6.9,4.2,point
2025-11-29 05:00:00 AM,6.9,83.0,6.8,4.2,point
2025-11-29 05:30:00 AM,7.0,83.0,6.9,4.3,point
2025-11-29 06:00:00 AM,7.0,82.9,7.0,4.3,point
2025-11-29 06:30:00 AM,7.6,84.7,7.6,5.2,point
2025-11-29 07:00:00 AM,13.0,83.7,12.9,10.3,point
2025-11-29 07:30:00 AM,19.8,77.3,19.9,15.8,point
2025-11-29 08:00:00 AM,22.5,64.9,22.7,15.6,point
2025-11-29 08:30:00 AM,22.9,58.5,22.8,14.4,point
2025-11-29 09:00:00 AM,23.0,53.9,22.7,13.2,point
2025-11-29 09:30:00 AM,23.1,51.4,22.6,12.6,point
2025-11-29 10:00:00 AM,23.2,50.1,22.6,12.2,point
2025-11-29 10:30:00 AM,23.2,49.4,22.5,12.0,point
2025-11-29 11:00:00 AM,23.2,48.8,22.6,11.8,point
2025-11-29 11:30:00 AM,23.2,48.1,22.5,11.6,point
2025-11-29 12:00:00 PM,23.2,47.9,22.5,11.6,point
2025-11-29 12:30:00 PM,23.2,47.3,22.5,11.4,point
2025-11-29 01:00:00 PM,23.2,46.5,22.4,11.1,point
2025-11-29 01:30:00 PM,23.2,45.8,22.4,10.9,point
2025-11-29 02:00:00 PM,23.2,44.9,22.3,10.6,point
2025-11-29 02:30:00 PM,23.2,44.3,22.3,10.4,point
2025-11-29 03:00:00 PM,23.3,43.6,22.3,10.2,point
2025-11-29 03:30:00 PM,23.3,42.6,22.2,9.9,point
2025-11-29 04:00:00 PM,23.3,42.4,22.2,9.8,point
2025-11-29 04:30:00 PM,23.3,42.6,22.2,9.8,point
2025-11-29 05:00:00 PM,23.2,42.8,22.2,9.9,point
2025-11-29 05:30:00 PM,23.3,42.6,22.2,9.9,point
2025-11-29 06:00:00 PM,23.3,42.7,22.3,10.0,point
2025-11-29 06:30:00 PM,23.3,43.4,22.4,10.2,point
2025-11-29 07:00:00 PM,23.3,43.7,22.4,10.3,point
2025-11-29 07:30:00 PM,22.6,43.9,21.8,9.7,point
2025-11-29 08:00:00 PM,17.6,49.5,15.7,6.9,point
2025-11-29 08:30:00 PM,11.2,49.4,10.0,1.0,point
2025-11-29 09:00:00 PM,7.8,74.1,7.5,3.5,point
2025-11-29 09:30:00 PM,7.2,75.4,6.9,3.1,point
2025-11-29 10:00:00 PM,7.1,77.2,6.8,3.3,point
2025-11-29 10:30:00 PM,7.0,78.2,6.7,3.4,point
2025-11-29 11:00:00 PM,7.3,77.9,7.0,3.7,point
2025-11-29 11:30:00 PM,7.1,80.5,7.0,4.0,point
2025-11-30 12:00:00 AM,7.2,80.1,7.1,4.0,point
2025-11-30 12:30:00 AM,7.1,81.1,6.9,4.1,point
2025-11-30 01:00:00 AM,7.2,80.9,7.1,4.2,point
2025-11-30 01:30:00 AM,7.1,81.3,6.9,4.1,point
2025-11-30 02:00:00 AM,7.1,81.8,7.0,4.2,point
2025-11-30 02:30:00 AM,6.8,81.4,6.7,3.8,point
2025-11-30 03:00:00 AM,7.1,81.9,6.9,4.2,point
2025-11-30 03:30:00 AM,7.2,82.4,7.0,4.4,point
2025-11-30 04:00:00 AM,6.9,82.7,6.8,4.1,point
2025-11-30 04:30:00 AM,6.9,82.6,6.9,4.2,point
2025-11-30 05:00:00 AM,7.0,81.4,6.8,4.0,point
2025-11-30 05:30:00 AM,7.1,82.2,6.9,4.3,point
2025-11-30 06:00:00 AM,7.0,82.3,6.9,4.2,point
2025-11-30 06:30:00 AM,8.0,87.4,7.9,6.0,point
2025-11-30 07:00:00 AM,13.9,79.4,13.7,10.4,point
2025-11-30 07:30:00 AM,21.2,60.3,21.1,13.3,point
2025-11-30 08:00:00 AM,23.8,47.7,23.0,12.0,point
2025-11-30 08:30:00 AM,24.2,45.8,23.3,11.8,point
2025-11-30 09:00:00 AM,24.2,44.9,23.1,11.5,point
2025-11-30 09:30:00 AM,24.2,44.5,23.2,11.4,point
2025-11-30 10:00:00 AM,24.3,44.5,23.2,11.4,point
2025-11-30 10:30:00 AM,24.2,43.8,23.2,11.1,point
2025-11-30 11:00:00 AM,24.3,43.3,23.1,11.0,point
2025-11-30 11:30:00 AM,24.3,42.7,23.1,10.8,point
2025-11-30 12:00:00 PM,24.1,42.0,23.0,10.4,point
2025-11-30 12:30:00 PM,24.3,42.6,23.1,10.8,point
2025-11-30 01:00:00 PM,24.3,42.0,23.1,10.6,point
2025-11-30 01:30:00 PM,24.3,41.5,23.0,10.4,point
2025-11-30 02:00:00 PM,24.3,40.8,23.0,10.1,point
2025-11-30 02:30:00 PM,24.2,40.4,23.0,9.9,point
2025-11-30 03:00:00 PM,24.3,40.0,23.0,9.8,point
2025-11-30 03:30:00 PM,24.2,39.5,22.9,9.6,point
2025-11-30 04:00:00 PM,24.3,39.2,22.9,9.5,point
2025-11-30 04:30:00 PM,24.3,39.3,22.9,9.6,point
2025-11-30 05:00:00 PM,24.4,39.3,23.1,9.7,point
2025-11-30 05:30:00 PM,24.3,38.9,23.0,9.5,point
2025-11-30 06:00:00 PM,24.4,38.9,23.0,9.5,point
2025-11-30 06:30:00 PM,24.2,38.9,22.9,9.4,point
2025-11-30 07:00:00 PM,24.3,38.8,23.0,9.4,point
2025-11-30 07:30:00 PM,23.5,38.7,22.3,8.6,point
2025-11-30 08:00:00 PM,17.3,43.6,15.3,4.8,point
2025-11-30 08:30:00 PM,10.0,53.0,9.0,0.8,point
2025-11-30 09:00:00 PM,7.3,65.6,6.9,1.3,point
2025-11-30 09:30:00 PM,7.8,65.2,7.3,1.7,point
2025-11-30 10:00:00 PM,7.0,67.9,6.6,1.5,point
2025-11-30 10:30:00 PM,8.1,73.7,7.8,3.7,point
2025-11-30 11:00:00 PM,7.2,69.6,6.8,2.0,point
2025-11-30 11:30:00 PM,7.2,71.3,6.8,2.3,point
2025-12-01 12:00:00 AM,7.0,71.4,6.7,2.2,point
2025-12-01 12:30:00 AM,7.0,71.5,6.6,2.2,point
2025-12-01 01:00:00 AM,7.0,71.9,6.7,2.3,point
2025-12-01 01:30:00 AM,7.1,72.6,6.7,2.5,point
2025-12-01 02:00:00 AM,7.1,73.3,6.9,2.7,point
2025-12-01 02:30:00 AM,7.2,73.6,6.9,2.8,point
2025-12-01 03:00:00 AM,7.1,73.0,6.7,2.6,point
2025-12-01 03:30:00 AM,7.2,73.7,6.9,2.8,point
2025-12-01 04:00:00 AM,7.1,73.5,6.8,2.7,point
2025-12-01 04:30:00 AM,7.0,73.5,6.8,2.6,point
2025-12-01 05:00:00 AM,7.1,74.1,6.8,2.8,point
2025-12-01 05:30:00 AM,7.1,74.3,6.8,2.8,point
2025-12-01 06:00:00 AM,7.0,74.8,6.8,2.9,point
2025-12-01 06:30:00 AM,7.7,76.7,7.4,3.9,point
2025-12-01 07:00:00 AM,13.6,69.8,13.0,8.2,point
2025-12-01 07:30:00 AM,21.3,53.1,20.8,11.3,point
2025-12-01 08:00:00 AM,23.8,43.6,22.8,10.7,point
2025-12-01 08:30:00 AM,24.2,42.9,23.0,10.8,point
2025-12-01 09:00:00 AM,24.2,42.9,23.1,10.8,point
2025-12-01 09:30:00 AM,24.2,42.9,23.1,10.8,point
2025-12-01 10:00:00 AM,24.3,42.8,23.1,10.9,point
2025-12-01 10:30:00 AM,24.3,42.9,23.2,10.9,point
2025-12-01 11:00:00 AM,24.4,43.0,23.2,11.0,point
2025-12-01 11:30:00 AM,24.4,42.6,23.2,10.9,point
2025-12-01 12:00:00 PM,24.4,42.4,23.2,10.8,point
2025-12-01 12:30:00 PM,24.3,42.2,23.2,10.7,point
2025-12-01 01:00:00 PM,24.5,42.3,23.3,10.8,point
2025-12-01 01:30:00 PM,24.4,42.0,23.2,10.7,point
2025-12-01 02:00:00 PM,24.4,41.8,23.3,10.6,point
2025-12-01 02:30:00 PM,24.3,41.7,23.0,10.4,point
2025-12-01 03:00:00 PM,24.5,41.9,23.3,10.7,point
2025-12-01 03:30:00 PM,24.2,41.4,23.0,10.3,point
2025-12-01 04:00:00 PM,24.2,41.6,22.9,10.3,point
2025-12-01 04:30:00 PM,24.3,41.3,23.1,10.3,point
2025-12-01 05:00:00 PM,24.4,41.0,23.2,10.3,point
2025-12-01 05:30:00 PM,24.4,41.2,23.1,10.4,point
2025-12-01 06:00:00 PM,24.1,41.0,22.9,10.1,point
2025-12-01 06:30:00 PM,24.4,41.1,23.1,10.3,point
2025-12-01 07:00:00 PM,24.3,41.0,23.1,10.2,point
2025-12-01 07:30:00 PM,23.6,41.2,22.5,9.7,point
2025-12-01 08:00:00 PM,17.8,48.0,15.8,6.6,point
2025-12-01 08:30:00 PM,9.7,52.6,8.8,0.5,point
2025-12-01 09:00:00 PM,7.2,65.6,6.8,1.2,point
2025-12-01 09:30:00 PM,6.9,66.3,6.5,1.1,point
2025-12-01 10:00:00 PM,7.3,78.5,7.1,3.9,point
2025-12-01 10:30:00 PM,6.9,75.4,6.6,2.8,point
2025-12-01 11:00:00 PM,6.8,77.5,6.6,3.1,point
2025-12-01 11:30:00 PM,6.7,78.5,6.5,3.3,point
2025-12-02 12:00:00 AM,6.8,79.3,6.6,3.5,point
2025-12-02 12:30:00 AM,6.8,79.8,6.7,3.6,point
2025-12-02 01:00:00 AM,6.8,80.2,6.7,3.7,point
2025-12-02 01:30:00 AM,6.9,80.4,6.8,3.8,point
2025-12-02 02:00:00 AM,6.9,80.6,6.7,3.8,point
2025-12-02 02:30:00 AM,7.0,80.8,6.8,3.9,point
2025-12-02 03:00:00 AM,6.9,81.0,6.8,3.9,point
2025-12-02 03:30:00 AM,6.9,81.0,6.7,3.8,point
2025-12-02 04:00:00 AM,6.9,81.3,6.8,4.0,point
2025-12-02 04:30:00 AM,6.9,81.2,6.8,3.9,point
2025-12-02 05:00:00 AM,6.9,81.2,6.8,3.9,point
2025-12-02 05:30:00 AM,6.9,81.4,6.7,3.9,point
2025-12-02 06:00:00 AM,6.8,81.4,6.7,3.9,point
2025-12-02 06:30:00 AM,7.7,83.0,7.6,5.0,point
2025-12-02 07:00:00 AM,12.8,80.9,12.7,9.7,point
2025-12-02 07:30:00 AM,19.7,69.5,19.3,13.9,point
2025-12-02 08:00:00 AM,22.4,53.8,22.1,12.6,point
2025-12-02 08:30:00 AM,22.9,48.5,22.3,11.5,point
2025-12-02 09:00:00 AM,23.1,46.9,22.4,11.2,point
2025-12-02 09:30:00 AM,23.2,46.1,22.4,11.0,point
2025-12-02 10:00:00 AM,23.2,45.7,22.4,10.9,point
2025-12-02 10:30:00 AM,23.2,45.3,22.4,10.8,point
2025-12-02 11:00:00 AM,23.2,44.9,22.3,10.6,point
2025-12-02 11:30:00 AM,23.3,44.8,22.3,10.6,point
2025-12-02 12:00:00 PM,23.3,44.7,22.3,10.6,point
2025-12-02 12:30:00 PM,23.3,44.6,22.3,10.5,point
2025-12-02 01:00:00 PM,23.3,44.5,22.4,10.6,point
2025-12-02 01:30:00 PM,23.3,44.6,22.3,10.6,point
2025-12-02 02:00:00 PM,23.3,44.5,22.4,10.6,point
2025-12-02 02:30:00 PM,23.4,44.5,22.4,10.6,point
2025-12-02 03:00:00 PM,23.4,44.3,22.4,10.5,point
2025-12-02 03:30:00 PM,23.4,44.3,22.4,10.6,point
2025-12-02 04:00:00 PM,23.4,44.3,22.5,10.6,point
2025-12-02 04:30:00 PM,23.4,44.2,22.4,10.5,point
2025-12-02 05:00:00 PM,23.4,44.3,22.5,10.6,point
2025-12-02 05:30:00 PM,23.4,44.6,22.4,10.7,point
2025-12-02 06:00:00 PM,23.4,44.6,22.4,10.6,point
2025-12-02 06:30:00 PM,23.4,44.5,22.4,10.6,point
2025-12-02 07:00:00 PM,23.3,44.4,22.4,10.5,point
2025-12-02 07:30:00 PM,22.7,44.2,21.9,9.9,point
2025-12-02 08:00:00 PM,17.6,49.8,15.8,7.0,point
2025-12-02 08:30:00 PM,11.1,49.4,10.0,0.9,point
2025-12-02 09:00:00 PM,7.8,73.3,7.5,3.4,point
2025-12-02 09:30:00 PM,7.1,76.4,6.8,3.2,point
2025-12-02 10:00:00 PM,6.9,77.9,6.6,3.3,point
2025-12-02 10:30:00 PM,7.0,78.8,6.8,3.5,point
2025-12-02 11:00:00 PM,8.1,88.6,8.2,6.3,point
2025-12-02 11:30:00 PM,7.1,80.4,6.9,3.9,point
2025-12-03 12:00:00 AM,7.0,80.6,6.9,3.9,point
2025-12-03 12:30:00 AM,7.1,83.5,7.0,4.5,point
2025-12-03 01:00:00 AM,7.1,84.0,7.0,4.6,point
2025-12-03 01:30:00 AM,7.2,84.0,7.1,4.7,point
2025-12-03 02:00:00 AM,6.7,81.4,6.6,3.8,point
2025-12-03 02:30:00 AM,6.8,82.0,6.7,4.0,point
2025-12-03 03:00:00 AM,6.9,82.3,6.7,4.1,point
2025-12-03 03:30:00 AM,7.0,82.5,6.9,4.2,point
2025-12-03 04:00:00 AM,7.0,82.5,6.8,4.2,point
2025-12-03 04:30:00 AM,6.9,82.6,6.9,4.2,point
2025-12-03 05:00:00 AM,7.0,82.6,7.0,4.2,point
2025-12-03 05:30:00 AM,6.9,82.5,6.9,4.2,point
2025-12-03 06:00:00 AM,6.9,82.4,6.8,4.1,point
2025-12-03 06:30:00 AM,7.6,84.0,7.6,5.1,point
2025-12-03 07:00:00 AM,13.8,86.1,13.8,11.5,point
2025-12-03 07:30:00 AM,21.1,66.5,21.2,14.6,point
2025-12-03 08:00:00 AM,23.7,49.6,23.0,12.6,point
2025-12-03 08:30:00 AM,24.0,46.5,23.1,11.8,point
2025-12-03 09:00:00 AM,24.1,45.6,23.2,11.7,point
2025-12-03 09:30:00 AM,24.3,45.3,23.3,11.7,point
2025-12-03 10:00:00 AM,24.2,44.5,23.1,11.3,point
2025-12-03 10:30:00 AM,24.3,44.4,23.2,11.4,point
2025-12-03 11:00:00 AM,24.2,43.5,23.2,11.0,point
2025-12-03 11:30:00 AM,24.1,42.6,23.0,10.7,point
2025-12-03 12:00:00 PM,24.4,41.4,23.2,10.5,point
2025-12-03 12:30:00 PM,24.2,40.8,23.0,10.0,point
2025-12-03 01:00:00 PM,24.3,40.1,23.1,9.9,point
2025-12-03 01:30:00 PM,24.4,40.0,23.2,10.0,point
2025-12-03 02:00:00 PM,24.4,40.2,23.1,10.0,point
2025-12-03 02:30:00 PM,24.5,40.9,23.3,10.4,point
2025-12-03 03:00:00 PM,24.3,41.6,23.1,10.5,point
2025-12-03 03:30:00 PM,24.4,42.7,23.3,10.9,point
2025-12-03 04:00:00 PM,24.3,43.6,23.3,11.2,point
2025-12-03 04:30:00 PM,24.3,43.5,23.3,11.1,point
2025-12-03 05:00:00 PM,24.3,43.5,23.3,11.1,point
2025-12-03 05:30:00 PM,24.1,44.2,23.1,11.2,point
2025-12-03 06:00:00 PM,24.3,44.4,23.3,11.4,point
2025-12-03 06:30:00 PM,24.1,44.8,23.0,11.3,point
2025-12-03 07:00:00 PM,24.3,44.5,23.2,11.4,point
2025-12-03 07:30:00 PM,23.5,43.9,22.5,10.5,point
2025-12-03 08:00:00 PM,17.6,49.4,15.7,6.9,point
2025-12-03 08:30:00 PM,10.0,58.2,9.2,2.2,point
2025-12-03 09:00:00 PM,7.9,74.0,7.6,3.6,point
2025-12-03 09:30:00 PM,7.3,77.7,7.1,3.7,point
2025-12-03 10:00:00 PM,7.1,78.8,6.9,3.7,point
2025-12-03 10:30:00 PM,7.2,79.1,7.0,3.8,point
2025-12-03 11:00:00 PM,7.2,80.2,7.1,4.0,point
2025-12-03 11:30:00 PM,7.0,80.6,6.9,3.9,point
2025-12-04 12:00:00 AM,7.2,81.2,7.1,4.2,point
2025-12-04 12:30:00 AM,7.0,83.1,6.9,4.3,point
2025-12-04 01:00:00 AM,7.1,82.9,7.1,4.4,point
2025-12-04 01:30:00 AM,7.0,82.0,6.9,4.2,point
2025-12-04 02:00:00 AM,6.8,79.9,6.7,3.6,point
2025-12-04 02:30:00 AM,7.0,83.6,7.0,4.4,point
2025-12-04 03:00:00 AM,7.0,84.2,6.9,4.5,point
2025-12-04 03:30:00 AM,7.0,83.5,6.9,4.4,point
2025-12-04 04:00:00 AM,7.0,83.5,7.0,4.4,point
2025-12-04 04:30:00 AM,6.9,82.5,6.9,4.2,point
2025-12-04 05:00:00 AM,7.1,83.6,7.0,4.5,point
2025-12-04 05:30:00 AM,6.9,83.7,6.9,4.4,point
2025-12-04 06:00:00 AM,7.2,85.0,7.2,4.9,point
2025-12-04 06:30:00 AM,7.9,86.9,7.9,5.8,point
2025-12-04 07:00:00 AM,13.5,81.8,13.3,10.4,point
2025-12-04 07:30:00 AM,21.0,62.0,20.9,13.4,point
2025-12-04 08:00:00 AM,23.6,46.6,22.8,11.5,point
2025-12-04 08:30:00 AM,24.0,43.8,23.0,10.9,point
2025-12-04 09:00:00 AM,24.3,43.2,23.1,11.0,point
2025-12-04 09:30:00 AM,24.2,42.6,23.1,10.7,point
2025-12-04 10:00:00 AM,24.2,42.2,23.0,10.5,point
2025-12-04 10:30:00 AM,24.3,42.4,23.2,10.7,point
2025-12-04 11:00:00 AM,24.3,42.3,23.1,10.7,point
2025-12-04 11:30:00 AM,24.3,42.2,23.2,10.7,point
2025-12-04 12:00:00 PM,24.3,41.8,23.1,10.5,point
2025-12-04 12:30:00 PM,24.4,41.4,23.1,10.4,point
2025-12-04 01:00:00 PM,24.3,41.0,23.1,10.2,point
2025-12-04 01:30:00 PM,24.2,39.8,22.9,9.7,point
2025-12-04 02:00:00 PM,24.2,38.9,22.9,9.4,point
2025-12-04 02:30:00 PM,24.3,38.8,23.0,9.4,point
2025-12-04 03:00:00 PM,24.2,38.4,22.9,9.2,point
2025-12-04 03:30:00 PM,24.3,38.1,22.8,9.1,point
2025-12-04 04:00:00 PM,24.1,37.3,22.7,8.6,point
2025-12-04 04:30:00 PM,24.2,37.8,22.8,8.9,point
2025-12-04 05:00:00 PM,24.1,37.5,22.7,8.7,point
2025-12-04 05:30:00 PM,24.2,37.1,22.7,8.6,point
2025-12-04 06:00:00 PM,24.2,37.0,22.8,8.6,point
2025-12-04 06:30:00 PM,24.2,36.5,22.7,8.4,point
2025-12-04 07:00:00 PM,24.3,36.2,22.7,8.4,point
2025-12-04 07:30:00 PM,22.8,35.8,21.5,6.9,point
2025-12-04 08:00:00 PM,17.1,41.7,14.9,4.0,point
2025-12-04 08:30:00 PM,10.5,50.9,9.4,0.7,point
2025-12-04 09:00:00 PM,7.4,62.2,6.9,0.7,point
2025-12-04 09:30:00 PM,6.9,65.5,6.5,0.9,point
2025-12-04 10:00:00 PM,6.9,66.5,6.5,1.1,point
2025-12-04 10:30:00 PM,6.9,67.2,6.4,1.2,point
2025-12-04 11:00:00 PM,7.9,67.3,7.5,2.2,point
2025-12-04 11:30:00 PM,6.7,67.3,6.3,1.1,point
2025-12-05 12:00:00 AM,6.7,68.7,6.3,1.3,point
2025-12-05 12:30:00 AM,7.2,66.7,6.8,1.5,point
2025-12-05 01:00:00 AM,6.8,68.6,6.5,1.5,point
2025-12-05 01:30:00 AM,6.8,69.9,6.4,1.7,point
2025-12-05 02:00:00 AM,6.8,70.4,6.5,1.8,point
2025-12-05 02:30:00 AM,6.8,70.8,6.5,1.9,point
2025-12-05 03:00:00 AM,6.8,71.0,6.5,2.0,point
2025-12-05 03:30:00 AM,6.9,71.3,6.5,2.0,point
2025-12-05 04:00:00 AM,6.9,71.6,6.6,2.2,point
2025-12-05 04:30:00 AM,6.9,71.6,6.6,2.1,point
2025-12-05 05:00:00 AM,7.0,71.5,6.6,2.2,point
2025-12-05 05:30:00 AM,6.9,71.5,6.5,2.1,point
2025-12-05 06:00:00 AM,7.0,71.6,6.6,2.2,point
2025-12-05 06:30:00 AM,7.6,72.8,7.3,3.0,point
2025-12-05 07:00:00 AM,14.9,61.7,13.9,7.7,point
2025-12-05 07:30:00 AM,21.2,47.7,20.6,9.7,point
2025-12-05 08:00:00 AM,23.7,39.6,22.5,9.2,point
2025-12-05 08:30:00 AM,24.1,38.9,22.8,9.2,point
2025-12-05 09:00:00 AM,24.1,38.8,22.8,9.2,point
2025-12-05 09:30:00 AM,24.2,38.5,22.8,9.2,point
2025-12-05 10:00:00 AM,24.4,38.7,23.1,9.5,point
2025-12-05 10:30:00 AM,24.1,38.2,22.7,9.0,point
2025-12-05 11:00:00 AM,24.2,38.5,22.9,9.2,point
2025-12-05 11:30:00 AM,24.2,38.3,22.8,9.1,point
2025-12-05 12:00:00 PM,24.2,38.1,22.8,9.1,point
2025-12-05 12:30:00 PM,24.4,38.1,22.9,9.2,point
2025-12-05 01:00:00 PM,24.4,38.1,22.9,9.2,point
2025-12-05 01:30:00 PM,24.4,38.5,23.1,9.4,point
2025-12-05 02:00:00 PM,24.3,38.7,22.9,9.3,point
2025-12-05 02:30:00 PM,24.2,39.1,22.9,9.4,point
2025-12-05 03:00:00 PM,24.2,38.6,22.9,9.2,point
2025-12-05 03:30:00 PM,24.4,38.3,23.0,9.3,point
2025-12-05 04:00:00 PM,24.3,38.7,22.9,9.3,point
2025-12-05 04:30:00 PM,24.3,38.2,22.8,9.2,point
2025-12-05 05:00:00 PM,24.3,37.4,22.8,8.8,point
2025-12-05 05:30:00 PM,24.4,37.8,22.9,9.1,point
2025-12-05 06:00:00 PM,24.3,37.5,22.8,8.9,point
2025-12-05 06:30:00 PM,24.0,37.3,22.7,8.6,point
2025-12-05 07:00:00 PM,24.4,37.3,23.0,8.9,point
2025-12-05 07:30:00 PM,23.6,36.6,22.2,7.9,point
2025-12-05 08:00:00 PM,17.4,41.8,15.2,4.3,point
2025-12-05 08:30:00 PM,10.3,49.5,9.2,0.2,point
2025-12-05 09:00:00 PM,7.4,62.1,6.8,0.6,point
2025-12-05 09:30:00 PM,7.4,66.7,7.0,1.6,point
2025-12-05 10:00:00 PM,6.9,66.4,6.4,1.1,point
2025-12-05 10:30:00 PM,7.2,67.5,6.7,1.6,point
2025-12-05 11:00:00 PM,7.1,67.7,6.7,1.5,point
2025-12-05 11:30:00 PM,7.1,68.5,6.7,1.7,point
2025-12-06 12:00:00 AM,6.8,68.9,6.5,1.5,point
2025-12-06 12:30:00 AM,6.9,69.4,6.5,1.6,point
2025-12-06 01:00:00 AM,7.0,69.7,6.7,1.9,point
2025-12-06 01:30:00 AM,7.1,69.8,6.7,2.0,point
2025-12-06 02:00:00 AM,7.2,69.9,6.8,2.1,point
2025-12-06 02:30:00 AM,7.0,70.9,6.6,2.0,point
2025-12-06 03:00:00 AM,6.7,70.8,6.3,1.7,point
2025-12-06 03:30:00 AM,6.7,71.1,6.3,1.8,point
2025-12-06 04:00:00 AM,7.3,68.0,6.9,1.8,point
2025-12-06 04:30:00 AM,6.6,69.1,6.2,1.3,point
2025-12-06 05:00:00 AM,6.8,69.7,6.4,1.6,point
2025-12-06 05:30:00 AM,6.8,70.7,6.4,1.8,point
2025-12-06 06:00:00 AM,6.8,70.6,6.4,1.8,point
2025-12-06 06:30:00 AM,7.5,71.8,7.1,2.7,point
2025-12-06 07:00:00 AM,14.1,63.7,13.1,7.3,point
2025-12-06 07:30:00 AM,21.0,46.9,20.2,9.2,point
2025-12-06 08:00:00 AM,23.7,38.6,22.5,8.8,point
2025-12-06 08:30:00 AM,24.1,37.9,22.7,8.9,point
2025-12-06 09:00:00 AM,24.1,37.5,22.7,8.7,point
2025-12-06 09:30:00 AM,24.3,37.8,22.8,9.0,point
2025-12-06 10:00:00 AM,24.2,37.5,22.8,8.8,point
2025-12-06 10:30:00 AM,24.1,37.0,22.7,8.6,point
2025-12-06 11:00:00 AM,24.1,37.2,22.7,8.6,point
2025-12-06 11:30:00 AM,24.1,37.2,22.7,8.6,point
2025-12-06 12:00:00 PM,24.1,37.1,22.7,8.6,point
2025-12-06 12:30:00 PM,24.2,37.1,22.8,8.7,point
2025-12-06 01:00:00 PM,24.3,36.7,22.7,8.6,point
2025-12-06 01:30:00 PM,24.3,36.4,22.7,8.4,point
2025-12-06 02:00:00 PM,24.2,36.1,22.7,8.2,point
2025-12-06 02:30:00 PM,24.3,35.8,22.8,8.2,point
2025-12-06 03:00:00 PM,24.4,36.1,22.8,8.4,point
2025-12-06 03:30:00 PM,24.4,36.0,22.9,8.4,point
2025-12-06 04:00:00 PM,24.3,35.5,22.7,8.1,point
2025-12-06 04:30:00 PM,24.3,35.0,22.7,7.9,point
2025-12-06 05:00:00 PM,24.1,34.4,22.6,7.5,point
2025-12-06 05:30:00 PM,24.3,33.8,22.7,7.4,point
2025-12-06 06:00:00 PM,24.4,33.6,22.7,7.3,point
2025-12-06 06:30:00 PM,24.3,33.5,22.6,7.2,point
2025-12-06 07:00:00 PM,24.2,33.7,22.6,7.3,point
2025-12-06 07:30:00 PM,23.4,33.4,22.0,6.4,point
2025-12-06 08:00:00 PM,17.0,39.5,14.8,3.1,point
2025-12-06 08:30:00 PM,10.0,48.8,9.0,-0.3,point
2025-12-06 09:00:00 PM,7.3,61.3,6.8,0.4,point
2025-12-06 09:30:00 PM,7.7,62.0,7.1,0.8,point
2025-12-06 10:00:00 PM,7.1,64.1,6.7,0.8,point
2025-12-06 10:30:00 PM,6.9,66.8,6.4,1.1,point
2025-12-06 11:00:00 PM,6.8,68.1,6.4,1.3,point
2025-12-06 11:30:00 PM,6.9,69.0,6.5,1.6,point
2025-12-07 12:00:00 AM,6.9,69.7,6.5,1.7,point
2025-12-07 12:30:00 AM,6.9,70.2,6.6,1.9,point
2025-12-07 01:00:00 AM,6.9,70.5,6.5,1.9,point
2025-12-07 01:30:00 AM,6.9,70.5,6.5,1.9,point
2025-12-07 02:00:00 AM,6.9,70.7,6.6,2.0,point
2025-12-07 02:30:00 AM,7.0,70.8,6.6,2.0,point
2025-12-07 03:00:00 AM,6.9,70.8,6.6,2.0,point
2025-12-07 03:30:00 AM,7.0,70.6,6.6,2.0,point
2025-12-07 04:00:00 AM,7.0,70.5,6.6,2.0,point
2025-12-07 04:30:00 AM,7.0,70.3,6.6,1.9,point
2025-12-07 05:00:00 AM,6.9,70.2,6.5,1.8,point
2025-12-07 05:30:00 AM,6.9,70.2,6.6,1.9,point
2025-12-07 06:00:00 AM,6.9,70.2,6.6,1.9,point
2025-12-07 06:30:00 AM,7.5,71.3,7.2,2.6,point
2025-12-07 07:00:00 AM,16.0,63.5,15.0,9.1,point
2025-12-07 07:30:00 AM,21.1,45.5,20.2,8.8,point
2025-12-07 08:00:00 AM,23.6,37.0,22.3,8.1,point
2025-12-07 08:30:00 AM,23.9,36.7,22.5,8.2,point
2025-12-07 09:00:00 AM,24.2,36.3,22.7,8.4,point
2025-12-07 09:30:00 AM,24.2,35.6,22.6,8.0,point
2025-12-07 10:00:00 AM,24.2,35.4,22.7,7.9,point
2025-12-07 10:30:00 AM,24.4,35.2,22.8,8.0,point
2025-12-07 11:00:00 AM,24.2,34.8,22.6,7.7,point
2025-12-07 11:30:00 AM,24.3,33.8,22.7,7.4,point
2025-12-07 12:00:00 PM,24.3,33.1,22.6,7.1,point
2025-12-07 12:30:00 PM,24.4,33.2,22.6,7.1,point
2025-12-07 01:00:00 PM,24.2,33.1,22.5,7.0,point
2025-12-07 01:30:00 PM,24.4,32.9,22.6,7.0,point
2025-12-07 02:00:00 PM,24.4,32.2,22.6,6.7,point
2025-12-07 02:30:00 PM,24.3,31.9,22.6,6.5,point
2025-12-07 03:00:00 PM,24.2,32.2,22.5,6.6,point
2025-12-07 03:30:00 PM,24.3,32.4,22.5,6.7,point
2025-12-07 04:00:00 PM,24.4,32.3,22.6,6.8,point
2025-12-07 04:30:00 PM,24.4,32.3,22.6,6.7,point
2025-12-07 05:00:00 PM,24.2,32.4,22.5,6.7,point
2025-12-07 05:30:00 PM,24.4,32.6,22.7,7.0,point
2025-12-07 06:00:00 PM,24.4,33.1,22.6,7.1,point
2025-12-07 06:30:00 PM,24.4,33.1,22.6,7.1,point
2025-12-07 07:00:00 PM,24.3,33.3,22.6,7.2,point
2025-12-07 07:30:00 PM,23.7,33.4,22.1,6.6,point
2025-12-07 08:00:00 PM,17.5,39.5,15.3,3.6,point
2025-12-07 08:30:00 PM,9.7,47.0,8.6,-1.0,point
2025-12-07 09:00:00 PM,7.4,62.0,6.9,0.6,point
2025-12-07 09:30:00 PM,7.0,65.8,6.6,1.1,point
2025-12-07 10:00:00 PM,6.9,67.3,6.4,1.2,point
2025-12-07 10:30:00 PM,6.8,68.2,6.5,1.4,point
2025-12-07 11:00:00 PM,6.9,68.7,6.5,1.5,point
2025-12-07 11:30:00 PM,6.8,69.2,6.5,1.6,point
2025-12-08 12:00:00 AM,6.9,69.5,6.5,1.7,point
2025-12-08 12:30:00 AM,6.9,69.8,6.5,1.7,point
2025-12-08 01:00:00 AM,6.9,69.9,6.5,1.8,point
2025-12-08 01:30:00 AM,6.9,69.8,6.5,1.8,point
2025-12-08 02:00:00 AM,6.9,69.8,6.6,1.8,point
2025-12-08 02:30:00 AM,7.0,69.7,6.7,1.9,point
2025-12-08 03:00:00 AM,6.9,69.5,6.6,1.7,point
2025-12-08 03:30:00 AM,6.9,69.0,6.5,1.6,point
2025-12-08 04:00:00 AM,6.9,68.6,6.5,1.5,point
2025-12-08 04:30:00 AM,6.9,68.1,6.5,1.4,point
2025-12-08 05:00:00 AM,6.9,67.7,6.5,1.3,point
2025-12-08 05:30:00 AM,7.0,67.3,6.5,1.3,point
2025-12-08 06:00:00 AM,6.9,66.9,6.4,1.2,point
2025-12-08 06:30:00 AM,7.6,67.5,7.1,1.9,point
2025-12-08 07:00:00 AM,12.6,60.9,11.6,5.2,point
2025-12-08 07:30:00 AM,19.4,45.9,17.7,7.4,point
2025-12-08 08:00:00 AM,22.5,37.1,21.3,7.1,point
2025-12-08 08:30:00 AM,22.9,35.7,21.6,6.9,point
2025-12-08 09:00:00 AM,23.1,35.2,21.8,6.9,point
2025-12-08 09:30:00 AM,23.2,34.8,21.8,6.8,point
2025-12-08 10:00:00 AM,23.2,34.4,21.8,6.7,point
2025-12-08 10:30:00 AM,23.2,34.2,21.8,6.6,point
2025-12-08 11:00:00 AM,23.2,34.2,21.8,6.6,point
2025-12-08 11:30:00 AM,23.2,33.4,21.7,6.3,point
2025-12-08 12:00:00 PM,23.3,33.6,21.8,6.3,point
2025-12-08 12:30:00 PM,23.3,33.5,21.8,6.3,point
2025-12-08 01:00:00 PM,23.3,33.1,21.7,6.2,point
2025-12-08 01:30:00 PM,23.3,31.7,21.7,5.6,point
2025-12-08 02:00:00 PM,23.3,31.6,21.6,5.5,point
2025-12-08 02:30:00 PM,23.3,31.7,21.7,5.6,point
2025-12-08 03:00:00 PM,23.3,31.4,21.6,5.4,point
2025-12-08 03:30:00 PM,23.3,31.5,21.7,5.5,point
2025-12-08 04:00:00 PM,23.3,31.8,21.8,5.6,point
2025-12-08 04:30:00 PM,23.3,32.1,21.7,5.8,point
2025-12-08 05:00:00 PM,23.3,32.3,21.8,5.9,point
2025-12-08 05:30:00 PM,23.3,32.3,21.8,5.9,point
2025-12-08 06:00:00 PM,23.3,32.5,21.8,5.9,point
2025-12-08 06:30:00 PM,23.3,32.9,21.8,6.1,point
2025-12-08 07:00:00 PM,23.3,33.3,21.8,6.3,point
2025-12-08 07:30:00 PM,22.8,33.4,21.4,5.9,point
2025-12-08 08:00:00 PM,17.8,38.9,15.5,3.6,point
2025-12-08 08:30:00 PM,11.3,43.9,9.9,-0.6,point
2025-12-08 09:00:00 PM,8.2,62.3,7.6,1.4,point
2025-12-08 09:30:00 PM,7.1,64.7,6.6,0.9,point
2025-12-08 10:00:00 PM,7.3,65.9,6.9,1.4,point
2025-12-08 10:30:00 PM,7.2,67.1,6.7,1.5,point
2025-12-08 11:00:00 PM,7.0,67.8,6.6,1.5,point
2025-12-08 11:30:00 PM,7.1,68.5,6.7,1.7,point
2025-12-09 12:00:00 AM,7.1,68.5,6.7,1.7,point
2025-12-09 12:30:00 AM,7.2,69.3,6.7,2.0,point
2025-12-09 01:00:00 AM,7.2,69.5,6.8,2.0,point
2025-12-09 01:30:00 AM,7.3,69.5,6.9,2.1,point
2025-12-09 02:00:00 AM,7.1,69.2,6.6,1.8,point
2025-12-09 02:30:00 AM,7.2,69.3,6.8,2.0,point
2025-12-09 03:00:00 AM,7.0,69.5,6.7,1.9,point
2025-12-09 03:30:00 AM,6.8,69.3,6.5,1.6,point
2025-12-09 04:00:00 AM,6.8,69.2,6.5,1.6,point
2025-12-09 04:30:00 AM,7.0,68.9,6.5,1.7,point
2025-12-09 05:00:00 AM,6.9,68.5,6.5,1.5,point
2025-12-09 05:30:00 AM,7.0,68.0,6.6,1.5,point
2025-12-09 06:00:00 AM,7.1,67.5,6.6,1.5,point
2025-12-09 06:30:00 AM,7.5,68.2,7.1,2.0,point
2025-12-09 07:00:00 AM,14.2,60.8,13.2,6.8,point
2025-12-09 07:30:00 AM,20.9,43.8,20.0,8.2,point
2025-12-09 08:00:00 AM,23.6,35.6,22.1,7.5,point
2025-12-09 08:30:00 AM,24.2,34.7,22.6,7.6,point
2025-12-09 09:00:00 AM,24.1,33.8,22.5,7.2,point
2025-12-09 09:30:00 AM,24.2,33.6,22.6,7.2,point
2025-12-09 10:00:00 AM,24.3,33.2,22.6,7.1,point
2025-12-09 10:30:00 AM,24.2,32.8,22.5,6.8,point
2025-12-09 11:00:00 AM,24.3,32.8,22.5,6.9,point
2025-12-09 11:30:00 AM,24.2,32.6,22.5,6.8,point
2025-12-09 12:00:00 PM,24.3,32.8,22.5,6.9,point
2025-12-09 12:30:00 PM,24.3,32.6,22.5,6.8,point
2025-12-09 01:00:00 PM,24.3,31.6,22.5,6.4,point
2025-12-09 01:30:00 PM,24.3,30.3,22.5,5.8,point
2025-12-09 02:00:00 PM,24.3,30.2,22.5,5.8,point
2025-12-09 02:30:00 PM,24.4,30.3,22.6,5.9,point
2025-12-09 03:00:00 PM,24.2,29.8,22.3,5.4,point
2025-12-09 03:30:00 PM,24.4,29.9,22.4,5.6,point
2025-12-09 04:00:00 PM,24.4,29.9,22.4,5.6,point
2025-12-09 04:30:00 PM,24.2,30.4,22.4,5.7,point
2025-12-09 05:00:00 PM,24.3,30.2,22.5,5.8,point
2025-12-09 05:30:00 PM,24.4,30.5,22.5,6.0,point
2025-12-09 06:00:00 PM,24.4,30.5,22.5,5.9,point
2025-12-09 06:30:00 PM,24.2,30.8,22.4,5.9,point
2025-12-09 07:00:00 PM,24.2,30.9,22.4,6.0,point
2025-12-09 07:30:00 PM,23.7,30.5,22.0,5.4,point
2025-12-09 08:00:00 PM,17.2,36.5,14.8,2.2,point
2025-12-09 08:30:00 PM,10.7,46.3,9.4,-0.4,point
2025-12-09 09:00:00 PM,7.4,57.9,6.8,-0.3,point
2025-12-09 09:30:00 PM,7.0,61.6,6.5,0.1,point
2025-12-09 10:00:00 PM,6.9,62.9,6.3,0.3,point
2025-12-09 10:30:00 PM,6.9,64.0,6.5,0.6,point
2025-12-09 11:00:00 PM,6.9,64.9,6.5,0.8,point
2025-12-09 11:30:00 PM,6.8,65.6,6.3,0.8,point
2025-12-10 12:00:00 AM,6.9,66.0,6.4,1.0,point
2025-12-10 12:30:00 AM,6.9,66.4,6.5,1.1,point
2025-12-10 01:00:00 AM,8.6,71.1,8.2,3.7,point
2025-12-10 01:30:00 AM,6.7,63.3,6.2,0.2,point
2025-12-10 02:00:00 AM,7.2,64.1,6.8,0.9,point
2025-12-10 02:30:00 AM,7.1,64.6,6.7,0.9,point
2025-12-10 03:00:00 AM,7.1,64.7,6.7,0.9,point
2025-12-10 03:30:00 AM,6.8,63.2,6.3,0.3,point
2025-12-10 04:00:00 AM,6.8,63.8,6.3,0.4,point
2025-12-10 04:30:00 AM,6.8,63.4,6.2,0.3,point
2025-12-10 05:00:00 AM,6.9,63.0,6.3,0.3,point
2025-12-10 05:30:00 AM,6.9,62.6,6.4,0.3,point
2025-12-10 06:00:00 AM,7.0,62.3,6.4,0.2,point
2025-12-10 06:30:00 AM,7.4,63.1,6.9,0.9,point
2025-12-10 07:00:00 AM,14.1,52.6,12.8,4.6,point
2025-12-10 07:30:00 AM,20.9,39.9,19.8,6.8,point
2025-12-10 08:00:00 AM,23.7,32.9,22.1,6.4,point
2025-12-10 08:30:00 AM,24.2,32.0,22.4,6.5,point
2025-12-10 09:00:00 AM,24.1,31.2,22.4,6.1,point
2025-12-10 09:30:00 AM,24.2,30.8,22.4,5.9,point
2025-12-10 10:00:00 AM,24.2,30.4,22.4,5.7,point
2025-12-10 10:30:00 AM,24.4,30.5,22.5,5.9,point
2025-12-10 11:00:00 AM,24.1,30.3,22.4,5.6,point
2025-12-10 11:30:00 AM,24.3,30.1,22.5,5.7,point
2025-12-10 12:00:00 PM,24.0,30.1,22.3,5.4,point
2025-12-10 12:30:00 PM,24.2,29.8,22.3,5.5,point
2025-12-10 01:00:00 PM,24.3,29.6,22.3,5.4,point
2025-12-10 01:30:00 PM,24.3,29.0,22.3,5.1,point
2025-12-10 02:00:00 PM,24.2,28.9,22.3,5.0,point
2025-12-10 02:30:00 PM,24.2,28.8,22.3,5.0,point
2025-12-10 03:00:00 PM,24.1,28.4,22.2,4.6,point
2025-12-10 03:30:00 PM,24.4,28.4,22.4,4.9,point
2025-12-10 04:00:00 PM,24.3,28.0,22.2,4.6,point
2025-12-10 04:30:00 PM,24.4,28.0,22.4,4.8,point
2025-12-10 05:00:00 PM,24.5,28.2,22.5,4.9,point
2025-12-10 05:30:00 PM,24.4,28.2,22.4,4.8,point
2025-12-10 06:00:00 PM,24.3,28.4,22.4,4.9,point
2025-12-10 06:30:00 PM,24.5,28.8,22.5,5.2,point
2025-12-10 07:00:00 PM,24.4,29.1,22.4,5.2,point
2025-12-10 07:30:00 PM,23.5,29.4,21.8,4.7,point
2025-12-10 08:00:00 PM,17.9,35.6,15.4,2.5,point
2025-12-10 08:30:00 PM,9.9,45.9,8.7,-1.2,point
2025-12-10 09:00:00 PM,7.7,57.3,7.1,-0.2,point
2025-12-10 09:30:00 PM,7.2,61.2,6.6,0.2,point
2025-12-10 10:00:00 PM,6.9,63.2,6.4,0.4,point
2025-12-10 10:30:00 PM,7.0,64.2,6.5,0.7,point
2025-12-10 11:00:00 PM,7.0,65.1,6.5,0.9,point
2025-12-10 11:30:00 PM,7.0,65.9,6.5,1.0,point
2025-12-11 12:00:00 AM,7.0,66.5,6.6,1.2,point
2025-12-11 12:30:00 AM,7.1,66.8,6.6,1.3,point
2025-12-11 01:00:00 AM,7.0,66.8,6.6,1.3,point
2025-12-11 01:30:00 AM,7.0,66.7,6.6,1.3,point
2025-12-11 02:00:00 AM,7.0,66.4,6.5,1.1,point
2025-12-11 02:30:00 AM,7.0,66.1,6.5,1.1,point
2025-12-11 03:00:00 AM,7.0,65.8,6.5,1.0,point
2025-12-11 03:30:00 AM,6.9,65.6,6.4,0.9,point
2025-12-11 04:00:00 AM,6.9,65.6,6.5,0.9,point
2025-12-11 04:30:00 AM,6.9,65.2,6.5,0.8,point
2025-12-11 05:00:00 AM,6.9,64.9,6.5,0.8,point
2025-12-11 05:30:00 AM,6.9,64.7,6.4,0.7,point
2025-12-11 06:00:00 AM,6.9,64.2,6.5,0.6,point
2025-12-11 06:30:00 AM,7.4,64.5,6.9,1.2,point
2025-12-11 07:00:00 AM,14.4,55.3,13.2,5.6,point
2025-12-11 07:30:00 AM,20.9,40.8,19.9,7.1,point
2025-12-11 08:00:00 AM,23.9,32.8,22.3,6.6,point
2025-12-11 08:30:00 AM,24.4,31.6,22.6,6.5,point
2025-12-11 09:00:00 AM,24.2,31.5,22.4,6.3,point
2025-12-11 09:30:00 AM,24.2,31.0,22.4,6.1,point
2025-12-11 10:00:00 AM,24.3,30.8,22.5,6.0,point
2025-12-11 10:30:00 AM,24.2,30.5,22.4,5.8,point
2025-12-11 11:00:00 AM,24.4,30.8,22.5,6.1,point
2025-12-11 11:30:00 AM,24.3,30.6,22.5,6.0,point
2025-12-11 12:00:00 PM,24.2,30.8,22.4,6.0,point
2025-12-11 12:30:00 PM,24.4,31.2,22.6,6.3,point
2025-12-11 01:00:00 PM,24.4,31.1,22.6,6.2,point
2025-12-11 01:30:00 PM,24.2,30.8,22.4,6.0,point
2025-12-11 02:00:00 PM,24.3,30.2,22.5,5.8,point
2025-12-11 02:30:00 PM,24.5,29.7,22.5,5.7,point
2025-12-11 03:00:00 PM,24.4,29.5,22.5,5.5,point
2025-12-11 03:30:00 PM,24.2,29.2,22.3,5.2,point
2025-12-11 04:00:00 PM,24.3,29.3,22.3,5.3,point
2025-12-11 04:30:00 PM,24.4,29.3,22.5,5.4,point
2025-12-11 05:00:00 PM,24.2,29.5,22.3,5.3,point
2025-12-11 05:30:00 PM,24.4,29.6,22.5,5.5,point
2025-12-11 06:00:00 PM,24.3,29.7,22.3,5.5,point
2025-12-11 06:30:00 PM,24.5,30.0,22.7,5.8,point
2025-12-11 07:00:00 PM,24.3,30.3,22.5,5.8,point
2025-12-11 07:30:00 PM,23.6,30.3,22.0,5.2,point
2025-12-11 08:00:00 PM,17.7,35.8,15.2,2.4,point
2025-12-11 08:30:00 PM,11.2,49.5,10.0,1.0,point
2025-12-11 09:00:00 PM,7.0,60.2,6.5,-0.2,point
2025-12-11 09:30:00 PM,7.5,64.0,6.9,1.1,point
2025-12-11 10:00:00 PM,7.3,65.9,6.8,1.3,point
2025-12-11 10:30:00 PM,7.2,66.8,6.7,1.4,point
2025-12-11 11:00:00 PM,7.2,67.4,6.8,1.6,point
2025-12-11 11:30:00 PM,7.0,67.6,6.5,1.4,point
2025-12-12 12:00:00 AM,7.1,68.6,6.6,1.7,point
2025-12-12 12:30:00 AM,6.9,68.7,6.5,1.5,point
2025-12-12 01:00:00 AM,7.5,70.7,7.2,2.5,point
2025-12-12 01:30:00 AM,6.8,69.0,6.5,1.5,point
2025-12-12 02:00:00 AM,6.9,69.3,6.5,1.6,point
2025-12-12 02:30:00 AM,7.0,69.2,6.5,1.7,point
2025-12-12 03:00:00 AM,6.9,69.0,6.5,1.6,point
2025-12-12 03:30:00 AM,6.9,68.8,6.5,1.6,point
2025-12-12 04:00:00 AM,6.9,68.6,6.5,1.5,point
2025-12-12 04:30:00 AM,6.9,68.4,6.5,1.5,point
2025-12-12 05:00:00 AM,7.0,68.3,6.5,1.5,point
2025-12-12 05:30:00 AM,6.9,68.1,6.5,1.4,point
2025-12-12 06:00:00 AM,6.9,67.9,6.5,1.4,point
2025-12-12 06:30:00 AM,7.5,69.0,7.0,2.2,point
2025-12-12 07:00:00 AM,14.7,60.0,13.6,7.0,point
2025-12-12 07:30:00 AM,20.8,43.5,19.7,7.9,point
2025-12-12 08:00:00 AM,24.1,34.7,22.6,7.6,point
2025-12-12 08:30:00 AM,24.1,33.4,22.4,6.9,point
2025-12-12 09:00:00 AM,24.2,32.8,22.5,6.8,point
2025-12-12 09:30:00 AM,24.2,32.3,22.5,6.6,point
2025-12-12 10:00:00 AM,24.2,32.1,22.5,6.5,point
2025-12-12 10:30:00 AM,24.3,32.1,22.5,6.6,point
2025-12-12 11:00:00 AM,24.2,32.0,22.5,6.5,point
2025-12-12 11:30:00 AM,24.4,32.4,22.6,6.8,point
2025-12-12 12:00:00 PM,24.2,32.4,22.5,6.7,point
2025-12-12 12:30:00 PM,24.1,32.7,22.4,6.7,point
2025-12-12 01:00:00 PM,24.4,32.9,22.7,7.1,point
2025-12-12 01:30:00 PM,24.0,32.9,22.4,6.7,point
2025-12-12 02:00:00 PM,24.1,32.7,22.5,6.7,point
2025-12-12 02:30:00 PM,24.1,32.5,22.4,6.6,point
2025-12-12 03:00:00 PM,24.1,33.1,22.5,6.9,point
2025-12-12 03:30:00 PM,24.1,32.9,22.5,6.8,point
2025-12-12 04:00:00 PM,24.1,32.6,22.5,6.7,point
2025-12-12 04:30:00 PM,24.2,32.5,22.5,6.7,point
2025-12-12 05:00:00 PM,24.2,32.5,22.5,6.7,point
2025-12-12 05:30:00 PM,24.2,32.5,22.5,6.7,point
2025-12-12 06:00:00 PM,24.2,32.5,22.5,6.7,point
2025-12-12 06:30:00 PM,24.2,32.4,22.5,6.7,point
2025-12-12 07:00:00 PM,24.2,32.5,22.5,6.7,point
2025-12-12 07:30:00 PM,24.1,32.6,22.5,6.7,point
2025-12-12 08:00:00 PM,17.4,37.8,15.1,2.9,point
2025-12-12 08:30:00 PM,10.4,47.2,9.2,-0.4,point
2025-12-12 09:00:00 PM,7.8,63.3,7.2,1.2,point
2025-12-12 09:30:00 PM,7.4,67.4,7.0,1.8,point
2025-12-12 10:00:00 PM,7.3,69.0,6.8,2.0,point
2025-12-12 10:30:00 PM,7.2,70.4,6.9,2.2,point
2025-12-12 11:00:00 PM,7.3,70.9,6.9,2.4,point
2025-12-12 11:30:00 PM,7.1,71.5,6.8,2.3,point
2025-12-13 12:00:00 AM,7.1,72.7,6.8,2.6,point
2025-12-13 12:30:00 AM,7.2,72.7,6.9,2.7,point
2025-12-13 01:00:00 AM,7.0,72.2,6.6,2.3,point
2025-12-13 01:30:00 AM,7.0,73.1,6.6,2.5,point
2025-12-13 02:00:00 AM,7.0,73.2,6.7,2.5,point
2025-12-13 02:30:00 AM,7.2,73.1,6.9,2.7,point
2025-12-13 03:00:00 AM,7.0,74.8,6.8,2.9,point
2025-12-13 03:30:00 AM,6.8,73.0,6.4,2.3,point
2025-12-13 04:00:00 AM,6.9,73.1,6.6,2.4,point
2025-12-13 04:30:00 AM,6.8,72.6,6.5,2.3,point
2025-12-13 05:00:00 AM,6.9,72.4,6.6,2.3,point
2025-12-13 05:30:00 AM,6.9,72.0,6.5,2.2,point
2025-12-13 06:00:00 AM,6.8,71.8,6.5,2.1,point
2025-12-13 06:30:00 AM,7.3,72.9,7.0,2.8,point
2025-12-13 07:00:00 AM,13.9,63.8,13.0,7.1,point
2025-12-13 07:30:00 AM,20.8,47.0,19.8,9.1,point
2025-12-13 08:00:00 AM,23.7,36.2,22.2,7.8,point
2025-12-13 08:30:00 AM,24.1,34.6,22.5,7.5,point
2025-12-13 09:00:00 AM,24.2,34.0,22.5,7.4,point
2025-12-13 09:30:00 AM,24.2,33.6,22.6,7.2,point
2025-12-13 10:00:00 AM,24.3,33.1,22.6,7.1,point
2025-12-13 10:30:00 AM,24.3,33.0,22.6,7.0,point
2025-12-13 11:00:00 AM,24.4,32.7,22.6,6.9,point
2025-12-13 11:30:00 AM,24.2,32.5,22.5,6.8,point
2025-12-13 12:00:00 PM,24.3,32.5,22.5,6.8,point
2025-12-13 12:30:00 PM,24.4,32.5,22.7,6.9,point
2025-12-13 01:00:00 PM,24.3,32.5,22.6,6.8,point
2025-12-13 01:30:00 PM,24.3,32.3,22.5,6.7,point
2025-12-13 02:00:00 PM,24.4,32.4,22.6,6.8,point
2025-12-13 02:30:00 PM,24.3,32.4,22.6,6.8,point
2025-12-13 03:00:00 PM,24.3,32.2,22.6,6.7,point
2025-12-13 03:30:00 PM,24.4,32.0,22.6,6.6,point
2025-12-13 04:00:00 PM,24.4,31.7,22.6,6.5,point
2025-12-13 04:30:00 PM,24.3,31.5,22.5,6.4,point
2025-12-13 05:00:00 PM,24.2,31.5,22.4,6.3,point
2025-12-13 05:30:00 PM,24.3,31.9,22.5,6.5,point
2025-12-13 06:00:00 PM,24.1,31.7,22.4,6.3,point
2025-12-13 06:30:00 PM,24.4,32.4,22.7,6.9,point
2025-12-13 07:00:00 PM,24.5,32.1,22.7,6.8,point
2025-12-13 07:30:00 PM,24.1,32.5,22.5,6.6,point
2025-12-13 08:00:00 PM,17.2,39.0,14.9,3.1,point
2025-12-13 08:30:00 PM,11.7,49.3,10.5,1.4,point
2025-12-13 09:00:00 PM,7.4,62.7,6.8,0.7,point
2025-12-13 09:30:00 PM,7.5,65.8,7.1,1.5,point
2025-12-13 10:00:00 PM,6.9,69.8,6.5,1.8,point
2025-12-13 10:30:00 PM,7.1,70.2,6.8,2.1,point
2025-12-13 11:00:00 PM,7.0,72.6,6.6,2.4,point
2025-12-13 11:30:00 PM,7.0,73.6,6.7,2.6,point
2025-12-14 12:00:00 AM,6.9,74.1,6.7,2.6,point
2025-12-14 12:30:00 AM,6.9,74.2,6.7,2.6,point
2025-12-14 01:00:00 AM,6.9,73.9,6.6,2.5,point
2025-12-14 01:30:00 AM,6.9,73.4,6.6,2.4,point
2025-12-14 02:00:00 AM,6.9,73.6,6.6,2.5,point
2025-12-14 02:30:00 AM,6.9,73.6,6.7,2.5,point
2025-12-14 03:00:00 AM,6.9,73.5,6.7,2.5,point
2025-12-14 03:30:00 AM,7.0,73.2,6.7,2.5,point
2025-12-14 04:00:00 AM,6.9,73.0,6.6,2.4,point
2025-12-14 04:30:00 AM,6.9,72.7,6.5,2.3,point
2025-12-14 05:00:00 AM,6.9,72.3,6.6,2.3,point
2025-12-14 05:30:00 AM,6.9,72.0,6.6,2.2,point
2025-12-14 06:00:00 AM,7.0,71.7,6.6,2.2,point
2025-12-14 06:30:00 AM,7.4,72.3,7.1,2.8,point
2025-12-14 07:00:00 AM,14.8,62.2,13.8,7.6,point
2025-12-14 07:30:00 AM,20.9,45.9,20.1,8.8,point
2025-12-14 08:00:00 AM,23.9,36.0,22.4,7.9,point
2025-12-14 08:30:00 AM,24.2,34.2,22.5,7.4,point
2025-12-14 09:00:00 AM,24.2,33.3,22.5,7.1,point
2025-12-14 09:30:00 AM,24.4,32.8,22.6,7.0,point
2025-12-14 10:00:00 AM,24.3,32.5,22.6,6.8,point
2025-12-14 10:30:00 AM,24.1,32.0,22.4,6.4,point
2025-12-14 11:00:00 AM,24.1,31.9,22.4,6.4,point
2025-12-14 11:30:00 AM,24.2,31.1,22.4,6.1,point
2025-12-14 12:00:00 PM,24.2,30.1,22.4,5.6,point
2025-12-14 12:30:00 PM,24.2,29.5,22.3,5.3,point
2025-12-14 01:00:00 PM,24.3,29.0,22.3,5.1,point
2025-12-14 01:30:00 PM,24.3,28.4,22.3,4.8,point
2025-12-14 02:00:00 PM,24.3,27.9,22.2,4.5,point
2025-12-14 02:30:00 PM,24.3,27.5,22.2,4.3,point
2025-12-14 03:00:00 PM,24.3,27.7,22.2,4.5,point
2025-12-14 03:30:00 PM,24.4,27.1,22.3,4.2,point
2025-12-14 04:00:00 PM,24.4,27.0,22.3,4.2,point
2025-12-14 04:30:00 PM,24.4,27.4,22.3,4.4,point
2025-12-14 05:00:00 PM,24.4,27.8,22.4,4.6,point
2025-12-14 05:30:00 PM,24.3,27.6,22.3,4.4,point
2025-12-14 06:00:00 PM,24.5,27.4,22.4,4.5,point
2025-12-14 06:30:00 PM,24.3,27.2,22.3,4.3,point
2025-12-14 07:00:00 PM,24.5,27.9,22.4,4.7,point
2025-12-14 07:30:00 PM,23.6,28.4,21.8,4.2,point
2025-12-14 08:00:00 PM,17.9,33.5,15.2,1.6,point
2025-12-14 08:30:00 PM,9.8,42.6,8.6,-2.2,point
2025-12-14 09:00:00 PM,7.4,54.6,6.7,-1.1,point
2025-12-14 09:30:00 PM,7.4,57.2,6.7,-0.5,point
2025-12-14 10:00:00 PM,7.9,60.2,7.2,0.6,point
2025-12-14 10:30:00 PM,7.0,59.0,6.4,-0.5,point
2025-12-14 11:00:00 PM,7.2,57.6,6.6,-0.6,point
2025-12-14 11:30:00 PM,6.8,58.1,6.2,-0.8,point
2025-12-15 12:00:00 AM,6.9,58.7,6.4,-0.6,point
2025-12-15 12:30:00 AM,7.0,59.1,6.4,-0.4,point
2025-12-15 01:00:00 AM,7.0,59.9,6.4,-0.3,point
2025-12-15 01:30:00 AM,7.0,60.7,6.5,-0.0,point
2025-12-15 02:00:00 AM,7.0,60.8,6.5,-0.0,point
2025-12-15 02:30:00 AM,7.0,60.4,6.5,-0.1,point
2025-12-15 03:00:00 AM,7.1,59.7,6.5,-0.2,point
2025-12-15 03:30:00 AM,7.0,59.3,6.5,-0.3,point
2025-12-15 04:00:00 AM,7.0,59.2,6.4,-0.4,point
2025-12-15 04:30:00 AM,7.0,59.2,6.4,-0.4,point
2025-12-15 05:00:00 AM,7.0,59.1,6.5,-0.4,point
2025-12-15 05:30:00 AM,6.9,59.2,6.4,-0.5,point
2025-12-15 06:00:00 AM,6.9,59.2,6.4,-0.5,point
2025-12-15 06:30:00 AM,7.4,60.1,6.9,0.2,point
2025-12-15 07:00:00 AM,14.1,54.9,12.9,5.2,point
2025-12-15 07:30:00 AM,20.8,37.7,19.5,5.9,point
2025-12-15 08:00:00 AM,23.8,30.6,22.0,5.5,point
2025-12-15 08:30:00 AM,23.9,29.4,22.1,5.0,point
2025-12-15 09:00:00 AM,24.2,28.9,22.3,5.0,point
2025-12-15 09:30:00 AM,24.2,29.8,22.3,5.5,point
2025-12-15 10:00:00 AM,24.2,28.9,22.3,5.1,point
2025-12-15 10:30:00 AM,24.2,28.5,22.3,4.9,point
2025-12-15 11:00:00 AM,24.4,28.5,22.4,4.9,point
2025-12-15 11:30:00 AM,24.3,28.3,22.3,4.8,point
2025-12-15 12:00:00 PM,24.3,28.1,22.2,4.7,point
2025-12-15 12:30:00 PM,24.4,28.2,22.3,4.8,point
2025-12-15 01:00:00 PM,24.4,28.0,22.3,4.7,point
2025-12-15 01:30:00 PM,24.3,28.2,22.3,4.7,point
2025-12-15 02:00:00 PM,24.4,28.1,22.3,4.8,point
2025-12-15 02:30:00 PM,24.4,28.4,22.4,4.9,point
2025-12-15 03:00:00 PM,24.4,28.3,22.4,4.8,point
2025-12-15 03:30:00 PM,24.4,28.2,22.3,4.8,point
2025-12-15 04:00:00 PM,24.4,28.3,22.5,4.9,point
2025-12-15 04:30:00 PM,24.5,28.9,22.5,5.2,point
2025-12-15 05:00:00 PM,24.4,29.0,22.5,5.2,point
2025-12-15 05:30:00 PM,24.4,29.1,22.5,5.3,point
2025-12-15 06:00:00 PM,24.4,28.9,22.5,5.2,point
2025-12-15 06:30:00 PM,24.4,28.6,22.4,5.0,point
2025-12-15 07:00:00 PM,24.1,28.7,22.3,4.8,point
2025-12-15 07:30:00 PM,24.0,28.8,22.2,4.8,point
2025-12-15 08:00:00 PM,17.2,34.4,14.8,1.4,point
2025-12-15 08:30:00 PM,11.6,41.9,10.2,-0.9,point
2025-12-15 09:00:00 PM,7.4,57.2,6.7,-0.5,point
2025-12-15 09:30:00 PM,6.8,61.3,6.2,-0.1,point
2025-12-15 10:00:00 PM,8.8,65.3,8.3,2.6,point
2025-12-15 10:30:00 PM,6.9,62.9,6.3,0.3,point
2025-12-15 11:00:00 PM,7.6,62.8,7.0,0.9,point
2025-12-15 11:30:00 PM,6.8,63.5,6.3,0.4,point
2025-12-16 12:00:00 AM,7.2,64.8,6.7,1.0,point
2025-12-16 12:30:00 AM,7.2,66.0,6.7,1.3,point
2025-12-16 01:00:00 AM,7.0,65.2,6.5,0.9,point
2025-12-16 01:30:00 AM,7.1,66.2,6.6,1.2,point
2025-12-16 02:00:00 AM,6.9,66.9,6.5,1.2,point
2025-12-16 02:30:00 AM,7.2,67.0,6.8,1.5,point
2025-12-16 03:00:00 AM,6.5,66.8,6.0,0.8,point
2025-12-16 03:30:00 AM,6.8,65.9,6.3,0.8,point
2025-12-16 04:00:00 AM,6.7,67.2,6.3,1.1,point
2025-12-16 04:30:00 AM,6.8,67.4,6.3,1.1,point
2025-12-16 05:00:00 AM,7.7,63.9,7.2,1.3,point
2025-12-16 05:30:00 AM,6.8,66.4,6.3,0.9,point
2025-12-16 06:00:00 AM,6.7,67.1,6.3,1.0,point
2025-12-16 06:30:00 AM,7.2,68.1,6.8,1.8,point
2025-12-16 07:00:00 AM,13.7,58.7,12.7,5.8,point
2025-12-16 07:30:00 AM,20.8,43.3,19.7,7.8,point
2025-12-16 08:00:00 AM,23.8,33.2,22.2,6.7,point
2025-12-16 08:30:00 AM,24.1,31.9,22.4,6.3,point
2025-12-16 09:00:00 AM,24.2,31.4,22.4,6.2,point
2025-12-16 09:30:00 AM,24.3,31.1,22.5,6.2,point
2025-12-16 10:00:00 AM,24.2,30.7,22.4,5.9,point
2025-12-16 10:30:00 AM,24.3,30.4,22.4,5.8,point
2025-12-16 11:00:00 AM,24.1,30.4,22.4,5.7,point
2025-12-16 11:30:00 AM,24.4,30.6,22.5,6.0,point
2025-12-16 12:00:00 PM,24.4,30.5,22.5,5.9,point
2025-12-16 12:30:00 PM,24.3,30.2,22.5,5.7,point
2025-12-16 01:00:00 PM,24.3,30.4,22.5,5.8,point
2025-12-16 01:30:00 PM,24.3,30.1,22.4,5.7,point
2025-12-16 02:00:00 PM,24.3,30.2,22.5,5.7,point
2025-12-16 02:30:00 PM,24.2,30.0,22.4,5.6,point
2025-12-16 03:00:00 PM,24.3,30.0,22.4,5.6,point
2025-12-16 03:30:00 PM,24.1,30.2,22.4,5.6,point
2025-12-16 04:00:00 PM,24.3,30.3,22.5,5.8,point
2025-12-16 04:30:00 PM,24.4,30.3,22.5,5.8,point
2025-12-16 05:00:00 PM,24.4,30.3,22.6,5.9,point
2025-12-16 05:30:00 PM,24.4,30.0,22.6,5.8,point
2025-12-16 06:00:00 PM,24.4,30.0,22.5,5.7,point
2025-12-16 06:30:00 PM,24.4,30.2,22.5,5.8,point
2025-12-16 07:00:00 PM,24.4,30.2,22.6,5.8,point
2025-12-16 07:30:00 PM,23.9,29.9,22.0,5.2,point
2025-12-16 08:00:00 PM,17.6,34.8,15.1,1.9,point
2025-12-16 08:30:00 PM,11.5,48.6,10.3,1.1,point
2025-12-16 09:00:00 PM,7.3,57.5,6.7,-0.5,point
2025-12-16 09:30:00 PM,7.9,64.3,7.4,1.6,point
2025-12-16 10:00:00 PM,6.8,64.9,6.3,0.6,point
2025-12-16 10:30:00 PM,7.0,64.5,6.6,0.8,point
2025-12-16 11:00:00 PM,6.8,66.8,6.4,1.1,point
2025-12-16 11:30:00 PM,6.7,67.7,6.4,1.2,point
2025-12-17 12:00:00 AM,6.7,68.0,6.4,1.3,point
2025-12-17 12:30:00 AM,6.7,68.1,6.4,1.3,point
2025-12-17 01:00:00 AM,6.7,68.1,6.4,1.3,point
2025-12-17 01:30:00 AM,6.8,68.1,6.5,1.4,point
2025-12-17 02:00:00 AM,6.8,68.0,6.4,1.3,point
2025-12-17 02:30:00 AM,6.8,67.8,6.4,1.2,point
2025-12-17 03:00:00 AM,6.9,67.7,6.5,1.3,point
2025-12-17 03:30:00 AM,6.9,67.4,6.5,1.3,point
2025-12-17 04:00:00 AM,7.0,67.2,6.5,1.3,point
2025-12-17 04:30:00 AM,6.9,66.8,6.4,1.1,point
2025-12-17 05:00:00 AM,6.9,66.3,6.5,1.1,point
2025-12-17 05:30:00 AM,6.9,65.9,6.4,0.9,point
2025-12-17 06:00:00 AM,6.9,65.5,6.4,0.9,point
2025-12-17 06:30:00 AM,7.3,66.0,6.9,1.4,point
2025-12-17 07:00:00 AM,12.4,59.7,11.4,4.8,point
2025-12-17 07:30:00 AM,19.1,44.7,17.2,6.8,point
2025-12-17 08:00:00 AM,22.4,34.3,21.1,5.9,point
2025-12-17 08:30:00 AM,22.9,32.1,21.3,5.4,point
2025-12-17 09:00:00 AM,23.0,31.2,21.4,5.1,point
2025-12-17 09:30:00 AM,23.1,30.7,21.5,4.9,point
2025-12-17 10:00:00 AM,23.1,30.3,21.6,4.8,point
2025-12-17 10:30:00 AM,23.1,29.9,21.4,4.5,point
2025-12-17 11:00:00 AM,23.2,29.4,21.5,4.3,point
2025-12-17 11:30:00 AM,23.1,29.1,21.5,4.2,point
2025-12-17 12:00:00 PM,23.1,29.0,21.5,4.1,point
2025-12-17 12:30:00 PM,23.1,28.8,21.5,4.0,point
2025-12-17 01:00:00 PM,23.1,28.6,21.5,3.9,point
2025-12-17 01:30:00 PM,23.2,28.2,21.4,3.8,point
2025-12-17 02:00:00 PM,23.1,27.9,21.4,3.6,point
2025-12-17 02:30:00 PM,23.1,27.7,21.4,3.5,point
2025-12-17 03:00:00 PM,23.2,27.6,21.4,3.5,point
2025-12-17 03:30:00 PM,23.2,27.5,21.4,3.5,point
2025-12-17 04:00:00 PM,23.2,27.7,21.4,3.6,point
2025-12-17 04:30:00 PM,23.2,27.8,21.4,3.6,point
2025-12-17 05:00:00 PM,23.2,27.3,21.4,3.4,point
2025-12-17 05:30:00 PM,23.2,27.0,21.4,3.2,point
2025-12-17 06:00:00 PM,23.2,27.0,21.4,3.2,point
2025-12-17 06:30:00 PM,23.2,27.2,21.4,3.3,point
2025-12-17 07:00:00 PM,23.3,27.4,21.4,3.5,point
2025-12-17 07:30:00 PM,22.8,27.3,21.1,3.0,point
2025-12-17 08:00:00 PM,17.7,31.6,15.0,0.7,point
2025-12-17 08:30:00 PM,13.0,38.8,11.3,-0.7,point
2025-12-17 09:00:00 PM,7.9,52.2,7.1,-1.2,point
2025-12-17 09:30:00 PM,7.0,56.1,6.3,-1.2,point
2025-12-17 10:00:00 PM,7.8,55.7,7.0,-0.5,point
2025-12-17 10:30:00 PM,7.2,57.5,6.6,-0.6,point
2025-12-17 11:00:00 PM,7.1,58.6,6.5,-0.5,point
2025-12-17 11:30:00 PM,7.2,60.5,6.6,0.0,point
2025-12-18 12:00:00 AM,7.1,59.5,6.5,-0.2,point
2025-12-18 12:30:00 AM,7.1,59.9,6.5,-0.1,point
2025-12-18 01:00:00 AM,7.1,59.8,6.5,-0.2,point
2025-12-18 01:30:00 AM,7.0,59.7,6.5,-0.3,point
2025-12-18 02:00:00 AM,6.9,59.5,6.4,-0.4,point
2025-12-18 02:30:00 AM,7.0,59.6,6.4,-0.3,point
2025-12-18 03:00:00 AM,7.0,59.8,6.5,-0.2,point
2025-12-18 03:30:00 AM,7.0,59.5,6.5,-0.3,point
2025-12-18 04:00:00 AM,7.0,59.9,6.5,-0.2,point
2025-12-18 04:30:00 AM,6.7,60.3,6.2,-0.4,point
2025-12-18 05:00:00 AM,6.7,60.4,6.2,-0.4,point
2025-12-18 05:30:00 AM,6.8,60.4,6.2,-0.3,point
2025-12-18 06:00:00 AM,6.9,60.4,6.3,-0.3,point
2025-12-18 06:30:00 AM,7.3,60.9,6.7,0.2,point
2025-12-18 07:00:00 AM,13.9,50.1,12.5,3.7,point
2025-12-18 07:30:00 AM,20.6,37.9,19.2,5.8,point
2025-12-18 08:00:00 AM,23.7,30.2,22.0,5.2,point
2025-12-18 08:30:00 AM,24.0,29.0,22.2,4.9,point
2025-12-18 09:00:00 AM,24.1,28.4,22.3,4.7,point
2025-12-18 09:30:00 AM,24.1,28.3,22.2,4.6,point
2025-12-18 10:00:00 AM,24.3,28.1,22.3,4.7,point
2025-12-18 10:30:00 AM,24.3,28.0,22.2,4.6,point
2025-12-18 11:00:00 AM,24.2,28.0,22.2,4.5,point
2025-12-18 11:30:00 AM,24.2,28.1,22.2,4.6,point
2025-12-18 12:00:00 PM,24.1,28.2,22.2,4.6,point
2025-12-18 12:30:00 PM,24.3,28.5,22.4,4.9,point
2025-12-18 01:00:00 PM,24.3,28.5,22.4,4.9,point
2025-12-18 01:30:00 PM,24.3,28.3,22.4,4.8,point
2025-12-18 02:00:00 PM,24.3,28.2,22.4,4.8,point
2025-12-18 02:30:00 PM,24.3,27.9,22.2,4.6,point
2025-12-18 03:00:00 PM,24.3,27.9,22.3,4.6,point
2025-12-18 03:30:00 PM,24.4,27.6,22.4,4.5,point
2025-12-18 04:00:00 PM,24.4,27.9,22.4,4.7,point
2025-12-18 04:30:00 PM,24.3,28.0,22.3,4.7,point
2025-12-18 05:00:00 PM,24.2,28.3,22.3,4.7,point
2025-12-18 05:30:00 PM,24.3,28.4,22.3,4.8,point
2025-12-18 06:00:00 PM,24.3,28.5,22.4,4.9,point
2025-12-18 06:30:00 PM,24.4,28.5,22.5,5.0,point
2025-12-18 07:00:00 PM,24.2,28.5,22.3,4.8,point
2025-12-18 07:30:00 PM,24.0,28.8,22.1,4.8,point
2025-12-18 08:00:00 PM,17.5,34.5,15.1,1.7,point
2025-12-18 08:30:00 PM,11.0,44.5,9.7,-0.6,point
2025-12-18 09:00:00 PM,7.4,57.0,6.8,-0.5,point
2025-12-18 09:30:00 PM,7.0,61.8,6.4,0.1,point
2025-12-18 10:00:00 PM,6.9,64.1,6.5,0.6,point
2025-12-18 10:30:00 PM,6.7,65.3,6.3,0.7,point
2025-12-18 11:00:00 PM,6.7,66.1,6.2,0.8,point
2025-12-18 11:30:00 PM,6.8,66.9,6.3,1.1,point
2025-12-19 12:00:00 AM,6.8,67.5,6.4,1.2,point
2025-12-19 12:30:00 AM,6.9,67.9,6.5,1.4,point
2025-12-19 01:00:00 AM,6.9,68.3,6.5,1.4,point
2025-12-19 01:30:00 AM,6.9,68.4,6.5,1.4,point
2025-12-19 02:00:00 AM,6.8,68.2,6.5,1.4,point
2025-12-19 02:30:00 AM,6.9,68.2,6.5,1.4,point
2025-12-19 03:00:00 AM,6.9,68.0,6.5,1.4,point
2025-12-19 03:30:00 AM,6.9,67.8,6.5,1.3,point
2025-12-19 04:00:00 AM,6.9,67.5,6.5,1.3,point
2025-12-19 04:30:00 AM,6.9,67.3,6.4,1.2,point
2025-12-19 05:00:00 AM,7.1,67.0,6.6,1.4,point
2025-12-19 05:30:00 AM,7.0,66.6,6.6,1.2,point
2025-12-19 06:00:00 AM,7.0,66.5,6.5,1.1,point
2025-12-19 06:30:00 AM,7.4,67.0,6.9,1.7,point
2025-12-19 07:00:00 AM,15.3,57.8,14.1,7.1,point
2025-12-19 07:30:00 AM,20.6,41.4,19.3,7.0,point
2025-12-19 08:00:00 AM,23.7,31.8,22.1,6.0,point
2025-12-19 08:30:00 AM,24.0,30.3,22.2,5.5,point
2025-12-19 09:00:00 AM,24.1,29.5,22.2,5.2,point
2025-12-19 09:30:00 AM,24.2,29.6,22.3,5.4,point
2025-12-19 10:00:00 AM,24.3,29.2,22.3,5.2,point
2025-12-19 10:30:00 AM,24.2,29.0,22.3,5.1,point
2025-12-19 11:00:00 AM,24.4,29.1,22.4,5.3,point
2025-12-19 11:30:00 AM,24.3,29.1,22.3,5.2,point
2025-12-19 12:00:00 PM,24.4,28.9,22.4,5.2,point
2025-12-19 12:30:00 PM,24.3,28.1,22.2,4.7,point
2025-12-19 01:00:00 PM,24.3,27.5,22.2,4.4,point
2025-12-19 01:30:00 PM,24.2,27.1,22.2,4.1,point
2025-12-19 02:00:00 PM,24.4,26.6,22.3,4.0,point
2025-12-19 02:30:00 PM,24.2,26.2,22.1,3.6,point
2025-12-19 03:00:00 PM,24.4,25.8,22.3,3.6,point
2025-12-19 03:30:00 PM,24.2,25.7,22.1,3.3,point
2025-12-19 04:00:00 PM,24.5,26.0,22.4,3.8,point
2025-12-19 04:30:00 PM,24.3,26.0,22.2,3.6,point
2025-12-19 05:00:00 PM,24.3,26.1,22.2,3.6,point
2025-12-19 05:30:00 PM,24.4,26.4,22.4,3.9,point
2025-12-19 06:00:00 PM,24.2,26.2,22.1,3.6,point
2025-12-19 06:30:00 PM,24.4,26.3,22.2,3.8,point
2025-12-19 07:00:00 PM,24.3,26.2,22.2,3.7,point
2025-12-19 07:30:00 PM,23.7,25.9,21.7,3.0,point
2025-12-19 08:00:00 PM,18.5,31.2,15.7,1.1,point
2025-12-19 08:30:00 PM,10.6,41.0,9.3,-2.1,point
2025-12-19 09:00:00 PM,7.3,54.3,6.6,-1.3,point
2025-12-19 09:30:00 PM,8.2,61.8,7.6,1.4,point
2025-12-19 10:00:00 PM,7.2,57.6,6.6,-0.5,point
2025-12-19 10:30:00 PM,7.6,59.8,7.0,0.3,point
2025-12-19 11:00:00 PM,7.2,59.5,6.6,-0.1,point
2025-12-19 11:30:00 PM,6.8,60.4,6.3,-0.3,point
2025-12-20 12:00:00 AM,6.7,60.9,6.2,-0.3,point
2025-12-20 12:30:00 AM,6.8,61.0,6.3,-0.2,point
2025-12-20 01:00:00 AM,6.8,60.8,6.3,-0.2,point
2025-12-20 01:30:00 AM,6.9,61.0,6.3,-0.1,point
2025-12-20 02:00:00 AM,6.9,61.0,6.3,-0.1,point
2025-12-20 02:30:00 AM,6.8,61.0,6.3,-0.2,point
2025-12-20 03:00:00 AM,6.9,61.1,6.4,-0.1,point
2025-12-20 03:30:00 AM,6.9,61.0,6.3,-0.1,point
2025-12-20 04:00:00 AM,6.9,61.1,6.3,-0.1,point
2025-12-20 04:30:00 AM,6.9,61.2,6.3,-0.1,point
2025-12-20 05:00:00 AM,6.8,61.3,6.3,-0.1,point
2025-12-20 05:30:00 AM,6.9,61.4,6.3,-0.0,point
2025-12-20 06:00:00 AM,6.9,61.4,6.3,-0.0,point
2025-12-20 06:30:00 AM,7.3,62.1,6.8,0.5,point
2025-12-20 07:00:00 AM,15.2,51.0,13.6,5.1,point
2025-12-20 07:30:00 AM,20.6,37.9,19.2,5.8,point
2025-12-20 08:00:00 AM,23.7,30.0,21.9,5.1,point
2025-12-20 08:30:00 AM,24.2,28.7,22.3,4.9,point
2025-12-20 09:00:00 AM,24.2,28.3,22.3,4.7,point
2025-12-20 09:30:00 AM,24.3,28.1,22.2,4.7,point
2025-12-20 10:00:00 AM,24.2,27.9,22.2,4.5,point
2025-12-20 10:30:00 AM,24.3,28.2,22.3,4.8,point
2025-12-20 11:00:00 AM,24.2,28.5,22.3,4.8,point
2025-12-20 11:30:00 AM,24.3,28.6,22.4,5.0,point
2025-12-20 12:00:00 PM,24.4,28.4,22.5,4.9,point
2025-12-20 12:30:00 PM,24.3,28.1,22.3,4.7,point
2025-12-20 01:00:00 PM,24.3,27.8,22.2,4.5,point
2025-12-20 01:30:00 PM,24.2,27.4,22.2,4.3,point
2025-12-20 02:00:00 PM,24.3,27.2,22.3,4.3,point
2025-12-20 02:30:00 PM,24.4,26.9,22.3,4.1,point
2025-12-20 03:00:00 PM,24.2,26.6,22.2,3.8,point
2025-12-20 03:30:00 PM,24.4,26.7,22.4,4.1,point
2025-12-20 04:00:00 PM,24.3,26.3,22.3,3.8,point
2025-12-20 04:30:00 PM,24.4,25.8,22.3,3.6,point
2025-12-20 05:00:00 PM,24.1,25.4,22.1,3.1,point
2025-12-20 05:30:00 PM,24.3,25.6,22.2,3.4,point
2025-12-20 06:00:00 PM,24.3,25.7,22.2,3.4,point
2025-12-20 06:30:00 PM,24.4,25.8,22.2,3.5,point
2025-12-20 07:00:00 PM,24.4,25.9,22.3,3.6,point
2025-12-20 07:30:00 PM,23.8,25.6,21.7,2.9,point
2025-12-20 08:00:00 PM,17.6,29.5,14.9,-0.4,point
2025-12-20 08:30:00 PM,10.3,38.2,8.9,-3.3,point
2025-12-20 09:00:00 PM,7.1,51.6,6.4,-2.1,point
2025-12-20 09:30:00 PM,7.2,54.6,6.6,-1.3,point
2025-12-20 10:00:00 PM,6.8,57.6,6.2,-1.0,point
2025-12-20 10:30:00 PM,7.3,56.7,6.6,-0.7,point
2025-12-20 11:00:00 PM,7.0,58.5,6.5,-0.6,point
2025-12-20 11:30:00 PM,7.1,59.2,6.5,-0.3,point
2025-12-21 12:00:00 AM,6.9,60.9,6.3,-0.1,point
2025-12-21 12:30:00 AM,7.0,61.2,6.5,0.1,point
2025-12-21 01:00:00 AM,6.7,59.0,6.1,-0.8,point
2025-12-21 01:30:00 AM,6.9,61.1,6.3,-0.1,point
2025-12-21 02:00:00 AM,6.9,61.4,6.3,-0.0,point
2025-12-21 02:30:00 AM,6.9,61.4,6.3,-0.0,point
2025-12-21 03:00:00 AM,7.0,61.4,6.4,0.1,point
2025-12-21 03:30:00 AM,7.0,61.2,6.4,0.0,point
2025-12-21 04:00:00 AM,7.0,61.1,6.5,0.1,point
2025-12-21 04:30:00 AM,6.9,60.8,6.4,-0.1,point
2025-12-21 05:00:00 AM,7.0,60.6,6.5,-0.1,point
2025-12-21 05:30:00 AM,7.0,60.5,6.4,-0.1,point
2025-12-21 06:00:00 AM,7.0,60.5,6.4,-0.1,point
2025-12-21 06:30:00 AM,7.3,61.0,6.8,0.3,point
2025-12-21 07:00:00 AM,13.8,52.6,12.5,4.3,point
2025-12-21 07:30:00 AM,20.4,38.1,18.8,5.6,point
2025-12-21 08:00:00 AM,23.6,28.8,21.9,4.5,point
2025-12-21 08:30:00 AM,24.2,27.9,22.2,4.5,point
2025-12-21 09:00:00 AM,24.2,27.2,22.2,4.1,point
2025-12-21 09:30:00 AM,24.1,27.2,22.2,4.1,point
2025-12-21 10:00:00 AM,24.2,26.8,22.2,3.9,point
2025-12-21 10:30:00 AM,24.2,26.5,22.2,3.8,point
2025-12-21 11:00:00 AM,24.2,26.5,22.2,3.8,point
2025-12-21 11:30:00 AM,24.3,26.3,22.1,3.7,point
2025-12-21 12:00:00 PM,24.3,26.1,22.1,3.6,point
2025-12-21 12:30:00 PM,24.3,25.9,22.1,3.5,point
2025-12-21 01:00:00 PM,24.3,25.9,22.2,3.5,point
2025-12-21 01:30:00 PM,24.3,25.8,22.2,3.5,point
2025-12-21 02:00:00 PM,24.3,25.6,22.2,3.4,point
2025-12-21 02:30:00 PM,24.3,25.1,22.2,3.1,point
2025-12-21 03:00:00 PM,24.3,24.8,22.2,3.0,point
2025-12-21 03:30:00 PM,24.3,24.6,22.1,2.8,point
2025-12-21 04:00:00 PM,24.1,24.6,22.0,2.6,point
2025-12-21 04:30:00 PM,24.4,24.1,22.1,2.6,point
2025-12-21 05:00:00 PM,24.3,24.0,22.1,2.5,point
2025-12-21 05:30:00 PM,24.3,23.9,22.1,2.4,point
2025-12-21 06:00:00 PM,24.4,24.2,22.2,2.7,point
2025-12-21 06:30:00 PM,24.4,24.3,22.1,2.7,point
2025-12-21 07:00:00 PM,24.3,24.6,22.2,2.8,point
2025-12-21 07:30:00 PM,23.9,24.8,21.9,2.6,point
2025-12-21 08:00:00 PM,18.0,29.5,15.2,-0.0,point
2025-12-21 08:30:00 PM,10.9,38.9,9.4,-2.6,point
2025-12-21 09:00:00 PM,7.2,52.2,6.5,-1.9,point
2025-12-21 09:30:00 PM,7.2,55.0,6.6,-1.2,point
2025-12-21 10:00:00 PM,7.3,57.1,6.7,-0.6,point
2025-12-21 10:30:00 PM,6.8,58.9,6.2,-0.7,point
2025-12-21 11:00:00 PM,6.9,60.0,6.3,-0.3,point
2025-12-21 11:30:00 PM,6.9,60.4,6.3,-0.3,point
2025-12-22 12:00:00 AM,6.9,60.6,6.3,-0.2,point
2025-12-22 12:30:00 AM,7.0,60.5,6.5,-0.1,point
2025-12-22 01:00:00 AM,6.9,60.6,6.4,-0.2,point
2025-12-22 01:30:00 AM,6.9,60.7,6.3,-0.2,point
2025-12-22 02:00:00 AM,7.0,60.4,6.5,-0.1,point
2025-12-22 02:30:00 AM,7.0,59.9,6.5,-0.2,point
2025-12-22 03:00:00 AM,7.0,59.7,6.4,-0.3,point
2025-12-22 03:30:00 AM,7.0,59.4,6.5,-0.3,point
2025-12-22 04:00:00 AM,7.0,58.9,6.4,-0.5,point
2025-12-22 04:30:00 AM,7.0,58.6,6.5,-0.6,point
2025-12-22 05:00:00 AM,7.0,58.3,6.5,-0.6,point
2025-12-22 05:30:00 AM,6.9,58.1,6.3,-0.7,point
2025-12-22 06:00:00 AM,6.9,58.0,6.3,-0.8,point
2025-12-22 06:30:00 AM,7.3,58.5,6.7,-0.3,point
2025-12-22 07:00:00 AM,14.9,53.5,13.5,5.5,point
2025-12-22 07:30:00 AM,20.7,35.7,19.1,5.0,point
2025-12-22 08:00:00 AM,23.8,28.0,21.9,4.2,point
2025-12-22 08:30:00 AM,24.2,26.6,22.1,3.8,point
2025-12-22 09:00:00 AM,24.2,26.1,22.1,3.6,point
2025-12-22 09:30:00 AM,24.2,25.8,22.1,3.3,point
2025-12-22 10:00:00 AM,24.4,26.2,22.2,3.8,point
2025-12-22 10:30:00 AM,24.3,26.5,22.2,3.9,point
2025-12-22 11:00:00 AM,24.6,25.2,22.5,3.5,point
2025-12-22 11:30:00 AM,24.0,26.3,21.9,3.5,point
2025-12-22 12:00:00 PM,23.5,26.9,21.7,3.4,point
2025-12-22 12:30:00 PM,23.2,27.3,21.4,3.4,point
2025-12-22 01:00:00 PM,23.0,27.6,21.3,3.3,point
2025-12-22 01:30:00 PM,22.8,27.9,21.1,3.3,point
2025-12-22 02:00:00 PM,22.7,28.1,20.9,3.3,point
2025-12-22 02:30:00 PM,22.6,25.8,20.8,2.0,point
2025-12-22 03:00:00 PM,23.4,24.0,21.3,1.7,point
2025-12-22 03:30:00 PM,22.3,24.0,20.4,0.8,point
2025-12-22 04:00:00 PM,22.2,23.9,20.4,0.6,point
2025-12-22 04:30:00 PM,22.2,23.7,20.3,0.5,point
2025-12-22 05:00:00 PM,22.2,24.5,20.4,0.9,point
2025-12-22 05:30:00 PM,22.2,25.8,20.5,1.7,point
2025-12-22 06:00:00 PM,22.2,26.4,20.5,2.0,point
2025-12-22 06:30:00 PM,22.1,26.8,20.5,2.1,point
2025-12-22 07:00:00 PM,22.2,27.1,20.6,2.4,point
2025-12-22 07:30:00 PM,22.2,27.4,20.5,2.5,point
2025-12-22 08:00:00 PM,22.1,27.3,20.5,2.5,point
2025-12-22 08:30:00 PM,22.1,27.6,20.5,2.6,point
2025-12-22 09:00:00 PM,22.1,27.9,20.5,2.7,point
2025-12-22 09:30:00 PM,22.0,27.9,20.5,2.7,point
2025-12-22 10:00:00 PM,22.0,28.0,20.4,2.6,point
2025-12-22 10:30:00 PM,21.9,27.9,20.4,2.6,point
2025-12-22 11:00:00 PM,21.9,28.1,20.3,2.6,point
2025-12-22 11:30:00 PM,21.8,28.1,20.2,2.5,point
2025-12-23 12:00:00 AM,21.7,27.5,20.2,2.2,point
2025-12-23 12:30:00 AM,21.6,26.8,20.1,1.7,point
2025-12-23 01:00:00 AM,21.6,25.6,20.0,1.1,point
2025-12-23 01:30:00 AM,21.6,24.4,19.9,0.4,point
2025-12-23 02:00:00 AM,21.5,24.1,19.9,0.2,point
2025-12-23 02:30:00 AM,21.4,23.9,19.7,-0.0,point
2025-12-23 03:00:00 AM,21.3,23.6,19.6,-0.3,point
2025-12-23 03:30:00 AM,21.3,23.2,19.5,-0.5,point
2025-12-23 04:00:00 AM,21.2,23.0,19.3,-0.7,point
2025-12-23 04:30:00 AM,21.2,23.0,19.2,-0.8,point
2025-12-23 05:00:00 AM,21.2,23.2,19.2,-0.7,point
2025-12-23 05:30:00 AM,21.1,22.9,19.2,-0.9,point
2025-12-23 06:00:00 AM,21.0,22.8,19.0,-1.0,point
2025-12-23 06:30:00 AM,21.0,22.8,18.9,-1.1,point
2025-12-23 07:00:00 AM,21.0,22.7,18.9,-1.1,point
2025-12-23 07:30:00 AM,20.9,22.9,18.7,-1.1,point
2025-12-23 08:00:00 AM,20.8,23.0,18.6,-1.1,point
2025-12-23 08:30:00 AM,20.8,23.1,18.6,-1.0,point
2025-12-23 09:00:00 AM,20.8,23.3,18.6,-0.9,point
2025-12-23 09:30:00 AM,20.8,23.6,18.7,-0.8,point
2025-12-23 10:00:00 AM,20.9,24.0,18.8,-0.4,point
2025-12-23 10:30:00 AM,20.9,24.7,19.0,0.0,point
2025-12-23 11:00:00 AM,21.0,25.6,19.2,0.6,point
2025-12-23 11:30:00 AM,21.1,26.8,19.5,1.3,point
2025-12-23 12:00:00 PM,21.2,27.6,19.5,1.8,point
2025-12-23 12:30:00 PM,21.3,27.4,19.6,1.7,point
2025-12-23 01:00:00 PM,21.4,26.5,19.7,1.3,point
2025-12-23 01:30:00 PM,21.4,26.4,19.8,1.4,point
2025-12-23 02:00:00 PM,21.5,26.2,19.8,1.3,point
2025-12-23 02:30:00 PM,21.6,26.1,20.0,1.3,point
2025-12-23 03:00:00 PM,21.7,26.4,20.0,1.5,point
2025-12-23 03:30:00 PM,21.7,26.3,20.1,1.5,point
2025-12-23 04:00:00 PM,21.8,26.4,20.1,1.7,point
2025-12-23 04:30:00 PM,21.8,24.8,20.1,0.8,point
2025-12-23 05:00:00 PM,21.9,22.9,20.1,-0.2,point
2025-12-23 05:30:00 PM,21.9,22.4,20.1,-0.5,point
2025-12-23 06:00:00 PM,21.9,21.9,20.1,-0.8,point
2025-12-23 06:30:00 PM,22.0,22.3,20.2,-0.5,point
2025-12-23 07:00:00 PM,21.9,22.9,20.1,-0.2,point
2025-12-23 07:30:00 PM,21.9,22.8,20.0,-0.3,point
2025-12-23 08:00:00 PM,21.9,23.4,20.0,0.1,point
2025-12-23 08:30:00 PM,21.9,23.5,20.1,0.1,point
2025-12-23 09:00:00 PM,21.8,23.5,20.0,0.1,point
2025-12-23 09:30:00 PM,21.8,24.1,20.0,0.3,point
2025-12-23 10:00:00 PM,21.7,24.2,20.0,0.4,point
2025-12-23 10:30:00 PM,21.7,24.3,19.9,0.4,point
2025-12-23 11:00:00 PM,21.6,24.6,19.9,0.6,point
2025-12-23 11:30:00 PM,21.6,24.8,19.9,0.6,point
2025-12-24 12:00:00 AM,21.6,25.2,20.0,0.9,point
2025-12-24 12:30:00 AM,21.5,25.7,20.0,1.0,point
2025-12-24 01:00:00 AM,21.5,26.2,20.0,1.3,point
2025-12-24 01:30:00 AM,21.5,26.6,19.8,1.5,point
2025-12-24 02:00:00 AM,21.4,27.0,19.9,1.7,point
2025-12-24 02:30:00 AM,21.4,28.4,19.9,2.3,point
2025-12-24 03:00:00 AM,21.4,30.4,20.0,3.3,point
2025-12-24 03:30:00 AM,21.3,33.9,20.1,4.8,point
2025-12-24 04:00:00 AM,21.3,37.2,20.1,6.1,point
2025-12-24 04:30:00 AM,21.3,39.3,20.2,6.9,point
2025-12-24 05:00:00 AM,21.2,40.8,20.2,7.4,point
2025-12-24 05:30:00 AM,21.1,41.8,20.2,7.7,point
2025-12-24 06:00:00 AM,21.1,42.2,20.2,7.8,point
2025-12-24 06:30:00 AM,21.0,42.7,20.0,7.9,point
2025-12-24 07:00:00 AM,21.0,43.6,20.0,8.1,point
2025-12-24 07:30:00 AM,21.0,44.3,20.0,8.3,point
2025-12-24 08:00:00 AM,20.9,44.9,20.0,8.6,point
2025-12-24 08:30:00 AM,20.9,44.8,20.0,8.5,point
2025-12-24 09:00:00 AM,20.9,44.5,20.0,8.4,point
2025-12-24 09:30:00 AM,20.9,44.7,20.0,8.4,point
2025-12-24 10:00:00 AM,20.9,45.9,19.9,8.8,point
2025-12-24 10:30:00 AM,20.9,47.2,19.9,9.2,point
2025-12-24 11:00:00 AM,20.9,48.7,20.0,9.7,point
2025-12-24 11:30:00 AM,20.9,49.6,20.0,10.0,point
2025-12-24 12:00:00 PM,20.9,50.4,20.1,10.2,point
2025-12-24 12:30:00 PM,20.9,51.6,20.3,10.6,point
2025-12-24 01:00:00 PM,20.9,52.4,20.3,10.8,point
2025-12-24 01:30:00 PM,20.9,52.6,20.2,10.8,point
2025-12-24 02:00:00 PM,20.9,52.9,20.4,10.9,point
2025-12-24 02:30:00 PM,20.9,53.4,20.4,11.1,point
2025-12-24 03:00:00 PM,20.9,54.0,20.4,11.3,point
2025-12-24 03:30:00 PM,20.9,54.0,20.4,11.3,point
2025-12-24 04:00:00 PM,20.9,53.7,20.4,11.2,point
2025-12-24 04:30:00 PM,21.0,53.1,20.4,11.1,point
2025-12-24 05:00:00 PM,21.0,52.6,20.4,10.9,point
2025-12-24 05:30:00 PM,21.0,52.3,20.4,10.9,point
2025-12-24 06:00:00 PM,21.0,52.1,20.4,10.8,point
2025-12-24 06:30:00 PM,21.0,51.9,20.4,10.8,point
2025-12-24 07:00:00 PM,21.0,50.9,20.4,10.5,point
2025-12-24 07:30:00 PM,21.0,49.8,20.3,10.1,point
2025-12-24 08:00:00 PM,21.0,49.3,20.3,10.0,point
2025-12-24 08:30:00 PM,21.0,48.9,20.3,9.9,point
2025-12-24 09:00:00 PM,21.0,48.9,20.2,9.8,point
2025-12-24 09:30:00 PM,20.9,48.9,20.2,9.8,point
2025-12-24 10:00:00 PM,20.8,48.9,20.0,9.7,point
2025-12-24 10:30:00 PM,20.8,48.9,20.0,9.7,point
2025-12-24 11:00:00 PM,20.8,48.4,19.9,9.5,point
2025-12-24 11:30:00 PM,20.8,47.9,19.9,9.3,point
2025-12-25 12:00:00 AM,20.8,47.9,19.9,9.3,point
2025-12-25 12:30:00 AM,20.7,47.7,19.9,9.2,point
2025-12-25 01:00:00 AM,20.7,47.4,19.8,9.1,point
2025-12-25 01:30:00 AM,20.7,47.5,19.7,9.1,point
2025-12-25 02:00:00 AM,20.7,47.4,19.8,9.1,point
2025-12-25 02:30:00 AM,20.6,47.4,19.7,9.1,point
2025-12-25 03:00:00 AM,20.6,47.5,19.7,9.1,point
2025-12-25 03:30:00 AM,20.6,47.5,19.7,9.1,point
2025-12-25 04:00:00 AM,20.6,47.7,19.7,9.1,point
2025-12-25 04:30:00 AM,20.6,47.9,19.6,9.1,point
2025-12-25 05:00:00 AM,20.6,48.5,19.6,9.4,point
2025-12-25 05:30:00 AM,20.6,49.2,19.6,9.5,point
2025-12-25 06:00:00 AM,20.5,49.5,19.6,9.6,point
2025-12-25 06:30:00 AM,20.5,50.3,19.7,9.8,point
2025-12-25 07:00:00 AM,20.5,51.0,19.7,10.0,point
2025-12-25 07:30:00 AM,20.5,52.8,19.7,10.5,point
2025-12-25 08:00:00 AM,20.5,52.4,19.7,10.4,point
2025-12-25 08:30:00 AM,20.5,52.1,19.7,10.4,point
2025-12-25 09:00:00 AM,20.6,52.0,19.7,10.4,point
2025-12-25 09:30:00 AM,20.6,51.8,19.7,10.3,point
2025-12-25 10:00:00 AM,20.6,51.7,19.9,10.4,point
2025-12-25 10:30:00 AM,20.8,52.1,20.0,10.6,point
2025-12-25 11:00:00 AM,20.8,55.4,20.3,11.6,point
2025-12-25 11:30:00 AM,20.9,55.8,20.5,11.7,point
2025-12-25 12:00:00 PM,21.0,54.9,20.5,11.6,point
2025-12-25 12:30:00 PM,21.1,52.8,20.7,11.1,point
2025-12-25 01:00:00 PM,21.3,52.8,20.8,11.2,point
2025-12-25 01:30:00 PM,21.4,52.0,20.9,11.1,point
2025-12-25 02:00:00 PM,21.5,53.1,21.1,11.5,point
2025-12-25 02:30:00 PM,21.6,52.6,21.3,11.5,point
2025-12-25 03:00:00 PM,21.6,52.5,21.2,11.5,point
2025-12-25 03:30:00 PM,21.7,52.0,21.3,11.4,point
2025-12-25 04:00:00 PM,21.7,50.9,21.3,11.1,point
2025-12-25 04:30:00 PM,21.7,50.6,21.2,11.0,point
2025-12-25 05:00:00 PM,21.7,50.5,21.2,10.9,point
2025-12-25 05:30:00 PM,21.6,50.5,21.2,10.9,point
2025-12-25 06:00:00 PM,21.6,50.2,21.2,10.8,point
2025-12-25 06:30:00 PM,21.6,50.0,21.2,10.8,point
2025-12-25 07:00:00 PM,21.6,50.1,21.2,10.8,point
2025-12-25 07:30:00 PM,21.6,50.6,21.2,10.9,point
2025-12-25 08:00:00 PM,21.6,51.0,21.2,11.0,point
2025-12-25 08:30:00 PM,21.6,51.3,21.2,11.1,point
2025-12-25 09:00:00 PM,21.6,51.3,21.2,11.1,point
2025-12-25 09:30:00 PM,21.5,51.6,21.2,11.2,point
2025-12-25 10:00:00 PM,21.6,52.1,21.2,11.3,point
2025-12-25 10:30:00 PM,21.5,52.5,21.2,11.4,point
2025-12-25 11:00:00 PM,21.5,52.8,21.1,11.4,point
2025-12-25 11:30:00 PM,21.4,52.9,21.1,11.4,point
2025-12-26 12:00:00 AM,21.4,52.7,21.0,11.3,point
2025-12-26 12:30:00 AM,21.3,52.4,20.9,11.2,point
2025-12-26 01:00:00 AM,21.2,52.1,20.7,11.0,point
2025-12-26 01:30:00 AM,21.2,51.8,20.6,10.9,point
2025-12-26 02:00:00 AM,21.1,51.6,20.6,10.8,point
2025-12-26 02:30:00 AM,21.1,51.2,20.4,10.6,point
2025-12-26 03:00:00 AM,21.0,51.0,20.4,10.5,point
2025-12-26 03:30:00 AM,20.9,50.9,20.3,10.4,point
2025-12-26 04:00:00 AM,20.9,50.7,20.3,10.3,point
2025-12-26 04:30:00 AM,20.8,50.5,20.1,10.2,point
2025-12-26 05:00:00 AM,20.8,50.5,20.0,10.1,point
2025-12-26 05:30:00 AM,20.7,50.3,20.0,10.0,point
2025-12-26 06:00:00 AM,20.6,50.0,19.8,9.9,point
2025-12-26 06:30:00 AM,20.6,49.8,19.6,9.8,point
2025-12-26 07:00:00 AM,20.5,49.6,19.6,9.7,point
2025-12-26 07:30:00 AM,20.5,49.5,19.6,9.6,point
2025-12-26 08:00:00 AM,20.4,49.4,19.5,9.5,point
2025-12-26 08:30:00 AM,20.5,49.5,19.6,9.6,point
2025-12-26 09:00:00 AM,20.6,49.7,19.6,9.7,point
2025-12-26 09:30:00 AM,20.6,49.9,19.8,9.8,point
2025-12-26 10:00:00 AM,20.8,50.0,20.0,10.0,point
2025-12-26 10:30:00 AM,20.9,50.2,20.1,10.1,point
2025-12-26 11:00:00 AM,20.9,50.2,20.3,10.2,point
2025-12-26 11:30:00 AM,21.0,50.4,20.3,10.3,point
2025-12-26 12:00:00 PM,21.1,50.6,20.6,10.4,point
2025-12-26 12:30:00 PM,21.2,50.6,20.7,10.5,point
2025-12-26 01:00:00 PM,21.3,50.5,20.9,10.6,point
2025-12-26 01:30:00 PM,21.4,49.8,20.8,10.5,point
2025-12-26 02:00:00 PM,21.4,49.1,20.8,10.3,point
2025-12-26 02:30:00 PM,21.5,48.4,20.9,10.1,point
2025-12-26 03:00:00 PM,21.4,48.2,20.9,10.1,point
2025-12-26 03:30:00 PM,21.4,48.3,20.9,10.1,point
2025-12-26 04:00:00 PM,21.5,48.8,21.1,10.3,point
2025-12-26 04:30:00 PM,21.5,49.6,20.9,10.5,point
2025-12-26 05:00:00 PM,21.5,49.9,20.9,10.6,point
2025-12-26 05:30:00 PM,21.5,50.0,21.2,10.7,point
2025-12-26 06:00:00 PM,21.5,50.3,21.2,10.8,point
2025-12-26 06:30:00 PM,21.5,51.1,21.2,11.0,point
2025-12-26 07:00:00 PM,21.6,51.8,21.2,11.2,point
2025-12-26 07:30:00 PM,21.6,52.3,21.2,11.4,point
2025-12-26 08:00:00 PM,21.5,52.5,21.3,11.4,point
2025-12-26 08:30:00 PM,21.6,53.1,21.3,11.6,point
2025-12-26 09:00:00 PM,21.6,54.5,21.3,12.0,point
2025-12-26 09:30:00 PM,21.6,54.7,21.3,12.1,point
2025-12-26 10:00:00 PM,21.6,55.5,21.4,12.3,point
2025-12-26 10:30:00 PM,21.6,55.9,21.4,12.4,point
2025-12-26 11:00:00 PM,21.5,56.1,21.4,12.4,point
2025-12-26 11:30:00 PM,21.5,55.9,21.4,12.3,point
2025-12-27 12:00:00 AM,21.5,56.0,21.2,12.3,point
2025-12-27 12:30:00 AM,21.4,54.9,21.1,12.0,point
2025-12-27 01:00:00 AM,21.4,54.4,21.0,11.8,point
2025-12-27 01:30:00 AM,21.3,54.2,21.0,11.7,point
2025-12-27 02:00:00 AM,21.3,54.1,20.8,11.6,point
2025-12-27 02:30:00 AM,21.2,54.3,20.8,11.6,point
2025-12-27 03:00:00 AM,21.2,54.4,20.7,11.6,point
2025-12-27 03:30:00 AM,21.2,54.6,20.7,11.7,point
2025-12-27 04:00:00 AM,21.1,54.9,20.7,11.7,point
2025-12-27 04:30:00 AM,21.1,55.1,20.6,11.7,point
2025-12-27 05:00:00 AM,21.1,55.2,20.6,11.7,point
2025-12-27 05:30:00 AM,21.0,55.6,20.6,11.8,point
2025-12-27 06:00:00 AM,21.0,55.7,20.5,11.8,point
2025-12-27 06:30:00 AM,21.0,55.9,20.5,11.8,point
2025-12-27 07:00:00 AM,20.9,56.0,20.5,11.8,point
2025-12-27 07:30:00 AM,20.9,55.9,20.5,11.8,point
2025-12-27 08:00:00 AM,20.9,55.7,20.3,11.7,point
2025-12-27 08:30:00 AM,20.9,55.1,20.3,11.5,point
2025-12-27 09:00:00 AM,20.8,55.0,20.3,11.5,point
2025-12-27 09:30:00 AM,20.8,54.8,20.3,11.4,point
2025-12-27 10:00:00 AM,20.8,54.8,20.3,11.4,point
2025-12-27 10:30:00 AM,20.9,54.8,20.3,11.4,point
2025-12-27 11:00:00 AM,20.9,54.7,20.3,11.4,point
2025-12-27 11:30:00 AM,20.9,54.1,20.4,11.3,point
2025-12-27 12:00:00 PM,21.0,53.0,20.4,11.1,point
2025-12-27 12:30:00 PM,21.1,51.9,20.4,10.8,point
2025-12-27 01:00:00 PM,21.2,50.7,20.6,10.6,point
2025-12-27 01:30:00 PM,21.2,49.4,20.6,10.2,point
2025-12-27 02:00:00 PM,21.3,48.2,20.6,9.9,point
2025-12-27 02:30:00 PM,21.4,47.2,20.7,9.7,point
2025-12-27 03:00:00 PM,21.5,46.3,20.8,9.5,point
2025-12-27 03:30:00 PM,21.5,46.1,21.0,9.4,point
2025-12-27 04:00:00 PM,21.5,45.5,20.8,9.2,point
2025-12-27 04:30:00 PM,21.5,45.0,20.8,9.1,point
2025-12-27 05:00:00 PM,21.5,43.9,20.7,8.7,point
2025-12-27 05:30:00 PM,21.5,43.3,20.7,8.5,point
2025-12-27 06:00:00 PM,21.4,43.2,20.7,8.4,point
2025-12-27 06:30:00 PM,21.3,43.8,20.6,8.5,point
2025-12-27 07:00:00 PM,21.3,44.6,20.4,8.7,point
2025-12-27 07:30:00 PM,21.2,45.2,20.5,8.9,point
2025-12-27 08:00:00 PM,21.2,45.6,20.5,9.0,point
2025-12-27 08:30:00 PM,21.1,44.8,20.3,8.7,point
2025-12-27 09:00:00 PM,21.1,44.5,20.1,8.5,point
2025-12-27 09:30:00 PM,21.1,44.2,20.1,8.4,point
2025-12-27 10:00:00 PM,21.0,43.8,20.1,8.2,point
2025-12-27 10:30:00 PM,21.1,43.4,20.3,8.2,point