Device Name,3L
Device Model,Kestrel DROP 2
Serial Number,3076418
FORMATTED DATE_TIME,Temperature,Relative Humidity,Heat Index,Dew Point,Data Type,Record name,Start time,Duration (H:M:S),Location description,Location address,Location coordinates,Notes
yyyy-MM-dd hh:mm:ss a,°C,%,°C,°C
2000-01-01 12:10:00 AM,23.8,31.8,22.2,6.0,point
2000-01-01 12:20:00 AM,23.2,33.9,21.7,6.4,point
2025-07-01 03:30:00 PM,18.6,64.0,17.7,11.7,point
2025-07-01 04:00:00 PM,20.5,67.3,20.4,14.3,point
2025-07-01 04:30:00 PM,20.2,64.8,19.9,13.4,point
2025-07-01 05:00:00 PM,20.2,64.8,19.7,13.3,point
2025-07-01 05:30:00 PM,20.1,63.7,19.5,13.0,point
2025-07-01 06:00:00 PM,19.8,62.1,19.1,12.3,point
2025-07-01 06:30:00 PM,19.1,61.8,18.2,11.6,point
2025-07-01 07:00:00 PM,18.6,62.3,17.4,11.2,point
2025-07-01 07:30:00 PM,17.9,63.5,16.7,10.8,point
2025-07-01 08:00:00 PM,16.3,68.2,15.4,10.4,point
2025-07-01 08:30:00 PM,15.6,70.5,14.9,10.2,point
2025-07-01 09:00:00 PM,15.1,71.5,14.5,10.0,point
2025-07-01 09:30:00 PM,14.7,73.3,14.2,10.0,point
2025-07-01 10:00:00 PM,14.5,74.7,14.0,10.0,point
2025-07-01 10:30:00 PM,14.5,75.3,14.0,10.2,point
2025-07-01 11:00:00 PM,14.4,75.1,13.9,10.1,point
2025-07-01 11:30:00 PM,14.4,75.4,13.9,10.1,point
2025-07-02 12:00:00 AM,14.4,75.8,13.9,10.2,point
2025-07-02 12:30:00 AM,14.4,77.0,14.0,10.4,point
2025-07-02 01:00:00 AM,16.8,74.3,16.3,12.2,point
2025-07-02 01:30:00 AM,17.1,70.9,16.4,11.8,point
2025-07-02 02:00:00 AM,17.3,71.5,16.6,12.1,point
2025-07-02 02:30:00 AM,17.3,71.4,16.7,12.1,point
2025-07-02 03:00:00 AM,17.4,71.5,16.7,12.2,point
2025-07-02 03:30:00 AM,17.2,70.9,16.5,11.9,point
2025-07-02 04:00:00 AM,17.3,71.1,16.6,12.0,point
2025-07-02 04:30:00 AM,17.4,70.9,16.6,12.0,point
2025-07-02 05:00:00 AM,17.3,71.7,16.7,12.2,point
2025-07-02 05:30:00 AM,17.3,71.7,16.7,12.2,point
2025-07-02 06:00:00 AM,17.4,71.8,16.8,12.3,point
2025-07-02 06:30:00 AM,17.4,72.3,16.7,12.3,point
2025-07-02 07:00:00 AM,17.4,72.1,16.7,12.3,point
2025-07-02 07:30:00 AM,17.4,72.9,16.8,12.5,point
2025-07-02 08:00:00 AM,17.6,72.6,16.9,12.6,point
2025-07-02 08:30:00 AM,18.0,72.7,17.4,13.0,point
2025-07-02 09:00:00 AM,18.4,72.8,17.7,13.4,point
2025-07-02 09:30:00 AM,18.9,72.8,18.3,13.9,point
2025-07-02 10:00:00 AM,19.1,71.3,18.7,13.8,point
2025-07-02 10:30:00 AM,19.5,70.3,19.2,14.0,point
2025-07-02 11:00:00 AM,19.9,69.3,19.5,14.1,point
2025-07-02 11:30:00 AM,20.2,68.2,19.9,14.1,point
2025-07-02 12:00:00 PM,20.4,67.4,20.1,14.1,point
2025-07-02 12:30:00 PM,20.8,67.2,20.8,14.5,point
2025-07-02 01:00:00 PM,21.1,66.5,21.2,14.7,point
2025-07-02 01:30:00 PM,21.4,66.1,21.6,14.9,point
2025-07-02 02:00:00 PM,21.5,65.3,21.7,14.8,point
2025-07-02 02:30:00 PM,21.4,66.8,21.5,14.9,point
2025-07-02 03:00:00 PM,21.2,68.5,21.2,15.1,point
2025-07-02 03:30:00 PM,20.9,70.0,20.9,15.2,point
2025-07-02 04:00:00 PM,20.6,70.5,20.6,15.1,point
2025-07-02 04:30:00 PM,20.3,72.0,20.3,15.1,point
2025-07-02 05:00:00 PM,20.2,73.6,20.1,15.3,point
2025-07-02 05:30:00 PM,20.3,74.1,20.2,15.5,point
2025-07-02 06:00:00 PM,20.0,73.5,19.9,15.1,point
2025-07-02 06:30:00 PM,19.4,73.7,19.2,14.6,point
2025-07-02 07:00:00 PM,18.7,73.6,18.3,13.9,point
2025-07-02 07:30:00 PM,18.1,73.7,17.6,13.4,point
2025-07-02 08:00:00 PM,16.4,77.0,16.1,12.4,point
2025-07-02 08:30:00 PM,15.7,78.7,15.4,12.0,point
2025-07-02 09:00:00 PM,15.3,79.0,15.1,11.7,point
2025-07-02 09:30:00 PM,14.8,79.7,14.6,11.3,point
2025-07-02 10:00:00 PM,14.6,80.4,14.4,11.3,point
2025-07-02 10:30:00 PM,14.5,80.0,14.2,11.1,point
2025-07-02 11:00:00 PM,14.5,80.1,14.2,11.1,point
2025-07-02 11:30:00 PM,14.5,81.1,14.3,11.2,point
2025-07-03 12:00:00 AM,14.4,79.8,14.2,11.0,point
2025-07-03 12:30:00 AM,14.4,81.6,14.3,11.3,point
2025-07-03 01:00:00 AM,17.0,80.8,16.9,13.7,point
2025-07-03 01:30:00 AM,17.4,78.2,17.1,13.6,point
2025-07-03 02:00:00 AM,17.5,77.1,17.2,13.4,point
2025-07-03 02:30:00 AM,17.8,76.9,17.3,13.7,point
2025-07-03 03:00:00 AM,17.9,76.1,17.5,13.6,point
2025-07-03 03:30:00 AM,17.9,76.9,17.5,13.8,point
2025-07-03 04:00:00 AM,18.0,75.9,17.6,13.7,point
2025-07-03 04:30:00 AM,18.1,76.5,17.6,13.9,point
2025-07-03 05:00:00 AM,18.1,75.2,17.7,13.6,point
2025-07-03 05:30:00 AM,18.1,76.3,17.7,13.9,point
2025-07-03 06:00:00 AM,18.3,76.4,17.8,14.1,point
2025-07-03 06:30:00 AM,18.4,76.3,17.9,14.1,point
2025-07-03 07:00:00 AM,18.4,77.0,18.0,14.2,point
2025-07-03 07:30:00 AM,18.4,76.5,17.9,14.2,point
2025-07-03 08:00:00 AM,18.6,77.6,18.2,14.6,point
2025-07-03 08:30:00 AM,19.0,78.5,18.7,15.1,point
2025-07-03 09:00:00 AM,19.2,77.5,19.1,15.2,point
2025-07-03 09:30:00 AM,19.7,79.1,19.7,15.9,point
2025-07-03 10:00:00 AM,20.0,79.6,20.2,16.4,point
2025-07-03 10:30:00 AM,20.3,79.6,20.6,16.7,point
2025-07-03 11:00:00 AM,20.6,79.0,20.9,16.8,point
2025-07-03 11:30:00 AM,20.8,79.1,21.1,17.0,point
2025-07-03 12:00:00 PM,21.2,79.5,21.6,17.5,point
2025-07-03 12:30:00 PM,21.6,80.0,22.2,18.0,point
2025-07-03 01:00:00 PM,21.9,80.8,22.5,18.4,point
2025-07-03 01:30:00 PM,22.1,80.6,22.9,18.6,point
2025-07-03 02:00:00 PM,22.3,79.5,23.1,18.6,point
2025-07-03 02:30:00 PM,22.0,78.5,22.6,18.1,point
2025-07-03 03:00:00 PM,21.8,77.1,22.3,17.6,point
2025-07-03 03:30:00 PM,21.5,77.3,22.1,17.4,point
2025-07-03 04:00:00 PM,21.2,76.4,21.7,16.9,point
2025-07-03 04:30:00 PM,21.0,76.0,21.3,16.6,point
2025-07-03 05:00:00 PM,20.8,76.8,21.1,16.6,point
2025-07-03 05:30:00 PM,20.8,76.5,21.0,16.5,point
2025-07-03 06:00:00 PM,20.5,75.5,20.7,16.0,point
2025-07-03 06:30:00 PM,19.9,74.7,19.9,15.3,point
2025-07-03 07:00:00 PM,19.4,74.5,19.2,14.8,point
2025-07-03 07:30:00 PM,18.7,73.0,18.2,13.8,point
2025-07-03 08:00:00 PM,17.0,78.6,16.7,13.3,point
2025-07-03 08:30:00 PM,16.3,80.5,16.1,13.0,point
2025-07-03 09:00:00 PM,15.8,80.6,15.6,12.5,point
2025-07-03 09:30:00 PM,15.4,80.8,15.2,12.1,point
2025-07-03 10:00:00 PM,15.2,82.5,15.1,12.2,point
2025-07-03 10:30:00 PM,15.1,81.8,15.0,12.1,point
2025-07-03 11:00:00 PM,15.1,81.9,14.9,12.0,point
2025-07-03 11:30:00 PM,15.0,81.7,14.9,11.9,point
2025-07-04 12:00:00 AM,15.0,81.9,14.9,12.0,point
2025-07-04 12:30:00 AM,15.0,82.5,14.9,12.0,point
2025-07-04 01:00:00 AM,17.6,81.5,17.5,14.4,point
2025-07-04 01:30:00 AM,18.0,78.2,17.7,14.2,point
2025-07-04 02:00:00 AM,18.1,77.3,17.8,14.1,point
2025-07-04 02:30:00 AM,18.2,78.0,17.9,14.3,point
2025-07-04 03:00:00 AM,18.2,77.0,17.9,14.1,point
2025-07-04 03:30:00 AM,18.3,76.9,17.9,14.1,point
2025-07-04 04:00:00 AM,18.3,76.9,17.9,14.2,point
2025-07-04 04:30:00 AM,18.2,77.5,17.9,14.2,point
2025-07-04 05:00:00 AM,18.1,77.6,17.7,14.1,point
2025-07-04 05:30:00 AM,18.2,77.2,17.9,14.2,point
2025-07-04 06:00:00 AM,18.3,77.3,17.9,14.2,point
2025-07-04 06:30:00 AM,18.3,77.4,17.9,14.3,point
2025-07-04 07:00:00 AM,18.2,77.0,17.8,14.1,point
2025-07-04 07:30:00 AM,18.0,77.5,17.6,14.0,point
2025-07-04 08:00:00 AM,18.0,78.5,17.7,14.2,point
2025-07-04 08:30:00 AM,18.7,79.1,18.6,15.0,point
2025-07-04 09:00:00 AM,19.2,78.9,19.2,15.5,point
2025-07-04 09:30:00 AM,19.6,79.0,19.7,15.9,point
2025-07-04 10:00:00 AM,19.8,80.0,20.0,16.3,point
2025-07-04 10:30:00 AM,20.3,79.7,20.5,16.6,point
2025-07-04 11:00:00 AM,20.6,80.8,21.0,17.2,point
2025-07-04 11:30:00 AM,20.9,80.5,21.4,17.4,point
2025-07-04 12:00:00 PM,21.2,80.0,21.6,17.6,point
2025-07-04 12:30:00 PM,21.4,80.1,22.0,17.9,point
2025-07-04 01:00:00 PM,21.6,81.0,22.3,18.2,point
2025-07-04 01:30:00 PM,22.0,82.5,22.9,18.9,point
2025-07-04 02:00:00 PM,22.0,80.1,22.6,18.4,point
2025-07-04 02:30:00 PM,21.8,79.8,22.5,18.2,point
2025-07-04 03:00:00 PM,21.6,79.0,22.2,17.8,point
2025-07-04 03:30:00 PM,21.3,78.6,21.8,17.5,point
2025-07-04 04:00:00 PM,21.0,76.7,21.4,16.8,point
2025-07-04 04:30:00 PM,20.9,78.0,21.2,16.9,point
2025-07-04 05:00:00 PM,20.8,77.5,21.0,16.7,point
2025-07-04 05:30:00 PM,20.8,78.7,21.0,16.9,point
2025-07-04 06:00:00 PM,20.4,77.3,20.5,16.3,point
2025-07-04 06:30:00 PM,19.9,76.0,19.8,15.5,point
2025-07-04 07:00:00 PM,19.3,76.9,19.1,15.1,point
2025-07-04 07:30:00 PM,18.6,75.7,18.2,14.2,point
2025-07-04 08:00:00 PM,16.9,78.6,16.6,13.2,point
2025-07-04 08:30:00 PM,16.2,77.9,15.9,12.4,point
2025-07-04 09:00:00 PM,15.8,80.0,15.6,12.4,point
2025-07-04 09:30:00 PM,15.3,80.0,15.1,11.9,point
2025-07-04 10:00:00 PM,15.1,81.7,15.0,12.0,point
2025-07-04 10:30:00 PM,15.1,82.5,15.1,12.2,point
2025-07-04 11:00:00 PM,15.1,81.8,14.9,12.0,point
2025-07-04 11:30:00 PM,15.1,82.8,15.1,12.2,point
2025-07-05 12:00:00 AM,15.1,82.7,15.0,12.2,point
2025-07-05 12:30:00 AM,15.0,82.7,15.0,12.1,point
2025-07-05 01:00:00 AM,17.6,83.7,17.5,14.8,point
2025-07-05 01:30:00 AM,18.0,79.0,17.8,14.3,point
2025-07-05 02:00:00 AM,18.0,78.0,17.7,14.1,point
2025-07-05 02:30:00 AM,18.0,78.3,17.7,14.2,point
2025-07-05 03:00:00 AM,18.1,78.0,17.7,14.2,point
2025-07-05 03:30:00 AM,18.0,77.3,17.6,13.9,point
2025-07-05 04:00:00 AM,18.1,78.5,17.7,14.3,point
2025-07-05 04:30:00 AM,18.0,77.4,17.7,14.0,point
2025-07-05 05:00:00 AM,17.9,78.1,17.6,14.1,point
2025-07-05 05:30:00 AM,18.0,78.7,17.7,14.3,point
2025-07-05 06:00:00 AM,18.0,79.0,17.8,14.3,point
2025-07-05 06:30:00 AM,17.9,74.9,17.3,13.3,point
2025-07-05 07:00:00 AM,17.8,78.3,17.5,14.0,point
2025-07-05 07:30:00 AM,17.7,78.0,17.4,13.8,point
2025-07-05 08:00:00 AM,18.2,79.2,18.0,14.5,point
2025-07-05 08:30:00 AM,18.4,78.4,18.0,14.6,point
2025-07-05 09:00:00 AM,18.8,80.9,18.8,15.5,point
2025-07-05 09:30:00 AM,19.1,79.8,19.1,15.5,point
2025-07-05 10:00:00 AM,19.5,81.0,19.7,16.2,point
2025-07-05 10:30:00 AM,19.7,81.5,19.8,16.4,point
2025-07-05 11:00:00 AM,20.1,81.2,20.4,16.8,point
2025-07-05 11:30:00 AM,20.5,81.1,20.8,17.1,point
2025-07-05 12:00:00 PM,20.5,78.5,20.8,16.6,point
2025-07-05 12:30:00 PM,21.0,81.4,21.5,17.7,point
2025-07-05 01:00:00 PM,21.4,82.2,22.0,18.2,point
2025-07-05 01:30:00 PM,21.8,81.9,22.5,18.6,point
2025-07-05 02:00:00 PM,22.1,80.7,22.9,18.6,point
2025-07-05 02:30:00 PM,21.9,80.3,22.5,18.3,point
2025-07-05 03:00:00 PM,21.6,79.4,22.2,17.9,point
2025-07-05 03:30:00 PM,21.4,78.1,21.9,17.4,point
2025-07-05 04:00:00 PM,21.1,77.7,21.5,17.1,point
2025-07-05 04:30:00 PM,21.0,77.6,21.3,16.9,point
2025-07-05 05:00:00 PM,20.8,76.8,21.1,16.6,point
2025-07-05 05:30:00 PM,20.9,77.0,21.2,16.7,point
2025-07-05 06:00:00 PM,20.6,76.5,20.7,16.3,point
2025-07-05 06:30:00 PM,20.0,75.2,20.0,15.5,point
2025-07-05 07:00:00 PM,19.2,74.2,18.9,14.6,point
2025-07-05 07:30:00 PM,18.8,75.2,18.5,14.3,point
2025-07-05 08:00:00 PM,17.0,78.8,16.8,13.3,point
2025-07-05 08:30:00 PM,16.3,80.8,16.2,13.0,point
2025-07-05 09:00:00 PM,15.8,81.5,15.7,12.7,point
2025-07-05 09:30:00 PM,15.4,81.1,15.3,12.2,point
2025-07-05 10:00:00 PM,15.1,81.2,15.0,11.9,point
2025-07-05 10:30:00 PM,15.1,83.0,15.1,12.2,point
2025-07-05 11:00:00 PM,15.1,82.1,15.0,12.1,point
2025-07-05 11:30:00 PM,15.1,82.7,15.1,12.2,point
2025-07-06 12:00:00 AM,15.1,82.5,15.0,12.1,point
2025-07-06 12:30:00 AM,15.0,82.0,14.9,12.0,point
2025-07-06 01:00:00 AM,17.6,82.5,17.5,14.6,point
2025-07-06 01:30:00 AM,18.1,78.4,17.8,14.3,point
2025-07-06 02:00:00 AM,18.2,78.1,17.9,14.3,point
2025-07-06 02:30:00 AM,18.2,77.7,17.9,14.2,point
2025-07-06 03:00:00 AM,18.2,76.7,17.8,14.1,point
2025-07-06 03:30:00 AM,18.3,77.8,18.0,14.4,point
2025-07-06 04:00:00 AM,18.4,77.7,18.0,14.4,point
2025-07-06 04:30:00 AM,18.3,77.4,18.0,14.3,point
2025-07-06 05:00:00 AM,18.3,77.7,17.9,14.3,point
2025-07-06 05:30:00 AM,18.1,77.1,17.8,14.1,point
2025-07-06 06:00:00 AM,18.1,78.3,17.8,14.3,point
2025-07-06 06:30:00 AM,18.1,77.9,17.8,14.2,point
2025-07-06 07:00:00 AM,18.2,76.5,17.7,14.0,point
2025-07-06 07:30:00 AM,18.1,77.6,17.8,14.1,point
2025-07-06 08:00:00 AM,18.4,79.4,18.1,14.7,point
2025-07-06 08:30:00 AM,18.6,79.4,18.4,15.0,point
2025-07-06 09:00:00 AM,19.2,79.1,19.1,15.4,point
2025-07-06 09:30:00 AM,19.6,80.0,19.6,16.0,point
2025-07-06 10:00:00 AM,19.9,80.8,20.2,16.5,point
2025-07-06 10:30:00 AM,20.1,80.0,20.4,16.6,point
2025-07-06 11:00:00 AM,20.5,79.6,20.9,16.9,point
2025-07-06 11:30:00 AM,20.9,79.1,21.3,17.1,point
2025-07-06 12:00:00 PM,21.1,79.8,21.6,17.5,point
2025-07-06 12:30:00 PM,21.4,79.5,21.9,17.7,point
2025-07-06 01:00:00 PM,21.7,79.0,22.4,17.9,point
2025-07-06 01:30:00 PM,22.1,78.7,22.8,18.2,point
2025-07-06 02:00:00 PM,22.1,76.7,22.7,17.9,point
2025-07-06 02:30:00 PM,21.9,75.1,22.4,17.3,point
2025-07-06 03:00:00 PM,21.6,74.1,22.1,16.8,point
2025-07-06 03:30:00 PM,21.4,73.2,21.7,16.4,point
2025-07-06 04:00:00 PM,21.0,72.5,21.1,15.9,point
2025-07-06 04:30:00 PM,20.4,71.1,20.2,15.0,point
2025-07-06 05:00:00 PM,20.6,72.9,20.6,15.5,point
2025-07-06 05:30:00 PM,20.4,72.2,20.5,15.2,point
2025-07-06 06:00:00 PM,20.0,71.4,19.8,14.6,point
2025-07-06 06:30:00 PM,19.4,71.5,19.1,14.1,point
2025-07-06 07:00:00 PM,18.7,71.4,18.0,13.4,point
2025-07-06 07:30:00 PM,18.1,72.2,17.5,13.0,point
2025-07-06 08:00:00 PM,16.4,75.3,16.0,12.1,point
2025-07-06 08:30:00 PM,15.8,77.8,15.4,11.9,point
2025-07-06 09:00:00 PM,15.3,78.0,14.9,11.4,point
2025-07-06 09:30:00 PM,14.9,79.0,14.6,11.3,point
2025-07-06 10:00:00 PM,14.6,80.1,14.3,11.2,point
2025-07-06 10:30:00 PM,14.6,80.5,14.3,11.3,point
2025-07-06 11:00:00 PM,14.6,80.9,14.4,11.4,point
2025-07-06 11:30:00 PM,14.6,81.0,14.4,11.4,point
2025-07-07 12:00:00 AM,14.6,81.6,14.4,11.4,point
2025-07-07 12:30:00 AM,14.5,81.5,14.3,11.3,point
2025-07-07 01:00:00 AM,17.0,80.0,16.7,13.5,point
2025-07-07 01:30:00 AM,17.5,78.5,17.2,13.7,point
2025-07-07 02:00:00 AM,17.5,77.2,17.2,13.5,point
2025-07-07 02:30:00 AM,17.5,76.7,17.1,13.4,point
2025-07-07 03:00:00 AM,17.6,76.9,17.1,13.5,point
2025-07-07 03:30:00 AM,17.6,76.9,17.2,13.5,point
2025-07-07 04:00:00 AM,17.7,77.1,17.3,13.6,point
2025-07-07 04:30:00 AM,17.6,76.0,17.1,13.3,point
2025-07-07 05:00:00 AM,17.7,76.8,17.3,13.6,point
2025-07-07 05:30:00 AM,17.6,76.9,17.3,13.5,point
2025-07-07 06:00:00 AM,17.7,77.8,17.3,13.8,point
2025-07-07 06:30:00 AM,17.7,78.5,17.4,13.9,point
2025-07-07 07:00:00 AM,17.6,77.0,17.2,13.5,point
2025-07-07 07:30:00 AM,17.6,77.3,17.2,13.6,point
2025-07-07 08:00:00 AM,17.8,78.1,17.5,14.0,point
2025-07-07 08:30:00 AM,18.2,79.1,17.9,14.5,point
2025-07-07 09:00:00 AM,18.6,77.0,18.3,14.5,point
2025-07-07 09:30:00 AM,19.0,78.6,18.7,15.2,point
2025-07-07 10:00:00 AM,19.5,78.7,19.4,15.7,point
2025-07-07 10:30:00 AM,19.7,77.3,19.7,15.6,point
2025-07-07 11:00:00 AM,20.0,75.9,20.1,15.6,point
2025-07-07 11:30:00 AM,20.3,75.7,20.5,15.9,point
2025-07-07 12:00:00 PM,20.6,74.3,20.8,15.9,point
2025-07-07 12:30:00 PM,20.8,73.6,20.9,15.9,point
2025-07-07 01:00:00 PM,21.2,72.9,21.5,16.2,point
2025-07-07 01:30:00 PM,21.4,71.4,21.6,16.0,point
2025-07-07 02:00:00 PM,21.6,73.2,22.0,16.6,point
2025-07-07 02:30:00 PM,21.2,71.8,21.5,15.9,point
2025-07-07 03:00:00 PM,21.0,61.5,20.7,13.3,point
2025-07-07 03:30:00 PM,20.2,77.9,20.3,16.2,point
2025-07-07 04:00:00 PM,19.5,83.9,19.8,16.7,point
2025-07-07 04:30:00 PM,19.2,83.8,19.4,16.4,point
2025-07-07 05:00:00 PM,19.0,85.0,19.2,16.4,point
2025-07-07 05:30:00 PM,19.0,85.0,19.1,16.4,point
2025-07-07 06:00:00 PM,18.8,84.3,18.8,16.0,point
2025-07-07 06:30:00 PM,18.1,84.6,18.1,15.5,point
2025-07-07 07:00:00 PM,17.3,83.6,17.3,14.5,point
2025-07-07 07:30:00 PM,16.7,83.8,16.6,13.9,point
2025-07-07 08:00:00 PM,15.5,85.1,15.5,13.0,point
2025-07-07 08:30:00 PM,15.0,85.7,15.0,12.6,point
2025-07-07 09:00:00 PM,14.6,86.1,14.5,12.2,point
2025-07-07 09:30:00 PM,14.1,86.2,14.0,11.8,point
2025-07-07 10:00:00 PM,13.8,87.0,13.8,11.6,point
2025-07-07 10:30:00 PM,13.7,86.6,13.8,11.5,point
2025-07-07 11:00:00 PM,13.7,86.5,13.7,11.5,point
2025-07-07 11:30:00 PM,13.7,87.0,13.7,11.6,point
2025-07-08 12:00:00 AM,13.7,86.7,13.8,11.6,point
2025-07-08 12:30:00 AM,13.9,87.7,14.0,11.9,point
2025-07-08 01:00:00 AM,16.1,88.6,16.3,14.3,point
2025-07-08 01:30:00 AM,16.5,87.1,16.5,14.3,point
2025-07-08 02:00:00 AM,16.6,86.2,16.5,14.2,point
2025-07-08 02:30:00 AM,16.6,86.1,16.6,14.3,point
2025-07-08 03:00:00 AM,16.7,86.3,16.7,14.4,point
2025-07-08 03:30:00 AM,16.7,86.3,16.7,14.4,point
2025-07-08 04:00:00 AM,16.8,86.8,16.8,14.6,point
2025-07-08 04:30:00 AM,16.7,86.0,16.7,14.4,point
2025-07-08 05:00:00 AM,16.7,86.5,16.8,14.4,point
2025-07-08 05:30:00 AM,16.7,85.8,16.7,14.3,point
2025-07-08 06:00:00 AM,16.9,87.1,16.9,14.7,point
2025-07-08 06:30:00 AM,16.8,85.8,16.8,14.4,point
2025-07-08 07:00:00 AM,16.8,86.4,16.8,14.5,point
2025-07-08 07:30:00 AM,16.8,86.6,16.8,14.5,point
2025-07-08 08:00:00 AM,17.0,87.1,17.0,14.8,point
2025-07-08 08:30:00 AM,17.4,86.3,17.4,15.1,point
2025-07-08 09:00:00 AM,17.9,87.7,17.9,15.8,point
2025-07-08 09:30:00 AM,18.2,87.8,18.3,16.2,point
2025-07-08 10:00:00 AM,18.7,87.9,18.9,16.6,point
2025-07-08 10:30:00 AM,19.0,88.0,19.3,17.0,point
2025-07-08 11:00:00 AM,19.3,87.9,19.5,17.2,point
2025-07-08 11:30:00 AM,19.6,87.4,19.9,17.4,point
2025-07-08 12:00:00 PM,19.9,88.2,20.4,17.9,point
2025-07-08 12:30:00 PM,20.2,87.7,20.8,18.1,point
2025-07-08 01:00:00 PM,20.5,87.2,21.1,18.3,point
2025-07-08 01:30:00 PM,21.0,86.9,21.6,18.7,point
2025-07-08 02:00:00 PM,21.2,87.2,22.0,19.0,point
2025-07-08 02:30:00 PM,21.0,86.1,21.6,18.6,point
2025-07-08 03:00:00 PM,20.8,86.1,21.3,18.3,point
2025-07-08 03:30:00 PM,20.5,86.3,21.0,18.1,point
2025-07-08 04:00:00 PM,20.2,86.0,20.5,17.8,point
2025-07-08 04:30:00 PM,19.9,85.6,20.2,17.4,point
2025-07-08 05:00:00 PM,19.1,87.6,19.4,17.0,point
2025-07-08 05:30:00 PM,19.0,85.8,19.2,16.6,point
2025-07-08 06:00:00 PM,18.5,85.3,18.6,16.0,point
2025-07-08 06:30:00 PM,18.1,84.8,18.1,15.5,point
2025-07-08 07:00:00 PM,17.7,84.8,17.7,15.1,point
2025-07-08 07:30:00 PM,17.2,85.1,17.2,14.7,point
2025-07-08 08:00:00 PM,16.3,85.9,16.2,13.9,point
2025-07-08 08:30:00 PM,15.7,86.2,15.6,13.4,point
2025-07-08 09:00:00 PM,15.2,86.8,15.3,13.1,point
2025-07-08 09:30:00 PM,14.8,85.6,14.7,12.4,point
2025-07-08 10:00:00 PM,14.5,86.8,14.6,12.4,point
2025-07-08 10:30:00 PM,14.5,86.7,14.5,12.3,point
2025-07-08 11:00:00 PM,14.5,87.0,14.5,12.3,point
2025-07-08 11:30:00 PM,14.5,88.0,14.5,12.5,point
2025-07-09 12:00:00 AM,14.4,88.0,14.4,12.4,point
2025-07-09 12:30:00 AM,14.4,87.7,14.4,12.4,point
2025-07-09 01:00:00 AM,16.4,89.9,16.6,14.8,point
2025-07-09 01:30:00 AM,16.8,87.8,16.8,14.7,point
2025-07-09 02:00:00 AM,16.8,87.3,16.8,14.7,point
2025-07-09 02:30:00 AM,16.8,87.7,16.9,14.8,point
2025-07-09 03:00:00 AM,16.8,87.2,16.8,14.6,point
2025-07-09 03:30:00 AM,16.7,87.3,16.8,14.6,point
2025-07-09 04:00:00 AM,16.6,87.1,16.7,14.5,point
2025-07-09 04:30:00 AM,16.6,86.6,16.7,14.3,point
2025-07-09 05:00:00 AM,16.5,86.7,16.5,14.3,point
2025-07-09 05:30:00 AM,16.5,87.1,16.5,14.3,point
2025-07-09 06:00:00 AM,16.6,87.6,16.6,14.5,point
2025-07-09 06:30:00 AM,16.7,86.9,16.7,14.5,point
2025-07-09 07:00:00 AM,16.5,86.2,16.4,14.2,point
2025-07-09 07:30:00 AM,16.4,86.4,16.5,14.1,point
2025-07-09 08:00:00 AM,16.6,88.2,16.7,14.6,point
2025-07-09 08:30:00 AM,17.1,88.8,17.2,15.2,point
2025-07-09 09:00:00 AM,17.6,87.5,17.7,15.5,point
2025-07-09 09:30:00 AM,18.0,87.3,18.0,15.8,point
2025-07-09 10:00:00 AM,18.4,88.1,18.6,16.4,point
2025-07-09 10:30:00 AM,18.7,88.3,19.0,16.7,point
2025-07-09 11:00:00 AM,18.9,88.0,19.1,16.8,point
2025-07-09 11:30:00 AM,19.3,88.3,19.6,17.3,point
2025-07-09 12:00:00 PM,19.7,88.4,20.1,17.7,point
2025-07-09 12:30:00 PM,20.0,88.0,20.4,17.9,point
2025-07-09 01:00:00 PM,20.3,87.6,20.9,18.2,point
2025-07-09 01:30:00 PM,20.9,87.5,21.6,18.8,point
2025-07-09 02:00:00 PM,24.3,50.8,23.6,13.4,point
2025-07-09 02:30:00 PM,22.0,76.2,22.6,17.6,point
2025-07-09 03:00:00 PM,19.9,79.4,20.0,16.2,point
2025-07-09 03:30:00 PM,20.0,81.4,20.2,16.7,point
2025-07-09 04:00:00 PM,20.9,72.1,21.0,15.6,point
2025-07-09 04:30:00 PM,20.3,74.3,20.2,15.6,point
2025-07-09 05:00:00 PM,19.1,83.4,19.3,16.2,point
2025-07-09 05:30:00 PM,18.7,83.8,18.8,15.9,point
2025-07-09 06:00:00 PM,17.8,81.6,17.6,14.6,point
2025-07-09 06:30:00 PM,17.2,83.3,17.1,14.3,point
2025-07-09 07:00:00 PM,16.8,83.6,16.7,14.0,point
2025-07-09 07:30:00 PM,16.2,83.6,16.2,13.4,point
2025-07-09 08:00:00 PM,15.0,86.7,15.1,12.8,point
2025-07-09 08:30:00 PM,14.7,88.0,14.7,12.7,point
2025-07-09 09:00:00 PM,14.0,87.0,14.0,11.8,point
2025-07-09 09:30:00 PM,13.7,88.2,13.7,11.8,point
2025-07-09 10:00:00 PM,13.5,88.2,13.6,11.6,point
2025-07-09 10:30:00 PM,13.4,88.8,13.5,11.6,point
2025-07-09 11:00:00 PM,13.4,88.8,13.6,11.6,point
2025-07-09 11:30:00 PM,13.3,89.0,13.5,11.6,point
2025-07-10 12:00:00 AM,13.3,88.8,13.5,11.6,point
2025-07-10 12:30:00 AM,13.3,88.3,13.5,11.4,point
2025-07-10 01:00:00 AM,15.6,87.7,15.7,13.6,point
2025-07-10 01:30:00 AM,15.8,85.9,15.8,13.5,point
2025-07-10 02:00:00 AM,15.7,85.7,15.6,13.3,point
2025-07-10 02:30:00 AM,15.7,85.9,15.6,13.3,point
2025-07-10 03:00:00 AM,15.8,85.4,15.7,13.3,point
2025-07-10 03:30:00 AM,16.0,84.4,15.9,13.4,point
2025-07-10 04:00:00 AM,15.9,84.9,15.9,13.4,point
2025-07-10 04:30:00 AM,16.2,85.6,16.2,13.8,point
2025-07-10 05:00:00 AM,16.1,85.4,16.1,13.7,point
2025-07-10 05:30:00 AM,16.2,84.0,16.1,13.5,point
2025-07-10 06:00:00 AM,16.0,84.2,16.0,13.4,point
2025-07-10 06:30:00 AM,16.0,84.5,16.0,13.4,point
2025-07-10 07:00:00 AM,16.0,83.2,16.0,13.2,point
2025-07-10 07:30:00 AM,16.3,84.4,16.2,13.7,point
2025-07-10 08:00:00 AM,16.3,85.5,16.2,13.8,point
2025-07-10 08:30:00 AM,17.0,85.2,16.9,14.4,point
2025-07-10 09:00:00 AM,17.4,85.2,17.3,14.9,point
2025-07-10 09:30:00 AM,17.7,86.6,17.8,15.4,point
2025-07-10 10:00:00 AM,17.9,84.7,17.8,15.2,point
2025-07-10 10:30:00 AM,18.6,87.7,18.8,16.5,point
2025-07-10 11:00:00 AM,18.7,86.0,18.8,16.3,point
2025-07-10 11:30:00 AM,19.2,86.2,19.3,16.8,point
2025-07-10 12:00:00 PM,19.5,86.7,19.9,17.2,point
2025-07-10 12:30:00 PM,20.0,86.8,20.5,17.8,point
2025-07-10 01:00:00 PM,20.3,86.0,20.7,17.9,point
2025-07-10 01:30:00 PM,20.5,86.2,21.0,18.1,point
2025-07-10 02:00:00 PM,20.7,85.4,21.3,18.2,point
2025-07-10 02:30:00 PM,20.4,84.7,20.8,17.7,point
2025-07-10 03:00:00 PM,23.1,81.0,24.1,19.7,point
2025-07-10 03:30:00 PM,22.8,80.9,23.6,19.3,point
2025-07-10 04:00:00 PM,22.6,79.6,23.3,18.9,point
2025-07-10 04:30:00 PM,22.4,79.8,23.2,18.8,point
2025-07-10 05:00:00 PM,21.5,78.4,22.1,17.6,point
2025-07-10 05:30:00 PM,21.1,79.0,21.5,17.3,point
2025-07-10 06:00:00 PM,21.0,78.7,21.3,17.1,point
2025-07-10 06:30:00 PM,19.8,77.6,19.7,15.8,point
2025-07-10 07:00:00 PM,19.6,78.5,19.5,15.7,point
2025-07-10 07:30:00 PM,19.3,76.1,19.2,15.0,point
2025-07-10 08:00:00 PM,15.9,82.2,15.7,12.8,point
2025-07-10 08:30:00 PM,15.3,83.8,15.2,12.6,point
2025-07-10 09:00:00 PM,14.9,84.5,14.8,12.3,point
2025-07-10 09:30:00 PM,14.8,84.8,14.8,12.3,point
2025-07-10 10:00:00 PM,14.2,85.3,14.2,11.8,point
2025-07-10 10:30:00 PM,14.2,85.7,14.2,11.8,point
2025-07-10 11:00:00 PM,14.2,86.6,14.2,12.0,point
2025-07-10 11:30:00 PM,14.1,85.4,14.0,11.7,point
2025-07-11 12:00:00 AM,14.2,86.6,14.2,12.0,point
2025-07-11 12:30:00 AM,14.2,87.5,14.3,12.2,point
2025-07-11 01:00:00 AM,18.9,83.7,19.0,16.1,point
2025-07-11 01:30:00 AM,19.4,80.6,19.5,16.0,point
2025-07-11 02:00:00 AM,19.5,80.6,19.6,16.1,point
2025-07-11 02:30:00 AM,18.9,80.3,18.8,15.5,point
2025-07-11 03:00:00 AM,19.7,79.8,19.7,16.1,point
2025-07-11 03:30:00 AM,19.3,80.2,19.3,15.8,point
2025-07-11 04:00:00 AM,19.4,79.2,19.3,15.7,point
2025-07-11 04:30:00 AM,19.4,79.9,19.5,15.9,point
2025-07-11 05:00:00 AM,19.3,79.7,19.3,15.8,point
2025-07-11 05:30:00 AM,19.3,79.9,19.3,15.8,point
2025-07-11 06:00:00 AM,19.7,79.2,19.7,16.0,point
2025-07-11 06:30:00 AM,19.2,80.2,19.2,15.7,point
2025-07-11 07:00:00 AM,19.6,79.4,19.6,15.9,point
2025-07-11 07:30:00 AM,19.1,78.5,19.0,15.3,point
2025-07-11 08:00:00 AM,19.4,80.0,19.5,15.9,point
2025-07-11 08:30:00 AM,20.3,80.7,20.5,16.9,point
2025-07-11 09:00:00 AM,20.2,81.7,20.4,17.0,point
2025-07-11 09:30:00 AM,21.0,81.6,21.5,17.8,point
2025-07-11 10:00:00 AM,21.2,81.8,21.8,18.0,point
2025-07-11 10:30:00 AM,21.8,81.4,22.5,18.5,point
2025-07-11 11:00:00 AM,22.0,81.8,22.8,18.8,point
2025-07-11 11:30:00 AM,22.2,82.6,23.1,19.1,point
2025-07-11 12:00:00 PM,22.4,82.1,23.3,19.2,point
2025-07-11 12:30:00 PM,20.0,80.3,20.1,16.5,point
2025-07-11 01:00:00 PM,20.0,87.1,20.4,17.8,point
2025-07-11 01:30:00 PM,20.7,89.2,21.4,18.9,point
2025-07-11 02:00:00 PM,20.6,87.1,21.1,18.3,point
2025-07-11 02:30:00 PM,20.4,86.5,20.9,18.0,point
2025-07-11 03:00:00 PM,19.9,86.0,20.2,17.5,point
2025-07-11 03:30:00 PM,19.6,85.9,19.9,17.2,point
2025-07-11 04:00:00 PM,19.1,86.8,19.4,16.9,point
2025-07-11 04:30:00 PM,19.0,85.9,19.2,16.6,point
2025-07-11 05:00:00 PM,18.9,84.3,18.9,16.1,point
2025-07-11 05:30:00 PM,18.4,84.8,18.5,15.8,point
2025-07-11 06:00:00 PM,18.0,84.8,17.9,15.4,point
2025-07-11 06:30:00 PM,17.5,84.4,17.5,14.8,point
2025-07-11 07:00:00 PM,16.9,82.6,16.8,13.9,point
2025-07-11 07:30:00 PM,16.4,82.9,16.3,13.4,point
2025-07-11 08:00:00 PM,15.0,88.9,15.1,13.2,point
2025-07-11 08:30:00 PM,14.7,90.4,15.0,13.1,point
2025-07-11 09:00:00 PM,14.0,89.4,14.2,12.3,point
2025-07-11 09:30:00 PM,13.6,89.5,13.8,11.9,point
2025-07-11 10:00:00 PM,13.4,89.6,13.5,11.7,point
2025-07-11 10:30:00 PM,13.4,89.8,13.6,11.8,point
2025-07-11 11:00:00 PM,13.3,89.7,13.5,11.7,point
2025-07-11 11:30:00 PM,13.6,90.6,13.7,12.1,point
2025-07-12 12:00:00 AM,13.3,90.3,13.5,11.7,point
2025-07-12 12:30:00 AM,13.5,90.3,13.7,12.0,point
2025-07-12 01:00:00 AM,16.3,87.0,16.3,14.1,point
2025-07-12 01:30:00 AM,16.9,84.3,16.8,14.2,point
2025-07-12 02:00:00 AM,16.9,83.3,16.8,14.0,point
2025-07-12 02:30:00 AM,16.7,83.4,16.6,13.9,point
2025-07-12 03:00:00 AM,16.8,83.8,16.8,14.1,point
2025-07-12 03:30:00 AM,16.7,83.6,16.6,13.9,point
2025-07-12 04:00:00 AM,16.8,83.1,16.7,13.9,point
2025-07-12 04:30:00 AM,16.6,82.8,16.5,13.6,point
2025-07-12 05:00:00 AM,16.6,83.6,16.6,13.8,point
2025-07-12 05:30:00 AM,17.1,83.8,17.0,14.3,point
2025-07-12 06:00:00 AM,16.4,82.8,16.3,13.4,point
2025-07-12 06:30:00 AM,17.0,83.1,16.9,14.1,point
2025-07-12 07:00:00 AM,16.5,83.5,16.4,13.7,point
2025-07-12 07:30:00 AM,17.0,83.2,17.0,14.1,point
2025-07-12 08:00:00 AM,17.0,83.2,16.9,14.1,point
2025-07-12 08:30:00 AM,17.2,84.7,17.1,14.6,point
2025-07-12 09:00:00 AM,17.5,84.7,17.5,14.9,point
2025-07-12 09:30:00 AM,18.2,83.9,18.2,15.5,point
2025-07-12 10:00:00 AM,18.7,85.8,18.7,16.2,point
2025-07-12 10:30:00 AM,19.1,85.3,19.3,16.6,point
2025-07-12 11:00:00 AM,19.3,86.1,19.4,16.9,point
2025-07-12 11:30:00 AM,19.9,86.2,20.2,17.5,point
2025-07-12 12:00:00 PM,20.0,86.0,20.3,17.6,point
2025-07-12 12:30:00 PM,20.4,85.8,20.9,18.0,point
2025-07-12 01:00:00 PM,20.7,85.3,21.2,18.1,point
2025-07-12 01:30:00 PM,21.3,86.9,22.1,19.0,point
2025-07-12 02:00:00 PM,21.2,85.5,21.8,18.6,point
2025-07-12 02:30:00 PM,21.1,82.9,21.8,18.1,point
2025-07-12 03:00:00 PM,20.9,84.0,21.5,18.1,point
2025-07-12 03:30:00 PM,20.5,84.3,20.9,17.8,point
2025-07-12 04:00:00 PM,20.2,83.3,20.5,17.2,point
2025-07-12 04:30:00 PM,20.0,83.0,20.4,17.0,point
2025-07-12 05:00:00 PM,19.7,82.5,20.0,16.7,point
2025-07-12 05:30:00 PM,19.1,82.1,19.2,16.0,point
2025-07-12 06:00:00 PM,19.3,80.9,19.4,16.0,point
2025-07-12 06:30:00 PM,18.6,82.3,18.5,15.6,point
2025-07-12 07:00:00 PM,18.4,80.5,18.1,14.9,point
2025-07-12 07:30:00 PM,17.9,78.9,17.6,14.2,point
2025-07-12 08:00:00 PM,15.2,86.4,15.3,13.0,point
2025-07-12 08:30:00 PM,14.6,86.9,14.7,12.5,point
2025-07-12 09:00:00 PM,14.2,87.0,14.2,12.1,point
2025-07-12 09:30:00 PM,13.6,87.3,13.7,11.6,point
2025-07-12 10:00:00 PM,13.4,88.3,13.6,11.5,point
2025-07-12 10:30:00 PM,13.4,88.4,13.6,11.6,point
2025-07-12 11:00:00 PM,13.2,88.3,13.3,11.3,point
2025-07-12 11:30:00 PM,13.1,88.3,13.3,11.2,point
2025-07-13 12:00:00 AM,13.4,89.4,13.5,11.7,point
2025-07-13 12:30:00 AM,13.2,88.9,13.3,11.4,point
2025-07-13 01:00:00 AM,16.8,85.8,16.7,14.4,point
2025-07-13 01:30:00 AM,16.9,83.4,16.9,14.1,point
2025-07-13 02:00:00 AM,16.9,83.1,16.8,14.0,point
2025-07-13 02:30:00 AM,16.7,82.3,16.5,13.7,point
2025-07-13 03:00:00 AM,17.0,83.0,17.0,14.1,point
2025-07-13 03:30:00 AM,16.8,83.2,16.7,13.9,point
2025-07-13 04:00:00 AM,17.0,82.5,16.9,14.0,point
2025-07-13 04:30:00 AM,16.8,82.6,16.7,13.8,point
2025-07-13 05:00:00 AM,17.0,82.3,16.8,13.9,point
2025-07-13 05:30:00 AM,16.9,82.3,16.7,13.8,point
2025-07-13 06:00:00 AM,16.7,82.2,16.6,13.6,point
2025-07-13 06:30:00 AM,16.8,82.4,16.7,13.8,point
2025-07-13 07:00:00 AM,16.8,83.0,16.8,13.9,point
2025-07-13 07:30:00 AM,17.2,82.5,17.1,14.2,point
2025-07-13 08:00:00 AM,17.1,83.9,17.0,14.3,point
2025-07-13 08:30:00 AM,17.3,83.8,17.3,14.6,point
2025-07-13 09:00:00 AM,17.8,84.2,17.7,15.1,point
2025-07-13 09:30:00 AM,18.2,84.6,18.2,15.6,point
2025-07-13 10:00:00 AM,18.5,84.2,18.5,15.8,point
2025-07-13 10:30:00 AM,18.6,85.4,18.7,16.1,point
2025-07-13 11:00:00 AM,19.4,84.5,19.6,16.7,point
2025-07-13 11:30:00 AM,19.6,85.5,19.9,17.1,point
2025-07-13 12:00:00 PM,19.7,84.9,19.9,17.1,point
2025-07-13 12:30:00 PM,20.1,86.2,20.4,17.7,point
2025-07-13 01:00:00 PM,20.2,85.3,20.7,17.7,point
2025-07-13 01:30:00 PM,20.9,86.7,21.5,18.6,point
2025-07-13 02:00:00 PM,21.0,85.0,21.5,18.4,point
2025-07-13 02:30:00 PM,20.5,84.3,21.0,17.8,point
2025-07-13 03:00:00 PM,20.5,83.8,21.0,17.7,point
2025-07-13 03:30:00 PM,20.0,82.7,20.4,17.0,point
2025-07-13 04:00:00 PM,19.7,82.6,20.0,16.7,point
2025-07-13 04:30:00 PM,19.6,81.8,19.8,16.4,point
2025-07-13 05:00:00 PM,19.5,81.8,19.5,16.3,point
2025-07-13 05:30:00 PM,19.2,81.1,19.2,15.8,point
2025-07-13 06:00:00 PM,18.6,81.1,18.5,15.3,point
2025-07-13 06:30:00 PM,18.4,80.4,18.1,14.9,point
2025-07-13 07:00:00 PM,17.8,79.0,17.6,14.1,point
2025-07-13 07:30:00 PM,17.4,79.1,17.2,13.8,point
2025-07-13 08:00:00 PM,14.9,85.3,14.8,12.4,point
2025-07-13 08:30:00 PM,14.5,86.6,14.5,12.3,point
2025-07-13 09:00:00 PM,14.2,86.8,14.2,12.0,point
2025-07-13 09:30:00 PM,13.5,85.9,13.5,11.2,point
2025-07-13 10:00:00 PM,13.5,87.7,13.6,11.5,point
2025-07-13 10:30:00 PM,13.6,88.4,13.7,11.7,point
2025-07-13 11:00:00 PM,13.4,88.4,13.5,11.5,point
2025-07-13 11:30:00 PM,13.4,87.9,13.5,11.5,point
2025-07-14 12:00:00 AM,13.5,89.1,13.6,11.7,point
2025-07-14 12:30:00 AM,13.3,88.0,13.4,11.4,point
2025-07-14 01:00:00 AM,16.4,86.4,16.5,14.1,point
2025-07-14 01:30:00 AM,17.0,82.6,17.0,14.0,point
2025-07-14 02:00:00 AM,16.7,82.4,16.6,13.7,point
2025-07-14 02:30:00 AM,17.2,82.3,17.0,14.1,point
2025-07-14 03:00:00 AM,16.8,82.1,16.7,13.8,point
2025-07-14 03:30:00 AM,16.9,82.8,16.8,13.9,point
2025-07-14 04:00:00 AM,17.2,81.8,17.0,14.0,point
2025-07-14 04:30:00 AM,16.9,81.9,16.8,13.8,point
2025-07-14 05:00:00 AM,16.9,81.8,16.8,13.8,point
2025-07-14 05:30:00 AM,16.6,82.2,16.5,13.6,point
2025-07-14 06:00:00 AM,16.8,82.0,16.6,13.7,point
2025-07-14 06:30:00 AM,17.1,81.8,16.9,14.0,point
2025-07-14 07:00:00 AM,17.1,81.5,16.9,13.9,point
2025-07-14 07:30:00 AM,17.2,82.0,17.1,14.1,point
2025-07-14 08:00:00 AM,17.0,82.9,16.9,14.1,point
2025-07-14 08:30:00 AM,17.4,82.8,17.3,14.4,point
2025-07-14 09:00:00 AM,18.0,84.0,18.0,15.2,point
2025-07-14 09:30:00 AM,18.2,84.5,18.2,15.6,point
2025-07-14 10:00:00 AM,18.3,84.2,18.2,15.6,point
2025-07-14 10:30:00 AM,18.7,83.0,18.8,15.8,point
2025-07-14 11:00:00 AM,19.2,84.4,19.4,16.6,point
2025-07-14 11:30:00 AM,19.3,84.6,19.6,16.7,point
2025-07-14 12:00:00 PM,19.8,83.6,20.1,17.0,point
2025-07-14 12:30:00 PM,20.1,85.1,20.5,17.5,point
2025-07-14 01:00:00 PM,20.4,83.6,20.8,17.5,point
2025-07-14 01:30:00 PM,20.8,84.3,21.3,18.0,point
2025-07-14 02:00:00 PM,20.8,84.0,21.3,18.0,point
2025-07-14 02:30:00 PM,20.8,83.1,21.4,17.9,point
2025-07-14 03:00:00 PM,20.8,82.1,21.2,17.6,point
2025-07-14 03:30:00 PM,20.7,80.8,21.0,17.3,point
2025-07-14 04:00:00 PM,20.2,81.4,20.5,16.9,point
2025-07-14 04:30:00 PM,20.0,81.4,20.2,16.7,point
2025-07-14 05:00:00 PM,19.9,80.2,20.1,16.4,point
2025-07-14 05:30:00 PM,19.4,79.3,19.5,15.7,point
2025-07-14 06:00:00 PM,19.2,79.7,19.1,15.6,point
2025-07-14 06:30:00 PM,18.6,80.0,18.4,15.1,point
2025-07-14 07:00:00 PM,18.6,79.4,18.4,15.0,point
2025-07-14 07:30:00 PM,17.9,77.8,17.5,13.9,point
2025-07-14 08:00:00 PM,14.9,85.8,14.8,12.5,point
2025-07-14 08:30:00 PM,14.2,85.7,14.2,11.9,point
2025-07-14 09:00:00 PM,13.8,86.6,13.9,11.6,point
2025-07-14 09:30:00 PM,13.6,87.2,13.6,11.5,point
2025-07-14 10:00:00 PM,13.3,87.8,13.4,11.3,point
2025-07-14 10:30:00 PM,13.3,87.7,13.3,11.2,point
2025-07-14 11:00:00 PM,13.2,88.2,13.2,11.3,point
2025-07-14 11:30:00 PM,13.3,88.0,13.3,11.3,point
2025-07-15 12:00:00 AM,13.3,89.3,13.4,11.5,point
2025-07-15 12:30:00 AM,13.2,88.7,13.4,11.4,point
2025-07-15 01:00:00 AM,16.4,85.7,16.4,14.1,point
2025-07-15 01:30:00 AM,17.0,82.8,16.9,14.1,point
2025-07-15 02:00:00 AM,17.1,82.2,16.9,14.0,point
2025-07-15 02:30:00 AM,17.1,82.6,17.0,14.1,point
2025-07-15 03:00:00 AM,17.0,82.9,16.9,14.0,point
2025-07-15 03:30:00 AM,17.1,82.3,17.0,14.1,point
2025-07-15 04:00:00 AM,17.0,79.8,16.8,13.5,point
2025-07-15 04:30:00 AM,17.0,81.2,16.9,13.8,point
2025-07-15 05:00:00 AM,17.2,82.1,17.0,14.1,point
2025-07-15 05:30:00 AM,17.4,81.6,17.3,14.2,point
2025-07-15 06:00:00 AM,17.3,81.3,17.1,14.0,point
2025-07-15 06:30:00 AM,17.2,82.1,17.0,14.1,point
2025-07-15 07:00:00 AM,17.5,81.1,17.4,14.2,point
2025-07-15 07:30:00 AM,17.2,81.1,17.1,14.0,point
2025-07-15 08:00:00 AM,17.1,82.4,17.0,14.1,point
2025-07-15 08:30:00 AM,17.5,83.8,17.5,14.8,point
2025-07-15 09:00:00 AM,17.7,84.3,17.7,15.0,point
2025-07-15 09:30:00 AM,18.5,83.5,18.5,15.7,point
2025-07-15 10:00:00 AM,18.7,83.5,18.6,15.8,point
2025-07-15 10:30:00 AM,18.8,84.7,18.8,16.1,point
2025-07-15 11:00:00 AM,19.3,84.8,19.4,16.7,point
2025-07-15 11:30:00 AM,19.5,84.3,19.8,16.8,point
2025-07-15 12:00:00 PM,19.8,85.3,20.2,17.3,point
2025-07-15 12:30:00 PM,20.1,83.9,20.5,17.3,point
2025-07-15 01:00:00 PM,20.6,86.1,21.2,18.2,point
2025-07-15 01:30:00 PM,20.9,85.0,21.4,18.2,point
2025-07-15 02:00:00 PM,20.9,84.5,21.5,18.2,point
2025-07-15 02:30:00 PM,20.0,84.9,20.4,17.4,point
2025-07-15 03:00:00 PM,19.8,83.1,20.0,16.8,point
2025-07-15 03:30:00 PM,20.4,82.2,20.7,17.2,point
2025-07-15 04:00:00 PM,20.2,82.3,20.5,17.1,point
2025-07-15 04:30:00 PM,19.8,82.3,20.0,16.7,point
2025-07-15 05:00:00 PM,19.6,82.5,19.9,16.5,point
2025-07-15 05:30:00 PM,19.2,76.5,19.0,15.0,point
2025-07-15 06:00:00 PM,18.4,81.5,18.3,15.2,point
2025-07-15 06:30:00 PM,18.0,82.5,17.9,15.0,point
2025-07-15 07:00:00 PM,17.4,81.8,17.3,14.3,point
2025-07-15 07:30:00 PM,17.3,83.2,17.3,14.4,point
2025-07-15 08:00:00 PM,15.6,84.6,15.5,13.0,point
2025-07-15 08:30:00 PM,15.0,86.5,15.1,12.8,point
2025-07-15 09:00:00 PM,14.7,86.8,14.7,12.5,point
2025-07-15 09:30:00 PM,14.2,85.9,14.1,11.8,point
2025-07-15 10:00:00 PM,14.0,86.8,14.0,11.8,point
2025-07-15 10:30:00 PM,13.9,87.5,13.9,11.8,point
2025-07-15 11:00:00 PM,13.7,86.5,13.8,11.5,point
2025-07-15 11:30:00 PM,13.9,87.9,14.0,12.0,point
2025-07-16 12:00:00 AM,13.9,87.6,13.9,11.8,point
2025-07-16 12:30:00 AM,13.9,88.5,14.1,12.0,point
2025-07-16 01:00:00 AM,16.4,87.3,16.5,14.3,point
2025-07-16 01:30:00 AM,16.9,85.0,16.8,14.3,point
2025-07-16 02:00:00 AM,17.1,85.0,17.0,14.6,point
2025-07-16 02:30:00 AM,17.0,84.5,16.9,14.3,point
2025-07-16 03:00:00 AM,17.2,83.9,17.1,14.4,point
2025-07-16 03:30:00 AM,17.2,84.6,17.2,14.6,point
2025-07-16 04:00:00 AM,17.3,83.4,17.2,14.4,point
2025-07-16 04:30:00 AM,17.0,83.8,17.0,14.2,point
2025-07-16 05:00:00 AM,17.2,83.7,17.1,14.4,point
2025-07-16 05:30:00 AM,17.1,84.1,17.1,14.4,point
2025-07-16 06:00:00 AM,17.2,83.5,17.1,14.3,point
2025-07-16 06:30:00 AM,17.3,84.1,17.3,14.6,point
2025-07-16 07:00:00 AM,17.3,84.6,17.3,14.7,point
2025-07-16 07:30:00 AM,17.0,84.2,17.0,14.3,point
2025-07-16 08:00:00 AM,17.4,84.6,17.4,14.8,point
2025-07-16 08:30:00 AM,18.6,84.9,18.6,16.0,point
2025-07-16 09:00:00 AM,18.3,84.5,18.2,15.6,point
2025-07-16 09:30:00 AM,19.0,85.0,19.1,16.4,point
2025-07-16 10:00:00 AM,19.6,85.8,19.8,17.1,point
2025-07-16 10:30:00 AM,19.6,85.9,19.9,17.2,point
2025-07-16 11:00:00 AM,20.0,85.2,20.4,17.5,point
2025-07-16 11:30:00 AM,20.6,85.2,21.0,18.0,point
2025-07-16 12:00:00 PM,21.3,86.3,22.0,18.9,point
2025-07-16 12:30:00 PM,21.1,85.5,21.6,18.5,point
2025-07-16 01:00:00 PM,21.2,86.5,22.0,18.9,point
2025-07-16 01:30:00 PM,21.9,86.3,22.7,19.5,point
2025-07-16 02:00:00 PM,21.9,85.5,22.6,19.3,point
2025-07-16 02:30:00 PM,21.2,83.3,21.9,18.2,point
2025-07-16 03:00:00 PM,21.2,84.6,21.9,18.5,point
2025-07-16 03:30:00 PM,21.4,85.2,22.1,18.8,point
2025-07-16 04:00:00 PM,20.6,84.8,21.2,18.0,point
2025-07-16 04:30:00 PM,20.6,84.5,21.2,17.9,point
2025-07-16 05:00:00 PM,20.3,84.2,20.8,17.6,point
2025-07-16 05:30:00 PM,19.4,83.3,19.6,16.5,point
2025-07-16 06:00:00 PM,18.9,83.8,18.9,16.1,point
2025-07-16 06:30:00 PM,18.2,82.9,18.2,15.3,point
2025-07-16 07:00:00 PM,18.2,82.7,18.2,15.2,point
2025-07-16 07:30:00 PM,17.3,82.4,17.2,14.3,point
2025-07-16 08:00:00 PM,15.9,85.5,15.8,13.5,point
2025-07-16 08:30:00 PM,15.3,87.1,15.3,13.1,point
2025-07-16 09:00:00 PM,14.9,86.7,14.9,12.7,point
2025-07-16 09:30:00 PM,14.3,86.3,14.3,12.1,point
2025-07-16 10:00:00 PM,14.2,87.4,14.2,12.1,point
2025-07-16 10:30:00 PM,14.1,87.6,14.2,12.1,point
2025-07-16 11:00:00 PM,14.0,88.0,14.1,12.1,point
2025-07-16 11:30:00 PM,13.9,88.4,14.1,12.0,point
2025-07-17 12:00:00 AM,14.0,88.3,14.2,12.1,point
2025-07-17 12:30:00 AM,13.7,86.3,13.6,11.4,point
2025-07-17 01:00:00 AM,16.9,87.0,16.9,14.7,point
2025-07-17 01:30:00 AM,17.2,85.3,17.2,14.7,point
2025-07-17 02:00:00 AM,17.1,85.4,17.1,14.6,point
2025-07-17 02:30:00 AM,17.0,84.5,16.9,14.3,point
2025-07-17 03:00:00 AM,17.2,84.8,17.1,14.6,point
2025-07-17 03:30:00 AM,17.3,84.1,17.3,14.6,point
2025-07-17 04:00:00 AM,17.1,84.0,17.1,14.4,point
2025-07-17 04:30:00 AM,17.2,84.4,17.1,14.5,point
2025-07-17 05:00:00 AM,17.0,84.6,16.9,14.3,point
2025-07-17 05:30:00 AM,17.1,84.2,17.1,14.4,point
2025-07-17 06:00:00 AM,17.4,84.9,17.4,14.9,point
2025-07-17 06:30:00 AM,17.2,84.6,17.2,14.6,point
2025-07-17 07:00:00 AM,17.2,83.7,17.2,14.4,point
2025-07-17 07:30:00 AM,17.8,84.2,17.7,15.1,point
2025-07-17 08:00:00 AM,17.7,83.8,17.7,15.0,point
2025-07-17 08:30:00 AM,18.4,85.3,18.4,15.9,point
2025-07-17 09:00:00 AM,18.7,85.7,18.8,16.3,point
2025-07-17 09:30:00 AM,19.1,85.7,19.3,16.7,point
2025-07-17 10:00:00 AM,19.7,87.0,20.2,17.5,point
2025-07-17 10:30:00 AM,19.7,86.3,19.9,17.3,point
2025-07-17 11:00:00 AM,20.0,86.5,20.5,17.7,point
2025-07-17 11:30:00 AM,20.3,86.3,20.8,17.9,point
2025-07-17 12:00:00 PM,20.7,86.2,21.3,18.3,point
2025-07-17 12:30:00 PM,21.3,84.6,22.0,18.6,point
2025-07-17 01:00:00 PM,21.5,85.6,22.3,19.0,point
2025-07-17 01:30:00 PM,20.6,87.8,21.1,18.5,point
2025-07-17 02:00:00 PM,20.3,88.8,20.9,18.4,point
2025-07-17 02:30:00 PM,19.9,88.0,20.3,17.8,point
2025-07-17 03:00:00 PM,19.6,89.5,20.0,17.8,point
2025-07-17 03:30:00 PM,19.4,90.5,20.0,17.9,point
2025-07-17 04:00:00 PM,18.9,89.6,19.3,17.2,point
2025-07-17 04:30:00 PM,18.5,89.5,18.8,16.8,point
2025-07-17 05:00:00 PM,18.3,89.0,18.6,16.5,point
2025-07-17 05:30:00 PM,17.6,88.4,17.7,15.7,point
2025-07-17 06:00:00 PM,17.2,88.2,17.2,15.2,point
2025-07-17 06:30:00 PM,16.4,88.0,16.5,14.5,point
2025-07-17 07:00:00 PM,16.4,88.0,16.4,14.4,point
2025-07-17 07:30:00 PM,15.8,87.4,15.8,13.7,point
2025-07-17 08:00:00 PM,15.0,90.2,15.2,13.4,point
2025-07-17 08:30:00 PM,14.6,91.5,14.8,13.2,point
2025-07-17 09:00:00 PM,13.9,90.4,14.1,12.3,point
2025-07-17 09:30:00 PM,13.4,89.6,13.5,11.7,point
2025-07-17 10:00:00 PM,13.3,91.2,13.4,11.9,point
2025-07-17 10:30:00 PM,13.1,91.4,13.3,11.8,point
2025-07-17 11:00:00 PM,13.2,91.3,13.4,11.8,point
2025-07-17 11:30:00 PM,13.2,91.8,13.4,11.9,point
2025-07-18 12:00:00 AM,13.2,91.8,13.4,11.9,point
2025-07-18 12:30:00 AM,13.1,91.4,13.3,11.8,point
2025-07-18 01:00:00 AM,15.8,89.5,15.9,14.1,point
2025-07-18 01:30:00 AM,15.8,86.5,15.9,13.6,point
2025-07-18 02:00:00 AM,16.0,86.7,16.1,13.8,point
2025-07-18 02:30:00 AM,15.8,87.1,15.8,13.6,point
2025-07-18 03:00:00 AM,16.0,87.1,16.0,13.8,point
2025-07-18 03:30:00 AM,16.1,87.5,16.2,14.1,point
2025-07-18 04:00:00 AM,16.1,87.8,16.1,14.1,point
2025-07-18 04:30:00 AM,15.7,86.7,15.8,13.5,point
2025-07-18 05:00:00 AM,16.4,87.8,16.4,14.3,point
2025-07-18 05:30:00 AM,16.2,86.7,16.3,14.0,point
2025-07-18 06:00:00 AM,16.0,87.2,16.1,13.9,point
2025-07-18 06:30:00 AM,16.3,86.6,16.3,14.0,point
2025-07-18 07:00:00 AM,16.0,86.0,15.9,13.6,point
2025-07-18 07:30:00 AM,15.8,86.5,15.9,13.6,point
2025-07-18 08:00:00 AM,16.3,87.7,16.4,14.3,point
2025-07-18 08:30:00 AM,16.5,87.4,16.6,14.4,point
2025-07-18 09:00:00 AM,17.4,87.8,17.5,15.4,point
2025-07-18 09:30:00 AM,17.8,87.3,17.9,15.7,point
2025-07-18 10:00:00 AM,18.2,87.7,18.3,16.1,point
2025-07-18 10:30:00 AM,18.7,87.6,18.9,16.6,point
2025-07-18 11:00:00 AM,19.1,88.5,19.5,17.2,point
2025-07-18 11:30:00 AM,19.2,87.8,19.4,17.1,point
2025-07-18 12:00:00 PM,19.1,87.5,19.4,17.0,point
2025-07-18 12:30:00 PM,20.0,88.8,20.6,18.1,point
2025-07-18 01:00:00 PM,20.3,88.7,20.8,18.3,point
2025-07-18 01:30:00 PM,20.7,88.9,21.4,18.8,point
2025-07-18 02:00:00 PM,20.6,87.5,21.3,18.5,point
2025-07-18 02:30:00 PM,20.5,88.3,21.0,18.5,point
2025-07-18 03:00:00 PM,20.3,88.7,20.8,18.4,point
2025-07-18 03:30:00 PM,19.9,87.2,20.3,17.7,point
2025-07-18 04:00:00 PM,22.0,86.3,22.9,19.6,point
2025-07-18 04:30:00 PM,20.7,79.2,21.0,16.9,point
2025-07-18 05:00:00 PM,22.4,75.4,23.0,17.8,point
2025-07-18 05:30:00 PM,19.6,81.8,19.7,16.4,point
2025-07-18 06:00:00 PM,19.0,81.8,19.0,15.8,point
2025-07-18 06:30:00 PM,18.9,80.5,18.8,15.5,point
2025-07-18 07:00:00 PM,18.4,83.1,18.3,15.4,point
2025-07-18 07:30:00 PM,18.0,80.8,17.8,14.6,point
2025-07-18 08:00:00 PM,15.8,86.5,15.9,13.6,point
2025-07-18 08:30:00 PM,15.2,87.5,15.2,13.1,point
2025-07-18 09:00:00 PM,14.8,87.7,14.8,12.7,point
2025-07-18 09:30:00 PM,14.4,87.7,14.5,12.4,point
2025-07-18 10:00:00 PM,14.1,88.4,14.3,12.2,point
2025-07-18 10:30:00 PM,14.1,88.8,14.2,12.2,point
2025-07-18 11:00:00 PM,14.0,89.2,14.1,12.2,point
2025-07-18 11:30:00 PM,13.8,89.3,14.0,12.1,point
2025-07-19 12:00:00 AM,14.0,89.5,14.1,12.3,point
2025-07-19 12:30:00 AM,13.8,89.3,14.0,12.1,point
2025-07-19 01:00:00 AM,17.2,86.8,17.3,15.0,point
2025-07-19 01:30:00 AM,17.2,83.0,17.2,14.3,point
2025-07-19 02:00:00 AM,17.3,82.3,17.1,14.2,point
2025-07-19 02:30:00 AM,17.7,83.8,17.6,14.9,point
2025-07-19 03:00:00 AM,18.0,82.8,18.0,15.1,point
2025-07-19 03:30:00 AM,17.9,82.9,17.8,14.9,point
2025-07-19 04:00:00 AM,17.7,82.5,17.6,14.7,point
2025-07-19 04:30:00 AM,17.6,82.9,17.5,14.6,point
2025-07-19 05:00:00 AM,17.6,82.9,17.5,14.7,point
2025-07-19 05:30:00 AM,17.5,82.8,17.5,14.5,point
2025-07-19 06:00:00 AM,17.5,81.4,17.4,14.3,point
2025-07-19 06:30:00 AM,17.6,82.7,17.6,14.7,point
2025-07-19 07:00:00 AM,17.8,82.6,17.7,14.8,point
2025-07-19 07:30:00 AM,17.9,82.5,17.8,14.8,point
2025-07-19 08:00:00 AM,18.1,83.1,18.0,15.1,point
2025-07-19 08:30:00 AM,18.4,84.6,18.4,15.7,point
2025-07-19 09:00:00 AM,18.5,84.8,18.6,15.9,point
2025-07-19 09:30:00 AM,18.9,85.5,19.0,16.4,point
2025-07-19 10:00:00 AM,19.3,85.0,19.6,16.8,point
2025-07-19 10:30:00 AM,19.8,85.2,20.1,17.2,point
2025-07-19 11:00:00 AM,20.0,85.0,20.3,17.4,point
2025-07-19 11:30:00 AM,20.3,85.1,20.8,17.8,point
2025-07-19 12:00:00 PM,20.4,84.0,20.8,17.6,point
2025-07-19 12:30:00 PM,20.8,85.1,21.3,18.2,point
2025-07-19 01:00:00 PM,21.3,85.7,21.9,18.8,point
2025-07-19 01:30:00 PM,21.5,85.4,22.3,19.0,point
2025-07-19 02:00:00 PM,21.6,85.1,22.3,18.9,point
2025-07-19 02:30:00 PM,21.2,84.3,21.9,18.5,point
2025-07-19 03:00:00 PM,21.0,83.4,21.6,18.1,point
2025-07-19 03:30:00 PM,20.9,83.6,21.5,18.0,point
2025-07-19 04:00:00 PM,20.5,82.9,21.0,17.5,point
2025-07-19 04:30:00 PM,20.1,81.8,20.3,16.9,point
2025-07-19 05:00:00 PM,19.7,81.8,19.8,16.5,point
2025-07-19 05:30:00 PM,19.5,81.8,19.5,16.3,point
2025-07-19 06:00:00 PM,19.1,81.6,19.2,15.9,point
2025-07-19 06:30:00 PM,18.7,81.5,18.7,15.5,point
2025-07-19 07:00:00 PM,18.1,80.7,17.9,14.7,point
2025-07-19 07:30:00 PM,17.5,81.4,17.3,14.3,point
2025-07-19 08:00:00 PM,15.6,84.8,15.5,13.0,point
2025-07-19 08:30:00 PM,15.0,87.8,15.0,12.9,point
2025-07-19 09:00:00 PM,14.6,87.2,14.6,12.4,point
2025-07-19 09:30:00 PM,14.1,87.5,14.1,12.0,point
2025-07-19 10:00:00 PM,13.9,88.4,14.0,12.0,point
2025-07-19 10:30:00 PM,13.7,88.1,13.8,11.8,point
2025-07-19 11:00:00 PM,13.7,88.5,13.8,11.8,point
2025-07-19 11:30:00 PM,13.7,89.2,13.9,12.0,point
2025-07-20 12:00:00 AM,13.7,88.9,13.8,11.9,point
2025-07-20 12:30:00 AM,13.5,87.8,13.6,11.5,point
2025-07-20 01:00:00 AM,16.5,85.8,16.5,14.2,point
2025-07-20 01:30:00 AM,16.9,84.0,16.8,14.2,point
2025-07-20 02:00:00 AM,16.9,83.6,16.9,14.1,point
2025-07-20 02:30:00 AM,16.9,83.3,16.8,14.0,point
2025-07-20 03:00:00 AM,16.9,83.6,16.8,14.1,point
2025-07-20 03:30:00 AM,17.0,82.7,17.0,14.0,point
2025-07-20 04:00:00 AM,16.8,82.4,16.7,13.8,point
2025-07-20 04:30:00 AM,16.9,82.7,16.8,13.9,point
2025-07-20 05:00:00 AM,16.9,82.7,16.9,14.0,point
2025-07-20 05:30:00 AM,16.8,82.7,16.7,13.8,point
2025-07-20 06:00:00 AM,17.0,83.9,17.0,14.3,point
2025-07-20 06:30:00 AM,16.9,82.6,16.8,13.9,point
2025-07-20 07:00:00 AM,17.0,83.2,17.0,14.2,point
2025-07-20 07:30:00 AM,17.0,82.6,16.9,14.0,point
2025-07-20 08:00:00 AM,17.3,84.0,17.3,14.6,point
2025-07-20 08:30:00 AM,17.6,83.8,17.5,14.8,point
2025-07-20 09:00:00 AM,17.8,84.6,17.7,15.2,point
2025-07-20 09:30:00 AM,18.3,84.6,18.4,15.7,point
2025-07-20 10:00:00 AM,18.6,85.0,18.7,16.1,point
2025-07-20 10:30:00 AM,19.1,85.3,19.2,16.5,point
2025-07-20 11:00:00 AM,19.4,85.5,19.7,16.9,point
2025-07-20 11:30:00 AM,19.6,86.0,19.8,17.2,point
2025-07-20 12:00:00 PM,19.8,85.7,20.2,17.4,point
2025-07-20 12:30:00 PM,20.2,85.0,20.5,17.6,point
2025-07-20 01:00:00 PM,20.6,85.3,21.0,18.0,point
2025-07-20 01:30:00 PM,20.9,85.0,21.5,18.3,point
2025-07-20 02:00:00 PM,21.1,84.4,21.8,18.4,point
2025-07-20 02:30:00 PM,21.1,83.8,21.6,18.2,point
2025-07-20 03:00:00 PM,20.8,83.5,21.3,17.9,point
2025-07-20 03:30:00 PM,20.6,83.2,21.0,17.6,point
2025-07-20 04:00:00 PM,20.2,82.0,20.5,17.1,point
2025-07-20 04:30:00 PM,19.9,82.1,20.2,16.8,point
2025-07-20 05:00:00 PM,19.6,81.4,19.8,16.4,point
2025-07-20 05:30:00 PM,19.1,81.5,19.2,15.9,point
2025-07-20 06:00:00 PM,18.8,81.4,18.8,15.6,point
2025-07-20 06:30:00 PM,18.4,81.5,18.2,15.2,point
2025-07-20 07:00:00 PM,18.0,81.3,17.8,14.7,point
2025-07-20 07:30:00 PM,17.4,81.5,17.3,14.2,point
2025-07-20 08:00:00 PM,15.5,85.8,15.5,13.2,point
2025-07-20 08:30:00 PM,14.9,87.0,14.9,12.7,point
2025-07-20 09:00:00 PM,14.4,87.3,14.4,12.3,point
2025-07-20 09:30:00 PM,14.0,87.5,14.1,12.0,point
2025-07-20 10:00:00 PM,13.9,88.5,14.0,12.0,point
2025-07-20 10:30:00 PM,13.7,88.6,13.8,11.8,point
2025-07-20 11:00:00 PM,13.7,88.6,13.8,11.8,point
2025-07-20 11:30:00 PM,13.5,88.1,13.6,11.6,point
2025-07-21 12:00:00 AM,13.6,89.3,13.7,11.8,point
2025-07-21 12:30:00 AM,13.6,88.6,13.7,11.7,point
2025-07-21 01:00:00 AM,16.4,86.3,16.4,14.1,point
2025-07-21 01:30:00 AM,16.7,84.0,16.6,14.0,point
2025-07-21 02:00:00 AM,16.6,83.5,16.6,13.8,point
2025-07-21 02:30:00 AM,16.6,83.5,16.6,13.8,point
2025-07-21 03:00:00 AM,16.7,83.5,16.7,13.9,point
2025-07-21 03:30:00 AM,16.8,83.5,16.8,14.0,point
2025-07-21 04:00:00 AM,16.8,83.7,16.7,14.0,point
2025-07-21 04:30:00 AM,16.8,82.8,16.7,13.8,point
2025-07-21 05:00:00 AM,16.8,83.3,16.8,14.0,point
2025-07-21 05:30:00 AM,16.9,82.9,16.8,14.0,point
2025-07-21 06:00:00 AM,16.7,83.4,16.6,13.8,point
2025-07-21 06:30:00 AM,16.8,84.2,16.7,14.1,point
2025-07-21 07:00:00 AM,16.7,82.3,16.5,13.7,point
2025-07-21 07:30:00 AM,16.9,83.5,16.8,14.1,point
2025-07-21 08:00:00 AM,17.0,84.1,17.0,14.3,point
2025-07-21 08:30:00 AM,17.6,85.4,17.5,15.1,point
2025-07-21 09:00:00 AM,17.9,85.3,17.9,15.4,point
2025-07-21 09:30:00 AM,18.3,84.0,18.2,15.5,point
2025-07-21 10:00:00 AM,19.8,86.9,20.3,17.6,point
2025-07-21 10:30:00 AM,20.1,86.1,20.4,17.6,point
2025-07-21 11:00:00 AM,20.1,85.2,20.5,17.5,point
2025-07-21 11:30:00 AM,20.3,85.7,20.8,17.8,point
2025-07-21 12:00:00 PM,20.3,85.1,20.8,17.8,point
2025-07-21 12:30:00 PM,20.2,85.0,20.7,17.6,point
2025-07-21 01:00:00 PM,20.3,84.5,20.8,17.6,point
2025-07-21 01:30:00 PM,20.3,85.1,20.7,17.7,point
2025-07-21 02:00:00 PM,20.2,84.0,20.5,17.4,point
2025-07-21 02:30:00 PM,20.3,84.8,20.7,17.7,point
2025-07-21 03:00:00 PM,20.2,84.0,20.6,17.4,point
2025-07-21 03:30:00 PM,20.4,84.5,20.8,17.7,point
2025-07-21 04:00:00 PM,20.9,84.0,21.5,18.1,point
2025-07-21 04:30:00 PM,20.4,82.6,20.9,17.4,point
2025-07-21 05:00:00 PM,20.3,82.3,20.7,17.2,point
2025-07-21 05:30:00 PM,20.4,82.6,20.8,17.3,point
2025-07-21 06:00:00 PM,20.6,83.9,21.0,17.8,point
2025-07-21 06:30:00 PM,20.5,83.3,21.0,17.6,point
2025-07-21 07:00:00 PM,20.4,83.7,20.9,17.6,point
2025-07-21 07:30:00 PM,20.3,83.5,20.8,17.4,point
2025-07-21 08:00:00 PM,20.4,83.7,20.8,17.5,point
2025-07-21 08:30:00 PM,20.4,83.3,20.8,17.4,point
2025-07-21 09:00:00 PM,18.6,70.4,18.0,13.1,point
2025-07-21 09:30:00 PM,10.5,64.0,9.9,4.0,point
2025-07-21 10:00:00 PM,6.6,75.5,6.4,2.6,point
2025-07-21 10:30:00 PM,6.0,79.7,5.8,2.7,point
2025-07-21 11:00:00 PM,5.6,82.0,5.4,2.7,point
2025-07-21 11:30:00 PM,5.4,82.8,5.4,2.7,point
2025-07-22 12:00:00 AM,5.3,83.7,5.2,2.8,point
2025-07-22 12:30:00 AM,5.1,84.5,5.1,2.7,point
2025-07-22 01:00:00 AM,5.1,85.3,5.1,2.9,point
2025-07-22 01:30:00 AM,5.2,85.5,5.1,2.9,point
2025-07-22 02:00:00 AM,5.0,85.4,4.9,2.8,point
2025-07-22 02:30:00 AM,5.0,85.8,5.0,2.8,point
2025-07-22 03:00:00 AM,5.0,86.2,4.9,2.9,point
2025-07-22 03:30:00 AM,4.9,86.2,4.9,2.8,point
2025-07-22 04:00:00 AM,5.0,86.2,4.9,2.9,point
2025-07-22 04:30:00 AM,4.9,86.3,4.9,2.8,point
2025-07-22 05:00:00 AM,5.0,86.8,5.0,3.0,point
2025-07-22 05:30:00 AM,4.9,86.4,4.8,2.8,point
2025-07-22 06:00:00 AM,4.9,86.7,4.9,2.9,point
2025-07-22 06:30:00 AM,4.9,86.6,4.8,2.8,point
2025-07-22 07:00:00 AM,4.7,86.2,4.6,2.6,point
2025-07-22 07:30:00 AM,4.8,86.8,4.7,2.8,point
2025-07-22 08:00:00 AM,8.7,96.6,8.9,8.2,point
2025-07-22 08:30:00 AM,16.2,100.0,16.8,16.2,point
2025-07-22 09:00:00 AM,19.2,99.8,20.1,19.2,point
2025-07-22 09:30:00 AM,19.7,88.4,20.2,17.8,point
2025-07-22 10:00:00 AM,19.9,87.0,20.4,17.7,point
2025-07-22 10:30:00 AM,20.2,87.2,20.8,18.0,point
2025-07-22 11:00:00 AM,20.3,85.7,20.8,17.9,point
2025-07-22 11:30:00 AM,20.6,85.1,21.2,18.0,point
2025-07-22 12:00:00 PM,20.8,85.7,21.3,18.3,point
2025-07-22 12:30:00 PM,21.9,83.8,22.6,19.0,point
2025-07-22 01:00:00 PM,19.7,85.5,19.9,17.2,point
2025-07-22 01:30:00 PM,21.4,83.3,22.0,18.4,point
2025-07-22 02:00:00 PM,21.4,82.7,22.1,18.3,point
2025-07-22 02:30:00 PM,21.2,83.8,21.9,18.4,point
2025-07-22 03:00:00 PM,20.9,83.9,21.5,18.1,point
2025-07-22 03:30:00 PM,20.8,83.6,21.3,17.9,point
2025-07-22 04:00:00 PM,20.9,84.2,21.4,18.1,point
2025-07-22 04:30:00 PM,21.9,83.7,22.8,19.1,point
2025-07-22 05:00:00 PM,22.6,80.0,23.3,18.9,point
2025-07-22 05:30:00 PM,22.2,80.9,23.0,18.8,point
2025-07-22 06:00:00 PM,22.4,80.8,23.2,19.0,point
2025-07-22 06:30:00 PM,22.7,81.2,23.6,19.3,point
2025-07-22 07:00:00 PM,22.5,81.2,23.4,19.1,point
2025-07-22 07:30:00 PM,22.2,80.6,23.0,18.7,point
2025-07-22 08:00:00 PM,22.5,81.0,23.4,19.1,point
2025-07-22 08:30:00 PM,22.2,80.7,23.0,18.7,point
2025-07-22 09:00:00 PM,16.0,71.6,15.3,10.8,point
2025-07-22 09:30:00 PM,10.0,68.7,9.5,4.5,point
2025-07-22 10:00:00 PM,6.4,76.0,6.2,2.5,point
2025-07-22 10:30:00 PM,5.8,81.2,5.6,2.8,point
2025-07-22 11:00:00 PM,5.3,83.0,5.3,2.7,point
2025-07-22 11:30:00 PM,5.2,84.4,5.2,2.8,point
2025-07-23 12:00:00 AM,5.2,85.2,5.1,2.9,point
2025-07-23 12:30:00 AM,4.7,84.6,4.7,2.4,point
2025-07-23 01:00:00 AM,4.9,85.1,4.8,2.6,point
2025-07-23 01:30:00 AM,4.8,85.7,4.7,2.6,point
2025-07-23 02:00:00 AM,5.0,86.6,4.9,2.9,point
2025-07-23 02:30:00 AM,4.8,86.7,4.8,2.8,point
2025-07-23 03:00:00 AM,4.7,86.7,4.6,2.7,point
2025-07-23 03:30:00 AM,4.9,87.1,4.8,2.9,point
2025-07-23 04:00:00 AM,4.7,85.4,4.6,2.4,point
2025-07-23 04:30:00 AM,4.8,86.2,4.8,2.7,point
2025-07-23 05:00:00 AM,4.9,86.2,4.9,2.8,point
2025-07-23 05:30:00 AM,4.8,86.5,4.7,2.7,point
2025-07-23 06:00:00 AM,5.0,86.6,4.9,2.9,point
2025-07-23 06:30:00 AM,4.8,85.6,4.7,2.6,point
2025-07-23 07:00:00 AM,5.1,87.3,5.0,3.1,point
2025-07-23 07:30:00 AM,5.0,86.6,4.9,2.9,point
2025-07-23 08:00:00 AM,9.1,97.4,9.3,8.7,point
2025-07-23 08:30:00 AM,16.5,100.0,17.2,16.5,point
2025-07-23 09:00:00 AM,20.3,92.5,21.1,19.1,point
2025-07-23 09:30:00 AM,21.4,84.4,22.0,18.6,point
2025-07-23 10:00:00 AM,22.1,83.2,23.0,19.2,point
2025-07-23 10:30:00 AM,21.8,82.7,22.6,18.7,point
2025-07-23 11:00:00 AM,22.1,82.7,23.0,19.0,point
2025-07-23 11:30:00 AM,21.9,82.9,22.7,18.9,point
2025-07-23 12:00:00 PM,22.3,80.7,23.1,18.8,point
2025-07-23 12:30:00 PM,22.1,81.8,22.9,18.9,point
2025-07-23 01:00:00 PM,22.4,82.0,23.3,19.2,point
2025-07-23 01:30:00 PM,22.2,81.9,23.0,19.0,point
2025-07-23 02:00:00 PM,22.2,81.1,23.0,18.8,point
2025-07-23 02:30:00 PM,22.4,80.6,23.1,18.9,point
2025-07-23 03:00:00 PM,22.4,81.0,23.1,19.0,point
2025-07-23 03:30:00 PM,22.8,80.7,23.6,19.3,point
2025-07-23 04:00:00 PM,23.1,81.0,24.0,19.6,point
2025-07-23 04:30:00 PM,23.0,80.1,23.8,19.4,point
2025-07-23 05:00:00 PM,23.2,78.8,24.0,19.3,point
2025-07-23 05:30:00 PM,22.8,78.9,23.5,18.9,point
2025-07-23 06:00:00 PM,22.9,78.8,23.8,19.1,point
2025-07-23 06:30:00 PM,23.2,78.7,24.1,19.3,point
2025-07-23 07:00:00 PM,22.8,78.6,23.5,18.9,point
2025-07-23 07:30:00 PM,22.7,78.5,23.5,18.8,point
2025-07-23 08:00:00 PM,22.2,78.1,22.9,18.2,point
2025-07-23 08:30:00 PM,23.1,79.0,24.0,19.3,point
2025-07-23 09:00:00 PM,16.0,71.7,15.4,10.9,point
2025-07-23 09:30:00 PM,9.7,69.0,9.2,4.3,point
2025-07-23 10:00:00 PM,6.3,77.1,6.1,2.6,point
2025-07-23 10:30:00 PM,5.5,80.2,5.4,2.4,point
2025-07-23 11:00:00 PM,5.3,82.2,5.2,2.5,point
2025-07-23 11:30:00 PM,5.1,83.0,5.0,2.4,point
2025-07-24 12:00:00 AM,5.0,83.8,5.0,2.5,point
2025-07-24 12:30:00 AM,5.2,84.6,5.1,2.8,point
2025-07-24 01:00:00 AM,5.1,84.4,5.0,2.7,point
2025-07-24 01:30:00 AM,5.0,84.3,5.0,2.6,point
2025-07-24 02:00:00 AM,5.0,85.0,5.0,2.7,point
2025-07-24 02:30:00 AM,5.1,85.4,5.0,2.8,point
2025-07-24 03:00:00 AM,4.9,85.2,4.8,2.6,point
2025-07-24 03:30:00 AM,5.1,85.0,5.0,2.8,point
2025-07-24 04:00:00 AM,5.0,85.3,4.9,2.7,point
2025-07-24 04:30:00 AM,5.1,85.8,5.1,3.0,point
2025-07-24 05:00:00 AM,5.1,85.7,5.0,2.9,point
2025-07-24 05:30:00 AM,5.0,85.7,4.9,2.8,point
2025-07-24 06:00:00 AM,4.9,85.1,4.8,2.6,point
2025-07-24 06:30:00 AM,5.0,85.8,5.0,2.8,point
2025-07-24 07:00:00 AM,4.9,86.4,4.9,2.8,point
2025-07-24 07:30:00 AM,5.0,85.8,4.9,2.8,point
2025-07-24 08:00:00 AM,8.7,95.5,8.8,8.0,point
2025-07-24 08:30:00 AM,15.4,100.0,16.0,15.4,point
2025-07-24 09:00:00 AM,20.3,87.1,20.9,18.1,point
2025-07-24 09:30:00 AM,21.2,81.7,21.7,17.9,point
2025-07-24 10:00:00 AM,21.7,80.5,22.4,18.2,point
2025-07-24 10:30:00 AM,21.7,78.6,22.3,17.8,point
2025-07-24 11:00:00 AM,19.4,84.5,19.6,16.7,point
2025-07-24 11:30:00 AM,21.6,81.0,22.3,18.2,point
2025-07-24 12:00:00 PM,21.8,79.4,22.4,18.0,point
2025-07-24 12:30:00 PM,21.8,79.5,22.4,18.1,point
2025-07-24 01:00:00 PM,21.8,79.2,22.4,18.0,point
2025-07-24 01:30:00 PM,21.6,78.9,22.2,17.8,point
2025-07-24 02:00:00 PM,21.7,78.7,22.3,17.9,point
2025-07-24 02:30:00 PM,21.9,78.4,22.4,18.0,point
2025-07-24 03:00:00 PM,22.1,78.1,22.8,18.1,point
2025-07-24 03:30:00 PM,22.0,76.9,22.5,17.8,point
2025-07-24 04:00:00 PM,22.0,77.2,22.6,17.9,point
2025-07-24 04:30:00 PM,21.7,76.8,22.2,17.4,point
2025-07-24 05:00:00 PM,22.1,76.9,22.7,17.9,point
2025-07-24 05:30:00 PM,22.1,76.4,22.7,17.8,point
2025-07-24 06:00:00 PM,22.2,75.9,22.8,17.8,point
2025-07-24 06:30:00 PM,22.2,75.6,22.7,17.6,point
2025-07-24 07:00:00 PM,22.0,75.2,22.6,17.4,point
2025-07-24 07:30:00 PM,22.1,74.8,22.5,17.4,point
2025-07-24 08:00:00 PM,22.0,74.4,22.5,17.2,point
2025-07-24 08:30:00 PM,21.9,74.0,22.4,17.1,point
2025-07-24 09:00:00 PM,19.3,68.1,18.7,13.3,point
2025-07-24 09:30:00 PM,9.9,62.3,9.3,3.0,point
2025-07-24 10:00:00 PM,5.7,76.0,5.4,1.8,point
2025-07-24 10:30:00 PM,5.1,79.3,5.0,1.8,point
2025-07-24 11:00:00 PM,5.2,82.1,5.0,2.4,point
2025-07-24 11:30:00 PM,5.0,82.5,4.8,2.2,point
2025-07-25 12:00:00 AM,4.8,83.3,4.8,2.2,point
2025-07-25 12:30:00 AM,4.8,84.0,4.8,2.3,point
2025-07-25 01:00:00 AM,4.7,83.5,4.7,2.2,point
2025-07-25 01:30:00 AM,4.8,84.2,4.8,2.4,point
2025-07-25 02:00:00 AM,4.9,84.7,4.9,2.6,point
2025-07-25 02:30:00 AM,4.6,84.4,4.6,2.2,point
2025-07-25 03:00:00 AM,4.6,84.6,4.6,2.2,point
2025-07-25 03:30:00 AM,4.8,85.5,4.8,2.6,point
2025-07-25 04:00:00 AM,4.7,84.5,4.6,2.3,point
2025-07-25 04:30:00 AM,4.8,84.9,4.7,2.5,point
2025-07-25 05:00:00 AM,4.6,84.5,4.5,2.2,point
2025-07-25 05:30:00 AM,4.8,85.2,4.8,2.6,point
2025-07-25 06:00:00 AM,5.0,85.5,5.0,2.8,point
2025-07-25 06:30:00 AM,4.9,84.9,4.8,2.5,point
2025-07-25 07:00:00 AM,4.9,85.1,4.9,2.6,point
2025-07-25 07:30:00 AM,5.1,85.8,5.1,2.9,point
2025-07-25 08:00:00 AM,8.7,94.4,8.9,7.8,point
2025-07-25 08:30:00 AM,15.2,100.0,15.9,15.2,point
2025-07-25 09:00:00 AM,19.9,82.4,20.2,16.9,point
2025-07-25 09:30:00 AM,20.9,78.5,21.3,17.0,point
2025-07-25 10:00:00 AM,21.4,78.0,21.8,17.4,point
2025-07-25 10:30:00 AM,21.2,78.2,21.7,17.3,point
2025-07-25 11:00:00 AM,21.0,77.8,21.4,17.0,point
2025-07-25 11:30:00 AM,21.4,77.5,21.9,17.3,point
2025-07-25 12:00:00 PM,21.6,77.4,22.2,17.5,point
2025-07-25 12:30:00 PM,21.3,77.0,21.7,17.1,point
2025-07-25 01:00:00 PM,21.2,76.9,21.7,17.0,point
2025-07-25 01:30:00 PM,21.4,76.5,21.9,17.1,point
2025-07-25 02:00:00 PM,21.4,75.9,21.8,17.0,point
2025-07-25 02:30:00 PM,21.6,75.3,22.2,17.0,point
2025-07-25 03:00:00 PM,21.1,75.4,21.5,16.6,point
2025-07-25 03:30:00 PM,21.1,73.3,21.3,16.1,point
2025-07-25 04:00:00 PM,19.2,77.4,19.1,15.2,point
2025-07-25 04:30:00 PM,19.2,77.5,19.0,15.1,point
2025-07-25 05:00:00 PM,19.3,77.8,19.1,15.3,point
2025-07-25 05:30:00 PM,19.2,77.4,19.1,15.2,point
2025-07-25 06:00:00 PM,19.4,77.2,19.2,15.3,point
2025-07-25 06:30:00 PM,19.5,77.3,19.5,15.4,point
2025-07-25 07:00:00 PM,19.2,77.0,19.1,15.1,point
2025-07-25 07:30:00 PM,19.3,77.1,19.2,15.2,point
2025-07-25 08:00:00 PM,19.3,76.3,19.0,15.0,point
2025-07-25 08:30:00 PM,19.4,76.0,19.2,15.0,point
2025-07-25 09:00:00 PM,18.7,68.6,17.9,12.8,point
2025-07-25 09:30:00 PM,9.4,64.5,8.8,3.1,point
2025-07-25 10:00:00 PM,5.8,75.7,5.5,1.8,point
2025-07-25 10:30:00 PM,5.3,79.1,5.2,2.0,point
2025-07-25 11:00:00 PM,5.2,80.5,5.1,2.1,point
2025-07-25 11:30:00 PM,5.0,81.3,4.9,2.1,point
2025-07-26 12:00:00 AM,4.9,82.5,4.8,2.1,point
2025-07-26 12:30:00 AM,4.7,83.2,4.6,2.1,point
2025-07-26 01:00:00 AM,4.6,83.1,4.5,1.9,point
2025-07-26 01:30:00 AM,4.5,83.5,4.4,1.9,point
2025-07-26 02:00:00 AM,4.4,83.8,4.3,1.9,point
2025-07-26 02:30:00 AM,4.4,84.2,4.4,2.0,point
2025-07-26 03:00:00 AM,4.5,84.9,4.4,2.1,point
2025-07-26 03:30:00 AM,4.4,85.2,4.3,2.1,point
2025-07-26 04:00:00 AM,4.3,85.1,4.2,2.0,point
2025-07-26 04:30:00 AM,4.4,85.2,4.4,2.1,point
2025-07-26 05:00:00 AM,4.3,85.1,4.2,2.0,point
2025-07-26 05:30:00 AM,4.5,85.3,4.4,2.2,point
2025-07-26 06:00:00 AM,4.5,85.5,4.5,2.3,point
2025-07-26 06:30:00 AM,4.5,85.9,4.5,2.4,point
2025-07-26 07:00:00 AM,4.7,85.8,4.7,2.5,point
2025-07-26 07:30:00 AM,4.6,85.2,4.5,2.3,point
2025-07-26 08:00:00 AM,8.7,95.3,8.9,8.0,point
2025-07-26 08:30:00 AM,14.9,97.8,15.4,14.5,point
2025-07-26 09:00:00 AM,18.4,82.5,18.4,15.4,point
2025-07-26 09:30:00 AM,18.8,80.0,18.6,15.3,point
2025-07-26 10:00:00 AM,19.0,80.7,18.9,15.6,point
2025-07-26 10:30:00 AM,19.2,81.1,19.3,15.9,point
2025-07-26 11:00:00 AM,18.8,80.6,18.7,15.4,point
2025-07-26 11:30:00 AM,19.6,83.4,19.9,16.7,point
2025-07-26 12:00:00 PM,19.1,80.8,19.0,15.7,point
2025-07-26 12:30:00 PM,19.4,80.0,19.5,15.9,point
2025-07-26 01:00:00 PM,19.4,80.2,19.3,15.9,point
2025-07-26 01:30:00 PM,19.2,80.0,19.2,15.7,point
2025-07-26 02:00:00 PM,19.2,79.0,19.2,15.5,point
2025-07-26 02:30:00 PM,19.1,78.9,19.1,15.4,point
2025-07-26 03:00:00 PM,19.6,78.6,19.5,15.7,point
2025-07-26 03:30:00 PM,19.5,78.1,19.4,15.6,point
2025-07-26 04:00:00 PM,19.4,77.9,19.4,15.5,point
2025-07-26 04:30:00 PM,19.2,77.0,19.0,15.1,point
2025-07-26 05:00:00 PM,19.2,76.9,19.1,15.1,point
2025-07-26 05:30:00 PM,19.2,76.7,19.0,15.1,point
2025-07-26 06:00:00 PM,19.3,76.4,19.2,15.1,point
2025-07-26 06:30:00 PM,19.3,76.1,19.0,15.0,point
2025-07-26 07:00:00 PM,19.2,75.7,18.9,14.8,point
2025-07-26 07:30:00 PM,19.3,75.8,19.2,14.9,point
2025-07-26 08:00:00 PM,19.3,75.2,19.0,14.8,point
2025-07-26 08:30:00 PM,19.2,74.7,18.8,14.6,point
2025-07-26 09:00:00 PM,18.7,67.1,17.8,12.4,point
2025-07-26 09:30:00 PM,9.9,64.9,9.2,3.6,point
2025-07-26 10:00:00 PM,6.0,76.0,5.7,2.1,point
2025-07-26 10:30:00 PM,5.3,79.2,5.1,2.0,point
2025-07-26 11:00:00 PM,5.1,80.5,4.9,2.0,point
2025-07-26 11:30:00 PM,4.9,80.9,4.8,1.9,point
2025-07-27 12:00:00 AM,4.8,82.0,4.6,2.0,point
2025-07-27 12:30:00 AM,4.6,82.6,4.5,1.9,point
2025-07-27 01:00:00 AM,4.5,83.3,4.5,2.0,point
2025-07-27 01:30:00 AM,4.5,84.2,4.4,2.1,point
2025-07-27 02:00:00 AM,4.4,83.9,4.3,1.9,point
2025-07-27 02:30:00 AM,4.2,83.9,4.2,1.8,point
2025-07-27 03:00:00 AM,4.4,84.6,4.3,2.0,point
2025-07-27 03:30:00 AM,4.3,84.8,4.3,2.0,point
2025-07-27 04:00:00 AM,4.4,85.2,4.4,2.1,point
2025-07-27 04:30:00 AM,4.4,84.9,4.3,2.0,point
2025-07-27 05:00:00 AM,4.2,85.1,4.2,1.9,point
2025-07-27 05:30:00 AM,4.3,85.0,4.3,2.0,point
2025-07-27 06:00:00 AM,4.2,85.5,4.2,2.0,point
2025-07-27 06:30:00 AM,4.4,85.3,4.4,2.2,point
2025-07-27 07:00:00 AM,4.4,85.6,4.4,2.2,point
2025-07-27 07:30:00 AM,4.6,85.7,4.6,2.5,point
2025-07-27 08:00:00 AM,8.4,94.3,8.5,7.5,point
2025-07-27 08:30:00 AM,15.0,99.3,15.6,14.9,point
2025-07-27 09:00:00 AM,18.4,81.0,18.3,15.1,point
2025-07-27 09:30:00 AM,18.9,78.9,18.7,15.1,point
2025-07-27 10:00:00 AM,19.0,79.7,18.9,15.4,point
2025-07-27 10:30:00 AM,18.9,79.9,18.8,15.4,point
2025-07-27 11:00:00 AM,19.1,79.8,19.1,15.6,point
2025-07-27 11:30:00 AM,19.1,80.3,19.1,15.7,point
2025-07-27 12:00:00 PM,19.3,80.2,19.3,15.8,point
2025-07-27 12:30:00 PM,19.2,79.8,19.2,15.6,point
2025-07-27 01:00:00 PM,19.3,79.3,19.2,15.6,point
2025-07-27 01:30:00 PM,19.3,78.9,19.3,15.6,point
2025-07-27 02:00:00 PM,19.4,78.4,19.4,15.6,point
2025-07-27 02:30:00 PM,19.4,78.2,19.4,15.5,point
2025-07-27 03:00:00 PM,19.2,77.9,19.0,15.2,point
2025-07-27 03:30:00 PM,19.4,77.0,19.2,15.3,point
2025-07-27 04:00:00 PM,19.2,76.8,19.0,15.1,point
2025-07-27 04:30:00 PM,19.2,77.1,19.1,15.1,point
2025-07-27 05:00:00 PM,19.2,76.5,19.0,15.0,point
2025-07-27 05:30:00 PM,19.2,76.1,19.0,14.9,point
2025-07-27 06:00:00 PM,19.3,76.1,19.2,15.0,point
2025-07-27 06:30:00 PM,19.2,75.5,18.9,14.8,point
2025-07-27 07:00:00 PM,19.2,75.4,19.0,14.8,point
2025-07-27 07:30:00 PM,19.3,75.7,19.2,14.9,point
2025-07-27 08:00:00 PM,19.3,75.2,19.0,14.8,point
2025-07-27 08:30:00 PM,19.4,75.2,19.2,14.9,point
2025-07-27 09:00:00 PM,18.9,68.0,18.1,12.8,point
2025-07-27 09:30:00 PM,9.7,63.9,9.1,3.2,point
2025-07-27 10:00:00 PM,5.9,75.8,5.7,2.0,point
2025-07-27 10:30:00 PM,5.3,78.9,5.2,2.0,point
2025-07-27 11:00:00 PM,5.2,80.3,5.1,2.1,point
2025-07-27 11:30:00 PM,4.9,81.0,4.8,1.9,point
2025-07-28 12:00:00 AM,4.8,82.1,4.6,2.0,point
2025-07-28 12:30:00 AM,4.8,83.3,4.7,2.2,point
2025-07-28 01:00:00 AM,4.6,83.2,4.5,2.0,point
2025-07-28 01:30:00 AM,4.5,84.0,4.4,2.0,point
2025-07-28 02:00:00 AM,4.4,84.3,4.3,1.9,point
2025-07-28 02:30:00 AM,4.3,84.6,4.2,1.9,point
2025-07-28 03:00:00 AM,4.3,84.1,4.2,1.8,point
2025-07-28 03:30:00 AM,4.3,84.4,4.2,1.9,point
2025-07-28 04:00:00 AM,4.3,84.9,4.3,2.0,point
2025-07-28 04:30:00 AM,4.3,84.8,4.2,1.9,point
2025-07-28 05:00:00 AM,4.3,85.1,4.3,2.0,point
2025-07-28 05:30:00 AM,4.3,85.2,4.3,2.1,point
2025-07-28 06:00:00 AM,4.4,84.9,4.4,2.1,point
2025-07-28 06:30:00 AM,4.6,85.5,4.5,2.4,point
2025-07-28 07:00:00 AM,4.3,84.1,4.2,1.8,point
2025-07-28 07:30:00 AM,4.4,84.5,4.4,2.0,point
2025-07-28 08:00:00 AM,8.6,94.5,8.7,7.7,point
2025-07-28 08:30:00 AM,15.0,99.9,15.7,15.0,point
2025-07-28 09:00:00 AM,18.7,82.8,18.8,15.7,point
2025-07-28 09:30:00 AM,19.0,80.6,18.9,15.6,point
2025-07-28 10:00:00 AM,18.9,80.8,18.8,15.5,point
2025-07-28 10:30:00 AM,19.1,81.6,19.2,15.9,point
2025-07-28 11:00:00 AM,19.2,82.3,19.2,16.1,point
2025-07-28 11:30:00 AM,20.0,82.1,20.2,16.8,point
2025-07-28 12:00:00 PM,19.9,82.1,20.0,16.7,point
2025-07-28 12:30:00 PM,19.9,82.2,20.2,16.8,point
2025-07-28 01:00:00 PM,19.9,81.9,20.0,16.7,point
2025-07-28 01:30:00 PM,19.8,81.4,19.9,16.5,point
2025-07-28 02:00:00 PM,19.8,81.5,19.9,16.5,point
2025-07-28 02:30:00 PM,19.8,82.0,20.0,16.7,point
2025-07-28 03:00:00 PM,19.9,82.0,20.2,16.8,point
2025-07-28 03:30:00 PM,19.7,81.1,19.9,16.4,point
2025-07-28 04:00:00 PM,19.9,81.7,20.2,16.7,point
2025-07-28 04:30:00 PM,19.7,81.1,19.8,16.4,point
2025-07-28 05:00:00 PM,19.9,80.9,20.2,16.5,point
2025-07-28 05:30:00 PM,19.7,80.5,19.7,16.2,point
2025-07-28 06:00:00 PM,19.7,80.5,19.8,16.3,point
2025-07-28 06:30:00 PM,19.5,78.0,19.4,15.5,point
2025-07-28 07:00:00 PM,19.8,79.8,20.0,16.2,point
2025-07-28 07:30:00 PM,19.4,78.4,19.4,15.6,point
2025-07-28 08:00:00 PM,20.0,80.1,20.1,16.4,point
2025-07-28 08:30:00 PM,19.8,79.5,20.0,16.2,point
2025-07-28 09:00:00 PM,18.6,69.2,17.9,12.9,point
2025-07-28 09:30:00 PM,10.4,65.1,9.8,4.1,point
2025-07-28 10:00:00 PM,6.1,75.9,5.8,2.1,point
2025-07-28 10:30:00 PM,5.4,79.1,5.3,2.1,point
2025-07-28 11:00:00 PM,5.1,80.9,5.0,2.1,point
2025-07-28 11:30:00 PM,5.0,82.0,4.9,2.2,point
2025-07-29 12:00:00 AM,4.8,82.5,4.8,2.1,point
2025-07-29 12:30:00 AM,4.6,83.7,4.6,2.1,point
2025-07-29 01:00:00 AM,4.5,84.3,4.4,2.1,point
2025-07-29 01:30:00 AM,4.4,83.8,4.4,1.9,point
2025-07-29 02:00:00 AM,4.4,84.9,4.4,2.1,point
2025-07-29 02:30:00 AM,4.4,84.7,4.3,2.0,point
2025-07-29 03:00:00 AM,4.6,85.2,4.5,2.3,point
2025-07-29 03:30:00 AM,4.4,85.2,4.4,2.2,point
2025-07-29 04:00:00 AM,4.5,85.4,4.5,2.3,point
2025-07-29 04:30:00 AM,4.5,86.2,4.4,2.4,point
2025-07-29 05:00:00 AM,4.4,85.7,4.3,2.2,point
2025-07-29 05:30:00 AM,5.0,86.6,4.9,2.9,point
2025-07-29 06:00:00 AM,5.3,87.0,5.3,3.3,point
2025-07-29 06:30:00 AM,5.2,86.3,5.1,3.1,point
2025-07-29 07:00:00 AM,5.4,86.4,5.4,3.3,point
2025-07-29 07:30:00 AM,5.3,86.3,5.3,3.2,point
2025-07-29 08:00:00 AM,9.1,95.9,9.3,8.4,point
2025-07-29 08:30:00 AM,15.4,100.0,16.0,15.4,point
2025-07-29 09:00:00 AM,20.4,94.0,21.3,19.4,point
2025-07-29 09:30:00 AM,20.0,86.6,20.5,17.7,point
2025-07-29 10:00:00 AM,20.5,86.5,21.0,18.1,point
2025-07-29 10:30:00 AM,20.1,86.1,20.4,17.6,point
2025-07-29 11:00:00 AM,20.2,86.2,20.7,17.8,point
2025-07-29 11:30:00 AM,20.5,87.0,21.1,18.3,point
2025-07-29 12:00:00 PM,20.3,86.1,20.8,17.9,point
2025-07-29 12:30:00 PM,22.0,79.8,22.7,18.4,point
2025-07-29 01:00:00 PM,19.9,85.3,20.3,17.4,point
2025-07-29 01:30:00 PM,19.7,84.7,20.1,17.1,point
2025-07-29 02:00:00 PM,20.6,82.6,21.1,17.6,point
2025-07-29 02:30:00 PM,20.1,84.2,20.4,17.3,point
2025-07-29 03:00:00 PM,20.1,84.0,20.4,17.3,point
2025-07-29 03:30:00 PM,20.0,83.7,20.3,17.1,point
2025-07-29 04:00:00 PM,19.9,83.2,20.3,17.0,point
2025-07-29 04:30:00 PM,20.1,83.2,20.4,17.1,point
2025-07-29 05:00:00 PM,20.0,83.8,20.4,17.2,point
2025-07-29 05:30:00 PM,20.1,83.6,20.5,17.3,point
2025-07-29 06:00:00 PM,20.0,83.1,20.3,17.0,point
2025-07-29 06:30:00 PM,20.1,83.2,20.5,17.2,point
2025-07-29 07:00:00 PM,20.1,82.8,20.4,17.1,point
2025-07-29 07:30:00 PM,19.7,81.2,19.8,16.4,point
2025-07-29 08:00:00 PM,20.4,83.8,20.9,17.6,point
2025-07-29 08:30:00 PM,20.3,83.1,20.8,17.4,point
2025-07-29 09:00:00 PM,17.1,70.4,16.4,11.7,point
2025-07-29 09:30:00 PM,11.7,62.2,10.9,4.7,point
2025-07-29 10:00:00 PM,6.9,75.0,6.6,2.8,point
2025-07-29 10:30:00 PM,6.1,79.6,6.0,2.9,point
2025-07-29 11:00:00 PM,5.6,81.7,5.5,2.7,point
2025-07-29 11:30:00 PM,5.3,82.4,5.2,2.5,point
2025-07-30 12:00:00 AM,5.4,83.2,5.3,2.8,point
2025-07-30 12:30:00 AM,5.1,83.9,5.1,2.6,point
2025-07-30 01:00:00 AM,5.2,84.6,5.1,2.8,point
2025-07-30 01:30:00 AM,5.1,85.2,5.0,2.8,point
2025-07-30 02:00:00 AM,4.9,84.8,4.9,2.6,point
2025-07-30 02:30:00 AM,5.1,85.4,5.0,2.8,point
2025-07-30 03:00:00 AM,4.9,84.5,4.9,2.5,point
2025-07-30 03:30:00 AM,5.0,85.5,4.9,2.8,point
2025-07-30 04:00:00 AM,4.9,84.3,4.8,2.4,point
2025-07-30 04:30:00 AM,4.9,84.7,4.9,2.6,point
2025-07-30 05:00:00 AM,4.9,85.1,4.8,2.6,point
2025-07-30 05:30:00 AM,4.9,85.7,4.8,2.7,point
2025-07-30 06:00:00 AM,4.7,84.5,4.6,2.3,point
2025-07-30 06:30:00 AM,4.7,85.6,4.6,2.5,point
2025-07-30 07:00:00 AM,4.8,85.3,4.7,2.5,point
2025-07-30 07:30:00 AM,4.9,85.5,4.8,2.6,point
2025-07-30 08:00:00 AM,8.8,96.3,9.1,8.3,point
2025-07-30 08:30:00 AM,15.5,100.0,16.1,15.5,point
2025-07-30 09:00:00 AM,19.4,91.6,20.0,18.0,point
2025-07-30 09:30:00 AM,19.8,86.9,20.2,17.5,point
2025-07-30 10:00:00 AM,19.9,86.8,20.4,17.6,point
2025-07-30 10:30:00 AM,19.9,86.5,20.4,17.6,point
2025-07-30 11:00:00 AM,20.0,86.8,20.5,17.8,point
2025-07-30 11:30:00 AM,20.1,86.7,20.6,17.9,point
2025-07-30 12:00:00 PM,20.1,86.7,20.6,17.8,point
2025-07-30 12:30:00 PM,20.0,83.5,20.4,17.1,point
2025-07-30 01:00:00 PM,20.0,85.2,20.3,17.4,point
2025-07-30 01:30:00 PM,20.1,85.0,20.5,17.5,point
2025-07-30 02:00:00 PM,19.9,85.4,20.3,17.4,point
2025-07-30 02:30:00 PM,19.9,84.2,20.3,17.2,point
2025-07-30 03:00:00 PM,20.0,84.1,20.3,17.2,point
2025-07-30 03:30:00 PM,20.0,83.7,20.3,17.1,point
2025-07-30 04:00:00 PM,20.0,83.3,20.4,17.1,point
2025-07-30 04:30:00 PM,19.9,83.1,20.3,17.0,point
2025-07-30 05:00:00 PM,20.0,83.1,20.4,17.1,point
2025-07-30 05:30:00 PM,20.0,82.8,20.4,17.0,point
2025-07-30 06:00:00 PM,20.0,82.7,20.4,17.0,point
2025-07-30 06:30:00 PM,20.1,82.6,20.4,17.0,point
2025-07-30 07:00:00 PM,20.0,82.3,20.3,16.9,point
2025-07-30 07:30:00 PM,20.0,82.9,20.3,17.0,point
2025-07-30 08:00:00 PM,20.0,83.0,20.4,17.0,point
2025-07-30 08:30:00 PM,20.0,83.0,20.3,17.0,point
2025-07-30 09:00:00 PM,18.1,69.8,17.4,12.5,point
2025-07-30 09:30:00 PM,10.2,62.2,9.5,3.3,point
2025-07-30 10:00:00 PM,6.1,75.4,5.8,2.1,point
2025-07-30 10:30:00 PM,5.8,80.1,5.7,2.7,point
2025-07-30 11:00:00 PM,5.4,81.7,5.3,2.5,point
2025-07-30 11:30:00 PM,5.1,82.7,5.1,2.4,point
2025-07-31 12:00:00 AM,5.0,83.8,5.0,2.5,point
2025-07-31 12:30:00 AM,5.0,84.5,4.9,2.6,point
2025-07-31 01:00:00 AM,4.9,84.5,4.9,2.5,point
2025-07-31 01:30:00 AM,5.0,85.2,4.9,2.7,point
2025-07-31 02:00:00 AM,5.0,86.5,5.0,3.0,point
2025-07-31 02:30:00 AM,4.9,86.3,4.9,2.8,point
2025-07-31 03:00:00 AM,5.0,85.7,5.0,2.8,point
2025-07-31 03:30:00 AM,4.9,84.8,4.8,2.5,point
2025-07-31 04:00:00 AM,5.0,85.6,5.0,2.8,point
2025-07-31 04:30:00 AM,5.0,85.6,5.0,2.8,point
2025-07-31 05:00:00 AM,4.7,84.4,4.7,2.3,point
2025-07-31 05:30:00 AM,4.7,85.0,4.7,2.4,point
2025-07-31 06:00:00 AM,4.7,85.9,4.7,2.6,point
2025-07-31 06:30:00 AM,4.7,86.2,4.6,2.6,point
2025-07-31 07:00:00 AM,4.9,86.3,4.8,2.8,point
2025-07-31 07:30:00 AM,5.0,86.6,5.0,3.0,point
2025-07-31 08:00:00 AM,8.6,95.3,8.8,7.9,point
2025-07-31 08:30:00 AM,15.2,100.0,15.9,15.2,point
2025-07-31 09:00:00 AM,19.4,93.3,20.0,18.3,point
2025-07-31 09:30:00 AM,19.6,86.7,20.0,17.3,point
2025-07-31 10:00:00 AM,19.9,86.0,20.2,17.4,point
2025-07-31 10:30:00 AM,19.9,85.6,20.3,17.4,point
2025-07-31 11:00:00 AM,19.8,84.5,20.1,17.1,point
2025-07-31 11:30:00 AM,19.8,84.0,20.0,17.0,point
2025-07-31 12:00:00 PM,20.6,84.0,21.1,17.9,point
2025-07-31 12:30:00 PM,22.5,84.0,23.4,19.6,point
2025-07-31 01:00:00 PM,19.7,78.9,19.7,15.9,point
2025-07-31 01:30:00 PM,19.0,87.6,19.2,16.9,point
2025-07-31 02:00:00 PM,20.4,82.6,20.9,17.4,point
2025-07-31 02:30:00 PM,20.6,83.0,21.0,17.6,point
2025-07-31 03:00:00 PM,20.4,83.3,20.9,17.5,point
2025-07-31 03:30:00 PM,20.2,83.6,20.6,17.4,point
2025-07-31 04:00:00 PM,20.3,84.7,20.8,17.7,point
2025-07-31 04:30:00 PM,20.1,82.4,20.3,16.9,point
2025-07-31 05:00:00 PM,20.2,84.8,20.7,17.6,point
2025-07-31 05:30:00 PM,20.2,84.4,20.5,17.4,point
2025-07-31 06:00:00 PM,20.2,84.0,20.6,17.4,point
2025-07-31 06:30:00 PM,20.1,84.4,20.5,17.4,point
2025-07-31 07:00:00 PM,20.2,84.7,20.7,17.6,point
2025-07-31 07:30:00 PM,20.3,84.5,20.7,17.6,point
2025-07-31 08:00:00 PM,20.1,84.4,20.4,17.3,point
2025-07-31 08:30:00 PM,20.0,84.2,20.4,17.3,point
2025-07-31 09:00:00 PM,17.4,72.0,16.8,12.3,point
2025-07-31 09:30:00 PM,9.5,67.0,9.0,3.7,point
2025-07-31 10:00:00 PM,6.2,77.0,6.0,2.5,point
2025-07-31 10:30:00 PM,5.8,80.4,5.6,2.7,point
2025-07-31 11:00:00 PM,5.6,82.0,5.5,2.8,point
2025-07-31 11:30:00 PM,5.3,82.8,5.3,2.6,point
2025-08-01 12:00:00 AM,5.1,83.0,5.1,2.5,point
2025-08-01 12:30:00 AM,5.1,83.5,5.1,2.5,point
2025-08-01 01:00:00 AM,5.2,84.6,5.1,2.8,point
2025-08-01 01:30:00 AM,5.1,84.2,5.0,2.6,point
2025-08-01 02:00:00 AM,4.9,83.6,4.9,2.4,point
2025-08-01 02:30:00 AM,4.9,84.0,4.8,2.4,point
2025-08-01 03:00:00 AM,5.1,84.8,5.1,2.8,point
2025-08-01 03:30:00 AM,5.0,84.4,4.9,2.6,point
2025-08-01 04:00:00 AM,5.0,84.6,5.0,2.6,point
2025-08-01 04:30:00 AM,5.1,84.9,5.0,2.7,point
2025-08-01 05:00:00 AM,4.8,82.6,4.7,2.1,point
2025-08-01 05:30:00 AM,5.1,84.1,5.0,2.6,point
2025-08-01 06:00:00 AM,5.4,86.4,5.4,3.3,point
2025-08-01 06:30:00 AM,5.1,84.8,5.0,2.8,point
2025-08-01 07:00:00 AM,5.2,85.6,5.2,3.0,point
2025-08-01 07:30:00 AM,5.2,85.8,5.2,3.0,point
2025-08-01 08:00:00 AM,8.8,95.5,8.9,8.1,point
2025-08-01 08:30:00 AM,15.8,100.0,16.5,15.8,point
2025-08-01 09:00:00 AM,19.1,98.0,20.0,18.8,point
2025-08-01 09:30:00 AM,19.9,88.3,20.5,17.9,point
2025-08-01 10:00:00 AM,20.1,86.9,20.6,17.9,point
2025-08-01 10:30:00 AM,20.0,85.8,20.4,17.6,point
2025-08-01 11:00:00 AM,20.2,86.8,20.6,17.9,point
2025-08-01 11:30:00 AM,20.3,85.8,20.8,17.9,point
2025-08-01 12:00:00 PM,20.4,85.7,20.8,17.9,point
2025-08-01 12:30:00 PM,20.5,86.0,21.0,18.1,point
2025-08-01 01:00:00 PM,20.6,85.5,21.0,18.1,point
2025-08-01 01:30:00 PM,20.5,85.8,21.0,18.1,point
2025-08-01 02:00:00 PM,20.6,85.5,21.0,18.1,point
2025-08-01 02:30:00 PM,20.8,85.8,21.3,18.3,point
2025-08-01 03:00:00 PM,20.5,84.9,20.9,17.9,point
2025-08-01 03:30:00 PM,20.7,85.5,21.2,18.1,point
2025-08-01 04:00:00 PM,22.3,77.7,22.9,18.2,point
2025-08-01 04:30:00 PM,22.0,82.7,22.7,18.9,point
2025-08-01 05:00:00 PM,23.1,80.8,24.1,19.6,point
2025-08-01 05:30:00 PM,23.1,81.9,24.0,19.8,point
2025-08-01 06:00:00 PM,22.4,80.5,23.1,18.9,point
2025-08-01 06:30:00 PM,22.3,80.4,23.0,18.8,point
2025-08-01 07:00:00 PM,22.2,81.8,23.0,18.9,point
2025-08-01 07:30:00 PM,22.0,82.7,22.9,18.9,point
2025-08-01 08:00:00 PM,21.9,82.2,22.7,18.8,point
2025-08-01 08:30:00 PM,22.6,80.7,23.5,19.1,point
2025-08-01 09:00:00 PM,16.1,73.0,15.5,11.3,point
2025-08-01 09:30:00 PM,8.7,67.9,8.3,3.1,point
2025-08-01 10:00:00 PM,5.8,78.3,5.7,2.4,point
2025-08-01 10:30:00 PM,5.4,81.6,5.3,2.5,point
2025-08-01 11:00:00 PM,5.3,83.2,5.2,2.7,point
2025-08-01 11:30:00 PM,5.1,84.1,5.0,2.6,point
2025-08-02 12:00:00 AM,5.2,84.8,5.2,2.9,point
2025-08-02 12:30:00 AM,5.2,84.9,5.1,2.8,point
2025-08-02 01:00:00 AM,5.1,85.7,5.1,2.9,point
2025-08-02 01:30:00 AM,5.1,85.7,5.1,2.9,point
2025-08-02 02:00:00 AM,5.3,86.2,5.3,3.2,point
2025-08-02 02:30:00 AM,5.2,85.3,5.2,3.0,point
2025-08-02 03:00:00 AM,5.2,85.5,5.1,2.9,point
2025-08-02 03:30:00 AM,5.4,87.2,5.4,3.5,point
2025-08-02 04:00:00 AM,5.4,86.5,5.4,3.4,point
2025-08-02 04:30:00 AM,5.3,86.1,5.3,3.2,point
2025-08-02 05:00:00 AM,4.6,83.4,4.6,2.1,point
2025-08-02 05:30:00 AM,4.9,84.8,4.9,2.6,point
2025-08-02 06:00:00 AM,5.1,85.6,5.1,2.9,point
2025-08-02 06:30:00 AM,5.0,85.8,5.0,2.9,point
2025-08-02 07:00:00 AM,5.4,87.1,5.4,3.5,point
2025-08-02 07:30:00 AM,5.1,85.7,5.0,2.9,point
2025-08-02 08:00:00 AM,9.0,95.7,9.2,8.4,point
2025-08-02 08:30:00 AM,15.6,100.0,16.3,15.6,point
2025-08-02 09:00:00 AM,20.8,89.0,21.4,18.9,point
2025-08-02 09:30:00 AM,21.4,83.4,22.0,18.4,point
2025-08-02 10:00:00 AM,21.9,82.2,22.7,18.8,point
2025-08-02 10:30:00 AM,22.2,81.1,23.0,18.8,point
2025-08-02 11:00:00 AM,22.1,81.3,22.8,18.7,point
2025-08-02 11:30:00 AM,22.0,80.5,22.8,18.5,point
2025-08-02 12:00:00 PM,22.4,80.5,23.1,18.9,point
2025-08-02 12:30:00 PM,22.5,80.0,23.3,18.9,point
2025-08-02 01:00:00 PM,22.2,79.5,23.0,18.5,point
2025-08-02 01:30:00 PM,22.1,79.9,22.9,18.5,point
2025-08-02 02:00:00 PM,22.2,79.2,22.9,18.4,point
2025-08-02 02:30:00 PM,22.4,79.0,23.2,18.6,point
2025-08-02 03:00:00 PM,22.4,79.7,23.2,18.7,point
2025-08-02 03:30:00 PM,22.4,78.6,23.0,18.5,point
2025-08-02 04:00:00 PM,22.6,79.1,23.4,18.8,point
2025-08-02 04:30:00 PM,22.3,79.1,23.1,18.5,point
2025-08-02 05:00:00 PM,22.2,76.5,22.9,17.9,point
2025-08-02 05:30:00 PM,22.1,75.6,22.7,17.6,point
2025-08-02 06:00:00 PM,22.4,78.8,23.1,18.5,point
2025-08-02 06:30:00 PM,22.4,78.6,23.1,18.5,point
2025-08-02 07:00:00 PM,22.6,77.0,23.3,18.4,point
2025-08-02 07:30:00 PM,22.4,78.5,23.1,18.5,point
2025-08-02 08:00:00 PM,22.2,77.0,22.9,18.0,point
2025-08-02 08:30:00 PM,22.3,76.8,22.9,18.0,point
2025-08-02 09:00:00 PM,19.6,69.2,19.2,13.8,point
2025-08-02 09:30:00 PM,9.7,64.9,9.1,3.4,point
2025-08-02 10:00:00 PM,6.3,77.1,6.0,2.6,point
2025-08-02 10:30:00 PM,5.8,80.9,5.6,2.8,point
2025-08-02 11:00:00 PM,5.3,81.5,5.2,2.4,point
2025-08-02 11:30:00 PM,5.2,81.7,5.0,2.3,point
2025-08-03 12:00:00 AM,5.1,82.9,5.0,2.4,point
2025-08-03 12:30:00 AM,4.9,83.2,4.9,2.3,point
2025-08-03 01:00:00 AM,5.1,84.1,5.1,2.6,point
2025-08-03 01:30:00 AM,5.0,82.9,5.0,2.3,point
2025-08-03 02:00:00 AM,5.2,83.8,5.2,2.7,point
2025-08-03 02:30:00 AM,5.1,84.0,5.0,2.6,point
2025-08-03 03:00:00 AM,5.4,86.0,5.3,3.2,point
2025-08-03 03:30:00 AM,5.2,85.1,5.1,2.9,point
2025-08-03 04:00:00 AM,5.0,84.2,5.0,2.6,point
2025-08-03 04:30:00 AM,5.2,84.8,5.1,2.8,point
2025-08-03 05:00:00 AM,5.1,83.4,5.0,2.5,point
2025-08-03 05:30:00 AM,4.9,84.2,4.9,2.5,point
2025-08-03 06:00:00 AM,5.2,85.7,5.1,3.0,point
2025-08-03 06:30:00 AM,5.2,84.5,5.2,2.8,point
2025-08-03 07:00:00 AM,5.4,85.4,5.3,3.1,point
2025-08-03 07:30:00 AM,5.2,85.3,5.2,3.0,point
2025-08-03 08:00:00 AM,8.7,94.6,8.9,7.9,point
2025-08-03 08:30:00 AM,15.0,100.0,15.6,15.0,point
2025-08-03 09:00:00 AM,20.8,86.2,21.3,18.4,point
2025-08-03 09:30:00 AM,21.0,81.4,21.4,17.7,point
2025-08-03 10:00:00 AM,21.1,81.1,21.7,17.8,point
2025-08-03 10:30:00 AM,21.6,81.2,22.2,18.2,point
2025-08-03 11:00:00 AM,21.3,77.8,21.7,17.2,point
2025-08-03 11:30:00 AM,22.0,80.2,22.7,18.4,point
2025-08-03 12:00:00 PM,22.2,79.3,23.0,18.5,point
2025-08-03 12:30:00 PM,22.0,78.2,22.6,18.1,point
2025-08-03 01:00:00 PM,21.9,78.0,22.4,17.9,point
2025-08-03 01:30:00 PM,22.0,77.7,22.6,17.9,point
2025-08-03 02:00:00 PM,22.1,77.5,22.7,18.0,point
2025-08-03 02:30:00 PM,22.3,77.3,22.9,18.1,point
2025-08-03 03:00:00 PM,22.2,77.1,22.9,18.0,point
2025-08-03 03:30:00 PM,22.2,77.0,22.7,17.9,point
2025-08-03 04:00:00 PM,22.4,76.9,23.0,18.1,point
2025-08-03 04:30:00 PM,22.1,76.8,22.6,17.8,point
2025-08-03 05:00:00 PM,22.4,76.5,23.1,18.1,point
2025-08-03 05:30:00 PM,22.3,76.4,22.9,17.9,point
2025-08-03 06:00:00 PM,22.2,76.2,22.8,17.8,point
2025-08-03 06:30:00 PM,22.1,76.1,22.7,17.7,point
2025-08-03 07:00:00 PM,22.2,76.1,22.8,17.8,point
2025-08-03 07:30:00 PM,22.2,76.0,22.7,17.7,point
2025-08-03 08:00:00 PM,22.1,75.8,22.7,17.7,point
2025-08-03 08:30:00 PM,22.1,75.7,22.6,17.6,point
2025-08-03 09:00:00 PM,20.7,66.0,20.5,14.1,point
2025-08-03 09:30:00 PM,9.3,64.2,8.7,2.9,point
2025-08-03 10:00:00 PM,6.1,76.6,5.9,2.3,point
2025-08-03 10:30:00 PM,5.4,78.9,5.3,2.1,point
2025-08-03 11:00:00 PM,5.2,81.5,5.0,2.3,point
2025-08-03 11:30:00 PM,5.2,83.0,5.2,2.6,point
2025-08-04 12:00:00 AM,5.1,83.0,5.0,2.4,point
2025-08-04 12:30:00 AM,4.7,82.0,4.6,1.9,point
2025-08-04 01:00:00 AM,4.8,83.5,4.8,2.3,point
2025-08-04 01:30:00 AM,4.8,82.8,4.8,2.2,point
2025-08-04 02:00:00 AM,5.0,84.0,5.0,2.5,point
2025-08-04 02:30:00 AM,4.8,83.6,4.8,2.3,point
2025-08-04 03:00:00 AM,4.9,84.4,4.8,2.5,point
2025-08-04 03:30:00 AM,5.1,83.8,5.0,2.5,point
2025-08-04 04:00:00 AM,5.0,83.5,5.0,2.4,point
2025-08-04 04:30:00 AM,5.0,83.8,5.0,2.5,point
2025-08-04 05:00:00 AM,5.1,84.2,5.0,2.6,point
2025-08-04 05:30:00 AM,5.1,82.7,5.0,2.4,point
2025-08-04 06:00:00 AM,5.2,84.9,5.1,2.8,point
2025-08-04 06:30:00 AM,5.0,84.5,4.9,2.6,point
2025-08-04 07:00:00 AM,5.2,84.4,5.2,2.8,point
2025-08-04 07:30:00 AM,5.2,84.9,5.2,2.9,point
2025-08-04 08:00:00 AM,8.8,95.0,9.0,8.1,point
2025-08-04 08:30:00 AM,15.1,100.0,15.8,15.1,point
2025-08-04 09:00:00 AM,20.6,87.6,21.3,18.5,point
2025-08-04 09:30:00 AM,21.1,82.9,21.6,18.1,point
2025-08-04 10:00:00 AM,21.5,81.5,22.2,18.2,point
2025-08-04 10:30:00 AM,21.9,80.4,22.5,18.4,point
2025-08-04 11:00:00 AM,22.0,79.7,22.6,18.3,point
2025-08-04 11:30:00 AM,21.9,79.8,22.6,18.3,point
2025-08-04 12:00:00 PM,22.1,79.7,22.9,18.5,point
2025-08-04 12:30:00 PM,22.2,79.5,22.9,18.4,point
2025-08-04 01:00:00 PM,22.3,79.8,23.1,18.7,point
2025-08-04 01:30:00 PM,22.3,79.0,23.1,18.5,point
2025-08-04 02:00:00 PM,22.2,79.9,23.0,18.6,point
2025-08-04 02:30:00 PM,22.1,78.2,22.6,18.1,point
2025-08-04 03:00:00 PM,21.9,78.6,22.5,18.0,point
2025-08-04 03:30:00 PM,21.6,78.4,22.2,17.7,point
2025-08-04 04:00:00 PM,22.0,78.0,22.5,17.9,point
2025-08-04 04:30:00 PM,21.9,78.0,22.5,17.9,point
2025-08-04 05:00:00 PM,22.0,78.8,22.7,18.2,point
2025-08-04 05:30:00 PM,21.9,79.0,22.5,18.1,point
2025-08-04 06:00:00 PM,21.9,79.7,22.5,18.2,point
2025-08-04 06:30:00 PM,22.0,79.1,22.7,18.2,point
2025-08-04 07:00:00 PM,21.8,78.2,22.4,17.9,point
2025-08-04 07:30:00 PM,21.9,78.2,22.4,17.9,point
2025-08-04 08:00:00 PM,21.6,77.9,22.1,17.5,point
2025-08-04 08:30:00 PM,21.8,78.0,22.3,17.8,point
2025-08-04 09:00:00 PM,17.8,69.3,16.9,12.1,point
2025-08-04 09:30:00 PM,9.1,64.7,8.6,2.8,point
2025-08-04 10:00:00 PM,5.8,76.5,5.5,1.9,point
2025-08-04 10:30:00 PM,11.9,81.5,11.7,8.8,point
2025-08-04 11:00:00 PM,5.8,79.6,5.7,2.6,point
2025-08-04 11:30:00 PM,5.5,80.7,5.3,2.4,point
2025-08-05 12:00:00 AM,5.7,82.7,5.6,3.0,point
2025-08-05 12:30:00 AM,5.5,83.2,5.5,2.9,point
2025-08-05 01:00:00 AM,5.4,82.6,5.4,2.7,point
2025-08-05 01:30:00 AM,5.4,82.9,5.3,2.7,point
2025-08-05 02:00:00 AM,5.3,83.0,5.3,2.7,point
2025-08-05 02:30:00 AM,5.2,82.2,5.0,2.4,point
2025-08-05 03:00:00 AM,5.2,82.0,5.1,2.4,point
2025-08-05 03:30:00 AM,5.3,83.9,5.2,2.8,point
2025-08-05 04:00:00 AM,5.1,83.9,5.1,2.6,point
2025-08-05 04:30:00 AM,5.3,84.4,5.3,2.9,point
2025-08-05 05:00:00 AM,5.2,84.5,5.1,2.8,point
2025-08-05 05:30:00 AM,5.2,83.9,5.2,2.7,point
2025-08-05 06:00:00 AM,5.4,84.7,5.3,3.0,point
2025-08-05 06:30:00 AM,5.1,82.8,5.1,2.5,point
2025-08-05 07:00:00 AM,5.2,84.2,5.2,2.8,point
2025-08-05 07:30:00 AM,5.3,84.2,5.3,2.9,point
2025-08-05 08:00:00 AM,8.6,94.9,8.7,7.8,point
2025-08-05 08:30:00 AM,14.4,97.8,14.9,14.0,point
2025-08-05 09:00:00 AM,20.6,89.1,21.3,18.8,point
2025-08-05 09:30:00 AM,20.6,86.4,21.3,18.3,point
2025-08-05 10:00:00 AM,20.2,83.4,20.6,17.3,point
2025-08-05 10:30:00 AM,20.3,83.4,20.6,17.4,point
2025-08-05 11:00:00 AM,20.3,83.2,20.8,17.4,point
2025-08-05 11:30:00 AM,20.2,82.6,20.6,17.1,point
2025-08-05 12:00:00 PM,20.0,82.3,20.2,16.9,point
2025-08-05 12:30:00 PM,20.1,82.3,20.3,16.9,point
2025-08-05 01:00:00 PM,20.4,82.5,20.8,17.3,point
2025-08-05 01:30:00 PM,20.3,81.9,20.5,17.1,point
2025-08-05 02:00:00 PM,20.2,82.0,20.5,17.1,point
2025-08-05 02:30:00 PM,20.1,81.3,20.4,16.8,point
2025-08-05 03:00:00 PM,23.7,77.8,24.5,19.6,point
2025-08-05 03:30:00 PM,23.6,76.0,24.3,19.1,point
2025-08-05 04:00:00 PM,23.7,75.9,24.5,19.2,point
2025-08-05 04:30:00 PM,23.7,75.8,24.5,19.2,point
2025-08-05 05:00:00 PM,23.9,75.8,24.6,19.4,point
2025-08-05 05:30:00 PM,23.9,75.7,24.8,19.4,point
2025-08-05 06:00:00 PM,23.6,75.6,24.3,19.0,point
2025-08-05 06:30:00 PM,23.6,75.5,24.3,19.0,point
2025-08-05 07:00:00 PM,23.8,75.3,24.6,19.2,point
2025-08-05 07:30:00 PM,23.4,75.6,24.2,18.9,point
2025-08-05 08:00:00 PM,23.7,75.8,24.5,19.2,point
2025-08-05 08:30:00 PM,23.6,75.7,24.3,19.0,point
2025-08-05 09:00:00 PM,22.9,76.3,23.6,18.5,point
2025-08-05 09:30:00 PM,9.9,66.1,9.3,3.8,point
2025-08-05 10:00:00 PM,6.3,75.8,6.1,2.4,point
2025-08-05 10:30:00 PM,5.8,79.5,5.6,2.5,point
2025-08-05 11:00:00 PM,5.8,81.5,5.6,2.9,point
2025-08-05 11:30:00 PM,5.7,81.6,5.5,2.8,point
2025-08-06 12:00:00 AM,5.5,81.3,5.3,2.5,point
2025-08-06 12:30:00 AM,5.3,81.7,5.2,2.5,point
2025-08-06 01:00:00 AM,5.2,82.4,5.1,2.5,point
2025-08-06 01:30:00 AM,5.3,83.3,5.2,2.7,point
2025-08-06 02:00:00 AM,5.4,83.6,5.4,2.9,point
2025-08-06 02:30:00 AM,5.3,83.5,5.3,2.8,point
2025-08-06 03:00:00 AM,5.0,82.6,5.0,2.3,point
2025-08-06 03:30:00 AM,5.1,83.5,5.1,2.6,point
2025-08-06 04:00:00 AM,5.3,84.5,5.2,2.9,point
2025-08-06 04:30:00 AM,5.4,83.9,5.4,2.9,point
2025-08-06 05:00:00 AM,5.5,84.1,5.5,3.0,point
2025-08-06 05:30:00 AM,5.6,85.0,5.5,3.2,point
2025-08-06 06:00:00 AM,5.6,84.3,5.6,3.2,point
2025-08-06 06:30:00 AM,5.6,84.2,5.5,3.1,point
2025-08-06 07:00:00 AM,5.4,84.2,5.4,3.0,point
2025-08-06 07:30:00 AM,5.2,83.5,5.1,2.6,point
2025-08-06 08:00:00 AM,8.9,95.4,9.1,8.2,point
2025-08-06 08:30:00 AM,15.5,100.0,16.1,15.5,point
2025-08-06 09:00:00 AM,22.3,88.3,23.4,20.3,point
2025-08-06 09:30:00 AM,23.0,81.7,23.9,19.7,point
2025-08-06 10:00:00 AM,23.1,80.2,23.9,19.4,point
2025-08-06 10:30:00 AM,23.4,79.5,24.4,19.7,point
2025-08-06 11:00:00 AM,24.0,79.7,25.0,20.2,point
2025-08-06 11:30:00 AM,23.6,80.0,24.5,19.9,point
2025-08-06 12:00:00 PM,23.5,79.5,24.4,19.7,point
2025-08-06 12:30:00 PM,23.6,78.9,24.5,19.7,point
2025-08-06 01:00:00 PM,23.2,78.3,24.0,19.2,point
2025-08-06 01:30:00 PM,23.7,79.5,24.8,19.9,point
2025-08-06 02:00:00 PM,23.8,78.7,24.7,19.9,point
2025-08-06 02:30:00 PM,23.5,79.2,24.5,19.7,point
2025-08-06 03:00:00 PM,23.5,79.1,24.3,19.6,point
2025-08-06 03:30:00 PM,23.5,78.7,24.3,19.6,point
2025-08-06 04:00:00 PM,23.5,78.6,24.4,19.6,point
2025-08-06 04:30:00 PM,23.3,78.3,24.2,19.3,point
2025-08-06 05:00:00 PM,23.7,78.0,24.5,19.6,point
2025-08-06 05:30:00 PM,23.5,78.4,24.3,19.5,point
2025-08-06 06:00:00 PM,23.6,76.7,24.5,19.3,point
2025-08-06 06:30:00 PM,23.5,78.2,24.3,19.5,point
2025-08-06 07:00:00 PM,23.3,76.9,24.0,19.0,point
2025-08-06 07:30:00 PM,23.7,77.6,24.6,19.6,point
2025-08-06 08:00:00 PM,23.5,77.1,24.2,19.2,point
2025-08-06 08:30:00 PM,23.6,77.1,24.4,19.3,point
2025-08-06 09:00:00 PM,18.5,72.0,17.9,13.3,point
2025-08-06 09:30:00 PM,9.7,67.7,9.2,4.1,point
2025-08-06 10:00:00 PM,6.4,77.0,6.2,2.7,point
2025-08-06 10:30:00 PM,5.9,79.5,5.7,2.6,point
2025-08-06 11:00:00 PM,5.9,81.2,5.8,3.0,point
2025-08-06 11:30:00 PM,5.8,80.8,5.6,2.7,point
2025-08-07 12:00:00 AM,5.6,80.7,5.4,2.5,point
2025-08-07 12:30:00 AM,5.7,82.6,5.6,2.9,point
2025-08-07 01:00:00 AM,5.4,81.3,5.3,2.5,point
2025-08-07 01:30:00 AM,5.6,82.3,5.4,2.8,point
2025-08-07 02:00:00 AM,5.4,83.2,5.4,2.8,point
2025-08-07 02:30:00 AM,5.6,83.8,5.6,3.1,point
2025-08-07 03:00:00 AM,5.4,82.2,5.3,2.6,point
2025-08-07 03:30:00 AM,5.6,84.1,5.6,3.1,point
2025-08-07 04:00:00 AM,5.4,83.5,5.4,2.9,point
2025-08-07 04:30:00 AM,5.6,84.8,5.5,3.2,point
2025-08-07 05:00:00 AM,5.4,83.4,5.4,2.8,point
2025-08-07 05:30:00 AM,5.6,83.2,5.5,3.0,point
2025-08-07 06:00:00 AM,5.4,82.7,5.4,2.7,point
2025-08-07 06:30:00 AM,5.5,84.0,5.4,3.0,point
2025-08-07 07:00:00 AM,5.4,84.4,5.3,3.0,point
2025-08-07 07:30:00 AM,5.3,84.5,5.3,2.9,point
2025-08-07 08:00:00 AM,8.8,94.5,8.9,7.9,point
2025-08-07 08:30:00 AM,15.3,100.0,16.0,15.3,point
2025-08-07 09:00:00 AM,22.1,86.7,23.1,19.8,point
2025-08-07 09:30:00 AM,23.0,80.6,24.0,19.5,point
2025-08-07 10:00:00 AM,23.4,79.9,24.3,19.7,point
2025-08-07 10:30:00 AM,23.5,79.4,24.5,19.8,point
2025-08-07 11:00:00 AM,23.7,79.5,24.8,20.0,point
2025-08-07 11:30:00 AM,24.0,79.4,25.0,20.2,point
2025-08-07 12:00:00 PM,23.7,78.6,24.7,19.8,point
2025-08-07 12:30:00 PM,23.9,79.7,24.9,20.2,point
2025-08-07 01:00:00 PM,20.6,83.1,21.1,17.6,point
2025-08-07 01:30:00 PM,19.6,83.6,19.8,16.7,point
2025-08-07 02:00:00 PM,22.5,79.9,23.2,18.8,point
2025-08-07 02:30:00 PM,22.8,79.8,23.6,19.1,point
2025-08-07 03:00:00 PM,22.5,78.7,23.1,18.6,point
2025-08-07 03:30:00 PM,22.6,78.3,23.4,18.7,point
2025-08-07 04:00:00 PM,22.6,78.1,23.4,18.6,point
2025-08-07 04:30:00 PM,22.8,78.6,23.6,18.9,point
2025-08-07 05:00:00 PM,22.0,77.5,22.6,17.9,point
2025-08-07 05:30:00 PM,22.2,77.8,22.8,18.1,point
2025-08-07 06:00:00 PM,21.6,77.5,22.1,17.4,point
2025-08-07 06:30:00 PM,21.8,77.4,22.3,17.6,point
2025-08-07 07:00:00 PM,22.4,77.9,23.0,18.3,point
2025-08-07 07:30:00 PM,21.8,75.4,22.4,17.3,point
2025-08-07 08:00:00 PM,22.0,76.6,22.5,17.7,point
2025-08-07 08:30:00 PM,21.7,76.5,22.2,17.4,point
2025-08-07 09:00:00 PM,19.2,66.6,18.6,12.9,point
2025-08-07 09:30:00 PM,12.7,60.4,11.7,5.2,point
2025-08-07 10:00:00 PM,6.0,76.7,5.7,2.2,point
2025-08-07 10:30:00 PM,5.6,79.8,5.4,2.4,point
2025-08-07 11:00:00 PM,5.4,82.1,5.3,2.6,point
2025-08-07 11:30:00 PM,5.3,82.3,5.2,2.5,point
2025-08-08 12:00:00 AM,5.2,83.0,5.2,2.6,point
2025-08-08 12:30:00 AM,5.2,83.2,5.1,2.5,point
2025-08-08 01:00:00 AM,5.3,83.5,5.3,2.8,point
2025-08-08 01:30:00 AM,5.2,83.4,5.2,2.6,point
2025-08-08 02:00:00 AM,5.0,83.1,5.0,2.4,point
2025-08-08 02:30:00 AM,5.1,83.6,5.0,2.5,point
2025-08-08 03:00:00 AM,5.1,83.6,5.1,2.6,point
2025-08-08 03:30:00 AM,5.2,84.8,5.2,2.9,point
2025-08-08 04:00:00 AM,5.2,84.0,5.1,2.7,point
2025-08-08 04:30:00 AM,5.4,83.9,5.3,2.9,point
2025-08-08 05:00:00 AM,5.5,84.9,5.4,3.1,point
2025-08-08 05:30:00 AM,5.4,84.7,5.4,3.0,point
2025-08-08 06:00:00 AM,5.3,84.5,5.3,2.9,point
2025-08-08 06:30:00 AM,5.5,85.0,5.4,3.1,point
2025-08-08 07:00:00 AM,5.3,84.3,5.3,2.9,point
2025-08-08 07:30:00 AM,5.2,85.0,5.2,2.9,point
2025-08-08 08:00:00 AM,9.1,94.5,9.3,8.3,point
2025-08-08 08:30:00 AM,15.4,100.0,16.1,15.4,point
2025-08-08 09:00:00 AM,20.9,88.1,21.5,18.8,point
2025-08-08 09:30:00 AM,21.4,82.8,22.0,18.3,point
2025-08-08 10:00:00 AM,21.7,82.8,22.5,18.6,point
2025-08-08 10:30:00 AM,21.7,82.3,22.4,18.5,point
2025-08-08 11:00:00 AM,21.9,82.0,22.5,18.7,point
2025-08-08 11:30:00 AM,22.2,81.5,23.0,18.9,point
2025-08-08 12:00:00 PM,22.1,81.9,22.8,18.8,point
2025-08-08 12:30:00 PM,22.0,81.4,22.8,18.7,point
2025-08-08 01:00:00 PM,22.3,81.7,23.0,19.0,point
2025-08-08 01:30:00 PM,22.3,81.8,23.0,19.0,point
2025-08-08 02:00:00 PM,22.1,81.1,22.8,18.7,point
2025-08-08 02:30:00 PM,21.9,80.9,22.6,18.5,point
2025-08-08 03:00:00 PM,22.0,81.0,22.6,18.5,point
2025-08-08 03:30:00 PM,22.3,80.7,23.0,18.8,point
2025-08-08 04:00:00 PM,21.2,80.8,21.8,17.8,point
2025-08-08 04:30:00 PM,22.4,80.6,23.1,18.9,point
2025-08-08 05:00:00 PM,21.5,81.5,22.2,18.2,point
2025-08-08 05:30:00 PM,22.8,77.7,23.6,18.7,point
2025-08-08 06:00:00 PM,20.7,82.4,21.0,17.6,point
2025-08-08 06:30:00 PM,20.6,83.1,21.1,17.6,point
2025-08-08 07:00:00 PM,20.6,83.3,21.0,17.7,point
2025-08-08 07:30:00 PM,20.8,83.6,21.3,17.9,point
2025-08-08 08:00:00 PM,20.6,83.4,21.1,17.7,point
2025-08-08 08:30:00 PM,20.8,83.0,21.4,17.8,point
2025-08-08 09:00:00 PM,15.9,74.0,15.4,11.3,point
2025-08-08 09:30:00 PM,8.6,68.2,8.1,3.0,point
2025-08-08 10:00:00 PM,5.9,79.4,5.8,2.6,point
2025-08-08 10:30:00 PM,5.4,81.6,5.2,2.5,point
2025-08-08 11:00:00 PM,5.2,83.8,5.2,2.7,point
2025-08-08 11:30:00 PM,4.9,83.7,4.8,2.3,point
2025-08-09 12:00:00 AM,4.8,84.2,4.8,2.4,point
2025-08-09 12:30:00 AM,4.9,84.7,4.8,2.5,point
2025-08-09 01:00:00 AM,4.8,85.4,4.7,2.5,point
2025-08-09 01:30:00 AM,4.9,86.4,4.9,2.9,point
2025-08-09 02:00:00 AM,4.7,86.3,4.7,2.6,point
2025-08-09 02:30:00 AM,4.5,85.3,4.5,2.2,point
2025-08-09 03:00:00 AM,4.8,86.6,4.7,2.7,point
2025-08-09 03:30:00 AM,4.5,85.5,4.4,2.3,point
2025-08-09 04:00:00 AM,4.6,85.4,4.5,2.3,point
2025-08-09 04:30:00 AM,4.9,86.4,4.8,2.8,point
2025-08-09 05:00:00 AM,4.8,86.1,4.8,2.7,point
2025-08-09 05:30:00 AM,4.6,85.5,4.5,2.4,point
2025-08-09 06:00:00 AM,5.0,86.2,4.9,2.9,point
2025-08-09 06:30:00 AM,4.9,87.3,4.8,2.9,point
2025-08-09 07:00:00 AM,4.6,86.9,4.6,2.6,point
2025-08-09 07:30:00 AM,4.7,86.3,4.6,2.6,point
2025-08-09 08:00:00 AM,8.8,96.5,9.1,8.3,point
2025-08-09 08:30:00 AM,15.5,100.0,16.1,15.5,point
2025-08-09 09:00:00 AM,19.8,91.0,20.3,18.3,point
2025-08-09 09:30:00 AM,20.2,86.4,20.8,17.9,point
2025-08-09 10:00:00 AM,20.3,85.1,20.7,17.7,point
2025-08-09 10:30:00 AM,20.5,84.4,20.9,17.8,point
2025-08-09 11:00:00 AM,20.6,83.8,21.1,17.8,point
2025-08-09 11:30:00 AM,20.8,84.8,21.3,18.1,point
2025-08-09 12:00:00 PM,20.9,84.2,21.5,18.1,point
2025-08-09 12:30:00 PM,20.7,83.8,21.3,17.9,point
2025-08-09 01:00:00 PM,20.4,83.5,20.9,17.5,point
2025-08-09 01:30:00 PM,20.7,84.4,21.1,17.9,point
2025-08-09 02:00:00 PM,20.8,84.3,21.3,18.0,point
2025-08-09 02:30:00 PM,20.5,82.1,20.9,17.3,point
2025-08-09 03:00:00 PM,20.8,83.4,21.3,17.9,point
2025-08-09 03:30:00 PM,20.5,80.6,20.7,17.0,point
2025-08-09 04:00:00 PM,20.2,80.8,20.5,16.8,point
2025-08-09 04:30:00 PM,20.9,83.3,21.5,18.0,point
2025-08-09 05:00:00 PM,20.7,83.3,21.3,17.8,point
2025-08-09 05:30:00 PM,20.8,83.9,21.3,17.9,point
2025-08-09 06:00:00 PM,21.1,83.7,21.8,18.3,point
2025-08-09 06:30:00 PM,20.8,83.4,21.3,17.9,point
2025-08-09 07:00:00 PM,20.7,82.8,21.3,17.7,point
2025-08-09 07:30:00 PM,20.7,82.5,21.2,17.6,point
2025-08-09 08:00:00 PM,20.9,81.8,21.4,17.7,point
2025-08-09 08:30:00 PM,21.0,82.6,21.5,17.9,point
2025-08-09 09:00:00 PM,16.3,72.6,15.6,11.3,point
2025-08-09 09:30:00 PM,8.6,67.8,8.1,3.0,point
2025-08-09 10:00:00 PM,5.4,78.8,5.3,2.0,point
2025-08-09 10:30:00 PM,5.0,81.5,4.9,2.1,point
2025-08-09 11:00:00 PM,4.9,83.9,4.8,2.4,point
2025-08-09 11:30:00 PM,4.6,84.4,4.5,2.2,point
2025-08-10 12:00:00 AM,4.6,85.2,4.6,2.3,point
2025-08-10 12:30:00 AM,4.8,86.1,4.8,2.7,point
2025-08-10 01:00:00 AM,4.8,85.3,4.7,2.5,point
2025-08-10 01:30:00 AM,4.5,85.7,4.5,2.3,point
2025-08-10 02:00:00 AM,4.6,85.8,4.5,2.4,point
2025-08-10 02:30:00 AM,4.4,85.7,4.4,2.2,point
2025-08-10 03:00:00 AM,4.6,86.2,4.6,2.5,point
2025-08-10 03:30:00 AM,4.6,86.3,4.5,2.5,point
2025-08-10 04:00:00 AM,4.7,87.1,4.6,2.7,point
2025-08-10 04:30:00 AM,4.5,86.6,4.4,2.5,point
2025-08-10 05:00:00 AM,4.8,86.9,4.7,2.8,point
2025-08-10 05:30:00 AM,4.6,87.3,4.5,2.6,point
2025-08-10 06:00:00 AM,4.4,85.5,4.3,2.1,point
2025-08-10 06:30:00 AM,4.6,87.2,4.5,2.6,point
2025-08-10 07:00:00 AM,5.0,87.8,4.9,3.1,point
2025-08-10 07:30:00 AM,4.8,87.2,4.8,2.9,point
2025-08-10 08:00:00 AM,8.8,96.7,9.0,8.3,point
2025-08-10 08:30:00 AM,15.4,100.0,16.0,15.4,point
2025-08-10 09:00:00 AM,19.5,90.0,20.1,17.8,point
2025-08-10 09:30:00 AM,20.0,86.0,20.4,17.6,point
2025-08-10 10:00:00 AM,20.5,85.6,21.0,18.0,point
2025-08-10 10:30:00 AM,20.6,84.8,21.2,18.0,point
2025-08-10 11:00:00 AM,20.8,83.7,21.4,18.0,point
2025-08-10 11:30:00 AM,20.8,84.2,21.3,18.0,point
2025-08-10 12:00:00 PM,20.6,84.0,21.0,17.8,point
2025-08-10 12:30:00 PM,20.7,83.7,21.3,17.9,point
2025-08-10 01:00:00 PM,20.7,83.5,21.3,17.8,point
2025-08-10 01:30:00 PM,20.9,84.2,21.5,18.1,point
2025-08-10 02:00:00 PM,20.5,83.0,21.0,17.6,point
2025-08-10 02:30:00 PM,20.9,83.4,21.5,18.0,point
2025-08-10 03:00:00 PM,20.9,83.7,21.4,18.0,point
2025-08-10 03:30:00 PM,20.8,83.8,21.4,18.0,point
2025-08-10 04:00:00 PM,20.6,83.2,21.0,17.6,point
2025-08-10 04:30:00 PM,20.8,84.0,21.3,18.0,point
2025-08-10 05:00:00 PM,20.6,81.9,21.0,17.4,point
2025-08-10 05:30:00 PM,20.7,83.0,21.1,17.7,point
2025-08-10 06:00:00 PM,20.6,82.8,21.1,17.6,point
2025-08-10 06:30:00 PM,20.5,83.0,21.0,17.5,point
2025-08-10 07:00:00 PM,20.8,83.2,21.3,17.8,point
2025-08-10 07:30:00 PM,20.9,83.5,21.5,18.0,point
2025-08-10 08:00:00 PM,20.7,82.2,21.0,17.5,point
2025-08-10 08:30:00 PM,20.9,82.9,21.5,17.9,point
2025-08-10 09:00:00 PM,16.4,70.3,15.7,11.0,point
2025-08-10 09:30:00 PM,8.9,67.5,8.4,3.2,point
2025-08-10 10:00:00 PM,5.8,79.0,5.6,2.4,point
2025-08-10 10:30:00 PM,5.2,81.2,5.0,2.2,point
2025-08-10 11:00:00 PM,5.0,83.4,5.0,2.4,point
2025-08-10 11:30:00 PM,4.9,84.3,4.9,2.5,point
2025-08-11 12:00:00 AM,5.0,85.1,4.9,2.7,point
2025-08-11 12:30:00 AM,5.0,85.5,4.9,2.7,point
2025-08-11 01:00:00 AM,4.9,85.0,4.9,2.6,point
2025-08-11 01:30:00 AM,4.8,85.3,4.8,2.5,point
2025-08-11 02:00:00 AM,4.9,85.4,4.9,2.7,point
2025-08-11 02:30:00 AM,5.0,85.9,4.9,2.8,point
2025-08-11 03:00:00 AM,5.3,87.1,5.3,3.4,point
2025-08-11 03:30:00 AM,4.8,86.0,4.7,2.6,point
2025-08-11 04:00:00 AM,4.5,85.1,4.4,2.2,point
2025-08-11 04:30:00 AM,4.9,87.8,4.8,3.0,point
2025-08-11 05:00:00 AM,4.9,87.0,4.8,2.9,point
2025-08-11 05:30:00 AM,4.5,86.3,4.5,2.4,point
2025-08-11 06:00:00 AM,4.6,86.3,4.5,2.5,point
2025-08-11 06:30:00 AM,4.8,87.5,4.7,2.9,point
2025-08-11 07:00:00 AM,4.8,87.3,4.8,2.9,point
2025-08-11 07:30:00 AM,4.7,87.0,4.6,2.7,point
2025-08-11 08:00:00 AM,8.4,94.5,8.6,7.6,point
2025-08-11 08:30:00 AM,16.1,100.0,16.7,16.1,point
2025-08-11 09:00:00 AM,19.8,91.9,20.5,18.5,point
2025-08-11 09:30:00 AM,20.2,86.5,20.8,17.9,point
2025-08-11 10:00:00 AM,20.5,84.8,21.0,17.9,point
2025-08-11 10:30:00 AM,20.5,85.0,21.0,17.9,point
2025-08-11 11:00:00 AM,20.6,84.7,21.0,17.9,point
2025-08-11 11:30:00 AM,20.8,84.5,21.3,18.0,point
2025-08-11 12:00:00 PM,20.6,84.4,21.2,17.9,point
2025-08-11 12:30:00 PM,20.9,84.3,21.4,18.1,point
2025-08-11 01:00:00 PM,20.9,84.6,21.4,18.2,point
2025-08-11 01:30:00 PM,20.6,83.0,21.1,17.6,point
2025-08-11 02:00:00 PM,20.7,83.5,21.3,17.8,point
2025-08-11 02:30:00 PM,20.8,84.4,21.4,18.1,point
2025-08-11 03:00:00 PM,20.5,83.5,21.0,17.6,point
2025-08-11 03:30:00 PM,20.6,83.0,21.1,17.6,point
2025-08-11 04:00:00 PM,20.6,82.8,21.0,17.5,point
2025-08-11 04:30:00 PM,21.2,82.7,21.8,18.1,point
2025-08-11 05:00:00 PM,21.3,82.2,21.9,18.2,point
2025-08-11 05:30:00 PM,20.9,82.6,21.5,17.9,point
2025-08-11 06:00:00 PM,21.1,81.2,21.7,17.8,point
2025-08-11 06:30:00 PM,21.2,83.3,21.9,18.2,point
2025-08-11 07:00:00 PM,21.0,82.5,21.5,17.9,point
2025-08-11 07:30:00 PM,20.9,82.2,21.3,17.7,point
2025-08-11 08:00:00 PM,21.0,81.7,21.5,17.8,point
2025-08-11 08:30:00 PM,21.0,80.9,21.4,17.6,point
2025-08-11 09:00:00 PM,17.1,69.4,16.4,11.5,point
2025-08-11 09:30:00 PM,8.5,67.0,7.9,2.7,point
2025-08-11 10:00:00 PM,5.6,78.4,5.4,2.1,point
2025-08-11 10:30:00 PM,6.9,83.1,6.9,4.3,point
2025-08-11 11:00:00 PM,5.6,82.2,5.4,2.8,point
2025-08-11 11:30:00 PM,5.3,83.1,5.2,2.6,point
2025-08-12 12:00:00 AM,5.2,82.9,5.2,2.5,point
2025-08-12 12:30:00 AM,4.9,83.0,4.8,2.2,point
2025-08-12 01:00:00 AM,4.9,84.3,4.9,2.5,point
2025-08-12 01:30:00 AM,5.2,84.9,5.2,2.9,point
2025-08-12 02:00:00 AM,5.1,84.9,5.1,2.8,point
2025-08-12 02:30:00 AM,4.8,85.4,4.8,2.6,point
2025-08-12 03:00:00 AM,5.1,85.3,5.1,2.8,point
2025-08-12 03:30:00 AM,4.8,85.0,4.8,2.5,point
2025-08-12 04:00:00 AM,5.1,85.7,5.1,2.9,point
2025-08-12 04:30:00 AM,5.1,85.4,5.0,2.8,point
2025-08-12 05:00:00 AM,5.0,85.7,5.0,2.8,point
2025-08-12 05:30:00 AM,4.9,84.2,4.8,2.4,point
2025-08-12 06:00:00 AM,5.0,83.8,4.9,2.5,point
2025-08-12 06:30:00 AM,5.0,84.6,5.0,2.7,point
2025-08-12 07:00:00 AM,5.0,84.6,5.0,2.6,point
2025-08-12 07:30:00 AM,5.2,85.4,5.1,2.9,point
2025-08-12 08:00:00 AM,8.9,95.6,9.0,8.2,point
2025-08-12 08:30:00 AM,15.1,100.0,15.7,15.1,point
2025-08-12 09:00:00 AM,20.0,88.0,20.4,17.9,point
2025-08-12 09:30:00 AM,20.6,84.6,21.2,17.9,point
2025-08-12 10:00:00 AM,20.9,83.8,21.4,18.0,point
2025-08-12 10:30:00 AM,21.2,83.4,21.8,18.2,point
2025-08-12 11:00:00 AM,21.2,82.8,21.8,18.1,point
2025-08-12 11:30:00 AM,20.9,82.5,21.4,17.8,point
2025-08-12 12:00:00 PM,19.7,85.2,19.9,17.1,point
2025-08-12 12:30:00 PM,21.7,82.5,22.4,18.6,point
2025-08-12 01:00:00 PM,21.7,83.0,22.4,18.7,point
2025-08-12 01:30:00 PM,21.9,83.0,22.6,18.9,point
2025-08-12 02:00:00 PM,22.0,82.5,22.9,18.9,point
2025-08-12 02:30:00 PM,21.9,82.8,22.7,18.9,point
2025-08-12 03:00:00 PM,21.6,82.0,22.3,18.4,point
2025-08-12 03:30:00 PM,21.5,82.2,22.2,18.4,point
2025-08-12 04:00:00 PM,21.5,81.9,22.0,18.2,point
2025-08-12 04:30:00 PM,21.7,81.8,22.3,18.4,point
2025-08-12 05:00:00 PM,21.8,81.8,22.5,18.6,point
2025-08-12 05:30:00 PM,21.6,79.6,22.2,17.9,point
2025-08-12 06:00:00 PM,21.5,80.0,22.0,17.9,point
2025-08-12 06:30:00 PM,22.7,88.1,23.9,20.6,point
2025-08-12 07:00:00 PM,21.5,79.3,22.0,17.8,point
2025-08-12 07:30:00 PM,21.3,79.5,21.9,17.6,point
2025-08-12 08:00:00 PM,21.8,80.7,22.4,18.3,point
2025-08-12 08:30:00 PM,21.6,81.8,22.3,18.4,point
2025-08-12 09:00:00 PM,17.5,71.4,16.9,12.3,point
2025-08-12 09:30:00 PM,10.2,64.0,9.6,3.7,point
2025-08-12 10:00:00 PM,6.8,75.0,6.5,2.6,point
2025-08-12 10:30:00 PM,6.1,78.2,6.0,2.6,point
2025-08-12 11:00:00 PM,6.0,80.1,5.8,2.8,point
2025-08-12 11:30:00 PM,5.7,81.0,5.6,2.7,point
2025-08-13 12:00:00 AM,5.8,81.9,5.6,2.9,point
2025-08-13 12:30:00 AM,5.8,82.0,5.6,3.0,point
2025-08-13 01:00:00 AM,5.8,83.2,5.7,3.1,point
2025-08-13 01:30:00 AM,5.6,82.3,5.5,2.8,point
2025-08-13 02:00:00 AM,5.7,82.8,5.7,3.0,point
2025-08-13 02:30:00 AM,5.7,82.8,5.7,3.0,point
2025-08-13 03:00:00 AM,5.7,82.5,5.6,3.0,point
2025-08-13 03:30:00 AM,5.7,83.1,5.7,3.1,point
2025-08-13 04:00:00 AM,5.5,83.1,5.5,2.9,point
2025-08-13 04:30:00 AM,5.5,82.9,5.4,2.8,point
2025-08-13 05:00:00 AM,5.3,82.4,5.2,2.6,point
2025-08-13 05:30:00 AM,5.5,81.6,5.3,2.6,point
2025-08-13 06:00:00 AM,5.7,84.4,5.6,3.3,point
2025-08-13 06:30:00 AM,5.5,83.0,5.5,2.9,point
2025-08-13 07:00:00 AM,5.6,84.0,5.6,3.1,point
2025-08-13 07:30:00 AM,5.5,83.2,5.4,2.9,point
2025-08-13 08:00:00 AM,8.8,94.6,8.9,7.9,point
2025-08-13 08:30:00 AM,14.8,100.0,15.5,14.8,point
2025-08-13 09:00:00 AM,21.3,88.5,22.0,19.3,point
2025-08-13 09:30:00 AM,21.3,83.2,21.9,18.3,point
2025-08-13 10:00:00 AM,21.7,83.6,22.4,18.8,point
2025-08-13 10:30:00 AM,21.7,83.4,22.4,18.7,point
2025-08-13 11:00:00 AM,21.7,82.7,22.5,18.6,point
2025-08-13 11:30:00 AM,21.8,82.4,22.5,18.7,point
2025-08-13 12:00:00 PM,22.0,83.3,22.9,19.1,point
2025-08-13 12:30:00 PM,21.9,82.9,22.6,18.9,point
2025-08-13 01:00:00 PM,21.9,83.3,22.8,18.9,point
2025-08-13 01:30:00 PM,22.1,82.4,22.8,18.9,point
2025-08-13 02:00:00 PM,21.9,82.4,22.5,18.7,point
2025-08-13 02:30:00 PM,22.1,83.0,22.9,19.0,point
2025-08-13 03:00:00 PM,21.9,82.3,22.5,18.7,point
2025-08-13 03:30:00 PM,21.8,81.9,22.4,18.5,point
2025-08-13 04:00:00 PM,21.5,80.3,22.2,18.0,point
2025-08-13 04:30:00 PM,21.6,81.3,22.3,18.3,point
2025-08-13 05:00:00 PM,21.6,80.4,22.3,18.1,point
2025-08-13 05:30:00 PM,21.8,81.6,22.4,18.4,point
2025-08-13 06:00:00 PM,21.8,80.2,22.4,18.2,point
2025-08-13 06:30:00 PM,21.9,81.1,22.6,18.5,point
2025-08-13 07:00:00 PM,21.8,82.0,22.4,18.6,point
2025-08-13 07:30:00 PM,21.5,79.5,22.0,17.8,point
2025-08-13 08:00:00 PM,22.0,82.2,22.8,18.8,point
2025-08-13 08:30:00 PM,21.8,81.5,22.4,18.4,point
2025-08-13 09:00:00 PM,17.2,70.6,16.5,11.8,point
2025-08-13 09:30:00 PM,10.5,65.3,9.9,4.3,point
2025-08-13 10:00:00 PM,7.0,75.1,6.7,2.8,point
2025-08-13 10:30:00 PM,6.3,78.5,6.0,2.8,point
2025-08-13 11:00:00 PM,6.0,80.0,5.9,2.9,point
2025-08-13 11:30:00 PM,6.0,81.4,5.8,3.0,point
2025-08-14 12:00:00 AM,5.9,81.8,5.8,3.0,point
2025-08-14 12:30:00 AM,5.8,81.1,5.6,2.8,point
2025-08-14 01:00:00 AM,5.7,82.5,5.6,2.9,point
2025-08-14 01:30:00 AM,5.8,83.0,5.8,3.2,point
2025-08-14 02:00:00 AM,5.8,82.7,5.7,3.0,point
2025-08-14 02:30:00 AM,5.4,81.6,5.3,2.5,point
2025-08-14 03:00:00 AM,5.7,82.1,5.6,2.9,point
2025-08-14 03:30:00 AM,5.4,82.6,5.4,2.7,point
2025-08-14 04:00:00 AM,5.6,83.6,5.5,3.0,point
2025-08-14 04:30:00 AM,5.6,83.0,5.6,3.0,point
2025-08-14 05:00:00 AM,5.4,82.7,5.4,2.7,point
2025-08-14 05:30:00 AM,5.4,81.6,5.2,2.5,point
2025-08-14 06:00:00 AM,5.7,83.5,5.6,3.1,point
2025-08-14 06:30:00 AM,5.6,81.9,5.5,2.8,point
2025-08-14 07:00:00 AM,5.7,84.6,5.6,3.3,point
2025-08-14 07:30:00 AM,5.9,83.8,5.8,3.4,point
2025-08-14 08:00:00 AM,8.7,94.2,8.9,7.8,point
2025-08-14 08:30:00 AM,15.1,100.0,15.8,15.1,point
2025-08-14 09:00:00 AM,20.9,89.6,21.6,19.1,point
2025-08-14 09:30:00 AM,21.2,84.6,21.9,18.5,point
2025-08-14 10:00:00 AM,21.4,83.5,22.1,18.5,point
2025-08-14 10:30:00 AM,21.7,83.4,22.5,18.8,point
2025-08-14 11:00:00 AM,21.7,83.4,22.4,18.8,point
2025-08-14 11:30:00 AM,21.6,82.5,22.2,18.5,point
2025-08-14 12:00:00 PM,21.7,83.2,22.5,18.7,point
2025-08-14 12:30:00 PM,21.9,83.1,22.6,18.9,point
2025-08-14 01:00:00 PM,21.7,82.8,22.5,18.6,point
2025-08-14 01:30:00 PM,21.1,82.1,21.7,17.9,point
2025-08-14 02:00:00 PM,21.6,83.9,22.3,18.7,point
2025-08-14 02:30:00 PM,21.3,81.7,21.9,18.1,point
2025-08-14 03:00:00 PM,21.1,82.6,21.8,18.0,point
2025-08-14 03:30:00 PM,21.3,83.5,21.9,18.4,point
2025-08-14 04:00:00 PM,21.1,83.6,21.8,18.2,point
2025-08-14 04:30:00 PM,20.6,81.2,20.9,17.2,point
2025-08-14 05:00:00 PM,21.1,82.7,21.6,18.0,point
2025-08-14 05:30:00 PM,21.0,83.1,21.5,18.0,point
2025-08-14 06:00:00 PM,20.6,83.1,21.1,17.6,point
2025-08-14 06:30:00 PM,20.9,82.2,21.3,17.7,point
2025-08-14 07:00:00 PM,21.1,82.5,21.7,18.0,point
2025-08-14 07:30:00 PM,20.8,82.3,21.3,17.7,point
2025-08-14 08:00:00 PM,20.7,82.3,21.0,17.5,point
2025-08-14 08:30:00 PM,20.8,82.0,21.2,17.6,point
2025-08-14 09:00:00 PM,19.4,68.2,18.9,13.4,point
2025-08-14 09:30:00 PM,10.7,62.9,10.0,3.9,point
2025-08-14 10:00:00 PM,7.1,74.5,6.9,2.9,point
2025-08-14 10:30:00 PM,6.1,77.6,6.0,2.5,point
2025-08-14 11:00:00 PM,5.9,79.7,5.7,2.6,point
2025-08-14 11:30:00 PM,5.8,81.5,5.7,2.9,point
2025-08-15 12:00:00 AM,5.7,81.3,5.6,2.8,point
2025-08-15 12:30:00 AM,5.6,81.4,5.4,2.7,point
2025-08-15 01:00:00 AM,5.5,82.1,5.4,2.7,point
2025-08-15 01:30:00 AM,5.4,80.9,5.3,2.4,point
2025-08-15 02:00:00 AM,5.5,82.2,5.3,2.7,point
2025-08-15 02:30:00 AM,5.5,83.0,5.4,2.8,point
2025-08-15 03:00:00 AM,5.3,82.2,5.1,2.5,point
2025-08-15 03:30:00 AM,5.3,83.5,5.3,2.8,point
2025-08-15 04:00:00 AM,5.4,83.5,5.3,2.8,point
2025-08-15 04:30:00 AM,5.3,83.5,5.3,2.8,point
2025-08-15 05:00:00 AM,5.5,83.9,5.5,3.0,point
2025-08-15 05:30:00 AM,5.3,83.2,5.3,2.7,point
2025-08-15 06:00:00 AM,5.5,83.9,5.5,3.0,point
2025-08-15 06:30:00 AM,5.2,83.5,5.2,2.7,point
2025-08-15 07:00:00 AM,5.4,84.3,5.4,3.0,point
2025-08-15 07:30:00 AM,5.4,83.1,5.4,2.8,point
2025-08-15 08:00:00 AM,8.2,93.0,8.3,7.1,point
2025-08-15 08:30:00 AM,15.6,100.0,16.2,15.6,point
2025-08-15 09:00:00 AM,20.6,95.1,21.4,19.8,point
2025-08-15 09:30:00 AM,20.4,86.0,20.9,18.0,point
2025-08-15 10:00:00 AM,20.7,84.8,21.3,18.1,point
2025-08-15 10:30:00 AM,20.7,85.8,21.3,18.3,point
2025-08-15 11:00:00 AM,20.9,84.2,21.4,18.1,point
2025-08-15 11:30:00 AM,20.8,83.4,21.3,17.9,point
2025-08-15 12:00:00 PM,20.6,84.3,21.1,17.9,point
2025-08-15 12:30:00 PM,20.8,84.4,21.3,18.1,point
2025-08-15 01:00:00 PM,21.0,83.6,21.5,18.1,point
2025-08-15 01:30:00 PM,20.8,84.3,21.3,18.0,point
2025-08-15 02:00:00 PM,20.7,84.0,21.1,17.9,point
2025-08-15 02:30:00 PM,21.1,83.7,21.6,18.2,point
2025-08-15 03:00:00 PM,20.9,82.9,21.4,17.9,point
2025-08-15 03:30:00 PM,21.0,84.0,21.6,18.2,point
2025-08-15 04:00:00 PM,19.8,84.4,20.1,17.1,point
2025-08-15 04:30:00 PM,19.8,84.8,20.1,17.1,point
2025-08-15 05:00:00 PM,19.6,85.1,19.9,17.0,point
2025-08-15 05:30:00 PM,19.7,86.8,20.2,17.5,point
2025-08-15 06:00:00 PM,19.7,86.2,20.1,17.4,point
2025-08-15 06:30:00 PM,19.8,87.9,20.3,17.8,point
2025-08-15 07:00:00 PM,19.8,86.6,20.3,17.5,point
2025-08-15 07:30:00 PM,19.5,85.4,19.8,17.0,point
2025-08-15 08:00:00 PM,19.6,87.0,20.0,17.4,point
2025-08-15 08:30:00 PM,19.6,86.0,19.9,17.2,point
2025-08-15 09:00:00 PM,17.5,73.9,17.0,12.8,point
2025-08-15 09:30:00 PM,10.7,67.1,10.1,4.9,point
2025-08-15 10:00:00 PM,5.9,78.3,5.7,2.4,point
2025-08-15 10:30:00 PM,5.7,82.4,5.5,2.9,point
2025-08-15 11:00:00 PM,5.3,82.9,5.2,2.6,point
2025-08-15 11:30:00 PM,5.4,83.2,5.4,2.8,point
2025-08-16 12:00:00 AM,5.3,84.6,5.3,2.9,point
2025-08-16 12:30:00 AM,5.3,85.2,5.2,3.0,point
2025-08-16 01:00:00 AM,5.1,85.1,5.0,2.8,point
2025-08-16 01:30:00 AM,5.1,85.7,5.0,2.9,point
2025-08-16 02:00:00 AM,5.0,86.1,5.0,2.9,point
2025-08-16 02:30:00 AM,4.9,84.4,4.9,2.5,point
2025-08-16 03:00:00 AM,4.8,85.2,4.8,2.6,point
2025-08-16 03:30:00 AM,5.0,86.5,5.0,2.9,point
2025-08-16 04:00:00 AM,4.9,84.7,4.8,2.5,point
2025-08-16 04:30:00 AM,4.8,85.2,4.8,2.5,point
2025-08-16 05:00:00 AM,4.9,84.8,4.9,2.6,point
2025-08-16 05:30:00 AM,5.0,85.7,4.9,2.8,point
2025-08-16 06:00:00 AM,4.9,85.6,4.8,2.7,point
2025-08-16 06:30:00 AM,4.7,85.4,4.7,2.5,point
2025-08-16 07:00:00 AM,4.9,85.8,4.8,2.7,point
2025-08-16 07:30:00 AM,5.0,85.4,4.9,2.7,point
2025-08-16 08:00:00 AM,8.6,96.6,8.8,8.0,point
2025-08-16 08:30:00 AM,14.1,99.0,14.6,13.9,point
2025-08-16 09:00:00 AM,20.0,96.3,20.8,19.4,point
2025-08-16 09:30:00 AM,20.0,87.8,20.4,17.9,point
2025-08-16 10:00:00 AM,19.8,88.1,20.2,17.8,point
2025-08-16 10:30:00 AM,20.3,88.2,20.8,18.2,point
2025-08-16 11:00:00 AM,19.8,87.8,20.2,17.7,point
2025-08-16 11:30:00 AM,19.6,88.5,20.1,17.7,point
2025-08-16 12:00:00 PM,19.9,88.1,20.4,17.9,point
2025-08-16 12:30:00 PM,19.5,88.0,19.9,17.5,point
2025-08-16 01:00:00 PM,19.8,87.7,20.3,17.7,point
2025-08-16 01:30:00 PM,19.6,87.0,20.0,17.4,point
2025-08-16 02:00:00 PM,20.1,87.2,20.6,17.9,point
2025-08-16 02:30:00 PM,20.4,87.8,21.0,18.3,point
2025-08-16 03:00:00 PM,19.8,87.6,20.3,17.7,point
2025-08-16 03:30:00 PM,19.7,87.0,20.0,17.5,point
2025-08-16 04:00:00 PM,19.7,87.3,20.2,17.6,point
2025-08-16 04:30:00 PM,21.6,85.1,22.4,19.0,point
2025-08-16 05:00:00 PM,21.9,91.0,23.0,20.4,point
2025-08-16 05:30:00 PM,19.8,85.5,20.2,17.3,point
2025-08-16 06:00:00 PM,19.6,86.4,20.0,17.3,point
2025-08-16 06:30:00 PM,19.7,87.2,20.2,17.5,point
2025-08-16 07:00:00 PM,19.6,86.6,19.9,17.3,point
2025-08-16 07:30:00 PM,19.4,85.4,19.7,16.9,point
2025-08-16 08:00:00 PM,19.6,86.0,19.8,17.2,point
2025-08-16 08:30:00 PM,19.7,87.3,20.0,17.5,point
2025-08-16 09:00:00 PM,17.2,72.6,16.6,12.2,point
2025-08-16 09:30:00 PM,10.4,67.5,9.7,4.6,point
2025-08-16 10:00:00 PM,5.9,78.1,5.7,2.3,point
2025-08-16 10:30:00 PM,5.3,82.5,5.3,2.6,point
2025-08-16 11:00:00 PM,5.4,83.3,5.4,2.8,point
2025-08-16 11:30:00 PM,5.2,84.5,5.2,2.8,point
2025-08-17 12:00:00 AM,5.1,83.7,5.1,2.6,point
2025-08-17 12:30:00 AM,5.0,84.2,5.0,2.6,point
2025-08-17 01:00:00 AM,4.8,85.5,4.8,2.6,point
2025-08-17 01:30:00 AM,4.8,85.6,4.8,2.6,point
2025-08-17 02:00:00 AM,4.8,85.6,4.8,2.6,point
2025-08-17 02:30:00 AM,5.0,85.8,4.9,2.8,point
2025-08-17 03:00:00 AM,4.7,84.8,4.7,2.4,point
2025-08-17 03:30:00 AM,4.8,85.8,4.7,2.6,point
2025-08-17 04:00:00 AM,4.8,86.0,4.7,2.6,point
2025-08-17 04:30:00 AM,4.8,85.7,4.7,2.6,point
2025-08-17 05:00:00 AM,4.7,86.5,4.6,2.6,point
2025-08-17 05:30:00 AM,4.7,85.7,4.7,2.5,point
2025-08-17 06:00:00 AM,4.8,86.3,4.7,2.7,point
2025-08-17 06:30:00 AM,4.7,86.1,4.6,2.6,point
2025-08-17 07:00:00 AM,4.8,86.6,4.8,2.8,point
2025-08-17 07:30:00 AM,4.6,84.7,4.6,2.3,point
2025-08-17 08:00:00 AM,8.3,96.7,8.6,7.8,point
2025-08-17 08:30:00 AM,15.3,100.0,16.0,15.3,point
2025-08-17 09:00:00 AM,20.3,99.8,21.3,20.3,point
2025-08-17 09:30:00 AM,20.5,87.8,21.1,18.4,point
2025-08-17 10:00:00 AM,20.3,87.6,20.8,18.2,point
2025-08-17 10:30:00 AM,20.1,87.7,20.5,17.9,point
2025-08-17 11:00:00 AM,19.9,87.8,20.4,17.9,point
2025-08-17 11:30:00 AM,19.8,87.8,20.3,17.8,point
2025-08-17 12:00:00 PM,19.9,87.7,20.4,17.8,point
2025-08-17 12:30:00 PM,19.7,86.5,20.0,17.4,point
2025-08-17 01:00:00 PM,20.3,88.2,20.9,18.3,point
2025-08-17 01:30:00 PM,20.1,87.9,20.5,18.0,point
2025-08-17 02:00:00 PM,19.8,86.3,20.2,17.4,point
2025-08-17 02:30:00 PM,19.8,87.2,20.2,17.6,point
2025-08-17 03:00:00 PM,19.9,87.1,20.4,17.7,point
2025-08-17 03:30:00 PM,20.2,87.5,20.8,18.1,point
2025-08-17 04:00:00 PM,19.9,87.1,20.4,17.7,point
2025-08-17 04:30:00 PM,19.9,87.0,20.3,17.7,point
2025-08-17 05:00:00 PM,19.9,87.2,20.4,17.7,point
2025-08-17 05:30:00 PM,19.8,85.3,20.1,17.2,point
2025-08-17 06:00:00 PM,19.8,86.8,20.3,17.6,point
2025-08-17 06:30:00 PM,19.6,86.4,19.9,17.2,point
2025-08-17 07:00:00 PM,20.2,87.4,20.6,18.0,point
2025-08-17 07:30:00 PM,20.2,85.9,20.5,17.7,point
2025-08-17 08:00:00 PM,19.8,86.3,20.2,17.4,point
2025-08-17 08:30:00 PM,19.8,86.7,20.2,17.5,point
2025-08-17 09:00:00 PM,17.4,74.5,16.9,12.9,point
2025-08-17 09:30:00 PM,10.8,67.6,10.2,5.0,point
2025-08-17 10:00:00 PM,5.9,76.9,5.7,2.2,point
2025-08-17 10:30:00 PM,5.6,81.7,5.4,2.7,point
2025-08-17 11:00:00 PM,5.5,83.4,5.4,2.9,point
2025-08-17 11:30:00 PM,5.4,83.3,5.3,2.8,point
2025-08-18 12:00:00 AM,5.2,84.2,5.2,2.8,point
2025-08-18 12:30:00 AM,5.1,85.0,5.0,2.8,point
2025-08-18 01:00:00 AM,5.2,85.6,5.2,3.0,point
2025-08-18 01:30:00 AM,5.0,85.0,5.0,2.7,point
2025-08-18 02:00:00 AM,4.9,86.0,4.9,2.8,point
2025-08-18 02:30:00 AM,4.9,85.7,4.8,2.7,point
2025-08-18 03:00:00 AM,5.0,85.6,4.9,2.8,point
2025-08-18 03:30:00 AM,4.9,86.2,4.9,2.8,point
2025-08-18 04:00:00 AM,4.9,86.3,4.8,2.8,point
2025-08-18 04:30:00 AM,5.0,86.8,5.0,3.0,point
2025-08-18 05:00:00 AM,4.7,86.4,4.6,2.6,point
2025-08-18 05:30:00 AM,4.8,85.8,4.7,2.6,point
2025-08-18 06:00:00 AM,4.7,86.2,4.6,2.6,point
2025-08-18 06:30:00 AM,4.8,86.4,4.7,2.7,point
2025-08-18 07:00:00 AM,4.7,86.2,4.7,2.6,point
2025-08-18 07:30:00 AM,4.9,86.6,4.9,2.9,point
2025-08-18 08:00:00 AM,8.4,96.5,8.6,7.9,point
2025-08-18 08:30:00 AM,14.8,100.0,15.5,14.8,point
2025-08-18 09:00:00 AM,20.8,95.1,21.6,20.0,point
2025-08-18 09:30:00 AM,20.8,88.0,21.4,18.7,point
2025-08-18 10:00:00 AM,20.0,88.3,20.6,18.0,point
2025-08-18 10:30:00 AM,19.6,87.2,20.0,17.5,point
2025-08-18 11:00:00 AM,20.1,88.5,20.7,18.2,point
2025-08-18 11:30:00 AM,20.6,88.7,21.3,18.7,point
2025-08-18 12:00:00 PM,19.6,87.1,20.0,17.4,point
2025-08-18 12:30:00 PM,19.8,87.9,20.2,17.7,point
2025-08-18 01:00:00 PM,19.9,87.2,20.4,17.7,point
2025-08-18 01:30:00 PM,19.7,86.1,20.1,17.3,point
2025-08-18 02:00:00 PM,20.0,87.5,20.5,17.9,point
2025-08-18 02:30:00 PM,20.2,87.7,20.6,18.1,point
2025-08-18 03:00:00 PM,20.1,86.9,20.6,17.9,point
2025-08-18 03:30:00 PM,19.9,87.2,20.3,17.7,point
2025-08-18 04:00:00 PM,19.8,86.8,20.3,17.6,point
2025-08-18 04:30:00 PM,19.8,87.2,20.2,17.6,point
2025-08-18 05:00:00 PM,19.6,86.3,20.0,17.3,point
2025-08-18 05:30:00 PM,20.1,86.2,20.5,17.7,point
2025-08-18 06:00:00 PM,20.0,85.9,20.4,17.6,point
2025-08-18 06:30:00 PM,20.2,86.5,20.6,17.8,point
2025-08-18 07:00:00 PM,20.2,86.8,20.8,17.9,point
2025-08-18 07:30:00 PM,19.9,85.8,20.3,17.5,point
2025-08-18 08:00:00 PM,20.0,85.3,20.3,17.4,point
2025-08-18 08:30:00 PM,19.8,84.0,20.0,17.0,point
2025-08-18 09:00:00 PM,17.5,72.0,16.9,12.4,point
2025-08-18 09:30:00 PM,11.4,65.9,10.7,5.2,point
2025-08-18 10:00:00 PM,5.7,77.4,5.6,2.1,point
2025-08-18 10:30:00 PM,5.7,81.0,5.6,2.7,point
2025-08-18 11:00:00 PM,6.0,80.6,5.9,2.9,point
2025-08-18 11:30:00 PM,5.8,81.9,5.7,3.0,point
2025-08-19 12:00:00 AM,5.6,82.5,5.5,2.8,point
2025-08-19 12:30:00 AM,5.5,83.5,5.5,3.0,point
2025-08-19 01:00:00 AM,5.6,83.8,5.6,3.1,point
2025-08-19 01:30:00 AM,5.4,83.7,5.4,2.9,point
2025-08-19 02:00:00 AM,5.4,84.5,5.4,3.0,point
2025-08-19 02:30:00 AM,5.1,83.7,5.1,2.6,point
2025-08-19 03:00:00 AM,5.1,84.4,5.1,2.7,point
2025-08-19 03:30:00 AM,5.3,85.3,5.3,3.0,point
2025-08-19 04:00:00 AM,5.4,85.4,5.4,3.1,point
2025-08-19 04:30:00 AM,5.1,85.2,5.1,2.9,point
2025-08-19 05:00:00 AM,5.2,85.6,5.2,3.0,point
2025-08-19 05:30:00 AM,5.3,84.6,5.3,3.0,point
2025-08-19 06:00:00 AM,5.2,85.0,5.2,2.9,point
2025-08-19 06:30:00 AM,5.3,84.4,5.2,2.9,point
2025-08-19 07:00:00 AM,5.3,84.9,5.2,3.0,point
2025-08-19 07:30:00 AM,5.3,85.2,5.3,3.0,point
2025-08-19 08:00:00 AM,8.5,95.7,8.6,7.8,point
2025-08-19 08:30:00 AM,15.4,100.0,16.0,15.4,point
2025-08-19 09:00:00 AM,19.6,97.8,20.4,19.2,point
2025-08-19 09:30:00 AM,19.9,88.3,20.5,17.9,point
2025-08-19 10:00:00 AM,19.8,86.3,20.3,17.5,point
2025-08-19 10:30:00 AM,20.1,86.2,20.4,17.7,point
2025-08-19 11:00:00 AM,20.2,86.9,20.6,17.9,point
2025-08-19 11:30:00 AM,20.2,85.9,20.5,17.7,point
2025-08-19 12:00:00 PM,20.2,85.0,20.5,17.6,point
2025-08-19 12:30:00 PM,20.3,85.5,20.7,17.8,point
2025-08-19 01:00:00 PM,21.0,84.9,21.5,18.3,point
2025-08-19 01:30:00 PM,20.7,85.6,21.2,18.2,point
2025-08-19 02:00:00 PM,20.9,83.2,21.4,17.9,point
2025-08-19 02:30:00 PM,22.4,82.7,23.3,19.3,point
2025-08-19 03:00:00 PM,21.6,81.1,22.3,18.2,point
2025-08-19 03:30:00 PM,22.2,82.2,23.0,19.0,point
2025-08-19 04:00:00 PM,20.8,81.0,21.3,17.4,point
2025-08-19 04:30:00 PM,20.7,81.9,21.2,17.5,point
2025-08-19 05:00:00 PM,20.8,83.8,21.4,18.0,point
2025-08-19 05:30:00 PM,20.8,83.2,21.4,17.9,point
2025-08-19 06:00:00 PM,20.9,81.6,21.3,17.6,point
2025-08-19 06:30:00 PM,20.6,82.3,20.9,17.5,point
2025-08-19 07:00:00 PM,20.8,82.7,21.4,17.8,point
2025-08-19 07:30:00 PM,21.0,82.5,21.4,17.9,point
2025-08-19 08:00:00 PM,21.1,81.6,21.7,17.8,point
2025-08-19 08:30:00 PM,20.7,82.5,21.0,17.6,point
2025-08-19 09:00:00 PM,19.8,68.1,19.5,13.8,point
2025-08-19 09:30:00 PM,10.1,64.5,9.5,3.8,point
2025-08-19 10:00:00 PM,6.3,75.2,6.0,2.2,point
2025-08-19 10:30:00 PM,5.7,80.4,5.5,2.5,point
2025-08-19 11:00:00 PM,5.4,82.0,5.3,2.6,point
2025-08-19 11:30:00 PM,5.3,83.2,5.2,2.7,point
2025-08-20 12:00:00 AM,5.2,83.8,5.1,2.6,point
2025-08-20 12:30:00 AM,5.2,84.0,5.2,2.7,point
2025-08-20 01:00:00 AM,5.2,84.2,5.1,2.7,point
2025-08-20 01:30:00 AM,5.1,83.9,5.0,2.6,point
2025-08-20 02:00:00 AM,5.2,85.2,5.1,2.9,point
2025-08-20 02:30:00 AM,5.0,85.2,5.0,2.8,point
2025-08-20 03:00:00 AM,5.0,85.3,5.0,2.8,point
2025-08-20 03:30:00 AM,5.1,85.3,5.0,2.8,point
2025-08-20 04:00:00 AM,4.9,85.1,4.9,2.6,point
2025-08-20 04:30:00 AM,5.0,85.6,5.0,2.8,point
2025-08-20 05:00:00 AM,4.9,84.8,4.9,2.6,point
2025-08-20 05:30:00 AM,5.1,85.5,5.1,2.9,point
2025-08-20 06:00:00 AM,5.0,85.8,5.0,2.8,point
2025-08-20 06:30:00 AM,5.2,86.0,5.2,3.1,point
2025-08-20 07:00:00 AM,5.2,84.9,5.1,2.8,point
2025-08-20 07:30:00 AM,5.1,85.2,5.1,2.8,point
2025-08-20 08:00:00 AM,8.6,96.1,8.9,8.0,point
2025-08-20 08:30:00 AM,15.3,100.0,15.9,15.3,point
2025-08-20 09:00:00 AM,21.5,91.8,22.5,20.1,point
2025-08-20 09:30:00 AM,21.0,86.0,21.5,18.5,point
2025-08-20 10:00:00 AM,21.1,85.5,21.8,18.6,point
2025-08-20 10:30:00 AM,20.8,84.5,21.4,18.1,point
2025-08-20 11:00:00 AM,20.9,84.3,21.4,18.1,point
2025-08-20 11:30:00 AM,20.6,84.3,21.0,17.8,point
2025-08-20 12:00:00 PM,20.6,84.6,21.2,18.0,point
2025-08-20 12:30:00 PM,20.4,85.0,20.9,17.8,point
2025-08-20 01:00:00 PM,20.3,83.7,20.8,17.5,point
2025-08-20 01:30:00 PM,20.8,84.5,21.3,18.0,point
2025-08-20 02:00:00 PM,20.8,84.3,21.3,18.0,point
2025-08-20 02:30:00 PM,20.6,83.1,21.1,17.7,point
2025-08-20 03:00:00 PM,20.6,82.9,21.1,17.6,point
2025-08-20 03:30:00 PM,20.9,83.2,21.4,17.9,point
2025-08-20 04:00:00 PM,20.8,83.3,21.4,17.9,point
2025-08-20 04:30:00 PM,20.6,82.4,20.9,17.5,point
2025-08-20 05:00:00 PM,20.7,82.3,21.2,17.6,point
2025-08-20 05:30:00 PM,21.3,83.8,22.0,18.5,point
2025-08-20 06:00:00 PM,20.8,81.2,21.2,17.4,point
2025-08-20 06:30:00 PM,20.9,81.3,21.4,17.6,point
2025-08-20 07:00:00 PM,20.9,81.3,21.4,17.6,point
2025-08-20 07:30:00 PM,20.8,81.7,21.2,17.5,point
2025-08-20 08:00:00 PM,20.5,82.0,20.9,17.3,point
2025-08-20 08:30:00 PM,20.6,81.9,20.9,17.4,point
2025-08-20 09:00:00 PM,20.2,67.6,20.0,14.0,point
2025-08-20 09:30:00 PM,10.2,64.5,9.5,3.8,point
2025-08-20 10:00:00 PM,6.3,75.1,6.1,2.2,point
2025-08-20 10:30:00 PM,5.7,80.0,5.5,2.5,point
2025-08-20 11:00:00 PM,5.4,82.3,5.3,2.7,point
2025-08-20 11:30:00 PM,5.3,82.6,5.3,2.6,point
2025-08-21 12:00:00 AM,5.3,82.5,5.2,2.5,point
2025-08-21 12:30:00 AM,5.1,83.0,5.0,2.5,point
2025-08-21 01:00:00 AM,5.1,84.0,5.1,2.6,point
2025-08-21 01:30:00 AM,5.2,84.6,5.2,2.9,point
2025-08-21 02:00:00 AM,5.0,84.2,5.0,2.6,point
2025-08-21 02:30:00 AM,5.3,85.3,5.2,3.0,point
2025-08-21 03:00:00 AM,5.0,83.9,4.9,2.5,point
2025-08-21 03:30:00 AM,5.2,84.6,5.2,2.8,point
2025-08-21 04:00:00 AM,5.0,85.0,5.0,2.7,point
2025-08-21 04:30:00 AM,4.9,83.9,4.8,2.4,point
2025-08-21 05:00:00 AM,5.3,85.9,5.2,3.1,point
2025-08-21 05:30:00 AM,5.2,85.8,5.2,3.1,point
2025-08-21 06:00:00 AM,5.2,85.9,5.2,3.0,point
2025-08-21 06:30:00 AM,4.9,84.2,4.9,2.5,point
2025-08-21 07:00:00 AM,5.2,85.9,5.1,3.0,point
2025-08-21 07:30:00 AM,5.2,85.4,5.1,2.9,point
2025-08-21 08:00:00 AM,8.6,95.8,8.9,8.0,point
2025-08-21 08:30:00 AM,15.1,100.0,15.8,15.1,point
2025-08-21 09:00:00 AM,21.6,92.5,22.6,20.3,point
2025-08-21 09:30:00 AM,21.0,86.1,21.6,18.6,point
2025-08-21 10:00:00 AM,21.3,84.9,22.0,18.7,point
2025-08-21 10:30:00 AM,21.0,84.4,21.6,18.3,point
2025-08-21 11:00:00 AM,21.2,84.8,21.9,18.5,point
2025-08-21 11:30:00 AM,20.9,84.0,21.4,18.1,point
2025-08-21 12:00:00 PM,20.5,82.6,21.0,17.4,point
2025-08-21 12:30:00 PM,20.8,84.2,21.3,18.0,point
2025-08-21 01:00:00 PM,20.7,82.8,21.1,17.6,point
2025-08-21 01:30:00 PM,20.7,82.8,21.1,17.6,point
2025-08-21 02:00:00 PM,20.7,83.4,21.3,17.8,point
2025-08-21 02:30:00 PM,20.4,83.2,20.9,17.5,point
2025-08-21 03:00:00 PM,20.8,82.3,21.2,17.6,point
2025-08-21 03:30:00 PM,20.7,82.7,21.3,17.7,point
2025-08-21 04:00:00 PM,20.4,82.5,20.8,17.3,point
2025-08-21 04:30:00 PM,20.6,82.9,21.0,17.6,point
2025-08-21 05:00:00 PM,20.6,82.5,21.0,17.5,point
2025-08-21 05:30:00 PM,20.7,83.4,21.3,17.8,point
2025-08-21 06:00:00 PM,20.6,83.0,21.1,17.6,point
2025-08-21 06:30:00 PM,20.6,83.0,21.0,17.6,point
2025-08-21 07:00:00 PM,20.5,82.1,20.9,17.3,point
2025-08-21 07:30:00 PM,21.0,82.6,21.6,17.9,point
2025-08-21 08:00:00 PM,20.9,82.7,21.5,17.9,point
2025-08-21 08:30:00 PM,20.4,81.0,20.8,17.1,point
2025-08-21 09:00:00 PM,20.1,67.5,19.7,13.8,point
2025-08-21 09:30:00 PM,10.4,64.9,9.7,4.0,point
2025-08-21 10:00:00 PM,6.4,76.1,6.2,2.5,point
2025-08-21 10:30:00 PM,5.9,81.7,5.7,3.0,point
2025-08-21 11:00:00 PM,5.6,82.5,5.5,2.9,point
2025-08-21 11:30:00 PM,5.3,82.2,5.2,2.5,point
2025-08-22 12:00:00 AM,5.2,83.5,5.2,2.7,point
2025-08-22 12:30:00 AM,5.5,85.2,5.5,3.2,point
2025-08-22 01:00:00 AM,5.3,84.3,5.3,2.9,point
2025-08-22 01:30:00 AM,5.2,84.6,5.2,2.8,point
2025-08-22 02:00:00 AM,5.3,84.8,5.3,3.0,point
2025-08-22 02:30:00 AM,5.2,84.7,5.2,2.9,point
2025-08-22 03:00:00 AM,5.1,84.7,5.1,2.8,point
2025-08-22 03:30:00 AM,5.2,85.2,5.2,2.9,point
2025-08-22 04:00:00 AM,5.2,84.5,5.1,2.8,point
2025-08-22 04:30:00 AM,5.2,85.5,5.2,3.0,point
2025-08-22 05:00:00 AM,5.3,85.5,5.3,3.1,point
2025-08-22 05:30:00 AM,5.2,86.0,5.2,3.0,point
2025-08-22 06:00:00 AM,5.0,85.1,5.0,2.7,point
2025-08-22 06:30:00 AM,5.4,86.5,5.4,3.3,point
2025-08-22 07:00:00 AM,5.2,86.0,5.2,3.1,point
2025-08-22 07:30:00 AM,5.1,84.9,5.1,2.8,point
2025-08-22 08:00:00 AM,8.3,93.5,8.4,7.3,point
2025-08-22 08:30:00 AM,15.3,100.0,15.9,15.3,point
2025-08-22 09:00:00 AM,21.3,93.5,22.2,20.2,point
2025-08-22 09:30:00 AM,20.6,85.5,21.2,18.1,point
2025-08-22 10:00:00 AM,20.8,84.9,21.3,18.1,point
2025-08-22 10:30:00 AM,20.8,83.1,21.3,17.8,point
2025-08-22 11:00:00 AM,20.7,84.5,21.3,18.0,point
2025-08-22 11:30:00 AM,20.6,83.4,21.1,17.7,point
2025-08-22 12:00:00 PM,20.7,83.5,21.1,17.8,point
2025-08-22 12:30:00 PM,20.9,83.7,21.4,18.0,point
2025-08-22 01:00:00 PM,21.0,83.6,21.6,18.1,point
2025-08-22 01:30:00 PM,21.5,84.0,22.1,18.7,point
2025-08-22 02:00:00 PM,20.5,82.7,20.9,17.4,point
2025-08-22 02:30:00 PM,21.0,84.0,21.5,18.2,point
2025-08-22 03:00:00 PM,22.0,81.0,22.8,18.6,point
2025-08-22 03:30:00 PM,22.7,79.9,23.6,19.1,point
2025-08-22 04:00:00 PM,22.3,80.6,23.0,18.8,point
2025-08-22 04:30:00 PM,23.0,80.2,23.9,19.4,point
2025-08-22 05:00:00 PM,22.6,80.7,23.5,19.1,point
2025-08-22 05:30:00 PM,22.7,81.2,23.6,19.4,point
2025-08-22 06:00:00 PM,21.9,80.4,22.5,18.4,point
2025-08-22 06:30:00 PM,22.9,80.4,23.8,19.3,point
2025-08-22 07:00:00 PM,22.5,80.8,23.2,19.0,point
2025-08-22 07:30:00 PM,22.1,80.4,22.9,18.6,point
2025-08-22 08:00:00 PM,22.2,80.6,23.0,18.7,point
2025-08-22 08:30:00 PM,22.0,81.2,22.8,18.6,point
2025-08-22 09:00:00 PM,18.9,69.6,18.2,13.2,point
2025-08-22 09:30:00 PM,9.5,68.0,9.0,3.9,point
2025-08-22 10:00:00 PM,5.9,77.2,5.8,2.2,point
2025-08-22 10:30:00 PM,5.2,81.7,5.1,2.3,point
2025-08-22 11:00:00 PM,5.1,83.8,5.0,2.5,point
2025-08-22 11:30:00 PM,4.9,83.4,4.8,2.3,point
2025-08-23 12:00:00 AM,4.9,84.8,4.8,2.5,point
2025-08-23 12:30:00 AM,5.0,85.0,4.9,2.7,point
2025-08-23 01:00:00 AM,4.8,85.3,4.8,2.6,point
2025-08-23 01:30:00 AM,4.5,83.5,4.5,2.0,point
2025-08-23 02:00:00 AM,5.2,87.1,5.2,3.2,point
2025-08-23 02:30:00 AM,4.8,86.2,4.8,2.7,point
2025-08-23 03:00:00 AM,4.9,86.2,4.8,2.8,point
2025-08-23 03:30:00 AM,4.9,86.6,4.8,2.8,point
2025-08-23 04:00:00 AM,5.0,86.8,4.9,3.0,point
2025-08-23 04:30:00 AM,4.8,86.1,4.8,2.7,point
2025-08-23 05:00:00 AM,4.8,85.4,4.8,2.6,point
2025-08-23 05:30:00 AM,5.2,87.5,5.1,3.3,point
2025-08-23 06:00:00 AM,4.8,85.8,4.7,2.6,point
2025-08-23 06:30:00 AM,4.9,85.8,4.9,2.8,point
2025-08-23 07:00:00 AM,5.1,87.7,5.1,3.2,point
2025-08-23 07:30:00 AM,5.0,86.8,4.9,2.9,point
2025-08-23 08:00:00 AM,8.4,94.7,8.5,7.6,point
2025-08-23 08:30:00 AM,15.9,99.9,16.5,15.9,point
2025-08-23 09:00:00 AM,20.9,96.0,21.9,20.3,point
2025-08-23 09:30:00 AM,21.8,85.5,22.5,19.2,point
2025-08-23 10:00:00 AM,21.9,82.8,22.6,18.8,point
2025-08-23 10:30:00 AM,21.7,82.8,22.5,18.6,point
2025-08-23 11:00:00 AM,22.2,82.6,23.1,19.1,point
2025-08-23 11:30:00 AM,21.8,82.8,22.5,18.7,point
2025-08-23 12:00:00 PM,22.3,81.7,23.1,19.0,point
2025-08-23 12:30:00 PM,22.5,81.7,23.4,19.2,point
2025-08-23 01:00:00 PM,22.4,80.6,23.1,18.9,point
2025-08-23 01:30:00 PM,21.9,80.1,22.6,18.4,point
2025-08-23 02:00:00 PM,22.3,81.8,23.0,19.0,point
2025-08-23 02:30:00 PM,22.4,80.8,23.2,19.0,point
2025-08-23 03:00:00 PM,22.5,80.9,23.4,19.1,point
2025-08-23 03:30:00 PM,22.4,80.3,23.1,18.8,point
2025-08-23 04:00:00 PM,22.4,80.7,23.2,18.9,point
2025-08-23 04:30:00 PM,22.1,81.2,22.9,18.8,point
2025-08-23 05:00:00 PM,22.6,80.4,23.5,19.1,point
2025-08-23 05:30:00 PM,22.4,80.6,23.1,18.9,point
2025-08-23 06:00:00 PM,22.3,79.8,23.0,18.6,point
2025-08-23 06:30:00 PM,22.3,80.9,23.1,18.9,point
2025-08-23 07:00:00 PM,22.0,79.7,22.6,18.3,point
2025-08-23 07:30:00 PM,22.0,79.6,22.7,18.3,point
2025-08-23 08:00:00 PM,22.0,80.4,22.6,18.4,point
2025-08-23 08:30:00 PM,22.1,81.0,22.8,18.6,point
2025-08-23 09:00:00 PM,19.5,68.2,19.1,13.5,point
2025-08-23 09:30:00 PM,9.8,66.0,9.3,3.8,point
2025-08-23 10:00:00 PM,6.2,77.6,6.0,2.6,point
2025-08-23 10:30:00 PM,5.5,81.2,5.4,2.6,point
2025-08-23 11:00:00 PM,5.2,83.6,5.2,2.7,point
2025-08-23 11:30:00 PM,5.2,83.0,5.1,2.5,point
2025-08-24 12:00:00 AM,5.2,84.4,5.2,2.8,point
2025-08-24 12:30:00 AM,5.1,83.5,5.1,2.6,point
2025-08-24 01:00:00 AM,5.3,85.6,5.2,3.1,point
2025-08-24 01:30:00 AM,5.2,85.5,5.2,3.0,point
2025-08-24 02:00:00 AM,5.2,86.8,5.2,3.2,point
2025-08-24 02:30:00 AM,5.2,85.7,5.2,3.0,point
2025-08-24 03:00:00 AM,5.2,85.6,5.1,2.9,point
2025-08-24 03:30:00 AM,5.0,86.1,5.0,2.9,point
2025-08-24 04:00:00 AM,5.2,86.9,5.2,3.2,point
2025-08-24 04:30:00 AM,5.3,86.3,5.3,3.2,point
2025-08-24 05:00:00 AM,5.2,86.1,5.2,3.1,point
2025-08-24 05:30:00 AM,5.2,87.7,5.2,3.3,point
2025-08-24 06:00:00 AM,5.0,86.5,4.9,2.9,point
2025-08-24 06:30:00 AM,5.1,85.9,5.0,2.9,point
2025-08-24 07:00:00 AM,5.1,86.7,5.0,3.0,point
2025-08-24 07:30:00 AM,5.1,86.5,5.1,3.0,point
2025-08-24 08:00:00 AM,8.5,96.2,8.7,7.9,point
2025-08-24 08:30:00 AM,15.0,100.0,15.6,15.0,point
2025-08-24 09:00:00 AM,20.6,91.9,21.3,19.2,point
2025-08-24 09:30:00 AM,21.3,84.3,22.0,18.6,point
2025-08-24 10:00:00 AM,21.6,83.5,22.4,18.7,point
2025-08-24 10:30:00 AM,21.4,83.0,22.0,18.4,point
2025-08-24 11:00:00 AM,21.7,82.6,22.4,18.6,point
2025-08-24 11:30:00 AM,21.9,82.5,22.6,18.8,point
2025-08-24 12:00:00 PM,21.9,82.4,22.5,18.8,point
2025-08-24 12:30:00 PM,22.0,81.9,22.6,18.8,point
2025-08-24 01:00:00 PM,21.8,81.5,22.5,18.5,point
2025-08-24 01:30:00 PM,21.8,81.5,22.5,18.5,point
2025-08-24 02:00:00 PM,22.0,80.6,22.6,18.5,point
2025-08-24 02:30:00 PM,21.9,79.7,22.6,18.2,point
2025-08-24 03:00:00 PM,21.8,80.5,22.4,18.3,point
2025-08-24 03:30:00 PM,21.9,79.3,22.6,18.2,point
2025-08-24 04:00:00 PM,22.4,80.1,23.1,18.8,point
2025-08-24 04:30:00 PM,22.2,79.9,23.0,18.6,point
2025-08-24 05:00:00 PM,22.1,79.6,22.9,18.4,point
2025-08-24 05:30:00 PM,22.3,78.5,22.9,18.4,point
2025-08-24 06:00:00 PM,22.1,79.1,22.8,18.3,point
2025-08-24 06:30:00 PM,22.1,79.0,22.8,18.3,point
2025-08-24 07:00:00 PM,22.2,78.9,23.0,18.4,point
2025-08-24 07:30:00 PM,22.1,79.0,22.7,18.2,point
2025-08-24 08:00:00 PM,21.9,79.3,22.6,18.2,point
2025-08-24 08:30:00 PM,21.8,79.2,22.5,18.1,point
2025-08-24 09:00:00 PM,19.1,65.5,18.4,12.5,point
2025-08-24 09:30:00 PM,9.9,64.3,9.3,3.5,point
2025-08-24 10:00:00 PM,6.4,77.4,6.1,2.7,point
2025-08-24 10:30:00 PM,5.5,79.5,5.3,2.2,point
2025-08-24 11:00:00 PM,5.3,82.2,5.2,2.5,point
2025-08-24 11:30:00 PM,5.3,83.0,5.3,2.6,point
2025-08-25 12:00:00 AM,5.0,83.4,5.0,2.5,point
2025-08-25 12:30:00 AM,5.0,83.5,4.9,2.4,point
2025-08-25 01:00:00 AM,5.2,86.0,5.2,3.1,point
2025-08-25 01:30:00 AM,5.0,85.1,4.9,2.7,point
2025-08-25 02:00:00 AM,5.2,85.7,5.1,3.0,point
2025-08-25 02:30:00 AM,5.2,85.7,5.1,3.0,point
2025-08-25 03:00:00 AM,5.1,85.7,5.0,2.9,point
2025-08-25 03:30:00 AM,5.1,85.8,5.1,2.9,point
2025-08-25 04:00:00 AM,5.0,86.4,4.9,2.9,point
2025-08-25 04:30:00 AM,5.0,85.1,5.0,2.7,point
2025-08-25 05:00:00 AM,4.9,84.8,4.8,2.5,point
2025-08-25 05:30:00 AM,5.1,86.7,5.0,3.0,point
2025-08-25 06:00:00 AM,4.8,86.0,4.8,2.7,point
2025-08-25 06:30:00 AM,5.0,86.7,5.0,3.0,point
2025-08-25 07:00:00 AM,4.8,86.3,4.8,2.7,point
2025-08-25 07:30:00 AM,5.0,86.8,5.0,3.0,point
2025-08-25 08:00:00 AM,8.6,96.3,8.9,8.1,point
2025-08-25 08:30:00 AM,15.5,100.0,16.1,15.5,point
2025-08-25 09:00:00 AM,20.5,96.6,21.4,20.0,point
2025-08-25 09:30:00 AM,21.9,84.5,22.8,19.2,point
2025-08-25 10:00:00 AM,22.2,82.9,23.1,19.2,point
2025-08-25 10:30:00 AM,22.5,82.6,23.5,19.4,point
2025-08-25 11:00:00 AM,22.4,81.4,23.2,19.1,point
2025-08-25 11:30:00 AM,21.9,81.1,22.5,18.5,point
2025-08-25 12:00:00 PM,22.5,81.6,23.2,19.2,point
2025-08-25 12:30:00 PM,22.1,80.5,22.9,18.6,point
2025-08-25 01:00:00 PM,22.1,79.9,22.9,18.5,point
2025-08-25 01:30:00 PM,22.6,80.4,23.3,19.0,point
2025-08-25 02:00:00 PM,22.4,79.9,23.1,18.7,point
2025-08-25 02:30:00 PM,22.4,80.6,23.1,18.9,point
2025-08-25 03:00:00 PM,22.3,80.5,23.1,18.8,point
2025-08-25 03:30:00 PM,22.3,80.1,23.0,18.7,point
2025-08-25 04:00:00 PM,22.6,79.6,23.3,18.9,point
2025-08-25 04:30:00 PM,22.6,81.0,23.5,19.2,point
2025-08-25 05:00:00 PM,21.7,81.2,22.3,18.3,point
2025-08-25 05:30:00 PM,21.6,81.9,22.3,18.4,point
2025-08-25 06:00:00 PM,21.7,81.8,22.3,18.4,point
2025-08-25 06:30:00 PM,21.8,80.2,22.5,18.2,point
2025-08-25 07:00:00 PM,21.6,81.0,22.3,18.2,point
2025-08-25 07:30:00 PM,21.6,80.9,22.2,18.1,point
2025-08-25 08:00:00 PM,21.9,81.4,22.6,18.6,point
2025-08-25 08:30:00 PM,21.8,81.3,22.5,18.5,point
2025-08-25 09:00:00 PM,20.1,68.2,19.9,14.1,point
2025-08-25 09:30:00 PM,11.4,64.1,10.6,4.8,point
2025-08-25 10:00:00 PM,6.4,76.7,6.1,2.6,point
2025-08-25 10:30:00 PM,5.0,84.4,4.9,2.5,point
2025-08-25 11:00:00 PM,4.9,83.2,4.9,2.3,point
2025-08-25 11:30:00 PM,4.9,84.5,4.9,2.5,point
2025-08-26 12:00:00 AM,4.7,85.2,4.7,2.5,point
2025-08-26 12:30:00 AM,4.9,87.2,4.8,2.9,point
2025-08-26 01:00:00 AM,4.4,85.2,4.3,2.1,point
2025-08-26 01:30:00 AM,4.6,87.0,4.6,2.6,point
2025-08-26 02:00:00 AM,4.5,86.9,4.5,2.5,point
2025-08-26 02:30:00 AM,4.6,86.0,4.5,2.4,point
2025-08-26 03:00:00 AM,4.5,85.9,4.4,2.3,point
2025-08-26 03:30:00 AM,4.9,87.3,4.8,3.0,point
2025-08-26 04:00:00 AM,4.8,86.2,4.7,2.7,point
2025-08-26 04:30:00 AM,4.8,87.4,4.7,2.9,point
2025-08-26 05:00:00 AM,4.7,87.0,4.6,2.7,point
2025-08-26 05:30:00 AM,4.7,87.3,4.6,2.8,point
2025-08-26 06:00:00 AM,4.6,87.5,4.6,2.8,point
2025-08-26 06:30:00 AM,4.4,86.6,4.4,2.4,point
2025-08-26 07:00:00 AM,4.5,87.0,4.4,2.5,point
2025-08-26 07:30:00 AM,5.0,88.7,4.9,3.2,point
2025-08-26 08:00:00 AM,8.4,97.1,8.6,7.9,point
2025-08-26 08:30:00 AM,15.3,100.0,16.0,15.3,point
2025-08-26 09:00:00 AM,19.1,100.0,19.9,19.1,point
2025-08-26 09:30:00 AM,19.5,89.1,20.0,17.7,point
2025-08-26 10:00:00 AM,19.8,88.7,20.2,17.8,point
2025-08-26 10:30:00 AM,19.9,88.5,20.5,17.9,point
2025-08-26 11:00:00 AM,20.0,87.9,20.5,17.9,point
2025-08-26 11:30:00 AM,20.0,88.0,20.4,17.9,point
2025-08-26 12:00:00 PM,20.0,87.4,20.5,17.9,point
2025-08-26 12:30:00 PM,20.0,88.2,20.4,18.0,point
2025-08-26 01:00:00 PM,19.9,87.7,20.3,17.8,point
2025-08-26 01:30:00 PM,20.0,86.6,20.5,17.7,point
2025-08-26 02:00:00 PM,20.1,87.0,20.5,17.8,point
2025-08-26 02:30:00 PM,20.2,87.5,20.6,18.0,point
2025-08-26 03:00:00 PM,19.9,86.5,20.4,17.6,point
2025-08-26 03:30:00 PM,20.0,87.0,20.5,17.8,point
2025-08-26 04:00:00 PM,19.9,86.8,20.4,17.6,point
2025-08-26 04:30:00 PM,20.4,87.8,20.9,18.3,point
2025-08-26 05:00:00 PM,20.0,86.5,20.4,17.7,point
2025-08-26 05:30:00 PM,19.8,86.1,20.1,17.4,point
2025-08-26 06:00:00 PM,20.0,86.3,20.3,17.6,point
2025-08-26 06:30:00 PM,19.9,86.0,20.2,17.5,point
2025-08-26 07:00:00 PM,19.8,85.6,20.2,17.4,point
2025-08-26 07:30:00 PM,19.9,85.6,20.2,17.4,point
2025-08-26 08:00:00 PM,19.9,86.6,20.4,17.6,point
2025-08-26 08:30:00 PM,20.2,88.0,20.6,18.1,point
2025-08-26 09:00:00 PM,16.2,74.2,15.6,11.6,point
2025-08-26 09:30:00 PM,8.8,68.8,8.4,3.5,point
2025-08-26 10:00:00 PM,5.4,79.2,5.2,2.0,point
2025-08-26 10:30:00 PM,5.3,84.7,5.3,2.9,point
2025-08-26 11:00:00 PM,5.2,86.0,5.2,3.1,point
2025-08-26 11:30:00 PM,4.8,85.6,4.8,2.6,point
2025-08-27 12:00:00 AM,5.0,87.0,4.9,3.0,point
2025-08-27 12:30:00 AM,4.8,86.6,4.8,2.8,point
2025-08-27 01:00:00 AM,4.7,87.0,4.7,2.7,point
2025-08-27 01:30:00 AM,4.6,86.5,4.6,2.6,point
2025-08-27 02:00:00 AM,4.8,87.2,4.8,2.9,point
2025-08-27 02:30:00 AM,4.8,87.8,4.8,3.0,point
2025-08-27 03:00:00 AM,4.8,87.2,4.8,2.9,point
2025-08-27 03:30:00 AM,4.8,86.8,4.7,2.8,point
2025-08-27 04:00:00 AM,4.9,87.8,4.8,3.0,point
2025-08-27 04:30:00 AM,4.9,87.1,4.9,3.0,point
2025-08-27 05:00:00 AM,4.8,87.8,4.8,3.0,point
2025-08-27 05:30:00 AM,4.4,86.2,4.4,2.3,point
2025-08-27 06:00:00 AM,4.7,87.1,4.6,2.7,point
2025-08-27 06:30:00 AM,4.9,88.3,4.9,3.1,point
2025-08-27 07:00:00 AM,4.6,86.6,4.6,2.6,point
2025-08-27 07:30:00 AM,5.0,87.7,4.9,3.1,point
2025-08-27 08:00:00 AM,8.6,97.7,8.9,8.3,point
2025-08-27 08:30:00 AM,15.4,100.0,16.0,15.4,point
2025-08-27 09:00:00 AM,18.6,99.9,19.5,18.6,point
2025-08-27 09:30:00 AM,19.3,89.9,19.7,17.6,point
2025-08-27 10:00:00 AM,19.3,88.0,19.7,17.3,point
2025-08-27 10:30:00 AM,19.6,88.2,19.9,17.6,point
2025-08-27 11:00:00 AM,19.6,88.2,19.9,17.6,point
2025-08-27 11:30:00 AM,19.6,88.1,20.0,17.6,point
2025-08-27 12:00:00 PM,19.6,87.2,19.9,17.4,point
2025-08-27 12:30:00 PM,19.7,87.9,20.2,17.7,point
2025-08-27 01:00:00 PM,19.7,85.8,20.1,17.3,point
2025-08-27 01:30:00 PM,19.9,88.0,20.4,17.9,point
2025-08-27 02:00:00 PM,20.0,88.2,20.5,18.0,point
2025-08-27 02:30:00 PM,20.0,86.9,20.5,17.8,point
2025-08-27 03:00:00 PM,19.9,86.0,20.2,17.4,point
2025-08-27 03:30:00 PM,19.8,87.0,20.3,17.6,point
2025-08-27 04:00:00 PM,19.9,86.9,20.4,17.7,point
2025-08-27 04:30:00 PM,20.0,86.3,20.4,17.7,point
2025-08-27 05:00:00 PM,19.9,87.0,20.4,17.7,point
2025-08-27 05:30:00 PM,20.0,86.2,20.3,17.6,point
2025-08-27 06:00:00 PM,20.0,86.7,20.5,17.7,point
2025-08-27 06:30:00 PM,20.1,85.2,20.5,17.6,point
2025-08-27 07:00:00 PM,20.1,86.8,20.6,17.8,point
2025-08-27 07:30:00 PM,20.0,85.6,20.4,17.5,point
2025-08-27 08:00:00 PM,19.9,86.5,20.4,17.6,point
2025-08-27 08:30:00 PM,19.8,86.5,20.2,17.5,point
2025-08-27 09:00:00 PM,16.1,72.0,15.4,11.0,point
2025-08-27 09:30:00 PM,9.4,67.7,8.9,3.8,point
2025-08-27 10:00:00 PM,5.9,78.7,5.7,2.5,point
2025-08-27 10:30:00 PM,5.1,82.9,5.1,2.4,point
2025-08-27 11:00:00 PM,5.1,84.8,5.0,2.7,point
2025-08-27 11:30:00 PM,4.9,86.6,4.9,2.9,point
2025-08-28 12:00:00 AM,4.5,86.2,4.5,2.4,point
2025-08-28 12:30:00 AM,4.5,86.3,4.5,2.4,point
2025-08-28 01:00:00 AM,4.8,86.9,4.7,2.8,point
2025-08-28 01:30:00 AM,4.7,87.3,4.6,2.8,point
2025-08-28 02:00:00 AM,4.9,88.2,4.8,3.1,point
2025-08-28 02:30:00 AM,4.4,87.5,4.4,2.5,point
2025-08-28 03:00:00 AM,4.7,88.0,4.6,2.9,point
2025-08-28 03:30:00 AM,4.4,86.9,4.4,2.4,point
2025-08-28 04:00:00 AM,4.6,87.5,4.6,2.7,point
2025-08-28 04:30:00 AM,4.8,88.0,4.8,3.0,point
2025-08-28 05:00:00 AM,4.7,86.4,4.6,2.6,point
2025-08-28 05:30:00 AM,4.6,87.8,4.6,2.8,point
2025-08-28 06:00:00 AM,4.4,87.2,4.3,2.5,point
2025-08-28 06:30:00 AM,4.9,88.5,4.9,3.2,point
2025-08-28 07:00:00 AM,4.7,87.7,4.6,2.8,point
2025-08-28 07:30:00 AM,4.9,88.5,4.9,3.2,point
2025-08-28 08:00:00 AM,8.2,97.1,8.5,7.8,point
2025-08-28 08:30:00 AM,14.3,100.0,14.8,14.3,point
2025-08-28 09:00:00 AM,18.8,96.7,19.5,18.3,point
2025-08-28 09:30:00 AM,19.0,88.2,19.3,17.0,point
2025-08-28 10:00:00 AM,19.2,88.1,19.5,17.2,point
2025-08-28 10:30:00 AM,19.3,87.7,19.7,17.2,point
2025-08-28 11:00:00 AM,19.4,87.2,19.8,17.2,point
2025-08-28 11:30:00 AM,19.5,87.0,19.9,17.3,point
2025-08-28 12:00:00 PM,19.4,86.6,19.7,17.1,point
2025-08-28 12:30:00 PM,19.6,86.5,19.9,17.2,point
2025-08-28 01:00:00 PM,19.5,86.6,19.9,17.2,point
2025-08-28 01:30:00 PM,19.3,85.7,19.4,16.8,point
2025-08-28 02:00:00 PM,20.3,84.5,20.8,17.6,point
2025-08-28 02:30:00 PM,20.4,84.2,20.8,17.6,point
2025-08-28 03:00:00 PM,20.3,84.2,20.8,17.6,point
2025-08-28 03:30:00 PM,20.5,84.3,21.0,17.8,point
2025-08-28 04:00:00 PM,20.5,84.1,21.0,17.7,point
2025-08-28 04:30:00 PM,20.4,84.1,20.8,17.6,point
2025-08-28 05:00:00 PM,20.5,84.2,21.0,17.8,point
2025-08-28 05:30:00 PM,20.3,84.3,20.6,17.5,point
2025-08-28 06:00:00 PM,20.5,84.3,21.0,17.8,point
2025-08-28 06:30:00 PM,20.4,83.8,20.8,17.6,point
2025-08-28 07:00:00 PM,20.4,84.2,20.9,17.6,point
2025-08-28 07:30:00 PM,20.6,83.8,21.1,17.8,point
2025-08-28 08:00:00 PM,21.0,83.5,21.5,18.1,point
2025-08-28 08:30:00 PM,20.9,83.4,21.4,17.9,point
2025-08-28 09:00:00 PM,20.2,79.3,20.4,16.5,point
2025-08-28 09:30:00 PM,10.2,65.8,9.6,4.1,point
2025-08-28 10:00:00 PM,6.5,79.6,6.3,3.2,point
2025-08-28 10:30:00 PM,5.6,81.6,5.4,2.7,point
2025-08-28 11:00:00 PM,5.6,84.0,5.6,3.1,point
2025-08-28 11:30:00 PM,5.3,84.3,5.3,2.9,point
2025-08-29 12:00:00 AM,5.4,85.8,5.4,3.2,point
2025-08-29 12:30:00 AM,5.3,85.2,5.3,3.0,point
2025-08-29 01:00:00 AM,5.3,84.6,5.3,2.9,point
2025-08-29 01:30:00 AM,5.0,84.5,4.9,2.6,point
2025-08-29 02:00:00 AM,5.1,85.3,5.0,2.8,point
2025-08-29 02:30:00 AM,5.2,85.4,5.2,3.0,point
2025-08-29 03:00:00 AM,5.0,85.4,5.0,2.8,point
2025-08-29 03:30:00 AM,5.2,86.0,5.1,3.0,point
2025-08-29 04:00:00 AM,5.1,86.0,5.1,3.0,point
2025-08-29 04:30:00 AM,5.3,86.2,5.2,3.2,point
2025-08-29 05:00:00 AM,5.3,86.4,5.3,3.2,point
2025-08-29 05:30:00 AM,5.2,86.4,5.2,3.1,point
2025-08-29 06:00:00 AM,5.1,85.5,5.0,2.9,point
2025-08-29 06:30:00 AM,5.2,85.7,5.1,3.0,point
2025-08-29 07:00:00 AM,5.1,85.7,5.1,2.9,point
2025-08-29 07:30:00 AM,5.0,85.7,5.0,2.8,point
2025-08-29 08:00:00 AM,8.6,96.6,8.8,8.0,point
2025-08-29 08:30:00 AM,14.7,100.0,15.4,14.7,point
2025-08-29 09:00:00 AM,19.6,100.0,20.6,19.6,point
2025-08-29 09:30:00 AM,19.8,89.1,20.3,18.0,point
2025-08-29 10:00:00 AM,19.9,88.9,20.5,18.0,point
2025-08-29 10:30:00 AM,19.9,88.1,20.4,17.9,point
2025-08-29 11:00:00 AM,20.0,88.1,20.4,17.9,point
2025-08-29 11:30:00 AM,20.0,87.5,20.5,17.9,point
2025-08-29 12:00:00 PM,20.1,86.6,20.6,17.8,point
2025-08-29 12:30:00 PM,20.1,87.1,20.6,17.9,point
2025-08-29 01:00:00 PM,20.2,86.3,20.6,17.8,point
2025-08-29 01:30:00 PM,20.3,86.7,20.8,18.0,point
2025-08-29 02:00:00 PM,21.4,85.3,22.0,18.8,point
2025-08-29 02:30:00 PM,19.6,87.9,19.9,17.5,point
2025-08-29 03:00:00 PM,20.3,86.5,20.8,18.0,point
2025-08-29 03:30:00 PM,20.3,85.7,20.8,17.9,point
2025-08-29 04:00:00 PM,20.3,85.5,20.7,17.8,point
2025-08-29 04:30:00 PM,22.4,82.3,23.3,19.3,point
2025-08-29 05:00:00 PM,21.2,84.3,21.9,18.4,point
2025-08-29 05:30:00 PM,20.9,82.9,21.5,17.9,point
2025-08-29 06:00:00 PM,21.1,83.8,21.8,18.3,point
2025-08-29 06:30:00 PM,21.1,84.0,21.6,18.2,point
2025-08-29 07:00:00 PM,21.2,84.6,21.9,18.5,point
2025-08-29 07:30:00 PM,20.9,83.8,21.5,18.1,point
2025-08-29 08:00:00 PM,21.0,83.2,21.6,18.1,point
2025-08-29 08:30:00 PM,20.8,83.5,21.3,17.9,point
2025-08-29 09:00:00 PM,19.4,70.1,19.0,13.9,point
2025-08-29 09:30:00 PM,10.8,65.7,10.1,4.6,point
2025-08-29 10:00:00 PM,6.4,77.3,6.2,2.7,point
2025-08-29 10:30:00 PM,5.8,81.9,5.6,3.0,point
2025-08-29 11:00:00 PM,5.3,84.5,5.3,2.9,point
2025-08-29 11:30:00 PM,5.3,85.8,5.3,3.1,point
2025-08-30 12:00:00 AM,4.8,85.9,4.8,2.6,point
2025-08-30 12:30:00 AM,4.7,86.2,4.6,2.6,point
2025-08-30 01:00:00 AM,4.7,85.7,4.6,2.5,point
2025-08-30 01:30:00 AM,5.0,87.0,4.9,3.0,point
2025-08-30 02:00:00 AM,4.9,87.0,4.8,2.9,point
2025-08-30 02:30:00 AM,4.8,87.8,4.8,3.0,point
2025-08-30 03:00:00 AM,4.7,86.7,4.6,2.6,point
2025-08-30 03:30:00 AM,4.8,87.5,4.8,3.0,point
2025-08-30 04:00:00 AM,5.2,87.5,5.2,3.3,point
2025-08-30 04:30:00 AM,4.6,86.7,4.5,2.5,point
2025-08-30 05:00:00 AM,4.9,87.8,4.8,3.0,point
2025-08-30 05:30:00 AM,4.8,87.7,4.8,3.0,point
2025-08-30 06:00:00 AM,4.9,87.5,4.9,3.0,point
2025-08-30 06:30:00 AM,5.2,87.4,5.1,3.2,point
2025-08-30 07:00:00 AM,4.6,85.7,4.6,2.4,point
2025-08-30 07:30:00 AM,5.2,88.1,5.1,3.3,point
2025-08-30 08:00:00 AM,8.7,97.2,8.9,8.2,point
2025-08-30 08:30:00 AM,15.3,100.0,15.9,15.3,point
2025-08-30 09:00:00 AM,20.1,98.1,21.0,19.7,point
2025-08-30 09:30:00 AM,20.2,86.5,20.8,17.9,point
2025-08-30 10:00:00 AM,20.2,86.1,20.7,17.8,point
2025-08-30 10:30:00 AM,20.2,85.4,20.7,17.7,point
2025-08-30 11:00:00 AM,20.6,86.5,21.3,18.3,point
2025-08-30 11:30:00 AM,20.4,85.4,20.8,17.9,point
2025-08-30 12:00:00 PM,20.4,85.4,20.8,17.9,point
2025-08-30 12:30:00 PM,20.3,84.3,20.8,17.6,point
2025-08-30 01:00:00 PM,20.2,85.3,20.7,17.6,point
2025-08-30 01:30:00 PM,20.2,84.9,20.7,17.6,point
2025-08-30 02:00:00 PM,20.2,85.2,20.7,17.6,point
2025-08-30 02:30:00 PM,20.1,83.7,20.4,17.2,point
2025-08-30 03:00:00 PM,20.5,84.8,20.9,17.8,point
2025-08-30 03:30:00 PM,20.5,85.2,20.9,17.9,point
2025-08-30 04:00:00 PM,20.1,83.4,20.5,17.2,point
2025-08-30 04:30:00 PM,20.3,84.0,20.8,17.5,point
2025-08-30 05:00:00 PM,20.6,85.2,21.2,18.1,point
2025-08-30 05:30:00 PM,20.2,83.7,20.6,17.4,point
2025-08-30 06:00:00 PM,20.7,84.5,21.3,18.0,point
2025-08-30 06:30:00 PM,20.4,83.9,20.8,17.6,point
2025-08-30 07:00:00 PM,20.1,84.0,20.5,17.3,point
2025-08-30 07:30:00 PM,20.6,85.3,21.2,18.1,point
2025-08-30 08:00:00 PM,20.4,84.0,20.9,17.7,point
2025-08-30 08:30:00 PM,20.3,83.9,20.6,17.5,point
2025-08-30 09:00:00 PM,18.8,70.5,18.2,13.3,point
2025-08-30 09:30:00 PM,10.6,64.7,10.0,4.2,point
2025-08-30 10:00:00 PM,6.3,76.8,6.0,2.5,point
2025-08-30 10:30:00 PM,5.5,81.6,5.3,2.6,point
2025-08-30 11:00:00 PM,5.0,83.1,4.9,2.4,point
2025-08-30 11:30:00 PM,4.6,84.1,4.5,2.1,point
2025-08-31 12:00:00 AM,4.6,86.2,4.5,2.5,point
2025-08-31 12:30:00 AM,4.8,86.4,4.8,2.7,point
2025-08-31 01:00:00 AM,4.9,87.0,4.8,2.9,point
2025-08-31 01:30:00 AM,4.8,86.2,4.8,2.7,point
2025-08-31 02:00:00 AM,4.8,86.2,4.8,2.7,point
2025-08-31 02:30:00 AM,4.7,86.0,4.6,2.5,point
2025-08-31 03:00:00 AM,4.9,87.2,4.9,3.0,point
2025-08-31 03:30:00 AM,4.9,86.8,4.8,2.9,point
2025-08-31 04:00:00 AM,4.5,85.4,4.5,2.3,point
2025-08-31 04:30:00 AM,4.9,86.7,4.8,2.8,point
2025-08-31 05:00:00 AM,5.0,87.5,5.0,3.1,point
2025-08-31 05:30:00 AM,4.6,86.5,4.6,2.6,point
2025-08-31 06:00:00 AM,4.6,86.0,4.6,2.5,point
2025-08-31 06:30:00 AM,4.7,85.6,4.7,2.5,point
2025-08-31 07:00:00 AM,4.9,86.6,4.9,2.9,point
2025-08-31 07:30:00 AM,4.8,85.8,4.8,2.6,point
2025-08-31 08:00:00 AM,8.5,97.4,8.7,8.1,point
2025-08-31 08:30:00 AM,15.3,100.0,15.9,15.3,point
2025-08-31 09:00:00 AM,19.8,96.5,20.6,19.3,point
2025-08-31 09:30:00 AM,20.2,87.8,20.8,18.1,point
2025-08-31 10:00:00 AM,20.3,84.8,20.7,17.6,point
2025-08-31 10:30:00 AM,20.3,85.8,20.8,17.9,point
2025-08-31 11:00:00 AM,20.8,85.7,21.4,18.3,point
2025-08-31 11:30:00 AM,20.5,84.9,21.0,17.9,point
2025-08-31 12:00:00 PM,20.6,85.4,21.2,18.1,point
2025-08-31 12:30:00 PM,20.7,85.4,21.3,18.2,point
2025-08-31 01:00:00 PM,20.5,84.6,21.0,17.9,point
2025-08-31 01:30:00 PM,20.1,83.6,20.5,17.3,point
2025-08-31 02:00:00 PM,20.2,83.8,20.6,17.4,point
2025-08-31 02:30:00 PM,20.3,84.0,20.6,17.5,point
2025-08-31 03:00:00 PM,20.4,83.7,20.9,17.6,point
2025-08-31 03:30:00 PM,20.3,84.0,20.6,17.5,point
2025-08-31 04:00:00 PM,20.3,83.5,20.8,17.4,point
2025-08-31 04:30:00 PM,20.5,84.1,20.9,17.7,point
2025-08-31 05:00:00 PM,20.3,83.5,20.6,17.4,point
2025-08-31 05:30:00 PM,20.2,83.0,20.6,17.2,point
2025-08-31 06:00:00 PM,20.2,82.9,20.5,17.2,point
2025-08-31 06:30:00 PM,20.4,83.2,20.8,17.4,point
2025-08-31 07:00:00 PM,20.2,82.9,20.6,17.3,point
2025-08-31 07:30:00 PM,20.3,82.8,20.8,17.3,point
2025-08-31 08:00:00 PM,20.4,83.5,20.9,17.5,point
2025-08-31 08:30:00 PM,20.2,83.1,20.6,17.3,point
2025-08-31 09:00:00 PM,17.9,72.5,17.2,12.8,point
2025-08-31 09:30:00 PM,10.5,65.9,9.8,4.4,point
2025-08-31 10:00:00 PM,6.4,77.2,6.1,2.7,point
2025-08-31 10:30:00 PM,5.4,81.2,5.3,2.5,point
2025-08-31 11:00:00 PM,5.1,83.6,5.0,2.5,point
2025-08-31 11:30:00 PM,4.7,84.5,4.6,2.3,point
2025-09-01 12:00:00 AM,4.5,84.4,4.4,2.1,point
2025-09-01 12:30:00 AM,4.8,85.7,4.8,2.6,point
2025-09-01 01:00:00 AM,4.7,85.7,4.7,2.5,point
2025-09-01 01:30:00 AM,4.7,86.0,4.7,2.6,point
2025-09-01 02:00:00 AM,4.8,85.3,4.7,2.5,point
2025-09-01 02:30:00 AM,4.6,86.4,4.6,2.6,point
2025-09-01 03:00:00 AM,4.7,87.2,4.7,2.8,point
2025-09-01 03:30:00 AM,4.5,86.5,4.4,2.4,point
2025-09-01 04:00:00 AM,4.5,86.7,4.5,2.5,point
2025-09-01 04:30:00 AM,4.7,87.4,4.6,2.8,point
2025-09-01 05:00:00 AM,4.6,86.4,4.5,2.5,point
2025-09-01 05:30:00 AM,4.6,86.8,4.5,2.6,point
2025-09-01 06:00:00 AM,4.7,87.1,4.6,2.7,point
2025-09-01 06:30:00 AM,4.6,86.8,4.5,2.6,point
2025-09-01 07:00:00 AM,4.6,86.3,4.5,2.5,point
2025-09-01 07:30:00 AM,4.5,87.1,4.5,2.6,point
2025-09-01 08:00:00 AM,8.1,96.9,8.4,7.7,point
2025-09-01 08:30:00 AM,14.7,100.0,15.4,14.7,point
2025-09-01 09:00:00 AM,19.5,97.4,20.3,19.1,point
2025-09-01 09:30:00 AM,20.3,87.2,20.8,18.1,point
2025-09-01 10:00:00 AM,20.1,86.1,20.5,17.7,point
2025-09-01 10:30:00 AM,20.2,85.4,20.5,17.7,point
2025-09-01 11:00:00 AM,20.2,84.7,20.7,17.6,point
2025-09-01 11:30:00 AM,20.4,85.4,20.8,17.9,point
2025-09-01 12:00:00 PM,20.3,85.9,20.8,17.9,point
2025-09-01 12:30:00 PM,20.2,84.4,20.6,17.5,point
2025-09-01 01:00:00 PM,20.3,84.8,20.8,17.7,point
2025-09-01 01:30:00 PM,20.4,85.1,20.8,17.8,point
2025-09-01 02:00:00 PM,20.4,84.6,20.9,17.8,point
2025-09-01 02:30:00 PM,20.4,84.4,20.8,17.7,point
2025-09-01 03:00:00 PM,20.4,84.2,20.8,17.6,point
2025-09-01 03:30:00 PM,20.4,85.1,20.9,17.8,point
2025-09-01 04:00:00 PM,20.5,83.7,21.0,17.7,point
2025-09-01 04:30:00 PM,20.8,83.8,21.4,18.0,point
2025-09-01 05:00:00 PM,20.8,83.3,21.4,17.9,point
2025-09-01 05:30:00 PM,20.8,83.4,21.3,17.8,point
2025-09-01 06:00:00 PM,20.8,83.3,21.3,17.8,point
2025-09-01 06:30:00 PM,20.8,83.2,21.3,17.8,point
2025-09-01 07:00:00 PM,20.9,83.4,21.4,18.0,point
2025-09-01 07:30:00 PM,20.5,83.7,20.9,17.6,point
2025-09-01 08:00:00 PM,20.6,82.9,21.1,17.6,point
2025-09-01 08:30:00 PM,20.8,83.7,21.3,17.9,point
2025-09-01 09:00:00 PM,18.4,70.2,17.7,12.9,point
2025-09-01 09:30:00 PM,9.9,65.0,9.3,3.6,point
2025-09-01 10:00:00 PM,6.0,76.9,5.9,2.3,point
2025-09-01 10:30:00 PM,5.7,80.6,5.6,2.6,point
2025-09-01 11:00:00 PM,5.4,78.4,5.2,1.9,point
2025-09-01 11:30:00 PM,5.2,83.6,5.2,2.7,point
2025-09-02 12:00:00 AM,4.9,84.3,4.9,2.5,point
2025-09-02 12:30:00 AM,4.7,83.8,4.7,2.2,point
2025-09-02 01:00:00 AM,4.8,85.2,4.7,2.5,point
2025-09-02 01:30:00 AM,4.8,85.4,4.8,2.6,point
2025-09-02 02:00:00 AM,4.9,85.3,4.8,2.6,point
2025-09-02 02:30:00 AM,5.2,85.4,5.1,2.9,point
2025-09-02 03:00:00 AM,5.0,84.9,5.0,2.7,point
2025-09-02 03:30:00 AM,5.0,83.8,4.9,2.5,point
2025-09-02 04:00:00 AM,5.0,85.2,4.9,2.7,point
2025-09-02 04:30:00 AM,5.0,85.9,4.9,2.8,point
2025-09-02 05:00:00 AM,5.1,86.5,5.0,3.0,point
2025-09-02 05:30:00 AM,5.0,85.7,4.9,2.8,point
2025-09-02 06:00:00 AM,5.0,86.2,5.0,2.9,point
2025-09-02 06:30:00 AM,5.3,86.6,5.3,3.2,point
2025-09-02 07:00:00 AM,5.2,86.3,5.2,3.1,point
2025-09-02 07:30:00 AM,4.9,85.9,4.9,2.8,point
2025-09-02 08:00:00 AM,8.2,96.4,8.4,7.6,point
2025-09-02 08:30:00 AM,15.5,100.0,16.1,15.5,point
2025-09-02 09:00:00 AM,19.2,100.0,20.1,19.2,point
2025-09-02 09:30:00 AM,19.4,89.6,19.9,17.6,point
2025-09-02 10:00:00 AM,19.5,88.3,20.0,17.5,point
2025-09-02 10:30:00 AM,19.7,88.7,20.1,17.8,point
2025-09-02 11:00:00 AM,19.2,85.6,19.4,16.7,point
2025-09-02 11:30:00 AM,19.6,86.9,19.9,17.3,point
2025-09-02 12:00:00 PM,19.7,87.5,20.0,17.5,point
2025-09-02 12:30:00 PM,19.9,87.4,20.3,17.7,point
2025-09-02 01:00:00 PM,19.5,87.1,19.8,17.3,point
2025-09-02 01:30:00 PM,19.7,87.3,20.0,17.5,point
2025-09-02 02:00:00 PM,19.8,86.6,20.2,17.5,point
2025-09-02 02:30:00 PM,19.8,86.8,20.2,17.5,point
2025-09-02 03:00:00 PM,19.7,86.5,20.2,17.4,point
2025-09-02 03:30:00 PM,19.6,85.9,19.9,17.2,point
2025-09-02 04:00:00 PM,19.5,86.0,19.8,17.1,point
2025-09-02 04:30:00 PM,19.8,86.5,20.2,17.5,point
2025-09-02 05:00:00 PM,19.6,86.0,19.9,17.2,point
2025-09-02 05:30:00 PM,19.7,85.6,20.1,17.2,point
2025-09-02 06:00:00 PM,19.7,85.4,19.9,17.2,point
2025-09-02 06:30:00 PM,19.7,84.5,19.9,17.0,point
2025-09-02 07:00:00 PM,19.5,83.8,19.8,16.7,point
2025-09-02 07:30:00 PM,19.9,84.6,20.3,17.3,point
2025-09-02 08:00:00 PM,19.6,83.8,19.9,16.8,point
2025-09-02 08:30:00 PM,19.9,84.1,20.1,17.1,point
2025-09-02 09:00:00 PM,17.8,73.8,17.2,13.1,point
2025-09-02 09:30:00 PM,10.2,67.7,9.7,4.5,point
2025-09-02 10:00:00 PM,6.6,78.1,6.3,3.0,point
2025-09-02 10:30:00 PM,6.1,81.1,6.0,3.1,point
2025-09-02 11:00:00 PM,5.8,82.7,5.7,3.1,point
2025-09-02 11:30:00 PM,5.4,83.5,5.4,2.9,point
2025-09-03 12:00:00 AM,5.4,83.9,5.4,2.9,point
2025-09-03 12:30:00 AM,5.3,84.0,5.2,2.8,point
2025-09-03 01:00:00 AM,5.1,84.2,5.1,2.7,point
2025-09-03 01:30:00 AM,4.8,84.6,4.8,2.5,point
2025-09-03 02:00:00 AM,5.0,85.5,4.9,2.8,point
2025-09-03 02:30:00 AM,5.0,85.5,5.0,2.8,point
2025-09-03 03:00:00 AM,5.1,85.6,5.0,2.9,point
2025-09-03 03:30:00 AM,4.9,85.2,4.8,2.6,point
2025-09-03 04:00:00 AM,4.9,85.5,4.9,2.7,point
2025-09-03 04:30:00 AM,4.8,85.6,4.8,2.6,point
2025-09-03 05:00:00 AM,4.8,86.8,4.8,2.8,point
2025-09-03 05:30:00 AM,4.8,86.1,4.7,2.6,point
2025-09-03 06:00:00 AM,4.8,86.7,4.7,2.8,point
2025-09-03 06:30:00 AM,4.7,86.4,4.7,2.6,point
2025-09-03 07:00:00 AM,5.0,86.2,5.0,2.9,point
2025-09-03 07:30:00 AM,4.9,85.5,4.8,2.7,point
2025-09-03 08:00:00 AM,8.3,96.4,8.6,7.8,point
2025-09-03 08:30:00 AM,14.7,100.0,15.3,14.7,point
2025-09-03 09:00:00 AM,19.4,98.6,20.3,19.2,point
2025-09-03 09:30:00 AM,19.6,89.2,20.0,17.8,point
2025-09-03 10:00:00 AM,19.6,88.7,20.1,17.7,point
2025-09-03 10:30:00 AM,19.5,88.8,20.0,17.6,point
2025-09-03 11:00:00 AM,19.4,87.7,19.8,17.3,point
2025-09-03 11:30:00 AM,19.7,88.4,20.1,17.7,point
2025-09-03 12:00:00 PM,19.6,87.5,20.0,17.5,point
2025-09-03 12:30:00 PM,19.7,87.6,20.0,17.6,point
2025-09-03 01:00:00 PM,19.8,87.5,20.2,17.6,point
2025-09-03 01:30:00 PM,19.7,87.3,20.2,17.6,point
2025-09-03 02:00:00 PM,19.5,86.4,19.9,17.2,point
2025-09-03 02:30:00 PM,19.7,87.5,20.0,17.5,point
2025-09-03 03:00:00 PM,19.9,87.2,20.3,17.7,point
2025-09-03 03:30:00 PM,19.8,86.0,20.2,17.4,point
2025-09-03 04:00:00 PM,19.2,83.5,19.4,16.4,point
2025-09-03 04:30:00 PM,20.5,91.2,21.3,19.0,point
2025-09-03 05:00:00 PM,19.5,84.8,19.8,16.9,point
2025-09-03 05:30:00 PM,19.4,85.0,19.7,16.9,point
2025-09-03 06:00:00 PM,19.2,79.4,19.2,15.6,point
2025-09-03 06:30:00 PM,19.7,86.5,20.2,17.4,point
2025-09-03 07:00:00 PM,19.8,87.2,20.2,17.6,point
2025-09-03 07:30:00 PM,19.5,85.2,19.8,16.9,point
2025-09-03 08:00:00 PM,19.7,85.8,19.9,17.2,point
2025-09-03 08:30:00 PM,19.7,85.9,19.9,17.2,point
2025-09-03 09:00:00 PM,17.4,72.5,16.8,12.4,point
2025-09-03 09:30:00 PM,10.2,67.8,9.6,4.5,point
2025-09-03 10:00:00 PM,6.4,77.3,6.2,2.7,point
2025-09-03 10:30:00 PM,5.8,81.2,5.7,2.8,point
2025-09-03 11:00:00 PM,5.4,82.0,5.3,2.6,point
2025-09-03 11:30:00 PM,5.2,83.7,5.2,2.7,point
2025-09-04 12:00:00 AM,4.9,84.6,4.9,2.6,point
2025-09-04 12:30:00 AM,5.0,85.5,4.9,2.8,point
2025-09-04 01:00:00 AM,4.9,85.5,4.8,2.7,point
2025-09-04 01:30:00 AM,4.8,85.4,4.8,2.6,point
2025-09-04 02:00:00 AM,4.9,86.2,4.9,2.8,point
2025-09-04 02:30:00 AM,4.8,85.7,4.7,2.6,point
2025-09-04 03:00:00 AM,4.9,86.1,4.8,2.8,point
2025-09-04 03:30:00 AM,5.0,86.4,4.9,2.9,point
2025-09-04 04:00:00 AM,4.8,86.5,4.7,2.7,point
2025-09-04 04:30:00 AM,5.0,86.4,5.0,2.9,point
2025-09-04 05:00:00 AM,4.9,86.5,4.9,2.9,point
2025-09-04 05:30:00 AM,4.8,85.4,4.7,2.5,point
2025-09-04 06:00:00 AM,4.5,86.0,4.5,2.4,point
2025-09-04 06:30:00 AM,4.8,86.9,4.7,2.8,point
2025-09-04 07:00:00 AM,4.9,87.2,4.9,3.0,point
2025-09-04 07:30:00 AM,4.5,86.5,4.5,2.5,point
2025-09-04 08:00:00 AM,8.0,96.9,8.2,7.5,point
2025-09-04 08:30:00 AM,14.6,100.0,15.2,14.6,point
2025-09-04 09:00:00 AM,18.9,100.0,19.7,18.9,point
2025-09-04 09:30:00 AM,19.3,90.3,19.8,17.7,point
2025-09-04 10:00:00 AM,19.3,89.3,19.7,17.5,point
2025-09-04 10:30:00 AM,19.2,87.6,19.5,17.1,point
2025-09-04 11:00:00 AM,19.3,87.3,19.7,17.2,point
2025-09-04 11:30:00 AM,20.0,86.8,20.4,17.7,point
2025-09-04 12:00:00 PM,19.6,87.8,20.0,17.6,point
2025-09-04 12:30:00 PM,19.8,88.7,20.2,17.8,point
2025-09-04 01:00:00 PM,19.8,88.0,20.3,17.8,point
2025-09-04 01:30:00 PM,19.5,87.0,19.9,17.3,point
2025-09-04 02:00:00 PM,19.4,86.5,19.8,17.1,point
2025-09-04 02:30:00 PM,19.7,88.5,20.1,17.7,point
2025-09-04 03:00:00 PM,19.6,87.5,19.9,17.4,point
2025-09-04 03:30:00 PM,19.6,87.3,20.0,17.5,point
2025-09-04 04:00:00 PM,19.8,88.1,20.2,17.8,point
2025-09-04 04:30:00 PM,19.6,87.4,19.9,17.4,point
2025-09-04 05:00:00 PM,19.4,86.8,19.8,17.2,point
2025-09-04 05:30:00 PM,20.9,83.4,21.5,18.0,point
2025-09-04 06:00:00 PM,20.9,82.1,21.4,17.7,point
2025-09-04 06:30:00 PM,21.0,82.2,21.4,17.9,point
2025-09-04 07:00:00 PM,20.9,82.3,21.3,17.8,point
2025-09-04 07:30:00 PM,21.2,82.6,21.9,18.1,point
2025-09-04 08:00:00 PM,21.1,82.3,21.7,18.0,point
2025-09-04 08:30:00 PM,21.2,82.5,21.8,18.1,point
2025-09-04 09:00:00 PM,20.2,69.7,20.0,14.5,point
2025-09-04 09:30:00 PM,10.4,64.4,9.8,4.0,point
2025-09-04 10:00:00 PM,6.5,75.0,6.3,2.5,point
2025-09-04 10:30:00 PM,5.8,80.5,5.7,2.7,point
2025-09-04 11:00:00 PM,5.4,82.9,5.4,2.7,point
2025-09-04 11:30:00 PM,5.2,83.9,5.2,2.7,point
2025-09-05 12:00:00 AM,5.1,84.0,5.0,2.6,point
2025-09-05 12:30:00 AM,5.0,84.9,4.9,2.6,point
2025-09-05 01:00:00 AM,4.8,85.2,4.8,2.6,point
2025-09-05 01:30:00 AM,5.0,85.7,4.9,2.8,point
2025-09-05 02:00:00 AM,5.0,86.2,4.9,2.9,point
2025-09-05 02:30:00 AM,5.0,86.3,4.9,2.9,point
2025-09-05 03:00:00 AM,4.7,85.3,4.7,2.5,point
2025-09-05 03:30:00 AM,4.9,86.9,4.9,2.9,point
2025-09-05 04:00:00 AM,5.0,85.4,4.9,2.8,point
2025-09-05 04:30:00 AM,4.8,86.0,4.7,2.6,point
2025-09-05 05:00:00 AM,4.7,86.6,4.6,2.6,point
2025-09-05 05:30:00 AM,4.8,86.4,4.7,2.7,point
2025-09-05 06:00:00 AM,4.6,86.0,4.6,2.5,point
2025-09-05 06:30:00 AM,4.7,87.2,4.7,2.8,point
2025-09-05 07:00:00 AM,5.0,88.1,5.0,3.2,point
2025-09-05 07:30:00 AM,4.8,86.6,4.8,2.8,point
2025-09-05 08:00:00 AM,8.2,96.5,8.4,7.6,point
2025-09-05 08:30:00 AM,14.1,100.0,14.7,14.1,point
2025-09-05 09:00:00 AM,19.8,100.0,20.7,19.8,point
2025-09-05 09:30:00 AM,20.2,88.4,20.8,18.2,point
2025-09-05 10:00:00 AM,20.3,86.8,20.8,18.0,point
2025-09-05 10:30:00 AM,20.8,86.3,21.4,18.4,point
2025-09-05 11:00:00 AM,20.7,85.7,21.2,18.2,point
2025-09-05 11:30:00 AM,20.6,85.2,21.0,18.0,point
2025-09-05 12:00:00 PM,20.8,84.7,21.3,18.1,point
2025-09-05 12:30:00 PM,20.5,84.8,21.0,17.9,point
2025-09-05 01:00:00 PM,20.8,84.8,21.4,18.2,point
2025-09-05 01:30:00 PM,21.1,84.2,21.6,18.3,point
2025-09-05 02:00:00 PM,22.1,83.3,23.0,19.2,point
2025-09-05 02:30:00 PM,21.2,83.1,21.9,18.3,point
2025-09-05 03:00:00 PM,21.9,84.7,22.6,19.2,point
2025-09-05 03:30:00 PM,20.2,85.2,20.7,17.7,point
2025-09-05 04:00:00 PM,20.3,85.9,20.7,17.9,point
2025-09-05 04:30:00 PM,20.4,85.8,20.8,17.9,point
2025-09-05 05:00:00 PM,20.8,82.9,21.3,17.8,point
2025-09-05 05:30:00 PM,21.0,86.3,21.7,18.7,point
2025-09-05 06:00:00 PM,21.4,87.2,22.1,19.1,point
2025-09-05 06:30:00 PM,20.9,86.2,21.5,18.5,point
2025-09-05 07:00:00 PM,21.0,84.4,21.6,18.3,point
2025-09-05 07:30:00 PM,21.1,85.9,21.8,18.6,point
2025-09-05 08:00:00 PM,21.0,84.8,21.5,18.3,point
2025-09-05 08:30:00 PM,20.9,85.3,21.4,18.3,point
2025-09-05 09:00:00 PM,18.1,74.0,17.5,13.4,point
2025-09-05 09:30:00 PM,10.8,66.5,10.2,4.8,point
2025-09-05 10:00:00 PM,6.5,75.7,6.3,2.6,point
2025-09-05 10:30:00 PM,5.9,81.3,5.7,2.9,point
2025-09-05 11:00:00 PM,5.7,82.6,5.6,2.9,point
2025-09-05 11:30:00 PM,5.4,83.6,5.4,2.9,point
2025-09-06 12:00:00 AM,5.4,84.4,5.4,3.0,point
2025-09-06 12:30:00 AM,5.2,85.2,5.2,2.9,point
2025-09-06 01:00:00 AM,5.3,85.6,5.3,3.1,point
2025-09-06 01:30:00 AM,5.2,85.1,5.2,2.9,point
2025-09-06 02:00:00 AM,5.1,85.2,5.1,2.8,point
2025-09-06 02:30:00 AM,5.3,85.5,5.3,3.1,point
2025-09-06 03:00:00 AM,5.1,84.8,5.0,2.7,point
2025-09-06 03:30:00 AM,5.1,85.8,5.1,2.9,point
2025-09-06 04:00:00 AM,5.2,85.9,5.2,3.0,point
2025-09-06 04:30:00 AM,5.0,85.8,4.9,2.8,point
2025-09-06 05:00:00 AM,5.2,86.4,5.1,3.1,point
2025-09-06 05:30:00 AM,5.0,85.3,5.0,2.7,point
2025-09-06 06:00:00 AM,5.1,85.9,5.1,3.0,point
2025-09-06 06:30:00 AM,5.2,86.3,5.1,3.0,point
2025-09-06 07:00:00 AM,5.2,85.2,5.1,2.9,point
2025-09-06 07:30:00 AM,5.1,84.7,5.1,2.8,point
2025-09-06 08:00:00 AM,8.1,96.7,8.4,7.6,point
2025-09-06 08:30:00 AM,14.9,100.0,15.5,14.9,point
2025-09-06 09:00:00 AM,19.5,100.0,20.4,19.5,point
2025-09-06 09:30:00 AM,19.3,89.0,19.7,17.5,point
2025-09-06 10:00:00 AM,19.9,89.3,20.5,18.1,point
2025-09-06 10:30:00 AM,19.8,88.5,20.3,17.9,point
2025-09-06 11:00:00 AM,19.8,88.5,20.2,17.8,point
2025-09-06 11:30:00 AM,20.1,88.6,20.6,18.1,point
2025-09-06 12:00:00 PM,20.2,88.3,20.8,18.2,point
2025-09-06 12:30:00 PM,20.2,87.5,20.8,18.1,point
2025-09-06 01:00:00 PM,20.2,87.6,20.8,18.1,point
2025-09-06 01:30:00 PM,20.2,87.3,20.8,18.1,point
2025-09-06 02:00:00 PM,20.5,87.3,21.0,18.3,point
2025-09-06 02:30:00 PM,20.6,86.7,21.1,18.3,point
2025-09-06 03:00:00 PM,20.8,87.0,21.4,18.5,point
2025-09-06 03:30:00 PM,20.2,86.0,20.7,17.8,point
2025-09-06 04:00:00 PM,20.3,85.8,20.8,17.9,point
2025-09-06 04:30:00 PM,20.5,86.4,21.0,18.1,point
2025-09-06 05:00:00 PM,20.4,86.7,20.9,18.1,point
2025-09-06 05:30:00 PM,20.4,85.2,20.9,17.8,point
2025-09-06 06:00:00 PM,20.4,85.6,20.8,17.9,point
2025-09-06 06:30:00 PM,20.4,86.7,21.0,18.1,point
2025-09-06 07:00:00 PM,20.5,86.4,21.1,18.1,point
2025-09-06 07:30:00 PM,20.5,85.9,21.0,18.1,point
2025-09-06 08:00:00 PM,20.6,86.4,21.1,18.2,point
2025-09-06 08:30:00 PM,20.6,85.5,21.0,18.1,point
2025-09-06 09:00:00 PM,18.5,75.6,18.1,14.2,point
2025-09-06 09:30:00 PM,11.1,66.4,10.4,5.0,point
2025-09-06 10:00:00 PM,6.9,76.4,6.7,3.1,point
2025-09-06 10:30:00 PM,6.3,80.4,6.1,3.1,point
2025-09-06 11:00:00 PM,5.6,81.2,5.5,2.6,point
2025-09-06 11:30:00 PM,5.7,83.1,5.6,3.0,point
2025-09-07 12:00:00 AM,5.5,83.7,5.5,3.0,point
2025-09-07 12:30:00 AM,5.4,83.9,5.4,2.9,point
2025-09-07 01:00:00 AM,5.6,85.2,5.5,3.3,point
2025-09-07 01:30:00 AM,5.2,84.5,5.2,2.9,point
2025-09-07 02:00:00 AM,5.0,84.1,5.0,2.5,point
2025-09-07 02:30:00 AM,5.2,85.2,5.1,2.9,point
2025-09-07 03:00:00 AM,5.2,85.0,5.1,2.9,point
2025-09-07 03:30:00 AM,5.1,84.2,5.0,2.6,point
2025-09-07 04:00:00 AM,5.2,86.7,5.2,3.2,point
2025-09-07 04:30:00 AM,5.4,86.4,5.4,3.3,point
2025-09-07 05:00:00 AM,5.2,85.1,5.2,2.9,point
2025-09-07 05:30:00 AM,5.2,84.9,5.2,2.9,point
2025-09-07 06:00:00 AM,5.4,86.0,5.4,3.3,point
2025-09-07 06:30:00 AM,5.3,85.6,5.3,3.1,point
2025-09-07 07:00:00 AM,5.4,86.3,5.4,3.3,point
2025-09-07 07:30:00 AM,5.5,86.8,5.4,3.5,point
2025-09-07 08:00:00 AM,8.2,96.8,8.5,7.8,point
2025-09-07 08:30:00 AM,14.9,100.0,15.5,14.9,point
2025-09-07 09:00:00 AM,19.5,100.0,20.5,19.5,point
2025-09-07 09:30:00 AM,20.2,90.7,20.8,18.6,point
2025-09-07 10:00:00 AM,19.8,88.1,20.3,17.8,point
2025-09-07 10:30:00 AM,20.2,89.3,20.8,18.4,point
2025-09-07 11:00:00 AM,20.2,88.5,20.8,18.2,point
2025-09-07 11:30:00 AM,20.4,87.9,20.9,18.3,point
2025-09-07 12:00:00 PM,20.3,88.0,20.9,18.3,point
2025-09-07 12:30:00 PM,20.3,87.7,20.9,18.2,point
2025-09-07 01:00:00 PM,20.1,86.0,20.4,17.7,point
2025-09-07 01:30:00 PM,20.1,85.7,20.4,17.6,point
2025-09-07 02:00:00 PM,20.3,81.4,20.5,17.0,point
2025-09-07 02:30:00 PM,20.7,87.4,21.3,18.5,point
2025-09-07 03:00:00 PM,20.4,87.1,21.0,18.2,point
2025-09-07 03:30:00 PM,20.6,87.5,21.1,18.4,point
2025-09-07 04:00:00 PM,20.6,86.2,21.0,18.2,point
2025-09-07 04:30:00 PM,20.6,86.3,21.2,18.3,point
2025-09-07 05:00:00 PM,20.7,87.0,21.4,18.4,point
2025-09-07 05:30:00 PM,20.6,85.2,21.0,18.0,point
2025-09-07 06:00:00 PM,20.3,85.8,20.8,17.9,point
2025-09-07 06:30:00 PM,20.6,86.8,21.1,18.3,point
2025-09-07 07:00:00 PM,20.5,85.6,21.0,18.0,point
2025-09-07 07:30:00 PM,20.5,86.2,20.9,18.1,point
2025-09-07 08:00:00 PM,20.5,86.8,21.1,18.2,point
2025-09-07 08:30:00 PM,20.6,86.8,21.3,18.4,point
2025-09-07 09:00:00 PM,18.6,72.3,18.1,13.6,point
2025-09-07 09:30:00 PM,11.6,66.2,10.9,5.5,point
2025-09-07 10:00:00 PM,7.0,76.5,6.8,3.2,point
2025-09-07 10:30:00 PM,6.1,80.5,6.0,3.0,point
2025-09-07 11:00:00 PM,5.8,82.2,5.6,3.0,point
2025-09-07 11:30:00 PM,5.6,82.9,5.5,2.9,point
2025-09-08 12:00:00 AM,5.5,83.7,5.4,2.9,point
2025-09-08 12:30:00 AM,5.5,84.0,5.4,3.0,point
2025-09-08 01:00:00 AM,5.4,85.1,5.4,3.1,point
2025-09-08 01:30:00 AM,5.3,85.1,5.3,3.0,point
2025-09-08 02:00:00 AM,5.2,84.8,5.2,2.9,point
2025-09-08 02:30:00 AM,5.2,85.5,5.2,3.0,point
2025-09-08 03:00:00 AM,5.3,85.4,5.2,3.0,point
2025-09-08 03:30:00 AM,5.3,85.9,5.3,3.1,point
2025-09-08 04:00:00 AM,5.2,84.8,5.2,2.9,point
2025-09-08 04:30:00 AM,5.1,85.4,5.1,2.9,point
2025-09-08 05:00:00 AM,5.1,85.2,5.0,2.8,point
2025-09-08 05:30:00 AM,5.0,85.7,5.0,2.8,point
2025-09-08 06:00:00 AM,5.2,86.9,5.2,3.2,point
2025-09-08 06:30:00 AM,5.2,85.6,5.2,3.0,point
2025-09-08 07:00:00 AM,5.3,86.5,5.3,3.2,point
2025-09-08 07:30:00 AM,5.2,86.0,5.1,3.0,point
2025-09-08 08:00:00 AM,8.0,96.2,8.3,7.4,point
2025-09-08 08:30:00 AM,14.7,100.0,15.3,14.7,point
2025-09-08 09:00:00 AM,19.6,100.0,20.6,19.6,point
2025-09-08 09:30:00 AM,19.5,88.8,20.0,17.6,point
2025-09-08 10:00:00 AM,19.6,88.4,20.1,17.7,point
2025-09-08 10:30:00 AM,19.9,88.1,20.3,17.9,point
2025-09-08 11:00:00 AM,20.1,87.4,20.5,17.9,point
2025-09-08 11:30:00 AM,20.0,86.9,20.5,17.8,point
2025-09-08 12:00:00 PM,19.9,87.2,20.4,17.8,point
2025-09-08 12:30:00 PM,20.2,86.7,20.6,17.9,point
2025-09-08 01:00:00 PM,20.2,86.6,20.8,17.9,point
2025-09-08 01:30:00 PM,20.1,86.0,20.5,17.7,point
2025-09-08 02:00:00 PM,20.2,85.7,20.7,17.7,point
2025-09-08 02:30:00 PM,20.4,85.7,20.9,17.9,point
2025-09-08 03:00:00 PM,20.5,85.7,21.0,18.0,point
2025-09-08 03:30:00 PM,20.4,85.5,20.8,17.9,point
2025-09-08 04:00:00 PM,20.5,85.4,21.0,18.0,point
2025-09-08 04:30:00 PM,20.7,84.8,21.3,18.1,point
2025-09-08 05:00:00 PM,20.6,84.8,21.0,17.9,point
2025-09-08 05:30:00 PM,20.6,84.7,21.2,17.9,point
2025-09-08 06:00:00 PM,20.5,84.8,21.0,17.9,point
2025-09-08 06:30:00 PM,20.5,84.7,21.0,17.9,point
2025-09-08 07:00:00 PM,20.6,84.7,21.2,18.0,point
2025-09-08 07:30:00 PM,20.5,84.6,20.9,17.8,point
2025-09-08 08:00:00 PM,20.5,84.7,21.0,17.9,point
2025-09-08 08:30:00 PM,20.5,84.7,21.0,17.8,point
2025-09-08 09:00:00 PM,20.2,84.2,20.6,17.5,point
2025-09-08 09:30:00 PM,11.7,64.3,10.9,5.2,point
2025-09-08 10:00:00 PM,7.2,75.9,7.0,3.2,point
2025-09-08 10:30:00 PM,6.4,80.0,6.2,3.2,point
2025-09-08 11:00:00 PM,6.1,82.8,6.0,3.4,point
2025-09-08 11:30:00 PM,5.8,83.5,5.7,3.2,point
2025-09-09 12:00:00 AM,5.8,84.5,5.7,3.3,point
2025-09-09 12:30:00 AM,5.6,84.7,5.6,3.2,point
2025-09-09 01:00:00 AM,5.5,85.0,5.5,3.2,point
2025-09-09 01:30:00 AM,5.6,85.0,5.5,3.2,point
2025-09-09 02:00:00 AM,5.5,84.8,5.5,3.2,point
2025-09-09 02:30:00 AM,5.4,84.9,5.3,3.0,point
2025-09-09 03:00:00 AM,5.4,85.4,5.4,3.2,point
2025-09-09 03:30:00 AM,5.4,86.2,5.3,3.3,point
2025-09-09 04:00:00 AM,5.4,86.3,5.4,3.3,point
2025-09-09 04:30:00 AM,5.5,86.0,5.5,3.4,point
2025-09-09 05:00:00 AM,5.4,86.1,5.4,3.3,point
2025-09-09 05:30:00 AM,5.4,86.1,5.4,3.3,point
2025-09-09 06:00:00 AM,5.3,86.4,5.3,3.3,point
2025-09-09 06:30:00 AM,5.3,85.8,5.3,3.2,point
2025-09-09 07:00:00 AM,5.3,85.6,5.3,3.1,point
2025-09-09 07:30:00 AM,5.3,86.1,5.3,3.2,point
2025-09-09 08:00:00 AM,8.1,96.5,8.4,7.6,point
2025-09-09 08:30:00 AM,14.5,100.0,15.1,14.5,point
2025-09-09 09:00:00 AM,20.2,100.0,21.1,20.2,point
2025-09-09 09:30:00 AM,19.9,89.8,20.5,18.2,point
2025-09-09 10:00:00 AM,20.0,88.9,20.5,18.1,point
2025-09-09 10:30:00 AM,20.1,88.5,20.7,18.2,point
2025-09-09 11:00:00 AM,20.2,88.5,20.8,18.3,point
2025-09-09 11:30:00 AM,20.4,87.8,20.9,18.3,point
2025-09-09 12:00:00 PM,20.4,86.8,21.0,18.1,point
2025-09-09 12:30:00 PM,20.4,87.4,21.0,18.2,point
2025-09-09 01:00:00 PM,20.6,87.2,21.1,18.4,point
2025-09-09 01:30:00 PM,20.6,87.2,21.1,18.4,point
2025-09-09 02:00:00 PM,20.4,86.2,20.9,18.1,point
2025-09-09 02:30:00 PM,20.6,86.3,21.1,18.2,point
2025-09-09 03:00:00 PM,20.8,86.3,21.4,18.4,point
2025-09-09 03:30:00 PM,20.6,85.2,21.0,18.0,point
2025-09-09 04:00:00 PM,20.7,85.7,21.2,18.2,point
2025-09-09 04:30:00 PM,20.6,85.0,21.0,17.9,point
2025-09-09 05:00:00 PM,20.6,85.8,21.2,18.2,point
2025-09-09 05:30:00 PM,20.5,84.9,21.0,17.9,point
2025-09-09 06:00:00 PM,20.6,85.3,21.0,18.0,point
2025-09-09 06:30:00 PM,20.5,85.4,20.9,17.9,point
2025-09-09 07:00:00 PM,20.4,85.8,20.8,17.9,point
2025-09-09 07:30:00 PM,20.5,84.8,21.0,17.9,point
2025-09-09 08:00:00 PM,20.4,83.8,20.9,17.6,point
2025-09-09 08:30:00 PM,20.2,83.5,20.6,17.4,point
2025-09-09 09:00:00 PM,18.6,73.5,18.1,13.8,point
2025-09-09 09:30:00 PM,11.3,65.8,10.6,5.1,point
2025-09-09 10:00:00 PM,6.7,75.3,6.4,2.6,point
2025-09-09 10:30:00 PM,6.1,79.7,5.9,2.8,point
2025-09-09 11:00:00 PM,5.8,82.0,5.7,3.0,point
2025-09-09 11:30:00 PM,5.7,82.8,5.6,3.0,point
2025-09-10 12:00:00 AM,5.6,83.7,5.5,3.0,point
2025-09-10 12:30:00 AM,5.4,83.3,5.4,2.8,point
2025-09-10 01:00:00 AM,5.5,84.6,5.4,3.1,point
2025-09-10 01:30:00 AM,5.3,84.9,5.3,3.0,point
2025-09-10 02:00:00 AM,5.6,85.8,5.5,3.4,point
2025-09-10 02:30:00 AM,5.4,83.6,5.4,2.9,point
2025-09-10 03:00:00 AM,5.3,84.6,5.3,2.9,point
2025-09-10 03:30:00 AM,5.2,84.7,5.2,2.9,point
2025-09-10 04:00:00 AM,5.3,84.6,5.2,2.9,point
2025-09-10 04:30:00 AM,5.3,85.1,5.3,3.0,point
2025-09-10 05:00:00 AM,5.3,86.0,5.3,3.1,point
2025-09-10 05:30:00 AM,5.3,84.9,5.3,3.0,point
2025-09-10 06:00:00 AM,5.3,85.2,5.3,3.0,point
2025-09-10 06:30:00 AM,5.4,84.4,5.4,3.0,point
2025-09-10 07:00:00 AM,5.2,84.4,5.2,2.8,point
2025-09-10 07:30:00 AM,5.2,85.2,5.2,2.9,point
2025-09-10 08:00:00 AM,7.9,96.4,8.2,7.4,point
2025-09-10 08:30:00 AM,13.8,100.0,14.4,13.8,point
2025-09-10 09:00:00 AM,19.6,99.0,20.4,19.4,point
2025-09-10 09:30:00 AM,19.7,89.8,20.1,17.9,point
2025-09-10 10:00:00 AM,20.1,89.2,20.6,18.2,point
2025-09-10 10:30:00 AM,20.2,88.5,20.7,18.2,point
2025-09-10 11:00:00 AM,20.1,85.3,20.5,17.6,point
2025-09-10 11:30:00 AM,20.3,88.3,20.9,18.3,point
2025-09-10 12:00:00 PM,20.4,88.1,20.9,18.3,point
2025-09-10 12:30:00 PM,20.3,87.5,20.9,18.2,point
2025-09-10 01:00:00 PM,20.4,87.2,20.9,18.1,point
2025-09-10 01:30:00 PM,20.4,86.8,21.0,18.1,point
2025-09-10 02:00:00 PM,20.3,86.0,20.8,17.9,point
2025-09-10 02:30:00 PM,20.4,85.8,20.9,17.9,point
2025-09-10 03:00:00 PM,20.4,85.9,20.9,18.0,point
2025-09-10 03:30:00 PM,20.5,85.7,20.9,18.0,point
2025-09-10 04:00:00 PM,20.6,85.5,21.2,18.1,point
2025-09-10 04:30:00 PM,20.4,85.9,20.9,18.0,point
2025-09-10 05:00:00 PM,20.4,85.5,20.9,17.9,point
2025-09-10 05:30:00 PM,20.5,86.1,21.0,18.1,point
2025-09-10 06:00:00 PM,20.5,85.8,21.0,18.0,point
2025-09-10 06:30:00 PM,20.3,84.3,20.6,17.6,point
2025-09-10 07:00:00 PM,20.3,85.3,20.8,17.8,point
2025-09-10 07:30:00 PM,20.3,85.2,20.8,17.8,point
2025-09-10 08:00:00 PM,20.2,84.1,20.5,17.4,point
2025-09-10 08:30:00 PM,20.0,84.0,20.4,17.3,point
2025-09-10 09:00:00 PM,18.7,72.1,18.2,13.6,point
2025-09-10 09:30:00 PM,11.2,65.5,10.4,5.0,point
2025-09-10 10:00:00 PM,6.7,75.3,6.4,2.6,point
2025-09-10 10:30:00 PM,6.2,81.0,6.1,3.2,point
2025-09-10 11:00:00 PM,5.8,82.1,5.7,3.0,point
2025-09-10 11:30:00 PM,5.7,82.9,5.6,3.0,point
2025-09-11 12:00:00 AM,5.5,83.2,5.5,2.9,point
2025-09-11 12:30:00 AM,5.4,83.0,5.3,2.7,point
2025-09-11 01:00:00 AM,5.5,84.0,5.4,3.0,point
2025-09-11 01:30:00 AM,5.3,84.3,5.3,2.9,point
2025-09-11 02:00:00 AM,5.3,83.3,5.3,2.7,point
2025-09-11 02:30:00 AM,5.3,84.6,5.2,2.9,point
2025-09-11 03:00:00 AM,5.1,84.5,5.1,2.7,point
2025-09-11 03:30:00 AM,5.2,85.5,5.2,3.0,point
2025-09-11 04:00:00 AM,5.2,85.5,5.2,3.0,point
2025-09-11 04:30:00 AM,5.1,84.7,5.0,2.7,point
2025-09-11 05:00:00 AM,5.2,85.6,5.2,3.0,point
2025-09-11 05:30:00 AM,5.2,85.5,5.1,2.9,point
2025-09-11 06:00:00 AM,5.2,85.5,5.2,3.0,point
2025-09-11 06:30:00 AM,5.1,85.7,5.1,2.9,point
2025-09-11 07:00:00 AM,5.0,85.1,4.9,2.7,point
2025-09-11 07:30:00 AM,5.3,86.0,5.2,3.1,point
2025-09-11 08:00:00 AM,7.9,95.8,8.0,7.2,point
2025-09-11 08:30:00 AM,14.9,100.0,15.5,14.9,point
2025-09-11 09:00:00 AM,19.6,100.0,20.6,19.6,point
2025-09-11 09:30:00 AM,19.6,89.6,20.1,17.9,point
2025-09-11 10:00:00 AM,20.0,88.8,20.6,18.1,point
2025-09-11 10:30:00 AM,19.9,87.6,20.3,17.7,point
2025-09-11 11:00:00 AM,20.0,88.2,20.4,18.0,point
2025-09-11 11:30:00 AM,20.2,88.0,20.8,18.2,point
2025-09-11 12:00:00 PM,20.1,87.5,20.6,18.0,point
2025-09-11 12:30:00 PM,20.2,87.6,20.6,18.1,point
2025-09-11 01:00:00 PM,20.2,87.5,20.8,18.1,point
2025-09-11 01:30:00 PM,20.3,87.2,20.9,18.1,point
2025-09-11 02:00:00 PM,20.4,87.1,21.0,18.2,point
2025-09-11 02:30:00 PM,20.2,86.5,20.8,17.9,point
2025-09-11 03:00:00 PM,20.3,85.6,20.8,17.8,point
2025-09-11 03:30:00 PM,20.6,87.0,21.1,18.4,point
2025-09-11 04:00:00 PM,20.4,86.3,20.8,18.0,point
2025-09-11 04:30:00 PM,20.6,87.0,21.3,18.4,point
2025-09-11 05:00:00 PM,20.6,86.5,21.1,18.3,point
2025-09-11 05:30:00 PM,20.3,85.6,20.8,17.8,point
2025-09-11 06:00:00 PM,20.3,86.0,20.7,17.9,point
2025-09-11 06:30:00 PM,20.4,86.6,20.9,18.1,point
2025-09-11 07:00:00 PM,20.4,86.0,20.8,17.9,point
2025-09-11 07:30:00 PM,20.2,85.8,20.7,17.8,point
2025-09-11 08:00:00 PM,20.3,85.5,20.8,17.8,point
2025-09-11 08:30:00 PM,20.3,86.0,20.8,17.9,point
2025-09-11 09:00:00 PM,18.6,74.1,18.1,13.9,point
2025-09-11 09:30:00 PM,11.4,65.5,10.7,5.2,point
2025-09-11 10:00:00 PM,6.7,74.4,6.4,2.5,point
2025-09-11 10:30:00 PM,6.0,80.4,5.9,2.9,point
2025-09-11 11:00:00 PM,5.9,82.4,5.8,3.1,point
2025-09-11 11:30:00 PM,5.7,83.2,5.7,3.1,point
2025-09-12 12:00:00 AM,5.6,84.0,5.5,3.1,point
2025-09-12 12:30:00 AM,5.5,84.2,5.4,3.0,point
2025-09-12 01:00:00 AM,5.2,83.6,5.2,2.7,point
2025-09-12 01:30:00 AM,5.4,84.7,5.4,3.1,point
2025-09-12 02:00:00 AM,5.4,84.9,5.4,3.1,point
2025-09-12 02:30:00 AM,5.4,85.5,5.3,3.1,point
2025-09-12 03:00:00 AM,5.4,84.5,5.4,3.0,point
2025-09-12 03:30:00 AM,5.2,83.8,5.1,2.7,point
2025-09-12 04:00:00 AM,5.3,85.0,5.3,3.0,point
2025-09-12 04:30:00 AM,5.4,84.8,5.4,3.1,point
2025-09-12 05:00:00 AM,5.3,85.2,5.2,3.0,point
2025-09-12 05:30:00 AM,5.4,85.5,5.3,3.1,point
2025-09-12 06:00:00 AM,5.2,85.3,5.2,2.9,point
2025-09-12 06:30:00 AM,5.2,85.8,5.2,3.0,point
2025-09-12 07:00:00 AM,5.2,85.9,5.2,3.0,point
2025-09-12 07:30:00 AM,5.3,85.3,5.2,3.0,point
2025-09-12 08:00:00 AM,7.8,96.1,8.0,7.3,point
2025-09-12 08:30:00 AM,14.6,100.0,15.3,14.6,point
2025-09-12 09:00:00 AM,19.1,100.0,20.0,19.1,point
2025-09-12 09:30:00 AM,19.6,89.5,20.1,17.8,point
2025-09-12 10:00:00 AM,20.2,89.3,20.8,18.4,point
2025-09-12 10:30:00 AM,20.2,88.5,20.8,18.3,point
2025-09-12 11:00:00 AM,20.2,88.0,20.6,18.1,point
2025-09-12 11:30:00 AM,20.0,85.9,20.4,17.6,point
2025-09-12 12:00:00 PM,19.9,86.0,20.2,17.5,point
2025-09-12 12:30:00 PM,20.0,85.8,20.3,17.5,point
2025-09-12 01:00:00 PM,21.2,90.4,22.0,19.5,point
2025-09-12 01:30:00 PM,20.4,85.5,20.8,17.9,point
2025-09-12 02:00:00 PM,20.4,85.3,20.8,17.8,point
2025-09-12 02:30:00 PM,21.1,91.4,21.9,19.6,point
2025-09-12 03:00:00 PM,20.8,86.8,21.4,18.5,point
2025-09-12 03:30:00 PM,20.8,85.5,21.3,18.3,point
2025-09-12 04:00:00 PM,20.8,85.3,21.3,18.2,point
2025-09-12 04:30:00 PM,21.8,83.1,22.5,18.8,point
2025-09-12 05:00:00 PM,21.4,83.7,22.1,18.5,point
2025-09-12 05:30:00 PM,21.6,82.7,22.4,18.5,point
2025-09-12 06:00:00 PM,21.1,83.1,21.8,18.1,point
2025-09-12 06:30:00 PM,21.2,82.8,21.9,18.2,point
2025-09-12 07:00:00 PM,21.2,83.2,21.9,18.3,point
2025-09-12 07:30:00 PM,21.5,81.4,22.0,18.2,point
2025-09-12 08:00:00 PM,21.5,82.8,22.3,18.5,point
2025-09-12 08:30:00 PM,21.5,82.4,22.2,18.4,point
2025-09-12 09:00:00 PM,18.9,71.6,18.4,13.7,point
2025-09-12 09:30:00 PM,10.3,67.8,9.8,4.6,point
2025-09-12 10:00:00 PM,6.0,77.5,5.9,2.4,point
2025-09-12 10:30:00 PM,5.2,83.0,5.2,2.6,point
2025-09-12 11:00:00 PM,5.2,85.0,5.1,2.8,point
2025-09-12 11:30:00 PM,5.0,85.7,4.9,2.8,point
2025-09-13 12:00:00 AM,4.9,85.6,4.8,2.6,point
2025-09-13 12:30:00 AM,5.0,86.3,4.9,2.9,point
2025-09-13 01:00:00 AM,5.1,87.0,5.1,3.1,point
2025-09-13 01:30:00 AM,5.0,86.4,4.9,2.9,point
2025-09-13 02:00:00 AM,4.9,85.7,4.8,2.7,point
2025-09-13 02:30:00 AM,5.1,87.0,5.1,3.1,point
2025-09-13 03:00:00 AM,4.9,86.1,4.9,2.8,point
2025-09-13 03:30:00 AM,4.7,86.4,4.7,2.7,point
2025-09-13 04:00:00 AM,4.7,86.9,4.7,2.8,point
2025-09-13 04:30:00 AM,4.9,87.4,4.9,3.0,point
2025-09-13 05:00:00 AM,4.7,86.7,4.7,2.7,point
2025-09-13 05:30:00 AM,4.8,87.4,4.8,2.9,point
2025-09-13 06:00:00 AM,4.7,87.0,4.6,2.7,point
2025-09-13 06:30:00 AM,4.8,87.0,4.7,2.8,point
2025-09-13 07:00:00 AM,4.9,87.4,4.9,3.0,point
2025-09-13 07:30:00 AM,5.0,88.3,5.0,3.3,point
2025-09-13 08:00:00 AM,8.1,95.7,8.2,7.4,point
2025-09-13 08:30:00 AM,14.4,100.0,15.1,14.4,point
2025-09-13 09:00:00 AM,19.4,100.0,20.4,19.4,point
2025-09-13 09:30:00 AM,20.0,88.8,20.6,18.1,point
2025-09-13 10:00:00 AM,20.5,87.3,21.0,18.3,point
2025-09-13 10:30:00 AM,20.2,85.1,20.5,17.6,point
2025-09-13 11:00:00 AM,20.3,84.4,20.8,17.6,point
2025-09-13 11:30:00 AM,20.4,80.4,20.7,16.9,point
2025-09-13 12:00:00 PM,20.8,84.7,21.4,18.2,point
2025-09-13 12:30:00 PM,20.8,84.7,21.3,18.1,point
2025-09-13 01:00:00 PM,20.8,83.2,21.3,17.8,point
2025-09-13 01:30:00 PM,21.0,83.7,21.5,18.1,point
2025-09-13 02:00:00 PM,21.0,83.7,21.6,18.1,point
2025-09-13 02:30:00 PM,20.9,83.2,21.5,18.0,point
2025-09-13 03:00:00 PM,20.9,82.7,21.5,17.9,point
2025-09-13 03:30:00 PM,21.0,83.7,21.6,18.2,point
2025-09-13 04:00:00 PM,20.8,83.2,21.3,17.9,point
2025-09-13 04:30:00 PM,21.2,84.2,21.9,18.4,point
2025-09-13 05:00:00 PM,21.0,83.4,21.5,18.1,point
2025-09-13 05:30:00 PM,21.1,83.0,21.8,18.1,point
2025-09-13 06:00:00 PM,20.8,82.2,21.2,17.6,point
2025-09-13 06:30:00 PM,21.0,82.8,21.6,18.0,point
2025-09-13 07:00:00 PM,20.8,82.5,21.4,17.8,point
2025-09-13 07:30:00 PM,20.9,82.6,21.5,17.8,point
2025-09-13 08:00:00 PM,21.1,82.9,21.6,18.1,point
2025-09-13 08:30:00 PM,20.9,82.2,21.4,17.8,point
2025-09-13 09:00:00 PM,18.6,71.7,17.9,13.4,point
2025-09-13 09:30:00 PM,10.1,66.8,9.5,4.2,point
2025-09-13 10:00:00 PM,5.8,77.5,5.6,2.2,point
2025-09-13 10:30:00 PM,5.2,82.6,5.2,2.5,point
2025-09-13 11:00:00 PM,5.2,84.5,5.2,2.8,point
2025-09-13 11:30:00 PM,4.9,84.6,4.8,2.5,point
2025-09-14 12:00:00 AM,4.9,85.3,4.9,2.7,point
2025-09-14 12:30:00 AM,5.0,85.9,5.0,2.9,point
2025-09-14 01:00:00 AM,4.9,86.0,4.9,2.8,point
2025-09-14 01:30:00 AM,4.7,86.6,4.6,2.6,point
2025-09-14 02:00:00 AM,4.8,87.4,4.8,2.9,point
2025-09-14 02:30:00 AM,4.6,86.1,4.6,2.5,point
2025-09-14 03:00:00 AM,4.7,86.1,4.7,2.6,point
2025-09-14 03:30:00 AM,4.6,86.7,4.6,2.6,point
2025-09-14 04:00:00 AM,4.9,86.9,4.8,2.9,point
2025-09-14 04:30:00 AM,4.7,86.9,4.7,2.7,point
2025-09-14 05:00:00 AM,4.8,87.2,4.7,2.8,point
2025-09-14 05:30:00 AM,4.7,87.8,4.6,2.8,point
2025-09-14 06:00:00 AM,4.6,86.9,4.5,2.6,point
2025-09-14 06:30:00 AM,4.6,86.8,4.5,2.6,point
2025-09-14 07:00:00 AM,4.7,87.1,4.7,2.8,point
2025-09-14 07:30:00 AM,4.6,86.6,4.6,2.6,point
2025-09-14 08:00:00 AM,8.1,96.9,8.4,7.7,point
2025-09-14 08:30:00 AM,14.5,100.0,15.2,14.5,point
2025-09-14 09:00:00 AM,19.5,97.0,20.3,19.0,point
2025-09-14 09:30:00 AM,19.9,87.2,20.3,17.7,point
2025-09-14 10:00:00 AM,20.2,85.7,20.7,17.8,point
2025-09-14 10:30:00 AM,20.5,88.2,21.0,18.5,point
2025-09-14 11:00:00 AM,20.5,85.0,21.0,17.9,point
2025-09-14 11:30:00 AM,20.5,84.8,21.0,17.9,point
2025-09-14 12:00:00 PM,20.5,84.6,21.0,17.8,point
2025-09-14 12:30:00 PM,20.8,85.0,21.3,18.1,point
2025-09-14 01:00:00 PM,20.5,83.7,20.9,17.6,point
2025-09-14 01:30:00 PM,20.6,83.6,21.0,17.7,point
2025-09-14 02:00:00 PM,20.8,83.1,21.3,17.8,point
2025-09-14 02:30:00 PM,20.6,84.4,21.1,17.9,point
2025-09-14 03:00:00 PM,20.3,81.0,20.5,16.9,point
2025-09-14 03:30:00 PM,21.3,88.5,22.0,19.3,point
2025-09-14 04:00:00 PM,20.8,83.5,21.4,17.9,point
2025-09-14 04:30:00 PM,20.6,83.6,21.1,17.8,point
2025-09-14 05:00:00 PM,20.6,83.5,21.1,17.7,point
2025-09-14 05:30:00 PM,20.8,83.2,21.3,17.8,point
2025-09-14 06:00:00 PM,20.7,82.8,21.3,17.7,point
2025-09-14 06:30:00 PM,20.6,82.6,21.1,17.6,point
2025-09-14 07:00:00 PM,20.8,81.7,21.2,17.5,point
2025-09-14 07:30:00 PM,20.8,82.8,21.4,17.8,point
2025-09-14 08:00:00 PM,20.7,82.5,21.0,17.6,point
2025-09-14 08:30:00 PM,20.6,82.1,21.0,17.4,point
2025-09-14 09:00:00 PM,19.0,70.7,18.4,13.5,point
2025-09-14 09:30:00 PM,10.1,66.7,9.6,4.2,point
2025-09-14 10:00:00 PM,5.9,76.7,5.7,2.2,point
2025-09-14 10:30:00 PM,5.4,82.8,5.4,2.7,point
2025-09-14 11:00:00 PM,5.1,83.8,5.1,2.6,point
2025-09-14 11:30:00 PM,4.9,83.7,4.9,2.4,point
2025-09-15 12:00:00 AM,5.0,85.2,5.0,2.7,point
2025-09-15 12:30:00 AM,5.0,85.8,4.9,2.8,point
2025-09-15 01:00:00 AM,4.8,85.7,4.8,2.7,point
2025-09-15 01:30:00 AM,4.8,85.5,4.7,2.6,point
2025-09-15 02:00:00 AM,4.8,86.0,4.7,2.6,point
2025-09-15 02:30:00 AM,4.7,86.2,4.6,2.6,point
2025-09-15 03:00:00 AM,4.7,86.4,4.6,2.6,point
2025-09-15 03:30:00 AM,4.8,87.0,4.8,2.8,point
2025-09-15 04:00:00 AM,4.7,86.7,4.6,2.6,point
2025-09-15 04:30:00 AM,4.6,86.7,4.5,2.5,point
2025-09-15 05:00:00 AM,4.7,86.8,4.6,2.6,point
2025-09-15 05:30:00 AM,4.5,87.2,4.5,2.6,point
2025-09-15 06:00:00 AM,4.5,86.8,4.5,2.5,point
2025-09-15 06:30:00 AM,4.6,86.8,4.5,2.6,point
2025-09-15 07:00:00 AM,4.7,87.6,4.6,2.8,point
2025-09-15 07:30:00 AM,4.5,86.9,4.4,2.5,point
2025-09-15 08:00:00 AM,8.0,96.4,8.2,7.4,point
2025-09-15 08:30:00 AM,14.2,100.0,14.7,14.2,point
2025-09-15 09:00:00 AM,19.4,94.6,20.1,18.6,point
2025-09-15 09:30:00 AM,20.1,86.5,20.6,17.8,point
2025-09-15 10:00:00 AM,20.4,85.6,20.8,17.9,point
2025-09-15 10:30:00 AM,20.3,85.1,20.7,17.7,point
2025-09-15 11:00:00 AM,20.5,85.7,21.0,18.0,point
2025-09-15 11:30:00 AM,20.8,83.5,21.3,17.9,point
2025-09-15 12:00:00 PM,20.7,83.0,21.1,17.7,point
2025-09-15 12:30:00 PM,20.9,83.6,21.5,18.0,point
2025-09-15 01:00:00 PM,21.0,83.5,21.5,18.1,point
2025-09-15 01:30:00 PM,21.2,82.6,21.9,18.2,point
2025-09-15 02:00:00 PM,21.1,81.8,21.7,17.9,point
2025-09-15 02:30:00 PM,21.2,81.3,21.8,17.9,point
2025-09-15 03:00:00 PM,21.1,81.5,21.7,17.8,point
2025-09-15 03:30:00 PM,21.1,79.3,21.6,17.4,point
2025-09-15 04:00:00 PM,21.0,81.7,21.4,17.7,point
2025-09-15 04:30:00 PM,21.2,81.4,21.8,17.9,point
2025-09-15 05:00:00 PM,21.0,80.7,21.5,17.6,point
2025-09-15 05:30:00 PM,20.7,79.5,21.1,17.1,point
2025-09-15 06:00:00 PM,20.8,80.7,21.1,17.3,point
2025-09-15 06:30:00 PM,21.0,80.7,21.4,17.5,point
2025-09-15 07:00:00 PM,20.5,79.6,20.9,16.9,point
2025-09-15 07:30:00 PM,20.8,80.7,21.2,17.3,point
2025-09-15 08:00:00 PM,20.9,79.8,21.4,17.3,point
2025-09-15 08:30:00 PM,20.6,79.2,21.0,16.9,point
2025-09-15 09:00:00 PM,19.2,71.3,18.6,13.8,point
2025-09-15 09:30:00 PM,10.7,66.3,10.1,4.7,point
2025-09-15 10:00:00 PM,6.3,77.2,6.0,2.6,point
2025-09-15 10:30:00 PM,5.9,81.0,5.8,2.9,point
2025-09-15 11:00:00 PM,5.4,82.7,5.4,2.7,point
2025-09-15 11:30:00 PM,5.3,84.8,5.3,3.0,point
2025-09-16 12:00:00 AM,5.2,85.3,5.1,2.9,point
2025-09-16 12:30:00 AM,5.2,85.6,5.1,2.9,point
2025-09-16 01:00:00 AM,5.2,86.1,5.1,3.0,point
2025-09-16 01:30:00 AM,5.0,84.5,5.0,2.6,point
2025-09-16 02:00:00 AM,5.3,86.2,5.3,3.2,point
2025-09-16 02:30:00 AM,5.5,86.8,5.5,3.5,point
2025-09-16 03:00:00 AM,5.4,86.4,5.4,3.3,point
2025-09-16 03:30:00 AM,5.2,86.5,5.1,3.1,point
2025-09-16 04:00:00 AM,5.3,86.1,5.2,3.1,point
2025-09-16 04:30:00 AM,5.2,85.8,5.1,3.0,point
2025-09-16 05:00:00 AM,5.1,85.3,5.0,2.8,point
2025-09-16 05:30:00 AM,5.0,86.2,5.0,2.9,point
2025-09-16 06:00:00 AM,5.0,86.8,5.0,3.0,point
2025-09-16 06:30:00 AM,4.7,85.3,4.6,2.4,point
2025-09-16 07:00:00 AM,5.1,87.2,5.0,3.1,point
2025-09-16 07:30:00 AM,4.9,86.3,4.8,2.8,point
2025-09-16 08:00:00 AM,8.2,95.9,8.5,7.6,point
2025-09-16 08:30:00 AM,15.0,100.0,15.6,15.0,point
2025-09-16 09:00:00 AM,20.4,94.3,21.2,19.4,point
2025-09-16 09:30:00 AM,21.1,84.8,21.6,18.4,point
2025-09-16 10:00:00 AM,21.4,83.7,22.1,18.6,point
2025-09-16 10:30:00 AM,21.4,82.9,22.1,18.4,point
2025-09-16 11:00:00 AM,21.8,83.0,22.5,18.8,point
2025-09-16 11:30:00 AM,21.8,82.7,22.5,18.7,point
2025-09-16 12:00:00 PM,21.7,81.9,22.3,18.5,point
2025-09-16 12:30:00 PM,21.7,82.3,22.3,18.5,point
2025-09-16 01:00:00 PM,21.9,81.0,22.5,18.4,point
2025-09-16 01:30:00 PM,22.1,81.1,22.9,18.8,point
2025-09-16 02:00:00 PM,22.0,81.1,22.8,18.6,point
2025-09-16 02:30:00 PM,22.0,82.3,22.7,18.8,point
2025-09-16 03:00:00 PM,22.0,80.3,22.7,18.5,point
2025-09-16 03:30:00 PM,22.1,81.2,22.8,18.7,point
2025-09-16 04:00:00 PM,22.1,80.8,22.8,18.6,point
2025-09-16 04:30:00 PM,22.0,80.7,22.8,18.6,point
2025-09-16 05:00:00 PM,21.9,81.2,22.6,18.6,point
2025-09-16 05:30:00 PM,22.0,80.4,22.7,18.5,point
2025-09-16 06:00:00 PM,21.6,80.2,22.2,18.0,point
2025-09-16 06:30:00 PM,21.8,79.7,22.5,18.1,point
2025-09-16 07:00:00 PM,21.9,80.1,22.5,18.3,point
2025-09-16 07:30:00 PM,21.9,80.8,22.6,18.5,point
2025-09-16 08:00:00 PM,22.2,80.8,22.9,18.7,point
2025-09-16 08:30:00 PM,21.9,79.6,22.5,18.2,point
2025-09-16 09:00:00 PM,19.6,68.5,19.2,13.7,point
2025-09-16 09:30:00 PM,12.4,65.3,11.7,6.1,point
2025-09-16 10:00:00 PM,6.1,77.4,5.9,2.4,point
2025-09-16 10:30:00 PM,5.6,83.1,5.5,3.0,point
2025-09-16 11:00:00 PM,5.2,83.3,5.2,2.6,point
2025-09-16 11:30:00 PM,5.2,84.2,5.1,2.7,point
2025-09-17 12:00:00 AM,5.2,84.7,5.1,2.8,point
2025-09-17 12:30:00 AM,5.1,85.2,5.0,2.8,point
2025-09-17 01:00:00 AM,5.2,86.0,5.1,3.0,point
2025-09-17 01:30:00 AM,5.2,85.9,5.1,3.0,point
2025-09-17 02:00:00 AM,5.1,86.3,5.1,3.0,point
2025-09-17 02:30:00 AM,5.1,86.3,5.0,3.0,point
2025-09-17 03:00:00 AM,4.8,86.3,4.7,2.7,point
2025-09-17 03:30:00 AM,4.8,86.3,4.7,2.7,point
2025-09-17 04:00:00 AM,4.6,86.8,4.6,2.6,point
2025-09-17 04:30:00 AM,4.9,87.6,4.8,3.0,point
2025-09-17 05:00:00 AM,4.8,87.1,4.7,2.8,point
2025-09-17 05:30:00 AM,4.9,87.2,4.8,3.0,point
2025-09-17 06:00:00 AM,4.6,85.9,4.6,2.5,point
2025-09-17 06:30:00 AM,4.8,86.5,4.7,2.7,point
2025-09-17 07:00:00 AM,4.7,86.8,4.7,2.7,point
2025-09-17 07:30:00 AM,4.8,86.6,4.7,2.7,point
2025-09-17 08:00:00 AM,8.2,96.5,8.4,7.7,point
2025-09-17 08:30:00 AM,14.5,100.0,15.1,14.4,point
2025-09-17 09:00:00 AM,20.8,92.4,21.5,19.5,point
2025-09-17 09:30:00 AM,21.3,84.4,22.0,18.6,point
2025-09-17 10:00:00 AM,21.5,83.4,22.1,18.5,point
2025-09-17 10:30:00 AM,21.6,83.0,22.3,18.6,point
2025-09-17 11:00:00 AM,22.0,85.9,22.8,19.5,point
2025-09-17 11:30:00 AM,21.8,81.4,22.4,18.4,point
2025-09-17 12:00:00 PM,21.8,81.8,22.4,18.5,point
2025-09-17 12:30:00 PM,21.7,81.1,22.4,18.3,point
2025-09-17 01:00:00 PM,21.6,80.8,22.3,18.2,point
2025-09-17 01:30:00 PM,21.6,80.6,22.2,18.1,point
2025-09-17 02:00:00 PM,21.7,80.3,22.4,18.1,point
2025-09-17 02:30:00 PM,21.4,73.3,21.7,16.4,point
2025-09-17 03:00:00 PM,22.0,80.8,22.8,18.6,point
2025-09-17 03:30:00 PM,21.9,81.2,22.5,18.5,point
2025-09-17 04:00:00 PM,21.9,80.9,22.5,18.5,point
2025-09-17 04:30:00 PM,21.8,82.0,22.5,18.6,point
2025-09-17 05:00:00 PM,21.7,81.2,22.4,18.4,point
2025-09-17 05:30:00 PM,21.9,80.8,22.5,18.4,point
2025-09-17 06:00:00 PM,21.8,80.0,22.4,18.1,point
2025-09-17 06:30:00 PM,21.9,79.2,22.5,18.1,point
2025-09-17 07:00:00 PM,21.9,80.3,22.6,18.4,point
2025-09-17 07:30:00 PM,21.6,80.2,22.3,18.1,point
2025-09-17 08:00:00 PM,21.5,79.8,22.2,17.9,point
2025-09-17 08:30:00 PM,22.0,80.6,22.6,18.5,point
2025-09-17 09:00:00 PM,19.6,70.1,19.3,14.0,point
2025-09-17 09:30:00 PM,12.2,65.6,11.4,5.9,point
2025-09-17 10:00:00 PM,5.9,77.9,5.8,2.4,point
2025-09-17 10:30:00 PM,5.1,82.9,5.1,2.5,point
2025-09-17 11:00:00 PM,5.1,84.4,5.1,2.7,point
2025-09-17 11:30:00 PM,5.0,84.6,5.0,2.6,point
2025-09-18 12:00:00 AM,4.8,85.4,4.7,2.5,point
2025-09-18 12:30:00 AM,4.8,86.1,4.8,2.7,point
2025-09-18 01:00:00 AM,4.6,85.8,4.6,2.4,point
2025-09-18 01:30:00 AM,4.8,86.8,4.7,2.8,point
2025-09-18 02:00:00 AM,4.5,86.2,4.5,2.4,point
2025-09-18 02:30:00 AM,4.7,86.7,4.6,2.6,point
2025-09-18 03:00:00 AM,5.0,87.2,4.9,3.0,point
2025-09-18 03:30:00 AM,4.7,86.4,4.6,2.6,point
2025-09-18 04:00:00 AM,4.7,87.2,4.7,2.8,point
2025-09-18 04:30:00 AM,4.7,86.8,4.7,2.7,point
2025-09-18 05:00:00 AM,4.6,86.4,4.5,2.5,point
2025-09-18 05:30:00 AM,4.7,87.4,4.7,2.8,point
2025-09-18 06:00:00 AM,4.9,87.9,4.9,3.1,point
2025-09-18 06:30:00 AM,4.9,88.0,4.9,3.1,point
2025-09-18 07:00:00 AM,4.8,87.3,4.7,2.9,point
2025-09-18 07:30:00 AM,4.9,87.9,4.8,3.1,point
2025-09-18 08:00:00 AM,8.2,96.5,8.5,7.7,point
2025-09-18 08:30:00 AM,14.9,100.0,15.5,14.9,point
2025-09-18 09:00:00 AM,20.8,93.4,21.6,19.7,point
2025-09-18 09:30:00 AM,22.0,85.5,22.8,19.4,point
2025-09-18 10:00:00 AM,22.0,83.5,22.9,19.1,point
2025-09-18 10:30:00 AM,22.1,82.5,22.9,19.0,point
2025-09-18 11:00:00 AM,22.2,81.9,23.0,19.0,point
2025-09-18 11:30:00 AM,22.1,82.4,22.9,19.0,point
2025-09-18 12:00:00 PM,22.3,82.2,23.0,19.1,point
2025-09-18 12:30:00 PM,22.1,80.3,22.9,18.6,point
2025-09-18 01:00:00 PM,22.2,79.9,22.9,18.5,point
2025-09-18 01:30:00 PM,22.2,82.9,23.0,19.1,point
2025-09-18 02:00:00 PM,22.4,81.3,23.1,19.0,point
2025-09-18 02:30:00 PM,22.4,81.5,23.1,19.1,point
2025-09-18 03:00:00 PM,22.4,80.5,23.1,18.9,point
2025-09-18 03:30:00 PM,22.6,80.3,23.3,19.0,point
2025-09-18 04:00:00 PM,22.6,80.6,23.5,19.1,point
2025-09-18 04:30:00 PM,22.5,81.4,23.2,19.1,point
2025-09-18 05:00:00 PM,20.1,83.4,20.5,17.2,point
2025-09-18 05:30:00 PM,21.6,82.7,22.4,18.5,point
2025-09-18 06:00:00 PM,21.5,83.0,22.1,18.5,point
2025-09-18 06:30:00 PM,21.4,82.3,22.0,18.3,point
2025-09-18 07:00:00 PM,21.4,82.7,22.0,18.3,point
2025-09-18 07:30:00 PM,21.3,83.4,22.0,18.4,point
2025-09-18 08:00:00 PM,21.4,83.2,22.1,18.4,point
2025-09-18 08:30:00 PM,21.4,83.0,22.0,18.4,point
2025-09-18 09:00:00 PM,17.2,72.7,16.5,12.2,point
2025-09-18 09:30:00 PM,10.5,66.9,9.8,4.6,point
2025-09-18 10:00:00 PM,6.3,77.4,6.0,2.6,point
2025-09-18 10:30:00 PM,5.4,82.0,5.3,2.6,point
2025-09-18 11:00:00 PM,5.0,84.5,5.0,2.6,point
2025-09-18 11:30:00 PM,4.8,85.6,4.7,2.5,point
2025-09-19 12:00:00 AM,4.9,86.5,4.8,2.8,point
2025-09-19 12:30:00 AM,4.9,85.3,4.8,2.6,point
2025-09-19 01:00:00 AM,4.9,87.7,4.9,3.1,point
2025-09-19 01:30:00 AM,4.6,86.8,4.5,2.6,point
2025-09-19 02:00:00 AM,4.7,87.9,4.6,2.8,point
2025-09-19 02:30:00 AM,4.8,87.3,4.7,2.9,point
2025-09-19 03:00:00 AM,4.8,88.3,4.7,3.0,point
2025-09-19 03:30:00 AM,4.7,87.6,4.6,2.8,point
2025-09-19 04:00:00 AM,4.8,88.2,4.8,3.1,point
2025-09-19 04:30:00 AM,4.6,88.0,4.6,2.8,point
2025-09-19 05:00:00 AM,4.8,88.5,4.7,3.0,point
2025-09-19 05:30:00 AM,4.7,89.2,4.6,3.0,point
2025-09-19 06:00:00 AM,4.7,87.5,4.6,2.8,point
2025-09-19 06:30:00 AM,4.7,88.7,4.7,3.0,point
2025-09-19 07:00:00 AM,4.7,88.8,4.7,3.0,point
2025-09-19 07:30:00 AM,4.5,88.6,4.5,2.8,point
2025-09-19 08:00:00 AM,8.2,97.7,8.4,7.8,point
2025-09-19 08:30:00 AM,14.8,100.0,15.5,14.8,point
2025-09-19 09:00:00 AM,20.0,98.1,21.0,19.7,point
2025-09-19 09:30:00 AM,20.8,86.8,21.5,18.5,point
2025-09-19 10:00:00 AM,21.0,86.9,21.7,18.8,point
2025-09-19 10:30:00 AM,20.9,86.0,21.4,18.4,point
2025-09-19 11:00:00 AM,20.9,85.7,21.4,18.4,point
2025-09-19 11:30:00 AM,21.0,84.9,21.6,18.4,point
2025-09-19 12:00:00 PM,21.1,84.7,21.8,18.4,point
2025-09-19 12:30:00 PM,21.3,84.5,22.0,18.6,point
2025-09-19 01:00:00 PM,21.1,84.3,21.8,18.4,point
2025-09-19 01:30:00 PM,21.2,84.2,21.9,18.5,point
2025-09-19 02:00:00 PM,20.1,85.5,20.4,17.5,point
2025-09-19 02:30:00 PM,20.4,87.6,21.0,18.3,point
2025-09-19 03:00:00 PM,19.9,87.3,20.4,17.8,point
2025-09-19 03:30:00 PM,22.1,82.5,23.0,19.0,point
2025-09-19 04:00:00 PM,21.9,83.0,22.7,18.9,point
2025-09-19 04:30:00 PM,22.1,82.8,22.9,19.0,point
2025-09-19 05:00:00 PM,22.0,81.7,22.8,18.7,point
2025-09-19 05:30:00 PM,21.8,83.1,22.6,18.8,point
2025-09-19 06:00:00 PM,21.7,82.3,22.4,18.6,point
2025-09-19 06:30:00 PM,22.1,83.0,23.0,19.1,point
2025-09-19 07:00:00 PM,22.0,83.5,22.9,19.1,point
2025-09-19 07:30:00 PM,22.1,82.5,22.8,18.9,point
2025-09-19 08:00:00 PM,22.6,83.3,23.5,19.6,point
2025-09-19 08:30:00 PM,22.1,83.2,23.0,19.1,point
2025-09-19 09:00:00 PM,19.7,74.7,19.6,15.1,point
2025-09-19 09:30:00 PM,10.0,68.9,9.5,4.6,point
2025-09-19 10:00:00 PM,6.1,78.8,6.0,2.8,point
2025-09-19 10:30:00 PM,5.6,83.5,5.5,3.0,point
2025-09-19 11:00:00 PM,5.3,84.7,5.3,3.0,point
2025-09-19 11:30:00 PM,5.3,86.2,5.3,3.2,point
2025-09-20 12:00:00 AM,5.1,86.1,5.0,2.9,point
2025-09-20 12:30:00 AM,5.1,87.2,5.1,3.1,point
2025-09-20 01:00:00 AM,4.9,86.1,4.9,2.8,point
2025-09-20 01:30:00 AM,5.1,87.4,5.0,3.2,point
2025-09-20 02:00:00 AM,5.2,86.7,5.1,3.1,point
2025-09-20 02:30:00 AM,4.8,87.6,4.8,2.9,point
2025-09-20 03:00:00 AM,4.7,87.5,4.7,2.9,point
2025-09-20 03:30:00 AM,4.9,87.7,4.8,3.0,point
2025-09-20 04:00:00 AM,4.9,87.9,4.8,3.0,point
2025-09-20 04:30:00 AM,4.8,88.0,4.7,3.0,point
2025-09-20 05:00:00 AM,4.9,87.8,4.9,3.0,point
2025-09-20 05:30:00 AM,4.9,87.8,4.8,3.0,point
2025-09-20 06:00:00 AM,5.0,88.0,4.9,3.2,point
2025-09-20 06:30:00 AM,5.2,88.4,5.1,3.4,point
2025-09-20 07:00:00 AM,4.6,87.2,4.6,2.7,point
2025-09-20 07:30:00 AM,4.9,88.0,4.9,3.1,point
2025-09-20 08:00:00 AM,7.9,96.9,8.2,7.5,point
2025-09-20 08:30:00 AM,13.6,100.0,14.1,13.6,point
2025-09-20 09:00:00 AM,20.4,100.0,21.4,20.4,point
2025-09-20 09:30:00 AM,21.1,85.9,21.6,18.6,point
2025-09-20 10:00:00 AM,21.2,85.8,21.8,18.7,point
2025-09-20 10:30:00 AM,21.2,85.6,21.9,18.7,point
2025-09-20 11:00:00 AM,21.5,85.0,22.1,18.8,point
2025-09-20 11:30:00 AM,21.4,84.5,22.1,18.7,point
2025-09-20 12:00:00 PM,21.7,84.3,22.5,18.9,point
2025-09-20 12:30:00 PM,21.6,84.5,22.3,18.8,point
2025-09-20 01:00:00 PM,21.6,84.5,22.4,18.9,point
2025-09-20 01:30:00 PM,21.7,84.4,22.4,18.9,point
2025-09-20 02:00:00 PM,21.5,84.8,22.3,18.8,point
2025-09-20 02:30:00 PM,21.6,84.7,22.4,18.9,point
2025-09-20 03:00:00 PM,21.6,82.9,22.3,18.5,point
2025-09-20 03:30:00 PM,21.7,84.6,22.5,19.0,point
2025-09-20 04:00:00 PM,21.9,84.6,22.6,19.2,point
2025-09-20 04:30:00 PM,21.8,84.0,22.5,18.9,point
2025-09-20 05:00:00 PM,21.9,83.9,22.8,19.1,point
2025-09-20 05:30:00 PM,22.0,83.8,22.8,19.1,point
2025-09-20 06:00:00 PM,21.6,81.5,22.2,18.3,point
2025-09-20 06:30:00 PM,21.2,81.4,21.8,17.9,point
2025-09-20 07:00:00 PM,22.0,83.4,22.9,19.1,point
2025-09-20 07:30:00 PM,21.7,83.6,22.5,18.8,point
2025-09-20 08:00:00 PM,21.6,82.7,22.4,18.6,point
2025-09-20 08:30:00 PM,21.6,82.8,22.3,18.5,point
2025-09-20 09:00:00 PM,19.4,69.2,19.0,13.7,point
2025-09-20 09:30:00 PM,10.8,66.6,10.1,4.8,point
2025-09-20 10:00:00 PM,6.2,76.7,5.9,2.4,point
2025-09-20 10:30:00 PM,5.5,82.7,5.4,2.8,point
2025-09-20 11:00:00 PM,5.5,85.0,5.5,3.2,point
2025-09-20 11:30:00 PM,5.2,85.2,5.2,2.9,point
2025-09-21 12:00:00 AM,5.2,86.2,5.1,3.0,point
2025-09-21 12:30:00 AM,5.2,86.5,5.1,3.1,point
2025-09-21 01:00:00 AM,5.0,86.7,5.0,3.0,point
2025-09-21 01:30:00 AM,5.0,86.6,4.9,2.9,point
2025-09-21 02:00:00 AM,5.2,87.9,5.2,3.4,point
2025-09-21 02:30:00 AM,5.0,86.8,4.9,3.0,point
2025-09-21 03:00:00 AM,5.0,88.4,5.0,3.3,point
2025-09-21 03:30:00 AM,5.0,87.2,4.9,3.0,point
2025-09-21 04:00:00 AM,4.8,87.2,4.8,2.9,point
2025-09-21 04:30:00 AM,4.7,87.1,4.7,2.8,point
2025-09-21 05:00:00 AM,4.7,87.5,4.7,2.8,point
2025-09-21 05:30:00 AM,4.6,86.4,4.6,2.5,point
2025-09-21 06:00:00 AM,4.8,88.0,4.7,3.0,point
2025-09-21 06:30:00 AM,5.0,88.7,5.0,3.3,point
2025-09-21 07:00:00 AM,4.7,86.9,4.6,2.7,point
2025-09-21 07:30:00 AM,4.7,87.8,4.7,2.9,point
2025-09-21 08:00:00 AM,7.8,96.8,8.0,7.4,point
2025-09-21 08:30:00 AM,15.1,100.0,15.8,15.1,point
2025-09-21 09:00:00 AM,20.3,100.0,21.2,20.3,point
2025-09-21 09:30:00 AM,21.1,87.8,21.7,19.0,point
2025-09-21 10:00:00 AM,21.2,86.5,22.0,18.9,point
2025-09-21 10:30:00 AM,21.1,84.7,21.8,18.4,point
2025-09-21 11:00:00 AM,21.2,85.2,21.8,18.6,point
2025-09-21 11:30:00 AM,21.4,84.3,22.1,18.7,point
2025-09-21 12:00:00 PM,21.1,83.8,21.8,18.3,point
2025-09-21 12:30:00 PM,21.2,84.0,21.9,18.4,point
2025-09-21 01:00:00 PM,20.9,82.5,21.4,17.8,point
2025-09-21 01:30:00 PM,21.9,87.0,22.9,19.6,point
2025-09-21 02:00:00 PM,21.4,83.3,22.1,18.5,point
2025-09-21 02:30:00 PM,21.6,83.8,22.4,18.8,point
2025-09-21 03:00:00 PM,21.5,83.8,22.1,18.6,point
2025-09-21 03:30:00 PM,21.5,83.8,22.1,18.6,point
2025-09-21 04:00:00 PM,21.6,83.2,22.3,18.6,point
2025-09-21 04:30:00 PM,21.6,83.8,22.3,18.7,point
2025-09-21 05:00:00 PM,21.5,83.5,22.3,18.6,point
2025-09-21 05:30:00 PM,21.5,83.3,22.1,18.5,point
2025-09-21 06:00:00 PM,21.4,83.8,22.1,18.6,point
2025-09-21 06:30:00 PM,21.4,83.3,22.1,18.5,point
2025-09-21 07:00:00 PM,21.6,82.7,22.4,18.5,point
2025-09-21 07:30:00 PM,21.4,81.5,21.9,18.1,point
2025-09-21 08:00:00 PM,21.6,83.4,22.4,18.7,point
2025-09-21 08:30:00 PM,21.5,82.8,22.3,18.5,point
2025-09-21 09:00:00 PM,19.7,70.8,19.4,14.3,point
2025-09-21 09:30:00 PM,11.4,67.5,10.8,5.6,point
2025-09-21 10:00:00 PM,6.2,77.8,6.0,2.6,point
2025-09-21 10:30:00 PM,5.5,82.8,5.5,2.8,point
2025-09-21 11:00:00 PM,5.2,84.4,5.2,2.8,point
2025-09-21 11:30:00 PM,5.1,85.4,5.1,2.9,point
2025-09-22 12:00:00 AM,4.9,86.1,4.9,2.8,point
2025-09-22 12:30:00 AM,4.7,86.2,4.7,2.6,point
2025-09-22 01:00:00 AM,4.7,86.5,4.7,2.7,point
2025-09-22 01:30:00 AM,5.0,86.1,4.9,2.8,point
2025-09-22 02:00:00 AM,4.8,86.7,4.8,2.8,point
2025-09-22 02:30:00 AM,4.7,86.6,4.6,2.6,point
2025-09-22 03:00:00 AM,4.9,87.3,4.8,2.9,point
2025-09-22 03:30:00 AM,4.9,87.8,4.8,3.0,point
2025-09-22 04:00:00 AM,4.9,87.0,4.8,2.9,point
2025-09-22 04:30:00 AM,4.9,87.6,4.9,3.0,point
2025-09-22 05:00:00 AM,5.0,87.1,4.9,3.0,point
2025-09-22 05:30:00 AM,4.9,87.7,4.8,3.0,point
2025-09-22 06:00:00 AM,4.8,87.1,4.7,2.8,point
2025-09-22 06:30:00 AM,4.9,88.6,4.9,3.2,point
2025-09-22 07:00:00 AM,4.9,87.9,4.9,3.1,point
2025-09-22 07:30:00 AM,4.8,87.7,4.8,3.0,point
2025-09-22 08:00:00 AM,7.8,96.3,8.0,7.3,point
2025-09-22 08:30:00 AM,14.7,100.0,15.4,14.7,point
2025-09-22 09:00:00 AM,20.2,100.0,21.2,20.2,point
2025-09-22 09:30:00 AM,20.8,87.4,21.4,18.6,point
2025-09-22 10:00:00 AM,21.3,86.2,22.0,18.9,point
2025-09-22 10:30:00 AM,21.0,85.9,21.6,18.6,point
2025-09-22 11:00:00 AM,20.7,83.2,21.3,17.8,point
2025-09-22 11:30:00 AM,21.6,83.4,22.4,18.7,point
2025-09-22 12:00:00 PM,21.4,84.9,22.1,18.8,point
2025-09-22 12:30:00 PM,21.4,84.6,22.1,18.7,point
2025-09-22 01:00:00 PM,21.3,82.9,21.9,18.2,point
2025-09-22 01:30:00 PM,21.5,85.0,22.3,18.9,point
2025-09-22 02:00:00 PM,21.4,83.1,22.1,18.5,point
2025-09-22 02:30:00 PM,21.5,84.4,22.3,18.8,point
2025-09-22 03:00:00 PM,21.4,84.2,22.0,18.6,point
2025-09-22 03:30:00 PM,21.2,84.0,21.9,18.4,point
2025-09-22 04:00:00 PM,20.9,81.5,21.4,17.6,point
2025-09-22 04:30:00 PM,20.9,81.7,21.4,17.7,point
2025-09-22 05:00:00 PM,21.9,84.4,22.6,19.1,point
2025-09-22 05:30:00 PM,21.5,83.4,22.3,18.6,point
2025-09-22 06:00:00 PM,21.5,84.3,22.3,18.8,point
2025-09-22 06:30:00 PM,21.6,83.3,22.3,18.6,point
2025-09-22 07:00:00 PM,21.6,83.0,22.4,18.6,point
2025-09-22 07:30:00 PM,21.6,84.3,22.4,18.8,point
2025-09-22 08:00:00 PM,21.4,82.1,22.0,18.2,point
2025-09-22 08:30:00 PM,21.3,82.9,22.0,18.3,point
2025-09-22 09:00:00 PM,19.6,70.2,19.2,14.0,point
2025-09-22 09:30:00 PM,11.8,65.6,11.0,5.5,point
2025-09-22 10:00:00 PM,6.4,77.3,6.2,2.8,point
2025-09-22 10:30:00 PM,5.2,84.3,5.2,2.8,point
2025-09-22 11:00:00 PM,5.2,83.8,5.2,2.7,point
2025-09-22 11:30:00 PM,5.2,85.2,5.2,2.9,point
2025-09-23 12:00:00 AM,5.3,86.3,5.2,3.2,point
2025-09-23 12:30:00 AM,5.3,86.4,5.3,3.2,point
2025-09-23 01:00:00 AM,5.2,86.2,5.2,3.1,point
2025-09-23 01:30:00 AM,5.2,85.7,5.1,3.0,point
2025-09-23 02:00:00 AM,4.9,86.6,4.9,2.9,point
2025-09-23 02:30:00 AM,5.2,87.7,5.2,3.3,point
2025-09-23 03:00:00 AM,5.1,87.6,5.0,3.2,point
2025-09-23 03:30:00 AM,4.7,86.1,4.7,2.6,point
2025-09-23 04:00:00 AM,5.2,87.7,5.2,3.4,point
2025-09-23 04:30:00 AM,5.0,87.2,4.9,3.0,point
2025-09-23 05:00:00 AM,5.0,87.4,5.0,3.1,point
2025-09-23 05:30:00 AM,5.2,88.2,5.1,3.4,point
2025-09-23 06:00:00 AM,5.3,87.3,5.2,3.3,point
2025-09-23 06:30:00 AM,5.1,87.9,5.0,3.2,point
2025-09-23 07:00:00 AM,5.0,86.5,4.9,2.9,point
2025-09-23 07:30:00 AM,5.2,88.2,5.2,3.4,point
2025-09-23 08:00:00 AM,8.3,96.8,8.5,7.8,point
2025-09-23 08:30:00 AM,14.5,100.0,15.2,14.5,point
2025-09-23 09:00:00 AM,20.3,99.3,21.3,20.2,point
2025-09-23 09:30:00 AM,21.3,86.3,21.9,18.9,point
2025-09-23 10:00:00 AM,21.0,83.5,21.6,18.1,point
2025-09-23 10:30:00 AM,21.2,83.2,21.9,18.2,point
2025-09-23 11:00:00 AM,21.1,82.8,21.8,18.1,point
2025-09-23 11:30:00 AM,21.9,81.9,22.7,18.7,point
2025-09-23 12:00:00 PM,21.4,82.1,21.9,18.2,point
2025-09-23 12:30:00 PM,21.4,83.3,22.1,18.5,point
2025-09-23 01:00:00 PM,21.5,82.8,22.3,18.5,point
2025-09-23 01:30:00 PM,21.8,83.1,22.5,18.8,point
2025-09-23 02:00:00 PM,21.6,82.3,22.3,18.4,point
2025-09-23 02:30:00 PM,21.5,82.6,22.3,18.4,point
2025-09-23 03:00:00 PM,21.8,82.1,22.4,18.6,point
2025-09-23 03:30:00 PM,21.6,82.5,22.2,18.5,point
2025-09-23 04:00:00 PM,21.5,82.3,22.0,18.3,point
2025-09-23 04:30:00 PM,21.6,82.2,22.3,18.4,point
2025-09-23 05:00:00 PM,21.6,82.7,22.4,18.5,point
2025-09-23 05:30:00 PM,21.7,81.8,22.3,18.4,point
2025-09-23 06:00:00 PM,21.6,82.9,22.3,18.5,point
2025-09-23 06:30:00 PM,21.6,82.9,22.4,18.6,point
2025-09-23 07:00:00 PM,21.5,81.8,22.0,18.2,point
2025-09-23 07:30:00 PM,21.4,83.1,22.0,18.4,point
2025-09-23 08:00:00 PM,21.6,81.8,22.2,18.3,point
2025-09-23 08:30:00 PM,21.6,82.8,22.4,18.6,point
2025-09-23 09:00:00 PM,19.7,70.4,19.4,14.2,point
2025-09-23 09:30:00 PM,10.9,67.4,10.3,5.1,point
2025-09-23 10:00:00 PM,5.9,77.1,5.7,2.2,point
2025-09-23 10:30:00 PM,5.5,83.3,5.4,2.9,point
2025-09-23 11:00:00 PM,5.2,84.5,5.1,2.8,point
2025-09-23 11:30:00 PM,5.2,85.6,5.1,3.0,point
2025-09-24 12:00:00 AM,5.1,86.2,5.1,3.0,point
2025-09-24 12:30:00 AM,4.9,85.3,4.8,2.6,point
2025-09-24 01:00:00 AM,4.9,86.6,4.8,2.8,point
2025-09-24 01:30:00 AM,4.8,86.4,4.7,2.7,point
2025-09-24 02:00:00 AM,4.9,86.8,4.9,2.9,point
2025-09-24 02:30:00 AM,4.9,86.3,4.9,2.8,point
2025-09-24 03:00:00 AM,4.8,86.6,4.7,2.7,point
2025-09-24 03:30:00 AM,5.2,88.2,5.1,3.4,point
2025-09-24 04:00:00 AM,4.9,86.7,4.8,2.9,point
2025-09-24 04:30:00 AM,5.0,86.5,5.0,3.0,point
2025-09-24 05:00:00 AM,4.9,86.7,4.8,2.8,point
2025-09-24 05:30:00 AM,4.8,87.3,4.8,2.9,point
2025-09-24 06:00:00 AM,4.9,88.1,4.9,3.1,point
2025-09-24 06:30:00 AM,5.1,88.9,5.0,3.4,point
2025-09-24 07:00:00 AM,4.8,86.6,4.7,2.7,point
2025-09-24 07:30:00 AM,5.1,87.4,5.1,3.2,point
2025-09-24 08:00:00 AM,7.7,95.6,7.8,7.0,point
2025-09-24 08:30:00 AM,14.4,100.0,15.1,14.4,point
2025-09-24 09:00:00 AM,20.3,100.0,21.2,20.3,point
2025-09-24 09:30:00 AM,21.1,85.6,21.8,18.6,point
2025-09-24 10:00:00 AM,21.5,84.8,22.3,18.8,point
2025-09-24 10:30:00 AM,21.4,84.0,22.0,18.6,point
2025-09-24 11:00:00 AM,21.5,83.7,22.3,18.6,point
2025-09-24 11:30:00 AM,21.6,83.2,22.4,18.6,point
2025-09-24 12:00:00 PM,21.7,83.5,22.5,18.8,point
2025-09-24 12:30:00 PM,21.8,82.7,22.5,18.7,point
2025-09-24 01:00:00 PM,21.7,82.9,22.4,18.7,point
2025-09-24 01:30:00 PM,21.8,81.6,22.4,18.5,point
2025-09-24 02:00:00 PM,21.6,82.1,22.3,18.4,point
2025-09-24 02:30:00 PM,21.8,82.3,22.4,18.6,point
2025-09-24 03:00:00 PM,21.8,81.9,22.5,18.6,point
2025-09-24 03:30:00 PM,21.8,82.2,22.4,18.6,point
2025-09-24 04:00:00 PM,21.5,81.8,22.2,18.3,point
2025-09-24 04:30:00 PM,21.7,82.2,22.3,18.5,point
2025-09-24 05:00:00 PM,21.9,82.3,22.5,18.7,point
2025-09-24 05:30:00 PM,21.7,82.2,22.4,18.5,point
2025-09-24 06:00:00 PM,21.6,81.5,22.3,18.3,point
2025-09-24 06:30:00 PM,21.6,81.5,22.3,18.3,point
2025-09-24 07:00:00 PM,21.6,81.0,22.2,18.1,point
2025-09-24 07:30:00 PM,21.6,82.5,22.2,18.5,point
2025-09-24 08:00:00 PM,21.6,81.2,22.2,18.2,point
2025-09-24 08:30:00 PM,21.5,80.8,22.0,18.0,point
2025-09-24 09:00:00 PM,20.2,72.1,20.1,15.0,point
2025-09-24 09:30:00 PM,10.9,67.2,10.2,5.0,point
2025-09-24 10:00:00 PM,6.1,77.5,5.9,2.5,point
2025-09-24 10:30:00 PM,5.3,82.8,5.3,2.6,point
2025-09-24 11:00:00 PM,5.1,84.0,5.1,2.6,point
2025-09-24 11:30:00 PM,5.1,85.2,5.1,2.8,point
2025-09-25 12:00:00 AM,5.0,85.6,5.0,2.8,point
2025-09-25 12:30:00 AM,5.0,86.1,5.0,2.9,point
2025-09-25 01:00:00 AM,5.1,86.8,5.0,3.1,point
2025-09-25 01:30:00 AM,5.1,86.5,5.1,3.1,point
2025-09-25 02:00:00 AM,4.9,86.3,4.8,2.8,point
2025-09-25 02:30:00 AM,4.9,87.0,4.9,3.0,point
2025-09-25 03:00:00 AM,4.9,86.9,4.8,2.9,point
2025-09-25 03:30:00 AM,4.8,87.0,4.7,2.8,point
2025-09-25 04:00:00 AM,4.9,87.2,4.8,2.9,point
2025-09-25 04:30:00 AM,5.0,87.6,5.0,3.1,point
2025-09-25 05:00:00 AM,4.8,86.7,4.7,2.8,point
2025-09-25 05:30:00 AM,5.2,87.1,5.2,3.3,point
2025-09-25 06:00:00 AM,5.3,87.8,5.3,3.5,point
2025-09-25 06:30:00 AM,5.1,87.2,5.1,3.2,point
2025-09-25 07:00:00 AM,5.5,87.7,5.4,3.6,point
2025-09-25 07:30:00 AM,5.1,86.6,5.0,3.0,point
2025-09-25 08:00:00 AM,8.3,96.3,8.6,7.8,point
2025-09-25 08:30:00 AM,14.6,100.0,15.3,14.6,point
2025-09-25 09:00:00 AM,20.4,100.0,21.3,20.4,point
2025-09-25 09:30:00 AM,21.1,85.4,21.6,18.5,point
2025-09-25 10:00:00 AM,21.4,83.7,22.1,18.6,point
2025-09-25 10:30:00 AM,21.7,82.2,22.3,18.5,point
2025-09-25 11:00:00 AM,21.7,82.8,22.5,18.7,point
2025-09-25 11:30:00 AM,21.8,82.8,22.6,18.8,point
2025-09-25 12:00:00 PM,21.7,83.5,22.4,18.8,point
2025-09-25 12:30:00 PM,21.9,82.3,22.5,18.7,point
2025-09-25 01:00:00 PM,21.9,82.5,22.6,18.8,point
2025-09-25 01:30:00 PM,21.8,82.0,22.4,18.6,point
2025-09-25 02:00:00 PM,21.9,81.5,22.5,18.6,point
2025-09-25 02:30:00 PM,21.6,81.8,22.3,18.4,point
2025-09-25 03:00:00 PM,21.8,81.7,22.4,18.5,point
2025-09-25 03:30:00 PM,21.8,82.5,22.5,18.7,point
2025-09-25 04:00:00 PM,21.8,81.8,22.4,18.5,point
2025-09-25 04:30:00 PM,21.7,81.0,22.3,18.3,point
2025-09-25 05:00:00 PM,21.6,81.5,22.3,18.3,point
2025-09-25 05:30:00 PM,21.5,82.4,22.2,18.4,point
2025-09-25 06:00:00 PM,21.2,79.6,21.6,17.5,point
2025-09-25 06:30:00 PM,21.5,80.9,22.2,18.1,point
2025-09-25 07:00:00 PM,21.1,80.7,21.6,17.6,point
2025-09-25 07:30:00 PM,20.9,80.6,21.3,17.4,point
2025-09-25 08:00:00 PM,20.6,80.6,21.0,17.2,point
2025-09-25 08:30:00 PM,20.6,80.5,21.0,17.1,point
2025-09-25 09:00:00 PM,20.6,77.2,20.9,16.5,point
2025-09-25 09:30:00 PM,11.8,64.8,11.0,5.3,point
2025-09-25 10:00:00 PM,5.5,76.0,5.2,1.6,point
2025-09-25 10:30:00 PM,5.0,82.2,4.8,2.2,point
2025-09-25 11:00:00 PM,4.9,84.8,4.8,2.5,point
2025-09-25 11:30:00 PM,4.9,84.8,4.8,2.5,point
2025-09-26 12:00:00 AM,4.8,85.9,4.8,2.7,point
2025-09-26 12:30:00 AM,4.8,86.0,4.8,2.7,point
2025-09-26 01:00:00 AM,4.9,85.9,4.8,2.7,point
2025-09-26 01:30:00 AM,5.0,86.5,4.9,2.9,point
2025-09-26 02:00:00 AM,4.9,86.2,4.8,2.8,point
2025-09-26 02:30:00 AM,4.5,86.5,4.5,2.5,point
2025-09-26 03:00:00 AM,4.6,86.5,4.6,2.6,point
2025-09-26 03:30:00 AM,4.8,87.4,4.7,2.9,point
2025-09-26 04:00:00 AM,4.8,87.1,4.7,2.8,point
2025-09-26 04:30:00 AM,4.9,88.1,4.8,3.1,point
2025-09-26 05:00:00 AM,4.5,86.9,4.5,2.5,point
2025-09-26 05:30:00 AM,4.6,87.3,4.6,2.7,point
2025-09-26 06:00:00 AM,4.9,87.7,4.8,3.0,point
2025-09-26 06:30:00 AM,4.6,86.9,4.5,2.6,point
2025-09-26 07:00:00 AM,4.8,86.9,4.8,2.9,point
2025-09-26 07:30:00 AM,4.8,86.8,4.8,2.8,point
2025-09-26 08:00:00 AM,7.6,96.2,7.8,7.1,point
2025-09-26 08:30:00 AM,14.5,100.0,15.1,14.4,point
2025-09-26 09:00:00 AM,19.9,100.0,20.9,19.9,point
2025-09-26 09:30:00 AM,20.6,86.6,21.3,18.3,point
2025-09-26 10:00:00 AM,21.0,85.8,21.5,18.5,point
2025-09-26 10:30:00 AM,20.9,84.0,21.5,18.1,point
2025-09-26 11:00:00 AM,21.2,84.5,21.9,18.5,point
2025-09-26 11:30:00 AM,21.1,82.8,21.8,18.1,point
2025-09-26 12:00:00 PM,21.5,83.5,22.3,18.6,point
2025-09-26 12:30:00 PM,21.6,82.8,22.4,18.6,point
2025-09-26 01:00:00 PM,21.3,83.1,22.0,18.4,point
2025-09-26 01:30:00 PM,21.2,82.8,21.9,18.2,point
2025-09-26 02:00:00 PM,21.1,82.9,21.8,18.1,point
2025-09-26 02:30:00 PM,21.6,82.1,22.2,18.4,point
2025-09-26 03:00:00 PM,21.9,83.8,22.6,19.0,point
2025-09-26 03:30:00 PM,20.0,86.0,20.3,17.6,point
2025-09-26 04:00:00 PM,22.2,83.2,23.0,19.2,point
2025-09-26 04:30:00 PM,22.0,81.3,22.6,18.6,point
2025-09-26 05:00:00 PM,22.0,82.1,22.8,18.8,point
2025-09-26 05:30:00 PM,20.0,84.3,20.4,17.3,point
2025-09-26 06:00:00 PM,20.2,84.0,20.6,17.4,point
2025-09-26 06:30:00 PM,20.1,84.9,20.5,17.5,point
2025-09-26 07:00:00 PM,20.2,84.7,20.7,17.6,point
2025-09-26 07:30:00 PM,20.3,83.5,20.8,17.4,point
2025-09-26 08:00:00 PM,20.5,86.8,21.1,18.2,point
2025-09-26 08:30:00 PM,20.5,86.1,20.9,18.1,point
2025-09-26 09:00:00 PM,18.4,75.0,17.9,13.8,point
2025-09-26 09:30:00 PM,11.3,66.4,10.6,5.2,point
2025-09-26 10:00:00 PM,6.6,77.9,6.4,3.0,point
2025-09-26 10:30:00 PM,5.7,82.6,5.7,3.0,point
2025-09-26 11:00:00 PM,5.3,83.8,5.2,2.8,point
2025-09-26 11:30:00 PM,5.2,85.3,5.1,2.9,point
2025-09-27 12:00:00 AM,5.1,86.0,5.0,2.9,point
2025-09-27 12:30:00 AM,4.9,86.3,4.9,2.8,point
2025-09-27 01:00:00 AM,5.0,86.8,4.9,3.0,point
2025-09-27 01:30:00 AM,4.8,86.7,4.8,2.8,point
2025-09-27 02:00:00 AM,4.8,86.7,4.8,2.8,point
2025-09-27 02:30:00 AM,4.8,86.9,4.7,2.8,point
2025-09-27 03:00:00 AM,4.8,87.8,4.8,3.0,point
2025-09-27 03:30:00 AM,4.7,87.3,4.6,2.7,point
2025-09-27 04:00:00 AM,4.8,88.2,4.8,3.1,point
2025-09-27 04:30:00 AM,4.8,87.7,4.7,2.9,point
2025-09-27 05:00:00 AM,4.8,88.3,4.8,3.0,point
2025-09-27 05:30:00 AM,4.7,87.3,4.6,2.8,point
2025-09-27 06:00:00 AM,4.9,88.1,4.8,3.1,point
2025-09-27 06:30:00 AM,5.0,88.8,5.0,3.3,point
2025-09-27 07:00:00 AM,5.0,87.4,4.9,3.1,point
2025-09-27 07:30:00 AM,4.9,87.2,4.8,2.9,point
2025-09-27 08:00:00 AM,8.3,98.0,8.6,8.0,point
2025-09-27 08:30:00 AM,15.4,100.0,16.0,15.4,point
2025-09-27 09:00:00 AM,19.2,100.0,20.1,19.2,point
2025-09-27 09:30:00 AM,19.6,90.6,20.1,18.0,point
2025-09-27 10:00:00 AM,19.8,89.1,20.3,18.0,point
2025-09-27 10:30:00 AM,19.8,88.8,20.2,17.9,point
2025-09-27 11:00:00 AM,20.1,88.4,20.6,18.1,point
2025-09-27 11:30:00 AM,20.3,88.4,20.8,18.3,point
2025-09-27 12:00:00 PM,20.2,88.3,20.8,18.2,point
2025-09-27 12:30:00 PM,20.2,87.6,20.8,18.1,point
2025-09-27 01:00:00 PM,20.0,85.0,20.3,17.4,point
2025-09-27 01:30:00 PM,20.3,86.0,20.7,17.9,point
2025-09-27 02:00:00 PM,20.3,86.2,20.7,17.9,point
2025-09-27 02:30:00 PM,20.5,86.9,21.0,18.2,point
2025-09-27 03:00:00 PM,20.5,86.3,21.0,18.1,point
2025-09-27 03:30:00 PM,20.2,85.5,20.5,17.7,point
2025-09-27 04:00:00 PM,20.5,86.5,21.1,18.2,point
2025-09-27 04:30:00 PM,20.1,85.0,20.5,17.5,point
2025-09-27 05:00:00 PM,20.2,85.6,20.5,17.7,point
2025-09-27 05:30:00 PM,20.3,86.4,20.9,18.0,point
2025-09-27 06:00:00 PM,20.4,87.1,21.0,18.2,point
2025-09-27 06:30:00 PM,20.1,85.7,20.4,17.6,point
2025-09-27 07:00:00 PM,20.1,86.3,20.6,17.8,point
2025-09-27 07:30:00 PM,20.0,85.6,20.4,17.5,point
2025-09-27 08:00:00 PM,20.1,87.3,20.6,18.0,point
2025-09-27 08:30:00 PM,20.2,86.5,20.8,17.9,point
2025-09-27 09:00:00 PM,18.2,75.3,17.8,13.8,point
2025-09-27 09:30:00 PM,11.9,65.3,11.1,5.5,point
2025-09-27 10:00:00 PM,6.8,75.6,6.5,2.8,point
2025-09-27 10:30:00 PM,5.8,81.7,5.6,2.9,point
2025-09-27 11:00:00 PM,5.4,83.8,5.4,2.9,point
2025-09-27 11:30:00 PM,5.2,85.3,5.2,3.0,point
2025-09-28 12:00:00 AM,5.2,86.2,5.2,3.1,point
2025-09-28 12:30:00 AM,5.0,86.0,4.9,2.8,point
2025-09-28 01:00:00 AM,5.0,86.0,4.9,2.8,point
2025-09-28 01:30:00 AM,4.8,86.3,4.7,2.7,point
2025-09-28 02:00:00 AM,4.9,87.2,4.8,3.0,point
2025-09-28 02:30:00 AM,4.8,86.5,4.8,2.8,point
2025-09-28 03:00:00 AM,4.8,87.7,4.8,2.9,point
2025-09-28 03:30:00 AM,5.0,87.7,4.9,3.1,point
2025-09-28 04:00:00 AM,4.8,87.2,4.7,2.8,point
2025-09-28 04:30:00 AM,4.7,87.5,4.7,2.8,point
2025-09-28 05:00:00 AM,4.8,88.0,4.8,3.0,point
2025-09-28 05:30:00 AM,4.9,86.8,4.9,2.9,point
2025-09-28 06:00:00 AM,5.1,89.0,5.0,3.4,point
2025-09-28 06:30:00 AM,4.8,87.7,4.7,2.9,point
2025-09-28 07:00:00 AM,4.7,87.4,4.7,2.8,point
2025-09-28 07:30:00 AM,4.6,87.9,4.6,2.8,point
2025-09-28 08:00:00 AM,8.1,97.4,8.3,7.7,point
2025-09-28 08:30:00 AM,14.7,100.0,15.3,14.7,point
2025-09-28 09:00:00 AM,19.0,100.0,19.8,19.0,point
2025-09-28 09:30:00 AM,19.4,90.0,19.9,17.8,point
2025-09-28 10:00:00 AM,19.7,89.3,20.2,17.9,point
2025-09-28 10:30:00 AM,19.9,88.9,20.3,18.0,point
2025-09-28 11:00:00 AM,19.8,88.3,20.2,17.8,point
2025-09-28 11:30:00 AM,19.9,88.6,20.5,18.0,point
2025-09-28 12:00:00 PM,20.1,87.7,20.6,18.0,point
2025-09-28 12:30:00 PM,20.1,88.2,20.5,18.1,point
2025-09-28 01:00:00 PM,19.9,87.2,20.3,17.7,point
2025-09-28 01:30:00 PM,20.1,87.4,20.6,17.9,point
2025-09-28 02:00:00 PM,20.3,87.5,20.8,18.1,point
2025-09-28 02:30:00 PM,20.1,87.3,20.5,17.9,point
2025-09-28 03:00:00 PM,20.0,87.2,20.5,17.8,point
2025-09-28 03:30:00 PM,20.1,86.8,20.5,17.8,point
2025-09-28 04:00:00 PM,20.0,86.3,20.3,17.6,point
2025-09-28 04:30:00 PM,20.1,85.6,20.5,17.6,point
2025-09-28 05:00:00 PM,20.2,87.1,20.6,17.9,point
2025-09-28 05:30:00 PM,19.9,85.8,20.3,17.5,point
2025-09-28 06:00:00 PM,20.0,86.8,20.5,17.8,point
2025-09-28 06:30:00 PM,19.9,85.8,20.2,17.4,point
2025-09-28 07:00:00 PM,19.9,86.0,20.3,17.5,point
2025-09-28 07:30:00 PM,20.0,86.6,20.4,17.7,point
2025-09-28 08:00:00 PM,20.0,86.3,20.5,17.7,point
2025-09-28 08:30:00 PM,20.1,86.1,20.5,17.7,point
2025-09-28 09:00:00 PM,17.8,73.5,17.2,13.0,point
2025-09-28 09:30:00 PM,11.7,64.6,10.9,5.2,point
2025-09-28 10:00:00 PM,6.9,76.1,6.7,3.0,point
2025-09-28 10:30:00 PM,5.8,81.4,5.7,2.9,point
2025-09-28 11:00:00 PM,5.5,83.9,5.5,3.0,point
2025-09-28 11:30:00 PM,5.3,84.8,5.2,2.9,point
2025-09-29 12:00:00 AM,5.1,85.3,5.0,2.8,point
2025-09-29 12:30:00 AM,5.0,86.0,5.0,2.9,point
2025-09-29 01:00:00 AM,4.9,86.5,4.8,2.8,point
2025-09-29 01:30:00 AM,4.8,86.5,4.7,2.7,point
2025-09-29 02:00:00 AM,4.8,87.0,4.8,2.8,point
2025-09-29 02:30:00 AM,4.6,87.0,4.6,2.7,point
2025-09-29 03:00:00 AM,4.7,87.3,4.6,2.7,point
2025-09-29 03:30:00 AM,4.7,87.1,4.7,2.8,point
2025-09-29 04:00:00 AM,4.6,88.1,4.6,2.8,point
2025-09-29 04:30:00 AM,4.7,87.5,4.6,2.8,point
2025-09-29 05:00:00 AM,4.5,87.4,4.5,2.6,point
2025-09-29 05:30:00 AM,4.8,88.1,4.7,3.0,point
2025-09-29 06:00:00 AM,4.7,87.8,4.7,2.9,point
2025-09-29 06:30:00 AM,4.8,87.8,4.7,2.9,point
2025-09-29 07:00:00 AM,4.7,87.3,4.7,2.8,point
2025-09-29 07:30:00 AM,4.7,87.8,4.6,2.8,point
2025-09-29 08:00:00 AM,7.8,97.3,8.0,7.4,point
2025-09-29 08:30:00 AM,14.4,100.0,15.1,14.4,point
2025-09-29 09:00:00 AM,19.2,100.0,20.0,19.2,point
2025-09-29 09:30:00 AM,19.4,90.7,20.0,17.9,point
2025-09-29 10:00:00 AM,19.5,89.7,19.9,17.7,point
2025-09-29 10:30:00 AM,19.6,88.1,20.0,17.6,point
2025-09-29 11:00:00 AM,19.7,88.2,20.2,17.7,point
2025-09-29 11:30:00 AM,19.7,88.4,20.1,17.7,point
2025-09-29 12:00:00 PM,19.6,87.4,20.0,17.5,point
2025-09-29 12:30:00 PM,19.9,88.1,20.4,17.9,point
2025-09-29 01:00:00 PM,19.9,87.3,20.3,17.7,point
2025-09-29 01:30:00 PM,20.0,88.0,20.4,17.9,point
2025-09-29 02:00:00 PM,19.9,86.9,20.3,17.6,point
2025-09-29 02:30:00 PM,19.9,87.3,20.4,17.7,point
2025-09-29 03:00:00 PM,20.0,87.2,20.4,17.8,point
2025-09-29 03:30:00 PM,20.0,87.2,20.4,17.8,point
2025-09-29 04:00:00 PM,20.1,86.7,20.5,17.8,point
2025-09-29 04:30:00 PM,20.1,85.8,20.4,17.6,point
2025-09-29 05:00:00 PM,19.9,85.6,20.3,17.4,point
2025-09-29 05:30:00 PM,19.8,84.7,20.2,17.2,point
2025-09-29 06:00:00 PM,20.1,85.1,20.4,17.5,point
2025-09-29 06:30:00 PM,20.2,84.3,20.6,17.5,point
2025-09-29 07:00:00 PM,20.0,84.5,20.4,17.3,point
2025-09-29 07:30:00 PM,20.0,83.4,20.4,17.1,point
2025-09-29 08:00:00 PM,19.9,83.5,20.3,17.1,point
2025-09-29 08:30:00 PM,19.7,83.6,19.9,16.8,point
2025-09-29 09:00:00 PM,17.9,76.4,17.4,13.7,point
2025-09-29 09:30:00 PM,11.9,64.2,11.1,5.3,point
2025-09-29 10:00:00 PM,7.1,76.0,6.9,3.2,point
2025-09-29 10:30:00 PM,6.0,81.6,5.8,3.1,point
2025-09-29 11:00:00 PM,5.4,82.3,5.3,2.7,point
2025-09-29 11:30:00 PM,5.0,85.2,5.0,2.8,point
2025-09-30 12:00:00 AM,4.8,86.8,4.8,2.8,point
2025-09-30 12:30:00 AM,4.9,87.2,4.8,2.9,point
2025-09-30 01:00:00 AM,4.7,87.2,4.6,2.7,point
2025-09-30 01:30:00 AM,4.8,88.1,4.7,3.0,point
2025-09-30 02:00:00 AM,4.4,88.6,4.4,2.7,point
2025-09-30 02:30:00 AM,4.5,88.3,4.4,2.7,point
2025-09-30 03:00:00 AM,4.4,88.7,4.4,2.7,point
2025-09-30 03:30:00 AM,4.2,88.6,4.2,2.5,point
2025-09-30 04:00:00 AM,4.4,88.4,4.3,2.6,point
2025-09-30 04:30:00 AM,4.3,88.7,4.3,2.6,point
2025-09-30 05:00:00 AM,4.4,88.7,4.3,2.7,point
2025-09-30 05:30:00 AM,4.5,88.7,4.4,2.8,point
2025-09-30 06:00:00 AM,4.6,88.9,4.6,3.0,point
2025-09-30 06:30:00 AM,4.5,88.6,4.5,2.8,point
2025-09-30 07:00:00 AM,4.6,88.9,4.5,2.9,point
2025-09-30 07:30:00 AM,4.5,89.1,4.4,2.9,point
2025-09-30 08:00:00 AM,7.7,97.4,7.8,7.3,point
2025-09-30 08:30:00 AM,14.8,100.0,15.5,14.8,point
2025-09-30 09:00:00 AM,18.8,100.0,19.6,18.8,point
2025-09-30 09:30:00 AM,19.3,91.1,19.8,17.8,point
2025-09-30 10:00:00 AM,19.4,89.8,19.9,17.7,point
2025-09-30 10:30:00 AM,19.3,89.0,19.7,17.5,point
2025-09-30 11:00:00 AM,19.4,88.6,19.9,17.5,point
2025-09-30 11:30:00 AM,19.5,88.3,20.0,17.5,point
2025-09-30 12:00:00 PM,19.5,88.8,20.0,17.6,point
2025-09-30 12:30:00 PM,19.7,87.7,20.0,17.6,point
2025-09-30 01:00:00 PM,19.7,87.9,20.2,17.6,point
2025-09-30 01:30:00 PM,19.7,87.0,20.0,17.5,point
2025-09-30 02:00:00 PM,19.8,87.0,20.3,17.6,point
2025-09-30 02:30:00 PM,19.8,86.4,20.2,17.5,point
2025-09-30 03:00:00 PM,20.1,87.5,20.6,18.0,point
2025-09-30 03:30:00 PM,19.9,86.1,20.3,17.5,point
2025-09-30 04:00:00 PM,19.8,85.7,20.1,17.3,point
2025-09-30 04:30:00 PM,19.8,84.6,20.1,17.1,point
2025-09-30 05:00:00 PM,19.8,84.4,20.2,17.1,point
2025-09-30 05:30:00 PM,19.9,84.2,20.1,17.1,point
2025-09-30 06:00:00 PM,19.9,83.3,20.3,17.0,point
2025-09-30 06:30:00 PM,19.9,82.5,20.0,16.8,point
2025-09-30 07:00:00 PM,19.6,82.2,19.8,16.5,point
2025-09-30 07:30:00 PM,19.7,81.8,19.8,16.5,point
2025-09-30 08:00:00 PM,19.7,81.9,19.9,16.6,point
2025-09-30 08:30:00 PM,19.6,80.8,19.8,16.2,point
2025-09-30 09:00:00 PM,17.5,75.2,17.0,13.0,point
2025-09-30 09:30:00 PM,10.4,68.8,9.9,5.0,point
2025-09-30 10:00:00 PM,6.2,78.6,6.0,2.7,point
2025-09-30 10:30:00 PM,5.4,83.8,5.3,2.9,point
2025-09-30 11:00:00 PM,4.9,85.6,4.9,2.7,point
2025-09-30 11:30:00 PM,4.9,86.7,4.9,2.9,point
2025-10-01 12:00:00 AM,4.6,86.2,4.6,2.5,point
2025-10-01 12:30:00 AM,4.7,87.4,4.6,2.8,point
2025-10-01 01:00:00 AM,4.7,87.4,4.6,2.8,point
2025-10-01 01:30:00 AM,4.8,88.1,4.7,3.0,point
2025-10-01 02:00:00 AM,4.6,88.0,4.6,2.8,point
2025-10-01 02:30:00 AM,4.7,88.7,4.7,3.0,point
2025-10-01 03:00:00 AM,4.5,88.9,4.5,2.9,point
2025-10-01 03:30:00 AM,4.7,88.9,4.6,3.0,point
2025-10-01 04:00:00 AM,4.5,88.9,4.5,2.8,point
2025-10-01 04:30:00 AM,4.8,89.7,4.8,3.3,point
2025-10-01 05:00:00 AM,4.7,88.8,4.6,3.0,point
2025-10-01 05:30:00 AM,4.6,88.6,4.6,2.9,point
2025-10-01 06:00:00 AM,4.8,89.0,4.8,3.2,point
2025-10-01 06:30:00 AM,4.6,89.2,4.6,3.0,point
2025-10-01 07:00:00 AM,4.8,89.1,4.8,3.2,point
2025-10-01 07:30:00 AM,4.8,89.0,4.7,3.1,point
2025-10-01 08:00:00 AM,7.9,96.8,8.2,7.4,point
2025-10-01 08:30:00 AM,14.0,100.0,14.5,14.0,point
2025-10-01 09:00:00 AM,18.8,99.2,19.5,18.6,point
2025-10-01 09:30:00 AM,19.5,90.0,19.9,17.8,point
2025-10-01 10:00:00 AM,19.8,89.7,20.2,18.0,point
2025-10-01 10:30:00 AM,19.8,88.9,20.2,17.9,point
2025-10-01 11:00:00 AM,19.5,87.9,19.9,17.5,point
2025-10-01 11:30:00 AM,19.8,87.4,20.2,17.6,point
2025-10-01 12:00:00 PM,19.7,86.5,20.0,17.4,point
2025-10-01 12:30:00 PM,19.5,85.3,19.8,17.0,point
2025-10-01 01:00:00 PM,19.9,84.8,20.2,17.2,point
2025-10-01 01:30:00 PM,19.4,82.1,19.4,16.2,point
2025-10-01 02:00:00 PM,19.6,82.1,19.8,16.5,point
2025-10-01 02:30:00 PM,19.7,80.8,19.8,16.3,point
2025-10-01 03:00:00 PM,19.7,79.5,19.8,16.1,point
2025-10-01 03:30:00 PM,19.7,78.5,19.6,15.8,point
2025-10-01 04:00:00 PM,19.2,76.8,19.0,15.1,point
2025-10-01 04:30:00 PM,19.4,76.2,19.3,15.2,point
2025-10-01 05:00:00 PM,19.5,75.5,19.4,15.1,point
2025-10-01 05:30:00 PM,19.6,74.7,19.3,14.9,point
2025-10-01 06:00:00 PM,19.3,73.9,18.9,14.5,point
2025-10-01 06:30:00 PM,19.3,73.7,19.1,14.5,point
2025-10-01 07:00:00 PM,19.4,73.0,19.0,14.4,point
2025-10-01 07:30:00 PM,19.4,72.7,19.0,14.3,point
2025-10-01 08:00:00 PM,19.6,72.2,19.4,14.5,point
2025-10-01 08:30:00 PM,19.5,71.3,19.1,14.2,point
2025-10-01 09:00:00 PM,17.0,68.4,16.2,11.2,point
2025-10-01 09:30:00 PM,10.5,68.1,9.9,4.8,point
2025-10-01 10:00:00 PM,6.0,76.1,5.8,2.1,point
2025-10-01 10:30:00 PM,5.2,81.9,5.1,2.4,point
2025-10-01 11:00:00 PM,4.9,84.3,4.8,2.5,point
2025-10-01 11:30:00 PM,4.5,85.2,4.5,2.2,point
2025-10-02 12:00:00 AM,4.5,86.3,4.4,2.4,point
2025-10-02 12:30:00 AM,4.4,86.7,4.4,2.4,point
2025-10-02 01:00:00 AM,4.3,86.8,4.3,2.3,point
2025-10-02 01:30:00 AM,4.4,87.1,4.3,2.4,point
2025-10-02 02:00:00 AM,4.3,88.3,4.3,2.6,point
2025-10-02 02:30:00 AM,4.5,88.5,4.5,2.8,point
2025-10-02 03:00:00 AM,4.6,88.4,4.6,2.9,point
2025-10-02 03:30:00 AM,4.4,88.5,4.4,2.7,point
2025-10-02 04:00:00 AM,4.4,88.9,4.3,2.7,point
2025-10-02 04:30:00 AM,4.6,89.0,4.5,3.0,point
2025-10-02 05:00:00 AM,4.6,89.0,4.5,2.9,point
2025-10-02 05:30:00 AM,4.5,89.3,4.5,2.9,point
2025-10-02 06:00:00 AM,4.7,89.2,4.6,3.1,point
2025-10-02 06:30:00 AM,4.6,88.7,4.5,2.9,point
2025-10-02 07:00:00 AM,4.8,88.3,4.7,3.0,point
2025-10-02 07:30:00 AM,5.0,89.0,4.9,3.3,point
2025-10-02 08:00:00 AM,8.1,97.2,8.3,7.7,point
2025-10-02 08:30:00 AM,15.1,100.0,15.7,15.1,point
2025-10-02 09:00:00 AM,18.8,100.0,19.7,18.8,point
2025-10-02 09:30:00 AM,19.2,89.6,19.6,17.5,point
2025-10-02 10:00:00 AM,19.4,88.2,19.8,17.4,point
2025-10-02 10:30:00 AM,19.8,88.1,20.2,17.8,point
2025-10-02 11:00:00 AM,19.7,86.9,20.2,17.5,point
2025-10-02 11:30:00 AM,19.8,86.1,20.2,17.4,point
2025-10-02 12:00:00 PM,19.9,84.5,20.3,17.2,point
2025-10-02 12:30:00 PM,19.6,82.0,19.8,16.5,point
2025-10-02 01:00:00 PM,19.6,79.9,19.6,16.0,point
2025-10-02 01:30:00 PM,19.7,77.9,19.7,15.8,point
2025-10-02 02:00:00 PM,19.4,75.8,19.3,15.1,point
2025-10-02 02:30:00 PM,19.5,74.5,19.3,14.9,point
2025-10-02 03:00:00 PM,19.4,73.6,19.2,14.6,point
2025-10-02 03:30:00 PM,19.6,74.2,19.5,14.9,point
2025-10-02 04:00:00 PM,20.6,68.7,20.5,14.7,point
2025-10-02 04:30:00 PM,20.4,68.9,20.3,14.5,point
2025-10-02 05:00:00 PM,20.8,68.6,20.7,14.8,point
2025-10-02 05:30:00 PM,20.7,68.1,20.7,14.6,point
2025-10-02 06:00:00 PM,20.4,67.5,20.3,14.2,point
2025-10-02 06:30:00 PM,20.7,67.3,20.5,14.4,point
2025-10-02 07:00:00 PM,20.6,66.9,20.5,14.3,point
2025-10-02 07:30:00 PM,20.6,66.6,20.5,14.2,point
2025-10-02 08:00:00 PM,20.8,65.9,20.6,14.2,point
2025-10-02 08:30:00 PM,20.3,65.5,20.0,13.7,point
2025-10-02 09:00:00 PM,18.1,63.5,17.0,11.1,point
2025-10-02 09:30:00 PM,10.4,64.6,9.8,4.0,point
2025-10-02 10:00:00 PM,6.5,74.5,6.3,2.3,point
2025-10-02 10:30:00 PM,6.1,79.0,6.0,2.8,point
2025-10-02 11:00:00 PM,6.0,80.9,5.8,3.0,point
2025-10-02 11:30:00 PM,5.8,81.6,5.6,2.9,point
2025-10-03 12:00:00 AM,5.7,82.5,5.5,2.9,point
2025-10-03 12:30:00 AM,5.6,83.0,5.5,2.9,point
2025-10-03 01:00:00 AM,5.6,83.0,5.5,2.9,point
2025-10-03 01:30:00 AM,5.5,83.3,5.5,2.9,point
2025-10-03 02:00:00 AM,5.5,83.2,5.5,2.9,point
2025-10-03 02:30:00 AM,5.4,84.0,5.4,2.9,point
2025-10-03 03:00:00 AM,5.4,83.8,5.4,2.9,point
2025-10-03 03:30:00 AM,5.4,83.9,5.4,2.9,point
2025-10-03 04:00:00 AM,5.3,84.0,5.3,2.9,point
2025-10-03 04:30:00 AM,5.4,84.4,5.4,3.0,point
2025-10-03 05:00:00 AM,5.4,84.4,5.3,3.0,point
2025-10-03 05:30:00 AM,5.3,84.7,5.3,2.9,point
2025-10-03 06:00:00 AM,5.5,84.8,5.5,3.2,point
2025-10-03 06:30:00 AM,5.5,85.0,5.4,3.2,point
2025-10-03 07:00:00 AM,5.4,85.1,5.4,3.1,point
2025-10-03 07:30:00 AM,5.7,83.9,5.6,3.1,point
2025-10-03 08:00:00 AM,7.8,95.7,8.0,7.2,point
2025-10-03 08:30:00 AM,15.2,100.0,15.8,15.2,point
2025-10-03 09:00:00 AM,19.2,100.0,20.0,19.2,point
2025-10-03 09:30:00 AM,20.0,87.0,20.5,17.8,point
2025-10-03 10:00:00 AM,20.4,85.4,20.8,17.8,point
2025-10-03 10:30:00 AM,20.8,85.0,21.3,18.1,point
2025-10-03 11:00:00 AM,20.4,82.6,20.8,17.3,point
2025-10-03 11:30:00 AM,20.4,81.7,20.7,17.1,point
2025-10-03 12:00:00 PM,20.7,79.0,21.0,16.9,point
2025-10-03 12:30:00 PM,20.4,79.0,20.6,16.6,point
2025-10-03 01:00:00 PM,20.5,77.5,20.6,16.4,point
2025-10-03 01:30:00 PM,20.3,75.7,20.3,15.9,point
2025-10-03 02:00:00 PM,20.3,74.5,20.2,15.6,point
2025-10-03 02:30:00 PM,20.6,73.3,20.8,15.7,point
2025-10-03 03:00:00 PM,19.3,72.5,18.9,14.2,point
2025-10-03 03:30:00 PM,22.0,63.1,22.2,14.7,point
2025-10-03 04:00:00 PM,20.5,67.1,20.4,14.2,point
2025-10-03 04:30:00 PM,20.4,68.1,20.3,14.3,point
2025-10-03 05:00:00 PM,20.0,68.2,19.6,13.9,point
2025-10-03 05:30:00 PM,21.5,63.5,21.5,14.3,point
2025-10-03 06:00:00 PM,20.9,76.9,21.2,16.6,point
2025-10-03 06:30:00 PM,20.6,79.7,21.0,17.0,point
2025-10-03 07:00:00 PM,20.1,81.8,20.4,16.9,point
2025-10-03 07:30:00 PM,20.7,84.2,21.1,17.9,point
2025-10-03 08:00:00 PM,20.6,82.2,20.9,17.4,point
2025-10-03 08:30:00 PM,20.9,81.1,21.4,17.6,point
2025-10-03 09:00:00 PM,16.7,72.1,16.0,11.6,point
2025-10-03 09:30:00 PM,9.4,69.2,8.8,4.0,point
2025-10-03 10:00:00 PM,4.9,78.4,4.8,1.5,point
2025-10-03 10:30:00 PM,4.5,83.6,4.5,2.0,point
2025-10-03 11:00:00 PM,4.3,85.1,4.2,2.0,point
2025-10-03 11:30:00 PM,4.3,85.2,4.2,2.0,point
2025-10-04 12:00:00 AM,4.4,86.9,4.4,2.4,point
2025-10-04 12:30:00 AM,4.2,86.3,4.2,2.1,point
2025-10-04 01:00:00 AM,4.2,86.7,4.2,2.2,point
2025-10-04 01:30:00 AM,4.0,87.1,4.0,2.1,point
2025-10-04 02:00:00 AM,4.1,87.1,4.0,2.1,point
2025-10-04 02:30:00 AM,4.2,86.3,4.1,2.1,point
2025-10-04 03:00:00 AM,4.4,87.4,4.3,2.5,point
2025-10-04 03:30:00 AM,4.4,87.5,4.3,2.5,point
2025-10-04 04:00:00 AM,4.5,87.5,4.4,2.6,point
2025-10-04 04:30:00 AM,4.6,87.7,4.5,2.7,point
2025-10-04 05:00:00 AM,4.5,87.7,4.5,2.7,point
2025-10-04 05:30:00 AM,4.3,87.5,4.3,2.4,point
2025-10-04 06:00:00 AM,4.5,87.3,4.4,2.5,point
2025-10-04 06:30:00 AM,4.5,87.5,4.5,2.6,point
2025-10-04 07:00:00 AM,4.8,87.8,4.8,3.0,point
2025-10-04 07:30:00 AM,4.8,87.7,4.7,2.9,point
2025-10-04 08:00:00 AM,7.8,96.5,8.0,7.3,point
2025-10-04 08:30:00 AM,13.6,99.6,14.2,13.6,point
2025-10-04 09:00:00 AM,20.6,93.7,21.4,19.6,point
2025-10-04 09:30:00 AM,22.0,82.9,22.7,18.9,point
2025-10-04 10:00:00 AM,22.2,82.0,23.0,19.0,point
2025-10-04 10:30:00 AM,22.2,81.8,23.0,18.9,point
2025-10-04 11:00:00 AM,21.9,80.6,22.6,18.4,point
2025-10-04 11:30:00 AM,22.0,81.6,22.8,18.7,point
2025-10-04 12:00:00 PM,22.2,80.3,23.0,18.6,point
2025-10-04 12:30:00 PM,21.9,79.8,22.5,18.2,point
2025-10-04 01:00:00 PM,22.0,79.2,22.7,18.2,point
2025-10-04 01:30:00 PM,21.9,78.1,22.4,17.9,point
2025-10-04 02:00:00 PM,22.1,77.7,22.7,18.1,point
2025-10-04 02:30:00 PM,22.1,77.7,22.7,18.1,point
2025-10-04 03:00:00 PM,22.1,77.0,22.6,17.9,point
2025-10-04 03:30:00 PM,22.1,75.4,22.7,17.6,point
2025-10-04 04:00:00 PM,21.9,73.7,22.3,17.0,point
2025-10-04 04:30:00 PM,22.2,72.6,22.7,17.1,point
2025-10-04 05:00:00 PM,22.3,71.5,22.6,16.9,point
2025-10-04 05:30:00 PM,22.2,70.0,22.5,16.4,point
2025-10-04 06:00:00 PM,22.5,68.9,22.8,16.5,point
2025-10-04 06:30:00 PM,21.9,67.4,22.1,15.6,point
2025-10-04 07:00:00 PM,22.5,66.8,22.7,16.0,point
2025-10-04 07:30:00 PM,22.1,65.8,22.3,15.4,point
2025-10-04 08:00:00 PM,21.7,64.1,21.8,14.6,point
2025-10-04 08:30:00 PM,22.5,63.3,22.6,15.2,point
2025-10-04 09:00:00 PM,18.4,61.8,17.2,11.0,point
2025-10-04 09:30:00 PM,9.8,64.3,9.2,3.4,point
2025-10-04 10:00:00 PM,5.2,76.5,5.0,1.4,point
2025-10-04 10:30:00 PM,4.8,81.9,4.6,1.9,point
2025-10-04 11:00:00 PM,4.7,83.5,4.6,2.1,point
2025-10-04 11:30:00 PM,4.4,84.7,4.4,2.1,point
2025-10-05 12:00:00 AM,4.5,85.5,4.4,2.3,point
2025-10-05 12:30:00 AM,4.4,85.6,4.3,2.2,point
2025-10-05 01:00:00 AM,4.2,85.1,4.2,1.9,point
2025-10-05 01:30:00 AM,4.4,85.9,4.3,2.2,point
2025-10-05 02:00:00 AM,4.3,85.8,4.2,2.1,point
2025-10-05 02:30:00 AM,4.2,86.1,4.2,2.1,point
2025-10-05 03:00:00 AM,4.3,86.1,4.3,2.2,point
2025-10-05 03:30:00 AM,4.2,86.0,4.2,2.1,point
2025-10-05 04:00:00 AM,4.1,85.9,4.1,2.0,point
2025-10-05 04:30:00 AM,4.2,86.1,4.1,2.0,point
2025-10-05 05:00:00 AM,4.3,86.9,4.3,2.3,point
2025-10-05 05:30:00 AM,4.3,86.6,4.2,2.2,point
2025-10-05 06:00:00 AM,4.3,86.7,4.3,2.3,point
2025-10-05 06:30:00 AM,4.1,87.2,4.1,2.2,point
2025-10-05 07:00:00 AM,4.3,86.9,4.2,2.3,point
2025-10-05 07:30:00 AM,4.2,86.9,4.1,2.2,point
2025-10-05 08:00:00 AM,7.3,94.3,7.5,6.5,point
2025-10-05 08:30:00 AM,13.5,91.0,13.7,12.1,point
2025-10-05 09:00:00 AM,20.0,71.7,19.9,14.8,point
2025-10-05 09:30:00 AM,21.2,65.5,21.1,14.5,point
2025-10-05 10:00:00 AM,21.5,63.9,21.7,14.4,point
2025-10-05 10:30:00 AM,21.6,62.0,21.7,14.1,point
2025-10-05 11:00:00 AM,21.7,60.7,21.6,13.8,point
2025-10-05 11:30:00 AM,21.9,60.0,21.9,13.8,point
2025-10-05 12:00:00 PM,21.9,59.4,21.8,13.6,point
2025-10-05 12:30:00 PM,21.8,58.7,21.6,13.3,point
2025-10-05 01:00:00 PM,22.1,58.8,22.0,13.7,point
2025-10-05 01:30:00 PM,22.3,58.6,22.2,13.8,point
2025-10-05 02:00:00 PM,21.8,58.1,21.7,13.2,point
2025-10-05 02:30:00 PM,21.8,57.4,21.5,13.0,point
2025-10-05 03:00:00 PM,22.0,57.4,21.7,13.2,point
2025-10-05 03:30:00 PM,22.0,57.1,21.8,13.1,point
2025-10-05 04:00:00 PM,21.9,56.6,21.6,12.9,point
2025-10-05 04:30:00 PM,21.9,55.2,21.7,12.5,point
2025-10-05 05:00:00 PM,22.2,54.8,21.9,12.7,point
2025-10-05 05:30:00 PM,22.2,54.2,21.9,12.6,point
2025-10-05 06:00:00 PM,22.2,53.6,21.9,12.4,point
2025-10-05 06:30:00 PM,22.0,53.0,21.6,12.0,point
2025-10-05 07:00:00 PM,22.0,52.8,21.7,11.9,point
2025-10-05 07:30:00 PM,22.2,52.5,21.8,12.0,point
2025-10-05 08:00:00 PM,22.1,52.1,21.7,11.8,point
2025-10-05 08:30:00 PM,22.0,51.8,21.5,11.6,point
2025-10-05 09:00:00 PM,17.3,52.2,15.6,7.4,point
2025-10-05 09:30:00 PM,9.8,58.5,9.0,2.0,point
2025-10-05 10:00:00 PM,5.1,71.3,4.8,0.3,point
2025-10-05 10:30:00 PM,4.6,77.7,4.5,1.1,point
2025-10-05 11:00:00 PM,4.4,79.2,4.2,1.1,point
2025-10-05 11:30:00 PM,4.4,80.3,4.3,1.3,point
2025-10-06 12:00:00 AM,4.4,80.8,4.2,1.4,point
2025-10-06 12:30:00 AM,4.3,80.9,4.2,1.3,point
2025-10-06 01:00:00 AM,4.2,81.6,4.1,1.4,point
2025-10-06 01:30:00 AM,4.2,82.1,4.1,1.4,point
2025-10-06 02:00:00 AM,4.2,82.0,4.1,1.4,point
2025-10-06 02:30:00 AM,4.3,82.9,4.3,1.7,point
2025-10-06 03:00:00 AM,4.2,82.7,4.2,1.5,point
2025-10-06 03:30:00 AM,4.0,83.1,3.9,1.4,point
2025-10-06 04:00:00 AM,4.2,83.7,4.1,1.7,point
2025-10-06 04:30:00 AM,4.3,83.8,4.2,1.8,point
2025-10-06 05:00:00 AM,4.2,83.5,4.1,1.6,point
2025-10-06 05:30:00 AM,4.1,83.7,4.1,1.6,point
2025-10-06 06:00:00 AM,4.1,84.1,4.0,1.6,point
2025-10-06 06:30:00 AM,4.0,84.3,4.0,1.6,point
2025-10-06 07:00:00 AM,4.3,84.7,4.2,1.9,point
2025-10-06 07:30:00 AM,4.2,84.9,4.1,1.9,point
2025-10-06 08:00:00 AM,7.3,89.8,7.4,5.8,point
2025-10-06 08:30:00 AM,13.4,81.8,13.3,10.4,point
2025-10-06 09:00:00 AM,20.3,64.0,19.9,13.2,point
2025-10-06 09:30:00 AM,21.2,58.2,21.0,12.7,point
2025-10-06 10:00:00 AM,21.5,56.6,21.4,12.6,point
2025-10-06 10:30:00 AM,21.8,56.3,21.5,12.7,point
2025-10-06 11:00:00 AM,22.1,56.3,21.9,13.0,point
2025-10-06 11:30:00 AM,22.3,55.6,22.0,13.0,point
2025-10-06 12:00:00 PM,21.9,55.0,21.6,12.5,point
2025-10-06 12:30:00 PM,22.3,54.4,22.0,12.7,point
2025-10-06 01:00:00 PM,21.9,53.5,21.6,12.1,point
2025-10-06 01:30:00 PM,21.5,53.3,21.3,11.6,point
2025-10-06 02:00:00 PM,21.9,54.1,21.5,12.2,point
2025-10-06 02:30:00 PM,21.7,54.5,21.4,12.1,point
2025-10-06 03:00:00 PM,22.0,53.0,21.6,12.0,point
2025-10-06 03:30:00 PM,22.1,53.2,21.8,12.2,point
2025-10-06 04:00:00 PM,21.9,53.2,21.5,11.9,point
2025-10-06 04:30:00 PM,22.1,53.3,21.7,12.1,point
2025-10-06 05:00:00 PM,22.2,53.4,21.9,12.3,point
2025-10-06 05:30:00 PM,22.1,53.8,21.7,12.3,point
2025-10-06 06:00:00 PM,21.9,53.6,21.5,12.1,point
2025-10-06 06:30:00 PM,22.4,52.8,22.0,12.3,point
2025-10-06 07:00:00 PM,21.9,52.5,21.5,11.7,point
2025-10-06 07:30:00 PM,22.1,52.5,21.7,11.9,point
2025-10-06 08:00:00 PM,21.9,52.2,21.5,11.7,point
2025-10-06 08:30:00 PM,21.8,51.7,21.3,11.4,point
2025-10-06 09:00:00 PM,17.3,52.2,15.6,7.4,point
2025-10-06 09:30:00 PM,9.6,59.3,8.8,2.0,point
2025-10-06 10:00:00 PM,5.3,73.3,5.1,0.9,point
2025-10-06 10:30:00 PM,5.9,75.0,5.7,1.9,point
2025-10-06 11:00:00 PM,5.1,78.7,4.9,1.7,point
2025-10-06 11:30:00 PM,4.9,80.6,4.8,1.9,point
2025-10-07 12:00:00 AM,4.7,81.5,4.6,1.9,point
2025-10-07 12:30:00 AM,4.7,82.2,4.6,2.0,point
2025-10-07 01:00:00 AM,4.8,82.8,4.8,2.1,point
2025-10-07 01:30:00 AM,4.7,83.0,4.7,2.1,point
2025-10-07 02:00:00 AM,4.7,83.6,4.7,2.2,point
2025-10-07 02:30:00 AM,4.6,83.3,4.5,2.0,point
2025-10-07 03:00:00 AM,4.6,83.5,4.6,2.1,point
2025-10-07 03:30:00 AM,4.5,83.8,4.4,2.0,point
2025-10-07 04:00:00 AM,4.6,83.8,4.5,2.1,point
2025-10-07 04:30:00 AM,4.6,83.9,4.5,2.1,point
2025-10-07 05:00:00 AM,4.4,84.1,4.4,2.0,point
2025-10-07 05:30:00 AM,4.5,84.0,4.5,2.1,point
2025-10-07 06:00:00 AM,4.5,84.1,4.5,2.1,point
2025-10-07 06:30:00 AM,4.6,84.5,4.5,2.2,point
2025-10-07 07:00:00 AM,4.6,84.6,4.6,2.3,point
2025-10-07 07:30:00 AM,4.6,85.0,4.6,2.3,point
2025-10-07 08:00:00 AM,7.2,91.3,7.3,5.9,point
2025-10-07 08:30:00 AM,13.0,85.1,12.9,10.5,point
2025-10-07 09:00:00 AM,19.1,67.1,18.3,12.8,point
2025-10-07 09:30:00 AM,20.4,59.6,19.9,12.3,point
2025-10-07 10:00:00 AM,20.8,56.8,20.2,11.9,point
2025-10-07 10:30:00 AM,21.6,55.1,21.4,12.2,point
2025-10-07 11:00:00 AM,21.2,54.3,20.8,11.6,point
2025-10-07 11:30:00 AM,21.7,53.7,21.3,11.9,point
2025-10-07 12:00:00 PM,21.7,53.9,21.3,11.9,point
2025-10-07 12:30:00 PM,21.5,54.3,21.3,11.9,point
2025-10-07 01:00:00 PM,21.4,53.3,21.1,11.6,point
2025-10-07 01:30:00 PM,21.7,52.8,21.3,11.6,point
2025-10-07 02:00:00 PM,21.7,52.1,21.2,11.4,point
2025-10-07 02:30:00 PM,21.6,51.3,21.2,11.1,point
2025-10-07 03:00:00 PM,21.5,49.9,20.9,10.6,point
2025-10-07 03:30:00 PM,21.8,49.4,21.2,10.7,point
2025-10-07 04:00:00 PM,21.6,48.7,21.1,10.3,point
2025-10-07 04:30:00 PM,21.7,48.9,21.1,10.5,point
2025-10-07 05:00:00 PM,21.7,48.7,21.1,10.4,point
2025-10-07 05:30:00 PM,21.9,48.6,21.3,10.6,point
2025-10-07 06:00:00 PM,21.8,48.2,21.2,10.3,point
2025-10-07 06:30:00 PM,21.9,48.5,21.4,10.6,point
2025-10-07 07:00:00 PM,21.5,48.5,21.1,10.2,point
2025-10-07 07:30:00 PM,21.6,48.5,21.1,10.2,point
2025-10-07 08:00:00 PM,21.7,48.3,21.2,10.3,point
2025-10-07 08:30:00 PM,21.9,48.0,21.3,10.4,point
2025-10-07 09:00:00 PM,21.5,46.5,20.8,9.5,point
2025-10-07 09:30:00 PM,11.6,52.3,10.5,2.2,point
2025-10-07 10:00:00 PM,6.5,66.7,6.1,0.8,point
2025-10-07 10:30:00 PM,5.4,73.9,5.2,1.1,point
2025-10-07 11:00:00 PM,5.2,76.7,4.9,1.4,point
2025-10-07 11:30:00 PM,5.0,78.1,4.8,1.5,point
2025-10-08 12:00:00 AM,4.9,79.7,4.8,1.7,point
2025-10-08 12:30:00 AM,4.9,80.6,4.7,1.9,point
2025-10-08 01:00:00 AM,4.8,80.8,4.6,1.8,point
2025-10-08 01:30:00 AM,4.7,81.3,4.6,1.8,point
2025-10-08 02:00:00 AM,4.8,81.8,4.6,1.9,point
2025-10-08 02:30:00 AM,4.8,82.7,4.8,2.1,point
2025-10-08 03:00:00 AM,4.8,83.0,4.8,2.2,point
2025-10-08 03:30:00 AM,4.7,82.9,4.6,2.0,point
2025-10-08 04:00:00 AM,4.9,83.6,4.8,2.3,point
2025-10-08 04:30:00 AM,4.8,84.0,4.8,2.3,point
2025-10-08 05:00:00 AM,4.8,83.5,4.7,2.2,point
2025-10-08 05:30:00 AM,4.9,84.6,4.8,2.5,point
2025-10-08 06:00:00 AM,4.6,83.7,4.6,2.1,point
2025-10-08 06:30:00 AM,4.6,84.5,4.6,2.2,point
2025-10-08 07:00:00 AM,4.7,84.3,4.6,2.2,point
2025-10-08 07:30:00 AM,4.7,84.8,4.6,2.3,point
2025-10-08 08:00:00 AM,7.3,91.9,7.3,6.0,point
2025-10-08 08:30:00 AM,13.3,86.8,13.4,11.2,point
2025-10-08 09:00:00 AM,19.4,68.6,18.9,13.5,point
2025-10-08 09:30:00 AM,21.0,61.1,20.7,13.2,point
2025-10-08 10:00:00 AM,21.5,58.5,21.5,13.0,point
2025-10-08 10:30:00 AM,21.4,56.9,21.1,12.5,point
2025-10-08 11:00:00 AM,21.4,56.2,21.1,12.3,point
2025-10-08 11:30:00 AM,21.9,56.1,21.6,12.7,point
2025-10-08 12:00:00 PM,21.7,56.8,21.4,12.8,point
2025-10-08 12:30:00 PM,21.9,58.0,21.7,13.2,point
2025-10-08 01:00:00 PM,22.1,59.3,22.0,13.8,point
2025-10-08 01:30:00 PM,22.1,61.0,22.0,14.2,point
2025-10-08 02:00:00 PM,22.3,62.8,22.3,14.8,point
2025-10-08 02:30:00 PM,21.9,63.4,22.0,14.6,point
2025-10-08 03:00:00 PM,21.7,64.2,21.8,14.6,point
2025-10-08 03:30:00 PM,22.1,65.4,22.2,15.3,point
2025-10-08 04:00:00 PM,22.5,65.0,22.6,15.6,point
2025-10-08 04:30:00 PM,21.9,65.1,22.1,15.1,point
2025-10-08 05:00:00 PM,22.4,64.9,22.5,15.4,point
2025-10-08 05:30:00 PM,22.0,65.7,22.2,15.3,point
2025-10-08 06:00:00 PM,22.0,65.0,22.2,15.1,point
2025-10-08 06:30:00 PM,22.1,65.2,22.3,15.3,point
2025-10-08 07:00:00 PM,22.1,65.0,22.3,15.2,point
2025-10-08 07:30:00 PM,22.2,65.3,22.4,15.4,point
2025-10-08 08:00:00 PM,21.9,65.2,22.1,15.1,point
2025-10-08 08:30:00 PM,22.0,65.4,22.1,15.2,point
2025-10-08 09:00:00 PM,21.6,63.1,21.8,14.3,point
2025-10-08 09:30:00 PM,12.5,60.1,11.6,5.0,point
2025-10-08 10:00:00 PM,6.7,71.5,6.3,1.9,point
2025-10-08 10:30:00 PM,5.4,78.7,5.3,2.0,point
2025-10-08 11:00:00 PM,5.2,81.4,5.1,2.3,point
2025-10-08 11:30:00 PM,5.1,82.7,5.0,2.4,point
2025-10-09 12:00:00 AM,4.8,83.3,4.8,2.2,point
2025-10-09 12:30:00 AM,4.9,84.2,4.8,2.4,point
2025-10-09 01:00:00 AM,4.9,84.3,4.8,2.5,point
2025-10-09 01:30:00 AM,4.7,84.8,4.7,2.4,point
2025-10-09 02:00:00 AM,4.8,84.9,4.8,2.5,point
2025-10-09 02:30:00 AM,4.7,85.2,4.6,2.4,point
2025-10-09 03:00:00 AM,4.8,85.8,4.7,2.6,point
2025-10-09 03:30:00 AM,4.8,85.7,4.8,2.6,point
2025-10-09 04:00:00 AM,4.8,84.9,4.7,2.5,point
2025-10-09 04:30:00 AM,4.9,86.2,4.9,2.8,point
2025-10-09 05:00:00 AM,4.9,85.9,4.8,2.7,point
2025-10-09 05:30:00 AM,4.7,85.7,4.7,2.5,point
2025-10-09 06:00:00 AM,4.8,85.5,4.8,2.6,point
2025-10-09 06:30:00 AM,4.9,86.0,4.8,2.7,point
2025-10-09 07:00:00 AM,4.8,85.6,4.7,2.6,point
2025-10-09 07:30:00 AM,4.9,85.9,4.8,2.7,point
2025-10-09 08:00:00 AM,7.6,94.6,7.7,6.8,point
2025-10-09 08:30:00 AM,13.7,100.0,14.2,13.7,point
2025-10-09 09:00:00 AM,20.8,98.7,21.9,20.6,point
2025-10-09 09:30:00 AM,22.3,82.3,23.0,19.1,point
2025-10-09 10:00:00 AM,22.6,80.7,23.5,19.1,point
2025-10-09 10:30:00 AM,22.4,79.8,23.1,18.7,point
2025-10-09 11:00:00 AM,22.9,79.8,23.7,19.2,point
2025-10-09 11:30:00 AM,23.0,79.4,23.8,19.2,point
2025-10-09 12:00:00 PM,22.8,78.8,23.7,19.0,point
2025-10-09 12:30:00 PM,22.5,78.2,23.2,18.6,point
2025-10-09 01:00:00 PM,23.5,78.5,24.3,19.5,point
2025-10-09 01:30:00 PM,22.8,78.3,23.5,18.8,point
2025-10-09 02:00:00 PM,23.1,78.0,24.0,19.1,point
2025-10-09 02:30:00 PM,22.6,78.3,23.4,18.6,point
2025-10-09 03:00:00 PM,23.0,77.7,23.8,18.9,point
2025-10-09 03:30:00 PM,22.3,77.7,22.9,18.2,point
2025-10-09 04:00:00 PM,22.8,77.7,23.4,18.6,point
2025-10-09 04:30:00 PM,22.6,77.7,23.3,18.5,point
2025-10-09 05:00:00 PM,22.3,78.7,23.0,18.4,point
2025-10-09 05:30:00 PM,20.2,79.6,20.5,16.6,point
2025-10-09 06:00:00 PM,20.0,79.9,20.1,16.4,point
2025-10-09 06:30:00 PM,20.2,82.4,20.5,17.1,point
2025-10-09 07:00:00 PM,20.2,82.8,20.6,17.2,point
2025-10-09 07:30:00 PM,20.0,81.0,20.2,16.6,point
2025-10-09 08:00:00 PM,20.2,82.4,20.5,17.1,point
2025-10-09 08:30:00 PM,20.1,81.8,20.3,16.9,point
2025-10-09 09:00:00 PM,18.6,74.4,18.1,14.0,point
2025-10-09 09:30:00 PM,11.7,64.4,10.9,5.2,point
2025-10-09 10:00:00 PM,6.9,73.4,6.6,2.4,point
2025-10-09 10:30:00 PM,6.5,79.1,6.3,3.1,point
2025-10-09 11:00:00 PM,6.2,80.2,6.1,3.1,point
2025-10-09 11:30:00 PM,6.0,80.6,5.9,3.0,point
2025-10-10 12:00:00 AM,5.9,81.9,5.7,3.0,point
2025-10-10 12:30:00 AM,5.9,82.2,5.8,3.1,point
2025-10-10 01:00:00 AM,5.9,82.3,5.7,3.1,point
2025-10-10 01:30:00 AM,5.8,82.1,5.6,3.0,point
2025-10-10 02:00:00 AM,5.8,82.1,5.7,3.0,point
2025-10-10 02:30:00 AM,5.8,82.1,5.6,3.0,point
2025-10-10 03:00:00 AM,5.8,82.3,5.6,3.0,point
2025-10-10 03:30:00 AM,5.8,82.8,5.8,3.1,point
2025-10-10 04:00:00 AM,5.9,82.7,5.8,3.1,point
2025-10-10 04:30:00 AM,5.9,83.0,5.8,3.2,point
2025-10-10 05:00:00 AM,5.8,82.3,5.6,3.0,point
2025-10-10 05:30:00 AM,5.8,82.6,5.8,3.1,point
2025-10-10 06:00:00 AM,5.7,83.7,5.6,3.1,point
2025-10-10 06:30:00 AM,5.8,83.5,5.7,3.2,point
2025-10-10 07:00:00 AM,5.7,84.0,5.7,3.2,point
2025-10-10 07:30:00 AM,5.6,83.5,5.6,3.0,point
2025-10-10 08:00:00 AM,7.6,93.4,7.8,6.6,point
2025-10-10 08:30:00 AM,14.4,99.8,15.1,14.4,point
2025-10-10 09:00:00 AM,19.1,100.0,20.0,19.1,point
2025-10-10 09:30:00 AM,20.2,89.6,20.7,18.4,point
2025-10-10 10:00:00 AM,20.5,87.5,21.1,18.4,point
2025-10-10 10:30:00 AM,20.7,87.0,21.4,18.4,point
2025-10-10 11:00:00 AM,20.6,86.7,21.3,18.4,point
2025-10-10 11:30:00 AM,20.6,84.6,21.0,17.9,point
2025-10-10 12:00:00 PM,20.8,84.6,21.3,18.1,point
2025-10-10 12:30:00 PM,21.1,84.5,21.6,18.4,point
2025-10-10 01:00:00 PM,20.7,85.2,21.3,18.1,point
2025-10-10 01:30:00 PM,19.8,85.3,20.1,17.2,point
2025-10-10 02:00:00 PM,22.2,80.8,23.0,18.7,point
2025-10-10 02:30:00 PM,21.8,79.9,22.4,18.2,point
2025-10-10 03:00:00 PM,20.3,81.3,20.5,17.0,point
2025-10-10 03:30:00 PM,21.6,81.8,22.2,18.3,point
2025-10-10 04:00:00 PM,21.4,81.5,22.0,18.2,point
2025-10-10 04:30:00 PM,21.3,81.4,21.8,18.0,point
2025-10-10 05:00:00 PM,21.9,80.4,22.5,18.4,point
2025-10-10 05:30:00 PM,21.9,80.5,22.5,18.4,point
2025-10-10 06:00:00 PM,21.9,80.3,22.5,18.3,point
2025-10-10 06:30:00 PM,22.0,79.8,22.6,18.3,point
2025-10-10 07:00:00 PM,21.9,80.8,22.5,18.4,point
2025-10-10 07:30:00 PM,22.3,80.9,23.1,18.9,point
2025-10-10 08:00:00 PM,22.5,79.4,23.3,18.8,point
2025-10-10 08:30:00 PM,22.0,79.8,22.7,18.4,point
2025-10-10 09:00:00 PM,21.8,73.3,22.3,16.8,point
2025-10-10 09:30:00 PM,11.1,65.3,10.4,4.9,point
2025-10-10 10:00:00 PM,6.7,75.0,6.5,2.6,point
2025-10-10 10:30:00 PM,5.8,81.1,5.7,2.8,point
2025-10-10 11:00:00 PM,5.5,83.4,5.5,2.9,point
2025-10-10 11:30:00 PM,5.3,84.6,5.3,3.0,point
2025-10-11 12:00:00 AM,5.3,85.2,5.2,3.0,point
2025-10-11 12:30:00 AM,5.2,86.0,5.1,3.0,point
2025-10-11 01:00:00 AM,5.2,85.8,5.2,3.0,point
2025-10-11 01:30:00 AM,5.2,86.4,5.1,3.1,point
2025-10-11 02:00:00 AM,5.1,86.3,5.0,3.0,point
2025-10-11 02:30:00 AM,5.1,86.7,5.0,3.0,point
2025-10-11 03:00:00 AM,5.2,86.6,5.1,3.1,point
2025-10-11 03:30:00 AM,5.5,87.1,5.4,3.5,point
2025-10-11 04:00:00 AM,5.3,86.5,5.3,3.3,point
2025-10-11 04:30:00 AM,5.2,86.6,5.2,3.2,point
2025-10-11 05:00:00 AM,4.9,86.2,4.9,2.8,point
2025-10-11 05:30:00 AM,4.9,86.5,4.8,2.8,point
2025-10-11 06:00:00 AM,5.0,86.2,5.0,2.9,point
2025-10-11 06:30:00 AM,5.1,87.5,5.1,3.2,point
2025-10-11 07:00:00 AM,5.2,87.5,5.1,3.2,point
2025-10-11 07:30:00 AM,5.1,86.1,5.1,3.0,point
2025-10-11 08:00:00 AM,7.5,94.9,7.7,6.7,point
2025-10-11 08:30:00 AM,13.4,100.0,14.0,13.4,point
2025-10-11 09:00:00 AM,19.7,100.0,20.7,19.7,point
2025-10-11 09:30:00 AM,21.1,85.9,21.6,18.6,point
2025-10-11 10:00:00 AM,20.9,80.9,21.3,17.5,point
2025-10-11 10:30:00 AM,21.3,85.4,22.0,18.8,point
2025-10-11 11:00:00 AM,21.7,84.8,22.4,19.0,point
2025-10-11 11:30:00 AM,22.0,82.1,22.7,18.8,point
2025-10-11 12:00:00 PM,21.5,82.4,22.0,18.4,point
2025-10-11 12:30:00 PM,21.4,84.1,22.0,18.6,point
2025-10-11 01:00:00 PM,21.8,82.6,22.5,18.7,point
2025-10-11 01:30:00 PM,21.3,82.2,21.9,18.1,point
2025-10-11 02:00:00 PM,21.4,83.0,22.0,18.3,point
2025-10-11 02:30:00 PM,21.5,81.7,22.2,18.3,point
2025-10-11 03:00:00 PM,21.4,82.5,22.0,18.3,point
2025-10-11 03:30:00 PM,22.3,82.3,23.2,19.1,point
2025-10-11 04:00:00 PM,22.1,81.3,22.9,18.8,point
2025-10-11 04:30:00 PM,21.3,82.4,21.8,18.1,point
2025-10-11 05:00:00 PM,21.8,82.8,22.6,18.8,point
2025-10-11 05:30:00 PM,21.8,82.5,22.6,18.7,point
2025-10-11 06:00:00 PM,21.7,82.7,22.4,18.6,point
2025-10-11 06:30:00 PM,21.9,81.9,22.6,18.7,point
2025-10-11 07:00:00 PM,21.6,81.3,22.3,18.3,point
2025-10-11 07:30:00 PM,21.8,82.4,22.5,18.7,point
2025-10-11 08:00:00 PM,21.8,82.1,22.5,18.6,point
2025-10-11 08:30:00 PM,21.4,82.0,21.9,18.2,point
2025-10-11 09:00:00 PM,20.8,72.8,20.9,15.7,point
2025-10-11 09:30:00 PM,11.4,64.7,10.7,5.0,point
2025-10-11 10:00:00 PM,6.9,75.3,6.7,2.8,point
2025-10-11 10:30:00 PM,6.1,80.2,5.9,2.9,point
2025-10-11 11:00:00 PM,5.7,82.8,5.7,3.0,point
2025-10-11 11:30:00 PM,5.5,83.2,5.5,2.9,point
2025-10-12 12:00:00 AM,5.3,83.6,5.3,2.8,point
2025-10-12 12:30:00 AM,5.5,85.3,5.4,3.2,point
2025-10-12 01:00:00 AM,5.4,85.2,5.3,3.1,point
2025-10-12 01:30:00 AM,5.3,85.7,5.3,3.1,point
2025-10-12 02:00:00 AM,5.3,84.4,5.3,2.9,point
2025-10-12 02:30:00 AM,5.2,85.1,5.2,2.9,point
2025-10-12 03:00:00 AM,5.2,85.3,5.2,2.9,point
2025-10-12 03:30:00 AM,5.0,84.7,5.0,2.7,point
2025-10-12 04:00:00 AM,5.3,86.8,5.3,3.3,point
2025-10-12 04:30:00 AM,5.2,86.2,5.2,3.1,point
2025-10-12 05:00:00 AM,5.3,86.2,5.2,3.2,point
2025-10-12 05:30:00 AM,5.3,87.0,5.2,3.3,point
2025-10-12 06:00:00 AM,5.1,86.1,5.0,3.0,point
2025-10-12 06:30:00 AM,5.0,85.8,5.0,2.9,point
2025-10-12 07:00:00 AM,5.3,87.6,5.3,3.5,point
2025-10-12 07:30:00 AM,4.9,85.9,4.9,2.8,point
2025-10-12 08:00:00 AM,7.6,94.5,7.7,6.7,point
2025-10-12 08:30:00 AM,13.5,100.0,14.0,13.5,point
2025-10-12 09:00:00 AM,20.3,100.0,21.2,20.3,point
2025-10-12 09:30:00 AM,20.9,87.4,21.6,18.8,point
2025-10-12 10:00:00 AM,21.3,83.0,22.0,18.3,point
2025-10-12 10:30:00 AM,21.2,83.8,21.9,18.4,point
2025-10-12 11:00:00 AM,21.6,83.7,22.3,18.7,point
2025-10-12 11:30:00 AM,21.8,83.3,22.6,18.9,point
2025-10-12 12:00:00 PM,21.2,80.1,21.6,17.6,point
2025-10-12 12:30:00 PM,21.5,81.2,22.2,18.2,point
2025-10-12 01:00:00 PM,21.7,81.5,22.4,18.4,point
2025-10-12 01:30:00 PM,21.9,81.2,22.6,18.5,point
2025-10-12 02:00:00 PM,21.6,81.0,22.3,18.2,point
2025-10-12 02:30:00 PM,21.8,80.7,22.4,18.3,point
2025-10-12 03:00:00 PM,21.9,80.8,22.5,18.4,point
2025-10-12 03:30:00 PM,21.4,81.3,21.9,18.0,point
2025-10-12 04:00:00 PM,21.6,81.1,22.3,18.2,point
2025-10-12 04:30:00 PM,21.3,80.8,21.8,17.9,point
2025-10-12 05:00:00 PM,21.5,80.5,22.2,18.0,point
2025-10-12 05:30:00 PM,21.1,80.6,21.5,17.6,point
2025-10-12 06:00:00 PM,21.8,80.0,22.5,18.2,point
2025-10-12 06:30:00 PM,21.6,80.6,22.2,18.1,point
2025-10-12 07:00:00 PM,21.9,80.2,22.5,18.3,point
2025-10-12 07:30:00 PM,21.5,80.3,22.2,18.0,point
2025-10-12 08:00:00 PM,21.6,80.6,22.3,18.1,point
2025-10-12 08:30:00 PM,21.2,80.9,21.7,17.8,point
2025-10-12 09:00:00 PM,21.6,80.0,22.2,17.9,point
2025-10-12 09:30:00 PM,11.9,64.5,11.2,5.5,point
2025-10-12 10:00:00 PM,6.8,74.8,6.5,2.6,point
2025-10-12 10:30:00 PM,6.1,81.7,6.0,3.2,point
2025-10-12 11:00:00 PM,5.6,82.9,5.6,2.9,point
2025-10-12 11:30:00 PM,5.6,84.7,5.6,3.2,point
2025-10-13 12:00:00 AM,5.6,84.6,5.6,3.2,point
2025-10-13 12:30:00 AM,5.4,84.9,5.4,3.1,point
2025-10-13 01:00:00 AM,5.4,85.2,5.3,3.1,point
2025-10-13 01:30:00 AM,5.4,85.7,5.4,3.2,point
2025-10-13 02:00:00 AM,5.4,86.0,5.4,3.3,point
2025-10-13 02:30:00 AM,5.4,86.0,5.3,3.2,point
2025-10-13 03:00:00 AM,5.4,86.3,5.4,3.3,point
2025-10-13 03:30:00 AM,5.4,85.9,5.4,3.2,point
2025-10-13 04:00:00 AM,5.5,86.7,5.5,3.5,point
2025-10-13 04:30:00 AM,5.4,86.8,5.3,3.3,point
2025-10-13 05:00:00 AM,5.3,86.7,5.3,3.3,point
2025-10-13 05:30:00 AM,5.4,86.3,5.4,3.3,point
2025-10-13 06:00:00 AM,5.5,85.7,5.4,3.3,point
2025-10-13 06:30:00 AM,5.3,85.9,5.3,3.2,point
2025-10-13 07:00:00 AM,5.3,85.6,5.3,3.1,point
2025-10-13 07:30:00 AM,5.6,86.4,5.6,3.5,point
2025-10-13 08:00:00 AM,7.8,94.9,7.9,7.0,point
2025-10-13 08:30:00 AM,14.0,100.0,14.5,13.9,point
2025-10-13 09:00:00 AM,20.0,100.0,21.0,20.0,point
2025-10-13 09:30:00 AM,20.5,88.3,21.2,18.5,point
2025-10-13 10:00:00 AM,20.6,85.7,21.2,18.2,point
2025-10-13 10:30:00 AM,20.7,85.8,21.3,18.3,point
2025-10-13 11:00:00 AM,20.6,84.8,21.2,18.0,point
2025-10-13 11:30:00 AM,20.8,84.5,21.3,18.1,point
2025-10-13 12:00:00 PM,20.6,84.5,21.0,17.9,point
2025-10-13 12:30:00 PM,21.0,85.1,21.5,18.4,point
2025-10-13 01:00:00 PM,21.4,83.4,22.1,18.5,point
2025-10-13 01:30:00 PM,21.0,84.0,21.6,18.2,point
2025-10-13 02:00:00 PM,21.0,82.8,21.6,18.0,point
2025-10-13 02:30:00 PM,21.2,83.9,21.9,18.4,point
2025-10-13 03:00:00 PM,20.9,80.2,21.3,17.4,point
2025-10-13 03:30:00 PM,20.9,83.6,21.4,18.0,point
2025-10-13 04:00:00 PM,20.9,83.8,21.5,18.1,point
2025-10-13 04:30:00 PM,20.7,83.9,21.1,17.9,point
2025-10-13 05:00:00 PM,20.9,84.2,21.5,18.1,point
2025-10-13 05:30:00 PM,20.8,83.0,21.4,17.8,point
2025-10-13 06:00:00 PM,21.1,84.0,21.6,18.2,point
2025-10-13 06:30:00 PM,20.8,84.0,21.4,18.0,point
2025-10-13 07:00:00 PM,21.1,83.2,21.6,18.1,point
2025-10-13 07:30:00 PM,21.1,83.9,21.6,18.2,point
2025-10-13 08:00:00 PM,21.1,83.4,21.8,18.2,point
2025-10-13 08:30:00 PM,21.3,82.5,22.0,18.2,point
2025-10-13 09:00:00 PM,20.9,66.8,20.8,14.4,point
2025-10-13 09:30:00 PM,10.9,64.0,10.3,4.4,point
2025-10-13 10:00:00 PM,7.1,75.0,6.8,3.0,point
2025-10-13 10:30:00 PM,5.6,80.0,5.4,2.4,point
2025-10-13 11:00:00 PM,5.3,84.9,5.2,2.9,point
2025-10-13 11:30:00 PM,5.0,85.0,4.9,2.7,point
2025-10-14 12:00:00 AM,5.1,86.5,5.0,3.0,point
2025-10-14 12:30:00 AM,5.1,87.0,5.0,3.1,point
2025-10-14 01:00:00 AM,5.0,87.4,5.0,3.1,point
2025-10-14 01:30:00 AM,5.2,88.0,5.1,3.4,point
2025-10-14 02:00:00 AM,5.1,87.5,5.0,3.2,point
2025-10-14 02:30:00 AM,5.1,87.7,5.1,3.3,point
2025-10-14 03:00:00 AM,4.8,86.7,4.8,2.8,point
2025-10-14 03:30:00 AM,5.2,88.9,5.1,3.5,point
2025-10-14 04:00:00 AM,4.9,87.7,4.8,3.0,point
2025-10-14 04:30:00 AM,5.1,88.5,5.1,3.4,point
2025-10-14 05:00:00 AM,4.9,87.8,4.8,3.0,point
2025-10-14 05:30:00 AM,4.8,88.3,4.7,3.0,point
2025-10-14 06:00:00 AM,4.9,88.1,4.9,3.1,point
2025-10-14 06:30:00 AM,4.9,88.9,4.8,3.2,point
2025-10-14 07:00:00 AM,5.0,88.1,5.0,3.2,point
2025-10-14 07:30:00 AM,5.1,89.1,5.1,3.5,point
2025-10-14 08:00:00 AM,8.2,96.8,8.4,7.7,point
2025-10-14 08:30:00 AM,15.3,100.0,16.0,15.3,point
2025-10-14 09:00:00 AM,20.2,100.0,21.2,20.2,point
2025-10-14 09:30:00 AM,21.1,89.0,21.9,19.2,point
2025-10-14 10:00:00 AM,20.9,86.3,21.5,18.5,point
2025-10-14 10:30:00 AM,21.0,86.6,21.6,18.7,point
2025-10-14 11:00:00 AM,20.9,86.0,21.5,18.5,point
2025-10-14 11:30:00 AM,21.2,85.7,21.8,18.7,point
2025-10-14 12:00:00 PM,20.9,85.2,21.4,18.3,point
2025-10-14 12:30:00 PM,20.9,85.5,21.5,18.4,point
2025-10-14 01:00:00 PM,21.2,86.1,21.8,18.8,point
2025-10-14 01:30:00 PM,20.9,84.3,21.4,18.1,point
2025-10-14 02:00:00 PM,20.9,84.1,21.5,18.1,point
2025-10-14 02:30:00 PM,20.8,83.8,21.4,18.0,point
2025-10-14 03:00:00 PM,21.1,85.1,21.8,18.5,point
2025-10-14 03:30:00 PM,21.1,84.7,21.8,18.4,point
2025-10-14 04:00:00 PM,20.9,84.0,21.4,18.1,point
2025-10-14 04:30:00 PM,21.1,84.3,21.8,18.4,point
2025-10-14 05:00:00 PM,21.0,83.3,21.5,18.0,point
2025-10-14 05:30:00 PM,20.8,81.8,21.2,17.5,point
2025-10-14 06:00:00 PM,20.7,82.0,21.2,17.5,point
2025-10-14 06:30:00 PM,21.9,85.9,22.6,19.4,point
2025-10-14 07:00:00 PM,21.1,83.6,21.6,18.2,point
2025-10-14 07:30:00 PM,20.8,82.2,21.3,17.7,point
2025-10-14 08:00:00 PM,20.8,80.8,21.2,17.4,point
2025-10-14 08:30:00 PM,20.6,81.0,21.0,17.3,point
2025-10-14 09:00:00 PM,18.8,69.0,18.1,13.0,point
2025-10-14 09:30:00 PM,9.9,66.8,9.4,4.1,point
2025-10-14 10:00:00 PM,5.6,78.3,5.5,2.1,point
2025-10-14 10:30:00 PM,5.0,83.9,4.9,2.5,point
2025-10-14 11:00:00 PM,4.7,85.6,4.6,2.5,point
2025-10-14 11:30:00 PM,4.7,86.5,4.7,2.7,point
2025-10-15 12:00:00 AM,4.7,86.8,4.7,2.7,point
2025-10-15 12:30:00 AM,4.6,87.2,4.6,2.7,point
2025-10-15 01:00:00 AM,4.6,87.1,4.5,2.6,point
2025-10-15 01:30:00 AM,4.7,88.0,4.6,2.8,point
2025-10-15 02:00:00 AM,4.6,87.5,4.6,2.8,point
2025-10-15 02:30:00 AM,4.7,88.0,4.6,2.9,point
2025-10-15 03:00:00 AM,4.6,87.7,4.5,2.7,point
2025-10-15 03:30:00 AM,4.3,88.3,4.3,2.6,point
2025-10-15 04:00:00 AM,4.5,88.7,4.4,2.8,point
2025-10-15 04:30:00 AM,4.4,88.6,4.3,2.7,point
2025-10-15 05:00:00 AM,4.6,88.5,4.5,2.8,point
2025-10-15 05:30:00 AM,4.6,88.6,4.6,2.9,point
2025-10-15 06:00:00 AM,4.7,88.4,4.7,3.0,point
2025-10-15 06:30:00 AM,4.8,88.7,4.8,3.1,point
2025-10-15 07:00:00 AM,4.9,88.6,4.8,3.2,point
2025-10-15 07:30:00 AM,4.8,88.2,4.8,3.0,point
2025-10-15 08:00:00 AM,8.1,96.8,8.3,7.6,point
2025-10-15 08:30:00 AM,14.4,100.0,15.1,14.4,point
2025-10-15 09:00:00 AM,20.5,99.1,21.5,20.4,point
2025-10-15 09:30:00 AM,20.8,87.4,21.4,18.6,point
2025-10-15 10:00:00 AM,20.8,86.8,21.5,18.5,point
2025-10-15 10:30:00 AM,20.6,84.7,21.2,18.0,point
2025-10-15 11:00:00 AM,20.6,84.3,21.1,17.9,point
2025-10-15 11:30:00 AM,21.1,84.2,21.8,18.4,point
2025-10-15 12:00:00 PM,21.1,85.6,21.6,18.6,point
2025-10-15 12:30:00 PM,20.9,84.2,21.4,18.1,point
2025-10-15 01:00:00 PM,20.8,84.7,21.3,18.1,point
2025-10-15 01:30:00 PM,21.0,85.2,21.5,18.4,point
2025-10-15 02:00:00 PM,21.0,85.2,21.5,18.4,point
2025-10-15 02:30:00 PM,21.1,84.5,21.8,18.4,point
2025-10-15 03:00:00 PM,21.0,84.4,21.5,18.2,point
2025-10-15 03:30:00 PM,20.8,83.6,21.3,17.9,point
2025-10-15 04:00:00 PM,21.1,83.4,21.6,18.1,point
2025-10-15 04:30:00 PM,20.7,82.4,21.2,17.6,point
2025-10-15 05:00:00 PM,21.1,83.7,21.8,18.2,point
2025-10-15 05:30:00 PM,20.6,81.8,21.0,17.4,point
2025-10-15 06:00:00 PM,20.7,81.6,21.2,17.5,point
2025-10-15 06:30:00 PM,21.0,84.2,21.6,18.3,point
2025-10-15 07:00:00 PM,21.0,82.8,21.6,18.0,point
2025-10-15 07:30:00 PM,20.8,82.6,21.4,17.8,point
2025-10-15 08:00:00 PM,21.0,83.4,21.5,18.1,point
2025-10-15 08:30:00 PM,20.5,82.0,20.9,17.4,point
2025-10-15 09:00:00 PM,18.8,71.4,18.2,13.5,point
2025-10-15 09:30:00 PM,9.7,66.6,9.2,3.8,point
2025-10-15 10:00:00 PM,5.5,77.4,5.4,1.9,point
2025-10-15 10:30:00 PM,4.9,84.0,4.8,2.4,point
2025-10-15 11:00:00 PM,4.5,85.8,4.4,2.3,point
2025-10-15 11:30:00 PM,4.5,86.3,4.4,2.4,point
2025-10-16 12:00:00 AM,4.4,87.3,4.3,2.5,point
2025-10-16 12:30:00 AM,4.6,87.5,4.5,2.7,point
2025-10-16 01:00:00 AM,4.5,87.1,4.5,2.6,point
2025-10-16 01:30:00 AM,4.5,87.8,4.5,2.7,point
2025-10-16 02:00:00 AM,4.4,88.3,4.3,2.6,point
2025-10-16 02:30:00 AM,4.4,88.2,4.4,2.6,point
2025-10-16 03:00:00 AM,4.5,88.3,4.4,2.7,point
2025-10-16 03:30:00 AM,4.4,88.7,4.4,2.7,point
2025-10-16 04:00:00 AM,4.4,88.8,4.4,2.7,point
2025-10-16 04:30:00 AM,4.6,88.4,4.6,2.9,point
2025-10-16 05:00:00 AM,4.5,89.2,4.4,2.9,point
2025-10-16 05:30:00 AM,4.6,88.9,4.6,3.0,point
2025-10-16 06:00:00 AM,4.4,88.5,4.4,2.7,point
2025-10-16 06:30:00 AM,4.5,88.8,4.5,2.8,point
2025-10-16 07:00:00 AM,4.4,88.0,4.3,2.5,point
2025-10-16 07:30:00 AM,4.5,89.4,4.4,2.9,point
2025-10-16 08:00:00 AM,7.8,97.0,8.0,7.3,point
2025-10-16 08:30:00 AM,14.8,100.0,15.5,14.8,point
2025-10-16 09:00:00 AM,20.1,100.0,21.1,20.1,point
2025-10-16 09:30:00 AM,20.6,88.0,21.3,18.6,point
2025-10-16 10:00:00 AM,20.9,87.2,21.5,18.6,point
2025-10-16 10:30:00 AM,20.8,85.9,21.4,18.4,point
2025-10-16 11:00:00 AM,20.6,86.0,21.0,18.2,point
2025-10-16 11:30:00 AM,20.8,84.4,21.4,18.1,point
2025-10-16 12:00:00 PM,20.5,82.8,21.0,17.5,point
2025-10-16 12:30:00 PM,20.8,85.4,21.4,18.3,point
2025-10-16 01:00:00 PM,20.8,84.4,21.4,18.1,point
2025-10-16 01:30:00 PM,21.2,87.4,22.0,19.1,point
2025-10-16 02:00:00 PM,20.9,84.2,21.4,18.1,point
2025-10-16 02:30:00 PM,20.8,83.3,21.3,17.9,point
2025-10-16 03:00:00 PM,20.9,84.8,21.5,18.3,point
2025-10-16 03:30:00 PM,20.3,82.7,20.8,17.3,point
2025-10-16 04:00:00 PM,19.9,85.5,20.2,17.4,point
2025-10-16 04:30:00 PM,19.9,85.2,20.2,17.3,point
2025-10-16 05:00:00 PM,19.8,83.6,20.0,16.9,point
2025-10-16 05:30:00 PM,20.0,84.1,20.4,17.3,point
2025-10-16 06:00:00 PM,19.6,83.5,19.8,16.7,point
2025-10-16 06:30:00 PM,19.4,82.0,19.5,16.3,point
2025-10-16 07:00:00 PM,19.5,82.3,19.7,16.4,point
2025-10-16 07:30:00 PM,20.0,83.8,20.4,17.2,point
2025-10-16 08:00:00 PM,19.8,81.8,19.9,16.6,point
2025-10-16 08:30:00 PM,19.3,80.9,19.4,16.0,point
2025-10-16 09:00:00 PM,19.8,69.8,19.6,14.2,point
2025-10-16 09:30:00 PM,10.4,66.4,9.8,4.4,point
2025-10-16 10:00:00 PM,6.5,75.9,6.2,2.5,point
2025-10-16 10:30:00 PM,5.4,82.0,5.3,2.6,point
2025-10-16 11:00:00 PM,5.0,84.4,5.0,2.6,point
2025-10-16 11:30:00 PM,4.8,85.3,4.8,2.6,point
2025-10-17 12:00:00 AM,4.6,86.0,4.5,2.5,point
2025-10-17 12:30:00 AM,4.5,86.7,4.5,2.5,point
2025-10-17 01:00:00 AM,4.5,87.2,4.5,2.6,point
2025-10-17 01:30:00 AM,4.5,87.8,4.5,2.7,point
2025-10-17 02:00:00 AM,4.4,87.7,4.4,2.5,point
2025-10-17 02:30:00 AM,4.5,88.2,4.5,2.7,point
2025-10-17 03:00:00 AM,4.5,88.3,4.4,2.7,point
2025-10-17 03:30:00 AM,4.5,87.9,4.4,2.6,point
2025-10-17 04:00:00 AM,4.4,88.2,4.3,2.6,point
2025-10-17 04:30:00 AM,4.5,88.4,4.4,2.7,point
2025-10-17 05:00:00 AM,4.4,88.1,4.4,2.6,point
2025-10-17 05:30:00 AM,4.4,87.6,4.3,2.5,point
2025-10-17 06:00:00 AM,4.4,88.1,4.4,2.6,point
2025-10-17 06:30:00 AM,4.5,88.5,4.5,2.8,point
2025-10-17 07:00:00 AM,4.4,88.6,4.4,2.7,point
2025-10-17 07:30:00 AM,4.6,88.6,4.5,2.9,point
2025-10-17 08:00:00 AM,7.4,96.5,7.6,6.9,point
2025-10-17 08:30:00 AM,13.6,100.0,14.2,13.6,point
2025-10-17 09:00:00 AM,18.8,100.0,19.6,18.8,point
2025-10-17 09:30:00 AM,19.2,89.9,19.6,17.5,point
2025-10-17 10:00:00 AM,19.3,88.9,19.7,17.4,point
2025-10-17 10:30:00 AM,19.2,87.6,19.5,17.1,point
2025-10-17 11:00:00 AM,19.5,87.7,19.9,17.4,point
2025-10-17 11:30:00 AM,19.5,87.1,19.9,17.3,point
2025-10-17 12:00:00 PM,19.6,87.1,19.9,17.4,point
2025-10-17 12:30:00 PM,19.6,86.3,19.8,17.2,point
2025-10-17 01:00:00 PM,19.5,86.1,19.8,17.2,point
2025-10-17 01:30:00 PM,19.5,84.8,19.7,16.9,point
2025-10-17 02:00:00 PM,19.5,85.1,19.8,17.0,point
2025-10-17 02:30:00 PM,21.8,79.2,22.4,18.0,point
2025-10-17 03:00:00 PM,20.5,78.2,20.6,16.5,point
2025-10-17 03:30:00 PM,21.2,77.6,21.7,17.1,point
2025-10-17 04:00:00 PM,21.9,78.1,22.4,17.9,point
2025-10-17 04:30:00 PM,21.9,79.5,22.5,18.2,point
2025-10-17 05:00:00 PM,22.3,79.7,23.1,18.6,point
2025-10-17 05:30:00 PM,21.9,79.2,22.6,18.2,point
2025-10-17 06:00:00 PM,21.9,79.8,22.6,18.3,point
2025-10-17 06:30:00 PM,21.8,78.2,22.3,17.8,point
2025-10-17 07:00:00 PM,21.9,80.2,22.5,18.3,point
2025-10-17 07:30:00 PM,22.0,79.5,22.6,18.3,point
2025-10-17 08:00:00 PM,21.6,78.9,22.3,17.8,point
2025-10-17 08:30:00 PM,22.1,77.7,22.7,18.0,point
2025-10-17 09:00:00 PM,17.6,68.5,16.7,11.7,point
2025-10-17 09:30:00 PM,10.3,68.3,9.8,4.8,point
2025-10-17 10:00:00 PM,5.9,76.9,5.7,2.1,point
2025-10-17 10:30:00 PM,5.4,82.1,5.3,2.6,point
2025-10-17 11:00:00 PM,5.3,83.9,5.3,2.8,point
2025-10-17 11:30:00 PM,5.2,84.4,5.1,2.8,point
2025-10-18 12:00:00 AM,5.0,85.4,5.0,2.8,point
2025-10-18 12:30:00 AM,5.0,85.4,4.9,2.8,point
2025-10-18 01:00:00 AM,5.0,85.8,4.9,2.8,point
2025-10-18 01:30:00 AM,4.9,86.2,4.8,2.8,point
2025-10-18 02:00:00 AM,5.0,85.4,4.9,2.7,point
2025-10-18 02:30:00 AM,5.1,86.1,5.1,3.0,point
2025-10-18 03:00:00 AM,5.1,86.2,5.0,3.0,point
2025-10-18 03:30:00 AM,5.0,86.3,5.0,2.9,point
2025-10-18 04:00:00 AM,5.1,86.2,5.0,3.0,point
2025-10-18 04:30:00 AM,5.0,86.1,5.0,2.9,point
2025-10-18 05:00:00 AM,5.0,86.1,5.0,2.9,point
2025-10-18 05:30:00 AM,5.2,86.4,5.2,3.1,point
2025-10-18 06:00:00 AM,5.2,86.8,5.1,3.1,point
2025-10-18 06:30:00 AM,5.1,86.5,5.0,3.0,point
2025-10-18 07:00:00 AM,5.0,86.7,5.0,3.0,point
2025-10-18 07:30:00 AM,5.1,86.8,5.0,3.1,point
2025-10-18 08:00:00 AM,7.5,96.3,7.7,7.0,point
2025-10-18 08:30:00 AM,14.0,100.0,14.6,14.0,point
2025-10-18 09:00:00 AM,19.4,100.0,20.4,19.4,point
2025-10-18 09:30:00 AM,20.7,87.0,21.4,18.5,point
2025-10-18 10:00:00 AM,20.9,85.2,21.5,18.4,point
2025-10-18 10:30:00 AM,21.2,84.4,21.9,18.5,point
2025-10-18 11:00:00 AM,21.2,83.2,21.8,18.2,point
2025-10-18 11:30:00 AM,21.1,82.4,21.7,18.0,point
2025-10-18 12:00:00 PM,21.2,81.9,21.8,18.0,point
2025-10-18 12:30:00 PM,20.9,81.8,21.4,17.7,point
2025-10-18 01:00:00 PM,21.3,80.8,21.8,17.9,point
2025-10-18 01:30:00 PM,20.7,79.3,21.1,17.0,point
2025-10-18 02:00:00 PM,20.8,78.8,21.0,17.0,point
2025-10-18 02:30:00 PM,21.1,77.0,21.4,16.9,point
2025-10-18 03:00:00 PM,21.7,74.1,22.1,16.9,point
2025-10-18 03:30:00 PM,21.9,72.2,22.3,16.6,point
2025-10-18 04:00:00 PM,21.5,70.2,21.7,15.8,point
2025-10-18 04:30:00 PM,21.7,68.3,22.0,15.6,point
2025-10-18 05:00:00 PM,21.4,67.0,21.6,15.0,point
2025-10-18 05:30:00 PM,21.8,65.4,21.9,15.0,point
2025-10-18 06:00:00 PM,21.5,64.4,21.7,14.5,point
2025-10-18 06:30:00 PM,21.9,63.6,22.0,14.7,point
2025-10-18 07:00:00 PM,21.5,63.3,21.5,14.2,point
2025-10-18 07:30:00 PM,22.0,62.8,22.1,14.6,point
2025-10-18 08:00:00 PM,22.1,61.9,22.2,14.5,point
2025-10-18 08:30:00 PM,21.7,61.7,21.7,14.0,point
2025-10-18 09:00:00 PM,20.0,60.1,19.3,12.0,point
2025-10-18 09:30:00 PM,10.6,64.8,10.0,4.2,point
2025-10-18 10:00:00 PM,6.1,73.6,5.9,1.8,point
2025-10-18 10:30:00 PM,5.6,79.0,5.4,2.2,point
2025-10-18 11:00:00 PM,5.3,81.1,5.2,2.4,point
2025-10-18 11:30:00 PM,5.2,82.9,5.1,2.5,point
2025-10-19 12:00:00 AM,5.2,83.6,5.1,2.6,point
2025-10-19 12:30:00 AM,5.0,84.0,5.0,2.5,point
2025-10-19 01:00:00 AM,4.9,84.2,4.9,2.5,point
2025-10-19 01:30:00 AM,4.9,84.6,4.9,2.6,point
2025-10-19 02:00:00 AM,4.9,84.6,4.9,2.5,point
2025-10-19 02:30:00 AM,5.0,84.8,4.9,2.6,point
2025-10-19 03:00:00 AM,4.9,85.3,4.8,2.6,point
2025-10-19 03:30:00 AM,4.8,85.5,4.8,2.6,point
2025-10-19 04:00:00 AM,5.0,85.5,5.0,2.8,point
2025-10-19 04:30:00 AM,5.0,85.9,5.0,2.8,point
2025-10-19 05:00:00 AM,5.0,85.7,5.0,2.8,point
2025-10-19 05:30:00 AM,5.0,84.9,5.0,2.7,point
2025-10-19 06:00:00 AM,5.1,86.0,5.0,2.9,point
2025-10-19 06:30:00 AM,5.1,85.7,5.1,2.9,point
2025-10-19 07:00:00 AM,5.2,85.9,5.1,3.0,point
2025-10-19 07:30:00 AM,5.1,86.4,5.0,3.0,point
2025-10-19 08:00:00 AM,7.4,95.2,7.5,6.7,point
2025-10-19 08:30:00 AM,14.0,100.0,14.5,13.9,point
2025-10-19 09:00:00 AM,19.6,100.0,20.5,19.6,point
2025-10-19 09:30:00 AM,20.3,84.3,20.8,17.6,point
2025-10-19 10:00:00 AM,21.1,81.2,21.5,17.7,point
2025-10-19 10:30:00 AM,20.9,80.3,21.3,17.3,point
2025-10-19 11:00:00 AM,21.2,77.5,21.7,17.1,point
2025-10-19 11:30:00 AM,21.3,74.7,21.7,16.6,point
2025-10-19 12:00:00 PM,21.0,72.4,21.1,15.8,point
2025-10-19 12:30:00 PM,21.1,70.0,21.3,15.4,point
2025-10-19 01:00:00 PM,21.2,67.7,21.3,15.0,point
2025-10-19 01:30:00 PM,21.7,65.0,21.8,14.8,point
2025-10-19 02:00:00 PM,21.5,62.5,21.6,14.1,point
2025-10-19 02:30:00 PM,21.6,60.8,21.6,13.7,point
2025-10-19 03:00:00 PM,21.5,60.1,21.4,13.4,point
2025-10-19 03:30:00 PM,22.1,59.5,22.0,13.9,point
2025-10-19 04:00:00 PM,21.6,58.6,21.5,13.1,point
2025-10-19 04:30:00 PM,21.7,58.1,21.5,13.1,point
2025-10-19 05:00:00 PM,21.8,57.9,21.6,13.1,point
2025-10-19 05:30:00 PM,21.7,57.8,21.6,13.0,point
2025-10-19 06:00:00 PM,21.7,57.8,21.5,13.0,point
2025-10-19 06:30:00 PM,21.9,57.5,21.6,13.1,point
2025-10-19 07:00:00 PM,21.9,57.2,21.7,13.1,point
2025-10-19 07:30:00 PM,21.9,57.3,21.6,13.0,point
2025-10-19 08:00:00 PM,22.0,57.2,21.8,13.2,point
2025-10-19 08:30:00 PM,21.9,57.5,21.6,13.1,point
2025-10-19 09:00:00 PM,19.2,56.5,18.1,10.4,point
2025-10-19 09:30:00 PM,10.5,62.4,9.8,3.6,point
2025-10-19 10:00:00 PM,6.1,73.5,5.8,1.7,point
2025-10-19 10:30:00 PM,5.5,78.9,5.3,2.1,point
2025-10-19 11:00:00 PM,5.3,81.1,5.2,2.4,point
2025-10-19 11:30:00 PM,5.2,81.5,5.1,2.3,point
2025-10-20 12:00:00 AM,5.1,82.7,5.1,2.4,point
2025-10-20 12:30:00 AM,5.0,83.5,5.0,2.4,point
2025-10-20 01:00:00 AM,5.0,83.6,5.0,2.5,point
2025-10-20 01:30:00 AM,4.9,84.3,4.9,2.5,point
2025-10-20 02:00:00 AM,4.9,83.5,4.8,2.3,point
2025-10-20 02:30:00 AM,4.9,84.4,4.8,2.5,point
2025-10-20 03:00:00 AM,4.9,84.6,4.9,2.6,point
2025-10-20 03:30:00 AM,5.0,84.7,4.9,2.6,point
2025-10-20 04:00:00 AM,4.9,85.0,4.9,2.6,point
2025-10-20 04:30:00 AM,4.8,84.5,4.8,2.4,point
2025-10-20 05:00:00 AM,4.9,85.3,4.8,2.6,point
2025-10-20 05:30:00 AM,4.9,85.4,4.8,2.6,point
2025-10-20 06:00:00 AM,4.8,85.2,4.8,2.6,point
2025-10-20 06:30:00 AM,5.1,85.4,5.0,2.8,point
2025-10-20 07:00:00 AM,5.0,85.4,4.9,2.7,point
2025-10-20 07:30:00 AM,5.0,85.9,4.9,2.8,point
2025-10-20 08:00:00 AM,7.3,94.6,7.5,6.5,point
2025-10-20 08:30:00 AM,13.5,100.0,14.0,13.5,point
2025-10-20 09:00:00 AM,19.4,96.4,20.2,18.8,point
2025-10-20 09:30:00 AM,20.7,82.0,21.0,17.5,point
2025-10-20 10:00:00 AM,20.8,79.6,21.1,17.1,point
2025-10-20 10:30:00 AM,21.5,76.8,21.9,17.2,point
2025-10-20 11:00:00 AM,21.2,74.4,21.4,16.5,point
2025-10-20 11:30:00 AM,21.2,71.9,21.3,15.9,point
2025-10-20 12:00:00 PM,21.4,68.9,21.5,15.4,point
2025-10-20 12:30:00 PM,21.6,66.1,21.8,15.0,point
2025-10-20 01:00:00 PM,21.3,63.7,21.4,14.2,point
2025-10-20 01:30:00 PM,21.2,60.7,21.1,13.3,point
2025-10-20 02:00:00 PM,21.6,59.8,21.5,13.5,point
2025-10-20 02:30:00 PM,21.6,58.1,21.5,13.0,point
2025-10-20 03:00:00 PM,21.2,56.5,20.9,12.2,point
2025-10-20 03:30:00 PM,22.1,55.1,21.8,12.7,point
2025-10-20 04:00:00 PM,21.8,54.3,21.4,12.1,point
2025-10-20 04:30:00 PM,21.8,53.0,21.5,11.8,point
2025-10-20 05:00:00 PM,22.0,52.2,21.5,11.7,point
2025-10-20 05:30:00 PM,22.0,51.4,21.5,11.5,point
2025-10-20 06:00:00 PM,21.6,50.9,21.2,11.1,point
2025-10-20 06:30:00 PM,22.0,50.7,21.5,11.3,point
2025-10-20 07:00:00 PM,21.6,50.5,21.2,10.9,point
2025-10-20 07:30:00 PM,21.9,50.7,21.5,11.2,point
2025-10-20 08:00:00 PM,21.7,50.7,21.2,11.0,point
2025-10-20 08:30:00 PM,21.8,50.6,21.4,11.1,point
2025-10-20 09:00:00 PM,19.9,50.1,18.8,9.2,point
2025-10-20 09:30:00 PM,10.6,58.1,9.6,2.7,point
2025-10-20 10:00:00 PM,6.1,70.8,5.7,1.2,point
2025-10-20 10:30:00 PM,5.5,77.5,5.3,1.9,point
2025-10-20 11:00:00 PM,4.4,80.6,4.2,1.4,point
2025-10-20 11:30:00 PM,4.4,83.5,4.3,1.8,point
2025-10-21 12:00:00 AM,4.3,84.8,4.3,2.0,point
2025-10-21 12:30:00 AM,4.4,85.5,4.4,2.2,point
2025-10-21 01:00:00 AM,4.2,86.3,4.2,2.1,point
2025-10-21 01:30:00 AM,4.0,85.8,4.0,1.9,point
2025-10-21 02:00:00 AM,4.2,86.2,4.1,2.1,point
2025-10-21 02:30:00 AM,4.2,85.7,4.1,2.0,point
2025-10-21 03:00:00 AM,4.2,85.8,4.1,2.0,point
2025-10-21 03:30:00 AM,4.2,86.8,4.1,2.1,point
2025-10-21 04:00:00 AM,4.3,86.9,4.3,2.3,point
2025-10-21 04:30:00 AM,4.3,87.2,4.2,2.3,point
2025-10-21 05:00:00 AM,4.1,87.8,4.1,2.3,point
2025-10-21 05:30:00 AM,4.1,87.5,4.0,2.2,point
2025-10-21 06:00:00 AM,4.2,87.7,4.2,2.4,point
2025-10-21 06:30:00 AM,4.2,87.2,4.2,2.3,point
2025-10-21 07:00:00 AM,4.3,87.7,4.2,2.4,point
2025-10-21 07:30:00 AM,4.2,87.7,4.1,2.3,point
2025-10-21 08:00:00 AM,7.1,95.1,7.3,6.4,point
2025-10-21 08:30:00 AM,13.9,98.1,14.5,13.6,point
2025-10-21 09:00:00 AM,19.9,77.6,19.9,15.8,point
2025-10-21 09:30:00 AM,21.2,69.9,21.4,15.5,point
2025-10-21 10:00:00 AM,21.4,66.4,21.5,14.9,point
2025-10-21 10:30:00 AM,21.7,63.3,21.8,14.4,point
2025-10-21 11:00:00 AM,21.7,60.8,21.6,13.8,point
2025-10-21 11:30:00 AM,21.9,59.5,21.8,13.7,point
2025-10-21 12:00:00 PM,21.7,58.1,21.5,13.1,point
2025-10-21 12:30:00 PM,22.4,56.9,22.1,13.4,point
2025-10-21 01:00:00 PM,22.2,56.1,21.9,13.0,point
2025-10-21 01:30:00 PM,21.9,55.2,21.7,12.6,point
2025-10-21 02:00:00 PM,21.9,54.4,21.5,12.3,point
2025-10-21 02:30:00 PM,21.7,53.4,21.3,11.8,point
2025-10-21 03:00:00 PM,21.5,52.2,21.0,11.3,point
2025-10-21 03:30:00 PM,21.9,51.2,21.4,11.3,point
2025-10-21 04:00:00 PM,21.9,50.2,21.5,11.1,point
2025-10-21 04:30:00 PM,22.0,49.5,21.5,11.0,point
2025-10-21 05:00:00 PM,21.9,50.0,21.4,11.0,point
2025-10-21 05:30:00 PM,22.2,50.1,21.8,11.3,point
2025-10-21 06:00:00 PM,22.0,50.5,21.6,11.3,point
2025-10-21 06:30:00 PM,21.7,50.8,21.2,11.1,point
2025-10-21 07:00:00 PM,21.8,51.1,21.3,11.2,point
2025-10-21 07:30:00 PM,21.7,51.0,21.3,11.1,point
2025-10-21 08:00:00 PM,21.7,51.7,21.3,11.3,point
2025-10-21 08:30:00 PM,21.8,51.5,21.3,11.3,point
2025-10-21 09:00:00 PM,17.9,52.0,16.2,7.9,point
2025-10-21 09:30:00 PM,9.7,59.8,8.9,2.2,point
2025-10-21 10:00:00 PM,5.1,73.0,4.9,0.7,point
2025-10-21 10:30:00 PM,4.5,80.3,4.4,1.4,point
2025-10-21 11:00:00 PM,4.5,82.6,4.5,1.8,point
2025-10-21 11:30:00 PM,4.4,83.7,4.3,1.9,point
2025-10-22 12:00:00 AM,4.4,84.5,4.3,2.0,point
2025-10-22 12:30:00 AM,4.2,85.1,4.1,1.9,point
2025-10-22 01:00:00 AM,4.1,85.5,4.1,1.9,point
2025-10-22 01:30:00 AM,4.1,85.6,4.0,1.9,point
2025-10-22 02:00:00 AM,4.1,85.2,4.0,1.8,point
2025-10-22 02:30:00 AM,4.2,86.2,4.2,2.1,point
2025-10-22 03:00:00 AM,4.2,86.3,4.2,2.1,point
2025-10-22 03:30:00 AM,4.4,86.7,4.3,2.3,point
2025-10-22 04:00:00 AM,4.4,86.9,4.3,2.4,point
2025-10-22 04:30:00 AM,4.1,86.2,4.0,2.0,point
2025-10-22 05:00:00 AM,4.2,86.7,4.2,2.2,point
2025-10-22 05:30:00 AM,4.3,87.2,4.2,2.3,point
2025-10-22 06:00:00 AM,4.3,87.5,4.2,2.4,point
2025-10-22 06:30:00 AM,4.0,87.1,4.0,2.1,point
2025-10-22 07:00:00 AM,4.2,87.7,4.1,2.3,point
2025-10-22 07:30:00 AM,4.1,87.3,4.1,2.2,point
2025-10-22 08:00:00 AM,7.1,95.5,7.3,6.5,point
2025-10-22 08:30:00 AM,14.3,100.0,15.0,14.3,point
2025-10-22 09:00:00 AM,19.9,81.9,20.2,16.7,point
2025-10-22 09:30:00 AM,21.2,74.4,21.4,16.4,point
2025-10-22 10:00:00 AM,21.4,71.3,21.7,16.0,point
2025-10-22 10:30:00 AM,21.5,67.9,21.8,15.4,point
2025-10-22 11:00:00 AM,21.6,64.7,21.8,14.7,point
2025-10-22 11:30:00 AM,21.8,63.1,22.0,14.5,point
2025-10-22 12:00:00 PM,21.8,60.8,21.7,13.9,point
2025-10-22 12:30:00 PM,22.0,60.0,21.8,13.8,point
2025-10-22 01:00:00 PM,22.0,59.0,21.9,13.6,point
2025-10-22 01:30:00 PM,21.8,58.0,21.6,13.2,point
2025-10-22 02:00:00 PM,22.2,57.9,22.1,13.6,point
2025-10-22 02:30:00 PM,21.9,57.8,21.7,13.2,point
2025-10-22 03:00:00 PM,22.4,56.9,22.1,13.4,point
2025-10-22 03:30:00 PM,21.9,56.4,21.6,12.8,point
2025-10-22 04:00:00 PM,21.9,55.9,21.6,12.7,point
2025-10-22 04:30:00 PM,21.6,55.2,21.4,12.3,point
2025-10-22 05:00:00 PM,22.1,55.3,21.8,12.7,point
2025-10-22 05:30:00 PM,22.0,55.6,21.7,12.7,point
2025-10-22 06:00:00 PM,21.9,56.4,21.6,12.8,point
2025-10-22 06:30:00 PM,21.8,57.8,21.6,13.1,point
2025-10-22 07:00:00 PM,21.9,58.1,21.7,13.3,point
2025-10-22 07:30:00 PM,22.3,58.9,22.2,13.9,point
2025-10-22 08:00:00 PM,21.7,59.5,21.6,13.5,point
2025-10-22 08:30:00 PM,21.6,59.2,21.5,13.3,point
2025-10-22 09:00:00 PM,20.8,58.5,20.3,12.3,point
2025-10-22 09:30:00 PM,9.7,63.3,9.1,3.1,point
2025-10-22 10:00:00 PM,5.3,74.1,5.1,1.1,point
2025-10-22 10:30:00 PM,4.5,80.7,4.3,1.4,point
2025-10-22 11:00:00 PM,4.5,83.6,4.4,1.9,point
2025-10-22 11:30:00 PM,4.3,83.4,4.2,1.7,point
2025-10-23 12:00:00 AM,4.4,84.9,4.3,2.1,point
2025-10-23 12:30:00 AM,4.5,85.7,4.4,2.3,point
2025-10-23 01:00:00 AM,4.2,85.9,4.2,2.1,point
2025-10-23 01:30:00 AM,4.3,86.0,4.2,2.1,point
2025-10-23 02:00:00 AM,4.2,85.6,4.1,2.0,point
2025-10-23 02:30:00 AM,4.2,86.3,4.2,2.1,point
2025-10-23 03:00:00 AM,4.2,86.2,4.1,2.1,point
2025-10-23 03:30:00 AM,4.2,86.6,4.1,2.2,point
2025-10-23 04:00:00 AM,4.2,86.8,4.1,2.2,point
2025-10-23 04:30:00 AM,4.1,87.0,4.0,2.1,point
2025-10-23 05:00:00 AM,4.2,86.7,4.2,2.2,point
2025-10-23 05:30:00 AM,4.1,87.4,4.1,2.2,point
2025-10-23 06:00:00 AM,4.1,87.2,4.0,2.1,point
2025-10-23 06:30:00 AM,4.3,87.3,4.2,2.3,point
2025-10-23 07:00:00 AM,4.1,87.7,4.1,2.3,point
2025-10-23 07:30:00 AM,4.4,87.8,4.4,2.6,point
2025-10-23 08:00:00 AM,7.4,95.4,7.5,6.7,point
2025-10-23 08:30:00 AM,14.4,100.0,15.1,14.4,point
2025-10-23 09:00:00 AM,20.8,90.9,21.5,19.2,point
2025-10-23 09:30:00 AM,22.1,79.7,22.9,18.4,point
2025-10-23 10:00:00 AM,22.0,78.6,22.5,18.1,point
2025-10-23 10:30:00 AM,21.9,76.6,22.5,17.6,point
2025-10-23 11:00:00 AM,21.7,76.2,22.3,17.3,point
2025-10-23 11:30:00 AM,21.8,73.7,22.3,16.9,point
2025-10-23 12:00:00 PM,21.7,69.3,22.1,15.8,point
2025-10-23 12:30:00 PM,21.6,65.5,21.8,14.9,point
2025-10-23 01:00:00 PM,21.6,61.4,21.6,13.8,point
2025-10-23 01:30:00 PM,22.3,58.0,22.1,13.6,point
2025-10-23 02:00:00 PM,22.1,55.7,21.8,12.8,point
2025-10-23 02:30:00 PM,21.8,54.4,21.4,12.1,point
2025-10-23 03:00:00 PM,21.9,53.3,21.6,12.0,point
2025-10-23 03:30:00 PM,22.0,52.8,21.7,11.9,point
2025-10-23 04:00:00 PM,21.8,52.1,21.4,11.6,point
2025-10-23 04:30:00 PM,20.8,49.8,19.9,9.9,point
2025-10-23 05:00:00 PM,20.7,50.8,20.0,10.2,point
2025-10-23 05:30:00 PM,20.6,50.6,19.7,10.0,point
2025-10-23 06:00:00 PM,21.2,50.1,20.7,10.5,point
2025-10-23 06:30:00 PM,20.9,49.6,20.2,10.0,point
2025-10-23 07:00:00 PM,20.9,49.4,20.0,9.9,point
2025-10-23 07:30:00 PM,20.8,49.6,20.0,9.9,point
2025-10-23 08:00:00 PM,21.0,50.0,20.3,10.2,point
2025-10-23 08:30:00 PM,20.9,49.9,20.2,10.1,point
2025-10-23 09:00:00 PM,17.8,48.7,15.8,6.9,point
2025-10-23 09:30:00 PM,10.8,55.2,9.9,2.2,point
2025-10-23 10:00:00 PM,6.2,68.9,5.8,0.9,point
2025-10-23 10:30:00 PM,5.4,75.5,5.2,1.4,point
2025-10-23 11:00:00 PM,5.1,77.9,4.9,1.5,point
2025-10-23 11:30:00 PM,4.8,79.0,4.7,1.5,point
2025-10-24 12:00:00 AM,4.9,80.4,4.7,1.8,point
2025-10-24 12:30:00 AM,4.8,81.6,4.7,1.9,point
2025-10-24 01:00:00 AM,4.8,82.6,4.8,2.1,point
2025-10-24 01:30:00 AM,4.7,83.0,4.7,2.1,point
2025-10-24 02:00:00 AM,4.8,83.5,4.7,2.2,point
2025-10-24 02:30:00 AM,4.8,83.8,4.7,2.3,point
2025-10-24 03:00:00 AM,4.6,84.1,4.5,2.1,point
2025-10-24 03:30:00 AM,4.7,84.6,4.7,2.4,point
2025-10-24 04:00:00 AM,4.6,84.7,4.6,2.3,point
2025-10-24 04:30:00 AM,4.5,84.3,4.5,2.1,point
2025-10-24 05:00:00 AM,4.7,84.4,4.7,2.3,point
2025-10-24 05:30:00 AM,4.8,85.2,4.8,2.5,point
2025-10-24 06:00:00 AM,4.6,85.0,4.5,2.3,point
2025-10-24 06:30:00 AM,4.5,84.9,4.5,2.2,point
2025-10-24 07:00:00 AM,4.7,85.3,4.6,2.4,point
2025-10-24 07:30:00 AM,4.6,85.5,4.6,2.4,point
2025-10-24 08:00:00 AM,7.3,93.0,7.4,6.2,point
2025-10-24 08:30:00 AM,13.5,88.3,13.6,11.6,point
2025-10-24 09:00:00 AM,20.2,68.1,20.0,14.2,point
2025-10-24 09:30:00 AM,19.9,60.5,19.3,12.1,point
2025-10-24 10:00:00 AM,20.2,56.9,19.5,11.4,point
2025-10-24 10:30:00 AM,20.1,55.0,19.3,10.8,point
2025-10-24 11:00:00 AM,20.5,53.5,19.8,10.8,point
2025-10-24 11:30:00 AM,20.4,53.4,19.5,10.6,point
2025-10-24 12:00:00 PM,20.6,52.9,19.8,10.6,point
2025-10-24 12:30:00 PM,20.9,53.0,20.4,11.0,point
2025-10-24 01:00:00 PM,20.7,52.9,20.1,10.8,point
2025-10-24 01:30:00 PM,19.2,53.2,17.9,9.5,point
2025-10-24 02:00:00 PM,20.2,49.4,19.2,9.3,point
2025-10-24 02:30:00 PM,21.6,50.4,21.2,10.8,point
2025-10-24 03:00:00 PM,21.9,49.3,21.4,10.8,point
2025-10-24 03:30:00 PM,22.0,49.6,21.5,11.0,point
2025-10-24 04:00:00 PM,22.2,49.8,21.7,11.2,point
2025-10-24 04:30:00 PM,20.9,47.2,19.9,9.2,point
2025-10-24 05:00:00 PM,20.6,75.5,20.9,16.2,point
2025-10-24 05:30:00 PM,20.1,78.0,20.3,16.2,point
2025-10-24 06:00:00 PM,20.3,79.5,20.6,16.7,point
2025-10-24 06:30:00 PM,20.4,79.8,20.6,16.8,point
2025-10-24 07:00:00 PM,20.8,80.5,21.3,17.4,point
2025-10-24 07:30:00 PM,20.8,78.5,21.0,16.9,point
2025-10-24 08:00:00 PM,21.4,77.8,21.8,17.3,point
2025-10-24 08:30:00 PM,21.5,77.3,21.9,17.4,point
2025-10-24 09:00:00 PM,17.2,71.8,16.5,12.0,point
2025-10-24 09:30:00 PM,9.9,67.8,9.3,4.2,point
2025-10-24 10:00:00 PM,5.5,76.0,5.2,1.6,point
2025-10-24 10:30:00 PM,4.9,81.5,4.7,2.0,point
2025-10-24 11:00:00 PM,4.8,83.3,4.7,2.2,point
2025-10-24 11:30:00 PM,4.5,84.1,4.4,2.0,point
2025-10-25 12:00:00 AM,4.6,84.9,4.5,2.3,point
2025-10-25 12:30:00 AM,4.4,85.6,4.4,2.2,point
2025-10-25 01:00:00 AM,4.3,85.5,4.3,2.1,point
2025-10-25 01:30:00 AM,4.5,85.8,4.5,2.3,point
2025-10-25 02:00:00 AM,4.4,86.0,4.4,2.3,point
2025-10-25 02:30:00 AM,4.4,85.8,4.4,2.2,point
2025-10-25 03:00:00 AM,4.5,86.0,4.4,2.4,point
2025-10-25 03:30:00 AM,4.5,85.9,4.4,2.3,point
2025-10-25 04:00:00 AM,4.3,86.2,4.2,2.2,point
2025-10-25 04:30:00 AM,4.3,86.6,4.3,2.3,point
2025-10-25 05:00:00 AM,4.4,86.3,4.4,2.3,point
2025-10-25 05:30:00 AM,4.6,86.4,4.5,2.5,point
2025-10-25 06:00:00 AM,4.7,87.2,4.7,2.8,point
2025-10-25 06:30:00 AM,4.6,87.0,4.6,2.6,point
2025-10-25 07:00:00 AM,4.8,86.7,4.8,2.8,point
2025-10-25 07:30:00 AM,4.4,86.5,4.4,2.4,point
2025-10-25 08:00:00 AM,7.4,95.3,7.6,6.7,point
2025-10-25 08:30:00 AM,14.0,100.0,14.6,14.0,point
2025-10-25 09:00:00 AM,20.0,92.5,20.6,18.7,point
2025-10-25 09:30:00 AM,20.9,81.6,21.4,17.7,point
2025-10-25 10:00:00 AM,21.5,79.0,22.2,17.7,point
2025-10-25 10:30:00 AM,21.6,77.5,22.2,17.5,point
2025-10-25 11:00:00 AM,21.2,75.6,21.5,16.7,point
2025-10-25 11:30:00 AM,21.6,72.7,22.0,16.4,point
2025-10-25 12:00:00 PM,21.4,70.9,21.7,15.9,point
2025-10-25 12:30:00 PM,21.3,68.5,21.3,15.2,point
2025-10-25 01:00:00 PM,21.6,66.3,21.8,15.0,point
2025-10-25 01:30:00 PM,21.5,63.9,21.5,14.3,point
2025-10-25 02:00:00 PM,21.7,61.9,21.7,14.1,point
2025-10-25 02:30:00 PM,21.7,59.7,21.5,13.5,point
2025-10-25 03:00:00 PM,21.7,58.0,21.5,13.0,point
2025-10-25 03:30:00 PM,21.9,56.4,21.6,12.8,point
2025-10-25 04:00:00 PM,21.6,55.4,21.4,12.2,point
2025-10-25 04:30:00 PM,21.4,54.3,21.0,11.8,point
2025-10-25 05:00:00 PM,21.8,53.8,21.4,12.0,point
2025-10-25 05:30:00 PM,21.6,53.2,21.3,11.6,point
2025-10-25 06:00:00 PM,21.6,52.4,21.2,11.5,point
2025-10-25 06:30:00 PM,21.7,52.0,21.3,11.4,point
2025-10-25 07:00:00 PM,21.6,51.3,21.2,11.1,point
2025-10-25 07:30:00 PM,21.5,51.2,21.2,11.1,point
2025-10-25 08:00:00 PM,21.5,50.8,21.2,10.9,point
2025-10-25 08:30:00 PM,21.6,50.6,21.2,10.9,point
2025-10-25 09:00:00 PM,18.7,51.4,17.1,8.5,point
2025-10-25 09:30:00 PM,10.2,58.2,9.3,2.3,point
2025-10-25 10:00:00 PM,5.6,71.9,5.4,1.0,point
2025-10-25 10:30:00 PM,5.0,78.1,4.9,1.5,point
2025-10-25 11:00:00 PM,4.9,80.8,4.8,1.9,point
2025-10-25 11:30:00 PM,4.7,82.1,4.5,1.9,point
2025-10-26 12:00:00 AM,4.5,82.4,4.4,1.8,point
2025-10-26 12:30:00 AM,4.5,83.8,4.5,2.0,point
2025-10-26 01:00:00 AM,4.7,83.7,4.6,2.1,point
2025-10-26 01:30:00 AM,4.5,84.5,4.5,2.1,point
2025-10-26 02:00:00 AM,4.6,84.4,4.6,2.2,point
2025-10-26 02:30:00 AM,4.5,84.9,4.5,2.2,point
2025-10-26 03:00:00 AM,4.4,85.0,4.4,2.1,point
2025-10-26 03:30:00 AM,4.5,85.4,4.4,2.2,point
2025-10-26 04:00:00 AM,4.6,85.4,4.6,2.4,point
2025-10-26 04:30:00 AM,4.5,85.6,4.5,2.3,point
2025-10-26 05:00:00 AM,4.4,85.4,4.3,2.1,point
2025-10-26 05:30:00 AM,4.5,85.2,4.4,2.2,point
2025-10-26 06:00:00 AM,4.5,85.9,4.4,2.3,point
2025-10-26 06:30:00 AM,4.5,85.6,4.4,2.3,point
2025-10-26 07:00:00 AM,4.4,86.1,4.3,2.3,point
2025-10-26 07:30:00 AM,4.5,85.5,4.4,2.3,point
2025-10-26 08:00:00 AM,7.3,93.8,7.4,6.4,point
2025-10-26 08:30:00 AM,13.4,92.8,13.7,12.3,point
2025-10-26 09:00:00 AM,19.8,71.5,19.5,14.5,point
2025-10-26 09:30:00 AM,20.5,63.5,20.2,13.4,point
2025-10-26 10:00:00 AM,21.1,59.5,20.9,12.9,point
2025-10-26 10:30:00 AM,21.1,56.3,20.8,12.1,point
2025-10-26 11:00:00 AM,21.4,54.5,21.0,11.8,point
2025-10-26 11:30:00 AM,21.6,52.8,21.3,11.6,point
2025-10-26 12:00:00 PM,21.6,51.8,21.2,11.3,point
2025-10-26 12:30:00 PM,21.7,50.9,21.2,11.1,point
2025-10-26 01:00:00 PM,21.9,50.7,21.5,11.3,point
2025-10-26 01:30:00 PM,21.5,50.3,21.2,10.8,point
2025-10-26 02:00:00 PM,21.9,49.8,21.4,11.0,point
2025-10-26 02:30:00 PM,21.6,49.4,21.1,10.6,point
2025-10-26 03:00:00 PM,21.9,49.0,21.3,10.7,point
2025-10-26 03:30:00 PM,21.6,48.9,21.1,10.4,point
2025-10-26 04:00:00 PM,21.7,48.8,21.1,10.4,point
2025-10-26 04:30:00 PM,21.7,49.0,21.1,10.5,point
2025-10-26 05:00:00 PM,22.0,48.5,21.5,10.7,point
2025-10-26 05:30:00 PM,21.6,48.4,21.1,10.2,point
2025-10-26 06:00:00 PM,21.6,48.0,21.1,10.1,point
2025-10-26 06:30:00 PM,21.7,47.8,21.1,10.1,point
2025-10-26 07:00:00 PM,22.0,47.9,21.4,10.4,point
2025-10-26 07:30:00 PM,21.7,47.7,21.1,10.1,point
2025-10-26 08:00:00 PM,21.8,47.8,21.2,10.2,point
2025-10-26 08:30:00 PM,21.8,48.0,21.2,10.3,point
2025-10-26 09:00:00 PM,18.3,48.6,16.3,7.3,point
2025-10-26 09:30:00 PM,10.2,56.7,9.4,2.0,point
2025-10-26 10:00:00 PM,5.6,70.0,5.3,0.6,point
2025-10-26 10:30:00 PM,5.0,76.8,4.8,1.3,point
2025-10-26 11:00:00 PM,4.8,79.7,4.6,1.6,point
2025-10-26 11:30:00 PM,4.6,80.8,4.5,1.6,point
2025-10-27 12:00:00 AM,4.5,82.0,4.3,1.7,point
2025-10-27 12:30:00 AM,4.7,83.0,4.7,2.1,point
2025-10-27 01:00:00 AM,4.5,82.8,4.4,1.8,point
2025-10-27 01:30:00 AM,4.7,83.6,4.6,2.2,point
2025-10-27 02:00:00 AM,4.4,83.8,4.3,1.9,point
2025-10-27 02:30:00 AM,4.6,84.2,4.5,2.1,point
2025-10-27 03:00:00 AM,4.5,84.4,4.4,2.1,point
2025-10-27 03:30:00 AM,4.4,84.9,4.4,2.1,point
2025-10-27 04:00:00 AM,4.4,84.8,4.4,2.1,point
2025-10-27 04:30:00 AM,4.4,85.0,4.4,2.1,point
2025-10-27 05:00:00 AM,4.4,84.6,4.4,2.1,point
2025-10-27 05:30:00 AM,4.5,84.8,4.5,2.2,point
2025-10-27 06:00:00 AM,4.5,85.5,4.4,2.3,point
2025-10-27 06:30:00 AM,4.6,85.0,4.5,2.3,point
2025-10-27 07:00:00 AM,4.5,85.7,4.4,2.3,point
2025-10-27 07:30:00 AM,4.5,85.8,4.5,2.3,point
2025-10-27 08:00:00 AM,7.2,92.1,7.2,6.0,point
2025-10-27 08:30:00 AM,13.4,86.8,13.5,11.3,point
2025-10-27 09:00:00 AM,19.8,66.8,19.3,13.4,point
2025-10-27 09:30:00 AM,20.8,59.5,20.5,12.7,point
2025-10-27 10:00:00 AM,21.0,55.5,20.5,11.7,point
2025-10-27 10:30:00 AM,21.2,53.6,20.8,11.5,point
2025-10-27 11:00:00 AM,21.4,52.3,20.9,11.2,point
2025-10-27 11:30:00 AM,21.4,51.6,21.0,11.1,point
2025-10-27 12:00:00 PM,21.6,51.0,21.2,11.0,point
2025-10-27 12:30:00 PM,21.4,50.3,21.0,10.7,point
2025-10-27 01:00:00 PM,21.6,49.1,21.1,10.5,point
2025-10-27 01:30:00 PM,21.6,47.9,21.1,10.1,point
2025-10-27 02:00:00 PM,21.6,47.4,21.0,9.9,point
2025-10-27 02:30:00 PM,21.8,46.7,21.1,9.8,point
2025-10-27 03:00:00 PM,21.9,46.5,21.3,9.9,point
2025-10-27 03:30:00 PM,21.8,46.2,21.1,9.7,point
2025-10-27 04:00:00 PM,21.6,45.3,21.0,9.3,point
2025-10-27 04:30:00 PM,21.6,44.6,20.9,9.1,point
2025-10-27 05:00:00 PM,21.9,44.2,21.1,9.2,point
2025-10-27 05:30:00 PM,21.4,44.0,20.7,8.7,point
2025-10-27 06:00:00 PM,21.8,43.9,21.0,8.9,point
2025-10-27 06:30:00 PM,21.7,43.7,20.9,8.8,point
2025-10-27 07:00:00 PM,21.7,43.7,20.9,8.8,point
2025-10-27 07:30:00 PM,21.7,43.7,21.0,8.8,point
2025-10-27 08:00:00 PM,21.6,43.6,20.9,8.7,point
2025-10-27 08:30:00 PM,21.7,43.6,21.0,8.8,point
2025-10-27 09:00:00 PM,18.4,44.0,16.2,5.9,point
2025-10-27 09:30:00 PM,10.4,51.5,9.4,0.9,point
2025-10-27 10:00:00 PM,5.6,65.3,5.1,-0.4,point
2025-10-27 10:30:00 PM,5.1,70.2,4.8,0.1,point
2025-10-27 11:00:00 PM,4.5,74.4,4.3,0.4,point
2025-10-27 11:30:00 PM,4.6,76.3,4.4,0.8,point
2025-10-28 12:00:00 AM,4.6,77.0,4.4,0.9,point
2025-10-28 12:30:00 AM,4.6,77.8,4.4,1.0,point
2025-10-28 01:00:00 AM,4.6,78.4,4.5,1.2,point
2025-10-28 01:30:00 AM,4.5,78.8,4.4,1.1,point
2025-10-28 02:00:00 AM,4.6,79.4,4.4,1.3,point
2025-10-28 02:30:00 AM,4.5,79.5,4.3,1.2,point
2025-10-28 03:00:00 AM,4.5,79.6,4.4,1.3,point
2025-10-28 03:30:00 AM,4.5,79.9,4.3,1.3,point
2025-10-28 04:00:00 AM,4.3,80.3,4.2,1.2,point
2025-10-28 04:30:00 AM,4.5,80.3,4.3,1.4,point
2025-10-28 05:00:00 AM,4.3,79.9,4.1,1.1,point
2025-10-28 05:30:00 AM,4.5,80.5,4.4,1.4,point
2025-10-28 06:00:00 AM,4.5,80.6,4.3,1.4,point
2025-10-28 06:30:00 AM,4.4,80.7,4.3,1.4,point
2025-10-28 07:00:00 AM,4.4,80.4,4.3,1.3,point
2025-10-28 07:30:00 AM,4.5,80.8,4.4,1.5,point
2025-10-28 08:00:00 AM,7.3,84.9,7.3,4.9,point
2025-10-28 08:30:00 AM,13.6,77.3,13.2,9.7,point
2025-10-28 09:00:00 AM,19.8,56.5,18.8,10.9,point
2025-10-28 09:30:00 AM,20.7,50.1,20.0,9.9,point
2025-10-28 10:00:00 AM,21.1,48.8,20.3,9.9,point
2025-10-28 10:30:00 AM,21.3,48.5,20.8,10.0,point
2025-10-28 11:00:00 AM,21.5,48.4,20.9,10.1,point
2025-10-28 11:30:00 AM,21.5,48.2,21.1,10.1,point
2025-10-28 12:00:00 PM,21.1,48.3,20.3,9.7,point
2025-10-28 12:30:00 PM,21.6,48.6,21.1,10.3,point
2025-10-28 01:00:00 PM,21.7,48.9,21.1,10.5,point
2025-10-28 01:30:00 PM,21.7,49.1,21.2,10.6,point
2025-10-28 02:00:00 PM,21.9,48.5,21.3,10.5,point
2025-10-28 02:30:00 PM,21.5,47.7,20.9,9.9,point
2025-10-28 03:00:00 PM,21.8,47.6,21.2,10.2,point
2025-10-28 03:30:00 PM,21.6,47.3,21.0,9.9,point
2025-10-28 04:00:00 PM,21.5,47.7,20.9,9.9,point
2025-10-28 04:30:00 PM,21.4,48.5,20.9,10.1,point
2025-10-28 05:00:00 PM,21.5,48.2,20.9,10.1,point
2025-10-28 05:30:00 PM,21.8,47.7,21.2,10.2,point
2025-10-28 06:00:00 PM,21.5,47.8,20.9,10.0,point
2025-10-28 06:30:00 PM,21.6,47.4,21.0,9.9,point
2025-10-28 07:00:00 PM,21.5,47.0,21.0,9.7,point
2025-10-28 07:30:00 PM,21.6,47.0,21.0,9.8,point
2025-10-28 08:00:00 PM,21.4,46.8,20.8,9.6,point
2025-10-28 08:30:00 PM,21.5,46.7,21.0,9.6,point
2025-10-28 09:00:00 PM,19.4,46.2,17.7,7.5,point
2025-10-28 09:30:00 PM,10.9,53.9,9.8,1.9,point
2025-10-28 10:00:00 PM,5.1,69.3,4.7,-0.1,point
2025-10-28 10:30:00 PM,4.5,76.4,4.4,0.8,point
2025-10-28 11:00:00 PM,4.7,78.6,4.6,1.3,point
2025-10-28 11:30:00 PM,4.5,79.7,4.4,1.3,point
2025-10-29 12:00:00 AM,4.6,80.8,4.5,1.6,point
2025-10-29 12:30:00 AM,4.5,81.4,4.3,1.6,point
2025-10-29 01:00:00 AM,4.6,81.8,4.4,1.7,point
2025-10-29 01:30:00 AM,4.4,82.8,4.4,1.7,point
2025-10-29 02:00:00 AM,4.5,82.4,4.4,1.8,point
2025-10-29 02:30:00 AM,4.4,83.1,4.4,1.8,point
2025-10-29 03:00:00 AM,4.4,82.5,4.4,1.7,point
2025-10-29 03:30:00 AM,4.4,82.9,4.3,1.7,point
2025-10-29 04:00:00 AM,4.4,83.3,4.4,1.9,point
2025-10-29 04:30:00 AM,4.4,82.5,4.4,1.7,point
2025-10-29 05:00:00 AM,4.3,82.8,4.2,1.6,point
2025-10-29 05:30:00 AM,4.5,82.7,4.5,1.8,point
2025-10-29 06:00:00 AM,4.3,82.1,4.1,1.5,point
2025-10-29 06:30:00 AM,4.5,81.5,4.3,1.6,point
2025-10-29 07:00:00 AM,4.4,80.6,4.2,1.3,point
2025-10-29 07:30:00 AM,4.5,81.0,4.3,1.5,point
2025-10-29 08:00:00 AM,7.2,84.3,7.1,4.7,point
2025-10-29 08:30:00 AM,13.5,76.3,13.2,9.4,point
2025-10-29 09:00:00 AM,20.2,56.4,19.5,11.2,point
2025-10-29 09:30:00 AM,21.0,49.4,20.2,10.0,point
2025-10-29 10:00:00 AM,20.9,47.6,20.0,9.3,point
2025-10-29 10:30:00 AM,21.3,46.6,20.7,9.4,point
2025-10-29 11:00:00 AM,21.4,46.3,20.8,9.4,point
2025-10-29 11:30:00 AM,21.4,46.0,20.7,9.3,point
2025-10-29 12:00:00 PM,21.4,45.6,20.8,9.2,point
2025-10-29 12:30:00 PM,21.1,45.4,20.2,8.8,point
2025-10-29 01:00:00 PM,21.2,45.1,20.4,8.8,point
2025-10-29 01:30:00 PM,21.5,45.1,20.8,9.1,point
2025-10-29 02:00:00 PM,21.5,44.9,20.9,9.1,point
2025-10-29 02:30:00 PM,21.5,45.0,20.9,9.1,point
2025-10-29 03:00:00 PM,21.7,44.8,21.0,9.2,point
2025-10-29 03:30:00 PM,21.6,44.9,20.9,9.2,point
2025-10-29 04:00:00 PM,21.7,44.9,20.9,9.2,point
2025-10-29 04:30:00 PM,21.3,44.7,20.6,8.8,point
2025-10-29 05:00:00 PM,21.4,44.9,20.7,9.0,point
2025-10-29 05:30:00 PM,21.4,44.6,20.7,8.9,point
2025-10-29 06:00:00 PM,21.3,44.4,20.6,8.7,point
2025-10-29 06:30:00 PM,21.3,43.9,20.6,8.5,point
2025-10-29 07:00:00 PM,21.5,43.7,20.7,8.6,point
2025-10-29 07:30:00 PM,21.5,43.2,20.7,8.5,point
2025-10-29 08:00:00 PM,21.5,43.1,20.9,8.5,point
2025-10-29 08:30:00 PM,21.7,42.6,20.9,8.5,point
2025-10-29 09:00:00 PM,19.4,42.7,17.7,6.4,point
2025-10-29 09:30:00 PM,10.6,50.6,9.4,0.8,point
2025-10-29 10:00:00 PM,5.3,65.8,5.0,-0.5,point
2025-10-29 10:30:00 PM,4.6,71.2,4.3,-0.2,point
2025-10-29 11:00:00 PM,4.6,73.5,4.4,0.3,point
2025-10-29 11:30:00 PM,4.5,74.6,4.3,0.4,point
2025-10-30 12:00:00 AM,4.6,75.4,4.4,0.6,point
2025-10-30 12:30:00 AM,4.4,75.7,4.3,0.5,point
2025-10-30 01:00:00 AM,4.5,76.2,4.3,0.7,point
2025-10-30 01:30:00 AM,4.4,76.1,4.2,0.5,point
2025-10-30 02:00:00 AM,4.6,76.2,4.4,0.8,point
2025-10-30 02:30:00 AM,4.2,75.6,4.0,0.2,point
2025-10-30 03:00:00 AM,4.4,76.1,4.2,0.5,point
2025-10-30 03:30:00 AM,4.4,76.0,4.2,0.5,point
2025-10-30 04:00:00 AM,4.5,75.7,4.3,0.6,point
2025-10-30 04:30:00 AM,4.5,75.8,4.4,0.6,point
2025-10-30 05:00:00 AM,4.1,75.4,4.0,0.2,point
2025-10-30 05:30:00 AM,4.3,75.7,4.1,0.4,point
2025-10-30 06:00:00 AM,4.3,75.6,4.1,0.3,point
2025-10-30 06:30:00 AM,4.6,76.1,4.4,0.8,point
2025-10-30 07:00:00 AM,4.3,75.8,4.1,0.4,point
2025-10-30 07:30:00 AM,4.4,75.7,4.2,0.5,point
2025-10-30 08:00:00 AM,7.3,79.1,7.1,3.9,point
2025-10-30 08:30:00 AM,13.5,70.8,12.8,8.3,point
2025-10-30 09:00:00 AM,19.9,51.8,18.9,9.7,point
2025-10-30 09:30:00 AM,20.6,45.9,19.6,8.6,point
2025-10-30 10:00:00 AM,20.8,45.0,19.9,8.5,point
2025-10-30 10:30:00 AM,21.2,45.1,20.4,8.8,point
2025-10-30 11:00:00 AM,21.2,45.4,20.5,8.9,point
2025-10-30 11:30:00 AM,21.5,46.0,21.0,9.4,point
2025-10-30 12:00:00 PM,21.4,46.4,20.7,9.4,point
2025-10-30 12:30:00 PM,21.2,46.6,20.4,9.3,point
2025-10-30 01:00:00 PM,21.6,46.4,21.0,9.6,point
2025-10-30 01:30:00 PM,21.5,46.0,21.0,9.4,point
2025-10-30 02:00:00 PM,20.9,45.7,20.1,8.8,point
2025-10-30 02:30:00 PM,21.4,45.8,20.8,9.3,point
2025-10-30 03:00:00 PM,21.5,45.7,20.8,9.3,point
2025-10-30 03:30:00 PM,21.5,45.4,21.0,9.2,point
2025-10-30 04:00:00 PM,21.5,45.1,20.8,9.1,point
2025-10-30 04:30:00 PM,21.6,45.8,21.0,9.4,point
2025-10-30 05:00:00 PM,20.2,45.3,19.0,8.0,point
2025-10-30 05:30:00 PM,20.0,46.4,18.7,8.2,point
2025-10-30 06:00:00 PM,20.3,46.5,19.2,8.5,point
2025-10-30 06:30:00 PM,20.2,46.8,18.9,8.4,point
2025-10-30 07:00:00 PM,20.2,46.6,18.9,8.4,point
2025-10-30 07:30:00 PM,20.2,47.0,18.9,8.5,point
2025-10-30 08:00:00 PM,19.8,46.7,18.5,8.1,point
2025-10-30 08:30:00 PM,20.3,46.4,19.0,8.4,point
2025-10-30 09:00:00 PM,19.4,45.4,17.7,7.3,point
2025-10-30 09:30:00 PM,10.4,53.4,9.4,1.4,point
2025-10-30 10:00:00 PM,5.7,67.4,5.4,0.1,point
2025-10-30 10:30:00 PM,5.0,74.3,4.7,0.8,point
2025-10-30 11:00:00 PM,4.9,76.8,4.7,1.2,point
2025-10-30 11:30:00 PM,4.8,78.5,4.7,1.4,point
2025-10-31 12:00:00 AM,4.8,79.3,4.6,1.5,point
2025-10-31 12:30:00 AM,4.7,80.6,4.5,1.6,point
2025-10-31 01:00:00 AM,4.6,81.2,4.5,1.7,point
2025-10-31 01:30:00 AM,4.7,82.0,4.5,1.9,point
2025-10-31 02:00:00 AM,4.5,81.6,4.4,1.7,point
2025-10-31 02:30:00 AM,4.6,82.7,4.6,1.9,point
2025-10-31 03:00:00 AM,4.5,82.5,4.4,1.8,point
2025-10-31 03:30:00 AM,4.6,82.9,4.6,2.0,point
2025-10-31 04:00:00 AM,4.5,83.1,4.5,1.9,point
2025-10-31 04:30:00 AM,4.5,83.0,4.5,1.9,point
2025-10-31 05:00:00 AM,4.7,83.3,4.6,2.1,point
2025-10-31 05:30:00 AM,4.6,83.5,4.6,2.1,point
2025-10-31 06:00:00 AM,4.6,83.3,4.5,2.0,point
2025-10-31 06:30:00 AM,4.5,83.3,4.4,1.9,point
2025-10-31 07:00:00 AM,4.7,83.8,4.6,2.1,point
2025-10-31 07:30:00 AM,4.6,83.5,4.5,2.0,point
2025-10-31 08:00:00 AM,7.0,89.6,7.1,5.4,point
2025-10-31 08:30:00 AM,13.3,83.5,13.3,10.6,point
2025-10-31 09:00:00 AM,18.3,65.2,17.2,11.6,point
2025-10-31 09:30:00 AM,19.2,57.4,18.1,10.7,point
2025-10-31 10:00:00 AM,19.4,54.3,18.2,9.9,point
2025-10-31 10:30:00 AM,19.5,52.7,18.4,9.6,point
2025-10-31 11:00:00 AM,19.6,52.1,18.4,9.6,point
2025-10-31 11:30:00 AM,19.9,51.6,18.7,9.6,point
2025-10-31 12:00:00 PM,20.0,50.7,19.0,9.5,point
2025-10-31 12:30:00 PM,19.8,49.5,18.6,9.0,point
2025-10-31 01:00:00 PM,20.0,48.5,18.8,8.9,point
2025-10-31 01:30:00 PM,20.0,48.0,18.7,8.6,point
2025-10-31 02:00:00 PM,20.0,47.4,18.8,8.5,point
2025-10-31 02:30:00 PM,19.3,47.5,17.8,7.9,point
2025-10-31 03:00:00 PM,20.7,42.7,19.4,7.6,point
2025-10-31 03:30:00 PM,20.2,44.6,18.8,7.8,point
2025-10-31 04:00:00 PM,20.3,45.6,19.2,8.2,point
2025-10-31 04:30:00 PM,20.2,46.4,19.0,8.3,point
2025-10-31 05:00:00 PM,20.4,46.2,19.2,8.4,point
2025-10-31 05:30:00 PM,19.1,65.0,18.4,12.4,point
2025-10-31 06:00:00 PM,18.9,78.3,18.6,15.0,point
2025-10-31 06:30:00 PM,19.0,80.4,18.9,15.6,point
2025-10-31 07:00:00 PM,19.0,80.6,18.8,15.6,point
2025-10-31 07:30:00 PM,19.2,81.1,19.2,15.8,point
2025-10-31 08:00:00 PM,18.9,80.4,18.7,15.4,point
2025-10-31 08:30:00 PM,18.8,79.9,18.6,15.2,point
2025-10-31 09:00:00 PM,16.1,74.7,15.5,11.6,point
2025-10-31 09:30:00 PM,9.0,69.1,8.5,3.6,point
2025-10-31 10:00:00 PM,4.6,77.1,4.4,0.9,point
2025-10-31 10:30:00 PM,4.3,82.9,4.2,1.6,point
2025-10-31 11:00:00 PM,4.2,85.0,4.1,1.9,point
2025-10-31 11:30:00 PM,4.0,85.5,4.0,1.8,point
2025-11-01 12:00:00 AM,4.1,85.8,4.1,2.0,point
2025-11-01 12:30:00 AM,4.0,86.1,4.0,1.9,point
2025-11-01 01:00:00 AM,4.1,86.2,4.0,2.0,point
2025-11-01 01:30:00 AM,4.2,86.4,4.2,2.1,point
2025-11-01 02:00:00 AM,4.1,86.8,4.0,2.1,point
2025-11-01 02:30:00 AM,4.0,86.2,3.9,1.9,point
2025-11-01 03:00:00 AM,4.2,86.9,4.1,2.2,point
2025-11-01 03:30:00 AM,3.9,86.8,3.9,1.9,point
2025-11-01 04:00:00 AM,3.9,87.3,3.9,2.0,point
2025-11-01 04:30:00 AM,4.1,87.0,4.1,2.1,point
2025-11-01 05:00:00 AM,3.9,87.0,3.8,1.9,point
2025-11-01 05:30:00 AM,4.0,87.2,4.0,2.1,point
2025-11-01 06:00:00 AM,4.0,87.2,3.9,2.0,point
2025-11-01 06:30:00 AM,4.0,87.4,4.0,2.1,point
2025-11-01 07:00:00 AM,4.2,87.2,4.1,2.2,point
2025-11-01 07:30:00 AM,4.0,87.7,3.9,2.1,point
2025-11-01 08:00:00 AM,7.0,93.8,7.1,6.0,point
2025-11-01 08:30:00 AM,13.4,94.5,13.8,12.6,point
2025-11-01 09:00:00 AM,18.5,76.4,18.0,14.2,point
2025-11-01 09:30:00 AM,18.7,71.0,18.0,13.3,point
2025-11-01 10:00:00 AM,19.0,68.1,18.3,13.0,point
2025-11-01 10:30:00 AM,18.9,64.6,17.9,12.1,point
2025-11-01 11:00:00 AM,18.8,61.8,17.8,11.3,point
2025-11-01 11:30:00 AM,18.9,58.8,17.7,10.7,point
2025-11-01 12:00:00 PM,19.2,56.6,18.1,10.4,point
2025-11-01 12:30:00 PM,19.1,54.4,17.7,9.6,point
2025-11-01 01:00:00 PM,19.4,52.7,18.1,9.5,point
2025-11-01 01:30:00 PM,18.9,51.2,17.4,8.6,point
2025-11-01 02:00:00 PM,19.2,50.6,17.6,8.7,point
2025-11-01 02:30:00 PM,19.3,49.9,17.9,8.6,point
2025-11-01 03:00:00 PM,19.1,49.1,17.6,8.2,point
2025-11-01 03:30:00 PM,19.3,48.7,17.8,8.3,point
2025-11-01 04:00:00 PM,19.3,48.2,17.7,8.1,point
2025-11-01 04:30:00 PM,19.1,47.6,17.5,7.7,point
2025-11-01 05:00:00 PM,19.3,47.3,17.6,7.8,point
2025-11-01 05:30:00 PM,19.2,46.9,17.4,7.5,point
2025-11-01 06:00:00 PM,19.2,46.9,17.4,7.6,point
2025-11-01 06:30:00 PM,19.1,46.7,17.3,7.4,point
2025-11-01 07:00:00 PM,19.0,46.7,17.3,7.4,point
2025-11-01 07:30:00 PM,19.3,46.9,17.6,7.7,point
2025-11-01 08:00:00 PM,19.2,46.8,17.6,7.6,point
2025-11-01 08:30:00 PM,19.2,46.3,17.6,7.4,point
2025-11-01 09:00:00 PM,16.5,46.4,14.6,4.9,point
2025-11-01 09:30:00 PM,10.7,52.0,9.7,1.3,point
2025-11-01 10:00:00 PM,4.6,64.9,4.3,-1.4,point
2025-11-01 10:30:00 PM,4.4,71.5,4.1,-0.3,point
2025-11-01 11:00:00 PM,4.0,72.8,3.8,-0.4,point
2025-11-01 11:30:00 PM,4.0,73.4,3.7,-0.4,point
2025-11-02 12:00:00 AM,4.1,74.3,3.9,-0.0,point
2025-11-02 12:30:00 AM,4.2,75.0,4.0,0.2,point
2025-11-02 01:00:00 AM,4.0,75.3,3.9,0.0,point
2025-11-02 01:30:00 AM,4.0,75.8,3.9,0.1,point
2025-11-02 02:00:00 AM,4.0,76.0,3.9,0.2,point
2025-11-02 02:30:00 AM,4.2,76.6,4.0,0.4,point
2025-11-02 03:00:00 AM,4.1,76.7,4.0,0.4,point
2025-11-02 03:30:00 AM,4.0,76.5,3.9,0.2,point
2025-11-02 04:00:00 AM,4.1,77.0,4.0,0.5,point
2025-11-02 04:30:00 AM,4.1,76.7,4.0,0.4,point
2025-11-02 05:00:00 AM,4.0,76.6,3.9,0.3,point
2025-11-02 05:30:00 AM,4.1,76.5,3.9,0.3,point
2025-11-02 06:00:00 AM,4.0,76.5,3.9,0.3,point
2025-11-02 06:30:00 AM,4.1,77.1,4.0,0.5,point
2025-11-02 07:00:00 AM,4.1,77.2,3.9,0.4,point
2025-11-02 07:30:00 AM,4.0,77.2,3.9,0.4,point
2025-11-02 08:00:00 AM,7.0,80.1,6.8,3.8,point
2025-11-02 08:30:00 AM,13.4,71.1,12.8,8.3,point
2025-11-02 09:00:00 AM,19.0,53.4,17.7,9.3,point
2025-11-02 09:30:00 AM,19.3,48.6,17.8,8.2,point
2025-11-02 10:00:00 AM,19.6,48.2,18.1,8.3,point
2025-11-02 10:30:00 AM,19.4,48.9,18.0,8.4,point
2025-11-02 11:00:00 AM,19.0,49.6,17.5,8.2,point
2025-11-02 11:30:00 AM,19.4,50.2,18.1,8.8,point
2025-11-02 12:00:00 PM,19.1,50.9,17.7,8.7,point
2025-11-02 12:30:00 PM,19.3,51.5,17.8,9.1,point
2025-11-02 01:00:00 PM,19.1,51.6,17.7,8.9,point
2025-11-02 01:30:00 PM,19.0,51.4,17.6,8.8,point
2025-11-02 02:00:00 PM,19.1,50.1,17.6,8.5,point
2025-11-02 02:30:00 PM,19.2,48.8,17.7,8.2,point
2025-11-02 03:00:00 PM,19.1,47.7,17.5,7.8,point
2025-11-02 03:30:00 PM,19.6,46.9,18.1,7.9,point
2025-11-02 04:00:00 PM,19.4,46.4,17.9,7.7,point
2025-11-02 04:30:00 PM,19.4,45.8,17.9,7.4,point
2025-11-02 05:00:00 PM,18.9,45.2,17.1,6.8,point
2025-11-02 05:30:00 PM,19.0,45.1,17.3,6.9,point
2025-11-02 06:00:00 PM,19.2,44.8,17.5,6.9,point
2025-11-02 06:30:00 PM,19.6,45.5,18.2,7.5,point
2025-11-02 07:00:00 PM,19.4,45.1,17.9,7.2,point
2025-11-02 07:30:00 PM,19.6,45.3,18.0,7.4,point
2025-11-02 08:00:00 PM,19.5,45.2,18.0,7.3,point
2025-11-02 08:30:00 PM,19.2,45.0,17.6,7.0,point
2025-11-02 09:00:00 PM,16.9,45.7,15.0,5.1,point
2025-11-02 09:30:00 PM,10.0,51.6,9.0,0.5,point
2025-11-02 10:00:00 PM,4.7,65.0,4.4,-1.2,point
2025-11-02 10:30:00 PM,4.3,71.7,4.0,-0.4,point
2025-11-02 11:00:00 PM,4.1,73.6,3.9,-0.1,point
2025-11-02 11:30:00 PM,4.4,75.1,4.3,0.4,point
2025-11-03 12:00:00 AM,4.3,75.7,4.2,0.4,point
2025-11-03 12:30:00 AM,4.0,76.0,3.8,0.1,point
2025-11-03 01:00:00 AM,4.2,76.7,4.1,0.5,point
2025-11-03 01:30:00 AM,4.0,76.8,3.9,0.3,point
2025-11-03 02:00:00 AM,4.0,77.2,3.9,0.4,point
2025-11-03 02:30:00 AM,4.1,77.3,3.9,0.5,point
2025-11-03 03:00:00 AM,3.8,76.9,3.7,0.2,point
2025-11-03 03:30:00 AM,4.2,78.0,4.0,0.7,point
2025-11-03 04:00:00 AM,4.1,77.9,3.9,0.6,point
2025-11-03 04:30:00 AM,4.1,78.2,3.9,0.6,point
2025-11-03 05:00:00 AM,4.1,78.5,3.9,0.7,point
2025-11-03 05:30:00 AM,4.1,78.7,4.0,0.8,point
2025-11-03 06:00:00 AM,4.0,78.7,3.8,0.6,point
2025-11-03 06:30:00 AM,4.0,78.6,3.9,0.6,point
2025-11-03 07:00:00 AM,3.9,78.8,3.7,0.5,point
2025-11-03 07:30:00 AM,4.0,79.2,3.8,0.7,point
2025-11-03 08:00:00 AM,6.9,82.3,6.7,4.1,point
2025-11-03 08:30:00 AM,13.3,73.8,12.8,8.7,point
2025-11-03 09:00:00 AM,19.3,55.5,18.0,10.1,point
2025-11-03 09:30:00 AM,19.6,50.0,18.2,8.9,point
2025-11-03 10:00:00 AM,19.5,48.7,18.1,8.4,point
2025-11-03 10:30:00 AM,19.9,48.5,18.6,8.7,point
2025-11-03 11:00:00 AM,19.5,48.7,18.1,8.4,point
2025-11-03 11:30:00 AM,19.6,49.1,18.2,8.6,point
2025-11-03 12:00:00 PM,19.9,49.5,18.6,9.0,point
2025-11-03 12:30:00 PM,19.7,50.0,18.4,9.0,point
2025-11-03 01:00:00 PM,19.6,50.1,18.2,8.9,point
2025-11-03 01:30:00 PM,19.6,49.3,18.3,8.7,point
2025-11-03 02:00:00 PM,19.6,49.1,18.2,8.6,point
2025-11-03 02:30:00 PM,19.5,48.6,18.0,8.3,point
2025-11-03 03:00:00 PM,19.5,48.3,18.1,8.3,point
2025-11-03 03:30:00 PM,19.6,48.4,18.1,8.4,point
2025-11-03 04:00:00 PM,19.6,48.7,18.3,8.5,point
2025-11-03 04:30:00 PM,19.8,48.4,18.4,8.6,point
2025-11-03 05:00:00 PM,19.4,47.6,18.0,8.0,point
2025-11-03 05:30:00 PM,19.6,47.3,18.1,8.1,point
2025-11-03 06:00:00 PM,19.5,46.8,18.0,7.8,point
2025-11-03 06:30:00 PM,19.9,46.8,18.6,8.2,point
2025-11-03 07:00:00 PM,19.3,46.6,17.7,7.6,point
2025-11-03 07:30:00 PM,19.8,46.7,18.3,8.0,point
2025-11-03 08:00:00 PM,19.6,46.8,18.0,7.9,point
2025-11-03 08:30:00 PM,19.4,46.3,17.9,7.6,point
2025-11-03 09:00:00 PM,16.4,46.3,14.5,4.8,point
2025-11-03 09:30:00 PM,10.1,52.5,9.1,0.8,point
2025-11-03 10:00:00 PM,4.7,66.4,4.4,-1.0,point
2025-11-03 10:30:00 PM,4.9,73.0,4.6,0.5,point
2025-11-03 11:00:00 PM,4.9,74.2,4.7,0.7,point
2025-11-03 11:30:00 PM,4.6,75.7,4.4,0.7,point
2025-11-04 12:00:00 AM,4.7,76.5,4.4,0.9,point
2025-11-04 12:30:00 AM,4.5,77.2,4.4,0.9,point
2025-11-04 01:00:00 AM,4.5,77.8,4.3,0.9,point
2025-11-04 01:30:00 AM,4.5,78.2,4.4,1.1,point
2025-11-04 02:00:00 AM,4.6,78.5,4.5,1.2,point
2025-11-04 02:30:00 AM,4.5,78.7,4.3,1.1,point
2025-11-04 03:00:00 AM,4.5,78.8,4.4,1.2,point
2025-11-04 03:30:00 AM,4.5,79.2,4.3,1.2,point
2025-11-04 04:00:00 AM,4.3,79.5,4.2,1.1,point
2025-11-04 04:30:00 AM,4.3,79.6,4.2,1.1,point
2025-11-04 05:00:00 AM,4.4,80.2,4.3,1.3,point
2025-11-04 05:30:00 AM,4.5,80.6,4.4,1.5,point
2025-11-04 06:00:00 AM,4.5,80.7,4.4,1.5,point
2025-11-04 06:30:00 AM,4.6,81.0,4.4,1.6,point
2025-11-04 07:00:00 AM,4.4,81.3,4.3,1.5,point
2025-11-04 07:30:00 AM,4.5,81.0,4.3,1.5,point
2025-11-04 08:00:00 AM,6.9,85.7,6.9,4.7,point
2025-11-04 08:30:00 AM,13.3,78.8,12.9,9.6,point
2025-11-04 09:00:00 AM,18.5,60.3,17.2,10.7,point
2025-11-04 09:30:00 AM,19.3,53.2,18.1,9.6,point
2025-11-04 10:00:00 AM,19.4,50.8,18.1,9.0,point
2025-11-04 10:30:00 AM,19.3,50.2,17.8,8.7,point
2025-11-04 11:00:00 AM,19.6,49.9,18.2,8.8,point
2025-11-04 11:30:00 AM,20.0,49.9,18.9,9.2,point
2025-11-04 12:00:00 PM,19.8,49.2,18.6,8.9,point
2025-11-04 12:30:00 PM,20.0,48.5,18.7,8.8,point
2025-11-04 01:00:00 PM,20.0,47.4,18.7,8.5,point
2025-11-04 01:30:00 PM,20.1,46.6,18.9,8.3,point
2025-11-04 02:00:00 PM,20.0,45.7,18.7,8.0,point
2025-11-04 02:30:00 PM,20.1,44.9,18.6,7.7,point
2025-11-04 03:00:00 PM,20.2,44.5,18.8,7.7,point
2025-11-04 03:30:00 PM,19.7,44.1,18.1,7.2,point
2025-11-04 04:00:00 PM,20.1,43.8,18.8,7.4,point
2025-11-04 04:30:00 PM,20.2,43.7,18.8,7.4,point
2025-11-04 05:00:00 PM,20.2,43.7,18.8,7.4,point
2025-11-04 05:30:00 PM,20.1,43.4,18.8,7.3,point
2025-11-04 06:00:00 PM,19.9,42.8,18.4,6.9,point
2025-11-04 06:30:00 PM,20.0,42.5,18.5,6.9,point
2025-11-04 07:00:00 PM,19.9,42.3,18.4,6.8,point
2025-11-04 07:30:00 PM,20.0,42.2,18.4,6.8,point
2025-11-04 08:00:00 PM,20.0,42.4,18.4,6.8,point
2025-11-04 08:30:00 PM,20.2,41.9,18.8,6.9,point
2025-11-04 09:00:00 PM,19.1,41.0,17.2,5.6,point
2025-11-04 09:30:00 PM,13.3,45.0,11.7,1.7,point
2025-11-04 10:00:00 PM,6.1,59.0,5.6,-1.3,point
2025-11-04 10:30:00 PM,5.0,66.7,4.7,-0.7,point
2025-11-04 11:00:00 PM,4.9,68.9,4.5,-0.3,point
2025-11-04 11:30:00 PM,4.8,70.0,4.5,-0.2,point
2025-11-05 12:00:00 AM,4.7,70.3,4.4,-0.3,point
2025-11-05 12:30:00 AM,4.6,70.5,4.3,-0.3,point
2025-11-05 01:00:00 AM,4.6,70.7,4.3,-0.3,point
2025-11-05 01:30:00 AM,4.4,71.0,4.2,-0.4,point
2025-11-05 02:00:00 AM,4.5,71.3,4.2,-0.2,point
2025-11-05 02:30:00 AM,4.7,71.6,4.4,-0.0,point
2025-11-05 03:00:00 AM,4.6,71.6,4.3,-0.1,point
2025-11-05 03:30:00 AM,4.5,71.5,4.2,-0.2,point
2025-11-05 04:00:00 AM,4.4,71.4,4.2,-0.3,point
2025-11-05 04:30:00 AM,4.6,71.6,4.4,-0.1,point
2025-11-05 05:00:00 AM,4.6,71.7,4.3,-0.1,point
2025-11-05 05:30:00 AM,4.5,71.6,4.2,-0.2,point
2025-11-05 06:00:00 AM,4.6,71.7,4.3,-0.1,point
2025-11-05 06:30:00 AM,4.6,71.7,4.3,-0.1,point
2025-11-05 07:00:00 AM,4.6,71.8,4.3,-0.1,point
2025-11-05 07:30:00 AM,4.5,71.8,4.3,-0.1,point
2025-11-05 08:00:00 AM,7.0,76.9,6.7,3.2,point
2025-11-05 08:30:00 AM,13.0,69.0,12.3,7.4,point
2025-11-05 09:00:00 AM,18.5,52.0,16.7,8.4,point
2025-11-05 09:30:00 AM,19.4,46.0,17.7,7.5,point
2025-11-05 10:00:00 AM,19.7,44.5,18.1,7.2,point
2025-11-05 10:30:00 AM,19.9,44.3,18.4,7.4,point
2025-11-05 11:00:00 AM,19.6,44.3,18.1,7.2,point
2025-11-05 11:30:00 AM,19.9,44.2,18.4,7.3,point
2025-11-05 12:00:00 PM,19.9,44.4,18.5,7.5,point
2025-11-05 12:30:00 PM,19.9,44.4,18.4,7.4,point
2025-11-05 01:00:00 PM,19.9,44.0,18.5,7.3,point
2025-11-05 01:30:00 PM,20.0,44.2,18.6,7.5,point
2025-11-05 02:00:00 PM,20.0,43.8,18.5,7.3,point
2025-11-05 02:30:00 PM,20.1,44.1,18.8,7.5,point
2025-11-05 03:00:00 PM,20.1,44.4,18.8,7.6,point
2025-11-05 03:30:00 PM,20.1,44.4,18.8,7.6,point
2025-11-05 04:00:00 PM,19.9,44.0,18.5,7.3,point
2025-11-05 04:30:00 PM,20.1,43.5,18.8,7.3,point
2025-11-05 05:00:00 PM,20.4,43.1,19.1,7.4,point
2025-11-05 05:30:00 PM,20.0,42.9,18.5,7.0,point
2025-11-05 06:00:00 PM,20.4,42.8,19.0,7.3,point
2025-11-05 06:30:00 PM,20.2,42.5,18.8,7.0,point
2025-11-05 07:00:00 PM,20.3,42.5,19.0,7.2,point
2025-11-05 07:30:00 PM,20.5,43.3,19.4,7.6,point
2025-11-05 08:00:00 PM,20.4,42.3,19.0,7.1,point
2025-11-05 08:30:00 PM,20.2,42.2,18.8,7.0,point
2025-11-05 09:00:00 PM,19.2,41.0,17.2,5.6,point
2025-11-05 09:30:00 PM,13.3,45.8,11.8,1.9,point
2025-11-05 10:00:00 PM,6.2,60.2,5.7,-1.0,point
2025-11-05 10:30:00 PM,5.0,68.8,4.7,-0.2,point
2025-11-05 11:00:00 PM,4.8,71.3,4.5,0.0,point
2025-11-05 11:30:00 PM,4.8,72.5,4.6,0.3,point
2025-11-06 12:00:00 AM,4.6,73.8,4.4,0.4,point
2025-11-06 12:30:00 AM,4.5,74.5,4.3,0.4,point
2025-11-06 01:00:00 AM,4.5,75.2,4.4,0.5,point
2025-11-06 01:30:00 AM,4.6,75.6,4.4,0.7,point
2025-11-06 02:00:00 AM,4.6,76.5,4.4,0.8,point
2025-11-06 02:30:00 AM,4.6,76.9,4.4,0.9,point
2025-11-06 03:00:00 AM,4.5,76.8,4.4,0.8,point
2025-11-06 03:30:00 AM,4.4,76.7,4.3,0.7,point
2025-11-06 04:00:00 AM,4.4,77.1,4.3,0.8,point
2025-11-06 04:30:00 AM,4.4,77.1,4.3,0.8,point
2025-11-06 05:00:00 AM,4.4,76.8,4.2,0.7,point
2025-11-06 05:30:00 AM,4.4,77.0,4.3,0.7,point
2025-11-06 06:00:00 AM,4.3,77.4,4.2,0.7,point
2025-11-06 06:30:00 AM,4.4,77.4,4.2,0.8,point
2025-11-06 07:00:00 AM,4.4,77.6,4.3,0.9,point
2025-11-06 07:30:00 AM,4.5,78.1,4.4,1.0,point
2025-11-06 08:00:00 AM,6.7,81.5,6.5,3.8,point
2025-11-06 08:30:00 AM,12.8,73.7,12.4,8.3,point
2025-11-06 09:00:00 AM,18.4,55.9,16.9,9.5,point
2025-11-06 09:30:00 AM,19.2,49.3,17.6,8.3,point
2025-11-06 10:00:00 AM,19.7,47.7,18.3,8.3,point
2025-11-06 10:30:00 AM,19.7,47.4,18.2,8.2,point
2025-11-06 11:00:00 AM,19.6,47.4,18.2,8.1,point
2025-11-06 11:30:00 AM,19.8,47.7,18.6,8.4,point
2025-11-06 12:00:00 PM,19.9,47.7,18.6,8.4,point
2025-11-06 12:30:00 PM,19.9,47.7,18.6,8.4,point
2025-11-06 01:00:00 PM,20.0,47.6,18.8,8.6,point
2025-11-06 01:30:00 PM,20.1,47.2,18.9,8.6,point
2025-11-06 02:00:00 PM,20.1,47.0,18.8,8.4,point
2025-11-06 02:30:00 PM,20.1,47.1,18.9,8.5,point
2025-11-06 03:00:00 PM,19.2,42.4,17.4,6.1,point
2025-11-06 03:30:00 PM,20.5,43.6,19.4,7.7,point
2025-11-06 04:00:00 PM,20.6,44.1,19.5,8.0,point
2025-11-06 04:30:00 PM,20.5,44.4,19.2,7.9,point
2025-11-06 05:00:00 PM,20.8,44.5,19.7,8.2,point
2025-11-06 05:30:00 PM,20.8,44.2,19.8,8.2,point
2025-11-06 06:00:00 PM,20.3,44.6,19.1,7.9,point
2025-11-06 06:30:00 PM,20.5,44.4,19.2,7.9,point
2025-11-06 07:00:00 PM,20.6,43.8,19.4,7.8,point
2025-11-06 07:30:00 PM,20.5,43.5,19.2,7.6,point
2025-11-06 08:00:00 PM,20.6,42.6,19.4,7.5,point
2025-11-06 08:30:00 PM,20.4,42.1,19.0,7.1,point
2025-11-06 09:00:00 PM,20.2,40.5,18.7,6.4,point
2025-11-06 09:30:00 PM,12.5,45.4,11.1,1.0,point
2025-11-06 10:00:00 PM,6.0,60.9,5.6,-0.9,point
2025-11-06 10:30:00 PM,5.2,69.2,4.9,0.0,point
2025-11-06 11:00:00 PM,5.1,72.2,4.8,0.5,point
2025-11-06 11:30:00 PM,4.8,73.0,4.5,0.4,point
2025-11-07 12:00:00 AM,4.8,74.8,4.5,0.7,point
2025-11-07 12:30:00 AM,4.7,75.2,4.4,0.7,point
2025-11-07 01:00:00 AM,4.5,75.9,4.4,0.6,point
2025-11-07 01:30:00 AM,4.7,76.4,4.4,0.9,point
2025-11-07 02:00:00 AM,4.7,76.9,4.5,1.0,point
2025-11-07 02:30:00 AM,4.5,77.1,4.4,0.9,point
2025-11-07 03:00:00 AM,4.7,77.8,4.5,1.1,point
2025-11-07 03:30:00 AM,4.7,77.9,4.6,1.2,point
2025-11-07 04:00:00 AM,4.6,77.7,4.5,1.1,point
2025-11-07 04:30:00 AM,4.5,77.5,4.4,0.9,point
2025-11-07 05:00:00 AM,4.7,77.9,4.5,1.1,point
2025-11-07 05:30:00 AM,4.6,77.9,4.5,1.1,point
2025-11-07 06:00:00 AM,4.6,77.8,4.4,1.1,point
2025-11-07 06:30:00 AM,4.5,77.5,4.4,0.9,point
2025-11-07 07:00:00 AM,4.5,78.0,4.3,1.0,point
2025-11-07 07:30:00 AM,4.6,77.6,4.5,1.1,point
2025-11-07 08:00:00 AM,6.7,81.6,6.5,3.7,point
2025-11-07 08:30:00 AM,12.8,75.0,12.5,8.5,point
2025-11-07 09:00:00 AM,18.7,55.7,17.3,9.7,point
2025-11-07 09:30:00 AM,19.5,48.5,18.1,8.4,point
2025-11-07 10:00:00 AM,19.7,46.4,18.2,7.9,point
2025-11-07 10:30:00 AM,19.8,45.9,18.3,7.8,point
2025-11-07 11:00:00 AM,20.1,46.2,18.7,8.2,point
2025-11-07 11:30:00 AM,19.9,46.2,18.6,8.0,point
2025-11-07 12:00:00 PM,20.1,46.4,18.7,8.2,point
2025-11-07 12:30:00 PM,20.1,45.8,18.9,8.1,point
2025-11-07 01:00:00 PM,20.1,45.4,18.9,8.0,point
2025-11-07 01:30:00 PM,19.6,43.2,18.1,6.8,point
2025-11-07 02:00:00 PM,21.4,42.4,20.5,8.1,point
2025-11-07 02:30:00 PM,21.1,41.7,20.0,7.5,point
2025-11-07 03:00:00 PM,21.2,40.5,20.1,7.2,point
2025-11-07 03:30:00 PM,21.7,40.9,20.8,7.8,point
2025-11-07 04:00:00 PM,21.3,41.7,20.5,7.8,point
2025-11-07 04:30:00 PM,22.1,43.7,21.3,9.2,point
2025-11-07 05:00:00 PM,21.9,58.6,21.8,13.4,point
2025-11-07 05:30:00 PM,21.2,64.7,21.1,14.2,point
2025-11-07 06:00:00 PM,21.0,67.2,21.1,14.7,point
2025-11-07 06:30:00 PM,20.9,67.0,20.8,14.5,point
2025-11-07 07:00:00 PM,21.0,65.6,20.8,14.3,point
2025-11-07 07:30:00 PM,21.5,61.9,21.4,13.9,point
2025-11-07 08:00:00 PM,21.7,57.1,21.5,12.9,point
2025-11-07 08:30:00 PM,21.6,52.6,21.3,11.5,point
2025-11-07 09:00:00 PM,19.4,47.5,17.8,7.9,point
2025-11-07 09:30:00 PM,10.7,52.3,9.6,1.3,point
2025-11-07 10:00:00 PM,5.3,65.8,5.0,-0.6,point
2025-11-07 10:30:00 PM,4.7,73.2,4.4,0.3,point
2025-11-07 11:00:00 PM,4.6,75.1,4.4,0.5,point
2025-11-07 11:30:00 PM,4.5,76.0,4.4,0.7,point
2025-11-08 12:00:00 AM,4.3,77.0,4.1,0.6,point
2025-11-08 12:30:00 AM,4.3,77.8,4.2,0.8,point
2025-11-08 01:00:00 AM,4.4,77.8,4.2,0.8,point
2025-11-08 01:30:00 AM,4.3,77.9,4.1,0.8,point
2025-11-08 02:00:00 AM,4.2,77.8,4.1,0.7,point
2025-11-08 02:30:00 AM,4.1,78.1,4.0,0.7,point
2025-11-08 03:00:00 AM,4.3,78.5,4.2,0.9,point
2025-11-08 03:30:00 AM,4.2,77.7,4.0,0.6,point
2025-11-08 04:00:00 AM,4.4,78.2,4.3,1.0,point
2025-11-08 04:30:00 AM,4.4,77.9,4.2,0.9,point
2025-11-08 05:00:00 AM,4.2,77.9,4.1,0.7,point
2025-11-08 05:30:00 AM,4.3,77.7,4.2,0.8,point
2025-11-08 06:00:00 AM,4.4,77.8,4.3,0.9,point
2025-11-08 06:30:00 AM,4.4,78.1,4.2,0.9,point
2025-11-08 07:00:00 AM,4.3,77.5,4.2,0.7,point
2025-11-08 07:30:00 AM,4.2,77.8,4.1,0.7,point
2025-11-08 08:00:00 AM,6.5,80.9,6.4,3.5,point
2025-11-08 08:30:00 AM,12.7,73.0,12.1,8.0,point
2025-11-08 09:00:00 AM,19.6,53.4,18.5,9.9,point
2025-11-08 09:30:00 AM,20.9,45.2,20.1,8.6,point
2025-11-08 10:00:00 AM,21.3,43.6,20.4,8.4,point
2025-11-08 10:30:00 AM,21.3,43.1,20.4,8.2,point
2025-11-08 11:00:00 AM,21.2,42.8,20.3,8.1,point
2025-11-08 11:30:00 AM,21.8,43.1,21.0,8.7,point
2025-11-08 12:00:00 PM,21.5,42.9,20.7,8.4,point
2025-11-08 12:30:00 PM,21.8,42.5,20.9,8.5,point
2025-11-08 01:00:00 PM,21.3,42.5,20.5,8.1,point
2025-11-08 01:30:00 PM,21.7,42.2,20.8,8.3,point
2025-11-08 02:00:00 PM,21.9,41.8,21.1,8.4,point
2025-11-08 02:30:00 PM,21.9,41.4,21.0,8.2,point
2025-11-08 03:00:00 PM,21.6,41.4,20.8,8.0,point
2025-11-08 03:30:00 PM,21.9,41.0,21.0,8.0,point
2025-11-08 04:00:00 PM,21.9,40.7,20.9,7.9,point
2025-11-08 04:30:00 PM,22.2,40.4,21.3,8.1,point
2025-11-08 05:00:00 PM,21.9,40.1,21.0,7.8,point
2025-11-08 05:30:00 PM,21.9,40.0,20.9,7.7,point
2025-11-08 06:00:00 PM,21.6,39.8,20.7,7.3,point
2025-11-08 06:30:00 PM,21.9,40.2,20.9,7.8,point
2025-11-08 07:00:00 PM,22.3,39.9,21.2,8.0,point
2025-11-08 07:30:00 PM,21.8,40.1,20.8,7.6,point
2025-11-08 08:00:00 PM,21.6,40.1,20.7,7.4,point
2025-11-08 08:30:00 PM,21.8,40.0,20.8,7.6,point
2025-11-08 09:00:00 PM,19.6,40.0,17.9,5.7,point
2025-11-08 09:30:00 PM,10.9,47.8,9.7,0.3,point
2025-11-08 10:00:00 PM,5.2,61.7,4.7,-1.6,point
2025-11-08 10:30:00 PM,4.7,70.4,4.5,-0.2,point
2025-11-08 11:00:00 PM,4.4,72.9,4.2,-0.0,point
2025-11-08 11:30:00 PM,4.3,74.3,4.1,0.2,point
2025-11-09 12:00:00 AM,4.3,74.9,4.1,0.3,point
2025-11-09 12:30:00 AM,4.3,75.4,4.2,0.3,point
2025-11-09 01:00:00 AM,4.4,76.0,4.2,0.5,point
2025-11-09 01:30:00 AM,4.2,76.2,4.1,0.4,point
2025-11-09 02:00:00 AM,4.3,76.8,4.1,0.6,point
2025-11-09 02:30:00 AM,4.5,77.0,4.4,0.8,point
2025-11-09 03:00:00 AM,4.2,76.7,4.0,0.4,point
2025-11-09 03:30:00 AM,4.2,77.2,4.1,0.6,point
2025-11-09 04:00:00 AM,4.2,76.9,4.1,0.5,point
2025-11-09 04:30:00 AM,4.2,77.0,4.1,0.6,point
2025-11-09 05:00:00 AM,4.2,77.0,4.1,0.6,point
2025-11-09 05:30:00 AM,4.3,77.1,4.2,0.7,point
2025-11-09 06:00:00 AM,4.3,77.1,4.2,0.7,point
2025-11-09 06:30:00 AM,4.4,77.2,4.2,0.7,point
2025-11-09 07:00:00 AM,4.2,77.0,4.0,0.5,point
2025-11-09 07:30:00 AM,4.2,77.0,4.1,0.6,point
2025-11-09 08:00:00 AM,6.5,80.2,6.4,3.3,point
2025-11-09 08:30:00 AM,12.8,72.3,12.3,8.0,point
2025-11-09 09:00:00 AM,19.3,52.4,17.8,9.3,point
2025-11-09 09:30:00 AM,20.9,44.8,19.8,8.4,point
2025-11-09 10:00:00 AM,21.1,43.3,20.1,8.1,point
2025-11-09 10:30:00 AM,21.5,43.6,20.9,8.6,point
2025-11-09 11:00:00 AM,21.3,45.0,20.4,8.9,point
2025-11-09 11:30:00 AM,21.5,46.7,21.0,9.6,point
2025-11-09 12:00:00 PM,21.3,46.4,20.7,9.4,point
2025-11-09 12:30:00 PM,21.5,45.6,20.8,9.3,point
2025-11-09 01:00:00 PM,21.3,44.6,20.6,8.8,point
2025-11-09 01:30:00 PM,21.7,44.0,21.0,8.9,point
2025-11-09 02:00:00 PM,22.0,43.5,21.2,9.0,point
2025-11-09 02:30:00 PM,21.6,43.2,20.9,8.6,point
2025-11-09 03:00:00 PM,21.9,42.8,21.0,8.7,point
2025-11-09 03:30:00 PM,21.6,42.5,20.8,8.3,point
2025-11-09 04:00:00 PM,21.8,42.2,21.0,8.4,point
2025-11-09 04:30:00 PM,21.8,42.0,20.9,8.3,point
2025-11-09 05:00:00 PM,21.9,41.7,21.0,8.3,point
2025-11-09 05:30:00 PM,22.1,41.2,21.2,8.3,point
2025-11-09 06:00:00 PM,22.0,40.7,21.1,8.1,point
2025-11-09 06:30:00 PM,22.0,40.7,21.0,8.0,point
2025-11-09 07:00:00 PM,22.1,40.5,21.2,8.1,point
2025-11-09 07:30:00 PM,22.1,39.7,21.2,7.8,point
2025-11-09 08:00:00 PM,21.9,39.2,21.0,7.4,point
2025-11-09 08:30:00 PM,22.0,38.6,21.0,7.3,point
2025-11-09 09:00:00 PM,19.4,38.1,17.5,4.8,point
2025-11-09 09:30:00 PM,10.6,45.0,9.3,-0.8,point
2025-11-09 10:00:00 PM,5.3,58.6,4.9,-2.1,point
2025-11-09 10:30:00 PM,4.8,65.9,4.5,-1.0,point
2025-11-09 11:00:00 PM,4.7,67.6,4.3,-0.8,point
2025-11-09 11:30:00 PM,4.3,68.0,4.0,-1.1,point
2025-11-10 12:00:00 AM,4.4,68.4,4.1,-0.9,point
2025-11-10 12:30:00 AM,4.3,68.3,4.0,-1.0,point
2025-11-10 01:00:00 AM,4.3,68.1,4.1,-1.0,point
2025-11-10 01:30:00 AM,4.2,68.1,3.9,-1.2,point
2025-11-10 02:00:00 AM,4.3,68.2,4.0,-1.0,point
2025-11-10 02:30:00 AM,4.5,68.3,4.2,-0.9,point
2025-11-10 03:00:00 AM,4.2,68.3,4.0,-1.1,point
2025-11-10 03:30:00 AM,4.3,68.5,4.1,-1.0,point
2025-11-10 04:00:00 AM,4.5,68.7,4.2,-0.8,point
2025-11-10 04:30:00 AM,4.3,68.5,4.1,-1.0,point
2025-11-10 05:00:00 AM,4.2,68.3,4.0,-1.1,point
2025-11-10 05:30:00 AM,4.2,68.2,4.0,-1.1,point
2025-11-10 06:00:00 AM,4.3,68.0,4.1,-1.0,point
2025-11-10 06:30:00 AM,4.3,68.0,4.0,-1.1,point
2025-11-10 07:00:00 AM,4.3,67.7,4.0,-1.2,point
2025-11-10 07:30:00 AM,4.4,67.9,4.1,-1.0,point
2025-11-10 08:00:00 AM,6.5,69.9,6.2,1.4,point
2025-11-10 08:30:00 AM,12.6,61.2,11.7,5.4,point
2025-11-10 09:00:00 AM,19.4,44.1,17.6,6.9,point
2025-11-10 09:30:00 AM,20.7,38.6,19.5,6.2,point
2025-11-10 10:00:00 AM,21.4,37.9,20.4,6.5,point
2025-11-10 10:30:00 AM,21.6,37.7,20.6,6.5,point
2025-11-10 11:00:00 AM,21.6,38.0,20.6,6.6,point
2025-11-10 11:30:00 AM,21.9,38.0,20.8,6.9,point
2025-11-10 12:00:00 PM,21.8,38.1,20.8,6.9,point
2025-11-10 12:30:00 PM,21.5,38.4,20.6,6.8,point
2025-11-10 01:00:00 PM,21.9,38.5,20.8,7.1,point
2025-11-10 01:30:00 PM,21.8,38.3,20.8,7.0,point
2025-11-10 02:00:00 PM,21.8,38.5,20.7,7.0,point
2025-11-10 02:30:00 PM,21.6,38.8,20.7,7.0,point
2025-11-10 03:00:00 PM,21.5,38.7,20.7,6.9,point
2025-11-10 03:30:00 PM,21.6,38.7,20.7,6.9,point
2025-11-10 04:00:00 PM,21.8,38.5,20.7,7.0,point
2025-11-10 04:30:00 PM,22.0,38.1,20.9,7.1,point
2025-11-10 05:00:00 PM,21.6,38.0,20.6,6.7,point
2025-11-10 05:30:00 PM,21.9,38.3,20.8,7.0,point
2025-11-10 06:00:00 PM,21.9,38.1,20.8,7.0,point
2025-11-10 06:30:00 PM,21.9,37.9,20.8,6.9,point
2025-11-10 07:00:00 PM,21.6,37.5,20.6,6.5,point
2025-11-10 07:30:00 PM,21.4,37.1,20.4,6.2,point
2025-11-10 08:00:00 PM,22.0,36.5,20.9,6.5,point
2025-11-10 08:30:00 PM,21.8,36.4,20.7,6.2,point
2025-11-10 09:00:00 PM,20.9,36.3,19.4,5.4,point
2025-11-10 09:30:00 PM,10.9,43.1,9.6,-1.1,point
2025-11-10 10:00:00 PM,5.3,57.1,4.8,-2.5,point
2025-11-10 10:30:00 PM,4.9,62.6,4.6,-1.6,point
2025-11-10 11:00:00 PM,4.5,66.4,4.2,-1.2,point
2025-11-10 11:30:00 PM,4.6,67.2,4.3,-0.9,point
2025-11-11 12:00:00 AM,4.6,67.7,4.3,-0.8,point
2025-11-11 12:30:00 AM,4.5,67.7,4.3,-0.9,point
2025-11-11 01:00:00 AM,4.5,67.7,4.2,-1.0,point
2025-11-11 01:30:00 AM,4.4,67.6,4.1,-1.1,point
2025-11-11 02:00:00 AM,4.4,67.9,4.2,-1.0,point
2025-11-11 02:30:00 AM,4.5,68.4,4.3,-0.8,point
2025-11-11 03:00:00 AM,4.4,68.2,4.2,-0.9,point
2025-11-11 03:30:00 AM,4.4,68.6,4.1,-0.9,point
2025-11-11 04:00:00 AM,4.2,68.5,4.0,-1.0,point
2025-11-11 04:30:00 AM,4.3,68.6,4.0,-1.0,point
2025-11-11 05:00:00 AM,4.3,68.8,4.1,-0.9,point
2025-11-11 05:30:00 AM,4.4,69.3,4.2,-0.7,point
2025-11-11 06:00:00 AM,4.3,69.1,4.0,-0.9,point
2025-11-11 06:30:00 AM,4.3,68.9,4.0,-0.9,point
2025-11-11 07:00:00 AM,4.5,69.0,4.2,-0.7,point
2025-11-11 07:30:00 AM,4.5,69.5,4.3,-0.6,point
2025-11-11 08:00:00 AM,6.5,71.7,6.2,1.8,point
2025-11-11 08:30:00 AM,12.9,62.5,12.0,5.9,point
2025-11-11 09:00:00 AM,19.7,44.7,18.1,7.3,point
2025-11-11 09:30:00 AM,20.8,38.7,19.6,6.2,point
2025-11-11 10:00:00 AM,21.0,37.9,19.7,6.1,point
2025-11-11 10:30:00 AM,20.9,38.0,19.7,6.1,point
2025-11-11 11:00:00 AM,21.1,39.0,20.1,6.7,point
2025-11-11 11:30:00 AM,21.3,39.1,20.4,6.9,point
2025-11-11 12:00:00 PM,21.2,39.4,20.1,6.8,point
2025-11-11 12:30:00 PM,21.6,39.5,20.7,7.2,point
2025-11-11 01:00:00 PM,21.4,39.6,20.4,7.1,point
2025-11-11 01:30:00 PM,21.7,39.9,20.7,7.5,point
2025-11-11 02:00:00 PM,21.1,39.5,20.1,6.8,point
2025-11-11 02:30:00 PM,21.3,39.3,20.2,6.9,point
2025-11-11 03:00:00 PM,21.2,39.1,20.2,6.8,point
2025-11-11 03:30:00 PM,21.5,38.8,20.5,6.9,point
2025-11-11 04:00:00 PM,21.4,38.3,20.4,6.7,point
2025-11-11 04:30:00 PM,21.4,38.1,20.4,6.6,point
2025-11-11 05:00:00 PM,21.4,37.8,20.4,6.4,point
2025-11-11 05:30:00 PM,21.5,38.2,20.6,6.7,point
2025-11-11 06:00:00 PM,21.2,37.8,20.0,6.2,point
2025-11-11 06:30:00 PM,21.7,37.7,20.7,6.7,point
2025-11-11 07:00:00 PM,21.1,37.8,20.0,6.2,point
2025-11-11 07:30:00 PM,21.4,37.8,20.3,6.4,point
2025-11-11 08:00:00 PM,21.1,37.3,20.0,6.0,point
2025-11-11 08:30:00 PM,21.2,37.2,20.1,6.0,point
2025-11-11 09:00:00 PM,20.4,36.8,18.9,5.2,point
2025-11-11 09:30:00 PM,10.9,44.0,9.5,-0.9,point
2025-11-11 10:00:00 PM,5.5,58.5,5.1,-2.0,point
2025-11-11 10:30:00 PM,4.7,65.9,4.4,-1.1,point
2025-11-11 11:00:00 PM,4.4,67.8,4.2,-1.0,point
2025-11-11 11:30:00 PM,4.6,69.1,4.3,-0.6,point
2025-11-12 12:00:00 AM,4.5,69.8,4.3,-0.5,point
2025-11-12 12:30:00 AM,4.5,70.1,4.3,-0.4,point
2025-11-12 01:00:00 AM,4.3,70.2,4.0,-0.7,point
2025-11-12 01:30:00 AM,4.6,70.5,4.3,-0.3,point
2025-11-12 02:00:00 AM,4.2,70.1,4.0,-0.7,point
2025-11-12 02:30:00 AM,4.4,70.2,4.2,-0.5,point
2025-11-12 03:00:00 AM,4.4,70.1,4.2,-0.5,point
2025-11-12 03:30:00 AM,4.4,70.1,4.1,-0.6,point
2025-11-12 04:00:00 AM,4.4,69.8,4.1,-0.6,point
2025-11-12 04:30:00 AM,4.4,69.8,4.1,-0.6,point
2025-11-12 05:00:00 AM,4.4,69.6,4.1,-0.7,point
2025-11-12 05:30:00 AM,4.3,69.5,4.1,-0.8,point
2025-11-12 06:00:00 AM,4.5,69.9,4.2,-0.6,point
2025-11-12 06:30:00 AM,4.5,70.0,4.2,-0.5,point
2025-11-12 07:00:00 AM,4.5,69.9,4.3,-0.5,point
2025-11-12 07:30:00 AM,4.3,69.7,4.0,-0.8,point
2025-11-12 08:00:00 AM,6.4,72.0,6.1,1.8,point
2025-11-12 08:30:00 AM,12.8,63.7,11.9,6.1,point
2025-11-12 09:00:00 AM,20.0,45.7,18.6,7.9,point
2025-11-12 09:30:00 AM,20.9,39.4,19.6,6.5,point
2025-11-12 10:00:00 AM,21.0,39.0,19.9,6.6,point
2025-11-12 10:30:00 AM,21.0,39.1,19.8,6.5,point
2025-11-12 11:00:00 AM,21.5,39.5,20.7,7.2,point
2025-11-12 11:30:00 AM,21.3,40.3,20.4,7.3,point
2025-11-12 12:00:00 PM,21.3,40.2,20.2,7.2,point
2025-11-12 12:30:00 PM,21.2,40.0,20.1,7.0,point
2025-11-12 01:00:00 PM,21.4,39.5,20.5,7.1,point
2025-11-12 01:30:00 PM,21.4,38.8,20.4,6.8,point
2025-11-12 02:00:00 PM,21.4,38.1,20.3,6.5,point
2025-11-12 02:30:00 PM,21.4,38.4,20.4,6.7,point
2025-11-12 03:00:00 PM,21.3,37.8,20.1,6.3,point
2025-11-12 03:30:00 PM,21.3,36.9,20.1,6.0,point
2025-11-12 04:00:00 PM,21.4,36.4,20.3,5.9,point
2025-11-12 04:30:00 PM,21.2,36.5,20.0,5.8,point
2025-11-12 05:00:00 PM,21.7,36.4,20.5,6.1,point
2025-11-12 05:30:00 PM,21.7,36.1,20.5,6.0,point
2025-11-12 06:00:00 PM,21.7,36.3,20.6,6.1,point
2025-11-12 06:30:00 PM,21.2,36.4,20.0,5.7,point
2025-11-12 07:00:00 PM,21.5,36.6,20.4,6.0,point
2025-11-12 07:30:00 PM,21.4,36.5,20.3,5.9,point
2025-11-12 08:00:00 PM,21.6,36.5,20.5,6.1,point
2025-11-12 08:30:00 PM,21.3,36.2,20.0,5.7,point
2025-11-12 09:00:00 PM,20.6,35.9,19.1,5.0,point
2025-11-12 09:30:00 PM,11.1,43.2,9.7,-0.9,point
2025-11-12 10:00:00 PM,5.3,57.3,4.8,-2.5,point
2025-11-12 10:30:00 PM,4.8,65.1,4.4,-1.2,point
2025-11-12 11:00:00 PM,4.4,67.0,4.1,-1.1,point
2025-11-12 11:30:00 PM,4.6,68.1,4.3,-0.8,point
2025-11-13 12:00:00 AM,4.5,68.7,4.2,-0.8,point
2025-11-13 12:30:00 AM,4.5,69.2,4.3,-0.6,point
2025-11-13 01:00:00 AM,4.5,69.3,4.2,-0.6,point
2025-11-13 01:30:00 AM,4.5,69.5,4.2,-0.6,point
2025-11-13 02:00:00 AM,4.4,69.4,4.1,-0.7,point
2025-11-13 02:30:00 AM,4.5,69.4,4.2,-0.6,point
2025-11-13 03:00:00 AM,4.4,69.2,4.2,-0.7,point
2025-11-13 03:30:00 AM,4.5,69.0,4.2,-0.7,point
2025-11-13 04:00:00 AM,4.4,68.8,4.1,-0.9,point
2025-11-13 04:30:00 AM,4.3,68.5,4.1,-1.0,point
2025-11-13 05:00:00 AM,4.3,68.4,4.0,-1.0,point
2025-11-13 05:30:00 AM,4.1,68.2,3.9,-1.2,point
2025-11-13 06:00:00 AM,4.4,68.5,4.1,-0.9,point
2025-11-13 06:30:00 AM,4.4,68.6,4.1,-0.9,point
2025-11-13 07:00:00 AM,4.5,68.7,4.3,-0.7,point
2025-11-13 07:30:00 AM,4.4,68.7,4.1,-0.9,point
2025-11-13 08:00:00 AM,6.5,71.0,6.2,1.6,point
2025-11-13 08:30:00 AM,12.7,62.2,11.8,5.7,point
2025-11-13 09:00:00 AM,19.8,44.8,18.4,7.5,point
2025-11-13 09:30:00 AM,20.9,39.2,19.8,6.5,point
2025-11-13 10:00:00 AM,21.3,37.6,20.1,6.2,point
2025-11-13 10:30:00 AM,21.6,37.5,20.6,6.4,point
2025-11-13 11:00:00 AM,21.4,37.4,20.4,6.3,point
2025-11-13 11:30:00 AM,21.7,37.5,20.6,6.5,point
2025-11-13 12:00:00 PM,21.9,37.5,20.8,6.8,point
2025-11-13 12:30:00 PM,21.4,37.9,20.4,6.5,point
2025-11-13 01:00:00 PM,21.4,38.4,20.4,6.7,point
2025-11-13 01:30:00 PM,21.8,38.4,20.7,7.0,point
2025-11-13 02:00:00 PM,21.6,38.8,20.7,7.0,point
2025-11-13 02:30:00 PM,21.4,39.5,20.5,7.1,point
2025-11-13 03:00:00 PM,21.6,40.6,20.7,7.7,point
2025-11-13 03:30:00 PM,21.6,41.5,20.8,8.0,point
2025-11-13 04:00:00 PM,21.7,40.5,20.8,7.7,point
2025-11-13 04:30:00 PM,21.7,39.3,20.7,7.2,point
2025-11-13 05:00:00 PM,21.7,38.2,20.6,6.8,point
2025-11-13 05:30:00 PM,21.8,37.4,20.7,6.6,point
2025-11-13 06:00:00 PM,21.5,36.9,20.6,6.2,point
2025-11-13 06:30:00 PM,21.6,36.6,20.6,6.1,point
2025-11-13 07:00:00 PM,21.8,36.2,20.6,6.2,point
2025-11-13 07:30:00 PM,21.6,35.7,20.5,5.7,point
2025-11-13 08:00:00 PM,21.4,35.6,20.3,5.6,point
2025-11-13 08:30:00 PM,21.7,35.5,20.6,5.8,point
2025-11-13 09:00:00 PM,20.2,35.0,18.5,4.3,point
2025-11-13 09:30:00 PM,11.5,41.4,10.1,-1.1,point
2025-11-13 10:00:00 PM,5.9,55.2,5.4,-2.4,point
2025-11-13 10:30:00 PM,5.0,62.1,4.6,-1.6,point
2025-11-13 11:00:00 PM,5.0,64.1,4.6,-1.2,point
2025-11-13 11:30:00 PM,4.7,65.0,4.4,-1.3,point
2025-11-14 12:00:00 AM,4.9,65.9,4.6,-0.9,point
2025-11-14 12:30:00 AM,5.0,66.5,4.6,-0.7,point
2025-11-14 01:00:00 AM,5.0,67.3,4.7,-0.5,point
2025-11-14 01:30:00 AM,4.7,67.7,4.3,-0.8,point
2025-11-14 02:00:00 AM,4.9,68.4,4.5,-0.4,point
2025-11-14 02:30:00 AM,4.8,68.3,4.4,-0.6,point
2025-11-14 03:00:00 AM,4.6,68.6,4.3,-0.6,point
2025-11-14 03:30:00 AM,4.8,69.4,4.5,-0.3,point
2025-11-14 04:00:00 AM,4.7,69.8,4.5,-0.3,point
2025-11-14 04:30:00 AM,4.9,70.2,4.6,-0.1,point
2025-11-14 05:00:00 AM,4.8,70.6,4.5,-0.1,point
2025-11-14 05:30:00 AM,4.9,71.1,4.6,0.1,point
2025-11-14 06:00:00 AM,4.8,71.5,4.6,0.1,point
2025-11-14 06:30:00 AM,4.7,71.8,4.5,0.1,point
2025-11-14 07:00:00 AM,4.8,72.5,4.5,0.3,point
2025-11-14 07:30:00 AM,4.7,72.7,4.4,0.2,point
2025-11-14 08:00:00 AM,6.9,76.2,6.6,3.0,point
2025-11-14 08:30:00 AM,13.1,68.1,12.4,7.3,point
2025-11-14 09:00:00 AM,19.9,49.3,18.8,9.0,point
2025-11-14 09:30:00 AM,21.0,42.6,20.0,7.8,point
2025-11-14 10:00:00 AM,21.3,41.4,20.3,7.7,point
2025-11-14 10:30:00 AM,21.4,41.3,20.5,7.7,point
2025-11-14 11:00:00 AM,21.4,41.7,20.6,7.9,point
2025-11-14 11:30:00 AM,21.5,42.7,20.6,8.3,point
2025-11-14 12:00:00 PM,21.5,42.9,20.9,8.4,point
2025-11-14 12:30:00 PM,21.6,43.6,20.9,8.8,point
2025-11-14 01:00:00 PM,21.5,43.9,20.9,8.7,point
2025-11-14 01:30:00 PM,21.8,43.7,21.1,8.9,point
2025-11-14 02:00:00 PM,21.7,43.4,21.0,8.7,point
2025-11-14 02:30:00 PM,21.8,43.3,21.1,8.8,point
2025-11-14 03:00:00 PM,22.0,43.4,21.2,9.0,point
2025-11-14 03:30:00 PM,21.5,42.8,20.6,8.3,point
2025-11-14 04:00:00 PM,21.6,42.5,20.8,8.3,point
2025-11-14 04:30:00 PM,21.8,41.9,20.9,8.3,point
2025-11-14 05:00:00 PM,21.8,41.3,20.9,8.0,point
2025-11-14 05:30:00 PM,21.6,40.7,20.7,7.7,point
2025-11-14 06:00:00 PM,21.7,40.2,20.7,7.6,point
2025-11-14 06:30:00 PM,21.6,40.2,20.7,7.5,point
2025-11-14 07:00:00 PM,21.8,39.9,20.8,7.5,point
2025-11-14 07:30:00 PM,21.5,39.5,20.5,7.2,point
2025-11-14 08:00:00 PM,21.6,39.5,20.7,7.3,point
2025-11-14 08:30:00 PM,22.0,39.5,21.0,7.6,point
2025-11-14 09:00:00 PM,20.6,38.9,19.2,6.1,point
2025-11-14 09:30:00 PM,11.6,46.1,10.3,0.4,point
2025-11-14 10:00:00 PM,5.9,61.2,5.5,-0.9,point
2025-11-14 10:30:00 PM,5.1,69.5,4.9,-0.0,point
2025-11-14 11:00:00 PM,4.9,72.1,4.7,0.3,point
2025-11-14 11:30:00 PM,4.9,73.5,4.6,0.6,point
2025-11-15 12:00:00 AM,4.9,74.3,4.6,0.7,point
2025-11-15 12:30:00 AM,4.7,74.9,4.4,0.6,point
2025-11-15 01:00:00 AM,4.8,75.7,4.6,0.9,point
2025-11-15 01:30:00 AM,4.8,76.6,4.6,1.1,point
2025-11-15 02:00:00 AM,4.9,77.3,4.8,1.3,point
2025-11-15 02:30:00 AM,4.7,77.2,4.6,1.1,point
2025-11-15 03:00:00 AM,4.9,78.0,4.7,1.4,point
2025-11-15 03:30:00 AM,4.9,78.3,4.7,1.4,point
2025-11-15 04:00:00 AM,4.7,78.5,4.6,1.3,point
2025-11-15 04:30:00 AM,4.6,78.7,4.4,1.2,point
2025-11-15 05:00:00 AM,4.9,78.8,4.7,1.5,point
2025-11-15 05:30:00 AM,4.8,79.2,4.7,1.5,point
2025-11-15 06:00:00 AM,4.7,79.2,4.5,1.4,point
2025-11-15 06:30:00 AM,4.8,79.5,4.7,1.6,point
2025-11-15 07:00:00 AM,4.7,79.8,4.6,1.5,point
2025-11-15 07:30:00 AM,4.9,79.7,4.7,1.7,point
2025-11-15 08:00:00 AM,6.7,83.2,6.7,4.1,point
2025-11-15 08:30:00 AM,13.0,76.9,12.7,9.1,point
2025-11-15 09:00:00 AM,19.8,55.5,18.9,10.7,point
2025-11-15 09:30:00 AM,20.8,46.5,19.8,8.9,point
2025-11-15 10:00:00 AM,21.5,44.1,20.9,8.8,point
2025-11-15 10:30:00 AM,21.3,44.4,20.4,8.7,point
2025-11-15 11:00:00 AM,21.3,44.7,20.4,8.8,point
2025-11-15 11:30:00 AM,21.6,44.4,20.9,8.9,point
2025-11-15 12:00:00 PM,21.3,44.3,20.6,8.7,point
2025-11-15 12:30:00 PM,21.6,44.6,20.9,9.0,point
2025-11-15 01:00:00 PM,21.6,44.5,20.9,9.0,point
2025-11-15 01:30:00 PM,21.4,44.3,20.7,8.8,point
2025-11-15 02:00:00 PM,21.6,44.1,20.9,8.9,point
2025-11-15 02:30:00 PM,21.6,44.0,20.9,8.8,point
2025-11-15 03:00:00 PM,21.9,43.5,21.2,9.0,point
2025-11-15 03:30:00 PM,21.8,43.8,21.0,8.9,point
2025-11-15 04:00:00 PM,21.5,44.4,20.7,8.9,point
2025-11-15 04:30:00 PM,21.5,46.0,21.0,9.4,point
2025-11-15 05:00:00 PM,21.7,48.1,21.1,10.2,point
2025-11-15 05:30:00 PM,21.5,50.0,21.2,10.7,point
2025-11-15 06:00:00 PM,21.4,52.0,21.0,11.2,point
2025-11-15 06:30:00 PM,21.7,52.7,21.3,11.6,point
2025-11-15 07:00:00 PM,21.9,53.3,21.5,12.0,point
2025-11-15 07:30:00 PM,21.9,54.2,21.5,12.2,point
2025-11-15 08:00:00 PM,21.9,67.0,22.1,15.5,point
2025-11-15 08:30:00 PM,21.3,73.8,21.6,16.4,point
2025-11-15 09:00:00 PM,18.3,69.9,17.6,12.7,point
2025-11-15 09:30:00 PM,12.2,63.6,11.4,5.5,point
2025-11-15 10:00:00 PM,6.5,71.0,6.2,1.6,point
2025-11-15 10:30:00 PM,5.5,79.0,5.3,2.1,point
2025-11-15 11:00:00 PM,5.3,81.2,5.2,2.3,point
2025-11-15 11:30:00 PM,5.2,82.5,5.1,2.5,point
2025-11-16 12:00:00 AM,5.1,83.2,5.1,2.5,point
2025-11-16 12:30:00 AM,4.9,83.0,4.9,2.3,point
2025-11-16 01:00:00 AM,5.0,84.1,4.9,2.5,point
2025-11-16 01:30:00 AM,5.1,83.7,5.0,2.5,point
2025-11-16 02:00:00 AM,5.0,84.4,5.0,2.6,point
2025-11-16 02:30:00 AM,5.0,84.2,5.0,2.6,point
2025-11-16 03:00:00 AM,5.0,84.6,4.9,2.6,point
2025-11-16 03:30:00 AM,5.0,85.1,5.0,2.7,point
2025-11-16 04:00:00 AM,5.0,84.6,5.0,2.6,point
2025-11-16 04:30:00 AM,5.3,85.0,5.3,3.0,point
2025-11-16 05:00:00 AM,5.3,85.0,5.3,3.0,point
2025-11-16 05:30:00 AM,5.5,84.9,5.5,3.2,point
2025-11-16 06:00:00 AM,5.6,84.7,5.6,3.2,point
2025-11-16 06:30:00 AM,5.7,85.1,5.7,3.4,point
2025-11-16 07:00:00 AM,5.5,84.1,5.4,3.0,point
2025-11-16 07:30:00 AM,5.4,84.4,5.3,3.0,point
2025-11-16 08:00:00 AM,7.1,91.0,7.1,5.7,point
2025-11-16 08:30:00 AM,13.0,99.1,13.4,12.8,point
2025-11-16 09:00:00 AM,20.6,100.0,21.7,20.6,point
2025-11-16 09:30:00 AM,21.8,84.6,22.5,19.0,point
2025-11-16 10:00:00 AM,22.1,82.1,22.9,18.9,point
2025-11-16 10:30:00 AM,22.1,81.8,22.9,18.9,point
2025-11-16 11:00:00 AM,21.9,81.0,22.6,18.5,point
2025-11-16 11:30:00 AM,21.8,81.3,22.5,18.4,point
2025-11-16 12:00:00 PM,22.1,80.4,22.7,18.5,point
2025-11-16 12:30:00 PM,22.1,80.4,22.9,18.6,point
2025-11-16 01:00:00 PM,22.0,79.7,22.6,18.3,point
2025-11-16 01:30:00 PM,22.4,79.7,23.1,18.7,point
2025-11-16 02:00:00 PM,22.3,79.3,23.0,18.5,point
2025-11-16 02:30:00 PM,21.9,78.5,22.4,18.0,point
2025-11-16 03:00:00 PM,21.8,77.4,22.3,17.6,point
2025-11-16 03:30:00 PM,22.0,76.9,22.5,17.8,point
2025-11-16 04:00:00 PM,23.3,81.2,24.2,19.9,point
2025-11-16 04:30:00 PM,22.1,75.2,22.6,17.5,point
2025-11-16 05:00:00 PM,21.7,73.9,22.2,16.9,point
2025-11-16 05:30:00 PM,21.9,71.5,22.2,16.5,point
2025-11-16 06:00:00 PM,22.2,68.5,22.5,16.2,point
2025-11-16 06:30:00 PM,21.8,66.3,22.1,15.2,point
2025-11-16 07:00:00 PM,21.9,64.1,22.1,14.8,point
2025-11-16 07:30:00 PM,21.8,62.0,21.8,14.2,point
2025-11-16 08:00:00 PM,22.0,61.0,22.0,14.2,point
2025-11-16 08:30:00 PM,21.8,60.1,21.7,13.7,point
2025-11-16 09:00:00 PM,19.9,57.9,19.2,11.4,point
2025-11-16 09:30:00 PM,12.5,61.5,11.5,5.3,point
2025-11-16 10:00:00 PM,6.5,69.4,6.2,1.3,point
2025-11-16 10:30:00 PM,5.8,77.9,5.6,2.2,point
2025-11-16 11:00:00 PM,5.4,80.7,5.2,2.3,point
2025-11-16 11:30:00 PM,5.3,81.2,5.2,2.4,point
2025-11-17 12:00:00 AM,5.3,82.6,5.3,2.6,point
2025-11-17 12:30:00 AM,5.2,83.1,5.2,2.6,point
2025-11-17 01:00:00 AM,5.1,83.2,5.1,2.5,point
2025-11-17 01:30:00 AM,5.2,83.7,5.2,2.7,point
2025-11-17 02:00:00 AM,5.2,83.9,5.1,2.6,point
2025-11-17 02:30:00 AM,5.1,84.4,5.0,2.6,point
2025-11-17 03:00:00 AM,5.1,84.3,5.1,2.7,point
2025-11-17 03:30:00 AM,5.1,84.8,5.0,2.7,point
2025-11-17 04:00:00 AM,5.0,84.5,5.0,2.6,point
2025-11-17 04:30:00 AM,5.0,85.1,5.0,2.7,point
2025-11-17 05:00:00 AM,4.9,84.7,4.9,2.6,point
2025-11-17 05:30:00 AM,5.0,85.1,5.0,2.7,point
2025-11-17 06:00:00 AM,5.1,84.5,5.0,2.7,point
2025-11-17 06:30:00 AM,5.2,85.6,5.1,2.9,point
2025-11-17 07:00:00 AM,5.3,85.1,5.3,3.0,point
2025-11-17 07:30:00 AM,5.3,84.5,5.2,2.9,point
2025-11-17 08:00:00 AM,7.0,90.7,7.1,5.6,point
2025-11-17 08:30:00 AM,13.3,99.5,13.9,13.2,point
2025-11-17 09:00:00 AM,19.6,100.0,20.6,19.6,point
2025-11-17 09:30:00 AM,21.3,83.9,21.9,18.4,point
2025-11-17 10:00:00 AM,21.6,81.0,22.3,18.2,point
2025-11-17 10:30:00 AM,21.7,78.1,22.2,17.7,point
2025-11-17 11:00:00 AM,22.1,76.5,22.7,17.8,point
2025-11-17 11:30:00 AM,22.0,73.2,22.4,16.9,point
2025-11-17 12:00:00 PM,22.0,69.5,22.3,16.1,point
2025-11-17 12:30:00 PM,21.6,66.2,21.9,15.1,point
2025-11-17 01:00:00 PM,22.0,62.9,22.1,14.6,point
2025-11-17 01:30:00 PM,22.0,60.3,22.0,14.0,point
2025-11-17 02:00:00 PM,21.9,59.3,21.8,13.6,point
2025-11-17 02:30:00 PM,21.8,58.2,21.6,13.2,point
2025-11-17 03:00:00 PM,19.8,59.8,18.9,11.7,point
2025-11-17 03:30:00 PM,20.2,55.4,19.5,11.0,point
2025-11-17 04:00:00 PM,21.6,54.6,21.3,12.0,point
2025-11-17 04:30:00 PM,22.0,53.9,21.7,12.3,point
2025-11-17 05:00:00 PM,22.1,53.8,21.8,12.3,point
2025-11-17 05:30:00 PM,21.9,53.6,21.5,12.0,point
2025-11-17 06:00:00 PM,21.9,53.3,21.6,12.0,point
2025-11-17 06:30:00 PM,21.6,53.2,21.3,11.7,point
2025-11-17 07:00:00 PM,21.8,53.1,21.4,11.8,point
2025-11-17 07:30:00 PM,21.8,52.9,21.4,11.8,point
2025-11-17 08:00:00 PM,21.8,52.7,21.4,11.7,point
2025-11-17 08:30:00 PM,21.6,52.6,21.3,11.5,point
2025-11-17 09:00:00 PM,18.9,51.8,17.3,8.7,point
2025-11-17 09:30:00 PM,12.0,59.0,11.1,4.3,point
2025-11-17 10:00:00 PM,6.3,69.6,5.9,1.1,point
2025-11-17 10:30:00 PM,5.2,78.4,5.0,1.7,point
2025-11-17 11:00:00 PM,5.2,81.5,5.1,2.3,point
2025-11-17 11:30:00 PM,5.0,82.9,5.0,2.3,point
2025-11-18 12:00:00 AM,4.9,83.7,4.8,2.4,point
2025-11-18 12:30:00 AM,4.9,84.8,4.9,2.6,point
2025-11-18 01:00:00 AM,4.8,84.5,4.8,2.5,point
2025-11-18 01:30:00 AM,4.8,85.3,4.7,2.5,point
2025-11-18 02:00:00 AM,4.8,85.8,4.8,2.6,point
2025-11-18 02:30:00 AM,4.7,85.7,4.7,2.5,point
2025-11-18 03:00:00 AM,4.8,85.9,4.7,2.6,point
2025-11-18 03:30:00 AM,4.6,85.9,4.5,2.4,point
2025-11-18 04:00:00 AM,4.7,86.2,4.6,2.6,point
2025-11-18 04:30:00 AM,4.6,85.8,4.6,2.5,point
2025-11-18 05:00:00 AM,4.7,86.4,4.7,2.6,point
2025-11-18 05:30:00 AM,4.7,86.2,4.6,2.6,point
2025-11-18 06:00:00 AM,4.7,85.8,4.6,2.5,point
2025-11-18 06:30:00 AM,4.7,86.6,4.6,2.6,point
2025-11-18 07:00:00 AM,4.8,86.9,4.7,2.8,point
2025-11-18 07:30:00 AM,4.8,86.8,4.8,2.8,point
2025-11-18 08:00:00 AM,6.5,92.7,6.6,5.5,point
2025-11-18 08:30:00 AM,13.6,99.5,14.1,13.5,point
2025-11-18 09:00:00 AM,19.9,99.8,20.8,19.9,point
2025-11-18 09:30:00 AM,21.1,79.6,21.6,17.4,point
2025-11-18 10:00:00 AM,20.8,75.9,21.0,16.4,point
2025-11-18 10:30:00 AM,21.1,72.4,21.4,16.0,point
2025-11-18 11:00:00 AM,20.6,67.7,20.5,14.4,point
2025-11-18 11:30:00 AM,20.6,63.3,20.2,13.4,point
2025-11-18 12:00:00 PM,20.8,60.2,20.6,12.8,point
2025-11-18 12:30:00 PM,20.5,57.9,20.0,12.0,point
2025-11-18 01:00:00 PM,21.1,56.3,20.8,12.1,point
2025-11-18 01:30:00 PM,21.1,55.4,20.6,11.8,point
2025-11-18 02:00:00 PM,20.7,54.6,20.1,11.2,point
2025-11-18 02:30:00 PM,20.7,53.6,20.1,11.0,point
2025-11-18 03:00:00 PM,21.0,53.2,20.4,11.1,point
2025-11-18 03:30:00 PM,20.8,52.3,20.0,10.7,point
2025-11-18 04:00:00 PM,21.0,52.1,20.3,10.8,point
2025-11-18 04:30:00 PM,20.9,51.7,20.3,10.6,point
2025-11-18 05:00:00 PM,20.8,51.6,20.1,10.5,point
2025-11-18 05:30:00 PM,20.8,51.8,20.1,10.6,point
2025-11-18 06:00:00 PM,20.8,51.8,20.0,10.5,point
2025-11-18 06:30:00 PM,20.8,51.8,20.0,10.5,point
2025-11-18 07:00:00 PM,20.2,51.9,19.3,10.0,point
2025-11-18 07:30:00 PM,20.7,52.0,20.0,10.5,point
2025-11-18 08:00:00 PM,20.9,52.1,20.3,10.8,point
2025-11-18 08:30:00 PM,20.6,52.0,19.9,10.4,point
2025-11-18 09:00:00 PM,18.4,51.8,16.6,8.3,point
2025-11-18 09:30:00 PM,11.6,59.2,10.6,3.9,point
2025-11-18 10:00:00 PM,5.9,70.9,5.6,1.1,point
2025-11-18 10:30:00 PM,5.1,80.1,4.9,1.9,point
2025-11-18 11:00:00 PM,4.9,82.2,4.8,2.1,point
2025-11-18 11:30:00 PM,4.9,83.4,4.8,2.3,point
2025-11-19 12:00:00 AM,4.7,84.4,4.7,2.3,point
2025-11-19 12:30:00 AM,4.7,84.9,4.6,2.4,point
2025-11-19 01:00:00 AM,4.6,84.7,4.6,2.3,point
2025-11-19 01:30:00 AM,4.7,85.7,4.7,2.5,point
2025-11-19 02:00:00 AM,4.8,85.6,4.7,2.6,point
2025-11-19 02:30:00 AM,4.7,86.0,4.7,2.6,point
2025-11-19 03:00:00 AM,4.6,86.1,4.6,2.5,point
2025-11-19 03:30:00 AM,4.5,86.4,4.5,2.5,point
2025-11-19 04:00:00 AM,4.6,86.3,4.6,2.5,point
2025-11-19 04:30:00 AM,4.8,86.2,4.7,2.7,point
2025-11-19 05:00:00 AM,4.6,86.1,4.5,2.5,point
2025-11-19 05:30:00 AM,4.7,86.6,4.6,2.6,point
2025-11-19 06:00:00 AM,4.7,86.5,4.6,2.6,point
2025-11-19 06:30:00 AM,4.6,87.0,4.6,2.6,point
2025-11-19 07:00:00 AM,4.7,86.9,4.7,2.8,point
2025-11-19 07:30:00 AM,4.8,87.0,4.7,2.8,point
2025-11-19 08:00:00 AM,6.5,93.2,6.6,5.5,point
2025-11-19 08:30:00 AM,13.1,100.0,13.6,13.1,point
2025-11-19 09:00:00 AM,20.0,100.0,20.9,20.0,point
2025-11-19 09:30:00 AM,20.9,81.1,21.4,17.5,point
2025-11-19 10:00:00 AM,21.1,78.9,21.6,17.3,point
2025-11-19 10:30:00 AM,21.0,76.3,21.4,16.7,point
2025-11-19 11:00:00 AM,20.8,72.5,20.9,15.6,point
2025-11-19 11:30:00 AM,20.8,68.4,20.7,14.7,point
2025-11-19 12:00:00 PM,20.6,65.3,20.3,13.8,point
2025-11-19 12:30:00 PM,21.1,63.1,21.1,13.8,point
2025-11-19 01:00:00 PM,20.9,61.3,20.6,13.2,point
2025-11-19 01:30:00 PM,20.8,60.2,20.6,12.8,point
2025-11-19 02:00:00 PM,20.7,58.9,20.2,12.4,point
2025-11-19 02:30:00 PM,20.9,58.2,20.6,12.4,point
2025-11-19 03:00:00 PM,20.5,58.0,20.0,12.0,point
2025-11-19 03:30:00 PM,20.7,57.4,20.1,12.0,point
2025-11-19 04:00:00 PM,20.8,57.3,20.4,12.1,point
2025-11-19 04:30:00 PM,20.7,57.4,20.2,12.0,point
2025-11-19 05:00:00 PM,20.6,57.3,19.9,11.8,point
2025-11-19 05:30:00 PM,20.7,57.0,20.2,11.9,point
2025-11-19 06:00:00 PM,20.8,56.9,20.4,12.0,point
2025-11-19 06:30:00 PM,20.9,56.5,20.4,11.9,point
2025-11-19 07:00:00 PM,20.6,56.3,20.1,11.6,point
2025-11-19 07:30:00 PM,20.9,56.4,20.4,11.9,point
2025-11-19 08:00:00 PM,20.4,55.9,19.8,11.3,point
2025-11-19 08:30:00 PM,20.6,55.5,20.1,11.4,point
2025-11-19 09:00:00 PM,18.6,54.8,17.0,9.3,point
2025-11-19 09:30:00 PM,11.7,61.2,10.8,4.5,point
2025-11-19 10:00:00 PM,5.6,71.2,5.3,0.8,point
2025-11-19 10:30:00 PM,5.1,80.5,5.0,2.0,point
2025-11-19 11:00:00 PM,4.9,82.5,4.8,2.1,point
2025-11-19 11:30:00 PM,4.7,84.5,4.7,2.4,point
2025-11-20 12:00:00 AM,4.6,84.8,4.6,2.3,point
2025-11-20 12:30:00 AM,4.7,85.3,4.7,2.5,point
2025-11-20 01:00:00 AM,4.7,85.8,4.7,2.6,point
2025-11-20 01:30:00 AM,4.7,85.7,4.6,2.5,point
2025-11-20 02:00:00 AM,4.5,86.2,4.5,2.4,point
2025-11-20 02:30:00 AM,4.7,86.5,4.6,2.6,point
2025-11-20 03:00:00 AM,4.6,86.0,4.6,2.5,point
2025-11-20 03:30:00 AM,4.6,86.9,4.6,2.6,point
2025-11-20 04:00:00 AM,4.6,87.0,4.5,2.6,point
2025-11-20 04:30:00 AM,4.4,86.8,4.4,2.4,point
2025-11-20 05:00:00 AM,4.5,86.8,4.5,2.5,point
2025-11-20 05:30:00 AM,4.7,87.5,4.7,2.8,point
2025-11-20 06:00:00 AM,4.6,87.0,4.5,2.6,point
2025-11-20 06:30:00 AM,4.6,87.2,4.6,2.7,point
2025-11-20 07:00:00 AM,4.9,87.7,4.9,3.0,point
2025-11-20 07:30:00 AM,4.6,86.9,4.5,2.6,point
2025-11-20 08:00:00 AM,6.4,93.2,6.5,5.4,point
2025-11-20 08:30:00 AM,13.0,99.7,13.6,13.0,point
2025-11-20 09:00:00 AM,20.0,100.0,21.0,20.0,point
2025-11-20 09:30:00 AM,21.0,84.6,21.5,18.3,point
2025-11-20 10:00:00 AM,21.5,82.3,22.2,18.4,point
2025-11-20 10:30:00 AM,21.4,80.5,22.0,17.9,point
2025-11-20 11:00:00 AM,21.4,80.1,22.0,17.9,point
2025-11-20 11:30:00 AM,21.1,77.0,21.4,16.9,point
2025-11-20 12:00:00 PM,20.8,73.6,20.9,15.9,point
2025-11-20 12:30:00 PM,20.5,70.6,20.5,15.0,point
2025-11-20 01:00:00 PM,20.2,66.6,20.0,13.8,point
2025-11-20 01:30:00 PM,20.9,63.7,20.7,13.8,point
2025-11-20 02:00:00 PM,20.4,61.0,20.0,12.7,point
2025-11-20 02:30:00 PM,20.6,59.5,20.2,12.4,point
2025-11-20 03:00:00 PM,20.0,56.7,19.2,11.2,point
2025-11-20 03:30:00 PM,21.9,54.4,21.6,12.3,point
2025-11-20 04:00:00 PM,22.2,53.0,21.8,12.2,point
2025-11-20 04:30:00 PM,22.2,52.4,21.8,12.0,point
2025-11-20 05:00:00 PM,21.9,51.9,21.4,11.6,point
2025-11-20 05:30:00 PM,21.6,51.1,21.2,11.1,point
2025-11-20 06:00:00 PM,21.6,50.5,21.2,10.9,point
2025-11-20 06:30:00 PM,22.3,49.8,21.7,11.3,point
2025-11-20 07:00:00 PM,22.1,49.2,21.5,10.9,point
2025-11-20 07:30:00 PM,22.1,48.9,21.5,10.9,point
2025-11-20 08:00:00 PM,22.3,48.7,21.7,10.9,point
2025-11-20 08:30:00 PM,22.1,48.5,21.6,10.8,point
2025-11-20 09:00:00 PM,21.0,47.8,20.2,9.5,point
2025-11-20 09:30:00 PM,11.6,56.8,10.7,3.3,point
2025-11-20 10:00:00 PM,5.8,70.1,5.4,0.8,point
2025-11-20 10:30:00 PM,4.9,79.3,4.7,1.6,point
2025-11-20 11:00:00 PM,4.8,82.2,4.6,2.0,point
2025-11-20 11:30:00 PM,4.8,83.6,4.8,2.3,point
2025-11-21 12:00:00 AM,4.8,84.6,4.7,2.4,point
2025-11-21 12:30:00 AM,4.9,85.3,4.9,2.7,point
2025-11-21 01:00:00 AM,4.7,86.2,4.7,2.6,point
2025-11-21 01:30:00 AM,4.8,85.4,4.8,2.6,point
2025-11-21 02:00:00 AM,4.4,85.6,4.4,2.2,point
2025-11-21 02:30:00 AM,4.6,85.9,4.5,2.4,point
2025-11-21 03:00:00 AM,4.7,85.7,4.6,2.5,point
2025-11-21 03:30:00 AM,4.6,86.3,4.5,2.5,point
2025-11-21 04:00:00 AM,4.8,86.6,4.7,2.7,point
2025-11-21 04:30:00 AM,4.5,86.5,4.5,2.5,point
2025-11-21 05:00:00 AM,4.8,86.8,4.7,2.8,point
2025-11-21 05:30:00 AM,4.6,86.8,4.5,2.6,point
2025-11-21 06:00:00 AM,4.7,86.8,4.7,2.7,point
2025-11-21 06:30:00 AM,4.7,87.0,4.6,2.7,point
2025-11-21 07:00:00 AM,4.5,87.0,4.5,2.5,point
2025-11-21 07:30:00 AM,4.6,87.0,4.6,2.6,point
2025-11-21 08:00:00 AM,6.3,91.9,6.4,5.1,point
2025-11-21 08:30:00 AM,12.7,97.7,13.2,12.4,point
2025-11-21 09:00:00 AM,19.7,78.8,19.7,15.9,point
2025-11-21 09:30:00 AM,20.7,63.9,20.4,13.6,point
2025-11-21 10:00:00 AM,21.2,57.1,20.9,12.4,point
2025-11-21 10:30:00 AM,21.2,52.4,20.7,11.1,point
2025-11-21 11:00:00 AM,21.5,49.7,20.9,10.5,point
2025-11-21 11:30:00 AM,22.1,48.4,21.6,10.7,point
2025-11-21 12:00:00 PM,21.5,47.5,21.0,9.9,point
2025-11-21 12:30:00 PM,21.8,47.0,21.1,10.0,point
2025-11-21 01:00:00 PM,21.9,46.4,21.2,9.9,point
2025-11-21 01:30:00 PM,21.9,46.3,21.2,9.8,point
2025-11-21 02:00:00 PM,21.5,46.1,20.8,9.4,point
2025-11-21 02:30:00 PM,21.7,45.7,21.1,9.5,point
2025-11-21 03:00:00 PM,21.7,45.1,21.1,9.3,point
2025-11-21 03:30:00 PM,20.7,44.8,19.7,8.3,point
2025-11-21 04:00:00 PM,19.2,76.4,18.9,14.9,point
2025-11-21 04:30:00 PM,19.8,79.3,20.0,16.1,point
2025-11-21 05:00:00 PM,19.6,79.0,19.6,15.8,point
2025-11-21 05:30:00 PM,19.8,80.0,19.8,16.2,point
2025-11-21 06:00:00 PM,19.9,79.3,20.1,16.2,point
2025-11-21 06:30:00 PM,19.8,78.0,19.7,15.8,point
2025-11-21 07:00:00 PM,20.1,77.7,20.3,16.1,point
2025-11-21 07:30:00 PM,20.1,76.3,20.1,15.8,point
2025-11-21 08:00:00 PM,19.8,74.6,19.7,15.2,point
2025-11-21 08:30:00 PM,20.1,72.8,19.9,15.0,point
2025-11-21 09:00:00 PM,18.0,67.5,17.1,11.9,point
2025-11-21 09:30:00 PM,11.4,68.4,10.9,5.8,point
2025-11-21 10:00:00 PM,5.5,73.4,5.3,1.1,point
2025-11-21 10:30:00 PM,4.8,81.9,4.6,2.0,point
2025-11-21 11:00:00 PM,4.6,83.4,4.5,2.0,point
2025-11-21 11:30:00 PM,4.5,84.9,4.5,2.2,point
2025-11-22 12:00:00 AM,4.4,85.3,4.4,2.2,point
2025-11-22 12:30:00 AM,4.4,85.9,4.4,2.2,point
2025-11-22 01:00:00 AM,4.4,86.3,4.4,2.4,point
2025-11-22 01:30:00 AM,4.3,86.2,4.2,2.1,point
2025-11-22 02:00:00 AM,4.3,86.4,4.3,2.3,point
2025-11-22 02:30:00 AM,4.3,86.5,4.2,2.2,point
2025-11-22 03:00:00 AM,4.2,87.2,4.2,2.3,point
2025-11-22 03:30:00 AM,4.4,87.0,4.4,2.5,point
2025-11-22 04:00:00 AM,4.2,87.2,4.2,2.3,point
2025-11-22 04:30:00 AM,4.1,86.9,4.1,2.1,point
2025-11-22 05:00:00 AM,4.2,86.7,4.2,2.2,point
2025-11-22 05:30:00 AM,4.2,87.4,4.2,2.3,point
2025-11-22 06:00:00 AM,4.2,86.7,4.1,2.2,point
2025-11-22 06:30:00 AM,4.1,86.2,4.1,2.0,point
2025-11-22 07:00:00 AM,4.4,87.3,4.3,2.4,point
2025-11-22 07:30:00 AM,4.0,86.7,4.0,2.0,point
2025-11-22 08:00:00 AM,5.9,92.4,6.0,4.8,point
2025-11-22 08:30:00 AM,11.9,99.4,12.4,11.8,point
2025-11-22 09:00:00 AM,19.0,99.8,19.9,19.0,point
2025-11-22 09:30:00 AM,19.9,80.6,20.1,16.5,point
2025-11-22 10:00:00 AM,20.1,77.2,20.3,16.0,point
2025-11-22 10:30:00 AM,20.2,73.3,20.2,15.3,point
2025-11-22 11:00:00 AM,20.2,69.1,19.9,14.3,point
2025-11-22 11:30:00 AM,20.5,65.1,20.3,13.7,point
2025-11-22 12:00:00 PM,20.6,61.9,20.3,13.1,point
2025-11-22 12:30:00 PM,20.4,59.8,19.9,12.3,point
2025-11-22 01:00:00 PM,20.2,58.0,19.6,11.7,point
2025-11-22 01:30:00 PM,20.7,57.0,20.1,11.9,point
2025-11-22 02:00:00 PM,20.7,56.4,20.1,11.7,point
2025-11-22 02:30:00 PM,20.5,56.1,19.9,11.5,point
2025-11-22 03:00:00 PM,20.5,56.2,19.9,11.5,point
2025-11-22 03:30:00 PM,20.5,57.2,19.9,11.8,point
2025-11-22 04:00:00 PM,20.4,57.8,19.7,11.8,point
2025-11-22 04:30:00 PM,20.5,58.5,19.9,12.1,point
2025-11-22 05:00:00 PM,20.6,58.5,20.2,12.2,point
2025-11-22 05:30:00 PM,20.5,58.6,20.0,12.1,point
2025-11-22 06:00:00 PM,20.8,58.5,20.3,12.3,point
2025-11-22 06:30:00 PM,20.3,58.8,19.6,12.0,point
2025-11-22 07:00:00 PM,20.8,59.4,20.3,12.6,point
2025-11-22 07:30:00 PM,20.8,59.4,20.3,12.6,point
2025-11-22 08:00:00 PM,20.6,59.6,20.2,12.5,point
2025-11-22 08:30:00 PM,20.2,59.4,19.6,12.1,point
2025-11-22 09:00:00 PM,18.8,58.2,17.7,10.4,point
2025-11-22 09:30:00 PM,11.6,64.3,10.9,5.1,point
2025-11-22 10:00:00 PM,5.5,72.1,5.2,0.8,point
2025-11-22 10:30:00 PM,4.9,80.3,4.8,1.8,point
2025-11-22 11:00:00 PM,4.6,83.3,4.5,2.0,point
2025-11-22 11:30:00 PM,4.5,84.2,4.5,2.1,point
2025-11-23 12:00:00 AM,4.4,85.1,4.3,2.1,point
2025-11-23 12:30:00 AM,4.3,85.5,4.2,2.1,point
2025-11-23 01:00:00 AM,4.4,86.3,4.3,2.3,point
2025-11-23 01:30:00 AM,4.3,86.6,4.2,2.2,point
2025-11-23 02:00:00 AM,4.4,86.8,4.3,2.4,point
2025-11-23 02:30:00 AM,4.1,87.0,4.1,2.1,point
2025-11-23 03:00:00 AM,4.3,87.2,4.2,2.3,point
2025-11-23 03:30:00 AM,4.2,87.4,4.2,2.3,point
2025-11-23 04:00:00 AM,4.2,87.0,4.2,2.3,point
2025-11-23 04:30:00 AM,4.3,87.0,4.2,2.3,point
2025-11-23 05:00:00 AM,4.0,87.0,4.0,2.0,point
2025-11-23 05:30:00 AM,4.3,86.6,4.3,2.3,point
2025-11-23 06:00:00 AM,4.4,87.6,4.3,2.5,point
2025-11-23 06:30:00 AM,4.7,87.3,4.6,2.8,point
2025-11-23 07:00:00 AM,4.6,86.6,4.6,2.6,point
2025-11-23 07:30:00 AM,4.6,87.1,4.6,2.7,point
2025-11-23 08:00:00 AM,6.3,93.1,6.4,5.3,point
2025-11-23 08:30:00 AM,12.6,99.9,13.1,12.6,point
2025-11-23 09:00:00 AM,19.7,100.0,20.7,19.7,point
2025-11-23 09:30:00 AM,21.9,84.0,22.8,19.1,point
2025-11-23 10:00:00 AM,23.0,81.3,24.0,19.7,point
2025-11-23 10:30:00 AM,22.6,78.8,23.4,18.8,point
2025-11-23 11:00:00 AM,22.9,78.5,23.7,19.0,point
2025-11-23 11:30:00 AM,22.8,78.5,23.5,18.8,point
2025-11-23 12:00:00 PM,23.0,76.6,23.8,18.7,point
2025-11-23 12:30:00 PM,22.9,74.3,23.4,18.1,point
2025-11-23 01:00:00 PM,22.0,71.8,22.3,16.7,point
2025-11-23 01:30:00 PM,21.0,69.5,21.2,15.2,point
2025-11-23 02:00:00 PM,21.3,65.7,21.2,14.6,point
2025-11-23 02:30:00 PM,21.1,63.3,20.9,13.8,point
2025-11-23 03:00:00 PM,21.0,61.2,20.8,13.3,point
2025-11-23 03:30:00 PM,21.1,60.1,20.8,13.0,point
2025-11-23 04:00:00 PM,21.2,59.0,21.0,12.9,point
2025-11-23 04:30:00 PM,21.2,58.9,20.9,12.8,point
2025-11-23 05:00:00 PM,20.9,58.1,20.6,12.3,point
2025-11-23 05:30:00 PM,21.5,57.5,21.3,12.7,point
2025-11-23 06:00:00 PM,21.1,57.6,20.9,12.4,point
2025-11-23 06:30:00 PM,21.6,57.5,21.5,12.8,point
2025-11-23 07:00:00 PM,21.1,57.6,20.9,12.4,point
2025-11-23 07:30:00 PM,21.0,58.2,20.7,12.5,point
2025-11-23 08:00:00 PM,20.9,57.8,20.4,12.3,point
2025-11-23 08:30:00 PM,21.1,57.9,20.7,12.4,point
2025-11-23 09:00:00 PM,19.6,57.6,18.7,11.0,point
2025-11-23 09:30:00 PM,11.6,64.0,10.8,5.0,point
2025-11-23 10:00:00 PM,5.7,72.4,5.5,1.1,point
2025-11-23 10:30:00 PM,5.0,81.1,4.8,2.0,point
2025-11-23 11:00:00 PM,4.8,83.5,4.7,2.2,point
2025-11-23 11:30:00 PM,4.4,84.4,4.3,2.0,point
2025-11-24 12:00:00 AM,4.5,85.0,4.4,2.2,point
2025-11-24 12:30:00 AM,4.4,85.7,4.3,2.2,point
2025-11-24 01:00:00 AM,4.3,85.8,4.2,2.1,point
2025-11-24 01:30:00 AM,4.4,86.1,4.4,2.3,point
2025-11-24 02:00:00 AM,4.3,87.0,4.3,2.4,point
2025-11-24 02:30:00 AM,4.1,86.8,4.0,2.1,point
2025-11-24 03:00:00 AM,4.4,86.4,4.3,2.3,point
2025-11-24 03:30:00 AM,4.1,87.5,4.0,2.2,point
2025-11-24 04:00:00 AM,4.2,87.8,4.1,2.3,point
2025-11-24 04:30:00 AM,4.2,86.5,4.2,2.2,point
2025-11-24 05:00:00 AM,4.2,87.4,4.2,2.3,point
2025-11-24 05:30:00 AM,4.2,87.2,4.2,2.3,point
2025-11-24 06:00:00 AM,4.4,87.5,4.3,2.5,point
2025-11-24 06:30:00 AM,4.4,87.8,4.4,2.6,point
2025-11-24 07:00:00 AM,4.4,87.9,4.4,2.6,point
2025-11-24 07:30:00 AM,4.4,87.8,4.3,2.5,point
2025-11-24 08:00:00 AM,5.9,92.8,6.0,4.8,point
2025-11-24 08:30:00 AM,12.3,100.0,12.9,12.3,point
2025-11-24 09:00:00 AM,19.1,100.0,20.0,19.1,point
2025-11-24 09:30:00 AM,20.8,84.2,21.4,18.0,point
2025-11-24 10:00:00 AM,21.5,81.7,22.2,18.2,point
2025-11-24 10:30:00 AM,21.6,80.5,22.2,18.1,point
2025-11-24 11:00:00 AM,21.2,79.8,21.6,17.5,point
2025-11-24 11:30:00 AM,20.4,79.1,20.7,16.7,point
2025-11-24 12:00:00 PM,20.3,77.5,20.5,16.2,point
2025-11-24 12:30:00 PM,19.9,74.0,19.9,15.1,point
2025-11-24 01:00:00 PM,20.0,70.7,19.8,14.6,point
2025-11-24 01:30:00 PM,20.5,67.0,20.4,14.2,point
2025-11-24 02:00:00 PM,19.4,64.3,18.6,12.5,point
2025-11-24 02:30:00 PM,20.3,62.0,19.9,12.8,point
2025-11-24 03:00:00 PM,20.9,61.3,20.6,13.2,point
2025-11-24 03:30:00 PM,20.1,60.9,19.6,12.4,point
2025-11-24 04:00:00 PM,20.1,60.8,19.6,12.3,point
2025-11-24 04:30:00 PM,20.3,60.6,19.7,12.4,point
2025-11-24 05:00:00 PM,20.2,60.1,19.6,12.2,point
2025-11-24 05:30:00 PM,20.2,60.1,19.7,12.3,point
2025-11-24 06:00:00 PM,20.3,60.1,19.9,12.3,point
2025-11-24 06:30:00 PM,20.2,59.8,19.5,12.1,point
2025-11-24 07:00:00 PM,20.4,59.5,19.9,12.3,point
2025-11-24 07:30:00 PM,20.4,60.5,20.0,12.6,point
2025-11-24 08:00:00 PM,20.4,59.4,19.8,12.2,point
2025-11-24 08:30:00 PM,20.2,59.0,19.6,12.0,point
2025-11-24 09:00:00 PM,18.2,58.1,16.7,9.8,point
2025-11-24 09:30:00 PM,11.9,63.7,11.1,5.3,point
2025-11-24 10:00:00 PM,5.8,71.1,5.4,0.9,point
2025-11-24 10:30:00 PM,4.9,80.1,4.7,1.8,point
2025-11-24 11:00:00 PM,4.9,82.8,4.9,2.2,point
2025-11-24 11:30:00 PM,4.6,84.5,4.5,2.2,point
2025-11-25 12:00:00 AM,4.8,85.2,4.7,2.5,point
2025-11-25 12:30:00 AM,4.5,85.8,4.5,2.3,point
2025-11-25 01:00:00 AM,4.7,86.3,4.7,2.6,point
2025-11-25 01:30:00 AM,4.6,86.1,4.5,2.4,point
2025-11-25 02:00:00 AM,4.6,86.5,4.6,2.6,point
2025-11-25 02:30:00 AM,4.6,86.4,4.5,2.5,point
2025-11-25 03:00:00 AM,4.5,86.4,4.4,2.4,point
2025-11-25 03:30:00 AM,4.6,87.0,4.6,2.7,point
2025-11-25 04:00:00 AM,4.4,87.2,4.4,2.5,point
2025-11-25 04:30:00 AM,4.4,87.9,4.4,2.6,point
2025-11-25 05:00:00 AM,4.7,88.0,4.6,2.9,point
2025-11-25 05:30:00 AM,4.7,87.4,4.7,2.8,point
2025-11-25 06:00:00 AM,4.6,87.2,4.6,2.7,point
2025-11-25 06:30:00 AM,4.7,87.6,4.6,2.8,point
2025-11-25 07:00:00 AM,4.7,87.6,4.6,2.8,point
2025-11-25 07:30:00 AM,4.7,87.1,4.6,2.7,point
2025-11-25 08:00:00 AM,6.1,92.7,6.2,5.0,point
2025-11-25 08:30:00 AM,13.0,99.6,13.5,12.9,point
2025-11-25 09:00:00 AM,19.3,100.0,20.1,19.3,point
2025-11-25 09:30:00 AM,20.2,87.4,20.8,18.0,point
2025-11-25 10:00:00 AM,20.3,83.5,20.8,17.4,point
2025-11-25 10:30:00 AM,20.8,82.3,21.3,17.7,point
2025-11-25 11:00:00 AM,20.9,79.4,21.3,17.1,point
2025-11-25 11:30:00 AM,20.5,75.8,20.7,16.1,point
2025-11-25 12:00:00 PM,20.9,72.4,21.1,15.8,point
2025-11-25 12:30:00 PM,21.2,68.5,21.3,15.2,point
2025-11-25 01:00:00 PM,20.9,64.6,20.7,13.9,point
2025-11-25 01:30:00 PM,20.8,62.0,20.6,13.3,point
2025-11-25 02:00:00 PM,21.1,59.8,20.7,12.9,point
2025-11-25 02:30:00 PM,20.9,58.1,20.6,12.4,point
2025-11-25 03:00:00 PM,20.8,56.9,20.2,11.9,point
2025-11-25 03:30:00 PM,21.1,55.6,20.8,11.9,point
2025-11-25 04:00:00 PM,21.5,54.9,21.1,12.0,point
2025-11-25 04:30:00 PM,20.9,54.1,20.2,11.2,point
2025-11-25 05:00:00 PM,21.2,54.3,20.8,11.6,point
2025-11-25 05:30:00 PM,21.0,54.3,20.4,11.4,point
2025-11-25 06:00:00 PM,21.2,54.9,20.7,11.8,point
2025-11-25 06:30:00 PM,21.0,55.2,20.6,11.7,point
2025-11-25 07:00:00 PM,21.2,55.6,20.9,12.0,point
2025-11-25 07:30:00 PM,21.2,55.9,20.8,12.0,point
2025-11-25 08:00:00 PM,21.2,56.2,20.8,12.1,point
2025-11-25 08:30:00 PM,21.3,56.5,21.1,12.3,point
2025-11-25 09:00:00 PM,20.3,54.8,19.6,10.9,point
2025-11-25 09:30:00 PM,14.0,58.2,13.0,5.9,point
2025-11-25 10:00:00 PM,6.3,69.3,5.9,1.1,point
2025-11-25 10:30:00 PM,5.0,80.3,4.8,1.9,point
2025-11-25 11:00:00 PM,4.9,83.3,4.8,2.3,point
2025-11-25 11:30:00 PM,4.8,83.8,4.8,2.3,point
2025-11-26 12:00:00 AM,4.6,84.8,4.6,2.3,point
2025-11-26 12:30:00 AM,4.7,85.4,4.6,2.4,point
2025-11-26 01:00:00 AM,4.5,84.9,4.5,2.2,point
2025-11-26 01:30:00 AM,4.5,85.5,4.5,2.3,point
2025-11-26 02:00:00 AM,4.6,86.2,4.5,2.5,point
2025-11-26 02:30:00 AM,4.4,85.9,4.4,2.2,point
2025-11-26 03:00:00 AM,4.5,86.2,4.5,2.4,point
2025-11-26 03:30:00 AM,4.5,86.4,4.4,2.4,point
2025-11-26 04:00:00 AM,4.5,86.5,4.5,2.5,point
2025-11-26 04:30:00 AM,4.5,86.4,4.5,2.4,point
2025-11-26 05:00:00 AM,4.5,87.2,4.5,2.6,point
2025-11-26 05:30:00 AM,4.6,87.0,4.6,2.7,point
2025-11-26 06:00:00 AM,4.5,87.1,4.5,2.6,point
2025-11-26 06:30:00 AM,4.5,87.1,4.5,2.6,point
2025-11-26 07:00:00 AM,4.6,87.8,4.6,2.8,point
2025-11-26 07:30:00 AM,4.7,87.0,4.7,2.8,point
2025-11-26 08:00:00 AM,6.0,92.0,6.0,4.8,point
2025-11-26 08:30:00 AM,12.9,99.5,13.5,12.8,point
2025-11-26 09:00:00 AM,19.9,100.0,20.8,19.9,point
2025-11-26 09:30:00 AM,20.6,82.7,21.0,17.5,point
2025-11-26 10:00:00 AM,20.6,78.1,20.8,16.6,point
2025-11-26 10:30:00 AM,20.8,73.5,20.9,15.8,point
2025-11-26 11:00:00 AM,20.7,66.8,20.7,14.3,point
2025-11-26 11:30:00 AM,20.9,60.4,20.6,12.9,point
2025-11-26 12:00:00 PM,20.9,55.0,20.4,11.5,point
2025-11-26 12:30:00 PM,20.9,51.7,20.1,10.6,point
2025-11-26 01:00:00 PM,21.1,49.5,20.3,10.1,point
2025-11-26 01:30:00 PM,20.8,48.2,19.9,9.4,point
2025-11-26 02:00:00 PM,21.1,47.5,20.3,9.5,point
2025-11-26 02:30:00 PM,20.9,46.9,20.1,9.1,point
2025-11-26 03:00:00 PM,20.9,46.3,20.1,9.0,point
2025-11-26 03:30:00 PM,21.1,45.6,20.4,8.9,point
2025-11-26 04:00:00 PM,21.0,45.5,20.2,8.8,point
2025-11-26 04:30:00 PM,21.0,45.1,20.1,8.6,point
2025-11-26 05:00:00 PM,21.1,44.8,20.1,8.6,point
2025-11-26 05:30:00 PM,21.0,46.2,20.2,9.0,point
2025-11-26 06:00:00 PM,21.2,47.6,20.5,9.6,point
2025-11-26 06:30:00 PM,21.1,48.3,20.5,9.8,point
2025-11-26 07:00:00 PM,21.2,48.8,20.6,10.1,point
2025-11-26 07:30:00 PM,21.1,49.5,20.5,10.1,point
2025-11-26 08:00:00 PM,21.4,49.6,20.8,10.4,point
2025-11-26 08:30:00 PM,21.0,50.1,20.4,10.2,point
2025-11-26 09:00:00 PM,21.1,48.9,20.5,10.0,point
2025-11-26 09:30:00 PM,15.2,54.4,13.7,6.0,point
2025-11-26 10:00:00 PM,6.5,67.1,6.0,0.8,point
2025-11-26 10:30:00 PM,5.0,78.8,4.9,1.7,point
2025-11-26 11:00:00 PM,5.0,81.4,4.9,2.1,point
2025-11-26 11:30:00 PM,4.9,82.9,4.9,2.3,point
2025-11-27 12:00:00 AM,4.7,83.5,4.6,2.1,point
2025-11-27 12:30:00 AM,4.8,84.0,4.7,2.3,point
2025-11-27 01:00:00 AM,4.8,84.6,4.8,2.5,point
2025-11-27 01:30:00 AM,4.8,84.9,4.7,2.4,point
2025-11-27 02:00:00 AM,4.7,84.8,4.6,2.4,point
2025-11-27 02:30:00 AM,4.7,84.8,4.6,2.3,point
2025-11-27 03:00:00 AM,4.6,84.5,4.5,2.2,point
2025-11-27 03:30:00 AM,4.7,84.8,4.6,2.4,point
2025-11-27 04:00:00 AM,4.6,85.4,4.5,2.3,point
2025-11-27 04:30:00 AM,4.5,85.1,4.5,2.3,point
2025-11-27 05:00:00 AM,4.8,85.5,4.7,2.6,point
2025-11-27 05:30:00 AM,4.9,85.5,4.8,2.6,point
2025-11-27 06:00:00 AM,4.7,85.5,4.7,2.5,point
2025-11-27 06:30:00 AM,4.6,86.0,4.5,2.5,point
2025-11-27 07:00:00 AM,4.6,86.1,4.5,2.4,point
2025-11-27 07:30:00 AM,4.6,85.7,4.6,2.4,point
2025-11-27 08:00:00 AM,6.0,90.4,6.0,4.5,point
2025-11-27 08:30:00 AM,11.4,92.3,11.7,10.2,point
2025-11-27 09:00:00 AM,19.4,81.5,19.4,16.1,point
2025-11-27 09:30:00 AM,20.2,65.7,19.8,13.6,point
2025-11-27 10:00:00 AM,20.6,59.4,20.2,12.4,point
2025-11-27 10:30:00 AM,20.8,53.2,20.2,10.9,point
2025-11-27 11:00:00 AM,21.1,50.1,20.4,10.3,point
2025-11-27 11:30:00 AM,21.1,48.5,20.5,9.8,point
2025-11-27 12:00:00 PM,21.4,47.3,20.8,9.8,point
2025-11-27 12:30:00 PM,21.1,46.6,20.4,9.2,point
2025-11-27 01:00:00 PM,21.2,46.1,20.4,9.1,point
2025-11-27 01:30:00 PM,21.1,45.6,20.4,8.9,point
2025-11-27 02:00:00 PM,20.9,45.3,20.1,8.7,point
2025-11-27 02:30:00 PM,21.2,44.7,20.4,8.7,point
2025-11-27 03:00:00 PM,21.3,44.5,20.4,8.7,point
2025-11-27 03:30:00 PM,21.3,44.0,20.4,8.5,point
2025-11-27 04:00:00 PM,21.2,43.6,20.3,8.3,point
2025-11-27 04:30:00 PM,21.1,43.1,20.3,8.1,point
2025-11-27 05:00:00 PM,21.1,43.5,20.3,8.2,point
2025-11-27 05:30:00 PM,21.4,44.5,20.6,8.8,point
2025-11-27 06:00:00 PM,21.2,45.6,20.4,9.0,point
2025-11-27 06:30:00 PM,21.3,46.5,20.7,9.4,point
2025-11-27 07:00:00 PM,21.3,46.9,20.5,9.5,point
2025-11-27 07:30:00 PM,21.4,47.5,20.9,9.8,point
2025-11-27 08:00:00 PM,21.2,47.5,20.5,9.6,point
2025-11-27 08:30:00 PM,21.4,47.3,20.7,9.7,point
2025-11-27 09:00:00 PM,20.9,46.5,19.9,9.0,point
2025-11-27 09:30:00 PM,14.6,52.3,13.1,4.9,point
2025-11-27 10:00:00 PM,6.4,65.8,6.0,0.5,point
2025-11-27 10:30:00 PM,5.2,77.7,5.0,1.6,point
2025-11-27 11:00:00 PM,4.9,80.0,4.7,1.7,point
2025-11-27 11:30:00 PM,5.0,82.0,4.8,2.1,point
2025-11-28 12:00:00 AM,4.7,83.0,4.6,2.1,point
2025-11-28 12:30:00 AM,4.8,82.8,4.8,2.1,point
2025-11-28 01:00:00 AM,4.8,83.9,4.8,2.4,point
2025-11-28 01:30:00 AM,4.6,84.2,4.6,2.2,point
2025-11-28 02:00:00 AM,4.7,83.9,4.7,2.2,point
2025-11-28 02:30:00 AM,4.7,83.2,4.6,2.1,point
2025-11-28 03:00:00 AM,4.8,84.1,4.8,2.4,point
2025-11-28 03:30:00 AM,4.7,84.6,4.7,2.3,point
2025-11-28 04:00:00 AM,4.7,84.5,4.6,2.3,point
2025-11-28 04:30:00 AM,4.7,85.6,4.6,2.5,point
2025-11-28 05:00:00 AM,4.6,84.5,4.6,2.2,point
2025-11-28 05:30:00 AM,4.6,84.8,4.6,2.3,point
2025-11-28 06:00:00 AM,4.8,85.7,4.7,2.6,point
2025-11-28 06:30:00 AM,4.7,85.5,4.6,2.4,point
2025-11-28 07:00:00 AM,4.6,85.3,4.5,2.3,point
2025-11-28 07:30:00 AM,4.8,85.7,4.7,2.6,point
2025-11-28 08:00:00 AM,6.0,89.5,5.9,4.4,point
2025-11-28 08:30:00 AM,12.5,97.9,13.0,12.2,point
2025-11-28 09:00:00 AM,19.5,89.9,20.0,17.8,point
2025-11-28 09:30:00 AM,20.6,72.8,20.6,15.5,point
2025-11-28 10:00:00 AM,20.9,66.8,20.9,14.6,point
2025-11-28 10:30:00 AM,20.8,61.7,20.4,13.1,point
2025-11-28 11:00:00 AM,20.7,57.4,20.2,12.0,point
2025-11-28 11:30:00 AM,21.1,54.8,20.7,11.6,point
2025-11-28 12:00:00 PM,21.2,53.2,20.8,11.3,point
2025-11-28 12:30:00 PM,21.1,51.8,20.6,10.8,point
2025-11-28 01:00:00 PM,21.3,50.8,20.9,10.7,point
2025-11-28 01:30:00 PM,21.0,49.5,20.2,10.0,point
2025-11-28 02:00:00 PM,21.0,48.9,20.2,9.8,point
2025-11-28 02:30:00 PM,21.3,48.1,20.6,9.9,point
2025-11-28 03:00:00 PM,21.2,47.0,20.5,9.5,point
2025-11-28 03:30:00 PM,21.1,46.3,20.4,9.2,point
2025-11-28 04:00:00 PM,21.3,45.7,20.7,9.1,point
2025-11-28 04:30:00 PM,23.0,43.3,22.0,9.8,point
2025-11-28 05:00:00 PM,21.0,74.1,21.3,16.2,point
2025-11-28 05:30:00 PM,20.9,75.4,21.1,16.3,point
2025-11-28 06:00:00 PM,20.8,78.1,21.0,16.8,point
2025-11-28 06:30:00 PM,20.4,75.1,20.6,15.8,point
2025-11-28 07:00:00 PM,20.8,75.6,21.1,16.4,point
2025-11-28 07:30:00 PM,21.6,75.5,22.2,17.1,point
2025-11-28 08:00:00 PM,21.5,74.1,21.8,16.7,point
2025-11-28 08:30:00 PM,21.7,72.6,22.2,16.6,point
2025-11-28 09:00:00 PM,20.3,68.3,20.1,14.3,point
2025-11-28 09:30:00 PM,13.8,62.5,12.9,6.8,point
2025-11-28 10:00:00 PM,6.3,68.1,5.9,0.8,point
2025-11-28 10:30:00 PM,5.0,80.0,4.8,1.8,point
2025-11-28 11:00:00 PM,4.9,82.5,4.9,2.2,point
2025-11-28 11:30:00 PM,4.5,83.7,4.5,2.0,point
2025-11-29 12:00:00 AM,4.7,83.7,4.6,2.2,point
2025-11-29 12:30:00 AM,4.5,84.4,4.5,2.1,point
2025-11-29 01:00:00 AM,4.6,84.9,4.5,2.3,point
2025-11-29 01:30:00 AM,4.5,84.6,4.4,2.1,point
2025-11-29 02:00:00 AM,4.7,85.3,4.6,2.4,point
2025-11-29 02:30:00 AM,4.5,85.0,4.5,2.2,point
2025-11-29 03:00:00 AM,4.4,85.0,4.4,2.1,point
2025-11-29 03:30:00 AM,4.5,85.3,4.5,2.3,point
2025-11-29 04:00:00 AM,4.6,85.5,4.5,2.4,point
2025-11-29 04:30:00 AM,4.3,85.3,4.3,2.1,point
2025-11-29 05:00:00 AM,4.5,85.8,4.4,2.3,point
2025-11-29 05:30:00 AM,4.5,85.1,4.5,2.2,point
2025-11-29 06:00:00 AM,4.6,86.3,4.5,2.5,point
2025-11-29 06:30:00 AM,4.6,85.8,4.5,2.4,point
2025-11-29 07:00:00 AM,4.6,86.2,4.5,2.5,point
2025-11-29 07:30:00 AM,4.6,86.0,4.5,2.5,point
2025-11-29 08:00:00 AM,6.0,90.3,6.0,4.5,point
2025-11-29 08:30:00 AM,12.5,97.9,12.9,12.2,point
2025-11-29 09:00:00 AM,19.5,99.6,20.5,19.4,point
2025-11-29 09:30:00 AM,20.6,79.2,21.0,16.9,point
2025-11-29 10:00:00 AM,20.7,75.7,21.0,16.3,point
2025-11-29 10:30:00 AM,20.9,72.5,21.0,15.7,point
2025-11-29 11:00:00 AM,20.8,68.2,20.7,14.7,point
2025-11-29 11:30:00 AM,21.2,63.9,21.2,14.1,point
2025-11-29 12:00:00 PM,21.1,59.5,20.9,12.9,point
2025-11-29 12:30:00 PM,20.9,56.7,20.5,12.0,point
2025-11-29 01:00:00 PM,21.0,54.9,20.5,11.6,point
2025-11-29 01:30:00 PM,21.1,52.5,20.4,11.0,point
2025-11-29 02:00:00 PM,21.1,51.3,20.4,10.6,point
2025-11-29 02:30:00 PM,21.2,50.0,20.5,10.3,point
2025-11-29 03:00:00 PM,21.5,49.0,20.9,10.3,point
2025-11-29 03:30:00 PM,21.2,47.5,20.6,9.6,point
2025-11-29 04:00:00 PM,21.4,46.6,20.8,9.5,point
2025-11-29 04:30:00 PM,21.4,46.9,20.8,9.6,point
2025-11-29 05:00:00 PM,21.4,46.9,20.8,9.6,point
2025-11-29 05:30:00 PM,21.4,46.7,20.7,9.5,point
2025-11-29 06:00:00 PM,21.1,46.3,20.4,9.2,point
2025-11-29 06:30:00 PM,21.2,47.0,20.5,9.5,point
2025-11-29 07:00:00 PM,21.4,47.4,20.7,9.8,point
2025-11-29 07:30:00 PM,21.4,47.6,20.9,9.8,point
2025-11-29 08:00:00 PM,21.4,47.5,20.7,9.8,point
2025-11-29 08:30:00 PM,21.3,47.2,20.5,9.6,point
2025-11-29 09:00:00 PM,20.3,46.5,19.2,8.5,point
2025-11-29 09:30:00 PM,14.9,50.6,13.3,4.7,point
2025-11-29 10:00:00 PM,7.0,62.5,6.4,0.3,point
2025-11-29 10:30:00 PM,5.2,76.1,4.9,1.3,point
2025-11-29 11:00:00 PM,4.8,79.4,4.7,1.6,point
2025-11-29 11:30:00 PM,4.7,81.4,4.5,1.8,point
2025-11-30 12:00:00 AM,4.6,82.1,4.4,1.8,point
2025-11-30 12:30:00 AM,4.7,82.8,4.6,2.0,point
2025-11-30 01:00:00 AM,4.7,83.6,4.7,2.2,point
2025-11-30 01:30:00 AM,4.6,83.7,4.6,2.1,point
2025-11-30 02:00:00 AM,4.7,84.2,4.6,2.2,point
2025-11-30 02:30:00 AM,4.5,83.9,4.5,2.0,point
2025-11-30 03:00:00 AM,4.5,83.6,4.5,2.0,point
2025-11-30 03:30:00 AM,4.5,84.9,4.5,2.2,point
2025-11-30 04:00:00 AM,4.7,84.6,4.7,2.4,point
2025-11-30 04:30:00 AM,4.5,84.0,4.4,2.0,point
2025-11-30 05:00:00 AM,4.5,84.7,4.4,2.1,point
2025-11-30 05:30:00 AM,4.4,84.7,4.3,2.0,point
2025-11-30 06:00:00 AM,4.4,84.5,4.4,2.0,point
2025-11-30 06:30:00 AM,4.6,84.5,4.6,2.2,point
2025-11-30 07:00:00 AM,4.7,84.8,4.6,2.3,point
2025-11-30 07:30:00 AM,4.6,85.5,4.6,2.4,point
2025-11-30 08:00:00 AM,5.8,89.3,5.7,4.2,point
2025-11-30 08:30:00 AM,12.3,97.1,12.6,11.8,point
2025-11-30 09:00:00 AM,19.5,78.8,19.6,15.7,point
2025-11-30 09:30:00 AM,20.5,63.4,20.2,13.3,point
2025-11-30 10:00:00 AM,20.8,58.5,20.3,12.4,point
2025-11-30 10:30:00 AM,20.9,53.8,20.4,11.2,point
2025-11-30 11:00:00 AM,21.1,50.8,20.4,10.5,point
2025-11-30 11:30:00 AM,21.3,49.1,20.8,10.2,point
2025-11-30 12:00:00 PM,21.2,47.9,20.5,9.7,point
2025-11-30 12:30:00 PM,21.3,47.5,20.6,9.7,point
2025-11-30 01:00:00 PM,21.2,46.9,20.4,9.4,point
2025-11-30 01:30:00 PM,21.0,46.3,20.1,9.0,point
2025-11-30 02:00:00 PM,21.2,45.4,20.4,8.9,point
2025-11-30 02:30:00 PM,21.3,44.7,20.4,8.8,point
2025-11-30 03:00:00 PM,21.3,44.4,20.4,8.7,point
2025-11-30 03:30:00 PM,21.2,43.9,20.4,8.5,point
2025-11-30 04:00:00 PM,21.3,43.3,20.4,8.3,point
2025-11-30 04:30:00 PM,21.4,43.2,20.7,8.4,point
2025-11-30 05:00:00 PM,21.5,43.4,20.9,8.6,point
2025-11-30 05:30:00 PM,21.4,43.3,20.6,8.4,point
2025-11-30 06:00:00 PM,21.3,43.0,20.6,8.2,point
2025-11-30 06:30:00 PM,21.4,42.9,20.6,8.3,point
2025-11-30 07:00:00 PM,21.4,42.7,20.5,8.2,point
2025-11-30 07:30:00 PM,21.2,42.8,20.3,8.1,point
2025-11-30 08:00:00 PM,21.6,42.7,20.8,8.4,point
2025-11-30 08:30:00 PM,21.4,42.2,20.6,8.1,point
2025-11-30 09:00:00 PM,20.4,41.2,19.1,6.8,point
2025-11-30 09:30:00 PM,14.7,45.4,13.0,3.0,point
2025-11-30 10:00:00 PM,6.8,57.5,6.2,-1.0,point
2025-11-30 10:30:00 PM,4.7,69.4,4.5,-0.4,point
2025-11-30 11:00:00 PM,4.7,73.4,4.5,0.4,point
2025-11-30 11:30:00 PM,4.7,75.2,4.4,0.6,point
2025-12-01 12:00:00 AM,4.5,76.2,4.3,0.6,point
2025-12-01 12:30:00 AM,4.6,77.1,4.5,0.9,point
2025-12-01 01:00:00 AM,4.5,77.9,4.4,1.0,point
2025-12-01 01:30:00 AM,4.5,78.4,4.4,1.1,point
2025-12-01 02:00:00 AM,4.6,79.4,4.4,1.3,point
2025-12-01 02:30:00 AM,4.6,79.8,4.4,1.4,point
2025-12-01 03:00:00 AM,4.5,79.7,4.4,1.3,point
2025-12-01 03:30:00 AM,4.6,80.5,4.4,1.5,point
2025-12-01 04:00:00 AM,4.4,80.6,4.3,1.4,point
2025-12-01 04:30:00 AM,4.5,80.8,4.4,1.5,point
2025-12-01 05:00:00 AM,4.6,81.3,4.5,1.7,point
2025-12-01 05:30:00 AM,4.5,81.2,4.3,1.5,point
2025-12-01 06:00:00 AM,4.6,82.0,4.4,1.8,point
2025-12-01 06:30:00 AM,4.6,82.7,4.5,1.9,point
2025-12-01 07:00:00 AM,4.7,82.6,4.7,2.0,point
2025-12-01 07:30:00 AM,4.4,83.0,4.4,1.8,point
2025-12-01 08:00:00 AM,5.8,86.2,5.7,3.6,point
2025-12-01 08:30:00 AM,12.0,85.2,12.0,9.6,point
2025-12-01 09:00:00 AM,19.8,65.7,19.2,13.2,point
2025-12-01 09:30:00 AM,20.9,53.2,20.4,11.1,point
2025-12-01 10:00:00 AM,20.9,49.6,20.0,9.9,point
2025-12-01 10:30:00 AM,20.9,48.3,20.0,9.6,point
2025-12-01 11:00:00 AM,20.9,47.9,20.2,9.4,point
2025-12-01 11:30:00 AM,21.2,47.6,20.5,9.6,point
2025-12-01 12:00:00 PM,21.6,47.2,21.0,9.9,point
2025-12-01 12:30:00 PM,21.1,46.8,20.2,9.2,point
2025-12-01 01:00:00 PM,21.4,46.6,20.8,9.5,point
2025-12-01 01:30:00 PM,21.2,46.4,20.4,9.2,point
2025-12-01 02:00:00 PM,21.4,45.9,20.8,9.3,point
2025-12-01 02:30:00 PM,19.9,46.3,18.6,8.1,point
2025-12-01 03:00:00 PM,20.1,46.5,18.7,8.2,point
2025-12-01 03:30:00 PM,20.4,46.6,19.2,8.6,point
2025-12-01 04:00:00 PM,20.7,46.7,19.8,8.9,point
2025-12-01 04:30:00 PM,20.0,46.4,18.7,8.2,point
2025-12-01 05:00:00 PM,19.9,46.4,18.5,8.0,point
2025-12-01 05:30:00 PM,20.5,46.3,19.3,8.6,point
2025-12-01 06:00:00 PM,20.2,46.1,19.0,8.2,point
2025-12-01 06:30:00 PM,19.9,46.2,18.6,8.0,point
2025-12-01 07:00:00 PM,20.0,46.5,18.7,8.2,point
2025-12-01 07:30:00 PM,20.2,46.6,19.0,8.4,point
2025-12-01 08:00:00 PM,20.2,47.0,19.1,8.6,point
2025-12-01 08:30:00 PM,20.0,47.0,18.7,8.3,point
2025-12-01 09:00:00 PM,18.9,46.6,17.1,7.2,point
2025-12-01 09:30:00 PM,12.0,52.2,10.7,2.5,point
2025-12-01 10:00:00 PM,5.8,64.9,5.3,-0.3,point
2025-12-01 10:30:00 PM,5.3,75.0,5.1,1.3,point
2025-12-01 11:00:00 PM,4.7,79.5,4.5,1.4,point
2025-12-01 11:30:00 PM,4.4,80.5,4.3,1.4,point
2025-12-02 12:00:00 AM,4.6,82.8,4.5,1.9,point
2025-12-02 12:30:00 AM,4.5,83.0,4.5,1.9,point
2025-12-02 01:00:00 AM,4.5,83.9,4.5,2.0,point
2025-12-02 01:30:00 AM,4.3,83.5,4.2,1.7,point
2025-12-02 02:00:00 AM,4.4,83.6,4.4,1.9,point
2025-12-02 02:30:00 AM,4.4,84.3,4.4,2.0,point
2025-12-02 03:00:00 AM,4.2,84.1,4.2,1.8,point
2025-12-02 03:30:00 AM,4.4,85.1,4.3,2.1,point
2025-12-02 04:00:00 AM,4.3,84.0,4.2,1.8,point
2025-12-02 04:30:00 AM,4.4,84.8,4.3,2.0,point
2025-12-02 05:00:00 AM,4.2,85.3,4.2,2.0,point
2025-12-02 05:30:00 AM,4.4,84.9,4.3,2.1,point
2025-12-02 06:00:00 AM,4.4,85.4,4.3,2.1,point
2025-12-02 06:30:00 AM,4.2,85.2,4.1,1.9,point
2025-12-02 07:00:00 AM,4.3,85.1,4.2,2.0,point
2025-12-02 07:30:00 AM,4.3,85.5,4.3,2.1,point
2025-12-02 08:00:00 AM,5.5,89.8,5.5,4.0,point
2025-12-02 08:30:00 AM,11.8,96.9,12.2,11.3,point
2025-12-02 09:00:00 AM,18.1,81.1,18.0,14.8,point
2025-12-02 09:30:00 AM,19.2,66.7,18.6,12.9,point
2025-12-02 10:00:00 AM,19.3,61.2,18.5,11.7,point
2025-12-02 10:30:00 AM,19.6,56.8,18.7,10.8,point
2025-12-02 11:00:00 AM,19.6,53.3,18.5,9.9,point
2025-12-02 11:30:00 AM,19.7,51.5,18.4,9.4,point
2025-12-02 12:00:00 PM,19.8,50.9,18.6,9.3,point
2025-12-02 12:30:00 PM,19.7,50.1,18.5,9.1,point
2025-12-02 01:00:00 PM,19.9,49.8,18.6,9.1,point
2025-12-02 01:30:00 PM,19.8,49.8,18.5,9.0,point
2025-12-02 02:00:00 PM,20.0,49.8,18.8,9.2,point
2025-12-02 02:30:00 PM,19.6,49.6,18.2,8.8,point
2025-12-02 03:00:00 PM,19.7,49.3,18.5,8.8,point
2025-12-02 03:30:00 PM,20.1,49.7,18.9,9.3,point
2025-12-02 04:00:00 PM,19.6,49.5,18.3,8.8,point
2025-12-02 04:30:00 PM,19.6,49.3,18.3,8.7,point
2025-12-02 05:00:00 PM,19.8,49.6,18.6,9.0,point
2025-12-02 05:30:00 PM,19.7,50.1,18.5,9.1,point
2025-12-02 06:00:00 PM,19.7,50.0,18.5,9.0,point
2025-12-02 06:30:00 PM,19.9,49.8,18.6,9.1,point
2025-12-02 07:00:00 PM,19.9,49.7,18.8,9.1,point
2025-12-02 07:30:00 PM,20.1,49.8,18.9,9.3,point
2025-12-02 08:00:00 PM,19.9,49.6,18.8,9.1,point
2025-12-02 08:30:00 PM,20.0,49.6,18.9,9.2,point
2025-12-02 09:00:00 PM,18.9,48.5,17.1,7.8,point
2025-12-02 09:30:00 PM,12.1,54.2,11.0,3.1,point
2025-12-02 10:00:00 PM,5.9,65.0,5.4,-0.2,point
2025-12-02 10:30:00 PM,4.9,77.2,4.7,1.2,point
2025-12-02 11:00:00 PM,4.4,79.6,4.3,1.2,point
2025-12-02 11:30:00 PM,4.5,81.9,4.3,1.7,point
2025-12-03 12:00:00 AM,4.2,82.8,4.2,1.6,point
2025-12-03 12:30:00 AM,4.3,83.5,4.2,1.7,point
2025-12-03 01:00:00 AM,4.3,83.2,4.3,1.7,point
2025-12-03 01:30:00 AM,4.2,84.0,4.1,1.7,point
2025-12-03 02:00:00 AM,4.4,84.7,4.4,2.0,point
2025-12-03 02:30:00 AM,4.3,84.4,4.3,1.9,point
2025-12-03 03:00:00 AM,4.2,85.0,4.1,1.9,point
2025-12-03 03:30:00 AM,4.1,84.6,4.0,1.7,point
2025-12-03 04:00:00 AM,4.4,85.3,4.3,2.1,point
2025-12-03 04:30:00 AM,4.3,84.9,4.2,2.0,point
2025-12-03 05:00:00 AM,4.2,84.5,4.1,1.8,point
2025-12-03 05:30:00 AM,4.2,84.9,4.2,1.9,point
2025-12-03 06:00:00 AM,4.3,85.4,4.2,2.0,point
2025-12-03 06:30:00 AM,4.2,85.7,4.2,2.0,point
2025-12-03 07:00:00 AM,4.2,85.5,4.2,2.0,point
2025-12-03 07:30:00 AM,4.3,85.5,4.2,2.1,point
2025-12-03 08:00:00 AM,5.5,90.0,5.5,4.0,point
2025-12-03 08:30:00 AM,11.9,97.4,12.2,11.5,point
2025-12-03 09:00:00 AM,18.3,87.2,18.3,16.1,point
2025-12-03 09:30:00 AM,19.4,71.3,19.1,14.1,point
2025-12-03 10:00:00 AM,19.2,65.4,18.4,12.5,point
2025-12-03 10:30:00 AM,19.4,60.4,18.6,11.6,point
2025-12-03 11:00:00 AM,19.4,55.6,18.3,10.3,point
2025-12-03 11:30:00 AM,19.6,51.7,18.3,9.3,point
2025-12-03 12:00:00 PM,19.6,49.5,18.3,8.8,point
2025-12-03 12:30:00 PM,19.7,47.7,18.4,8.3,point
2025-12-03 01:00:00 PM,19.6,46.6,18.2,7.9,point
2025-12-03 01:30:00 PM,19.5,46.0,18.0,7.6,point
2025-12-03 02:00:00 PM,19.7,46.6,18.3,8.0,point
2025-12-03 02:30:00 PM,20.1,47.4,18.8,8.5,point
2025-12-03 03:00:00 PM,19.8,48.3,18.4,8.6,point
2025-12-03 03:30:00 PM,19.8,49.7,18.6,9.0,point
2025-12-03 04:00:00 PM,19.9,50.8,18.9,9.4,point
2025-12-03 04:30:00 PM,19.8,50.9,18.6,9.3,point
2025-12-03 05:00:00 PM,19.9,51.0,18.7,9.4,point
2025-12-03 05:30:00 PM,19.7,51.6,18.6,9.5,point
2025-12-03 06:00:00 PM,19.7,51.7,18.4,9.5,point
2025-12-03 06:30:00 PM,19.5,51.9,18.3,9.4,point
2025-12-03 07:00:00 PM,19.9,52.3,18.7,9.8,point
2025-12-03 07:30:00 PM,19.7,51.9,18.4,9.5,point
2025-12-03 08:00:00 PM,19.7,51.2,18.6,9.4,point
2025-12-03 08:30:00 PM,20.0,50.8,18.9,9.5,point
2025-12-03 09:00:00 PM,18.9,49.7,17.3,8.2,point
2025-12-03 09:30:00 PM,12.1,54.5,11.1,3.2,point
2025-12-03 10:00:00 PM,5.8,65.0,5.4,-0.2,point
2025-12-03 10:30:00 PM,4.7,77.2,4.6,1.1,point
2025-12-03 11:00:00 PM,4.6,81.2,4.5,1.7,point
2025-12-03 11:30:00 PM,4.5,82.3,4.3,1.7,point
2025-12-04 12:00:00 AM,4.4,82.2,4.2,1.6,point
2025-12-04 12:30:00 AM,4.3,82.9,4.3,1.7,point
2025-12-04 01:00:00 AM,4.4,83.6,4.4,1.9,point
2025-12-04 01:30:00 AM,4.4,84.7,4.4,2.1,point
2025-12-04 02:00:00 AM,4.3,84.6,4.2,1.9,point
2025-12-04 02:30:00 AM,4.3,84.8,4.3,2.0,point
2025-12-04 03:00:00 AM,4.3,84.5,4.2,1.9,point
2025-12-04 03:30:00 AM,4.4,85.6,4.3,2.2,point
2025-12-04 04:00:00 AM,4.2,85.1,4.2,1.9,point
2025-12-04 04:30:00 AM,4.2,85.0,4.1,1.9,point
2025-12-04 05:00:00 AM,4.2,85.6,4.2,2.0,point
2025-12-04 05:30:00 AM,4.2,85.8,4.2,2.0,point
2025-12-04 06:00:00 AM,4.4,85.8,4.4,2.2,point
2025-12-04 06:30:00 AM,4.3,85.9,4.3,2.1,point
2025-12-04 07:00:00 AM,4.2,86.0,4.2,2.1,point
2025-12-04 07:30:00 AM,4.3,86.0,4.3,2.2,point
2025-12-04 08:00:00 AM,5.6,89.9,5.5,4.0,point
2025-12-04 08:30:00 AM,11.1,93.6,11.3,10.1,point
2025-12-04 09:00:00 AM,18.1,84.0,18.1,15.4,point
2025-12-04 09:30:00 AM,19.1,67.7,18.5,13.0,point
2025-12-04 10:00:00 AM,19.5,61.3,18.7,11.9,point
2025-12-04 10:30:00 AM,19.6,56.2,18.6,10.6,point
2025-12-04 11:00:00 AM,19.6,52.8,18.5,9.7,point
2025-12-04 11:30:00 AM,20.0,51.0,19.0,9.6,point
2025-12-04 12:00:00 PM,19.7,49.7,18.3,8.9,point
2025-12-04 12:30:00 PM,19.9,48.9,18.6,8.8,point
2025-12-04 01:00:00 PM,20.0,48.4,18.8,8.8,point
2025-12-04 01:30:00 PM,19.4,46.9,17.9,7.8,point
2025-12-04 02:00:00 PM,19.8,46.0,18.3,7.8,point
2025-12-04 02:30:00 PM,19.7,45.2,18.2,7.5,point
2025-12-04 03:00:00 PM,19.8,45.4,18.3,7.6,point
2025-12-04 03:30:00 PM,19.8,44.9,18.2,7.5,point
2025-12-04 04:00:00 PM,19.3,44.3,17.6,6.9,point
2025-12-04 04:30:00 PM,19.7,44.3,18.1,7.2,point
2025-12-04 05:00:00 PM,19.8,44.2,18.2,7.3,point
2025-12-04 05:30:00 PM,19.7,43.7,18.1,7.0,point
2025-12-04 06:00:00 PM,19.7,43.4,18.1,6.9,point
2025-12-04 06:30:00 PM,19.8,42.5,18.1,6.7,point
2025-12-04 07:00:00 PM,19.9,42.7,18.4,6.9,point
2025-12-04 07:30:00 PM,19.6,42.2,18.0,6.4,point
2025-12-04 08:00:00 PM,19.9,42.0,18.3,6.6,point
2025-12-04 08:30:00 PM,19.5,41.6,17.8,6.1,point
2025-12-04 09:00:00 PM,18.6,40.8,16.4,5.0,point
2025-12-04 09:30:00 PM,12.0,46.3,10.6,0.8,point
2025-12-04 10:00:00 PM,5.8,57.5,5.2,-1.9,point
2025-12-04 10:30:00 PM,4.8,68.6,4.4,-0.5,point
2025-12-04 11:00:00 PM,4.5,72.2,4.3,-0.0,point
2025-12-04 11:30:00 PM,4.5,74.1,4.2,0.3,point
2025-12-05 12:00:00 AM,4.5,75.5,4.4,0.6,point
2025-12-05 12:30:00 AM,4.3,76.0,4.2,0.5,point
2025-12-05 01:00:00 AM,4.0,76.4,3.9,0.2,point
2025-12-05 01:30:00 AM,4.4,77.6,4.3,0.8,point
2025-12-05 02:00:00 AM,4.3,78.0,4.2,0.8,point
2025-12-05 02:30:00 AM,4.2,78.2,4.0,0.7,point
2025-12-05 03:00:00 AM,4.2,78.6,4.0,0.8,point
2025-12-05 03:30:00 AM,4.1,78.6,4.0,0.7,point
2025-12-05 04:00:00 AM,4.2,79.1,4.0,0.9,point
2025-12-05 04:30:00 AM,4.2,79.9,4.1,1.1,point
2025-12-05 05:00:00 AM,4.4,80.0,4.2,1.2,point
2025-12-05 05:30:00 AM,4.3,80.1,4.1,1.2,point
2025-12-05 06:00:00 AM,4.2,79.8,4.1,1.0,point
2025-12-05 06:30:00 AM,4.3,80.2,4.2,1.2,point
2025-12-05 07:00:00 AM,4.2,79.8,4.0,1.0,point
2025-12-05 07:30:00 AM,4.4,80.6,4.3,1.4,point
2025-12-05 08:00:00 AM,5.3,82.6,5.3,2.6,point
2025-12-05 08:30:00 AM,11.5,77.8,11.3,7.8,point
2025-12-05 09:00:00 AM,18.1,60.0,16.7,10.2,point
2025-12-05 09:30:00 AM,19.2,48.4,17.5,8.1,point
2025-12-05 10:00:00 AM,19.3,45.9,17.7,7.4,point
2025-12-05 10:30:00 AM,19.8,45.5,18.3,7.7,point
2025-12-05 11:00:00 AM,19.6,45.0,18.1,7.4,point
2025-12-05 11:30:00 AM,19.9,45.0,18.4,7.6,point
2025-12-05 12:00:00 PM,19.4,44.5,17.8,7.1,point
2025-12-05 12:30:00 PM,19.8,44.6,18.4,7.4,point
2025-12-05 01:00:00 PM,19.9,44.8,18.5,7.6,point
2025-12-05 01:30:00 PM,20.2,45.0,18.9,7.9,point
2025-12-05 02:00:00 PM,19.9,45.2,18.5,7.7,point
2025-12-05 02:30:00 PM,19.8,45.0,18.3,7.5,point
2025-12-05 03:00:00 PM,19.8,45.2,18.3,7.6,point
2025-12-05 03:30:00 PM,20.0,45.4,18.6,7.8,point
2025-12-05 04:00:00 PM,19.8,45.3,18.5,7.7,point
2025-12-05 04:30:00 PM,19.6,45.2,18.2,7.5,point
2025-12-05 05:00:00 PM,19.2,43.5,17.3,6.5,point
2025-12-05 05:30:00 PM,20.2,47.5,19.0,8.7,point
2025-12-05 06:00:00 PM,19.9,66.2,19.6,13.4,point
2025-12-05 06:30:00 PM,19.7,68.2,19.3,13.7,point
2025-12-05 07:00:00 PM,20.1,66.3,19.7,13.6,point
2025-12-05 07:30:00 PM,20.1,59.3,19.3,11.9,point
2025-12-05 08:00:00 PM,20.2,52.6,19.2,10.2,point
2025-12-05 08:30:00 PM,20.0,48.3,18.8,8.8,point
2025-12-05 09:00:00 PM,19.1,46.0,17.4,7.2,point
2025-12-05 09:30:00 PM,12.2,49.9,10.9,2.1,point
2025-12-05 10:00:00 PM,5.8,60.1,5.4,-1.3,point
2025-12-05 10:30:00 PM,4.6,71.4,4.4,-0.1,point
2025-12-05 11:00:00 PM,4.3,74.8,4.1,0.2,point
2025-12-05 11:30:00 PM,4.2,76.2,4.0,0.4,point
2025-12-06 12:00:00 AM,4.3,77.1,4.1,0.6,point
2025-12-06 12:30:00 AM,4.3,77.7,4.2,0.8,point
2025-12-06 01:00:00 AM,4.2,77.9,4.1,0.7,point
2025-12-06 01:30:00 AM,4.2,78.6,4.1,0.8,point
2025-12-06 02:00:00 AM,3.9,78.6,3.8,0.5,point
2025-12-06 02:30:00 AM,4.2,79.2,4.1,0.9,point
2025-12-06 03:00:00 AM,4.2,79.8,4.1,1.1,point
2025-12-06 03:30:00 AM,4.2,79.8,4.0,1.0,point
2025-12-06 04:00:00 AM,4.1,79.9,4.0,1.0,point
2025-12-06 04:30:00 AM,4.2,79.8,4.0,1.0,point
2025-12-06 05:00:00 AM,4.2,80.0,4.1,1.1,point
2025-12-06 05:30:00 AM,4.1,80.1,4.0,1.0,point
2025-12-06 06:00:00 AM,4.0,80.0,3.9,0.9,point
2025-12-06 06:30:00 AM,4.0,79.7,3.8,0.8,point
2025-12-06 07:00:00 AM,4.3,80.1,4.1,1.1,point
2025-12-06 07:30:00 AM,4.2,79.6,4.0,0.9,point
2025-12-06 08:00:00 AM,5.1,81.8,4.9,2.2,point
2025-12-06 08:30:00 AM,11.4,77.9,11.1,7.7,point
2025-12-06 09:00:00 AM,18.4,60.7,17.2,10.7,point
2025-12-06 09:30:00 AM,19.4,48.1,17.8,8.1,point
2025-12-06 10:00:00 AM,20.1,45.5,18.9,8.0,point
2025-12-06 10:30:00 AM,19.9,44.6,18.4,7.5,point
2025-12-06 11:00:00 AM,19.8,44.9,18.2,7.5,point
2025-12-06 11:30:00 AM,20.1,44.5,18.8,7.7,point
2025-12-06 12:00:00 PM,19.8,44.1,18.4,7.2,point
2025-12-06 12:30:00 PM,20.0,44.0,18.5,7.4,point
2025-12-06 01:00:00 PM,20.1,43.8,18.8,7.4,point
2025-12-06 01:30:00 PM,20.2,43.3,18.8,7.3,point
2025-12-06 02:00:00 PM,20.1,43.4,18.6,7.2,point
2025-12-06 02:30:00 PM,20.0,42.8,18.5,7.0,point
2025-12-06 03:00:00 PM,20.2,42.9,18.9,7.2,point
2025-12-06 03:30:00 PM,20.3,43.0,18.9,7.3,point
2025-12-06 04:00:00 PM,20.2,42.6,18.8,7.1,point
2025-12-06 04:30:00 PM,20.2,42.1,18.8,6.9,point
2025-12-06 05:00:00 PM,20.2,41.1,18.8,6.6,point
2025-12-06 05:30:00 PM,20.2,40.9,18.8,6.5,point
2025-12-06 06:00:00 PM,20.2,40.6,18.6,6.4,point
2025-12-06 06:30:00 PM,20.2,40.6,18.6,6.4,point
2025-12-06 07:00:00 PM,20.2,40.7,18.7,6.4,point
2025-12-06 07:30:00 PM,20.2,40.6,18.7,6.4,point
2025-12-06 08:00:00 PM,20.3,40.5,18.9,6.5,point
2025-12-06 08:30:00 PM,20.3,40.4,18.9,6.4,point
2025-12-06 09:00:00 PM,19.4,40.1,17.4,5.5,point
2025-12-06 09:30:00 PM,12.7,46.0,11.2,1.4,point
2025-12-06 10:00:00 PM,5.8,57.1,5.2,-2.1,point
2025-12-06 10:30:00 PM,4.7,69.6,4.5,-0.3,point
2025-12-06 11:00:00 PM,4.4,73.2,4.2,0.0,point
2025-12-06 11:30:00 PM,4.2,74.6,4.0,0.1,point
2025-12-07 12:00:00 AM,4.3,76.4,4.2,0.6,point
2025-12-07 12:30:00 AM,4.2,77.3,4.0,0.6,point
2025-12-07 01:00:00 AM,4.4,78.3,4.2,0.9,point
2025-12-07 01:30:00 AM,4.0,78.1,3.8,0.5,point
2025-12-07 02:00:00 AM,4.2,79.0,4.0,0.8,point
2025-12-07 02:30:00 AM,4.2,78.8,4.0,0.8,point
2025-12-07 03:00:00 AM,4.2,79.4,4.0,0.9,point
2025-12-07 03:30:00 AM,4.3,79.9,4.2,1.2,point
2025-12-07 04:00:00 AM,4.2,79.6,4.1,1.0,point
2025-12-07 04:30:00 AM,4.3,79.2,4.1,1.0,point
2025-12-07 05:00:00 AM,4.4,79.8,4.3,1.3,point
2025-12-07 05:30:00 AM,4.3,80.0,4.1,1.1,point
2025-12-07 06:00:00 AM,4.3,79.9,4.1,1.1,point
2025-12-07 06:30:00 AM,4.2,79.9,4.0,1.0,point
2025-12-07 07:00:00 AM,4.3,79.9,4.2,1.1,point
2025-12-07 07:30:00 AM,4.2,80.0,4.1,1.1,point
2025-12-07 08:00:00 AM,5.2,81.5,5.1,2.3,point
2025-12-07 08:30:00 AM,11.5,77.4,11.3,7.7,point
2025-12-07 09:00:00 AM,18.3,58.8,17.0,10.1,point
2025-12-07 09:30:00 AM,20.1,45.9,18.7,8.1,point
2025-12-07 10:00:00 AM,20.3,43.3,19.1,7.4,point
2025-12-07 10:30:00 AM,20.2,42.3,18.7,7.0,point
2025-12-07 11:00:00 AM,20.1,41.9,18.5,6.7,point
2025-12-07 11:30:00 AM,20.3,40.6,18.7,6.5,point
2025-12-07 12:00:00 PM,20.0,39.7,18.3,5.9,point
2025-12-07 12:30:00 PM,20.2,39.7,18.6,6.1,point
2025-12-07 01:00:00 PM,20.1,40.0,18.6,6.1,point
2025-12-07 01:30:00 PM,20.0,39.6,18.3,5.8,point
2025-12-07 02:00:00 PM,20.4,38.9,19.0,6.0,point
2025-12-07 02:30:00 PM,20.4,38.8,18.9,5.9,point
2025-12-07 03:00:00 PM,20.1,39.2,18.4,5.8,point
2025-12-07 03:30:00 PM,20.2,39.5,18.7,6.0,point
2025-12-07 04:00:00 PM,20.2,39.4,18.7,6.0,point
2025-12-07 04:30:00 PM,20.3,39.5,18.9,6.1,point
2025-12-07 05:00:00 PM,20.1,39.5,18.6,6.0,point
2025-12-07 05:30:00 PM,20.4,40.0,18.9,6.3,point
2025-12-07 06:00:00 PM,20.1,39.9,18.6,6.1,point
2025-12-07 06:30:00 PM,20.6,40.4,19.2,6.7,point
2025-12-07 07:00:00 PM,20.2,40.7,18.7,6.5,point
2025-12-07 07:30:00 PM,20.0,40.9,18.5,6.4,point
2025-12-07 08:00:00 PM,19.9,40.8,18.4,6.3,point
2025-12-07 08:30:00 PM,20.3,40.8,19.0,6.6,point
2025-12-07 09:00:00 PM,19.3,40.5,17.3,5.5,point
2025-12-07 09:30:00 PM,12.5,46.3,11.0,1.3,point
2025-12-07 10:00:00 PM,5.9,58.0,5.4,-1.7,point
2025-12-07 10:30:00 PM,4.6,70.2,4.4,-0.3,point
2025-12-07 11:00:00 PM,4.5,73.6,4.2,0.2,point
2025-12-07 11:30:00 PM,4.3,75.2,4.1,0.3,point
2025-12-08 12:00:00 AM,4.3,76.5,4.2,0.6,point
2025-12-08 12:30:00 AM,4.1,76.6,4.0,0.4,point
2025-12-08 01:00:00 AM,4.3,77.8,4.2,0.8,point
2025-12-08 01:30:00 AM,4.3,77.6,4.1,0.7,point
2025-12-08 02:00:00 AM,4.3,78.3,4.1,0.8,point
2025-12-08 02:30:00 AM,4.3,78.4,4.1,0.8,point
2025-12-08 03:00:00 AM,4.2,78.2,4.1,0.8,point
2025-12-08 03:30:00 AM,4.4,78.6,4.3,1.0,point
2025-12-08 04:00:00 AM,4.3,78.1,4.2,0.8,point
2025-12-08 04:30:00 AM,4.3,78.0,4.1,0.8,point
2025-12-08 05:00:00 AM,4.4,77.7,4.2,0.8,point
2025-12-08 05:30:00 AM,4.1,77.5,4.0,0.6,point
2025-12-08 06:00:00 AM,4.2,77.0,4.0,0.5,point
2025-12-08 06:30:00 AM,4.2,76.6,4.1,0.5,point
2025-12-08 07:00:00 AM,4.4,76.5,4.3,0.7,point
2025-12-08 07:30:00 AM,4.4,76.3,4.2,0.6,point
2025-12-08 08:00:00 AM,5.2,77.6,5.0,1.6,point
2025-12-08 08:30:00 AM,11.3,72.2,10.9,6.5,point
2025-12-08 09:00:00 AM,18.3,54.6,16.7,9.0,point
2025-12-08 09:30:00 AM,20.1,42.9,18.8,7.1,point
2025-12-08 10:00:00 AM,19.9,40.8,18.3,6.2,point
2025-12-08 10:30:00 AM,20.3,40.2,18.9,6.4,point
2025-12-08 11:00:00 AM,20.4,40.4,18.9,6.5,point
2025-12-08 11:30:00 AM,20.3,39.5,18.7,6.1,point
2025-12-08 12:00:00 PM,20.0,39.6,18.3,5.8,point
2025-12-08 12:30:00 PM,20.4,39.8,18.9,6.3,point
2025-12-08 01:00:00 PM,20.1,39.2,18.4,5.8,point
2025-12-08 01:30:00 PM,20.1,37.7,18.5,5.2,point
2025-12-08 02:00:00 PM,19.9,37.5,18.2,5.0,point
2025-12-08 02:30:00 PM,20.6,37.6,19.1,5.7,point
2025-12-08 03:00:00 PM,20.1,37.4,18.3,5.1,point
2025-12-08 03:30:00 PM,20.1,37.5,18.3,5.1,point
2025-12-08 04:00:00 PM,19.7,37.6,17.8,4.8,point
2025-12-08 04:30:00 PM,19.7,37.7,17.8,4.9,point
2025-12-08 05:00:00 PM,19.7,38.9,18.0,5.3,point
2025-12-08 05:30:00 PM,19.9,39.0,18.3,5.5,point
2025-12-08 06:00:00 PM,19.6,39.1,17.9,5.3,point
2025-12-08 06:30:00 PM,20.0,39.6,18.3,5.8,point
2025-12-08 07:00:00 PM,19.9,40.2,18.2,6.0,point
2025-12-08 07:30:00 PM,19.6,40.4,17.9,5.8,point
2025-12-08 08:00:00 PM,19.7,41.1,18.1,6.2,point
2025-12-08 08:30:00 PM,19.5,40.6,17.7,5.8,point
2025-12-08 09:00:00 PM,18.8,40.4,16.7,5.1,point
2025-12-08 09:30:00 PM,12.3,46.4,10.9,1.2,point
2025-12-08 10:00:00 PM,5.9,56.6,5.4,-2.0,point
2025-12-08 10:30:00 PM,4.6,69.7,4.3,-0.5,point
2025-12-08 11:00:00 PM,4.7,73.5,4.5,0.4,point
2025-12-08 11:30:00 PM,4.4,74.8,4.2,0.4,point
2025-12-09 12:00:00 AM,4.3,76.0,4.2,0.5,point
2025-12-09 12:30:00 AM,4.4,76.8,4.3,0.7,point
2025-12-09 01:00:00 AM,4.4,77.1,4.2,0.7,point
2025-12-09 01:30:00 AM,4.3,77.2,4.2,0.7,point
2025-12-09 02:00:00 AM,4.4,78.3,4.3,1.0,point
2025-12-09 02:30:00 AM,4.4,78.1,4.2,0.9,point
2025-12-09 03:00:00 AM,4.4,78.3,4.2,0.9,point
2025-12-09 03:30:00 AM,4.4,78.2,4.2,0.9,point
2025-12-09 04:00:00 AM,4.2,77.9,4.0,0.7,point
2025-12-09 04:30:00 AM,4.4,78.4,4.2,0.9,point
2025-12-09 05:00:00 AM,4.4,78.1,4.2,0.9,point
2025-12-09 05:30:00 AM,4.4,77.9,4.2,0.9,point
2025-12-09 06:00:00 AM,4.3,77.5,4.2,0.7,point
2025-12-09 06:30:00 AM,4.3,77.4,4.1,0.7,point
2025-12-09 07:00:00 AM,4.2,76.9,4.0,0.5,point
2025-12-09 07:30:00 AM,4.3,77.3,4.1,0.7,point
2025-12-09 08:00:00 AM,5.0,78.8,4.9,1.6,point
2025-12-09 08:30:00 AM,11.5,74.1,11.1,7.0,point
2025-12-09 09:00:00 AM,18.5,56.1,17.0,9.6,point
2025-12-09 09:30:00 AM,19.8,43.4,18.4,7.0,point
2025-12-09 10:00:00 AM,20.5,41.2,19.3,6.9,point
2025-12-09 10:30:00 AM,20.2,40.3,18.7,6.3,point
2025-12-09 11:00:00 AM,20.3,40.1,18.7,6.3,point
2025-12-09 11:30:00 AM,20.2,40.0,18.7,6.2,point
2025-12-09 12:00:00 PM,20.6,40.1,19.3,6.6,point
2025-12-09 12:30:00 PM,20.4,39.8,18.9,6.3,point
2025-12-09 01:00:00 PM,20.3,39.0,18.9,5.9,point
2025-12-09 01:30:00 PM,20.5,37.3,18.9,5.4,point
2025-12-09 02:00:00 PM,20.7,37.5,19.4,5.7,point
2025-12-09 02:30:00 PM,20.4,37.4,18.8,5.3,point
2025-12-09 03:00:00 PM,20.7,37.0,19.4,5.5,point
2025-12-09 03:30:00 PM,20.4,37.0,18.9,5.3,point
2025-12-09 04:00:00 PM,20.7,37.1,19.2,5.5,point
2025-12-09 04:30:00 PM,20.4,37.1,18.9,5.3,point
2025-12-09 05:00:00 PM,20.8,37.2,19.4,5.6,point
2025-12-09 05:30:00 PM,20.9,37.8,19.7,6.0,point
2025-12-09 06:00:00 PM,20.2,37.6,18.6,5.3,point
2025-12-09 06:30:00 PM,20.5,38.0,19.1,5.7,point
2025-12-09 07:00:00 PM,20.2,37.9,18.6,5.4,point
2025-12-09 07:30:00 PM,20.5,37.9,19.1,5.7,point
2025-12-09 08:00:00 PM,20.5,37.9,19.1,5.7,point
2025-12-09 08:30:00 PM,20.5,37.7,19.1,5.6,point
2025-12-09 09:00:00 PM,19.6,37.6,17.8,4.8,point
2025-12-09 09:30:00 PM,13.1,42.6,11.4,0.6,point
2025-12-09 10:00:00 PM,6.1,53.5,5.4,-2.6,point
2025-12-09 10:30:00 PM,4.8,66.7,4.4,-0.9,point
2025-12-09 11:00:00 PM,4.5,69.9,4.3,-0.5,point
2025-12-09 11:30:00 PM,4.3,71.6,4.1,-0.3,point
2025-12-10 12:00:00 AM,4.2,72.9,4.0,-0.2,point
2025-12-10 12:30:00 AM,4.3,73.9,4.1,0.1,point
2025-12-10 01:00:00 AM,4.4,74.1,4.1,0.1,point
2025-12-10 01:30:00 AM,4.4,74.2,4.1,0.2,point
2025-12-10 02:00:00 AM,4.3,74.6,4.1,0.2,point
2025-12-10 02:30:00 AM,4.4,74.7,4.1,0.3,point
2025-12-10 03:00:00 AM,4.3,74.3,4.0,0.1,point
2025-12-10 03:30:00 AM,4.3,73.8,4.0,0.0,point
2025-12-10 04:00:00 AM,4.2,73.5,4.0,-0.1,point
2025-12-10 04:30:00 AM,4.3,73.1,4.1,-0.1,point
2025-12-10 05:00:00 AM,4.3,72.9,4.1,-0.1,point
2025-12-10 05:30:00 AM,4.3,72.4,4.1,-0.2,point
2025-12-10 06:00:00 AM,4.2,72.2,3.9,-0.4,point
2025-12-10 06:30:00 AM,4.3,72.2,4.0,-0.3,point
2025-12-10 07:00:00 AM,4.2,72.2,4.0,-0.3,point
2025-12-10 07:30:00 AM,4.3,72.5,4.1,-0.1,point
2025-12-10 08:00:00 AM,5.2,73.8,5.0,0.9,point
2025-12-10 08:30:00 AM,11.4,67.8,10.8,5.7,point
2025-12-10 09:00:00 AM,18.1,50.9,16.4,7.8,point
2025-12-10 09:30:00 AM,19.7,40.1,18.0,5.8,point
2025-12-10 10:00:00 AM,20.0,38.3,18.2,5.3,point
2025-12-10 10:30:00 AM,20.4,37.7,18.8,5.5,point
2025-12-10 11:00:00 AM,20.3,37.5,18.8,5.4,point
2025-12-10 11:30:00 AM,20.4,37.2,18.8,5.3,point
2025-12-10 12:00:00 PM,20.6,37.2,19.1,5.4,point
2025-12-10 12:30:00 PM,20.5,37.0,19.1,5.4,point
2025-12-10 01:00:00 PM,20.5,36.7,19.1,5.2,point
2025-12-10 01:30:00 PM,20.4,36.1,18.8,4.9,point
2025-12-10 02:00:00 PM,20.3,35.9,18.7,4.7,point
2025-12-10 02:30:00 PM,20.1,35.8,18.4,4.5,point
2025-12-10 03:00:00 PM,20.3,35.5,18.7,4.6,point
2025-12-10 03:30:00 PM,20.1,35.3,18.4,4.3,point
2025-12-10 04:00:00 PM,20.5,35.1,19.0,4.6,point
2025-12-10 04:30:00 PM,20.5,35.0,19.0,4.5,point
2025-12-10 05:00:00 PM,20.5,35.1,18.8,4.6,point
2025-12-10 05:30:00 PM,20.5,35.5,19.0,4.7,point
2025-12-10 06:00:00 PM,20.5,35.6,19.0,4.8,point
2025-12-10 06:30:00 PM,20.4,35.9,18.8,4.8,point
2025-12-10 07:00:00 PM,20.5,36.4,19.0,5.1,point
2025-12-10 07:30:00 PM,20.4,37.0,18.9,5.3,point
2025-12-10 08:00:00 PM,20.3,37.4,18.8,5.3,point
2025-12-10 08:30:00 PM,20.6,37.7,19.2,5.7,point
2025-12-10 09:00:00 PM,20.2,37.8,18.5,5.3,point
2025-12-10 09:30:00 PM,13.1,40.2,11.4,-0.1,point
2025-12-10 10:00:00 PM,6.3,53.0,5.7,-2.5,point
2025-12-10 10:30:00 PM,4.7,66.5,4.3,-1.0,point
2025-12-10 11:00:00 PM,4.6,70.0,4.3,-0.4,point
2025-12-10 11:30:00 PM,4.4,72.3,4.2,-0.1,point
2025-12-11 12:00:00 AM,4.4,73.9,4.1,0.1,point
2025-12-11 12:30:00 AM,4.4,74.7,4.1,0.3,point
2025-12-11 01:00:00 AM,4.5,75.4,4.3,0.5,point
2025-12-11 01:30:00 AM,4.3,75.2,4.1,0.3,point
2025-12-11 02:00:00 AM,4.5,75.6,4.3,0.5,point
2025-12-11 02:30:00 AM,4.5,75.9,4.3,0.6,point
2025-12-11 03:00:00 AM,4.4,75.3,4.2,0.4,point
2025-12-11 03:30:00 AM,4.4,75.4,4.3,0.4,point
2025-12-11 04:00:00 AM,4.4,74.9,4.1,0.3,point
2025-12-11 04:30:00 AM,4.4,75.1,4.3,0.4,point
2025-12-11 05:00:00 AM,4.5,74.9,4.3,0.5,point
2025-12-11 05:30:00 AM,4.2,74.5,4.0,0.1,point
2025-12-11 06:00:00 AM,4.4,74.3,4.1,0.2,point
2025-12-11 06:30:00 AM,4.4,73.9,4.2,0.2,point
2025-12-11 07:00:00 AM,4.2,73.5,4.0,-0.1,point
2025-12-11 07:30:00 AM,4.3,73.5,4.1,0.0,point
2025-12-11 08:00:00 AM,5.2,74.8,4.9,1.0,point
2025-12-11 08:30:00 AM,11.5,69.3,10.9,6.0,point
2025-12-11 09:00:00 AM,18.1,52.0,16.4,8.1,point
2025-12-11 09:30:00 AM,20.1,40.5,18.4,6.2,point
2025-12-11 10:00:00 AM,20.2,38.8,18.6,5.7,point
2025-12-11 10:30:00 AM,20.2,38.4,18.5,5.6,point
2025-12-11 11:00:00 AM,20.2,38.5,18.6,5.7,point
2025-12-11 11:30:00 AM,20.5,38.6,19.1,6.0,point
2025-12-11 12:00:00 PM,20.3,38.6,18.9,5.8,point
2025-12-11 12:30:00 PM,20.3,38.9,18.9,5.9,point
2025-12-11 01:00:00 PM,20.6,39.0,19.2,6.2,point
2025-12-11 01:30:00 PM,20.6,38.6,19.2,6.0,point
2025-12-11 02:00:00 PM,20.2,37.8,18.5,5.3,point
2025-12-11 02:30:00 PM,20.6,37.7,19.2,5.7,point
2025-12-11 03:00:00 PM,20.6,37.1,19.2,5.5,point
2025-12-11 03:30:00 PM,20.5,36.7,19.1,5.3,point
2025-12-11 04:00:00 PM,20.3,36.7,18.6,5.0,point
2025-12-11 04:30:00 PM,20.4,36.9,18.9,5.2,point
2025-12-11 05:00:00 PM,20.4,37.0,18.8,5.2,point
2025-12-11 05:30:00 PM,20.5,37.3,19.1,5.5,point
2025-12-11 06:00:00 PM,20.5,37.5,19.1,5.5,point
2025-12-11 06:30:00 PM,20.3,37.8,18.6,5.4,point
2025-12-11 07:00:00 PM,20.7,37.9,19.4,5.8,point
2025-12-11 07:30:00 PM,20.4,38.2,18.8,5.7,point
2025-12-11 08:00:00 PM,20.4,38.4,18.8,5.7,point
2025-12-11 08:30:00 PM,20.4,38.6,19.0,5.9,point
2025-12-11 09:00:00 PM,20.0,38.7,18.4,5.5,point
2025-12-11 09:30:00 PM,13.8,44.5,12.2,1.9,point
2025-12-11 10:00:00 PM,6.1,54.9,5.5,-2.3,point
2025-12-11 10:30:00 PM,4.8,68.8,4.4,-0.4,point
2025-12-11 11:00:00 PM,4.6,72.5,4.4,0.1,point
2025-12-11 11:30:00 PM,4.4,74.5,4.2,0.3,point
2025-12-12 12:00:00 AM,4.4,75.6,4.2,0.4,point
2025-12-12 12:30:00 AM,4.4,76.6,4.2,0.6,point
2025-12-12 01:00:00 AM,4.3,77.1,4.2,0.7,point
2025-12-12 01:30:00 AM,4.5,77.6,4.3,0.9,point
2025-12-12 02:00:00 AM,4.4,78.0,4.2,0.9,point
2025-12-12 02:30:00 AM,4.4,78.0,4.2,0.9,point
2025-12-12 03:00:00 AM,4.3,77.5,4.2,0.7,point
2025-12-12 03:30:00 AM,4.4,78.0,4.2,0.9,point
2025-12-12 04:00:00 AM,4.3,78.0,4.2,0.8,point
2025-12-12 04:30:00 AM,4.5,78.2,4.3,1.0,point
2025-12-12 05:00:00 AM,4.5,78.6,4.3,1.1,point
2025-12-12 05:30:00 AM,4.4,78.0,4.2,0.9,point
2025-12-12 06:00:00 AM,4.4,78.2,4.2,0.9,point
2025-12-12 06:30:00 AM,4.4,78.1,4.3,0.9,point
2025-12-12 07:00:00 AM,4.3,77.7,4.2,0.8,point
2025-12-12 07:30:00 AM,4.5,78.5,4.4,1.1,point
2025-12-12 08:00:00 AM,5.0,79.6,4.8,1.7,point
2025-12-12 08:30:00 AM,11.4,75.4,11.0,7.2,point
2025-12-12 09:00:00 AM,18.4,57.9,16.9,10.0,point
2025-12-12 09:30:00 AM,20.0,44.0,18.5,7.4,point
2025-12-12 10:00:00 AM,19.9,41.3,18.4,6.4,point
2025-12-12 10:30:00 AM,20.4,40.8,19.0,6.6,point
2025-12-12 11:00:00 AM,20.3,40.7,18.7,6.5,point
2025-12-12 11:30:00 AM,20.2,40.7,18.7,6.5,point
2025-12-12 12:00:00 PM,20.2,41.0,18.7,6.5,point
2025-12-12 12:30:00 PM,20.3,41.1,19.0,6.7,point
2025-12-12 01:00:00 PM,20.5,41.4,19.3,7.0,point
2025-12-12 01:30:00 PM,20.3,41.2,18.8,6.7,point
2025-12-12 02:00:00 PM,20.5,41.0,19.3,6.8,point
2025-12-12 02:30:00 PM,20.2,40.0,18.6,6.2,point
2025-12-12 03:00:00 PM,20.9,65.6,20.8,14.3,point
2025-12-12 03:30:00 PM,21.0,70.5,21.2,15.4,point
2025-12-12 04:00:00 PM,20.7,71.3,20.6,15.3,point
2025-12-12 04:30:00 PM,21.2,69.6,21.4,15.4,point
2025-12-12 05:00:00 PM,22.3,66.8,22.6,15.9,point
2025-12-12 05:30:00 PM,22.1,62.4,22.1,14.6,point
2025-12-12 06:00:00 PM,21.8,58.3,21.6,13.2,point
2025-12-12 06:30:00 PM,21.9,54.5,21.5,12.3,point
2025-12-12 07:00:00 PM,22.0,50.3,21.6,11.2,point
2025-12-12 07:30:00 PM,22.6,47.4,21.9,10.9,point
2025-12-12 08:00:00 PM,21.7,45.9,21.0,9.6,point
2025-12-12 08:30:00 PM,22.2,45.2,21.5,9.8,point
2025-12-12 09:00:00 PM,21.3,43.8,20.4,8.5,point
2025-12-12 09:30:00 PM,14.8,45.6,13.0,3.1,point
2025-12-12 10:00:00 PM,6.9,58.1,6.2,-0.8,point
2025-12-12 10:30:00 PM,5.2,72.5,4.9,0.6,point
2025-12-12 11:00:00 PM,4.9,75.5,4.7,0.9,point
2025-12-12 11:30:00 PM,4.8,77.4,4.6,1.2,point
2025-12-13 12:00:00 AM,4.9,78.9,4.8,1.6,point
2025-12-13 12:30:00 AM,5.0,79.8,4.8,1.8,point
2025-12-13 01:00:00 AM,4.9,80.3,4.8,1.8,point
2025-12-13 01:30:00 AM,4.8,80.0,4.6,1.6,point
2025-12-13 02:00:00 AM,4.9,80.9,4.7,1.9,point
2025-12-13 02:30:00 AM,4.8,81.2,4.7,1.9,point
2025-12-13 03:00:00 AM,4.7,81.6,4.6,1.9,point
2025-12-13 03:30:00 AM,4.7,81.6,4.6,1.8,point
2025-12-13 04:00:00 AM,4.6,81.1,4.4,1.6,point
2025-12-13 04:30:00 AM,4.7,81.8,4.5,1.8,point
2025-12-13 05:00:00 AM,4.7,81.6,4.5,1.8,point
2025-12-13 05:30:00 AM,4.7,81.1,4.5,1.7,point
2025-12-13 06:00:00 AM,4.6,81.3,4.5,1.7,point
2025-12-13 06:30:00 AM,4.8,81.7,4.6,1.9,point
2025-12-13 07:00:00 AM,4.7,81.4,4.6,1.8,point
2025-12-13 07:30:00 AM,4.8,81.1,4.6,1.8,point
2025-12-13 08:00:00 AM,5.2,83.1,5.2,2.6,point
2025-12-13 08:30:00 AM,11.0,83.2,11.0,8.3,point
2025-12-13 09:00:00 AM,18.5,66.5,17.6,12.1,point
2025-12-13 09:30:00 AM,22.0,47.3,21.4,10.3,point
2025-12-13 10:00:00 AM,22.8,43.4,21.9,9.7,point
2025-12-13 10:30:00 AM,22.8,42.0,21.9,9.3,point
2025-12-13 11:00:00 AM,22.3,41.6,21.4,8.6,point
2025-12-13 11:30:00 AM,23.2,41.2,22.1,9.3,point
2025-12-13 12:00:00 PM,22.8,41.2,21.8,8.9,point
2025-12-13 12:30:00 PM,22.9,41.0,21.9,9.0,point
2025-12-13 01:00:00 PM,22.5,40.8,21.5,8.6,point
2025-12-13 01:30:00 PM,22.6,40.7,21.5,8.6,point
2025-12-13 02:00:00 PM,22.9,40.8,21.9,8.9,point
2025-12-13 02:30:00 PM,22.2,40.6,21.3,8.2,point
2025-12-13 03:00:00 PM,22.5,40.4,21.5,8.4,point
2025-12-13 03:30:00 PM,22.5,40.1,21.5,8.3,point
2025-12-13 04:00:00 PM,22.9,39.7,21.8,8.5,point
2025-12-13 04:30:00 PM,22.5,39.6,21.4,8.1,point
2025-12-13 05:00:00 PM,22.8,39.8,21.7,8.4,point
2025-12-13 05:30:00 PM,22.6,39.9,21.6,8.3,point
2025-12-13 06:00:00 PM,22.6,40.0,21.5,8.3,point
2025-12-13 06:30:00 PM,22.7,40.2,21.7,8.5,point
2025-12-13 07:00:00 PM,22.6,40.2,21.6,8.4,point
2025-12-13 07:30:00 PM,22.2,40.4,21.3,8.1,point
2025-12-13 08:00:00 PM,22.9,40.4,21.9,8.8,point
2025-12-13 08:30:00 PM,22.2,40.5,21.3,8.2,point
2025-12-13 09:00:00 PM,21.2,40.4,20.2,7.2,point
2025-12-13 09:30:00 PM,15.3,44.1,13.5,3.2,point
2025-12-13 10:00:00 PM,7.0,57.0,6.4,-0.9,point
2025-12-13 10:30:00 PM,5.3,71.8,5.1,0.7,point
2025-12-13 11:00:00 PM,4.6,75.7,4.4,0.7,point
2025-12-13 11:30:00 PM,4.7,79.2,4.6,1.4,point
2025-12-14 12:00:00 AM,4.5,79.9,4.4,1.4,point
2025-12-14 12:30:00 AM,4.6,80.9,4.4,1.6,point
2025-12-14 01:00:00 AM,4.4,81.2,4.3,1.5,point
2025-12-14 01:30:00 AM,4.4,81.5,4.2,1.5,point
2025-12-14 02:00:00 AM,4.5,82.1,4.4,1.8,point
2025-12-14 02:30:00 AM,4.3,82.2,4.2,1.6,point
2025-12-14 03:00:00 AM,4.5,82.5,4.4,1.8,point
2025-12-14 03:30:00 AM,4.3,82.3,4.1,1.5,point
2025-12-14 04:00:00 AM,4.3,82.0,4.2,1.5,point
2025-12-14 04:30:00 AM,4.5,82.6,4.4,1.8,point
2025-12-14 05:00:00 AM,4.5,81.9,4.3,1.7,point
2025-12-14 05:30:00 AM,4.4,82.4,4.3,1.7,point
2025-12-14 06:00:00 AM,4.4,82.6,4.4,1.7,point
2025-12-14 06:30:00 AM,4.3,82.2,4.1,1.5,point
2025-12-14 07:00:00 AM,4.4,82.1,4.3,1.6,point
2025-12-14 07:30:00 AM,4.4,82.0,4.2,1.6,point
2025-12-14 08:00:00 AM,5.0,83.5,5.0,2.5,point
2025-12-14 08:30:00 AM,11.2,81.8,11.0,8.2,point
2025-12-14 09:00:00 AM,18.0,64.2,17.0,11.2,point
2025-12-14 09:30:00 AM,20.2,48.1,19.0,8.8,point
2025-12-14 10:00:00 AM,20.5,43.9,19.4,7.8,point
2025-12-14 10:30:00 AM,20.4,42.1,19.0,7.0,point
2025-12-14 11:00:00 AM,20.9,41.4,19.7,7.3,point
2025-12-14 11:30:00 AM,20.5,40.4,19.0,6.6,point
2025-12-14 12:00:00 PM,21.2,39.5,20.1,6.9,point
2025-12-14 12:30:00 PM,20.8,38.7,19.6,6.2,point
2025-12-14 01:00:00 PM,20.7,37.9,19.4,5.9,point
2025-12-14 01:30:00 PM,20.7,37.3,19.4,5.6,point
2025-12-14 02:00:00 PM,20.9,36.6,19.5,5.5,point
2025-12-14 02:30:00 PM,20.6,36.1,19.1,5.1,point
2025-12-14 03:00:00 PM,21.0,36.0,19.6,5.3,point
2025-12-14 03:30:00 PM,20.8,35.9,19.3,5.1,point
2025-12-14 04:00:00 PM,20.8,35.8,19.3,5.1,point
2025-12-14 04:30:00 PM,21.2,35.4,19.9,5.3,point
2025-12-14 05:00:00 PM,21.2,36.1,20.0,5.6,point
2025-12-14 05:30:00 PM,20.8,36.1,19.3,5.2,point
2025-12-14 06:00:00 PM,21.2,35.9,20.0,5.5,point
2025-12-14 06:30:00 PM,20.9,35.6,19.4,5.1,point
2025-12-14 07:00:00 PM,20.9,36.3,19.6,5.5,point
2025-12-14 07:30:00 PM,21.1,37.1,19.8,5.9,point
2025-12-14 08:00:00 PM,21.0,36.9,19.7,5.7,point
2025-12-14 08:30:00 PM,21.0,36.4,19.7,5.5,point
2025-12-14 09:00:00 PM,20.6,35.6,19.1,4.9,point
2025-12-14 09:30:00 PM,13.7,39.8,11.9,0.3,point
2025-12-14 10:00:00 PM,6.7,50.4,5.9,-2.9,point
2025-12-14 10:30:00 PM,4.9,62.9,4.6,-1.5,point
2025-12-14 11:00:00 PM,4.7,65.7,4.3,-1.2,point
2025-12-14 11:30:00 PM,4.4,66.5,4.1,-1.2,point
2025-12-15 12:00:00 AM,4.4,67.3,4.1,-1.1,point
2025-12-15 12:30:00 AM,4.5,68.4,4.2,-0.8,point
2025-12-15 01:00:00 AM,4.3,68.9,4.0,-0.9,point
2025-12-15 01:30:00 AM,4.5,70.3,4.2,-0.5,point
2025-12-15 02:00:00 AM,4.4,70.6,4.2,-0.4,point
2025-12-15 02:30:00 AM,4.3,70.6,4.0,-0.6,point
2025-12-15 03:00:00 AM,4.5,70.3,4.2,-0.4,point
2025-12-15 03:30:00 AM,4.4,69.9,4.1,-0.6,point
2025-12-15 04:00:00 AM,4.4,69.9,4.2,-0.6,point
2025-12-15 04:30:00 AM,4.5,69.9,4.2,-0.5,point
2025-12-15 05:00:00 AM,4.5,69.7,4.2,-0.6,point
2025-12-15 05:30:00 AM,4.5,69.7,4.2,-0.6,point
2025-12-15 06:00:00 AM,4.3,69.4,4.1,-0.8,point
2025-12-15 06:30:00 AM,4.4,69.7,4.2,-0.6,point
2025-12-15 07:00:00 AM,4.3,69.9,4.1,-0.7,point
2025-12-15 07:30:00 AM,4.3,70.4,4.1,-0.6,point
2025-12-15 08:00:00 AM,5.0,71.6,4.7,0.3,point
2025-12-15 08:30:00 AM,11.3,67.2,10.7,5.4,point
2025-12-15 09:00:00 AM,18.0,50.8,16.3,7.7,point
2025-12-15 09:30:00 AM,19.9,40.6,18.3,6.2,point
2025-12-15 10:00:00 AM,20.4,38.3,18.9,5.8,point
2025-12-15 10:30:00 AM,20.5,37.6,19.1,5.6,point
2025-12-15 11:00:00 AM,20.6,37.4,19.2,5.6,point
2025-12-15 11:30:00 AM,20.7,37.4,19.4,5.7,point
2025-12-15 12:00:00 PM,20.9,37.3,19.5,5.8,point
2025-12-15 12:30:00 PM,20.6,37.0,19.2,5.5,point
2025-12-15 01:00:00 PM,20.6,36.9,19.2,5.4,point
2025-12-15 01:30:00 PM,20.7,37.1,19.4,5.5,point
2025-12-15 02:00:00 PM,21.0,36.9,19.8,5.8,point
2025-12-15 02:30:00 PM,20.6,37.4,19.2,5.6,point
2025-12-15 03:00:00 PM,20.9,37.1,19.7,5.7,point
2025-12-15 03:30:00 PM,21.1,37.8,20.0,6.2,point
2025-12-15 04:00:00 PM,21.1,36.9,20.0,5.8,point
2025-12-15 04:30:00 PM,21.0,37.4,19.7,5.9,point
2025-12-15 05:00:00 PM,20.9,37.5,19.5,5.8,point
2025-12-15 05:30:00 PM,20.9,37.7,19.5,5.9,point
2025-12-15 06:00:00 PM,21.0,37.5,19.7,5.9,point
2025-12-15 06:30:00 PM,21.0,37.4,19.8,5.9,point
2025-12-15 07:00:00 PM,20.9,37.1,19.5,5.7,point
2025-12-15 07:30:00 PM,21.0,37.2,19.7,5.8,point
2025-12-15 08:00:00 PM,21.0,37.1,19.7,5.8,point
2025-12-15 08:30:00 PM,20.9,37.2,19.5,5.7,point
2025-12-15 09:00:00 PM,20.3,37.1,18.8,5.2,point
2025-12-15 09:30:00 PM,14.1,41.9,12.3,1.3,point
2025-12-15 10:00:00 PM,6.6,53.1,6.0,-2.3,point
2025-12-15 10:30:00 PM,4.9,66.9,4.5,-0.7,point
2025-12-15 11:00:00 PM,4.7,70.3,4.4,-0.3,point
2025-12-15 11:30:00 PM,4.6,72.2,4.3,0.0,point
2025-12-16 12:00:00 AM,4.5,73.3,4.2,0.1,point
2025-12-16 12:30:00 AM,4.3,73.9,4.1,0.1,point
2025-12-16 01:00:00 AM,4.5,75.2,4.3,0.5,point
2025-12-16 01:30:00 AM,4.4,75.7,4.2,0.4,point
2025-12-16 02:00:00 AM,4.3,75.7,4.1,0.4,point
2025-12-16 02:30:00 AM,4.4,76.2,4.3,0.6,point
2025-12-16 03:00:00 AM,4.4,76.5,4.2,0.6,point
2025-12-16 03:30:00 AM,4.5,76.7,4.3,0.7,point
2025-12-16 04:00:00 AM,4.3,76.6,4.1,0.5,point
2025-12-16 04:30:00 AM,4.4,77.3,4.3,0.8,point
2025-12-16 05:00:00 AM,4.3,76.8,4.2,0.6,point
2025-12-16 05:30:00 AM,4.4,76.9,4.2,0.7,point
2025-12-16 06:00:00 AM,4.3,77.0,4.1,0.6,point
2025-12-16 06:30:00 AM,4.3,77.2,4.1,0.6,point
2025-12-16 07:00:00 AM,4.2,76.9,4.1,0.5,point
2025-12-16 07:30:00 AM,4.2,77.2,4.0,0.5,point
2025-12-16 08:00:00 AM,4.9,78.5,4.7,1.4,point
2025-12-16 08:30:00 AM,11.0,75.6,10.7,6.9,point
2025-12-16 09:00:00 AM,17.8,58.2,16.4,9.5,point
2025-12-16 09:30:00 AM,20.0,43.5,18.6,7.2,point
2025-12-16 10:00:00 AM,20.4,40.8,19.1,6.7,point
2025-12-16 10:30:00 AM,20.8,39.9,19.6,6.7,point
2025-12-16 11:00:00 AM,21.0,39.9,19.8,6.8,point
2025-12-16 11:30:00 AM,20.8,39.8,19.5,6.6,point
2025-12-16 12:00:00 PM,20.8,39.7,19.5,6.5,point
2025-12-16 12:30:00 PM,21.0,39.7,19.8,6.8,point
2025-12-16 01:00:00 PM,20.9,39.8,19.8,6.7,point
2025-12-16 01:30:00 PM,21.4,39.5,20.5,7.1,point
2025-12-16 02:00:00 PM,21.1,39.4,20.1,6.8,point
2025-12-16 02:30:00 PM,20.9,39.0,19.8,6.5,point
2025-12-16 03:00:00 PM,20.9,38.9,19.6,6.4,point
2025-12-16 03:30:00 PM,21.1,39.0,20.1,6.6,point
2025-12-16 04:00:00 PM,21.1,39.0,19.9,6.6,point
2025-12-16 04:30:00 PM,21.0,39.2,19.9,6.6,point
2025-12-16 05:00:00 PM,21.2,39.1,20.2,6.8,point
2025-12-16 05:30:00 PM,21.2,38.9,20.2,6.7,point
2025-12-16 06:00:00 PM,21.0,39.0,19.9,6.5,point
2025-12-16 06:30:00 PM,20.8,38.9,19.5,6.3,point
2025-12-16 07:00:00 PM,20.8,38.9,19.6,6.3,point
2025-12-16 07:30:00 PM,21.1,38.8,20.1,6.6,point
2025-12-16 08:00:00 PM,20.9,38.8,19.8,6.4,point
2025-12-16 08:30:00 PM,21.2,38.5,20.0,6.5,point
2025-12-16 09:00:00 PM,20.5,38.2,19.1,5.8,point
2025-12-16 09:30:00 PM,13.9,43.2,12.3,1.6,point
2025-12-16 10:00:00 PM,6.4,54.0,5.7,-2.2,point
2025-12-16 10:30:00 PM,4.9,68.8,4.5,-0.3,point
2025-12-16 11:00:00 PM,4.6,72.5,4.4,0.1,point
2025-12-16 11:30:00 PM,4.6,74.2,4.3,0.4,point
2025-12-17 12:00:00 AM,4.5,75.2,4.4,0.5,point
2025-12-17 12:30:00 AM,4.5,75.8,4.3,0.6,point
2025-12-17 01:00:00 AM,4.3,76.3,4.2,0.5,point
2025-12-17 01:30:00 AM,4.3,76.2,4.2,0.5,point
2025-12-17 02:00:00 AM,4.3,76.6,4.1,0.5,point
2025-12-17 02:30:00 AM,4.4,77.1,4.2,0.7,point
2025-12-17 03:00:00 AM,4.3,76.8,4.2,0.6,point
2025-12-17 03:30:00 AM,4.3,76.9,4.1,0.6,point
2025-12-17 04:00:00 AM,4.5,77.2,4.3,0.8,point
2025-12-17 04:30:00 AM,4.2,76.3,4.1,0.4,point
2025-12-17 05:00:00 AM,4.4,76.7,4.2,0.6,point
2025-12-17 05:30:00 AM,4.4,76.1,4.2,0.6,point
2025-12-17 06:00:00 AM,4.3,75.9,4.1,0.4,point
2025-12-17 06:30:00 AM,4.4,75.7,4.3,0.5,point
2025-12-17 07:00:00 AM,4.4,75.6,4.3,0.5,point
2025-12-17 07:30:00 AM,4.4,75.9,4.2,0.5,point
2025-12-17 08:00:00 AM,5.1,77.0,4.9,1.4,point
2025-12-17 08:30:00 AM,10.8,72.7,10.4,6.1,point
2025-12-17 09:00:00 AM,17.5,55.3,15.9,8.4,point
2025-12-17 09:30:00 AM,19.9,41.6,18.3,6.4,point
2025-12-17 10:00:00 AM,20.4,39.1,18.9,6.0,point
2025-12-17 10:30:00 AM,20.8,37.9,19.4,5.9,point
2025-12-17 11:00:00 AM,20.6,37.4,19.2,5.6,point
2025-12-17 11:30:00 AM,20.7,36.9,19.4,5.5,point
2025-12-17 12:00:00 PM,21.0,36.7,19.8,5.7,point
2025-12-17 12:30:00 PM,20.8,36.6,19.4,5.4,point
2025-12-17 01:00:00 PM,20.6,36.2,19.1,5.1,point
2025-12-17 01:30:00 PM,20.8,35.7,19.3,5.1,point
2025-12-17 02:00:00 PM,20.9,35.2,19.6,5.0,point
2025-12-17 02:30:00 PM,20.8,35.0,19.4,4.8,point
2025-12-17 03:00:00 PM,20.9,34.8,19.6,4.8,point
2025-12-17 03:30:00 PM,20.9,34.7,19.6,4.8,point
2025-12-17 04:00:00 PM,21.0,34.8,19.7,4.9,point
2025-12-17 04:30:00 PM,21.1,34.9,19.9,5.0,point
2025-12-17 05:00:00 PM,21.2,34.4,20.0,4.9,point
2025-12-17 05:30:00 PM,21.1,34.1,19.8,4.7,point
2025-12-17 06:00:00 PM,20.9,34.1,19.5,4.5,point
2025-12-17 06:30:00 PM,20.8,34.3,19.4,4.5,point
2025-12-17 07:00:00 PM,20.8,34.4,19.3,4.5,point
2025-12-17 07:30:00 PM,20.9,34.4,19.6,4.7,point
2025-12-17 08:00:00 PM,20.8,34.5,19.3,4.6,point
2025-12-17 08:30:00 PM,20.7,34.5,19.3,4.5,point
2025-12-17 09:00:00 PM,21.0,34.6,19.7,4.8,point
2025-12-17 09:30:00 PM,13.5,36.8,11.7,-0.9,point
2025-12-17 10:00:00 PM,6.6,48.9,5.9,-3.4,point
2025-12-17 10:30:00 PM,4.9,62.4,4.5,-1.7,point
2025-12-17 11:00:00 PM,4.7,65.8,4.3,-1.2,point
2025-12-17 11:30:00 PM,4.4,67.1,4.1,-1.1,point
2025-12-18 12:00:00 AM,4.4,68.2,4.1,-0.9,point
2025-12-18 12:30:00 AM,4.2,68.9,3.9,-1.0,point
2025-12-18 01:00:00 AM,4.3,69.4,4.1,-0.8,point
2025-12-18 01:30:00 AM,4.4,69.4,4.2,-0.7,point
2025-12-18 02:00:00 AM,4.2,69.7,4.0,-0.8,point
2025-12-18 02:30:00 AM,4.4,70.1,4.1,-0.6,point
2025-12-18 03:00:00 AM,4.3,69.9,4.0,-0.7,point
2025-12-18 03:30:00 AM,4.2,70.1,3.9,-0.8,point
2025-12-18 04:00:00 AM,4.3,70.2,4.0,-0.7,point
2025-12-18 04:30:00 AM,4.4,70.5,4.2,-0.5,point
2025-12-18 05:00:00 AM,4.4,70.3,4.1,-0.6,point
2025-12-18 05:30:00 AM,4.2,70.1,3.9,-0.8,point
2025-12-18 06:00:00 AM,4.4,70.3,4.1,-0.6,point
2025-12-18 06:30:00 AM,4.3,70.5,4.0,-0.6,point
2025-12-18 07:00:00 AM,4.3,70.5,4.0,-0.6,point
2025-12-18 07:30:00 AM,4.3,70.8,4.0,-0.6,point
2025-12-18 08:00:00 AM,4.8,71.9,4.6,0.2,point
2025-12-18 08:30:00 AM,10.8,67.5,10.3,5.1,point
2025-12-18 09:00:00 AM,17.8,51.7,16.1,7.8,point
2025-12-18 09:30:00 AM,20.0,39.5,18.3,5.8,point
2025-12-18 10:00:00 AM,20.4,37.6,18.8,5.5,point
2025-12-18 10:30:00 AM,20.6,37.0,19.1,5.4,point
2025-12-18 11:00:00 AM,20.8,37.1,19.4,5.6,point
2025-12-18 11:30:00 AM,20.7,37.2,19.2,5.6,point
2025-12-18 12:00:00 PM,20.9,37.6,19.5,5.9,point
2025-12-18 12:30:00 PM,20.8,37.6,19.4,5.8,point
2025-12-18 01:00:00 PM,20.8,37.4,19.5,5.8,point
2025-12-18 01:30:00 PM,20.9,37.4,19.7,5.8,point
2025-12-18 02:00:00 PM,20.8,37.2,19.4,5.7,point
2025-12-18 02:30:00 PM,20.6,36.8,19.2,5.4,point
2025-12-18 03:00:00 PM,20.8,36.6,19.4,5.4,point
2025-12-18 03:30:00 PM,20.9,36.5,19.6,5.5,point
2025-12-18 04:00:00 PM,20.9,36.5,19.7,5.5,point
2025-12-18 04:30:00 PM,20.7,36.9,19.2,5.4,point
2025-12-18 05:00:00 PM,20.8,37.3,19.4,5.7,point
2025-12-18 05:30:00 PM,20.9,37.2,19.7,5.8,point
2025-12-18 06:00:00 PM,20.8,37.3,19.4,5.7,point
2025-12-18 06:30:00 PM,21.0,37.2,19.7,5.8,point
2025-12-18 07:00:00 PM,20.8,37.4,19.5,5.8,point
2025-12-18 07:30:00 PM,20.8,37.6,19.5,5.8,point
2025-12-18 08:00:00 PM,20.6,37.4,19.2,5.6,point
2025-12-18 08:30:00 PM,20.6,37.5,19.2,5.6,point
2025-12-18 09:00:00 PM,20.3,37.2,18.8,5.3,point
2025-12-18 09:30:00 PM,14.2,42.1,12.4,1.5,point
2025-12-18 10:00:00 PM,6.7,52.9,6.1,-2.2,point
2025-12-18 10:30:00 PM,4.8,67.6,4.4,-0.7,point
2025-12-18 11:00:00 PM,4.6,71.7,4.4,-0.0,point
2025-12-18 11:30:00 PM,4.5,73.7,4.2,0.2,point
2025-12-19 12:00:00 AM,4.4,74.6,4.2,0.3,point
2025-12-19 12:30:00 AM,4.6,75.8,4.4,0.7,point
2025-12-19 01:00:00 AM,4.3,76.6,4.2,0.6,point
2025-12-19 01:30:00 AM,4.4,76.5,4.2,0.6,point
2025-12-19 02:00:00 AM,4.4,77.2,4.3,0.8,point
2025-12-19 02:30:00 AM,4.5,77.1,4.3,0.8,point
2025-12-19 03:00:00 AM,4.4,77.3,4.2,0.7,point
2025-12-19 03:30:00 AM,4.3,77.5,4.1,0.7,point
2025-12-19 04:00:00 AM,4.5,77.6,4.4,0.9,point
2025-12-19 04:30:00 AM,4.2,77.4,4.1,0.6,point
2025-12-19 05:00:00 AM,4.5,77.2,4.3,0.8,point
2025-12-19 05:30:00 AM,4.3,77.1,4.2,0.6,point
2025-12-19 06:00:00 AM,4.3,77.0,4.1,0.6,point
2025-12-19 06:30:00 AM,4.4,77.0,4.3,0.7,point
2025-12-19 07:00:00 AM,4.3,77.0,4.2,0.6,point
2025-12-19 07:30:00 AM,4.4,76.6,4.2,0.6,point
2025-12-19 08:00:00 AM,4.9,77.8,4.7,1.3,point
2025-12-19 08:30:00 AM,10.9,74.5,10.6,6.6,point
2025-12-19 09:00:00 AM,17.6,57.5,16.2,9.2,point
2025-12-19 09:30:00 AM,20.0,42.3,18.4,6.8,point
2025-12-19 10:00:00 AM,20.2,39.4,18.7,5.9,point
2025-12-19 10:30:00 AM,20.6,38.7,19.3,6.1,point
2025-12-19 11:00:00 AM,20.6,38.7,19.3,6.1,point
2025-12-19 11:30:00 AM,20.6,38.7,19.3,6.0,point
2025-12-19 12:00:00 PM,20.8,38.1,19.4,6.0,point
2025-12-19 12:30:00 PM,20.8,37.7,19.4,5.8,point
2025-12-19 01:00:00 PM,20.9,36.9,19.7,5.6,point
2025-12-19 01:30:00 PM,20.6,36.0,19.0,5.0,point
2025-12-19 02:00:00 PM,21.0,35.5,19.6,5.2,point
2025-12-19 02:30:00 PM,21.0,34.9,19.7,4.9,point
2025-12-19 03:00:00 PM,20.6,34.2,19.0,4.3,point
2025-12-19 03:30:00 PM,20.8,34.4,19.3,4.5,point
2025-12-19 04:00:00 PM,20.9,34.6,19.6,4.8,point
2025-12-19 04:30:00 PM,20.7,34.6,19.3,4.5,point
2025-12-19 05:00:00 PM,20.9,34.9,19.6,4.9,point
2025-12-19 05:30:00 PM,20.8,35.0,19.3,4.8,point
2025-12-19 06:00:00 PM,20.7,35.0,19.3,4.7,point
2025-12-19 06:30:00 PM,21.0,34.9,19.7,4.9,point
2025-12-19 07:00:00 PM,21.1,35.1,19.9,5.1,point
2025-12-19 07:30:00 PM,21.0,34.7,19.6,4.8,point
2025-12-19 08:00:00 PM,20.6,34.9,19.1,4.6,point
2025-12-19 08:30:00 PM,20.5,35.1,19.0,4.6,point
2025-12-19 09:00:00 PM,20.6,35.0,19.0,4.6,point
2025-12-19 09:30:00 PM,14.1,39.6,12.3,0.6,point
2025-12-19 10:00:00 PM,6.7,49.5,6.0,-3.1,point
2025-12-19 10:30:00 PM,5.0,63.8,4.6,-1.3,point
2025-12-19 11:00:00 PM,4.5,66.8,4.2,-1.1,point
2025-12-19 11:30:00 PM,4.4,68.3,4.2,-0.9,point
2025-12-20 12:00:00 AM,4.6,69.4,4.3,-0.5,point
2025-12-20 12:30:00 AM,4.4,69.9,4.2,-0.6,point
2025-12-20 01:00:00 AM,4.4,70.2,4.2,-0.5,point
2025-12-20 01:30:00 AM,4.5,70.5,4.2,-0.4,point
2025-12-20 02:00:00 AM,4.4,70.7,4.1,-0.5,point
2025-12-20 02:30:00 AM,4.4,71.0,4.1,-0.4,point
2025-12-20 03:00:00 AM,4.4,70.8,4.1,-0.5,point
2025-12-20 03:30:00 AM,4.3,71.2,4.1,-0.4,point
2025-12-20 04:00:00 AM,4.4,71.4,4.2,-0.3,point
2025-12-20 04:30:00 AM,4.4,71.6,4.2,-0.2,point
2025-12-20 05:00:00 AM,4.3,71.6,4.1,-0.3,point
2025-12-20 05:30:00 AM,4.4,71.9,4.2,-0.2,point
2025-12-20 06:00:00 AM,4.3,71.7,4.1,-0.3,point
2025-12-20 06:30:00 AM,4.0,71.6,3.7,-0.7,point
2025-12-20 07:00:00 AM,4.3,71.9,4.0,-0.3,point
2025-12-20 07:30:00 AM,4.3,72.0,4.1,-0.2,point
2025-12-20 08:00:00 AM,4.8,73.1,4.5,0.4,point
2025-12-20 08:30:00 AM,10.7,68.8,10.2,5.2,point
2025-12-20 09:00:00 AM,17.8,53.2,16.2,8.2,point
2025-12-20 09:30:00 AM,20.3,39.7,18.7,6.1,point
2025-12-20 10:00:00 AM,20.8,37.9,19.4,5.9,point
2025-12-20 10:30:00 AM,20.7,37.9,19.4,5.8,point
2025-12-20 11:00:00 AM,20.8,38.0,19.4,5.9,point
2025-12-20 11:30:00 AM,21.0,38.1,19.7,6.2,point
2025-12-20 12:00:00 PM,20.8,37.7,19.5,5.9,point
2025-12-20 12:30:00 PM,20.6,37.2,19.1,5.5,point
2025-12-20 01:00:00 PM,20.6,37.0,19.2,5.4,point
2025-12-20 01:30:00 PM,20.8,36.8,19.5,5.5,point
2025-12-20 02:00:00 PM,20.8,36.3,19.3,5.3,point
2025-12-20 02:30:00 PM,20.8,35.9,19.3,5.1,point
2025-12-20 03:00:00 PM,20.7,35.7,19.1,5.0,point
2025-12-20 03:30:00 PM,20.8,35.4,19.3,4.9,point
2025-12-20 04:00:00 PM,20.8,35.2,19.3,4.8,point
2025-12-20 04:30:00 PM,20.8,34.6,19.3,4.6,point
2025-12-20 05:00:00 PM,21.0,34.2,19.5,4.6,point
2025-12-20 05:30:00 PM,20.8,34.4,19.4,4.5,point
2025-12-20 06:00:00 PM,20.9,34.4,19.6,4.6,point
2025-12-20 06:30:00 PM,20.8,34.6,19.4,4.6,point
2025-12-20 07:00:00 PM,20.8,34.6,19.4,4.6,point
2025-12-20 07:30:00 PM,20.5,34.3,19.0,4.2,point
2025-12-20 08:00:00 PM,20.7,34.1,19.2,4.4,point
2025-12-20 08:30:00 PM,20.6,34.0,19.0,4.2,point
2025-12-20 09:00:00 PM,20.4,33.7,18.7,3.9,point
2025-12-20 09:30:00 PM,14.1,38.4,12.1,0.1,point
2025-12-20 10:00:00 PM,6.6,48.2,5.9,-3.5,point
2025-12-20 10:30:00 PM,4.7,62.5,4.4,-1.8,point
2025-12-20 11:00:00 PM,4.4,65.9,4.0,-1.4,point
2025-12-20 11:30:00 PM,5.1,67.7,4.8,-0.3,point
2025-12-21 12:00:00 AM,5.0,74.1,4.7,0.7,point
2025-12-21 12:30:00 AM,4.9,78.8,4.7,1.5,point
2025-12-21 01:00:00 AM,4.8,80.0,4.6,1.6,point
2025-12-21 01:30:00 AM,4.9,81.5,4.7,2.0,point
2025-12-21 02:00:00 AM,4.7,82.0,4.5,1.9,point
2025-12-21 02:30:00 AM,4.9,82.2,4.7,2.1,point
2025-12-21 03:00:00 AM,4.9,82.6,4.8,2.2,point
2025-12-21 03:30:00 AM,4.9,83.1,4.9,2.3,point
2025-12-21 04:00:00 AM,4.8,82.6,4.8,2.1,point
2025-12-21 04:30:00 AM,5.0,82.8,4.9,2.3,point
2025-12-21 05:00:00 AM,4.9,82.4,4.7,2.1,point
2025-12-21 05:30:00 AM,4.6,81.8,4.4,1.8,point
2025-12-21 06:00:00 AM,4.9,82.5,4.7,2.2,point
2025-12-21 06:30:00 AM,4.8,82.2,4.7,2.0,point
2025-12-21 07:00:00 AM,4.8,81.5,4.7,1.9,point
2025-12-21 07:30:00 AM,4.9,82.2,4.8,2.1,point
2025-12-21 08:00:00 AM,5.1,82.1,5.0,2.3,point
2025-12-21 08:30:00 AM,11.3,83.7,11.3,8.6,point
2025-12-21 09:00:00 AM,17.9,72.6,17.3,12.9,point
2025-12-21 09:30:00 AM,19.4,55.3,18.2,10.2,point
2025-12-21 10:00:00 AM,19.7,49.0,18.3,8.7,point
2025-12-21 10:30:00 AM,19.7,44.5,18.1,7.2,point
2025-12-21 11:00:00 AM,19.5,42.6,17.8,6.5,point
2025-12-21 11:30:00 AM,19.9,41.4,18.4,6.5,point
2025-12-21 12:00:00 PM,19.7,39.8,18.0,5.7,point
2025-12-21 12:30:00 PM,19.6,38.2,17.8,5.0,point
2025-12-21 01:00:00 PM,20.1,37.9,18.5,5.3,point
2025-12-21 01:30:00 PM,19.7,37.6,17.9,4.9,point
2025-12-21 02:00:00 PM,19.7,36.8,17.8,4.5,point
2025-12-21 02:30:00 PM,19.7,36.0,17.8,4.2,point
2025-12-21 03:00:00 PM,19.9,35.7,18.0,4.3,point
2025-12-21 03:30:00 PM,20.1,35.4,18.2,4.3,point
2025-12-21 04:00:00 PM,19.9,34.9,18.0,3.9,point
2025-12-21 04:30:00 PM,20.1,34.7,18.2,4.0,point
2025-12-21 05:00:00 PM,20.1,34.6,18.2,4.0,point
2025-12-21 05:30:00 PM,19.9,34.4,18.0,3.8,point
2025-12-21 06:00:00 PM,20.2,34.6,18.5,4.1,point
2025-12-21 06:30:00 PM,20.0,34.8,18.2,4.0,point
2025-12-21 07:00:00 PM,20.1,35.2,18.4,4.2,point
2025-12-21 07:30:00 PM,20.1,35.2,18.2,4.2,point
2025-12-21 08:00:00 PM,20.1,35.4,18.2,4.3,point
2025-12-21 08:30:00 PM,19.7,35.5,17.8,4.0,point
2025-12-21 09:00:00 PM,19.8,35.5,18.0,4.2,point
2025-12-21 09:30:00 PM,13.6,39.8,11.8,0.2,point
2025-12-21 10:00:00 PM,6.8,49.2,6.0,-3.1,point
2025-12-21 10:30:00 PM,5.1,62.5,4.7,-1.4,point
2025-12-21 11:00:00 PM,4.9,66.1,4.6,-0.9,point
2025-12-21 11:30:00 PM,4.9,67.7,4.6,-0.5,point
2025-12-22 12:00:00 AM,4.9,68.5,4.6,-0.4,point
2025-12-22 12:30:00 AM,4.8,69.0,4.5,-0.4,point
2025-12-22 01:00:00 AM,4.6,69.2,4.3,-0.5,point
2025-12-22 01:30:00 AM,4.7,69.6,4.4,-0.4,point
2025-12-22 02:00:00 AM,4.7,69.7,4.4,-0.4,point
2025-12-22 02:30:00 AM,4.8,69.6,4.5,-0.3,point
2025-12-22 03:00:00 AM,4.8,69.5,4.5,-0.3,point
2025-12-22 03:30:00 AM,4.8,69.3,4.5,-0.3,point
2025-12-22 04:00:00 AM,4.6,68.8,4.3,-0.6,point
2025-12-22 04:30:00 AM,4.6,68.3,4.3,-0.7,point
2025-12-22 05:00:00 AM,4.7,68.2,4.3,-0.7,point
2025-12-22 05:30:00 AM,4.8,68.1,4.4,-0.6,point
2025-12-22 06:00:00 AM,4.6,67.8,4.3,-0.8,point
2025-12-22 06:30:00 AM,4.7,67.8,4.4,-0.7,point
2025-12-22 07:00:00 AM,4.7,67.9,4.4,-0.7,point
2025-12-22 07:30:00 AM,4.8,68.0,4.5,-0.6,point
2025-12-22 08:00:00 AM,4.9,68.3,4.6,-0.4,point
2025-12-22 08:30:00 AM,11.1,64.2,10.4,4.6,point
2025-12-22 09:00:00 AM,17.8,49.4,15.9,7.0,point
2025-12-22 09:30:00 AM,19.4,38.2,17.3,4.8,point
2025-12-22 10:00:00 AM,19.1,35.2,16.8,3.3,point
2025-12-22 10:30:00 AM,19.8,36.8,17.9,4.6,point
2025-12-22 11:00:00 AM,20.0,36.8,18.2,4.8,point
2025-12-22 11:30:00 AM,19.8,37.2,17.9,4.8,point
2025-12-22 12:00:00 PM,19.7,37.4,17.8,4.7,point
2025-12-22 12:30:00 PM,19.7,37.5,17.8,4.8,point
2025-12-22 01:00:00 PM,19.7,36.1,17.8,4.3,point
2025-12-22 01:30:00 PM,19.5,35.3,17.5,3.8,point
2025-12-22 02:00:00 PM,19.6,35.5,17.5,3.9,point
2025-12-22 02:30:00 PM,19.5,35.1,17.4,3.7,point
2025-12-22 03:00:00 PM,19.6,35.6,17.5,3.9,point
2025-12-22 03:30:00 PM,19.7,33.9,17.6,3.3,point
2025-12-22 04:00:00 PM,19.5,33.1,17.3,2.8,point
2025-12-22 04:30:00 PM,19.7,32.8,17.6,2.9,point
2025-12-22 05:00:00 PM,19.7,32.7,17.6,2.8,point
2025-12-22 05:30:00 PM,19.6,33.6,17.6,3.2,point
2025-12-22 06:00:00 PM,19.7,34.4,17.8,3.6,point
2025-12-22 06:30:00 PM,19.4,34.8,17.4,3.5,point
2025-12-22 07:00:00 PM,19.7,35.3,17.7,3.9,point
2025-12-22 07:30:00 PM,19.8,35.8,18.0,4.3,point
2025-12-22 08:00:00 PM,19.8,35.9,17.8,4.2,point
2025-12-22 08:30:00 PM,19.7,36.0,17.8,4.2,point
2025-12-22 09:00:00 PM,19.6,36.1,17.7,4.2,point
2025-12-22 09:30:00 PM,13.0,41.6,11.4,0.3,point
2025-12-22 10:00:00 PM,6.0,52.0,5.4,-3.1,point
2025-12-22 10:30:00 PM,4.7,65.9,4.3,-1.1,point
2025-12-22 11:00:00 PM,4.5,69.5,4.3,-0.6,point
2025-12-22 11:30:00 PM,4.5,71.3,4.2,-0.3,point
2025-12-23 12:00:00 AM,4.5,72.3,4.2,-0.1,point
2025-12-23 12:30:00 AM,4.4,72.6,4.2,-0.1,point
2025-12-23 01:00:00 AM,4.4,72.4,4.2,-0.1,point
2025-12-23 01:30:00 AM,4.3,71.2,4.0,-0.5,point
2025-12-23 02:00:00 AM,4.4,69.8,4.1,-0.7,point
2025-12-23 02:30:00 AM,4.4,68.8,4.2,-0.8,point
2025-12-23 03:00:00 AM,4.5,68.0,4.3,-0.8,point
2025-12-23 03:30:00 AM,4.6,67.4,4.2,-0.9,point
2025-12-23 04:00:00 AM,4.4,66.4,4.1,-1.3,point
2025-12-23 04:30:00 AM,4.4,65.7,4.0,-1.5,point
2025-12-23 05:00:00 AM,4.4,65.4,4.0,-1.5,point
2025-12-23 05:30:00 AM,4.4,64.8,4.1,-1.6,point
2025-12-23 06:00:00 AM,4.3,64.5,4.0,-1.8,point
2025-12-23 06:30:00 AM,4.5,64.2,4.2,-1.6,point
2025-12-23 07:00:00 AM,4.5,63.9,4.2,-1.7,point
2025-12-23 07:30:00 AM,4.3,63.6,4.0,-1.9,point
2025-12-23 08:00:00 AM,4.8,64.2,4.5,-1.4,point
2025-12-23 08:30:00 AM,11.4,58.1,10.4,3.5,point
2025-12-23 09:00:00 AM,18.1,42.3,15.9,5.1,point
2025-12-23 09:30:00 AM,19.3,33.5,17.1,2.9,point
2025-12-23 10:00:00 AM,19.6,32.3,17.4,2.6,point
2025-12-23 10:30:00 AM,19.6,32.3,17.4,2.5,point
2025-12-23 11:00:00 AM,19.4,32.7,17.3,2.7,point
2025-12-23 11:30:00 AM,19.4,33.4,17.3,2.9,point
2025-12-23 12:00:00 PM,19.5,34.3,17.5,3.4,point
2025-12-23 12:30:00 PM,19.6,35.0,17.7,3.8,point
2025-12-23 01:00:00 PM,19.5,34.6,17.4,3.4,point
2025-12-23 01:30:00 PM,19.8,34.3,17.8,3.6,point
2025-12-23 02:00:00 PM,19.6,34.1,17.6,3.4,point
2025-12-23 02:30:00 PM,19.5,34.0,17.4,3.2,point
2025-12-23 03:00:00 PM,19.5,34.0,17.4,3.2,point
2025-12-23 03:30:00 PM,19.4,34.3,17.3,3.3,point
2025-12-23 04:00:00 PM,19.7,34.5,17.8,3.6,point
2025-12-23 04:30:00 PM,19.6,34.5,17.7,3.5,point
2025-12-23 05:00:00 PM,19.3,32.7,17.1,2.5,point
2025-12-23 05:30:00 PM,19.5,31.9,17.3,2.3,point
2025-12-23 06:00:00 PM,19.7,31.4,17.6,2.3,point
2025-12-23 06:30:00 PM,19.5,31.0,17.3,1.9,point
2025-12-23 07:00:00 PM,19.4,30.9,17.2,1.8,point
2025-12-23 07:30:00 PM,19.4,31.3,17.2,2.0,point
2025-12-23 08:00:00 PM,19.7,31.3,17.6,2.3,point
2025-12-23 08:30:00 PM,19.4,31.6,17.0,2.1,point
2025-12-23 09:00:00 PM,19.1,31.4,16.7,1.8,point
2025-12-23 09:30:00 PM,13.2,36.7,11.3,-1.3,point
2025-12-23 10:00:00 PM,6.1,46.5,5.3,-4.5,point
2025-12-23 10:30:00 PM,4.9,59.6,4.5,-2.2,point
2025-12-23 11:00:00 PM,4.7,62.4,4.3,-1.9,point
2025-12-23 11:30:00 PM,4.8,64.4,4.4,-1.4,point
2025-12-24 12:00:00 AM,4.7,65.5,4.3,-1.2,point
2025-12-24 12:30:00 AM,4.5,66.6,4.2,-1.1,point
2025-12-24 01:00:00 AM,4.5,67.6,4.2,-1.0,point
2025-12-24 01:30:00 AM,4.5,68.6,4.2,-0.8,point
2025-12-24 02:00:00 AM,4.5,69.6,4.3,-0.5,point
2025-12-24 02:30:00 AM,4.5,70.9,4.2,-0.3,point
2025-12-24 03:00:00 AM,4.4,72.2,4.1,-0.2,point
2025-12-24 03:30:00 AM,4.5,75.0,4.4,0.5,point
2025-12-24 04:00:00 AM,4.5,78.2,4.4,1.1,point
2025-12-24 04:30:00 AM,4.5,80.6,4.3,1.4,point
2025-12-24 05:00:00 AM,4.4,82.9,4.4,1.8,point
2025-12-24 05:30:00 AM,4.7,83.4,4.6,2.1,point
2025-12-24 06:00:00 AM,4.6,84.4,4.5,2.2,point
2025-12-24 06:30:00 AM,4.7,84.5,4.6,2.3,point
2025-12-24 07:00:00 AM,4.6,84.2,4.6,2.2,point
2025-12-24 07:30:00 AM,4.7,84.6,4.6,2.3,point
2025-12-24 08:00:00 AM,4.7,85.7,4.7,2.6,point
2025-12-24 08:30:00 AM,11.3,97.7,11.6,10.9,point
2025-12-24 09:00:00 AM,18.2,93.0,18.6,17.0,point
2025-12-24 09:30:00 AM,19.0,70.8,18.4,13.6,point
2025-12-24 10:00:00 AM,19.5,64.3,18.8,12.6,point
2025-12-24 10:30:00 AM,19.4,59.6,18.5,11.4,point
2025-12-24 11:00:00 AM,19.4,56.7,18.4,10.6,point
2025-12-24 11:30:00 AM,19.6,55.9,18.5,10.5,point
2025-12-24 12:00:00 PM,19.6,55.5,18.6,10.5,point
2025-12-24 12:30:00 PM,19.6,55.9,18.6,10.6,point
2025-12-24 01:00:00 PM,19.5,56.4,18.4,10.6,point
2025-12-24 01:30:00 PM,19.6,56.5,18.5,10.7,point
2025-12-24 02:00:00 PM,19.6,56.7,18.5,10.8,point
2025-12-24 02:30:00 PM,19.7,56.9,18.7,10.9,point
2025-12-24 03:00:00 PM,19.6,57.2,18.5,10.9,point
2025-12-24 03:30:00 PM,19.7,57.3,18.7,11.0,point
2025-12-24 04:00:00 PM,19.5,57.4,18.4,10.8,point
2025-12-24 04:30:00 PM,19.6,57.2,18.7,10.9,point
2025-12-24 05:00:00 PM,19.6,56.9,18.7,10.8,point
2025-12-24 05:30:00 PM,19.4,56.7,18.4,10.6,point
2025-12-24 06:00:00 PM,19.7,56.5,18.7,10.8,point
2025-12-24 06:30:00 PM,19.7,56.6,18.7,10.8,point
2025-12-24 07:00:00 PM,19.8,56.3,18.8,10.8,point
2025-12-24 07:30:00 PM,19.6,55.6,18.5,10.4,point
2025-12-24 08:00:00 PM,19.4,54.8,18.2,10.1,point
2025-12-24 08:30:00 PM,19.7,54.4,18.5,10.2,point
2025-12-24 09:00:00 PM,19.5,53.9,18.4,9.9,point
2025-12-24 09:30:00 PM,13.3,59.3,12.3,5.6,point
2025-12-24 10:00:00 PM,6.1,62.4,5.7,-0.5,point
2025-12-24 10:30:00 PM,5.0,79.0,4.8,1.6,point
2025-12-24 11:00:00 PM,4.9,82.1,4.7,2.1,point
2025-12-24 11:30:00 PM,4.6,82.6,4.6,1.9,point
2025-12-25 12:00:00 AM,4.7,83.6,4.7,2.2,point
2025-12-25 12:30:00 AM,4.7,84.2,4.6,2.2,point
2025-12-25 01:00:00 AM,4.6,84.6,4.5,2.2,point
2025-12-25 01:30:00 AM,4.4,84.8,4.3,2.1,point
2025-12-25 02:00:00 AM,4.5,84.9,4.4,2.2,point
2025-12-25 02:30:00 AM,4.5,86.1,4.5,2.4,point
2025-12-25 03:00:00 AM,4.5,85.6,4.4,2.3,point
2025-12-25 03:30:00 AM,4.5,85.7,4.5,2.3,point
2025-12-25 04:00:00 AM,4.3,85.8,4.2,2.1,point
2025-12-25 04:30:00 AM,4.5,85.4,4.5,2.3,point
2025-12-25 05:00:00 AM,4.6,85.6,4.6,2.4,point
2025-12-25 05:30:00 AM,4.3,85.9,4.3,2.1,point
2025-12-25 06:00:00 AM,4.4,85.8,4.4,2.2,point
2025-12-25 06:30:00 AM,4.4,86.3,4.4,2.3,point
2025-12-25 07:00:00 AM,4.6,86.2,4.6,2.5,point
2025-12-25 07:30:00 AM,4.5,86.2,4.5,2.4,point
2025-12-25 08:00:00 AM,4.8,86.7,4.8,2.8,point
2025-12-25 08:30:00 AM,10.7,95.3,11.0,10.0,point
2025-12-25 09:00:00 AM,18.1,100.0,18.9,18.1,point
2025-12-25 09:30:00 AM,19.7,90.2,20.2,18.0,point
2025-12-25 10:00:00 AM,19.9,87.0,20.4,17.7,point
2025-12-25 10:30:00 AM,19.8,86.3,20.3,17.5,point
2025-12-25 11:00:00 AM,19.9,85.6,20.3,17.4,point
2025-12-25 11:30:00 AM,20.2,84.8,20.7,17.6,point
2025-12-25 12:00:00 PM,19.9,81.9,20.0,16.7,point
2025-12-25 12:30:00 PM,19.9,78.3,19.9,16.0,point
2025-12-25 01:00:00 PM,19.5,73.6,19.3,14.7,point
2025-12-25 01:30:00 PM,19.4,68.1,18.9,13.4,point
2025-12-25 02:00:00 PM,19.5,64.5,18.9,12.7,point
2025-12-25 02:30:00 PM,19.5,63.0,18.8,12.3,point
2025-12-25 03:00:00 PM,19.5,61.4,18.7,11.9,point
2025-12-25 03:30:00 PM,19.6,61.0,18.7,11.8,point
2025-12-25 04:00:00 PM,19.8,60.5,19.2,12.0,point
2025-12-25 04:30:00 PM,19.6,59.1,18.6,11.4,point
2025-12-25 05:00:00 PM,19.6,58.5,18.8,11.3,point
2025-12-25 05:30:00 PM,19.5,58.2,18.6,11.1,point
2025-12-25 06:00:00 PM,19.4,57.8,18.4,10.9,point
2025-12-25 06:30:00 PM,19.5,57.6,18.6,10.9,point
2025-12-25 07:00:00 PM,19.5,57.5,18.6,10.9,point
2025-12-25 07:30:00 PM,19.4,57.2,18.4,10.8,point
2025-12-25 08:00:00 PM,19.7,57.7,18.9,11.2,point
2025-12-25 08:30:00 PM,19.5,57.7,18.6,10.9,point
2025-12-25 09:00:00 PM,19.4,57.6,18.3,10.8,point
2025-12-25 09:30:00 PM,13.3,63.0,12.5,6.4,point
2025-12-25 10:00:00 PM,6.1,64.3,5.6,-0.2,point
2025-12-25 10:30:00 PM,5.0,80.1,4.8,1.8,point
2025-12-25 11:00:00 PM,4.9,82.4,4.7,2.2,point
2025-12-25 11:30:00 PM,4.6,84.0,4.6,2.2,point
2025-12-26 12:00:00 AM,4.7,84.8,4.7,2.4,point
2025-12-26 12:30:00 AM,4.7,84.5,4.6,2.3,point
2025-12-26 01:00:00 AM,4.8,85.2,4.7,2.5,point
2025-12-26 01:30:00 AM,4.5,85.4,4.5,2.3,point
2025-12-26 02:00:00 AM,4.6,85.4,4.6,2.4,point
2025-12-26 02:30:00 AM,4.5,86.0,4.4,2.3,point
2025-12-26 03:00:00 AM,4.5,86.3,4.4,2.4,point
2025-12-26 03:30:00 AM,4.5,86.3,4.4,2.4,point
2025-12-26 04:00:00 AM,4.5,86.2,4.5,2.4,point
2025-12-26 04:30:00 AM,4.5,86.3,4.4,2.4,point
2025-12-26 05:00:00 AM,4.5,85.7,4.4,2.3,point
2025-12-26 05:30:00 AM,4.2,86.0,4.2,2.1,point
2025-12-26 06:00:00 AM,4.5,86.4,4.5,2.5,point
2025-12-26 06:30:00 AM,4.6,86.4,4.5,2.5,point
2025-12-26 07:00:00 AM,4.5,87.0,4.5,2.5,point
2025-12-26 07:30:00 AM,4.5,86.8,4.4,2.5,point
2025-12-26 08:00:00 AM,4.9,87.5,4.9,3.0,point
2025-12-26 08:30:00 AM,10.7,95.2,11.0,10.0,point
2025-12-26 09:00:00 AM,17.7,100.0,18.5,17.7,point
2025-12-26 09:30:00 AM,19.6,90.1,20.2,18.0,point
2025-12-26 10:00:00 AM,19.9,88.0,20.3,17.8,point
2025-12-26 10:30:00 AM,20.1,87.8,20.6,18.0,point
2025-12-26 11:00:00 AM,20.0,86.1,20.3,17.6,point
2025-12-26 11:30:00 AM,19.9,84.8,20.2,17.2,point
2025-12-26 12:00:00 PM,19.9,84.2,20.3,17.2,point
2025-12-26 12:30:00 PM,20.0,82.7,20.3,16.9,point
2025-12-26 01:00:00 PM,20.1,80.0,20.2,16.5,point
2025-12-26 01:30:00 PM,19.9,76.4,19.8,15.6,point
2025-12-26 02:00:00 PM,19.6,72.0,19.2,14.4,point
2025-12-26 02:30:00 PM,19.4,66.5,18.9,13.0,point
2025-12-26 03:00:00 PM,19.5,62.0,18.8,12.1,point
2025-12-26 03:30:00 PM,19.4,59.8,18.5,11.4,point
2025-12-26 04:00:00 PM,19.4,58.5,18.4,11.0,point
2025-12-26 04:30:00 PM,19.4,58.1,18.4,11.0,point
2025-12-26 05:00:00 PM,19.6,58.3,18.6,11.2,point
2025-12-26 05:30:00 PM,19.4,57.9,18.4,10.9,point
2025-12-26 06:00:00 PM,19.5,58.1,18.6,11.1,point
2025-12-26 06:30:00 PM,19.7,58.4,18.8,11.3,point
2025-12-26 07:00:00 PM,19.6,59.0,18.6,11.3,point
2025-12-26 07:30:00 PM,19.6,59.3,18.6,11.4,point
2025-12-26 08:00:00 PM,19.6,59.5,18.6,11.5,point
2025-12-26 08:30:00 PM,19.7,59.6,18.8,11.6,point
2025-12-26 09:00:00 PM,19.3,59.7,18.4,11.3,point
2025-12-26 09:30:00 PM,13.3,64.9,12.4,6.8,point
2025-12-26 10:00:00 PM,6.3,65.4,5.9,0.3,point
2025-12-26 10:30:00 PM,4.8,80.3,4.7,1.7,point
2025-12-26 11:00:00 PM,4.6,82.7,4.5,1.9,point
2025-12-26 11:30:00 PM,4.7,84.1,4.7,2.3,point
2025-12-27 12:00:00 AM,4.5,85.0,4.5,2.2,point
2025-12-27 12:30:00 AM,4.8,85.3,4.7,2.5,point
2025-12-27 01:00:00 AM,4.6,85.5,4.6,2.4,point
2025-12-27 01:30:00 AM,4.5,86.5,4.4,2.4,point
2025-12-27 02:00:00 AM,4.6,86.2,4.5,2.5,point
2025-12-27 02:30:00 AM,4.4,85.7,4.3,2.2,point
2025-12-27 03:00:00 AM,4.5,85.9,4.4,2.3,point
2025-12-27 03:30:00 AM,4.3,85.4,4.2,2.0,point
2025-12-27 04:00:00 AM,4.3,86.6,4.3,2.3,point
2025-12-27 04:30:00 AM,4.3,86.4,4.3,2.3,point
2025-12-27 05:00:00 AM,4.4,86.8,4.4,2.4,point
2025-12-27 05:30:00 AM,4.6,86.8,4.6,2.6,point
2025-12-27 06:00:00 AM,4.9,87.2,4.8,2.9,point
2025-12-27 06:30:00 AM,5.0,87.6,5.0,3.1,point
2025-12-27 07:00:00 AM,5.1,87.0,5.1,3.1,point
2025-12-27 07:30:00 AM,5.0,86.2,4.9,2.9,point
2025-12-27 08:00:00 AM,5.1,87.5,5.0,3.2,point
2025-12-27 08:30:00 AM,10.8,94.7,11.0,9.9,point
2025-12-27 09:00:00 AM,17.6,100.0,18.4,17.6,point
2025-12-27 09:30:00 AM,19.7,91.0,20.3,18.2,point
2025-12-27 10:00:00 AM,20.0,88.8,20.6,18.1,point
2025-12-27 10:30:00 AM,19.8,86.4,20.2,17.4,point
2025-12-27 11:00:00 AM,19.8,86.1,20.1,17.4,point
2025-12-27 11:30:00 AM,20.0,86.7,20.4,17.7,point
2025-12-27 12:00:00 PM,19.8,85.6,20.1,17.3,point
2025-12-27 12:30:00 PM,19.9,86.1,20.2,17.5,point
2025-12-27 01:00:00 PM,19.9,84.6,20.2,17.2,point
2025-12-27 01:30:00 PM,19.9,83.3,20.1,16.9,point
2025-12-27 02:00:00 PM,19.8,81.4,19.9,16.5,point
2025-12-27 02:30:00 PM,19.9,78.6,19.9,16.0,point
2025-12-27 03:00:00 PM,19.9,75.8,19.8,15.5,point
2025-12-27 03:30:00 PM,19.9,71.5,19.6,14.6,point
2025-12-27 04:00:00 PM,19.7,66.1,19.1,13.2,point
2025-12-27 04:30:00 PM,19.5,61.0,18.6,11.8,point
2025-12-27 05:00:00 PM,19.4,58.0,18.4,11.0,point
2025-12-27 05:30:00 PM,19.4,55.7,18.3,10.4,point
2025-12-27 06:00:00 PM,19.5,54.4,18.4,10.1,point
2025-12-27 06:30:00 PM,19.8,54.0,18.7,10.2,point
2025-12-27 07:00:00 PM,19.4,53.3,18.2,9.7,point
2025-12-27 07:30:00 PM,19.6,53.5,18.5,9.9,point
2025-12-27 08:00:00 PM,19.7,53.7,18.5,10.1,point
2025-12-27 08:30:00 PM,19.6,53.3,18.4,9.8,point
2025-12-27 09:00:00 PM,19.7,52.8,18.5,9.8,point
2025-12-27 09:30:00 PM,13.4,57.5,12.2,5.2,point
2025-12-27 10:00:00 PM,6.1,63.4,5.7,-0.3,point
2025-12-27 10:30:00 PM,5.5,75.2,5.2,1.4,point