Device Name,4R
Device Model,Kestrel DROP 2
Serial Number,3076484
FORMATTED DATE_TIME,Temperature,Relative Humidity,Heat Index,Dew Point,Data Type,Record name,Start time,Duration (H:M:S),Location description,Location address,Location coordinates,Notes
yyyy-MM-dd hh:mm:ss a,°C,%,°C,°C
2000-01-01 12:10:00 AM,24.5,30.1,22.6,5.8,point
2000-01-01 12:20:00 AM,23.6,32.4,22.1,6.1,point
2000-01-01 12:30:00 AM,23.3,34.2,21.9,6.7,point
2000-01-01 12:40:00 AM,23.1,33.9,21.7,6.3,point
2000-01-01 12:50:00 AM,23.1,35.1,21.7,6.8,point
2000-01-01 01:00:00 AM,23.0,34.0,21.5,6.3,point
2000-01-01 01:10:00 AM,22.9,35.1,21.6,6.7,point
2000-01-01 01:20:00 AM,22.9,35.7,21.6,7.0,point
2000-01-01 01:30:00 AM,22.9,34.6,21.6,6.5,point
2000-01-01 01:40:00 AM,23.9,34.1,22.3,7.1,point
2000-01-01 01:50:00 AM,23.4,34.0,22.0,6.7,point
2025-07-09 02:30:00 PM,25.2,60.6,25.3,17.0,point
2025-07-09 03:00:00 PM,23.6,67.0,23.8,17.1,point
2025-07-09 03:30:00 PM,23.2,73.8,23.9,18.3,point
2025-07-09 04:00:00 PM,23.0,74.7,23.5,18.2,point
2025-07-09 04:30:00 PM,22.9,65.1,23.1,16.0,point
2025-07-09 05:00:00 PM,22.1,85.8,23.0,19.6,point
2025-07-09 05:30:00 PM,21.6,87.8,22.5,19.5,point
2025-07-09 06:00:00 PM,21.0,88.6,21.8,19.1,point
2025-07-09 06:30:00 PM,20.5,88.6,21.2,18.6,point
2025-07-09 07:00:00 PM,20.1,88.5,20.6,18.1,point
2025-07-09 07:30:00 PM,19.6,88.6,20.1,17.7,point
2025-07-09 08:00:00 PM,18.5,91.2,18.9,17.1,point
2025-07-09 08:30:00 PM,18.0,91.7,18.2,16.6,point
2025-07-09 09:00:00 PM,17.5,92.9,17.9,16.4,point
2025-07-09 09:30:00 PM,17.0,93.0,17.4,15.9,point
2025-07-09 10:00:00 PM,16.9,93.9,17.3,15.9,point
2025-07-09 10:30:00 PM,16.9,94.2,17.3,15.9,point
2025-07-09 11:00:00 PM,16.8,94.8,17.3,16.0,point
2025-07-09 11:30:00 PM,16.9,95.1,17.3,16.1,point
2025-07-10 12:00:00 AM,16.8,94.8,17.3,16.0,point
2025-07-10 12:30:00 AM,16.8,95.0,17.3,16.0,point
2025-07-10 01:00:00 AM,19.2,95.2,19.8,18.4,point
2025-07-10 01:30:00 AM,19.4,92.7,19.9,18.1,point
2025-07-10 02:00:00 AM,19.4,92.4,20.0,18.1,point
2025-07-10 02:30:00 AM,19.4,92.3,20.0,18.1,point
2025-07-10 03:00:00 AM,19.5,92.1,20.0,18.1,point
2025-07-10 03:30:00 AM,19.5,92.0,20.0,18.1,point
2025-07-10 04:00:00 AM,19.5,91.6,20.0,18.1,point
2025-07-10 04:30:00 AM,19.5,91.0,20.0,18.0,point
2025-07-10 05:00:00 AM,19.5,91.2,20.0,18.0,point
2025-07-10 05:30:00 AM,19.4,91.3,20.0,18.0,point
2025-07-10 06:00:00 AM,19.5,91.4,20.0,18.0,point
2025-07-10 06:30:00 AM,19.5,91.3,20.0,18.0,point
2025-07-10 07:00:00 AM,19.5,91.2,20.1,18.0,point
2025-07-10 07:30:00 AM,19.5,90.7,20.0,17.9,point
2025-07-10 08:00:00 AM,19.9,92.5,20.6,18.7,point
2025-07-10 08:30:00 AM,20.3,92.7,21.1,19.1,point
2025-07-10 09:00:00 AM,20.8,92.5,21.5,19.5,point
2025-07-10 09:30:00 AM,21.3,92.7,22.1,20.0,point
2025-07-10 10:00:00 AM,21.6,91.8,22.6,20.2,point
2025-07-10 10:30:00 AM,21.9,91.4,23.0,20.5,point
2025-07-10 11:00:00 AM,22.3,90.8,23.5,20.7,point
2025-07-10 11:30:00 AM,22.6,90.4,23.9,21.0,point
2025-07-10 12:00:00 PM,22.9,89.6,24.2,21.1,point
2025-07-10 12:30:00 PM,23.3,88.6,24.6,21.3,point
2025-07-10 01:00:00 PM,23.6,87.4,25.1,21.4,point
2025-07-10 01:30:00 PM,24.0,85.7,25.5,21.5,point
2025-07-10 02:00:00 PM,24.1,83.8,25.5,21.2,point
2025-07-10 02:30:00 PM,23.9,86.9,25.3,21.6,point
2025-07-10 03:00:00 PM,23.7,83.9,24.9,20.8,point
2025-07-10 03:30:00 PM,23.6,82.4,24.7,20.4,point
2025-07-10 04:00:00 PM,23.3,80.5,24.2,19.7,point
2025-07-10 04:30:00 PM,22.9,80.0,23.8,19.3,point
2025-07-10 05:00:00 PM,22.6,79.2,23.3,18.8,point
2025-07-10 05:30:00 PM,22.2,78.7,22.8,18.3,point
2025-07-10 06:00:00 PM,21.6,78.4,22.2,17.7,point
2025-07-10 06:30:00 PM,21.2,78.4,21.5,17.2,point
2025-07-10 07:00:00 PM,20.6,78.5,20.8,16.7,point
2025-07-10 07:30:00 PM,20.2,79.0,20.4,16.4,point
2025-07-10 08:00:00 PM,19.0,81.7,19.0,15.8,point
2025-07-10 08:30:00 PM,18.4,82.3,18.3,15.4,point
2025-07-10 09:00:00 PM,18.0,83.1,18.0,15.1,point
2025-07-10 09:30:00 PM,17.6,83.7,17.5,14.8,point
2025-07-10 10:00:00 PM,17.4,84.3,17.3,14.7,point
2025-07-10 10:30:00 PM,17.4,86.0,17.3,15.0,point
2025-07-10 11:00:00 PM,17.3,87.0,17.4,15.2,point
2025-07-10 11:30:00 PM,17.3,87.3,17.4,15.2,point
2025-07-11 12:00:00 AM,17.4,88.6,17.5,15.4,point
2025-07-11 12:30:00 AM,17.3,88.9,17.4,15.4,point
2025-07-11 01:00:00 AM,19.5,86.0,19.8,17.1,point
2025-07-11 01:30:00 AM,19.8,84.2,20.0,17.1,point
2025-07-11 02:00:00 AM,19.9,84.7,20.3,17.2,point
2025-07-11 02:30:00 AM,20.0,84.6,20.3,17.3,point
2025-07-11 03:00:00 AM,19.9,85.2,20.3,17.4,point
2025-07-11 03:30:00 AM,20.0,84.9,20.3,17.4,point
2025-07-11 04:00:00 AM,20.0,85.2,20.3,17.4,point
2025-07-11 04:30:00 AM,20.0,85.2,20.4,17.4,point
2025-07-11 05:00:00 AM,20.1,85.8,20.4,17.6,point
2025-07-11 05:30:00 AM,20.0,86.1,20.4,17.6,point
2025-07-11 06:00:00 AM,20.0,86.0,20.4,17.6,point
2025-07-11 06:30:00 AM,20.1,86.3,20.5,17.7,point
2025-07-11 07:00:00 AM,20.0,86.2,20.4,17.6,point
2025-07-11 07:30:00 AM,20.1,86.1,20.4,17.7,point
2025-07-11 08:00:00 AM,20.3,87.0,20.9,18.1,point
2025-07-11 08:30:00 AM,20.7,86.7,21.4,18.4,point
2025-07-11 09:00:00 AM,21.1,85.9,21.8,18.6,point
2025-07-11 09:30:00 AM,21.5,84.5,22.1,18.7,point
2025-07-11 10:00:00 AM,21.9,83.8,22.6,19.0,point
2025-07-11 10:30:00 AM,22.1,82.9,23.0,19.1,point
2025-07-11 11:00:00 AM,22.4,82.9,23.3,19.4,point
2025-07-11 11:30:00 AM,22.8,82.4,23.7,19.6,point
2025-07-11 12:00:00 PM,23.1,81.8,24.1,19.8,point
2025-07-11 12:30:00 PM,23.7,76.2,24.5,19.2,point
2025-07-11 01:00:00 PM,23.4,94.8,25.1,22.5,point
2025-07-11 01:30:00 PM,23.6,95.4,25.6,22.9,point
2025-07-11 02:00:00 PM,23.6,95.3,25.6,22.8,point
2025-07-11 02:30:00 PM,23.1,94.4,24.8,22.2,point
2025-07-11 03:00:00 PM,23.0,95.0,24.6,22.1,point
2025-07-11 03:30:00 PM,22.6,93.9,24.0,21.5,point
2025-07-11 04:00:00 PM,22.3,94.3,23.5,21.3,point
2025-07-11 04:30:00 PM,21.9,93.5,22.9,20.8,point
2025-07-11 05:00:00 PM,21.6,93.8,22.6,20.6,point
2025-07-11 05:30:00 PM,21.0,92.7,21.9,19.8,point
2025-07-11 06:00:00 PM,20.6,92.7,21.3,19.4,point
2025-07-11 06:30:00 PM,20.2,92.9,20.9,19.0,point
2025-07-11 07:00:00 PM,19.7,92.4,20.4,18.4,point
2025-07-11 07:30:00 PM,19.3,92.0,19.8,17.9,point
2025-07-11 08:00:00 PM,18.5,94.7,19.1,17.6,point
2025-07-11 08:30:00 PM,17.9,94.9,18.3,17.1,point
2025-07-11 09:00:00 PM,17.5,95.7,18.1,16.8,point
2025-07-11 09:30:00 PM,17.0,95.4,17.5,16.3,point
2025-07-11 10:00:00 PM,16.9,96.6,17.5,16.4,point
2025-07-11 10:30:00 PM,16.8,96.7,17.3,16.3,point
2025-07-11 11:00:00 PM,16.9,97.5,17.4,16.5,point
2025-07-11 11:30:00 PM,16.9,97.2,17.5,16.5,point
2025-07-12 12:00:00 AM,16.9,97.4,17.5,16.5,point
2025-07-12 12:30:00 AM,17.0,97.4,17.6,16.6,point
2025-07-12 01:00:00 AM,19.0,97.6,19.7,18.6,point
2025-07-12 01:30:00 AM,19.2,95.3,19.8,18.4,point
2025-07-12 02:00:00 AM,19.2,94.9,19.9,18.4,point
2025-07-12 02:30:00 AM,19.2,94.3,19.9,18.3,point
2025-07-12 03:00:00 AM,19.2,94.5,19.9,18.3,point
2025-07-12 03:30:00 AM,19.2,93.3,19.7,18.1,point
2025-07-12 04:00:00 AM,19.2,93.9,19.9,18.2,point
2025-07-12 04:30:00 AM,19.2,93.7,19.8,18.2,point
2025-07-12 05:00:00 AM,19.4,93.3,19.9,18.2,point
2025-07-12 05:30:00 AM,19.4,93.5,19.9,18.3,point
2025-07-12 06:00:00 AM,19.3,93.0,19.9,18.2,point
2025-07-12 06:30:00 AM,19.3,93.0,19.8,18.1,point
2025-07-12 07:00:00 AM,19.4,93.3,19.9,18.3,point
2025-07-12 07:30:00 AM,19.4,93.4,19.9,18.3,point
2025-07-12 08:00:00 AM,19.7,94.3,20.4,18.7,point
2025-07-12 08:30:00 AM,20.2,95.3,20.9,19.4,point
2025-07-12 09:00:00 AM,20.6,95.5,21.4,19.8,point
2025-07-12 09:30:00 AM,21.1,95.9,22.1,20.4,point
2025-07-12 10:00:00 AM,21.4,95.5,22.4,20.7,point
2025-07-12 10:30:00 AM,21.7,95.1,22.8,20.9,point
2025-07-12 11:00:00 AM,22.1,95.3,23.3,21.3,point
2025-07-12 11:30:00 AM,22.4,95.4,23.7,21.6,point
2025-07-12 12:00:00 PM,22.7,95.4,24.3,21.9,point
2025-07-12 12:30:00 PM,23.0,94.9,24.7,22.1,point
2025-07-12 01:00:00 PM,23.3,94.9,25.1,22.5,point
2025-07-12 01:30:00 PM,23.8,94.8,25.6,22.9,point
2025-07-12 02:00:00 PM,23.8,93.1,25.5,22.6,point
2025-07-12 02:30:00 PM,23.6,92.5,25.3,22.3,point
2025-07-12 03:00:00 PM,23.3,91.6,24.8,21.8,point
2025-07-12 03:30:00 PM,23.0,91.0,24.5,21.4,point
2025-07-12 04:00:00 PM,22.8,90.4,24.1,21.1,point
2025-07-12 04:30:00 PM,22.4,89.5,23.4,20.6,point
2025-07-12 05:00:00 PM,22.1,88.9,23.0,20.2,point
2025-07-12 05:30:00 PM,21.5,88.3,22.4,19.5,point
2025-07-12 06:00:00 PM,21.2,88.2,21.9,19.1,point
2025-07-12 06:30:00 PM,20.6,88.0,21.1,18.5,point
2025-07-12 07:00:00 PM,20.2,87.9,20.8,18.1,point
2025-07-12 07:30:00 PM,19.7,87.3,20.0,17.5,point
2025-07-12 08:00:00 PM,18.8,89.7,19.0,17.0,point
2025-07-12 08:30:00 PM,18.3,90.1,18.5,16.6,point
2025-07-12 09:00:00 PM,17.8,90.1,18.0,16.1,point
2025-07-12 09:30:00 PM,17.2,89.9,17.4,15.6,point
2025-07-12 10:00:00 PM,17.1,90.5,17.4,15.5,point
2025-07-12 10:30:00 PM,17.0,90.6,17.3,15.5,point
2025-07-12 11:00:00 PM,17.0,90.5,17.2,15.4,point
2025-07-12 11:30:00 PM,16.8,90.1,17.1,15.2,point
2025-07-13 12:00:00 AM,16.9,90.0,17.0,15.2,point
2025-07-13 12:30:00 AM,16.8,90.8,17.1,15.3,point
2025-07-13 01:00:00 AM,18.9,88.0,19.1,16.8,point
2025-07-13 01:30:00 AM,19.0,85.8,19.2,16.6,point
2025-07-13 02:00:00 AM,19.1,86.7,19.3,16.8,point
2025-07-13 02:30:00 AM,19.1,86.1,19.3,16.7,point
2025-07-13 03:00:00 AM,19.2,86.2,19.4,16.9,point
2025-07-13 03:30:00 AM,19.2,85.6,19.3,16.7,point
2025-07-13 04:00:00 AM,19.2,85.7,19.4,16.8,point
2025-07-13 04:30:00 AM,19.1,85.3,19.3,16.6,point
2025-07-13 05:00:00 AM,19.2,85.3,19.3,16.7,point
2025-07-13 05:30:00 AM,19.1,85.2,19.3,16.6,point
2025-07-13 06:00:00 AM,19.2,85.1,19.4,16.7,point
2025-07-13 06:30:00 AM,19.2,84.5,19.4,16.5,point
2025-07-13 07:00:00 AM,19.2,84.6,19.4,16.6,point
2025-07-13 07:30:00 AM,19.2,84.1,19.3,16.4,point
2025-07-13 08:00:00 AM,19.5,84.7,19.8,16.9,point
2025-07-13 08:30:00 AM,19.9,84.2,20.1,17.1,point
2025-07-13 09:00:00 AM,20.4,83.7,20.8,17.5,point
2025-07-13 09:30:00 AM,20.8,82.9,21.4,17.8,point
2025-07-13 10:00:00 AM,21.2,82.4,21.7,18.1,point
2025-07-13 10:30:00 AM,21.6,82.1,22.2,18.4,point
2025-07-13 11:00:00 AM,21.8,81.6,22.4,18.5,point
2025-07-13 11:30:00 AM,22.1,81.2,22.9,18.8,point
2025-07-13 12:00:00 PM,22.4,80.9,23.1,18.9,point
2025-07-13 12:30:00 PM,22.8,80.7,23.6,19.3,point
2025-07-13 01:00:00 PM,23.1,80.1,24.1,19.5,point
2025-07-13 01:30:00 PM,23.6,79.8,24.5,19.9,point
2025-07-13 02:00:00 PM,23.5,78.9,24.5,19.7,point
2025-07-13 02:30:00 PM,23.3,78.5,24.2,19.4,point
2025-07-13 03:00:00 PM,23.1,78.7,24.0,19.2,point
2025-07-13 03:30:00 PM,22.8,78.7,23.5,18.9,point
2025-07-13 04:00:00 PM,22.6,79.0,23.4,18.8,point
2025-07-13 04:30:00 PM,22.2,79.2,23.0,18.5,point
2025-07-13 05:00:00 PM,21.8,79.6,22.4,18.1,point
2025-07-13 05:30:00 PM,21.3,79.2,21.8,17.5,point
2025-07-13 06:00:00 PM,20.8,79.6,21.3,17.2,point
2025-07-13 06:30:00 PM,20.4,79.7,20.6,16.7,point
2025-07-13 07:00:00 PM,20.0,80.4,20.2,16.6,point
2025-07-13 07:30:00 PM,19.6,80.5,19.6,16.1,point
2025-07-13 08:00:00 PM,18.6,82.8,18.6,15.6,point
2025-07-13 08:30:00 PM,18.1,83.0,18.0,15.1,point
2025-07-13 09:00:00 PM,17.6,84.1,17.6,14.9,point
2025-07-13 09:30:00 PM,17.2,85.1,17.1,14.6,point
2025-07-13 10:00:00 PM,17.0,86.6,17.0,14.7,point
2025-07-13 10:30:00 PM,16.9,87.4,17.0,14.8,point
2025-07-13 11:00:00 PM,16.9,87.5,17.0,14.8,point
2025-07-13 11:30:00 PM,16.9,87.4,16.9,14.8,point
2025-07-14 12:00:00 AM,16.9,87.6,16.9,14.8,point
2025-07-14 12:30:00 AM,16.8,87.2,16.9,14.7,point
2025-07-14 01:00:00 AM,18.9,83.1,18.9,15.9,point
2025-07-14 01:30:00 AM,19.0,81.8,18.9,15.8,point
2025-07-14 02:00:00 AM,19.0,82.1,19.0,15.9,point
2025-07-14 02:30:00 AM,19.2,82.6,19.4,16.2,point
2025-07-14 03:00:00 AM,19.1,82.0,19.2,16.0,point
2025-07-14 03:30:00 AM,19.1,82.4,19.2,16.0,point
2025-07-14 04:00:00 AM,19.1,82.4,19.2,16.1,point
2025-07-14 04:30:00 AM,19.1,82.5,19.2,16.1,point
2025-07-14 05:00:00 AM,19.2,82.6,19.3,16.2,point
2025-07-14 05:30:00 AM,19.2,83.0,19.3,16.2,point
2025-07-14 06:00:00 AM,19.2,82.8,19.3,16.2,point
2025-07-14 06:30:00 AM,19.2,82.9,19.3,16.2,point
2025-07-14 07:00:00 AM,19.2,83.1,19.4,16.3,point
2025-07-14 07:30:00 AM,19.3,83.3,19.4,16.4,point
2025-07-14 08:00:00 AM,19.5,83.3,19.8,16.6,point
2025-07-14 08:30:00 AM,20.0,82.9,20.3,17.0,point
2025-07-14 09:00:00 AM,20.4,82.1,20.7,17.2,point
2025-07-14 09:30:00 AM,20.9,81.5,21.3,17.6,point
2025-07-14 10:00:00 AM,21.2,80.9,21.8,17.8,point
2025-07-14 10:30:00 AM,21.5,80.5,22.0,18.0,point
2025-07-14 11:00:00 AM,21.8,80.0,22.4,18.2,point
2025-07-14 11:30:00 AM,22.1,79.6,22.9,18.4,point
2025-07-14 12:00:00 PM,22.4,79.0,23.1,18.6,point
2025-07-14 12:30:00 PM,22.8,78.8,23.5,18.9,point
2025-07-14 01:00:00 PM,23.1,78.3,24.0,19.1,point
2025-07-14 01:30:00 PM,23.6,77.8,24.4,19.5,point
2025-07-14 02:00:00 PM,23.6,78.6,24.5,19.7,point
2025-07-14 02:30:00 PM,23.4,77.9,24.2,19.3,point
2025-07-14 03:00:00 PM,23.1,77.7,23.9,19.0,point
2025-07-14 03:30:00 PM,22.8,77.9,23.5,18.7,point
2025-07-14 04:00:00 PM,22.6,78.2,23.2,18.6,point
2025-07-14 04:30:00 PM,22.3,78.7,22.9,18.4,point
2025-07-14 05:00:00 PM,21.8,79.2,22.5,18.1,point
2025-07-14 05:30:00 PM,21.4,79.0,22.0,17.6,point
2025-07-14 06:00:00 PM,20.9,78.8,21.4,17.1,point
2025-07-14 06:30:00 PM,20.4,79.1,20.6,16.6,point
2025-07-14 07:00:00 PM,20.0,80.7,20.2,16.6,point
2025-07-14 07:30:00 PM,19.5,81.5,19.7,16.3,point
2025-07-14 08:00:00 PM,18.6,84.0,18.6,15.9,point
2025-07-14 08:30:00 PM,18.1,84.0,18.0,15.3,point
2025-07-14 09:00:00 PM,17.6,85.0,17.6,15.1,point
2025-07-14 09:30:00 PM,17.2,85.6,17.2,14.8,point
2025-07-14 10:00:00 PM,17.0,86.8,17.1,14.8,point
2025-07-14 10:30:00 PM,16.9,87.2,17.0,14.8,point
2025-07-14 11:00:00 PM,16.8,87.2,16.9,14.7,point
2025-07-14 11:30:00 PM,16.9,87.6,16.9,14.8,point
2025-07-15 12:00:00 AM,16.9,88.4,17.1,15.0,point
2025-07-15 12:30:00 AM,16.8,88.3,17.0,14.9,point
2025-07-15 01:00:00 AM,18.8,84.3,18.9,16.1,point
2025-07-15 01:30:00 AM,19.0,83.3,19.0,16.1,point
2025-07-15 02:00:00 AM,19.0,83.4,19.1,16.2,point
2025-07-15 02:30:00 AM,19.2,83.3,19.4,16.3,point
2025-07-15 03:00:00 AM,19.2,83.6,19.3,16.4,point
2025-07-15 03:30:00 AM,19.1,83.2,19.1,16.1,point
2025-07-15 04:00:00 AM,19.2,83.5,19.4,16.4,point
2025-07-15 04:30:00 AM,19.2,83.7,19.3,16.4,point
2025-07-15 05:00:00 AM,19.1,83.4,19.3,16.2,point
2025-07-15 05:30:00 AM,19.1,83.9,19.3,16.4,point
2025-07-15 06:00:00 AM,19.2,84.6,19.4,16.6,point
2025-07-15 06:30:00 AM,19.2,84.7,19.4,16.6,point
2025-07-15 07:00:00 AM,19.2,84.9,19.4,16.6,point
2025-07-15 07:30:00 AM,19.2,84.5,19.4,16.5,point
2025-07-15 08:00:00 AM,19.5,85.2,19.8,16.9,point
2025-07-15 08:30:00 AM,19.9,84.6,20.3,17.2,point
2025-07-15 09:00:00 AM,20.3,83.9,20.6,17.5,point
2025-07-15 09:30:00 AM,20.8,83.1,21.4,17.8,point
2025-07-15 10:00:00 AM,21.2,82.4,21.8,18.1,point
2025-07-15 10:30:00 AM,21.5,82.7,22.3,18.5,point
2025-07-15 11:00:00 AM,21.7,81.5,22.4,18.4,point
2025-07-15 11:30:00 AM,22.2,81.3,22.9,18.8,point
2025-07-15 12:00:00 PM,22.4,80.7,23.1,18.9,point
2025-07-15 12:30:00 PM,22.7,80.5,23.6,19.2,point
2025-07-15 01:00:00 PM,23.1,80.1,23.9,19.5,point
2025-07-15 01:30:00 PM,23.5,79.8,24.5,19.8,point
2025-07-15 02:00:00 PM,23.5,79.1,24.5,19.7,point
2025-07-15 02:30:00 PM,23.4,79.2,24.3,19.6,point
2025-07-15 03:00:00 PM,23.1,79.5,23.9,19.3,point
2025-07-15 03:30:00 PM,23.0,72.1,23.6,17.7,point
2025-07-15 04:00:00 PM,22.8,75.6,23.4,18.2,point
2025-07-15 04:30:00 PM,22.7,79.8,23.5,19.0,point
2025-07-15 05:00:00 PM,22.2,80.3,23.0,18.6,point
2025-07-15 05:30:00 PM,21.8,80.8,22.5,18.4,point
2025-07-15 06:00:00 PM,21.4,81.0,21.9,18.0,point
2025-07-15 06:30:00 PM,20.9,83.0,21.5,17.9,point
2025-07-15 07:00:00 PM,20.4,83.9,20.9,17.6,point
2025-07-15 07:30:00 PM,20.0,84.0,20.3,17.2,point
2025-07-15 08:00:00 PM,18.9,87.5,19.1,16.8,point
2025-07-15 08:30:00 PM,18.3,89.3,18.6,16.5,point
2025-07-15 09:00:00 PM,17.9,89.9,18.1,16.2,point
2025-07-15 09:30:00 PM,17.5,90.4,17.7,15.9,point
2025-07-15 10:00:00 PM,17.2,91.9,17.4,15.8,point
2025-07-15 10:30:00 PM,17.1,92.5,17.5,15.9,point
2025-07-15 11:00:00 PM,17.2,93.5,17.5,16.1,point
2025-07-15 11:30:00 PM,17.2,93.6,17.5,16.1,point
2025-07-16 12:00:00 AM,17.1,93.7,17.5,16.1,point
2025-07-16 12:30:00 AM,17.1,93.3,17.5,16.0,point
2025-07-16 01:00:00 AM,19.2,90.9,19.7,17.7,point
2025-07-16 01:30:00 AM,19.5,89.0,20.0,17.6,point
2025-07-16 02:00:00 AM,19.5,87.7,19.9,17.4,point
2025-07-16 02:30:00 AM,19.6,87.4,20.0,17.5,point
2025-07-16 03:00:00 AM,19.6,87.3,19.9,17.4,point
2025-07-16 03:30:00 AM,19.6,87.2,19.9,17.4,point
2025-07-16 04:00:00 AM,19.6,86.8,20.0,17.4,point
2025-07-16 04:30:00 AM,19.6,86.8,19.9,17.3,point
2025-07-16 05:00:00 AM,19.6,87.2,19.9,17.4,point
2025-07-16 05:30:00 AM,19.6,87.7,20.0,17.5,point
2025-07-16 06:00:00 AM,19.6,87.6,20.0,17.5,point
2025-07-16 06:30:00 AM,19.6,87.8,20.0,17.6,point
2025-07-16 07:00:00 AM,19.7,88.9,20.1,17.8,point
2025-07-16 07:30:00 AM,19.7,89.1,20.1,17.8,point
2025-07-16 08:00:00 AM,20.0,90.8,20.6,18.4,point
2025-07-16 08:30:00 AM,20.3,88.4,20.9,18.3,point
2025-07-16 09:00:00 AM,20.8,86.9,21.4,18.5,point
2025-07-16 09:30:00 AM,21.2,86.1,21.9,18.8,point
2025-07-16 10:00:00 AM,21.6,85.6,22.3,19.1,point
2025-07-16 10:30:00 AM,21.9,85.4,22.6,19.3,point
2025-07-16 11:00:00 AM,22.2,84.9,23.0,19.5,point
2025-07-16 11:30:00 AM,22.5,84.3,23.5,19.7,point
2025-07-16 12:00:00 PM,22.8,83.8,23.9,19.9,point
2025-07-16 12:30:00 PM,23.1,83.4,24.3,20.2,point
2025-07-16 01:00:00 PM,23.5,83.0,24.6,20.4,point
2025-07-16 01:30:00 PM,24.0,82.4,25.2,20.8,point
2025-07-16 02:00:00 PM,24.0,81.5,25.2,20.6,point
2025-07-16 02:30:00 PM,23.8,80.9,24.8,20.3,point
2025-07-16 03:00:00 PM,23.5,81.3,24.6,20.1,point
2025-07-16 03:30:00 PM,23.3,82.1,24.4,20.1,point
2025-07-16 04:00:00 PM,23.0,82.4,24.0,19.9,point
2025-07-16 04:30:00 PM,22.7,82.1,23.5,19.4,point
2025-07-16 05:00:00 PM,22.3,82.4,23.0,19.1,point
2025-07-16 05:30:00 PM,21.8,82.8,22.6,18.8,point
2025-07-16 06:00:00 PM,21.4,83.6,22.1,18.5,point
2025-07-16 06:30:00 PM,21.0,84.8,21.5,18.3,point
2025-07-16 07:00:00 PM,20.5,85.0,21.0,17.9,point
2025-07-16 07:30:00 PM,20.1,85.8,20.4,17.6,point
2025-07-16 08:00:00 PM,18.9,88.3,19.1,16.9,point
2025-07-16 08:30:00 PM,18.4,90.3,18.7,16.7,point
2025-07-16 09:00:00 PM,17.9,90.7,18.2,16.4,point
2025-07-16 09:30:00 PM,17.5,91.5,17.8,16.1,point
2025-07-16 10:00:00 PM,17.2,92.6,17.6,16.0,point
2025-07-16 10:30:00 PM,17.1,93.7,17.5,16.1,point
2025-07-16 11:00:00 PM,17.1,93.9,17.6,16.1,point
2025-07-16 11:30:00 PM,17.1,93.5,17.4,16.0,point
2025-07-17 12:00:00 AM,17.1,93.8,17.5,16.1,point
2025-07-17 12:30:00 AM,17.1,94.2,17.5,16.2,point
2025-07-17 01:00:00 AM,19.2,92.6,19.8,18.0,point
2025-07-17 01:30:00 AM,19.5,90.2,20.0,17.8,point
2025-07-17 02:00:00 AM,19.6,89.7,20.0,17.8,point
2025-07-17 02:30:00 AM,19.6,89.3,20.1,17.8,point
2025-07-17 03:00:00 AM,19.6,88.8,20.0,17.7,point
2025-07-17 03:30:00 AM,19.6,88.8,20.0,17.6,point
2025-07-17 04:00:00 AM,19.6,88.9,20.1,17.8,point
2025-07-17 04:30:00 AM,19.6,89.0,20.1,17.7,point
2025-07-17 05:00:00 AM,19.7,89.1,20.1,17.8,point
2025-07-17 05:30:00 AM,19.6,89.2,20.1,17.8,point
2025-07-17 06:00:00 AM,19.6,89.7,20.1,17.9,point
2025-07-17 06:30:00 AM,19.6,89.4,20.1,17.8,point
2025-07-17 07:00:00 AM,19.6,90.0,20.1,17.9,point
2025-07-17 07:30:00 AM,19.7,90.0,20.2,18.0,point
2025-07-17 08:00:00 AM,19.9,90.6,20.6,18.3,point
2025-07-17 08:30:00 AM,20.3,89.7,20.9,18.6,point
2025-07-17 09:00:00 AM,20.8,88.8,21.4,18.8,point
2025-07-17 09:30:00 AM,21.2,87.7,21.9,19.1,point
2025-07-17 10:00:00 AM,21.5,86.7,22.4,19.2,point
2025-07-17 10:30:00 AM,21.9,86.2,22.6,19.5,point
2025-07-17 11:00:00 AM,22.2,85.2,23.0,19.6,point
2025-07-17 11:30:00 AM,22.4,84.6,23.4,19.7,point
2025-07-17 12:00:00 PM,22.8,84.3,23.8,20.0,point
2025-07-17 12:30:00 PM,23.1,84.2,24.1,20.3,point
2025-07-17 01:00:00 PM,23.4,81.6,24.5,20.1,point
2025-07-17 01:30:00 PM,24.3,72.6,24.9,19.0,point
2025-07-17 02:00:00 PM,24.2,86.5,25.7,21.8,point
2025-07-17 02:30:00 PM,24.0,87.5,25.5,21.8,point
2025-07-17 03:00:00 PM,23.7,88.3,25.2,21.7,point
2025-07-17 03:30:00 PM,23.4,89.0,24.8,21.4,point
2025-07-17 04:00:00 PM,23.0,89.4,24.4,21.2,point
2025-07-17 04:30:00 PM,22.8,90.2,24.1,21.1,point
2025-07-17 05:00:00 PM,22.3,90.0,23.5,20.6,point
2025-07-17 05:30:00 PM,21.9,90.3,22.9,20.2,point
2025-07-17 06:00:00 PM,21.4,90.9,22.3,19.9,point
2025-07-17 06:30:00 PM,20.9,90.7,21.7,19.3,point
2025-07-17 07:00:00 PM,20.4,90.8,21.1,18.9,point
2025-07-17 07:30:00 PM,19.9,89.8,20.3,18.2,point
2025-07-17 08:00:00 PM,18.7,92.8,19.2,17.5,point
2025-07-17 08:30:00 PM,18.2,93.9,18.7,17.2,point
2025-07-17 09:00:00 PM,17.7,93.4,18.0,16.6,point
2025-07-17 09:30:00 PM,17.3,93.6,17.6,16.2,point
2025-07-17 10:00:00 PM,17.1,94.8,17.5,16.2,point
2025-07-17 10:30:00 PM,17.0,94.8,17.5,16.2,point
2025-07-17 11:00:00 PM,17.0,95.1,17.5,16.2,point
2025-07-17 11:30:00 PM,17.0,95.2,17.5,16.2,point
2025-07-18 12:00:00 AM,17.0,95.1,17.5,16.2,point
2025-07-18 12:30:00 AM,17.0,95.8,17.6,16.3,point
2025-07-18 01:00:00 AM,19.4,95.0,20.1,18.6,point
2025-07-18 01:30:00 AM,19.6,93.3,20.3,18.5,point
2025-07-18 02:00:00 AM,19.7,92.9,20.4,18.5,point
2025-07-18 02:30:00 AM,19.7,92.4,20.3,18.4,point
2025-07-18 03:00:00 AM,19.7,92.2,20.4,18.4,point
2025-07-18 03:30:00 AM,19.7,91.7,20.3,18.3,point
2025-07-18 04:00:00 AM,19.7,91.7,20.3,18.3,point
2025-07-18 04:30:00 AM,19.7,91.6,20.3,18.3,point
2025-07-18 05:00:00 AM,19.7,91.4,20.3,18.3,point
2025-07-18 05:30:00 AM,19.7,91.5,20.3,18.3,point
2025-07-18 06:00:00 AM,19.8,91.6,20.3,18.3,point
2025-07-18 06:30:00 AM,19.7,90.8,20.3,18.2,point
2025-07-18 07:00:00 AM,19.8,91.3,20.3,18.3,point
2025-07-18 07:30:00 AM,19.8,91.4,20.3,18.3,point
2025-07-18 08:00:00 AM,20.0,91.6,20.6,18.6,point
2025-07-18 08:30:00 AM,20.4,91.5,21.1,19.0,point
2025-07-18 09:00:00 AM,20.9,91.7,21.7,19.5,point
2025-07-18 09:30:00 AM,21.4,91.2,22.2,19.9,point
2025-07-18 10:00:00 AM,21.7,90.6,22.7,20.1,point
2025-07-18 10:30:00 AM,22.0,89.8,23.0,20.3,point
2025-07-18 11:00:00 AM,22.3,89.1,23.4,20.4,point
2025-07-18 11:30:00 AM,22.6,88.6,23.8,20.6,point
2025-07-18 12:00:00 PM,22.9,87.5,24.2,20.7,point
2025-07-18 12:30:00 PM,23.2,86.3,24.5,20.8,point
2025-07-18 01:00:00 PM,23.6,85.5,24.8,21.0,point
2025-07-18 01:30:00 PM,22.4,80.6,23.1,18.9,point
2025-07-18 02:00:00 PM,21.6,87.2,22.5,19.4,point
2025-07-18 02:30:00 PM,21.2,87.4,22.0,19.1,point
2025-07-18 03:00:00 PM,20.9,87.9,21.5,18.8,point
2025-07-18 03:30:00 PM,20.6,87.5,21.3,18.5,point
2025-07-18 04:00:00 PM,20.4,83.7,20.8,17.5,point
2025-07-18 04:30:00 PM,20.2,79.3,20.4,16.5,point
2025-07-18 05:00:00 PM,20.0,79.9,20.1,16.4,point
2025-07-18 05:30:00 PM,19.4,84.6,19.6,16.7,point
2025-07-18 06:00:00 PM,18.9,85.2,19.0,16.3,point
2025-07-18 06:30:00 PM,18.4,86.0,18.4,16.0,point
2025-07-18 07:00:00 PM,17.9,86.0,17.9,15.6,point
2025-07-18 07:30:00 PM,17.4,86.1,17.3,15.0,point
2025-07-18 08:00:00 PM,16.6,88.7,16.7,14.7,point
2025-07-18 08:30:00 PM,16.2,89.5,16.4,14.5,point
2025-07-18 09:00:00 PM,16.0,89.9,16.1,14.3,point
2025-07-18 09:30:00 PM,15.7,90.6,16.0,14.2,point
2025-07-18 10:00:00 PM,15.6,91.2,15.9,14.2,point
2025-07-18 10:30:00 PM,15.5,91.5,15.8,14.1,point
2025-07-18 11:00:00 PM,15.5,91.5,15.8,14.1,point
2025-07-18 11:30:00 PM,15.6,91.8,15.8,14.2,point
2025-07-19 12:00:00 AM,15.6,92.4,15.9,14.3,point
2025-07-19 12:30:00 AM,15.5,92.0,15.9,14.2,point
2025-07-19 01:00:00 AM,16.8,91.0,17.1,15.3,point
2025-07-19 01:30:00 AM,16.8,89.5,17.0,15.1,point
2025-07-19 02:00:00 AM,16.9,89.4,17.0,15.1,point
2025-07-19 02:30:00 AM,16.9,89.0,17.0,15.1,point
2025-07-19 03:00:00 AM,16.9,89.1,17.1,15.1,point
2025-07-19 03:30:00 AM,16.9,89.3,17.1,15.1,point
2025-07-19 04:00:00 AM,17.0,89.8,17.1,15.3,point
2025-07-19 04:30:00 AM,16.9,89.0,17.0,15.1,point
2025-07-19 05:00:00 AM,16.9,89.3,17.1,15.2,point
2025-07-19 05:30:00 AM,16.9,89.4,17.1,15.2,point
2025-07-19 06:00:00 AM,16.9,89.3,17.1,15.1,point
2025-07-19 06:30:00 AM,16.9,89.4,17.1,15.2,point
2025-07-19 07:00:00 AM,16.9,89.3,17.0,15.1,point
2025-07-19 07:30:00 AM,16.9,89.5,17.0,15.2,point
2025-07-19 08:00:00 AM,17.2,90.3,17.4,15.6,point
2025-07-19 08:30:00 AM,17.7,91.2,18.0,16.2,point
2025-07-19 09:00:00 AM,18.1,90.9,18.4,16.6,point
2025-07-19 09:30:00 AM,18.6,90.6,18.9,17.0,point
2025-07-19 10:00:00 AM,18.9,90.4,19.4,17.3,point
2025-07-19 10:30:00 AM,19.3,90.2,19.7,17.6,point
2025-07-19 11:00:00 AM,19.5,89.3,20.0,17.7,point
2025-07-19 11:30:00 AM,19.8,88.3,20.2,17.8,point
2025-07-19 12:00:00 PM,20.1,87.2,20.6,17.9,point
2025-07-19 12:30:00 PM,20.4,85.8,20.8,17.9,point
2025-07-19 01:00:00 PM,20.9,84.7,21.4,18.2,point
2025-07-19 01:30:00 PM,21.2,83.7,21.9,18.4,point
2025-07-19 02:00:00 PM,21.2,83.1,21.9,18.2,point
2025-07-19 02:30:00 PM,21.0,83.1,21.6,18.1,point
2025-07-19 03:00:00 PM,20.7,82.9,21.1,17.7,point
2025-07-19 03:30:00 PM,20.4,83.2,20.8,17.4,point
2025-07-19 04:00:00 PM,20.1,83.6,20.5,17.3,point
2025-07-19 04:30:00 PM,19.9,83.4,20.1,17.0,point
2025-07-19 05:00:00 PM,19.5,83.6,19.8,16.6,point
2025-07-19 05:30:00 PM,19.1,84.0,19.3,16.4,point
2025-07-19 06:00:00 PM,18.6,83.4,18.6,15.8,point
2025-07-19 06:30:00 PM,18.1,84.1,18.1,15.4,point
2025-07-19 07:00:00 PM,17.7,85.1,17.7,15.2,point
2025-07-19 07:30:00 PM,17.3,85.0,17.2,14.7,point
2025-07-19 08:00:00 PM,16.5,88.1,16.6,14.6,point
2025-07-19 08:30:00 PM,16.2,89.1,16.4,14.4,point
2025-07-19 09:00:00 PM,16.0,88.9,16.1,14.1,point
2025-07-19 09:30:00 PM,15.7,89.0,15.9,13.9,point
2025-07-19 10:00:00 PM,15.6,90.0,15.9,14.0,point
2025-07-19 10:30:00 PM,15.5,89.8,15.7,13.8,point
2025-07-19 11:00:00 PM,15.5,89.8,15.7,13.9,point
2025-07-19 11:30:00 PM,15.4,90.2,15.7,13.8,point
2025-07-20 12:00:00 AM,15.5,90.4,15.7,13.9,point
2025-07-20 12:30:00 AM,15.5,90.5,15.7,13.9,point
2025-07-20 01:00:00 AM,16.7,88.7,16.9,14.8,point
2025-07-20 01:30:00 AM,16.9,87.8,16.9,14.8,point
2025-07-20 02:00:00 AM,16.9,87.8,17.0,14.9,point
2025-07-20 02:30:00 AM,16.9,87.8,17.0,14.9,point
2025-07-20 03:00:00 AM,16.9,88.1,17.0,14.9,point
2025-07-20 03:30:00 AM,16.9,87.6,17.0,14.8,point
2025-07-20 04:00:00 AM,16.9,87.7,16.9,14.8,point
2025-07-20 04:30:00 AM,16.9,87.7,17.0,14.9,point
2025-07-20 05:00:00 AM,16.9,87.8,17.0,14.9,point
2025-07-20 05:30:00 AM,16.9,87.7,16.9,14.8,point
2025-07-20 06:00:00 AM,16.9,87.4,16.9,14.8,point
2025-07-20 06:30:00 AM,17.0,88.2,17.1,15.0,point
2025-07-20 07:00:00 AM,16.9,88.2,17.0,14.9,point
2025-07-20 07:30:00 AM,16.9,88.2,17.1,15.0,point
2025-07-20 08:00:00 AM,17.1,88.5,17.3,15.2,point
2025-07-20 08:30:00 AM,17.6,88.1,17.6,15.6,point
2025-07-20 09:00:00 AM,18.0,87.6,18.1,15.9,point
2025-07-20 09:30:00 AM,18.4,87.0,18.6,16.2,point
2025-07-20 10:00:00 AM,18.8,86.2,19.0,16.5,point
2025-07-20 10:30:00 AM,19.1,85.7,19.3,16.6,point
2025-07-20 11:00:00 AM,19.4,85.7,19.7,17.0,point
2025-07-20 11:30:00 AM,19.7,85.5,20.1,17.2,point
2025-07-20 12:00:00 PM,20.1,85.3,20.4,17.5,point
2025-07-20 12:30:00 PM,20.3,84.8,20.8,17.7,point
2025-07-20 01:00:00 PM,20.8,83.9,21.3,17.9,point
2025-07-20 01:30:00 PM,21.2,82.8,21.9,18.2,point
2025-07-20 02:00:00 PM,21.2,81.7,21.8,18.0,point
2025-07-20 02:30:00 PM,21.0,81.6,21.4,17.7,point
2025-07-20 03:00:00 PM,20.8,81.5,21.2,17.5,point
2025-07-20 03:30:00 PM,20.4,81.5,20.8,17.1,point
2025-07-20 04:00:00 PM,20.1,81.8,20.4,16.9,point
2025-07-20 04:30:00 PM,19.9,82.2,20.2,16.8,point
2025-07-20 05:00:00 PM,19.4,82.5,19.5,16.4,point
2025-07-20 05:30:00 PM,19.0,82.8,19.1,16.0,point
2025-07-20 06:00:00 PM,18.6,83.0,18.5,15.6,point
2025-07-20 06:30:00 PM,18.1,83.2,18.1,15.2,point
2025-07-20 07:00:00 PM,17.7,84.2,17.7,15.0,point
2025-07-20 07:30:00 PM,17.2,84.2,17.2,14.6,point
2025-07-20 08:00:00 PM,16.5,86.7,16.6,14.3,point
2025-07-20 08:30:00 PM,16.2,87.7,16.2,14.1,point
2025-07-20 09:00:00 PM,15.9,87.9,16.0,13.9,point
2025-07-20 09:30:00 PM,15.7,88.2,15.9,13.8,point
2025-07-20 10:00:00 PM,15.6,88.5,15.7,13.7,point
2025-07-20 10:30:00 PM,15.6,88.6,15.7,13.7,point
2025-07-20 11:00:00 PM,15.5,88.6,15.7,13.6,point
2025-07-20 11:30:00 PM,15.5,88.5,15.6,13.6,point
2025-07-21 12:00:00 AM,15.5,88.6,15.6,13.6,point
2025-07-21 12:30:00 AM,15.4,88.6,15.6,13.5,point
2025-07-21 01:00:00 AM,16.7,86.5,16.7,14.4,point
2025-07-21 01:30:00 AM,16.8,86.3,16.8,14.5,point
2025-07-21 02:00:00 AM,16.8,86.1,16.8,14.5,point
2025-07-21 02:30:00 AM,16.8,86.8,16.9,14.6,point
2025-07-21 03:00:00 AM,16.9,87.3,16.9,14.8,point
2025-07-21 03:30:00 AM,16.9,87.8,17.0,14.9,point
2025-07-21 04:00:00 AM,16.9,87.6,16.9,14.8,point
2025-07-21 04:30:00 AM,16.9,87.9,16.9,14.8,point
2025-07-21 05:00:00 AM,16.9,88.7,17.1,15.0,point
2025-07-21 05:30:00 AM,17.0,88.9,17.1,15.1,point
2025-07-21 06:00:00 AM,16.9,88.9,17.1,15.1,point
2025-07-21 06:30:00 AM,17.0,89.1,17.1,15.1,point
2025-07-21 07:00:00 AM,16.9,89.0,17.1,15.1,point
2025-07-21 07:30:00 AM,17.0,88.8,17.1,15.1,point
2025-07-21 08:00:00 AM,17.2,89.3,17.3,15.4,point
2025-07-21 08:30:00 AM,17.6,89.8,17.8,15.9,point
2025-07-21 09:00:00 AM,18.1,90.1,18.4,16.5,point
2025-07-21 09:30:00 AM,18.4,88.8,18.7,16.6,point
2025-07-21 10:00:00 AM,20.1,87.1,20.6,17.9,point
2025-07-21 10:30:00 AM,20.3,85.2,20.7,17.7,point
2025-07-21 11:00:00 AM,20.4,85.5,20.9,17.9,point
2025-07-21 11:30:00 AM,20.5,86.0,21.0,18.1,point
2025-07-21 12:00:00 PM,20.6,85.4,21.2,18.1,point
2025-07-21 12:30:00 PM,20.6,85.4,21.0,18.0,point
2025-07-21 01:00:00 PM,20.6,85.5,21.2,18.1,point
2025-07-21 01:30:00 PM,20.6,85.6,21.0,18.1,point
2025-07-21 02:00:00 PM,20.6,85.2,21.2,18.0,point
2025-07-21 02:30:00 PM,20.6,86.0,21.2,18.2,point
2025-07-21 03:00:00 PM,20.6,85.9,21.0,18.1,point
2025-07-21 03:30:00 PM,20.7,86.2,21.2,18.3,point
2025-07-21 04:00:00 PM,22.1,88.7,23.0,20.1,point
2025-07-21 04:30:00 PM,21.7,84.9,22.5,19.1,point
2025-07-21 05:00:00 PM,21.7,85.0,22.4,19.0,point
2025-07-21 05:30:00 PM,21.7,85.3,22.5,19.1,point
2025-07-21 06:00:00 PM,21.7,84.9,22.5,19.1,point
2025-07-21 06:30:00 PM,21.8,86.2,22.5,19.4,point
2025-07-21 07:00:00 PM,21.8,86.0,22.6,19.4,point
2025-07-21 07:30:00 PM,21.7,85.8,22.5,19.2,point
2025-07-21 08:00:00 PM,21.7,85.8,22.4,19.2,point
2025-07-21 08:30:00 PM,21.7,86.1,22.5,19.3,point
2025-07-21 09:00:00 PM,17.0,74.5,16.4,12.4,point
2025-07-21 09:30:00 PM,11.7,68.8,11.1,6.2,point
2025-07-21 10:00:00 PM,8.1,77.9,7.8,4.4,point
2025-07-21 10:30:00 PM,7.0,82.0,6.9,4.1,point
2025-07-21 11:00:00 PM,6.5,84.5,6.5,4.1,point
2025-07-21 11:30:00 PM,6.2,85.8,6.2,4.0,point
2025-07-22 12:00:00 AM,6.0,86.3,6.0,3.9,point
2025-07-22 12:30:00 AM,6.0,87.8,5.9,4.1,point
2025-07-22 01:00:00 AM,6.0,88.1,5.9,4.2,point
2025-07-22 01:30:00 AM,5.9,88.6,5.9,4.2,point
2025-07-22 02:00:00 AM,6.0,89.3,5.9,4.4,point
2025-07-22 02:30:00 AM,6.0,89.3,6.0,4.4,point
2025-07-22 03:00:00 AM,6.1,89.7,6.2,4.6,point
2025-07-22 03:30:00 AM,6.1,89.5,6.2,4.5,point
2025-07-22 04:00:00 AM,6.1,89.8,6.0,4.5,point
2025-07-22 04:30:00 AM,6.1,89.9,6.2,4.6,point
2025-07-22 05:00:00 AM,6.1,89.9,6.2,4.6,point
2025-07-22 05:30:00 AM,6.1,90.3,6.1,4.6,point
2025-07-22 06:00:00 AM,6.1,89.6,6.2,4.5,point
2025-07-22 06:30:00 AM,6.1,90.5,6.2,4.7,point
2025-07-22 07:00:00 AM,6.2,89.9,6.2,4.6,point
2025-07-22 07:30:00 AM,6.0,90.1,6.1,4.5,point
2025-07-22 08:00:00 AM,9.9,100.0,10.3,9.9,point
2025-07-22 08:30:00 AM,16.4,100.0,17.2,16.4,point
2025-07-22 09:00:00 AM,20.7,100.0,21.8,20.7,point
2025-07-22 09:30:00 AM,21.7,90.8,22.6,20.1,point
2025-07-22 10:00:00 AM,21.9,89.2,22.9,20.1,point
2025-07-22 10:30:00 AM,22.0,88.9,22.9,20.1,point
2025-07-22 11:00:00 AM,22.1,88.6,23.1,20.2,point
2025-07-22 11:30:00 AM,22.2,88.6,23.1,20.2,point
2025-07-22 12:00:00 PM,22.1,88.7,23.1,20.1,point
2025-07-22 12:30:00 PM,22.0,88.6,22.9,20.0,point
2025-07-22 01:00:00 PM,22.0,88.7,23.0,20.1,point
2025-07-22 01:30:00 PM,22.0,88.9,22.9,20.1,point
2025-07-22 02:00:00 PM,22.1,88.5,23.1,20.1,point
2025-07-22 02:30:00 PM,22.2,88.1,23.1,20.1,point
2025-07-22 03:00:00 PM,22.0,87.5,22.9,19.8,point
2025-07-22 03:30:00 PM,21.5,88.6,22.4,19.6,point
2025-07-22 04:00:00 PM,21.4,88.9,22.2,19.5,point
2025-07-22 04:30:00 PM,22.4,89.0,23.6,20.5,point
2025-07-22 05:00:00 PM,22.4,89.0,23.4,20.5,point
2025-07-22 05:30:00 PM,22.4,89.3,23.4,20.5,point
2025-07-22 06:00:00 PM,22.4,89.1,23.4,20.5,point
2025-07-22 06:30:00 PM,22.3,88.8,23.4,20.4,point
2025-07-22 07:00:00 PM,22.3,88.6,23.4,20.4,point
2025-07-22 07:30:00 PM,22.4,88.4,23.4,20.4,point
2025-07-22 08:00:00 PM,22.3,88.5,23.4,20.3,point
2025-07-22 08:30:00 PM,22.3,89.1,23.4,20.4,point
2025-07-22 09:00:00 PM,18.8,83.5,18.8,15.9,point
2025-07-22 09:30:00 PM,13.3,70.6,12.7,8.1,point
2025-07-22 10:00:00 PM,8.6,80.0,8.4,5.3,point
2025-07-22 10:30:00 PM,7.3,85.5,7.2,5.0,point
2025-07-22 11:00:00 PM,6.9,87.6,6.9,5.0,point
2025-07-22 11:30:00 PM,6.7,88.2,6.8,4.9,point
2025-07-23 12:00:00 AM,6.5,88.9,6.6,4.8,point
2025-07-23 12:30:00 AM,6.5,89.1,6.5,4.8,point
2025-07-23 01:00:00 AM,6.3,89.5,6.3,4.7,point
2025-07-23 01:30:00 AM,6.2,89.8,6.3,4.7,point
2025-07-23 02:00:00 AM,6.2,89.8,6.2,4.6,point
2025-07-23 02:30:00 AM,6.1,90.5,6.2,4.7,point
2025-07-23 03:00:00 AM,6.1,90.0,6.2,4.6,point
2025-07-23 03:30:00 AM,6.0,90.0,6.0,4.5,point
2025-07-23 04:00:00 AM,6.1,90.8,6.1,4.7,point
2025-07-23 04:30:00 AM,6.1,90.5,6.2,4.7,point
2025-07-23 05:00:00 AM,6.1,90.6,6.1,4.6,point
2025-07-23 05:30:00 AM,6.0,90.8,6.0,4.6,point
2025-07-23 06:00:00 AM,6.0,91.0,6.1,4.7,point
2025-07-23 06:30:00 AM,6.1,91.1,6.2,4.8,point
2025-07-23 07:00:00 AM,6.0,89.9,5.9,4.5,point
2025-07-23 07:30:00 AM,6.0,90.4,6.0,4.5,point
2025-07-23 08:00:00 AM,9.4,100.0,9.7,9.4,point
2025-07-23 08:30:00 AM,16.7,100.0,17.5,16.7,point
2025-07-23 09:00:00 AM,20.6,100.0,21.6,20.6,point
2025-07-23 09:30:00 AM,21.8,92.6,22.9,20.6,point
2025-07-23 10:00:00 AM,22.0,90.1,23.1,20.3,point
2025-07-23 10:30:00 AM,22.1,90.1,23.3,20.4,point
2025-07-23 11:00:00 AM,22.1,90.0,23.3,20.4,point
2025-07-23 11:30:00 AM,22.2,90.1,23.3,20.5,point
2025-07-23 12:00:00 PM,22.1,90.5,23.3,20.5,point
2025-07-23 12:30:00 PM,22.1,90.5,23.3,20.5,point
2025-07-23 01:00:00 PM,22.1,90.1,23.3,20.4,point
2025-07-23 01:30:00 PM,22.2,90.0,23.3,20.4,point
2025-07-23 02:00:00 PM,22.2,89.8,23.3,20.4,point
2025-07-23 02:30:00 PM,22.1,89.4,23.2,20.3,point
2025-07-23 03:00:00 PM,22.2,89.3,23.3,20.4,point
2025-07-23 03:30:00 PM,22.2,88.9,23.2,20.2,point
2025-07-23 04:00:00 PM,22.2,89.1,23.3,20.4,point
2025-07-23 04:30:00 PM,22.3,88.4,23.3,20.3,point
2025-07-23 05:00:00 PM,22.2,88.2,23.3,20.2,point
2025-07-23 05:30:00 PM,22.3,88.5,23.3,20.3,point
2025-07-23 06:00:00 PM,22.3,88.0,23.3,20.2,point
2025-07-23 06:30:00 PM,22.3,87.9,23.3,20.2,point
2025-07-23 07:00:00 PM,22.3,87.1,23.4,20.0,point
2025-07-23 07:30:00 PM,22.4,86.9,23.4,20.1,point
2025-07-23 08:00:00 PM,22.5,86.5,23.5,20.1,point
2025-07-23 08:30:00 PM,22.5,86.2,23.6,20.1,point
2025-07-23 09:00:00 PM,18.5,82.4,18.4,15.4,point
2025-07-23 09:30:00 PM,12.7,73.0,12.1,8.0,point
2025-07-23 10:00:00 PM,7.9,83.2,7.9,5.2,point
2025-07-23 10:30:00 PM,6.9,87.0,6.9,4.9,point
2025-07-23 11:00:00 PM,6.6,87.8,6.5,4.7,point
2025-07-23 11:30:00 PM,6.4,88.4,6.4,4.6,point
2025-07-24 12:00:00 AM,6.2,88.9,6.3,4.5,point
2025-07-24 12:30:00 AM,6.2,89.2,6.2,4.5,point
2025-07-24 01:00:00 AM,6.1,88.5,6.0,4.3,point
2025-07-24 01:30:00 AM,6.0,89.1,6.0,4.3,point
2025-07-24 02:00:00 AM,6.0,89.5,6.0,4.4,point
2025-07-24 02:30:00 AM,6.0,89.9,6.0,4.5,point
2025-07-24 03:00:00 AM,6.1,89.4,6.0,4.5,point
2025-07-24 03:30:00 AM,6.0,89.1,5.9,4.3,point
2025-07-24 04:00:00 AM,6.0,89.5,6.0,4.4,point
2025-07-24 04:30:00 AM,6.0,89.7,6.0,4.5,point
2025-07-24 05:00:00 AM,6.0,89.5,6.0,4.4,point
2025-07-24 05:30:00 AM,6.1,89.8,6.0,4.5,point
2025-07-24 06:00:00 AM,6.1,89.8,6.2,4.6,point
2025-07-24 06:30:00 AM,6.1,90.0,6.1,4.5,point
2025-07-24 07:00:00 AM,6.1,89.8,6.0,4.5,point
2025-07-24 07:30:00 AM,6.1,89.8,6.2,4.6,point
2025-07-24 08:00:00 AM,9.2,100.0,9.6,9.2,point
2025-07-24 08:30:00 AM,15.6,100.0,16.3,15.6,point
2025-07-24 09:00:00 AM,20.7,100.0,21.8,20.7,point
2025-07-24 09:30:00 AM,21.9,86.5,22.9,19.6,point
2025-07-24 10:00:00 AM,22.3,86.3,23.2,19.9,point
2025-07-24 10:30:00 AM,22.3,86.7,23.4,20.0,point
2025-07-24 11:00:00 AM,22.4,86.5,23.4,20.0,point
2025-07-24 11:30:00 AM,22.3,86.2,23.3,19.9,point
2025-07-24 12:00:00 PM,22.4,86.0,23.3,19.9,point
2025-07-24 12:30:00 PM,22.4,85.7,23.4,19.9,point
2025-07-24 01:00:00 PM,22.5,83.9,23.4,19.6,point
2025-07-24 01:30:00 PM,22.3,81.1,23.1,18.9,point
2025-07-24 02:00:00 PM,22.8,81.4,23.6,19.4,point
2025-07-24 02:30:00 PM,20.9,80.1,21.4,17.3,point
2025-07-24 03:00:00 PM,21.0,80.9,21.4,17.6,point
2025-07-24 03:30:00 PM,20.8,80.4,21.1,17.3,point
2025-07-24 04:00:00 PM,20.9,80.2,21.4,17.4,point
2025-07-24 04:30:00 PM,20.8,80.0,21.1,17.2,point
2025-07-24 05:00:00 PM,20.8,79.3,21.3,17.1,point
2025-07-24 05:30:00 PM,20.9,79.0,21.4,17.1,point
2025-07-24 06:00:00 PM,20.7,78.0,20.9,16.7,point
2025-07-24 06:30:00 PM,20.8,77.8,21.0,16.8,point
2025-07-24 07:00:00 PM,20.7,77.2,21.0,16.6,point
2025-07-24 07:30:00 PM,20.7,77.3,20.9,16.6,point
2025-07-24 08:00:00 PM,20.8,76.7,21.1,16.6,point
2025-07-24 08:30:00 PM,20.8,76.9,21.0,16.5,point
2025-07-24 09:00:00 PM,16.6,73.8,16.1,11.9,point
2025-07-24 09:30:00 PM,10.2,68.3,9.6,4.6,point
2025-07-24 10:00:00 PM,6.6,80.9,6.4,3.5,point
2025-07-24 10:30:00 PM,6.0,84.7,6.0,3.6,point
2025-07-24 11:00:00 PM,5.7,86.9,5.7,3.7,point
2025-07-24 11:30:00 PM,5.6,87.6,5.6,3.7,point
2025-07-25 12:00:00 AM,5.5,88.8,5.4,3.8,point
2025-07-25 12:30:00 AM,5.4,88.9,5.4,3.8,point
2025-07-25 01:00:00 AM,5.4,89.5,5.3,3.8,point
2025-07-25 01:30:00 AM,5.4,89.8,5.4,3.9,point
2025-07-25 02:00:00 AM,5.4,89.4,5.3,3.8,point
2025-07-25 02:30:00 AM,5.4,90.2,5.5,3.9,point
2025-07-25 03:00:00 AM,5.4,90.0,5.4,3.9,point
2025-07-25 03:30:00 AM,5.3,90.6,5.4,3.9,point
2025-07-25 04:00:00 AM,5.4,90.4,5.4,3.9,point
2025-07-25 04:30:00 AM,5.4,90.9,5.5,4.0,point
2025-07-25 05:00:00 AM,5.4,90.7,5.5,4.0,point
2025-07-25 05:30:00 AM,5.5,91.0,5.5,4.1,point
2025-07-25 06:00:00 AM,5.3,90.8,5.4,3.9,point
2025-07-25 06:30:00 AM,5.4,90.8,5.5,4.0,point
2025-07-25 07:00:00 AM,5.5,90.5,5.5,4.0,point
2025-07-25 07:30:00 AM,5.6,90.8,5.6,4.2,point
2025-07-25 08:00:00 AM,9.8,100.0,10.2,9.8,point
2025-07-25 08:30:00 AM,16.4,100.0,17.2,16.4,point
2025-07-25 09:00:00 AM,19.8,83.4,20.1,16.9,point
2025-07-25 09:30:00 AM,20.3,82.3,20.7,17.2,point
2025-07-25 10:00:00 AM,20.5,82.7,21.0,17.5,point
2025-07-25 10:30:00 AM,20.6,82.8,21.0,17.6,point
2025-07-25 11:00:00 AM,20.6,82.6,21.1,17.6,point
2025-07-25 11:30:00 AM,20.7,82.0,21.2,17.5,point
2025-07-25 12:00:00 PM,20.6,81.3,21.0,17.3,point
2025-07-25 12:30:00 PM,20.8,80.8,21.2,17.3,point
2025-07-25 01:00:00 PM,20.7,80.4,21.0,17.2,point
2025-07-25 01:30:00 PM,20.6,79.7,21.0,17.0,point
2025-07-25 02:00:00 PM,20.6,79.5,21.0,16.9,point
2025-07-25 02:30:00 PM,20.6,78.8,21.0,16.8,point
2025-07-25 03:00:00 PM,20.7,79.1,21.1,16.9,point
2025-07-25 03:30:00 PM,20.7,78.9,21.1,16.9,point
2025-07-25 04:00:00 PM,21.2,83.6,21.9,18.4,point
2025-07-25 04:30:00 PM,21.3,85.1,21.9,18.7,point
2025-07-25 05:00:00 PM,21.1,85.2,21.8,18.5,point
2025-07-25 05:30:00 PM,21.3,86.3,22.0,18.9,point
2025-07-25 06:00:00 PM,21.2,86.7,22.0,18.9,point
2025-07-25 06:30:00 PM,21.3,87.0,22.0,19.0,point
2025-07-25 07:00:00 PM,21.2,87.0,22.0,19.0,point
2025-07-25 07:30:00 PM,21.2,86.8,22.0,18.9,point
2025-07-25 08:00:00 PM,21.3,87.5,22.0,19.1,point
2025-07-25 08:30:00 PM,21.3,86.7,22.0,19.0,point
2025-07-25 09:00:00 PM,16.7,74.1,16.2,12.1,point
2025-07-25 09:30:00 PM,10.1,67.8,9.5,4.4,point
2025-07-25 10:00:00 PM,6.7,78.9,6.5,3.2,point
2025-07-25 10:30:00 PM,6.1,83.9,6.0,3.5,point
2025-07-25 11:00:00 PM,6.0,86.0,5.9,3.8,point
2025-07-25 11:30:00 PM,5.7,86.8,5.7,3.7,point
2025-07-26 12:00:00 AM,5.7,87.5,5.7,3.8,point
2025-07-26 12:30:00 AM,5.7,88.6,5.6,3.9,point
2025-07-26 01:00:00 AM,5.7,88.7,5.6,4.0,point
2025-07-26 01:30:00 AM,5.7,88.7,5.6,3.9,point
2025-07-26 02:00:00 AM,5.7,89.0,5.6,4.0,point
2025-07-26 02:30:00 AM,5.5,89.3,5.5,3.9,point
2025-07-26 03:00:00 AM,5.7,89.3,5.6,4.1,point
2025-07-26 03:30:00 AM,5.5,89.1,5.5,3.9,point
2025-07-26 04:00:00 AM,5.6,89.5,5.5,4.0,point
2025-07-26 04:30:00 AM,5.6,89.8,5.6,4.1,point
2025-07-26 05:00:00 AM,5.6,89.5,5.6,4.0,point
2025-07-26 05:30:00 AM,5.7,90.3,5.8,4.2,point
2025-07-26 06:00:00 AM,5.6,89.1,5.6,4.0,point
2025-07-26 06:30:00 AM,5.7,89.3,5.7,4.1,point
2025-07-26 07:00:00 AM,5.7,89.4,5.7,4.1,point
2025-07-26 07:30:00 AM,5.8,89.4,5.7,4.2,point
2025-07-26 08:00:00 AM,9.6,100.0,9.9,9.6,point
2025-07-26 08:30:00 AM,15.4,100.0,16.1,15.4,point
2025-07-26 09:00:00 AM,20.1,85.3,20.5,17.6,point
2025-07-26 09:30:00 AM,20.8,84.4,21.4,18.1,point
2025-07-26 10:00:00 AM,21.1,86.0,21.6,18.6,point
2025-07-26 10:30:00 AM,21.2,87.0,21.9,18.9,point
2025-07-26 11:00:00 AM,21.2,87.6,21.9,19.0,point
2025-07-26 11:30:00 AM,21.2,88.3,22.0,19.2,point
2025-07-26 12:00:00 PM,21.3,88.5,22.0,19.3,point
2025-07-26 12:30:00 PM,21.2,88.7,22.0,19.3,point
2025-07-26 01:00:00 PM,21.2,89.1,22.0,19.4,point
2025-07-26 01:30:00 PM,21.3,89.3,22.0,19.4,point
2025-07-26 02:00:00 PM,21.2,89.0,22.0,19.4,point
2025-07-26 02:30:00 PM,21.3,89.3,22.1,19.5,point
2025-07-26 03:00:00 PM,21.3,89.2,22.1,19.5,point
2025-07-26 03:30:00 PM,21.3,89.4,22.0,19.4,point
2025-07-26 04:00:00 PM,21.4,89.5,22.1,19.6,point
2025-07-26 04:30:00 PM,21.3,89.4,22.1,19.5,point
2025-07-26 05:00:00 PM,21.2,89.0,22.0,19.4,point
2025-07-26 05:30:00 PM,21.3,89.3,22.1,19.5,point
2025-07-26 06:00:00 PM,21.3,88.9,22.0,19.4,point
2025-07-26 06:30:00 PM,21.3,88.8,22.1,19.4,point
2025-07-26 07:00:00 PM,21.2,88.3,22.0,19.2,point
2025-07-26 07:30:00 PM,21.4,88.8,22.1,19.4,point
2025-07-26 08:00:00 PM,21.4,89.1,22.1,19.5,point
2025-07-26 08:30:00 PM,21.2,88.4,22.0,19.2,point
2025-07-26 09:00:00 PM,16.8,75.0,16.3,12.4,point
2025-07-26 09:30:00 PM,10.1,69.1,9.6,4.7,point
2025-07-26 10:00:00 PM,6.7,79.5,6.6,3.5,point
2025-07-26 10:30:00 PM,6.2,84.2,6.1,3.7,point
2025-07-26 11:00:00 PM,6.0,86.7,6.0,4.0,point
2025-07-26 11:30:00 PM,5.8,87.1,5.7,3.8,point
2025-07-27 12:00:00 AM,5.8,88.3,5.7,4.0,point
2025-07-27 12:30:00 AM,5.7,88.6,5.6,4.0,point
2025-07-27 01:00:00 AM,5.7,89.2,5.7,4.1,point
2025-07-27 01:30:00 AM,5.7,89.3,5.7,4.1,point
2025-07-27 02:00:00 AM,5.6,89.3,5.6,4.0,point
2025-07-27 02:30:00 AM,5.7,89.2,5.7,4.1,point
2025-07-27 03:00:00 AM,5.7,89.6,5.7,4.1,point
2025-07-27 03:30:00 AM,5.8,89.7,5.7,4.2,point
2025-07-27 04:00:00 AM,5.8,89.4,5.7,4.2,point
2025-07-27 04:30:00 AM,5.8,89.6,5.7,4.2,point
2025-07-27 05:00:00 AM,5.7,89.6,5.7,4.1,point
2025-07-27 05:30:00 AM,5.8,89.5,5.8,4.2,point
2025-07-27 06:00:00 AM,5.7,89.0,5.7,4.0,point
2025-07-27 06:30:00 AM,5.8,89.2,5.8,4.2,point
2025-07-27 07:00:00 AM,5.9,89.9,5.9,4.4,point
2025-07-27 07:30:00 AM,5.9,89.3,5.8,4.2,point
2025-07-27 08:00:00 AM,9.5,99.5,9.9,9.4,point
2025-07-27 08:30:00 AM,16.0,100.0,16.6,16.0,point
2025-07-27 09:00:00 AM,20.2,86.9,20.8,18.0,point
2025-07-27 09:30:00 AM,20.9,85.5,21.5,18.4,point
2025-07-27 10:00:00 AM,21.1,86.8,21.9,18.8,point
2025-07-27 10:30:00 AM,21.2,87.8,22.0,19.1,point
2025-07-27 11:00:00 AM,21.2,88.3,22.0,19.2,point
2025-07-27 11:30:00 AM,21.3,89.2,22.0,19.4,point
2025-07-27 12:00:00 PM,21.4,89.3,22.1,19.5,point
2025-07-27 12:30:00 PM,21.2,89.2,22.0,19.4,point
2025-07-27 01:00:00 PM,21.3,89.4,22.0,19.4,point
2025-07-27 01:30:00 PM,21.3,89.4,22.1,19.5,point
2025-07-27 02:00:00 PM,21.3,89.3,22.1,19.5,point
2025-07-27 02:30:00 PM,21.3,89.0,22.0,19.4,point
2025-07-27 03:00:00 PM,21.3,89.4,22.1,19.5,point
2025-07-27 03:30:00 PM,21.4,89.3,22.1,19.5,point
2025-07-27 04:00:00 PM,21.4,89.5,22.1,19.6,point
2025-07-27 04:30:00 PM,21.3,88.6,22.0,19.3,point
2025-07-27 05:00:00 PM,21.3,89.0,22.1,19.4,point
2025-07-27 05:30:00 PM,21.3,88.7,22.1,19.4,point
2025-07-27 06:00:00 PM,21.3,87.9,22.1,19.2,point
2025-07-27 06:30:00 PM,21.3,88.5,22.1,19.4,point
2025-07-27 07:00:00 PM,21.3,88.0,22.0,19.2,point
2025-07-27 07:30:00 PM,21.4,89.0,22.2,19.5,point
2025-07-27 08:00:00 PM,21.4,88.5,22.1,19.4,point
2025-07-27 08:30:00 PM,21.4,88.6,22.1,19.4,point
2025-07-27 09:00:00 PM,17.0,74.8,16.4,12.5,point
2025-07-27 09:30:00 PM,10.2,69.7,9.8,4.9,point
2025-07-27 10:00:00 PM,7.0,81.0,6.8,3.9,point
2025-07-27 10:30:00 PM,6.2,83.7,6.2,3.7,point
2025-07-27 11:00:00 PM,6.1,86.6,6.0,4.0,point
2025-07-27 11:30:00 PM,5.9,87.6,5.9,4.0,point
2025-07-28 12:00:00 AM,5.9,88.0,5.9,4.1,point
2025-07-28 12:30:00 AM,5.8,88.3,5.8,4.0,point
2025-07-28 01:00:00 AM,5.8,89.1,5.7,4.1,point
2025-07-28 01:30:00 AM,5.8,89.4,5.7,4.2,point
2025-07-28 02:00:00 AM,5.9,88.9,5.8,4.2,point
2025-07-28 02:30:00 AM,5.8,89.4,5.7,4.2,point
2025-07-28 03:00:00 AM,5.8,89.2,5.8,4.2,point
2025-07-28 03:30:00 AM,5.9,89.2,5.8,4.2,point
2025-07-28 04:00:00 AM,5.8,89.5,5.7,4.2,point
2025-07-28 04:30:00 AM,5.8,89.5,5.7,4.2,point
2025-07-28 05:00:00 AM,5.8,89.7,5.7,4.2,point
2025-07-28 05:30:00 AM,5.9,89.7,5.8,4.3,point
2025-07-28 06:00:00 AM,5.9,89.4,5.8,4.2,point
2025-07-28 06:30:00 AM,5.8,89.3,5.8,4.2,point
2025-07-28 07:00:00 AM,5.8,89.3,5.8,4.2,point
2025-07-28 07:30:00 AM,5.8,89.6,5.7,4.2,point
2025-07-28 08:00:00 AM,9.5,100.0,9.9,9.5,point
2025-07-28 08:30:00 AM,15.9,100.0,16.5,15.9,point
2025-07-28 09:00:00 AM,20.2,88.5,20.7,18.2,point
2025-07-28 09:30:00 AM,20.9,86.5,21.6,18.6,point
2025-07-28 10:00:00 AM,21.2,87.7,22.0,19.1,point
2025-07-28 10:30:00 AM,21.3,88.6,22.0,19.3,point
2025-07-28 11:00:00 AM,21.3,89.2,22.1,19.5,point
2025-07-28 11:30:00 AM,21.3,89.9,22.1,19.6,point
2025-07-28 12:00:00 PM,21.3,89.6,22.0,19.5,point
2025-07-28 12:30:00 PM,21.3,90.0,22.2,19.6,point
2025-07-28 01:00:00 PM,21.4,90.5,22.2,19.7,point
2025-07-28 01:30:00 PM,21.3,90.2,22.1,19.6,point
2025-07-28 02:00:00 PM,21.4,88.9,22.1,19.5,point
2025-07-28 02:30:00 PM,21.4,88.1,22.2,19.4,point
2025-07-28 03:00:00 PM,21.4,87.3,22.1,19.1,point
2025-07-28 03:30:00 PM,21.4,87.0,22.1,19.1,point
2025-07-28 04:00:00 PM,21.4,86.4,22.1,19.0,point
2025-07-28 04:30:00 PM,21.4,85.4,22.0,18.8,point
2025-07-28 05:00:00 PM,21.4,85.4,22.1,18.9,point
2025-07-28 05:30:00 PM,21.3,84.4,22.0,18.6,point
2025-07-28 06:00:00 PM,21.3,83.8,21.9,18.4,point
2025-07-28 06:30:00 PM,21.4,83.8,22.0,18.5,point
2025-07-28 07:00:00 PM,21.3,83.1,21.9,18.3,point
2025-07-28 07:30:00 PM,21.3,82.8,21.9,18.2,point
2025-07-28 08:00:00 PM,21.2,82.2,21.8,18.1,point
2025-07-28 08:30:00 PM,21.3,81.7,21.8,18.0,point
2025-07-28 09:00:00 PM,16.9,73.5,16.3,12.1,point
2025-07-28 09:30:00 PM,10.2,68.4,9.6,4.6,point
2025-07-28 10:00:00 PM,6.8,79.9,6.6,3.5,point
2025-07-28 10:30:00 PM,6.2,84.2,6.1,3.7,point
2025-07-28 11:00:00 PM,6.1,86.7,6.0,4.0,point
2025-07-28 11:30:00 PM,6.0,87.3,5.9,4.0,point
2025-07-29 12:00:00 AM,5.8,88.0,5.8,4.0,point
2025-07-29 12:30:00 AM,5.8,88.3,5.7,4.0,point
2025-07-29 01:00:00 AM,5.7,88.4,5.7,4.0,point
2025-07-29 01:30:00 AM,5.8,89.2,5.7,4.1,point
2025-07-29 02:00:00 AM,5.7,89.2,5.7,4.1,point
2025-07-29 02:30:00 AM,5.8,89.5,5.7,4.2,point
2025-07-29 03:00:00 AM,5.8,89.7,5.8,4.2,point
2025-07-29 03:30:00 AM,5.8,89.6,5.8,4.2,point
2025-07-29 04:00:00 AM,5.7,89.8,5.7,4.2,point
2025-07-29 04:30:00 AM,5.9,90.1,5.9,4.4,point
2025-07-29 05:00:00 AM,5.9,90.0,5.8,4.3,point
2025-07-29 05:30:00 AM,5.9,90.1,6.0,4.4,point
2025-07-29 06:00:00 AM,5.9,90.3,6.0,4.5,point
2025-07-29 06:30:00 AM,5.9,90.4,5.9,4.4,point
2025-07-29 07:00:00 AM,6.0,90.2,6.0,4.5,point
2025-07-29 07:30:00 AM,6.0,90.3,6.0,4.5,point
2025-07-29 08:00:00 AM,9.9,100.0,10.2,9.9,point
2025-07-29 08:30:00 AM,16.4,100.0,17.1,16.4,point
2025-07-29 09:00:00 AM,20.2,100.0,21.2,20.2,point
2025-07-29 09:30:00 AM,21.0,92.0,21.9,19.7,point
2025-07-29 10:00:00 AM,21.3,90.8,22.1,19.7,point
2025-07-29 10:30:00 AM,21.3,89.9,22.0,19.6,point
2025-07-29 11:00:00 AM,21.4,89.8,22.1,19.6,point
2025-07-29 11:30:00 AM,21.4,89.6,22.1,19.6,point
2025-07-29 12:00:00 PM,21.4,89.6,22.2,19.6,point
2025-07-29 12:30:00 PM,21.4,89.5,22.2,19.6,point
2025-07-29 01:00:00 PM,21.5,89.7,22.2,19.7,point
2025-07-29 01:30:00 PM,21.5,89.5,22.4,19.7,point
2025-07-29 02:00:00 PM,21.5,89.1,22.2,19.6,point
2025-07-29 02:30:00 PM,21.5,89.1,22.4,19.6,point
2025-07-29 03:00:00 PM,21.6,88.0,22.5,19.5,point
2025-07-29 03:30:00 PM,21.7,86.7,22.6,19.4,point
2025-07-29 04:00:00 PM,22.4,84.8,23.3,19.7,point
2025-07-29 04:30:00 PM,22.5,84.2,23.4,19.6,point
2025-07-29 05:00:00 PM,22.5,83.6,23.4,19.6,point
2025-07-29 05:30:00 PM,22.6,82.7,23.6,19.5,point
2025-07-29 06:00:00 PM,22.6,82.0,23.5,19.4,point
2025-07-29 06:30:00 PM,22.5,81.3,23.4,19.2,point
2025-07-29 07:00:00 PM,22.5,80.9,23.4,19.1,point
2025-07-29 07:30:00 PM,22.4,80.3,23.2,18.9,point
2025-07-29 08:00:00 PM,22.4,79.2,23.2,18.7,point
2025-07-29 08:30:00 PM,22.4,78.8,23.0,18.5,point
2025-07-29 09:00:00 PM,19.1,70.3,18.5,13.5,point
2025-07-29 09:30:00 PM,12.8,63.3,12.0,6.0,point
2025-07-29 10:00:00 PM,7.8,76.8,7.5,4.0,point
2025-07-29 10:30:00 PM,6.7,81.8,6.6,3.8,point
2025-07-29 11:00:00 PM,6.4,84.6,6.3,4.0,point
2025-07-29 11:30:00 PM,6.2,85.6,6.1,3.9,point
2025-07-30 12:00:00 AM,6.0,86.6,6.0,4.0,point
2025-07-30 12:30:00 AM,5.9,87.9,5.9,4.0,point
2025-07-30 01:00:00 AM,5.8,87.9,5.8,4.0,point
2025-07-30 01:30:00 AM,5.9,88.2,5.8,4.1,point
2025-07-30 02:00:00 AM,5.8,88.3,5.7,4.0,point
2025-07-30 02:30:00 AM,5.7,89.0,5.7,4.0,point
2025-07-30 03:00:00 AM,5.7,88.9,5.7,4.0,point
2025-07-30 03:30:00 AM,5.8,89.3,5.7,4.2,point
2025-07-30 04:00:00 AM,5.7,88.7,5.7,4.0,point
2025-07-30 04:30:00 AM,5.8,89.4,5.7,4.2,point
2025-07-30 05:00:00 AM,5.8,90.0,5.8,4.3,point
2025-07-30 05:30:00 AM,6.0,89.5,5.9,4.4,point
2025-07-30 06:00:00 AM,6.1,89.1,6.0,4.4,point
2025-07-30 06:30:00 AM,6.1,88.6,6.2,4.4,point
2025-07-30 07:00:00 AM,5.9,88.6,5.9,4.2,point
2025-07-30 07:30:00 AM,6.0,89.6,6.0,4.5,point
2025-07-30 08:00:00 AM,9.6,100.0,9.9,9.6,point
2025-07-30 08:30:00 AM,17.1,100.0,17.9,17.1,point
2025-07-30 09:00:00 AM,20.2,100.0,21.1,20.2,point
2025-07-30 09:30:00 AM,21.7,88.8,22.5,19.8,point
2025-07-30 10:00:00 AM,22.0,86.6,22.9,19.6,point
2025-07-30 10:30:00 AM,22.3,86.7,23.2,19.9,point
2025-07-30 11:00:00 AM,22.3,86.2,23.3,19.9,point
2025-07-30 11:30:00 AM,22.3,86.0,23.2,19.8,point
2025-07-30 12:00:00 PM,22.4,86.2,23.3,19.9,point
2025-07-30 12:30:00 PM,22.4,84.4,23.3,19.6,point
2025-07-30 01:00:00 PM,22.4,85.3,23.4,19.9,point
2025-07-30 01:30:00 PM,22.5,85.8,23.5,20.0,point
2025-07-30 02:00:00 PM,22.6,85.5,23.5,20.0,point
2025-07-30 02:30:00 PM,22.4,85.5,23.4,19.9,point
2025-07-30 03:00:00 PM,22.4,85.3,23.4,19.8,point
2025-07-30 03:30:00 PM,22.5,85.1,23.5,19.9,point
2025-07-30 04:00:00 PM,22.6,85.2,23.5,19.9,point
2025-07-30 04:30:00 PM,22.6,85.0,23.5,19.9,point
2025-07-30 05:00:00 PM,22.6,85.2,23.7,20.0,point
2025-07-30 05:30:00 PM,22.6,84.7,23.5,19.9,point
2025-07-30 06:00:00 PM,22.7,84.8,23.8,20.0,point
2025-07-30 06:30:00 PM,22.6,84.5,23.6,19.9,point
2025-07-30 07:00:00 PM,22.7,84.0,23.8,19.9,point
2025-07-30 07:30:00 PM,22.8,84.2,23.8,19.9,point
2025-07-30 08:00:00 PM,22.6,83.5,23.5,19.6,point
2025-07-30 08:30:00 PM,22.6,83.3,23.6,19.6,point
2025-07-30 09:00:00 PM,19.3,70.9,18.8,13.9,point
2025-07-30 09:30:00 PM,13.1,64.6,12.3,6.6,point
2025-07-30 10:00:00 PM,8.2,78.0,7.9,4.6,point
2025-07-30 10:30:00 PM,6.9,80.9,6.8,3.9,point
2025-07-30 11:00:00 PM,6.6,84.7,6.6,4.2,point
2025-07-30 11:30:00 PM,6.4,86.0,6.4,4.2,point
2025-07-31 12:00:00 AM,6.3,86.7,6.3,4.3,point
2025-07-31 12:30:00 AM,6.1,87.1,6.1,4.1,point
2025-07-31 01:00:00 AM,6.2,87.6,6.1,4.3,point
2025-07-31 01:30:00 AM,6.1,87.8,6.0,4.2,point
2025-07-31 02:00:00 AM,6.1,88.4,6.2,4.3,point
2025-07-31 02:30:00 AM,6.0,88.4,6.0,4.3,point
2025-07-31 03:00:00 AM,6.0,88.8,6.0,4.3,point
2025-07-31 03:30:00 AM,6.0,88.5,5.9,4.2,point
2025-07-31 04:00:00 AM,6.1,88.8,6.0,4.3,point
2025-07-31 04:30:00 AM,6.0,88.6,6.0,4.3,point
2025-07-31 05:00:00 AM,6.0,88.9,6.0,4.3,point
2025-07-31 05:30:00 AM,5.9,89.1,5.9,4.2,point
2025-07-31 06:00:00 AM,6.0,89.8,6.0,4.5,point
2025-07-31 06:30:00 AM,5.9,89.4,5.9,4.3,point
2025-07-31 07:00:00 AM,6.3,89.9,6.3,4.7,point
2025-07-31 07:30:00 AM,6.1,89.7,6.0,4.5,point
2025-07-31 08:00:00 AM,9.6,100.0,10.0,9.6,point
2025-07-31 08:30:00 AM,16.8,100.0,17.6,16.8,point
2025-07-31 09:00:00 AM,20.2,100.0,21.2,20.2,point
2025-07-31 09:30:00 AM,21.9,90.2,22.9,20.2,point
2025-07-31 10:00:00 AM,22.3,87.6,23.4,20.2,point
2025-07-31 10:30:00 AM,22.4,86.9,23.5,20.1,point
2025-07-31 11:00:00 AM,22.5,87.0,23.5,20.2,point
2025-07-31 11:30:00 AM,22.5,86.7,23.5,20.1,point
2025-07-31 12:00:00 PM,22.5,86.3,23.5,20.1,point
2025-07-31 12:30:00 PM,22.6,86.8,23.6,20.2,point
2025-07-31 01:00:00 PM,22.6,86.9,23.6,20.3,point
2025-07-31 01:30:00 PM,22.5,86.2,23.6,20.1,point
2025-07-31 02:00:00 PM,21.8,85.9,22.5,19.3,point
2025-07-31 02:30:00 PM,21.4,89.4,22.2,19.6,point
2025-07-31 03:00:00 PM,22.2,88.1,23.3,20.2,point
2025-07-31 03:30:00 PM,22.1,87.2,23.0,19.8,point
2025-07-31 04:00:00 PM,22.1,87.5,23.0,19.9,point
2025-07-31 04:30:00 PM,22.0,87.5,23.0,19.9,point
2025-07-31 05:00:00 PM,22.2,87.4,23.1,20.0,point
2025-07-31 05:30:00 PM,22.1,87.2,23.0,19.8,point
2025-07-31 06:00:00 PM,22.1,87.2,23.0,19.9,point
2025-07-31 06:30:00 PM,22.1,87.4,23.0,19.9,point
2025-07-31 07:00:00 PM,22.1,87.0,23.0,19.8,point
2025-07-31 07:30:00 PM,22.2,87.5,23.3,20.0,point
2025-07-31 08:00:00 PM,22.1,86.8,23.1,19.8,point
2025-07-31 08:30:00 PM,22.2,87.0,23.2,19.9,point
2025-07-31 09:00:00 PM,17.5,75.1,17.0,13.0,point
2025-07-31 09:30:00 PM,11.1,68.1,10.6,5.5,point
2025-07-31 10:00:00 PM,7.4,79.8,7.3,4.2,point
2025-07-31 10:30:00 PM,6.7,84.5,6.6,4.2,point
2025-07-31 11:00:00 PM,6.3,86.3,6.2,4.2,point
2025-07-31 11:30:00 PM,6.1,87.8,6.1,4.2,point
2025-08-01 12:00:00 AM,5.9,88.2,5.9,4.1,point
2025-08-01 12:30:00 AM,5.8,88.6,5.7,4.0,point
2025-08-01 01:00:00 AM,5.7,88.7,5.7,4.0,point
2025-08-01 01:30:00 AM,5.8,89.8,5.7,4.2,point
2025-08-01 02:00:00 AM,5.7,89.3,5.7,4.1,point
2025-08-01 02:30:00 AM,5.6,89.2,5.6,4.0,point
2025-08-01 03:00:00 AM,5.7,90.3,5.8,4.2,point
2025-08-01 03:30:00 AM,5.6,89.8,5.5,4.0,point
2025-08-01 04:00:00 AM,5.6,89.9,5.5,4.0,point
2025-08-01 04:30:00 AM,5.6,90.1,5.7,4.1,point
2025-08-01 05:00:00 AM,5.6,90.2,5.6,4.1,point
2025-08-01 05:30:00 AM,5.5,90.3,5.6,4.1,point
2025-08-01 06:00:00 AM,5.6,90.3,5.6,4.1,point
2025-08-01 06:30:00 AM,5.6,90.7,5.7,4.2,point
2025-08-01 07:00:00 AM,5.6,90.8,5.6,4.2,point
2025-08-01 07:30:00 AM,5.6,91.0,5.6,4.2,point
2025-08-01 08:00:00 AM,9.4,100.0,9.8,9.4,point
2025-08-01 08:30:00 AM,16.7,100.0,17.4,16.7,point
2025-08-01 09:00:00 AM,20.2,100.0,21.1,20.2,point
2025-08-01 09:30:00 AM,21.2,90.9,22.1,19.7,point
2025-08-01 10:00:00 AM,21.6,89.5,22.5,19.8,point
2025-08-01 10:30:00 AM,21.6,88.7,22.5,19.7,point
2025-08-01 11:00:00 AM,21.9,89.3,22.8,20.1,point
2025-08-01 11:30:00 AM,21.9,88.3,22.9,19.9,point
2025-08-01 12:00:00 PM,21.9,88.7,22.8,19.9,point
2025-08-01 12:30:00 PM,22.0,88.5,23.0,20.0,point
2025-08-01 01:00:00 PM,22.0,88.7,22.9,20.0,point
2025-08-01 01:30:00 PM,22.0,88.6,22.9,20.0,point
2025-08-01 02:00:00 PM,22.0,88.1,22.9,19.9,point
2025-08-01 02:30:00 PM,22.1,88.7,23.0,20.1,point
2025-08-01 03:00:00 PM,22.2,88.0,23.3,20.1,point
2025-08-01 03:30:00 PM,22.2,87.5,23.3,20.0,point
2025-08-01 04:00:00 PM,22.1,87.0,23.1,19.8,point
2025-08-01 04:30:00 PM,21.9,88.6,22.9,19.9,point
2025-08-01 05:00:00 PM,21.1,89.5,21.8,19.3,point
2025-08-01 05:30:00 PM,21.0,89.7,21.6,19.2,point
2025-08-01 06:00:00 PM,20.9,90.2,21.7,19.3,point
2025-08-01 06:30:00 PM,21.0,90.2,21.7,19.3,point
2025-08-01 07:00:00 PM,20.9,90.1,21.7,19.2,point
2025-08-01 07:30:00 PM,20.9,90.1,21.6,19.2,point
2025-08-01 08:00:00 PM,20.9,90.2,21.6,19.2,point
2025-08-01 08:30:00 PM,20.9,90.2,21.7,19.3,point
2025-08-01 09:00:00 PM,16.4,77.2,16.1,12.4,point
2025-08-01 09:30:00 PM,9.7,70.5,9.3,4.6,point
2025-08-01 10:00:00 PM,6.8,82.7,6.7,4.0,point
2025-08-01 10:30:00 PM,6.2,85.9,6.1,4.0,point
2025-08-01 11:00:00 PM,6.0,87.5,6.0,4.1,point
2025-08-01 11:30:00 PM,5.9,88.7,5.9,4.2,point
2025-08-02 12:00:00 AM,5.8,88.6,5.8,4.1,point
2025-08-02 12:30:00 AM,5.8,89.4,5.7,4.2,point
2025-08-02 01:00:00 AM,5.6,89.1,5.6,4.0,point
2025-08-02 01:30:00 AM,5.7,90.4,5.8,4.3,point
2025-08-02 02:00:00 AM,5.7,90.6,5.7,4.3,point
2025-08-02 02:30:00 AM,5.6,90.2,5.7,4.1,point
2025-08-02 03:00:00 AM,5.4,90.1,5.5,4.0,point
2025-08-02 03:30:00 AM,5.7,90.5,5.7,4.3,point
2025-08-02 04:00:00 AM,5.5,89.8,5.5,4.0,point
2025-08-02 04:30:00 AM,5.6,90.6,5.6,4.2,point
2025-08-02 05:00:00 AM,5.6,90.4,5.6,4.1,point
2025-08-02 05:30:00 AM,5.6,91.0,5.6,4.2,point
2025-08-02 06:00:00 AM,5.6,90.5,5.7,4.2,point
2025-08-02 06:30:00 AM,5.6,90.8,5.7,4.2,point
2025-08-02 07:00:00 AM,5.7,91.0,5.7,4.3,point
2025-08-02 07:30:00 AM,5.6,90.4,5.7,4.2,point
2025-08-02 08:00:00 AM,10.1,100.0,10.5,10.1,point
2025-08-02 08:30:00 AM,17.6,100.0,18.3,17.6,point
2025-08-02 09:00:00 AM,20.1,100.0,21.1,20.1,point
2025-08-02 09:30:00 AM,20.6,92.6,21.4,19.4,point
2025-08-02 10:00:00 AM,20.9,91.2,21.7,19.4,point
2025-08-02 10:30:00 AM,20.9,90.9,21.7,19.4,point
2025-08-02 11:00:00 AM,20.9,90.7,21.7,19.4,point
2025-08-02 11:30:00 AM,21.0,90.7,21.9,19.4,point
2025-08-02 12:00:00 PM,21.0,90.0,21.8,19.3,point
2025-08-02 12:30:00 PM,21.1,90.3,22.0,19.5,point
2025-08-02 01:00:00 PM,21.1,90.0,22.0,19.4,point
2025-08-02 01:30:00 PM,21.1,89.8,21.8,19.3,point
2025-08-02 02:00:00 PM,21.1,89.6,21.9,19.3,point
2025-08-02 02:30:00 PM,21.1,89.6,21.9,19.4,point
2025-08-02 03:00:00 PM,21.1,89.4,21.9,19.3,point
2025-08-02 03:30:00 PM,21.1,89.3,21.9,19.3,point
2025-08-02 04:00:00 PM,21.1,89.4,21.9,19.3,point
2025-08-02 04:30:00 PM,21.2,89.4,22.0,19.4,point
2025-08-02 05:00:00 PM,21.2,89.0,22.0,19.3,point
2025-08-02 05:30:00 PM,21.2,88.7,22.0,19.3,point
2025-08-02 06:00:00 PM,21.2,88.2,21.9,19.1,point
2025-08-02 06:30:00 PM,21.3,88.2,22.0,19.2,point
2025-08-02 07:00:00 PM,21.2,87.7,22.0,19.1,point
2025-08-02 07:30:00 PM,21.1,87.4,21.9,18.9,point
2025-08-02 08:00:00 PM,21.2,87.5,21.9,19.0,point
2025-08-02 08:30:00 PM,21.1,86.8,21.9,18.9,point
2025-08-02 09:00:00 PM,16.8,74.5,16.2,12.2,point
2025-08-02 09:30:00 PM,10.1,69.3,9.6,4.7,point
2025-08-02 10:00:00 PM,6.7,80.5,6.6,3.6,point
2025-08-02 10:30:00 PM,6.2,84.4,6.2,3.8,point
2025-08-02 11:00:00 PM,6.0,85.8,5.9,3.8,point
2025-08-02 11:30:00 PM,5.8,86.6,5.8,3.8,point
2025-08-03 12:00:00 AM,5.8,87.1,5.8,3.8,point
2025-08-03 12:30:00 AM,5.8,87.8,5.8,3.9,point
2025-08-03 01:00:00 AM,5.8,88.4,5.8,4.0,point
2025-08-03 01:30:00 AM,5.8,88.4,5.8,4.1,point
2025-08-03 02:00:00 AM,5.8,87.8,5.7,3.9,point
2025-08-03 02:30:00 AM,5.8,88.3,5.7,4.0,point
2025-08-03 03:00:00 AM,5.8,88.4,5.7,4.0,point
2025-08-03 03:30:00 AM,5.7,88.5,5.7,4.0,point
2025-08-03 04:00:00 AM,5.8,88.2,5.7,4.0,point
2025-08-03 04:30:00 AM,5.7,88.7,5.7,4.0,point
2025-08-03 05:00:00 AM,5.7,88.2,5.7,3.9,point
2025-08-03 05:30:00 AM,5.7,88.2,5.7,3.9,point
2025-08-03 06:00:00 AM,5.8,89.1,5.7,4.1,point
2025-08-03 06:30:00 AM,5.8,88.7,5.7,4.0,point
2025-08-03 07:00:00 AM,5.9,89.7,5.8,4.3,point
2025-08-03 07:30:00 AM,5.8,89.0,5.7,4.1,point
2025-08-03 08:00:00 AM,10.0,99.9,10.4,10.0,point
2025-08-03 08:30:00 AM,17.2,100.0,18.0,17.2,point
2025-08-03 09:00:00 AM,20.2,91.9,20.9,18.8,point
2025-08-03 09:30:00 AM,20.6,88.2,21.3,18.6,point
2025-08-03 10:00:00 AM,20.9,88.2,21.5,18.8,point
2025-08-03 10:30:00 AM,20.9,88.2,21.6,18.9,point
2025-08-03 11:00:00 AM,20.9,88.2,21.6,18.9,point
2025-08-03 11:30:00 AM,21.0,87.9,21.6,18.9,point
2025-08-03 12:00:00 PM,20.9,87.5,21.6,18.8,point
2025-08-03 12:30:00 PM,21.1,87.3,21.7,18.9,point
2025-08-03 01:00:00 PM,21.1,87.2,21.9,18.9,point
2025-08-03 01:30:00 PM,21.0,86.6,21.7,18.7,point
2025-08-03 02:00:00 PM,21.1,86.2,21.6,18.6,point
2025-08-03 02:30:00 PM,21.0,85.6,21.6,18.5,point
2025-08-03 03:00:00 PM,21.1,84.9,21.8,18.4,point
2025-08-03 03:30:00 PM,21.1,84.3,21.8,18.3,point
2025-08-03 04:00:00 PM,21.2,83.8,21.9,18.4,point
2025-08-03 04:30:00 PM,21.1,82.6,21.6,18.0,point
2025-08-03 05:00:00 PM,21.1,82.0,21.7,17.9,point
2025-08-03 05:30:00 PM,21.0,81.2,21.5,17.7,point
2025-08-03 06:00:00 PM,20.9,80.2,21.4,17.4,point
2025-08-03 06:30:00 PM,20.9,79.8,21.3,17.3,point
2025-08-03 07:00:00 PM,20.9,79.0,21.4,17.1,point
2025-08-03 07:30:00 PM,20.9,78.9,21.4,17.1,point
2025-08-03 08:00:00 PM,20.9,78.8,21.3,17.1,point
2025-08-03 08:30:00 PM,20.9,77.8,21.2,16.9,point
2025-08-03 09:00:00 PM,16.6,73.4,16.1,11.8,point
2025-08-03 09:30:00 PM,10.0,67.6,9.4,4.3,point
2025-08-03 10:00:00 PM,6.7,79.4,6.5,3.4,point
2025-08-03 10:30:00 PM,6.2,83.4,6.1,3.6,point
2025-08-03 11:00:00 PM,5.9,85.0,5.9,3.6,point
2025-08-03 11:30:00 PM,5.8,86.3,5.8,3.7,point
2025-08-04 12:00:00 AM,5.8,87.0,5.8,3.8,point
2025-08-04 12:30:00 AM,5.8,87.1,5.7,3.8,point
2025-08-04 01:00:00 AM,5.8,87.8,5.7,3.9,point
2025-08-04 01:30:00 AM,5.8,87.9,5.8,4.0,point
2025-08-04 02:00:00 AM,5.8,87.4,5.7,3.8,point
2025-08-04 02:30:00 AM,5.8,88.6,5.7,4.0,point
2025-08-04 03:00:00 AM,5.7,88.3,5.6,3.9,point
2025-08-04 03:30:00 AM,5.8,88.8,5.8,4.1,point
2025-08-04 04:00:00 AM,5.8,88.5,5.7,4.0,point
2025-08-04 04:30:00 AM,5.7,88.0,5.7,3.9,point
2025-08-04 05:00:00 AM,5.8,88.6,5.7,4.0,point
2025-08-04 05:30:00 AM,5.7,87.5,5.7,3.8,point
2025-08-04 06:00:00 AM,6.0,88.8,5.9,4.3,point
2025-08-04 06:30:00 AM,6.0,88.8,6.0,4.3,point
2025-08-04 07:00:00 AM,6.1,88.8,6.0,4.3,point
2025-08-04 07:30:00 AM,5.8,88.6,5.8,4.1,point
2025-08-04 08:00:00 AM,10.1,99.8,10.5,10.1,point
2025-08-04 08:30:00 AM,16.9,100.0,17.6,16.9,point
2025-08-04 09:00:00 AM,20.2,94.0,20.9,19.2,point
2025-08-04 09:30:00 AM,20.8,88.9,21.4,18.9,point
2025-08-04 10:00:00 AM,20.8,88.3,21.4,18.8,point
2025-08-04 10:30:00 AM,20.9,88.5,21.5,18.9,point
2025-08-04 11:00:00 AM,20.8,87.9,21.5,18.8,point
2025-08-04 11:30:00 AM,20.9,87.9,21.6,18.9,point
2025-08-04 12:00:00 PM,21.0,88.1,21.6,18.9,point
2025-08-04 12:30:00 PM,21.0,87.9,21.6,18.9,point
2025-08-04 01:00:00 PM,20.9,87.5,21.6,18.8,point
2025-08-04 01:30:00 PM,21.1,87.2,21.7,18.8,point
2025-08-04 02:00:00 PM,21.1,86.9,21.9,18.8,point
2025-08-04 02:30:00 PM,21.1,86.6,21.9,18.8,point
2025-08-04 03:00:00 PM,21.1,85.8,21.8,18.7,point
2025-08-04 03:30:00 PM,21.2,85.3,21.8,18.6,point
2025-08-04 04:00:00 PM,21.1,84.9,21.8,18.5,point
2025-08-04 04:30:00 PM,21.2,84.8,21.8,18.5,point
2025-08-04 05:00:00 PM,21.1,83.9,21.8,18.3,point
2025-08-04 05:30:00 PM,21.1,84.1,21.6,18.3,point
2025-08-04 06:00:00 PM,21.0,83.7,21.5,18.1,point
2025-08-04 06:30:00 PM,21.1,83.5,21.8,18.2,point
2025-08-04 07:00:00 PM,21.0,83.2,21.6,18.1,point
2025-08-04 07:30:00 PM,21.0,82.7,21.5,17.9,point
2025-08-04 08:00:00 PM,20.9,82.2,21.3,17.7,point
2025-08-04 08:30:00 PM,21.0,82.2,21.4,17.8,point
2025-08-04 09:00:00 PM,16.6,73.9,16.1,11.9,point
2025-08-04 09:30:00 PM,10.0,68.4,9.5,4.5,point
2025-08-04 10:00:00 PM,6.6,80.1,6.5,3.4,point
2025-08-04 10:30:00 PM,6.2,84.8,6.2,3.9,point
2025-08-04 11:00:00 PM,6.5,83.0,6.4,3.8,point
2025-08-04 11:30:00 PM,6.1,86.3,6.0,4.0,point
2025-08-05 12:00:00 AM,6.1,87.8,6.0,4.2,point
2025-08-05 12:30:00 AM,5.9,87.9,5.9,4.1,point
2025-08-05 01:00:00 AM,5.9,88.6,5.8,4.2,point
2025-08-05 01:30:00 AM,5.8,88.7,5.8,4.1,point
2025-08-05 02:00:00 AM,5.8,88.6,5.7,4.0,point
2025-08-05 02:30:00 AM,5.8,89.2,5.8,4.2,point
2025-08-05 03:00:00 AM,5.8,88.5,5.8,4.1,point
2025-08-05 03:30:00 AM,5.9,88.8,5.8,4.2,point
2025-08-05 04:00:00 AM,6.0,89.0,5.9,4.3,point
2025-08-05 04:30:00 AM,6.0,89.1,5.9,4.3,point
2025-08-05 05:00:00 AM,6.0,88.3,6.0,4.2,point
2025-08-05 05:30:00 AM,6.0,89.1,6.0,4.3,point
2025-08-05 06:00:00 AM,5.9,88.9,5.9,4.2,point
2025-08-05 06:30:00 AM,6.0,89.0,6.0,4.3,point
2025-08-05 07:00:00 AM,6.1,89.7,6.0,4.5,point
2025-08-05 07:30:00 AM,6.1,89.4,6.2,4.5,point
2025-08-05 08:00:00 AM,10.3,99.5,10.8,10.2,point
2025-08-05 08:30:00 AM,16.8,100.0,17.5,16.8,point
2025-08-05 09:00:00 AM,20.4,99.8,21.4,20.4,point
2025-08-05 09:30:00 AM,20.9,90.8,21.7,19.3,point
2025-08-05 10:00:00 AM,20.9,89.6,21.5,19.1,point
2025-08-05 10:30:00 AM,21.1,90.0,21.8,19.4,point
2025-08-05 11:00:00 AM,21.1,90.4,22.0,19.5,point
2025-08-05 11:30:00 AM,21.0,89.9,21.8,19.3,point
2025-08-05 12:00:00 PM,21.1,89.7,21.8,19.3,point
2025-08-05 12:30:00 PM,21.1,89.3,21.9,19.3,point
2025-08-05 01:00:00 PM,21.2,89.2,21.9,19.3,point
2025-08-05 01:30:00 PM,21.2,89.3,21.9,19.4,point
2025-08-05 02:00:00 PM,21.2,89.1,22.0,19.4,point
2025-08-05 02:30:00 PM,21.2,89.2,21.9,19.3,point
2025-08-05 03:00:00 PM,21.4,87.1,22.1,19.1,point
2025-08-05 03:30:00 PM,21.0,86.9,21.7,18.8,point
2025-08-05 04:00:00 PM,22.3,85.8,23.1,19.8,point
2025-08-05 04:30:00 PM,22.3,85.4,23.3,19.8,point
2025-08-05 05:00:00 PM,22.3,84.4,23.1,19.5,point
2025-08-05 05:30:00 PM,22.4,84.5,23.3,19.6,point
2025-08-05 06:00:00 PM,22.4,84.0,23.3,19.5,point
2025-08-05 06:30:00 PM,22.4,83.7,23.4,19.5,point
2025-08-05 07:00:00 PM,22.4,83.1,23.3,19.4,point
2025-08-05 07:30:00 PM,22.5,82.9,23.3,19.4,point
2025-08-05 08:00:00 PM,22.5,82.1,23.3,19.2,point
2025-08-05 08:30:00 PM,22.5,81.5,23.2,19.1,point
2025-08-05 09:00:00 PM,19.2,71.9,18.8,14.0,point
2025-08-05 09:30:00 PM,13.5,63.9,12.6,6.8,point
2025-08-05 10:00:00 PM,8.7,78.0,8.4,5.1,point
2025-08-05 10:30:00 PM,7.5,81.7,7.3,4.5,point
2025-08-05 11:00:00 PM,6.9,83.5,6.9,4.3,point
2025-08-05 11:30:00 PM,6.6,84.3,6.6,4.2,point
2025-08-06 12:00:00 AM,6.5,85.3,6.5,4.3,point
2025-08-06 12:30:00 AM,6.5,86.1,6.5,4.3,point
2025-08-06 01:00:00 AM,6.4,86.3,6.4,4.3,point
2025-08-06 01:30:00 AM,6.5,87.0,6.4,4.5,point
2025-08-06 02:00:00 AM,6.4,87.2,6.4,4.5,point
2025-08-06 02:30:00 AM,6.4,86.9,6.4,4.4,point
2025-08-06 03:00:00 AM,6.5,86.4,6.4,4.4,point
2025-08-06 03:30:00 AM,6.5,87.0,6.4,4.5,point
2025-08-06 04:00:00 AM,6.4,87.1,6.3,4.4,point
2025-08-06 04:30:00 AM,6.5,87.0,6.4,4.5,point
2025-08-06 05:00:00 AM,6.4,87.1,6.3,4.4,point
2025-08-06 05:30:00 AM,6.5,87.5,6.5,4.6,point
2025-08-06 06:00:00 AM,6.6,87.7,6.5,4.7,point
2025-08-06 06:30:00 AM,6.6,86.7,6.6,4.6,point
2025-08-06 07:00:00 AM,6.5,87.5,6.5,4.6,point
2025-08-06 07:30:00 AM,6.5,87.7,6.5,4.7,point
2025-08-06 08:00:00 AM,9.1,99.5,9.4,9.0,point
2025-08-06 08:30:00 AM,16.0,100.0,16.6,16.0,point
2025-08-06 09:00:00 AM,19.9,100.0,20.9,19.9,point
2025-08-06 09:30:00 AM,21.6,89.8,22.5,19.9,point
2025-08-06 10:00:00 AM,21.9,87.8,22.9,19.8,point
2025-08-06 10:30:00 AM,22.0,87.7,23.0,19.9,point
2025-08-06 11:00:00 AM,22.1,87.1,23.1,19.9,point
2025-08-06 11:30:00 AM,22.2,87.3,23.2,20.0,point
2025-08-06 12:00:00 PM,22.2,87.3,23.2,20.0,point
2025-08-06 12:30:00 PM,22.3,87.1,23.4,20.1,point
2025-08-06 01:00:00 PM,22.3,86.6,23.2,19.9,point
2025-08-06 01:30:00 PM,22.3,86.8,23.4,20.0,point
2025-08-06 02:00:00 PM,22.3,86.3,23.2,19.9,point
2025-08-06 02:30:00 PM,22.3,86.2,23.2,19.9,point
2025-08-06 03:00:00 PM,22.4,86.0,23.3,19.9,point
2025-08-06 03:30:00 PM,22.3,85.3,23.3,19.7,point
2025-08-06 04:00:00 PM,22.3,84.5,23.3,19.6,point
2025-08-06 04:30:00 PM,22.4,84.1,23.3,19.5,point
2025-08-06 05:00:00 PM,22.4,83.2,23.2,19.4,point
2025-08-06 05:30:00 PM,22.4,82.8,23.3,19.3,point
2025-08-06 06:00:00 PM,22.4,81.9,23.2,19.1,point
2025-08-06 06:30:00 PM,22.4,82.0,23.2,19.2,point
2025-08-06 07:00:00 PM,22.3,81.1,23.1,18.9,point
2025-08-06 07:30:00 PM,22.4,81.0,23.1,19.0,point
2025-08-06 08:00:00 PM,22.4,80.8,23.1,18.9,point
2025-08-06 08:30:00 PM,22.2,80.3,23.0,18.7,point
2025-08-06 09:00:00 PM,19.3,71.8,19.0,14.1,point
2025-08-06 09:30:00 PM,13.5,65.1,12.7,7.1,point
2025-08-06 10:00:00 PM,8.6,77.0,8.4,4.8,point
2025-08-06 10:30:00 PM,7.4,81.9,7.2,4.5,point
2025-08-06 11:00:00 PM,6.9,84.6,6.9,4.5,point
2025-08-06 11:30:00 PM,6.6,85.3,6.6,4.3,point
2025-08-07 12:00:00 AM,6.5,84.8,6.5,4.1,point
2025-08-07 12:30:00 AM,6.5,85.5,6.4,4.2,point
2025-08-07 01:00:00 AM,6.4,85.8,6.4,4.2,point
2025-08-07 01:30:00 AM,6.4,85.8,6.4,4.2,point
2025-08-07 02:00:00 AM,6.4,87.0,6.4,4.4,point
2025-08-07 02:30:00 AM,6.4,87.0,6.3,4.4,point
2025-08-07 03:00:00 AM,6.4,86.6,6.3,4.3,point
2025-08-07 03:30:00 AM,6.3,86.7,6.3,4.3,point
2025-08-07 04:00:00 AM,6.2,86.3,6.2,4.1,point
2025-08-07 04:30:00 AM,6.4,87.8,6.3,4.5,point
2025-08-07 05:00:00 AM,6.4,87.2,6.4,4.5,point
2025-08-07 05:30:00 AM,6.6,86.9,6.6,4.6,point
2025-08-07 06:00:00 AM,6.5,87.2,6.5,4.5,point
2025-08-07 06:30:00 AM,6.5,87.5,6.5,4.6,point
2025-08-07 07:00:00 AM,6.6,87.4,6.5,4.6,point
2025-08-07 07:30:00 AM,6.6,87.2,6.5,4.6,point
2025-08-07 08:00:00 AM,8.9,99.1,9.2,8.8,point
2025-08-07 08:30:00 AM,15.8,100.0,16.4,15.8,point
2025-08-07 09:00:00 AM,19.8,100.0,20.8,19.8,point
2025-08-07 09:30:00 AM,21.6,89.5,22.5,19.8,point
2025-08-07 10:00:00 AM,21.8,87.0,22.7,19.6,point
2025-08-07 10:30:00 AM,22.0,86.8,22.9,19.7,point
2025-08-07 11:00:00 AM,22.1,87.4,23.1,19.9,point
2025-08-07 11:30:00 AM,22.1,87.1,23.1,19.9,point
2025-08-07 12:00:00 PM,22.1,87.1,23.1,19.9,point
2025-08-07 12:30:00 PM,22.2,86.6,23.1,19.8,point
2025-08-07 01:00:00 PM,22.2,86.1,23.2,19.8,point
2025-08-07 01:30:00 PM,22.2,85.8,23.1,19.7,point
2025-08-07 02:00:00 PM,22.9,83.3,24.0,19.9,point
2025-08-07 02:30:00 PM,22.1,82.6,22.9,19.0,point
2025-08-07 03:00:00 PM,21.9,79.3,22.6,18.2,point
2025-08-07 03:30:00 PM,22.0,81.1,22.6,18.6,point
2025-08-07 04:00:00 PM,22.0,80.8,22.6,18.5,point
2025-08-07 04:30:00 PM,22.0,80.2,22.7,18.5,point
2025-08-07 05:00:00 PM,22.0,78.9,22.7,18.2,point
2025-08-07 05:30:00 PM,22.0,78.7,22.5,18.1,point
2025-08-07 06:00:00 PM,21.8,78.0,22.4,17.8,point
2025-08-07 06:30:00 PM,21.9,77.5,22.5,17.8,point
2025-08-07 07:00:00 PM,21.8,77.3,22.4,17.7,point
2025-08-07 07:30:00 PM,21.9,77.2,22.4,17.7,point
2025-08-07 08:00:00 PM,21.8,76.4,22.4,17.5,point
2025-08-07 08:30:00 PM,21.8,76.2,22.4,17.4,point
2025-08-07 09:00:00 PM,17.9,72.2,17.2,12.8,point
2025-08-07 09:30:00 PM,11.5,65.1,10.7,5.2,point
2025-08-07 10:00:00 PM,7.3,78.3,7.1,3.8,point
2025-08-07 10:30:00 PM,6.7,83.2,6.6,4.0,point
2025-08-07 11:00:00 PM,6.4,85.0,6.3,4.0,point
2025-08-07 11:30:00 PM,6.2,86.2,6.1,4.0,point
2025-08-08 12:00:00 AM,6.1,86.5,6.1,4.0,point
2025-08-08 12:30:00 AM,6.1,87.0,6.0,4.1,point
2025-08-08 01:00:00 AM,6.1,86.9,6.1,4.1,point
2025-08-08 01:30:00 AM,6.1,87.7,6.1,4.2,point
2025-08-08 02:00:00 AM,6.1,87.4,6.0,4.2,point
2025-08-08 02:30:00 AM,5.9,87.9,5.9,4.1,point
2025-08-08 03:00:00 AM,6.0,88.3,5.9,4.2,point
2025-08-08 03:30:00 AM,6.1,88.0,6.0,4.2,point
2025-08-08 04:00:00 AM,6.0,88.2,5.9,4.2,point
2025-08-08 04:30:00 AM,6.1,88.2,6.0,4.3,point
2025-08-08 05:00:00 AM,6.0,88.2,6.0,4.2,point
2025-08-08 05:30:00 AM,6.0,88.3,6.0,4.2,point
2025-08-08 06:00:00 AM,6.0,87.5,5.9,4.1,point
2025-08-08 06:30:00 AM,6.1,88.5,6.0,4.3,point
2025-08-08 07:00:00 AM,6.0,89.5,6.0,4.4,point
2025-08-08 07:30:00 AM,6.1,89.0,6.2,4.4,point
2025-08-08 08:00:00 AM,9.6,99.7,9.9,9.5,point
2025-08-08 08:30:00 AM,16.5,100.0,17.2,16.5,point
2025-08-08 09:00:00 AM,20.3,100.0,21.2,20.3,point
2025-08-08 09:30:00 AM,21.5,89.5,22.2,19.7,point
2025-08-08 10:00:00 AM,21.6,88.4,22.5,19.6,point
2025-08-08 10:30:00 AM,21.7,88.3,22.6,19.7,point
2025-08-08 11:00:00 AM,21.8,88.7,22.7,19.9,point
2025-08-08 11:30:00 AM,21.8,88.0,22.7,19.7,point
2025-08-08 12:00:00 PM,21.9,88.7,22.7,19.9,point
2025-08-08 12:30:00 PM,21.8,88.0,22.7,19.7,point
2025-08-08 01:00:00 PM,21.9,88.3,22.9,19.9,point
2025-08-08 01:30:00 PM,21.9,87.7,22.9,19.8,point
2025-08-08 02:00:00 PM,21.9,87.8,22.9,19.8,point
2025-08-08 02:30:00 PM,21.9,87.5,22.9,19.7,point
2025-08-08 03:00:00 PM,21.9,86.3,22.7,19.5,point
2025-08-08 03:30:00 PM,21.9,86.7,22.9,19.6,point
2025-08-08 04:00:00 PM,22.0,86.3,22.9,19.6,point
2025-08-08 04:30:00 PM,22.0,85.7,22.9,19.5,point
2025-08-08 05:00:00 PM,21.8,86.8,22.7,19.5,point
2025-08-08 05:30:00 PM,21.7,86.8,22.6,19.4,point
2025-08-08 06:00:00 PM,28.6,89.2,35.9,26.6,point
2025-08-08 06:30:00 PM,29.7,87.5,39.4,27.4,point
2025-08-08 07:00:00 PM,30.1,88.3,40.5,27.9,point
2025-08-08 07:30:00 PM,30.3,88.5,41.3,28.2,point
2025-08-08 08:00:00 PM,30.3,87.8,41.4,28.1,point
2025-08-08 08:30:00 PM,30.4,86.6,41.1,27.9,point
2025-08-08 09:00:00 PM,27.5,79.6,31.4,23.6,point
2025-08-08 09:30:00 PM,21.4,73.1,21.7,16.4,point
2025-08-08 10:00:00 PM,16.6,85.1,16.6,14.1,point
2025-08-08 10:30:00 PM,16.0,89.7,16.1,14.3,point
2025-08-08 11:00:00 PM,15.7,91.5,15.9,14.3,point
2025-08-08 11:30:00 PM,15.6,92.6,15.9,14.4,point
2025-08-09 12:00:00 AM,15.5,92.9,15.8,14.3,point
2025-08-09 12:30:00 AM,15.4,93.2,15.7,14.3,point
2025-08-09 01:00:00 AM,15.3,93.8,15.7,14.3,point
2025-08-09 01:30:00 AM,15.3,94.1,15.8,14.4,point
2025-08-09 02:00:00 AM,15.3,94.3,15.8,14.4,point
2025-08-09 02:30:00 AM,15.3,94.2,15.6,14.4,point
2025-08-09 03:00:00 AM,15.3,94.5,15.8,14.4,point
2025-08-09 03:30:00 AM,15.3,94.8,15.8,14.5,point
2025-08-09 04:00:00 AM,15.3,94.9,15.8,14.5,point
2025-08-09 04:30:00 AM,15.3,94.8,15.6,14.4,point
2025-08-09 05:00:00 AM,15.3,94.9,15.6,14.5,point
2025-08-09 05:30:00 AM,15.3,95.0,15.8,14.5,point
2025-08-09 06:00:00 AM,15.2,94.9,15.6,14.4,point
2025-08-09 06:30:00 AM,15.3,94.8,15.6,14.4,point
2025-08-09 07:00:00 AM,15.3,95.0,15.8,14.6,point
2025-08-09 07:30:00 AM,15.4,95.0,15.9,14.6,point
2025-08-09 08:00:00 AM,18.9,100.0,19.7,18.9,point
2025-08-09 08:30:00 AM,24.9,100.0,28.1,24.9,point
2025-08-09 09:00:00 AM,29.3,86.4,37.8,26.8,point
2025-08-09 09:30:00 AM,30.1,83.6,39.6,27.0,point
2025-08-09 10:00:00 AM,30.4,83.2,40.1,27.2,point
2025-08-09 10:30:00 AM,30.5,82.7,40.3,27.2,point
2025-08-09 11:00:00 AM,30.5,82.1,40.3,27.1,point
2025-08-09 11:30:00 AM,30.5,81.3,40.1,26.9,point
2025-08-09 12:00:00 PM,30.6,80.4,40.1,26.8,point
2025-08-09 12:30:00 PM,30.6,79.4,39.9,26.6,point
2025-08-09 01:00:00 PM,32.5,76.8,45.2,27.9,point
2025-08-09 01:30:00 PM,32.9,75.2,45.6,27.9,point
2025-08-09 02:00:00 PM,33.1,74.5,46.0,27.9,point
2025-08-09 02:30:00 PM,33.1,73.8,46.1,27.8,point
2025-08-09 03:00:00 PM,33.1,73.4,45.6,27.6,point
2025-08-09 03:30:00 PM,33.2,72.8,45.7,27.6,point
2025-08-09 04:00:00 PM,33.1,72.4,45.6,27.5,point
2025-08-09 04:30:00 PM,33.2,72.1,45.8,27.5,point
2025-08-09 05:00:00 PM,33.3,71.5,45.5,27.4,point
2025-08-09 05:30:00 PM,33.1,70.8,45.0,27.1,point
2025-08-09 06:00:00 PM,33.2,70.4,44.8,27.1,point
2025-08-09 06:30:00 PM,33.2,70.2,45.1,27.1,point
2025-08-09 07:00:00 PM,33.3,69.7,44.9,27.0,point
2025-08-09 07:30:00 PM,33.2,69.5,44.5,26.8,point
2025-08-09 08:00:00 PM,33.2,69.1,44.7,26.8,point
2025-08-09 08:30:00 PM,33.2,68.7,44.5,26.7,point
2025-08-09 09:00:00 PM,30.4,68.8,36.4,24.0,point
2025-08-09 09:30:00 PM,24.6,69.0,25.1,18.6,point
2025-08-09 10:00:00 PM,19.9,80.9,20.2,16.6,point
2025-08-09 10:30:00 PM,19.0,86.2,19.1,16.6,point
2025-08-09 11:00:00 PM,18.6,86.7,18.8,16.3,point
2025-08-09 11:30:00 PM,18.4,85.7,18.5,16.0,point
2025-08-10 12:00:00 AM,18.3,85.2,18.2,15.8,point
2025-08-10 12:30:00 AM,18.2,84.7,18.2,15.6,point
2025-08-10 01:00:00 AM,18.2,84.6,18.1,15.5,point
2025-08-10 01:30:00 AM,18.1,84.6,18.1,15.5,point
2025-08-10 02:00:00 AM,18.1,84.5,18.0,15.4,point
2025-08-10 02:30:00 AM,18.1,85.2,18.0,15.5,point
2025-08-10 03:00:00 AM,18.1,85.3,18.0,15.6,point
2025-08-10 03:30:00 AM,18.0,85.4,18.0,15.6,point
2025-08-10 04:00:00 AM,18.0,85.4,18.0,15.5,point
2025-08-10 04:30:00 AM,18.0,85.2,18.0,15.5,point
2025-08-10 05:00:00 AM,18.0,85.4,18.0,15.6,point
2025-08-10 05:30:00 AM,18.0,85.7,18.0,15.6,point
2025-08-10 06:00:00 AM,18.0,85.4,17.9,15.5,point
2025-08-10 06:30:00 AM,18.0,85.5,17.9,15.5,point
2025-08-10 07:00:00 AM,18.0,86.0,18.0,15.7,point
2025-08-10 07:30:00 AM,18.0,86.1,17.9,15.6,point
2025-08-10 08:00:00 AM,21.1,86.8,21.9,18.8,point
2025-08-10 08:30:00 AM,27.1,76.4,30.3,22.6,point
2025-08-10 09:00:00 AM,31.7,67.7,39.7,25.0,point
2025-08-10 09:30:00 AM,32.5,67.7,41.8,25.7,point
2025-08-10 10:00:00 AM,32.7,68.3,42.9,26.1,point
2025-08-10 10:30:00 AM,32.9,68.6,43.3,26.3,point
2025-08-10 11:00:00 AM,33.0,68.8,43.7,26.4,point
2025-08-10 11:30:00 AM,33.0,68.5,43.9,26.4,point
2025-08-10 12:00:00 PM,33.1,68.3,43.8,26.4,point
2025-08-10 12:30:00 PM,33.1,68.0,43.6,26.4,point
2025-08-10 01:00:00 PM,33.1,67.8,43.9,26.4,point
2025-08-10 01:30:00 PM,33.1,67.9,43.9,26.4,point
2025-08-10 02:00:00 PM,33.1,67.7,43.8,26.4,point
2025-08-10 02:30:00 PM,33.1,67.5,43.8,26.3,point
2025-08-10 03:00:00 PM,33.1,67.4,43.7,26.3,point
2025-08-10 03:30:00 PM,33.2,67.4,44.0,26.3,point
2025-08-10 04:00:00 PM,33.2,67.1,43.9,26.3,point
2025-08-10 04:30:00 PM,33.2,67.0,43.9,26.2,point
2025-08-10 05:00:00 PM,33.2,66.7,43.8,26.2,point
2025-08-10 05:30:00 PM,33.2,66.7,43.8,26.2,point
2025-08-10 06:00:00 PM,33.2,66.4,43.4,26.1,point
2025-08-10 06:30:00 PM,33.2,66.2,43.6,26.0,point
2025-08-10 07:00:00 PM,33.2,66.1,43.6,26.0,point
2025-08-10 07:30:00 PM,33.2,65.8,43.4,26.0,point
2025-08-10 08:00:00 PM,33.2,65.6,43.3,25.9,point
2025-08-10 08:30:00 PM,33.2,65.4,43.3,25.8,point
2025-08-10 09:00:00 PM,30.3,65.7,35.6,23.2,point
2025-08-10 09:30:00 PM,24.6,67.4,24.9,18.2,point
2025-08-10 10:00:00 PM,19.9,80.1,20.1,16.4,point
2025-08-10 10:30:00 PM,18.9,84.1,18.9,16.1,point
2025-08-10 11:00:00 PM,18.5,84.7,18.6,15.9,point
2025-08-10 11:30:00 PM,18.3,83.9,18.3,15.6,point
2025-08-11 12:00:00 AM,18.2,83.7,18.2,15.4,point
2025-08-11 12:30:00 AM,18.1,83.5,18.1,15.3,point
2025-08-11 01:00:00 AM,18.1,83.7,18.1,15.3,point
2025-08-11 01:30:00 AM,18.1,84.0,18.0,15.3,point
2025-08-11 02:00:00 AM,18.1,84.1,18.0,15.4,point
2025-08-11 02:30:00 AM,18.1,84.2,18.0,15.3,point
2025-08-11 03:00:00 AM,18.0,84.1,18.0,15.3,point
2025-08-11 03:30:00 AM,18.0,84.4,18.0,15.4,point
2025-08-11 04:00:00 AM,18.0,84.2,17.9,15.2,point
2025-08-11 04:30:00 AM,18.0,84.4,17.9,15.3,point
2025-08-11 05:00:00 AM,18.0,84.4,18.0,15.4,point
2025-08-11 05:30:00 AM,18.0,84.8,17.9,15.4,point
2025-08-11 06:00:00 AM,18.0,85.1,17.9,15.4,point
2025-08-11 06:30:00 AM,18.0,84.9,17.9,15.4,point
2025-08-11 07:00:00 AM,18.0,85.2,17.9,15.5,point
2025-08-11 07:30:00 AM,18.0,85.6,18.0,15.6,point
2025-08-11 08:00:00 AM,21.0,86.9,21.7,18.7,point
2025-08-11 08:30:00 AM,27.1,75.5,30.0,22.4,point
2025-08-11 09:00:00 AM,31.8,66.6,39.4,24.8,point
2025-08-11 09:30:00 AM,32.5,66.6,41.7,25.5,point
2025-08-11 10:00:00 AM,32.7,67.0,42.4,25.8,point
2025-08-11 10:30:00 AM,32.9,67.3,43.1,26.1,point
2025-08-11 11:00:00 AM,33.0,67.5,43.1,26.1,point
2025-08-11 11:30:00 AM,33.1,67.2,43.3,26.2,point
2025-08-11 12:00:00 PM,33.0,67.1,43.3,26.1,point
2025-08-11 12:30:00 PM,33.1,66.8,43.6,26.1,point
2025-08-11 01:00:00 PM,33.1,66.5,43.4,26.0,point
2025-08-11 01:30:00 PM,33.1,66.2,43.3,25.9,point
2025-08-11 02:00:00 PM,33.2,65.8,43.4,25.9,point
2025-08-11 02:30:00 PM,33.1,65.1,42.9,25.7,point
2025-08-11 03:00:00 PM,33.1,65.1,42.9,25.7,point
2025-08-11 03:30:00 PM,33.1,64.8,42.8,25.6,point
2025-08-11 04:00:00 PM,33.3,64.5,42.9,25.6,point
2025-08-11 04:30:00 PM,33.1,61.5,41.5,24.7,point
2025-08-11 05:00:00 PM,32.5,64.7,40.8,25.0,point
2025-08-11 05:30:00 PM,32.4,64.6,40.8,24.9,point
2025-08-11 06:00:00 PM,32.4,64.6,40.8,24.9,point
2025-08-11 06:30:00 PM,32.4,64.4,40.4,24.8,point
2025-08-11 07:00:00 PM,32.4,64.2,40.4,24.7,point
2025-08-11 07:30:00 PM,32.3,64.0,40.3,24.6,point
2025-08-11 08:00:00 PM,32.4,63.6,40.2,24.6,point
2025-08-11 08:30:00 PM,32.3,63.4,40.1,24.5,point
2025-08-11 09:00:00 PM,29.6,63.8,33.6,22.0,point
2025-08-11 09:30:00 PM,24.2,67.2,24.5,17.8,point
2025-08-11 10:00:00 PM,19.6,79.6,19.6,15.9,point
2025-08-11 10:30:00 PM,18.4,81.6,18.3,15.2,point
2025-08-11 11:00:00 PM,18.4,82.6,18.4,15.4,point
2025-08-11 11:30:00 PM,18.2,83.8,18.2,15.4,point
2025-08-12 12:00:00 AM,18.1,83.9,18.1,15.4,point
2025-08-12 12:30:00 AM,18.1,83.6,18.0,15.2,point
2025-08-12 01:00:00 AM,18.0,83.6,17.9,15.2,point
2025-08-12 01:30:00 AM,18.0,83.5,17.9,15.1,point
2025-08-12 02:00:00 AM,17.9,83.0,17.9,15.0,point
2025-08-12 02:30:00 AM,17.9,82.7,17.8,14.9,point
2025-08-12 03:00:00 AM,17.9,82.9,17.8,14.9,point
2025-08-12 03:30:00 AM,17.9,82.5,17.7,14.8,point
2025-08-12 04:00:00 AM,17.9,82.2,17.7,14.8,point
2025-08-12 04:30:00 AM,17.9,82.2,17.7,14.8,point
2025-08-12 05:00:00 AM,17.9,82.5,17.8,14.9,point
2025-08-12 05:30:00 AM,17.9,82.7,17.8,14.9,point
2025-08-12 06:00:00 AM,17.8,83.3,17.8,14.9,point
2025-08-12 06:30:00 AM,17.8,83.0,17.8,14.9,point
2025-08-12 07:00:00 AM,17.9,83.3,17.8,15.0,point
2025-08-12 07:30:00 AM,17.9,83.9,17.8,15.1,point
2025-08-12 08:00:00 AM,20.6,84.0,21.1,17.9,point
2025-08-12 08:30:00 AM,26.3,74.0,28.5,21.3,point
2025-08-12 09:00:00 AM,30.8,64.9,36.6,23.5,point
2025-08-12 09:30:00 AM,31.6,65.0,38.7,24.2,point
2025-08-12 10:00:00 AM,31.8,65.5,39.1,24.5,point
2025-08-12 10:30:00 AM,32.0,66.3,39.9,24.9,point
2025-08-12 11:00:00 AM,32.0,66.2,40.1,24.9,point
2025-08-12 11:30:00 AM,32.1,66.5,40.5,25.1,point
2025-08-12 12:00:00 PM,32.2,66.4,40.4,25.1,point
2025-08-12 12:30:00 PM,32.0,59.9,37.9,23.2,point
2025-08-12 01:00:00 PM,32.3,55.9,37.8,22.4,point
2025-08-12 01:30:00 PM,32.1,62.2,39.1,24.0,point
2025-08-12 02:00:00 PM,32.2,63.4,39.8,24.4,point
2025-08-12 02:30:00 PM,32.3,63.5,40.1,24.5,point
2025-08-12 03:00:00 PM,32.4,63.6,40.2,24.6,point
2025-08-12 03:30:00 PM,32.4,63.7,40.2,24.6,point
2025-08-12 04:00:00 PM,32.2,63.4,39.8,24.4,point
2025-08-12 04:30:00 PM,32.3,63.3,40.1,24.4,point
2025-08-12 05:00:00 PM,32.4,63.2,40.3,24.5,point
2025-08-12 05:30:00 PM,32.4,62.9,40.1,24.4,point
2025-08-12 06:00:00 PM,32.4,62.6,39.8,24.3,point
2025-08-12 06:30:00 PM,32.4,62.3,39.7,24.2,point
2025-08-12 07:00:00 PM,32.4,62.1,39.9,24.2,point
2025-08-12 07:30:00 PM,32.4,61.7,39.5,24.1,point
2025-08-12 08:00:00 PM,32.4,61.5,39.4,24.0,point
2025-08-12 08:30:00 PM,32.4,61.2,39.3,23.9,point
2025-08-12 09:00:00 PM,28.9,61.8,31.5,20.8,point
2025-08-12 09:30:00 PM,23.5,66.8,23.7,17.0,point
2025-08-12 10:00:00 PM,19.5,78.1,19.5,15.6,point
2025-08-12 10:30:00 PM,18.7,80.2,18.6,15.2,point
2025-08-12 11:00:00 PM,18.5,80.7,18.3,15.1,point
2025-08-12 11:30:00 PM,18.3,80.4,18.1,14.9,point
2025-08-13 12:00:00 AM,18.2,80.1,18.0,14.8,point
2025-08-13 12:30:00 AM,18.2,79.6,17.9,14.6,point
2025-08-13 01:00:00 AM,18.1,78.8,17.8,14.4,point
2025-08-13 01:30:00 AM,18.1,78.5,17.8,14.3,point
2025-08-13 02:00:00 AM,18.1,78.2,17.8,14.3,point
2025-08-13 02:30:00 AM,18.1,77.6,17.7,14.1,point
2025-08-13 03:00:00 AM,18.0,77.7,17.7,14.1,point
2025-08-13 03:30:00 AM,18.0,77.8,17.7,14.1,point
2025-08-13 04:00:00 AM,18.1,77.9,17.7,14.2,point
2025-08-13 04:30:00 AM,18.0,78.0,17.7,14.2,point
2025-08-13 05:00:00 AM,18.0,78.4,17.7,14.2,point
2025-08-13 05:30:00 AM,18.1,78.4,17.7,14.3,point
2025-08-13 06:00:00 AM,18.1,78.5,17.7,14.3,point
2025-08-13 06:30:00 AM,18.0,78.4,17.7,14.2,point
2025-08-13 07:00:00 AM,18.0,78.6,17.7,14.2,point
2025-08-13 07:30:00 AM,18.1,79.1,17.9,14.5,point
2025-08-13 08:00:00 AM,21.1,79.3,21.6,17.4,point
2025-08-13 08:30:00 AM,26.5,70.2,28.4,20.7,point
2025-08-13 09:00:00 AM,31.1,61.9,36.2,22.9,point
2025-08-13 09:30:00 AM,31.7,64.1,38.6,24.1,point
2025-08-13 10:00:00 AM,31.9,65.5,39.6,24.6,point
2025-08-13 10:30:00 AM,32.1,65.8,40.0,24.9,point
2025-08-13 11:00:00 AM,32.2,65.8,40.3,25.0,point
2025-08-13 11:30:00 AM,32.2,65.7,40.6,25.0,point
2025-08-13 12:00:00 PM,32.3,66.3,41.0,25.2,point
2025-08-13 12:30:00 PM,32.3,67.1,41.2,25.4,point
2025-08-13 01:00:00 PM,32.4,67.2,41.3,25.5,point
2025-08-13 01:30:00 PM,32.5,66.1,41.2,25.3,point
2025-08-13 02:00:00 PM,32.4,65.3,40.7,25.0,point
2025-08-13 02:30:00 PM,32.4,64.8,40.8,24.9,point
2025-08-13 03:00:00 PM,32.4,64.4,40.7,24.8,point
2025-08-13 03:30:00 PM,32.4,64.1,40.3,24.7,point
2025-08-13 04:00:00 PM,32.5,64.2,40.6,24.8,point
2025-08-13 04:30:00 PM,32.4,64.0,40.6,24.7,point
2025-08-13 05:00:00 PM,32.4,63.6,40.4,24.6,point
2025-08-13 05:30:00 PM,32.5,63.5,40.4,24.6,point
2025-08-13 06:00:00 PM,32.5,63.3,40.3,24.6,point
2025-08-13 06:30:00 PM,32.5,63.3,40.6,24.6,point
2025-08-13 07:00:00 PM,32.4,62.9,40.2,24.4,point
2025-08-13 07:30:00 PM,32.4,62.6,40.1,24.4,point
2025-08-13 08:00:00 PM,32.4,62.5,39.8,24.3,point
2025-08-13 08:30:00 PM,32.5,62.9,40.1,24.5,point
2025-08-13 09:00:00 PM,29.0,63.6,32.1,21.4,point
2025-08-13 09:30:00 PM,23.6,67.1,23.9,17.2,point
2025-08-13 10:00:00 PM,19.5,79.6,19.6,15.9,point
2025-08-13 10:30:00 PM,18.7,82.9,18.8,15.8,point
2025-08-13 11:00:00 PM,18.5,83.4,18.5,15.7,point
2025-08-13 11:30:00 PM,18.4,82.9,18.3,15.4,point
2025-08-14 12:00:00 AM,18.3,82.6,18.3,15.3,point
2025-08-14 12:30:00 AM,18.2,82.3,18.0,15.1,point
2025-08-14 01:00:00 AM,18.2,82.4,18.1,15.1,point
2025-08-14 01:30:00 AM,18.1,81.9,18.0,15.0,point
2025-08-14 02:00:00 AM,18.1,81.6,18.0,14.9,point
2025-08-14 02:30:00 AM,18.1,81.5,17.9,14.9,point
2025-08-14 03:00:00 AM,18.1,81.4,17.9,14.8,point
2025-08-14 03:30:00 AM,18.1,81.3,17.9,14.8,point
2025-08-14 04:00:00 AM,18.1,81.3,17.9,14.8,point
2025-08-14 04:30:00 AM,18.1,81.2,17.9,14.8,point
2025-08-14 05:00:00 AM,18.1,81.5,17.9,14.9,point
2025-08-14 05:30:00 AM,18.1,82.2,18.0,15.0,point
2025-08-14 06:00:00 AM,18.1,82.1,17.9,15.0,point
2025-08-14 06:30:00 AM,18.1,82.2,17.9,15.0,point
2025-08-14 07:00:00 AM,18.1,82.8,18.1,15.2,point
2025-08-14 07:30:00 AM,18.1,83.2,18.1,15.2,point
2025-08-14 08:00:00 AM,21.2,84.7,21.8,18.5,point
2025-08-14 08:30:00 AM,26.6,74.8,28.9,21.8,point
2025-08-14 09:00:00 AM,31.1,64.7,36.9,23.6,point
2025-08-14 09:30:00 AM,31.8,64.8,39.1,24.4,point
2025-08-14 10:00:00 AM,32.1,65.1,39.8,24.7,point
2025-08-14 10:30:00 AM,32.1,65.4,40.2,24.8,point
2025-08-14 11:00:00 AM,32.3,65.4,40.8,25.0,point
2025-08-14 11:30:00 AM,32.4,65.3,40.7,25.0,point
2025-08-14 12:00:00 PM,32.3,65.3,40.7,25.0,point
2025-08-14 12:30:00 PM,32.3,65.0,40.6,24.9,point
2025-08-14 01:00:00 PM,32.4,64.4,40.4,24.8,point
2025-08-14 01:30:00 PM,32.4,61.8,39.5,24.1,point
2025-08-14 02:00:00 PM,32.3,59.9,38.7,23.5,point
2025-08-14 02:30:00 PM,32.4,59.4,38.8,23.4,point
2025-08-14 03:00:00 PM,32.2,51.4,36.5,20.9,point
2025-08-14 03:30:00 PM,32.8,57.3,39.3,23.2,point
2025-08-14 04:00:00 PM,32.9,54.9,38.7,22.6,point
2025-08-14 04:30:00 PM,33.0,55.2,39.1,22.8,point
2025-08-14 05:00:00 PM,33.0,55.0,39.3,22.8,point
2025-08-14 05:30:00 PM,33.1,54.9,39.4,22.8,point
2025-08-14 06:00:00 PM,33.1,54.8,39.2,22.7,point
2025-08-14 06:30:00 PM,33.1,54.8,39.4,22.8,point
2025-08-14 07:00:00 PM,33.0,54.6,39.1,22.7,point
2025-08-14 07:30:00 PM,33.1,54.2,39.3,22.7,point
2025-08-14 08:00:00 PM,33.1,54.0,38.9,22.5,point
2025-08-14 08:30:00 PM,32.9,54.1,38.7,22.4,point
2025-08-14 09:00:00 PM,30.6,54.1,33.6,20.3,point
2025-08-14 09:30:00 PM,24.5,61.3,24.4,16.5,point
2025-08-14 10:00:00 PM,19.7,73.4,19.5,14.8,point
2025-08-14 10:30:00 PM,18.7,76.9,18.4,14.6,point
2025-08-14 11:00:00 PM,18.4,77.8,18.0,14.4,point
2025-08-14 11:30:00 PM,18.2,78.5,17.8,14.4,point
2025-08-15 12:00:00 AM,18.1,79.4,17.9,14.5,point
2025-08-15 12:30:00 AM,18.0,79.6,17.8,14.4,point
2025-08-15 01:00:00 AM,18.0,80.4,17.8,14.6,point
2025-08-15 01:30:00 AM,18.0,80.4,17.7,14.5,point
2025-08-15 02:00:00 AM,17.9,80.3,17.7,14.5,point
2025-08-15 02:30:00 AM,17.9,79.8,17.6,14.3,point
2025-08-15 03:00:00 AM,17.9,80.2,17.6,14.4,point
2025-08-15 03:30:00 AM,17.9,80.6,17.6,14.5,point
2025-08-15 04:00:00 AM,17.9,80.7,17.7,14.6,point
2025-08-15 04:30:00 AM,17.9,80.7,17.6,14.5,point
2025-08-15 05:00:00 AM,17.9,80.7,17.7,14.5,point
2025-08-15 05:30:00 AM,17.8,80.7,17.7,14.5,point
2025-08-15 06:00:00 AM,17.9,81.4,17.7,14.7,point
2025-08-15 06:30:00 AM,17.9,82.0,17.7,14.8,point
2025-08-15 07:00:00 AM,17.9,82.0,17.7,14.7,point
2025-08-15 07:30:00 AM,17.9,82.2,17.7,14.8,point
2025-08-15 08:00:00 AM,20.8,84.0,21.4,18.0,point
2025-08-15 08:30:00 AM,26.4,73.2,28.6,21.3,point
2025-08-15 09:00:00 AM,31.4,60.8,36.7,22.9,point
2025-08-15 09:30:00 AM,32.4,59.9,39.2,23.6,point
2025-08-15 10:00:00 AM,32.7,60.4,40.2,24.0,point
2025-08-15 10:30:00 AM,32.8,60.2,40.1,24.0,point
2025-08-15 11:00:00 AM,32.9,59.9,40.5,24.1,point
2025-08-15 11:30:00 AM,32.9,59.0,40.0,23.8,point
2025-08-15 12:00:00 PM,32.8,58.5,39.8,23.6,point
2025-08-15 12:30:00 PM,32.9,58.3,40.0,23.6,point
2025-08-15 01:00:00 PM,33.0,58.0,40.1,23.6,point
2025-08-15 01:30:00 PM,33.0,58.1,40.1,23.7,point
2025-08-15 02:00:00 PM,33.1,58.1,40.5,23.8,point
2025-08-15 02:30:00 PM,33.0,58.2,40.2,23.7,point
2025-08-15 03:00:00 PM,33.1,57.9,40.1,23.7,point
2025-08-15 03:30:00 PM,33.0,57.1,39.9,23.4,point
2025-08-15 04:00:00 PM,28.1,58.0,29.3,19.1,point
2025-08-15 04:30:00 PM,25.3,76.8,26.7,20.9,point
2025-08-15 05:00:00 PM,24.6,78.1,25.6,20.5,point
2025-08-15 05:30:00 PM,24.2,79.2,25.2,20.4,point
2025-08-15 06:00:00 PM,24.0,79.2,25.1,20.2,point
2025-08-15 06:30:00 PM,23.9,79.1,24.9,20.1,point
2025-08-15 07:00:00 PM,23.9,78.5,24.8,19.9,point
2025-08-15 07:30:00 PM,23.8,77.3,24.7,19.6,point
2025-08-15 08:00:00 PM,23.8,76.4,24.6,19.4,point
2025-08-15 08:30:00 PM,23.8,75.4,24.5,19.2,point
2025-08-15 09:00:00 PM,21.5,69.7,21.7,15.7,point
2025-08-15 09:30:00 PM,15.6,61.5,14.5,8.2,point
2025-08-15 10:00:00 PM,10.3,73.7,10.0,5.8,point
2025-08-15 10:30:00 PM,9.4,80.9,9.2,6.3,point
2025-08-15 11:00:00 PM,8.9,83.6,8.9,6.3,point
2025-08-15 11:30:00 PM,8.5,85.2,8.5,6.2,point
2025-08-16 12:00:00 AM,8.3,86.8,8.3,6.3,point
2025-08-16 12:30:00 AM,8.2,86.9,8.2,6.2,point
2025-08-16 01:00:00 AM,8.2,87.2,8.1,6.2,point
2025-08-16 01:30:00 AM,8.2,88.7,8.3,6.5,point
2025-08-16 02:00:00 AM,8.1,88.3,8.2,6.3,point
2025-08-16 02:30:00 AM,8.1,88.3,8.1,6.3,point
2025-08-16 03:00:00 AM,8.2,88.7,8.2,6.4,point
2025-08-16 03:30:00 AM,8.1,88.9,8.1,6.3,point
2025-08-16 04:00:00 AM,8.1,89.5,8.2,6.5,point
2025-08-16 04:30:00 AM,8.3,89.7,8.4,6.7,point
2025-08-16 05:00:00 AM,8.4,89.9,8.4,6.8,point
2025-08-16 05:30:00 AM,8.4,89.7,8.4,6.8,point
2025-08-16 06:00:00 AM,8.5,90.4,8.5,7.0,point
2025-08-16 06:30:00 AM,8.5,90.4,8.6,7.0,point
2025-08-16 07:00:00 AM,8.6,89.9,8.7,7.1,point
2025-08-16 07:30:00 AM,8.7,90.6,8.7,7.2,point
2025-08-16 08:00:00 AM,12.8,99.8,13.4,12.8,point
2025-08-16 08:30:00 AM,19.9,100.0,20.9,19.9,point
2025-08-16 09:00:00 AM,22.5,100.0,24.2,22.5,point
2025-08-16 09:30:00 AM,23.4,94.3,25.1,22.4,point
2025-08-16 10:00:00 AM,23.7,90.5,25.4,22.1,point
2025-08-16 10:30:00 AM,23.7,89.1,25.3,21.8,point
2025-08-16 11:00:00 AM,23.9,89.3,25.4,22.0,point
2025-08-16 11:30:00 AM,23.9,89.1,25.4,21.9,point
2025-08-16 12:00:00 PM,23.9,88.6,25.4,21.9,point
2025-08-16 12:30:00 PM,23.9,88.2,25.5,21.9,point
2025-08-16 01:00:00 PM,24.0,88.1,25.5,21.9,point
2025-08-16 01:30:00 PM,24.0,87.5,25.5,21.8,point
2025-08-16 02:00:00 PM,23.9,87.1,25.4,21.6,point
2025-08-16 02:30:00 PM,24.0,87.1,25.4,21.7,point
2025-08-16 03:00:00 PM,23.8,86.0,25.1,21.3,point
2025-08-16 03:30:00 PM,24.0,86.3,25.4,21.5,point
2025-08-16 04:00:00 PM,23.8,84.8,25.2,21.1,point
2025-08-16 04:30:00 PM,24.5,85.6,26.0,21.9,point
2025-08-16 05:00:00 PM,24.5,90.6,26.5,22.9,point
2025-08-16 05:30:00 PM,24.0,84.7,25.3,21.2,point
2025-08-16 06:00:00 PM,23.9,83.9,25.3,21.1,point
2025-08-16 06:30:00 PM,24.1,84.3,25.4,21.2,point
2025-08-16 07:00:00 PM,24.1,84.0,25.4,21.2,point
2025-08-16 07:30:00 PM,24.0,83.3,25.4,21.0,point
2025-08-16 08:00:00 PM,24.0,82.6,25.3,20.9,point
2025-08-16 08:30:00 PM,23.9,81.3,25.1,20.5,point
2025-08-16 09:00:00 PM,21.6,72.1,22.0,16.3,point
2025-08-16 09:30:00 PM,15.8,63.6,14.8,8.9,point
2025-08-16 10:00:00 PM,10.5,75.8,10.1,6.4,point
2025-08-16 10:30:00 PM,9.5,82.2,9.4,6.6,point
2025-08-16 11:00:00 PM,8.9,85.3,8.9,6.6,point
2025-08-16 11:30:00 PM,8.6,86.4,8.6,6.5,point
2025-08-17 12:00:00 AM,8.4,87.9,8.3,6.5,point
2025-08-17 12:30:00 AM,8.3,88.9,8.4,6.6,point
2025-08-17 01:00:00 AM,8.3,89.2,8.4,6.6,point
2025-08-17 01:30:00 AM,8.3,89.5,8.3,6.6,point
2025-08-17 02:00:00 AM,8.3,90.2,8.4,6.8,point
2025-08-17 02:30:00 AM,8.2,89.7,8.3,6.7,point
2025-08-17 03:00:00 AM,8.3,90.2,8.4,6.8,point
2025-08-17 03:30:00 AM,8.2,90.1,8.3,6.7,point
2025-08-17 04:00:00 AM,8.4,90.6,8.4,6.9,point
2025-08-17 04:30:00 AM,8.3,90.3,8.4,6.8,point
2025-08-17 05:00:00 AM,8.4,91.5,8.5,7.1,point
2025-08-17 05:30:00 AM,8.4,90.3,8.5,6.9,point
2025-08-17 06:00:00 AM,8.3,90.5,8.4,6.8,point
2025-08-17 06:30:00 AM,8.4,91.4,8.4,7.0,point
2025-08-17 07:00:00 AM,8.5,91.7,8.6,7.2,point
2025-08-17 07:30:00 AM,8.4,90.8,8.4,6.9,point
2025-08-17 08:00:00 AM,12.8,100.0,13.3,12.8,point
2025-08-17 08:30:00 AM,19.4,100.0,20.4,19.4,point
2025-08-17 09:00:00 AM,22.8,100.0,24.5,22.8,point
2025-08-17 09:30:00 AM,23.6,95.3,25.6,22.8,point
2025-08-17 10:00:00 AM,23.8,91.3,25.5,22.3,point
2025-08-17 10:30:00 AM,23.8,90.5,25.5,22.2,point
2025-08-17 11:00:00 AM,23.9,90.5,25.5,22.2,point
2025-08-17 11:30:00 AM,23.9,90.1,25.5,22.1,point
2025-08-17 12:00:00 PM,23.8,89.5,25.4,22.0,point
2025-08-17 12:30:00 PM,24.0,89.9,25.7,22.2,point
2025-08-17 01:00:00 PM,23.9,89.1,25.4,21.9,point
2025-08-17 01:30:00 PM,23.9,88.8,25.6,22.0,point
2025-08-17 02:00:00 PM,23.9,88.7,25.5,22.0,point
2025-08-17 02:30:00 PM,24.0,88.4,25.6,22.0,point
2025-08-17 03:00:00 PM,23.9,87.8,25.5,21.8,point
2025-08-17 03:30:00 PM,24.1,87.8,25.6,21.9,point
2025-08-17 04:00:00 PM,24.0,87.3,25.6,21.8,point
2025-08-17 04:30:00 PM,24.0,86.7,25.4,21.6,point
2025-08-17 05:00:00 PM,24.1,86.3,25.6,21.6,point
2025-08-17 05:30:00 PM,24.1,86.1,25.7,21.6,point
2025-08-17 06:00:00 PM,24.1,85.5,25.5,21.5,point
2025-08-17 06:30:00 PM,24.2,85.9,25.7,21.7,point
2025-08-17 07:00:00 PM,24.2,85.4,25.6,21.6,point
2025-08-17 07:30:00 PM,24.1,83.8,25.5,21.2,point
2025-08-17 08:00:00 PM,24.0,83.3,25.4,21.0,point
2025-08-17 08:30:00 PM,24.0,82.4,25.3,20.8,point
2025-08-17 09:00:00 PM,21.5,72.9,22.0,16.4,point
2025-08-17 09:30:00 PM,15.9,64.4,15.0,9.2,point
2025-08-17 10:00:00 PM,10.6,76.3,10.3,6.6,point
2025-08-17 10:30:00 PM,9.5,83.2,9.5,6.8,point
2025-08-17 11:00:00 PM,8.9,85.6,8.9,6.7,point
2025-08-17 11:30:00 PM,8.6,87.2,8.5,6.6,point
2025-08-18 12:00:00 AM,8.4,88.6,8.4,6.6,point
2025-08-18 12:30:00 AM,8.2,89.2,8.3,6.5,point
2025-08-18 01:00:00 AM,8.2,89.7,8.3,6.6,point
2025-08-18 01:30:00 AM,8.2,90.0,8.2,6.6,point
2025-08-18 02:00:00 AM,8.2,90.4,8.2,6.7,point
2025-08-18 02:30:00 AM,8.2,90.4,8.2,6.7,point
2025-08-18 03:00:00 AM,8.2,90.6,8.3,6.8,point
2025-08-18 03:30:00 AM,8.2,90.9,8.3,6.8,point
2025-08-18 04:00:00 AM,8.5,90.9,8.5,7.1,point
2025-08-18 04:30:00 AM,8.5,90.9,8.5,7.1,point
2025-08-18 05:00:00 AM,8.4,90.7,8.5,7.0,point
2025-08-18 05:30:00 AM,8.4,90.9,8.4,7.0,point
2025-08-18 06:00:00 AM,8.3,91.1,8.4,6.9,point
2025-08-18 06:30:00 AM,8.3,90.6,8.4,6.9,point
2025-08-18 07:00:00 AM,8.3,90.9,8.4,6.9,point
2025-08-18 07:30:00 AM,8.4,91.5,8.4,7.1,point
2025-08-18 08:00:00 AM,12.7,100.0,13.3,12.7,point
2025-08-18 08:30:00 AM,19.1,100.0,20.0,19.1,point
2025-08-18 09:00:00 AM,22.6,100.0,24.3,22.6,point
2025-08-18 09:30:00 AM,23.7,95.3,25.6,22.9,point
2025-08-18 10:00:00 AM,23.9,90.8,25.7,22.4,point
2025-08-18 10:30:00 AM,24.1,89.9,25.7,22.3,point
2025-08-18 11:00:00 AM,24.1,89.7,25.7,22.2,point
2025-08-18 11:30:00 AM,24.0,89.0,25.6,22.0,point
2025-08-18 12:00:00 PM,24.0,88.2,25.5,21.9,point
2025-08-18 12:30:00 PM,24.1,88.8,25.8,22.1,point
2025-08-18 01:00:00 PM,24.0,88.2,25.5,21.9,point
2025-08-18 01:30:00 PM,24.0,87.8,25.5,21.8,point
2025-08-18 02:00:00 PM,24.1,87.5,25.6,21.9,point
2025-08-18 02:30:00 PM,23.9,85.9,25.3,21.4,point
2025-08-18 03:00:00 PM,24.0,85.2,25.3,21.3,point
2025-08-18 03:30:00 PM,24.0,84.3,25.4,21.2,point
2025-08-18 04:00:00 PM,23.9,83.3,25.3,20.9,point
2025-08-18 04:30:00 PM,24.1,82.4,25.3,20.9,point
2025-08-18 05:00:00 PM,24.0,81.1,25.1,20.5,point
2025-08-18 05:30:00 PM,22.1,76.2,22.6,17.7,point
2025-08-18 06:00:00 PM,21.6,78.6,22.1,17.7,point
2025-08-18 06:30:00 PM,21.4,78.1,21.8,17.4,point
2025-08-18 07:00:00 PM,21.3,77.4,21.8,17.2,point
2025-08-18 07:30:00 PM,21.2,76.3,21.7,16.9,point
2025-08-18 08:00:00 PM,21.2,75.4,21.5,16.6,point
2025-08-18 08:30:00 PM,21.1,73.7,21.3,16.2,point
2025-08-18 09:00:00 PM,18.4,69.2,17.5,12.6,point
2025-08-18 09:30:00 PM,12.8,61.8,11.8,5.7,point
2025-08-18 10:00:00 PM,7.5,75.0,7.2,3.4,point
2025-08-18 10:30:00 PM,6.5,81.3,6.3,3.5,point
2025-08-18 11:00:00 PM,6.4,80.2,6.3,3.3,point
2025-08-18 11:30:00 PM,6.1,84.4,6.1,3.7,point
2025-08-19 12:00:00 AM,6.0,85.0,6.0,3.7,point
2025-08-19 12:30:00 AM,6.0,86.0,6.0,3.9,point
2025-08-19 01:00:00 AM,5.9,86.2,5.9,3.8,point
2025-08-19 01:30:00 AM,5.8,86.7,5.8,3.8,point
2025-08-19 02:00:00 AM,5.9,86.9,5.8,3.9,point
2025-08-19 02:30:00 AM,5.9,87.3,5.9,4.0,point
2025-08-19 03:00:00 AM,5.9,87.4,5.9,4.0,point
2025-08-19 03:30:00 AM,5.9,87.3,5.9,4.0,point
2025-08-19 04:00:00 AM,6.0,87.4,5.9,4.0,point
2025-08-19 04:30:00 AM,6.0,87.4,6.0,4.1,point
2025-08-19 05:00:00 AM,6.1,87.8,6.0,4.2,point
2025-08-19 05:30:00 AM,6.2,87.3,6.1,4.2,point
2025-08-19 06:00:00 AM,6.3,87.4,6.2,4.4,point
2025-08-19 06:30:00 AM,6.2,87.7,6.1,4.3,point
2025-08-19 07:00:00 AM,6.3,88.0,6.2,4.5,point
2025-08-19 07:30:00 AM,6.2,88.0,6.2,4.4,point
2025-08-19 08:00:00 AM,10.0,99.7,10.4,10.0,point
2025-08-19 08:30:00 AM,16.7,100.0,17.4,16.7,point
2025-08-19 09:00:00 AM,20.8,100.0,21.9,20.8,point
2025-08-19 09:30:00 AM,22.1,89.1,23.0,20.2,point
2025-08-19 10:00:00 AM,22.5,86.4,23.5,20.1,point
2025-08-19 10:30:00 AM,22.7,85.9,23.8,20.2,point
2025-08-19 11:00:00 AM,22.6,86.1,23.7,20.2,point
2025-08-19 11:30:00 AM,22.7,85.7,23.7,20.2,point
2025-08-19 12:00:00 PM,22.7,85.3,23.8,20.1,point
2025-08-19 12:30:00 PM,22.8,85.6,23.8,20.2,point
2025-08-19 01:00:00 PM,22.7,85.1,23.8,20.1,point
2025-08-19 01:30:00 PM,22.8,85.0,23.9,20.2,point
2025-08-19 02:00:00 PM,22.8,85.2,23.8,20.1,point
2025-08-19 02:30:00 PM,22.6,85.3,23.7,20.0,point
2025-08-19 03:00:00 PM,22.7,84.3,23.6,19.9,point
2025-08-19 03:30:00 PM,22.5,83.8,23.5,19.6,point
2025-08-19 04:00:00 PM,21.4,86.2,22.1,19.0,point
2025-08-19 04:30:00 PM,21.3,87.8,22.1,19.2,point
2025-08-19 05:00:00 PM,21.4,86.9,22.2,19.1,point
2025-08-19 05:30:00 PM,21.2,87.1,22.0,19.0,point
2025-08-19 06:00:00 PM,21.2,86.6,22.0,18.9,point
2025-08-19 06:30:00 PM,21.2,86.5,22.0,18.9,point
2025-08-19 07:00:00 PM,21.1,85.3,21.8,18.6,point
2025-08-19 07:30:00 PM,21.1,85.6,21.8,18.6,point
2025-08-19 08:00:00 PM,21.1,84.6,21.6,18.4,point
2025-08-19 08:30:00 PM,21.2,84.6,21.8,18.5,point
2025-08-19 09:00:00 PM,17.3,74.2,16.7,12.6,point
2025-08-19 09:30:00 PM,10.9,67.5,10.4,5.1,point
2025-08-19 10:00:00 PM,7.0,79.2,6.8,3.6,point
2025-08-19 10:30:00 PM,6.4,83.4,6.4,3.8,point
2025-08-19 11:00:00 PM,6.3,85.4,6.2,4.0,point
2025-08-19 11:30:00 PM,6.1,86.0,6.0,3.9,point
2025-08-20 12:00:00 AM,6.1,86.9,6.0,4.1,point
2025-08-20 12:30:00 AM,6.0,86.9,5.9,4.0,point
2025-08-20 01:00:00 AM,5.9,87.4,5.9,4.0,point
2025-08-20 01:30:00 AM,5.9,87.2,5.8,3.9,point
2025-08-20 02:00:00 AM,5.9,87.7,5.9,4.0,point
2025-08-20 02:30:00 AM,5.9,87.5,5.9,4.0,point
2025-08-20 03:00:00 AM,5.9,88.4,5.9,4.1,point
2025-08-20 03:30:00 AM,6.0,88.3,6.0,4.2,point
2025-08-20 04:00:00 AM,6.0,88.9,5.9,4.3,point
2025-08-20 04:30:00 AM,6.1,88.4,6.2,4.3,point
2025-08-20 05:00:00 AM,5.9,88.3,5.9,4.1,point
2025-08-20 05:30:00 AM,6.1,89.3,6.2,4.5,point
2025-08-20 06:00:00 AM,6.0,88.4,6.0,4.2,point
2025-08-20 06:30:00 AM,6.2,89.5,6.2,4.6,point
2025-08-20 07:00:00 AM,5.9,87.9,5.9,4.1,point
2025-08-20 07:30:00 AM,6.1,89.5,6.2,4.5,point
2025-08-20 08:00:00 AM,10.2,100.0,10.7,10.2,point
2025-08-20 08:30:00 AM,16.7,100.0,17.4,16.7,point
2025-08-20 09:00:00 AM,20.2,100.0,21.1,20.2,point
2025-08-20 09:30:00 AM,20.8,92.6,21.6,19.6,point
2025-08-20 10:00:00 AM,21.0,90.9,21.9,19.5,point
2025-08-20 10:30:00 AM,21.1,90.5,21.9,19.4,point
2025-08-20 11:00:00 AM,21.0,90.1,21.7,19.3,point
2025-08-20 11:30:00 AM,21.1,89.7,21.8,19.3,point
2025-08-20 12:00:00 PM,21.1,89.3,21.9,19.3,point
2025-08-20 12:30:00 PM,21.1,89.3,21.9,19.3,point
2025-08-20 01:00:00 PM,21.2,89.4,22.0,19.4,point
2025-08-20 01:30:00 PM,21.2,89.7,21.9,19.4,point
2025-08-20 02:00:00 PM,21.2,88.8,21.9,19.2,point
2025-08-20 02:30:00 PM,21.2,89.0,22.0,19.3,point
2025-08-20 03:00:00 PM,21.2,88.7,22.0,19.3,point
2025-08-20 03:30:00 PM,21.3,89.0,22.0,19.4,point
2025-08-20 04:00:00 PM,21.2,88.1,21.9,19.1,point
2025-08-20 04:30:00 PM,21.2,88.7,21.9,19.2,point
2025-08-20 05:00:00 PM,21.3,89.3,22.0,19.5,point
2025-08-20 05:30:00 PM,21.1,87.9,21.9,19.0,point
2025-08-20 06:00:00 PM,21.2,88.2,22.0,19.2,point
2025-08-20 06:30:00 PM,21.2,88.2,22.0,19.2,point
2025-08-20 07:00:00 PM,21.2,87.9,21.9,19.1,point
2025-08-20 07:30:00 PM,21.2,87.7,22.0,19.1,point
2025-08-20 08:00:00 PM,21.2,87.0,22.0,19.0,point
2025-08-20 08:30:00 PM,21.2,87.8,22.0,19.1,point
2025-08-20 09:00:00 PM,17.5,76.1,17.1,13.3,point
2025-08-20 09:30:00 PM,11.1,69.0,10.5,5.6,point
2025-08-20 10:00:00 PM,7.0,79.9,6.8,3.8,point
2025-08-20 10:30:00 PM,6.5,84.4,6.4,4.0,point
2025-08-20 11:00:00 PM,6.2,85.7,6.2,4.0,point
2025-08-20 11:30:00 PM,6.2,87.0,6.1,4.2,point
2025-08-21 12:00:00 AM,6.1,87.2,6.1,4.2,point
2025-08-21 12:30:00 AM,6.0,87.7,6.0,4.1,point
2025-08-21 01:00:00 AM,6.0,88.5,6.0,4.3,point
2025-08-21 01:30:00 AM,6.1,88.4,6.2,4.3,point
2025-08-21 02:00:00 AM,6.0,88.3,5.9,4.2,point
2025-08-21 02:30:00 AM,6.0,88.8,6.0,4.3,point
2025-08-21 03:00:00 AM,6.0,88.8,5.9,4.3,point
2025-08-21 03:30:00 AM,5.9,88.9,5.8,4.2,point
2025-08-21 04:00:00 AM,6.1,89.3,6.0,4.5,point
2025-08-21 04:30:00 AM,5.8,88.8,5.8,4.1,point
2025-08-21 05:00:00 AM,5.8,88.7,5.7,4.1,point
2025-08-21 05:30:00 AM,5.7,89.0,5.7,4.0,point
2025-08-21 06:00:00 AM,5.7,89.1,5.7,4.0,point
2025-08-21 06:30:00 AM,5.7,89.5,5.7,4.1,point
2025-08-21 07:00:00 AM,5.7,89.4,5.6,4.1,point
2025-08-21 07:30:00 AM,5.7,89.3,5.6,4.1,point
2025-08-21 08:00:00 AM,9.8,100.0,10.1,9.8,point
2025-08-21 08:30:00 AM,16.6,100.0,17.4,16.6,point
2025-08-21 09:00:00 AM,19.8,100.0,20.8,19.8,point
2025-08-21 09:30:00 AM,20.5,94.3,21.4,19.6,point
2025-08-21 10:00:00 AM,20.8,91.9,21.5,19.4,point
2025-08-21 10:30:00 AM,20.9,91.0,21.6,19.4,point
2025-08-21 11:00:00 AM,21.0,91.8,21.9,19.6,point
2025-08-21 11:30:00 AM,21.0,91.1,21.7,19.5,point
2025-08-21 12:00:00 PM,21.0,90.6,21.9,19.4,point
2025-08-21 12:30:00 PM,21.1,91.0,21.9,19.6,point
2025-08-21 01:00:00 PM,21.1,90.8,21.9,19.5,point
2025-08-21 01:30:00 PM,21.0,90.1,21.7,19.3,point
2025-08-21 02:00:00 PM,21.0,89.5,21.6,19.2,point
2025-08-21 02:30:00 PM,21.1,90.1,21.9,19.4,point
2025-08-21 03:00:00 PM,21.0,89.1,21.6,19.1,point
2025-08-21 03:30:00 PM,21.0,89.4,21.8,19.2,point
2025-08-21 04:00:00 PM,21.0,89.2,21.8,19.2,point
2025-08-21 04:30:00 PM,21.1,89.3,21.9,19.3,point
2025-08-21 05:00:00 PM,21.1,89.3,21.9,19.3,point
2025-08-21 05:30:00 PM,21.1,89.0,21.9,19.2,point
2025-08-21 06:00:00 PM,21.2,89.7,21.9,19.4,point
2025-08-21 06:30:00 PM,21.2,89.7,21.9,19.4,point
2025-08-21 07:00:00 PM,21.1,88.0,21.9,19.0,point
2025-08-21 07:30:00 PM,21.2,88.0,22.0,19.1,point
2025-08-21 08:00:00 PM,21.2,87.8,22.0,19.1,point
2025-08-21 08:30:00 PM,21.1,87.6,21.9,19.0,point
2025-08-21 09:00:00 PM,17.4,75.7,16.9,13.0,point
2025-08-21 09:30:00 PM,10.8,68.5,10.3,5.2,point
2025-08-21 10:00:00 PM,6.9,80.3,6.7,3.7,point
2025-08-21 10:30:00 PM,6.3,83.7,6.2,3.7,point
2025-08-21 11:00:00 PM,6.2,86.3,6.2,4.1,point
2025-08-21 11:30:00 PM,6.1,87.2,6.0,4.1,point
2025-08-22 12:00:00 AM,5.9,87.7,5.9,4.0,point
2025-08-22 12:30:00 AM,5.9,87.9,5.9,4.1,point
2025-08-22 01:00:00 AM,5.9,88.3,5.8,4.1,point
2025-08-22 01:30:00 AM,5.9,88.8,5.8,4.2,point
2025-08-22 02:00:00 AM,5.9,88.8,5.8,4.2,point
2025-08-22 02:30:00 AM,5.8,89.3,5.8,4.2,point
2025-08-22 03:00:00 AM,5.8,89.5,5.8,4.2,point
2025-08-22 03:30:00 AM,5.7,89.2,5.7,4.1,point
2025-08-22 04:00:00 AM,5.8,89.9,5.8,4.3,point
2025-08-22 04:30:00 AM,5.7,89.4,5.7,4.1,point
2025-08-22 05:00:00 AM,5.8,90.1,5.9,4.3,point
2025-08-22 05:30:00 AM,5.7,89.7,5.6,4.1,point
2025-08-22 06:00:00 AM,5.7,89.7,5.6,4.1,point
2025-08-22 06:30:00 AM,5.7,90.0,5.6,4.2,point
2025-08-22 07:00:00 AM,5.7,89.5,5.6,4.1,point
2025-08-22 07:30:00 AM,5.7,90.1,5.7,4.2,point
2025-08-22 08:00:00 AM,9.7,100.0,10.1,9.7,point
2025-08-22 08:30:00 AM,15.9,100.0,16.6,15.9,point
2025-08-22 09:00:00 AM,19.8,100.0,20.7,19.8,point
2025-08-22 09:30:00 AM,20.6,93.9,21.5,19.6,point
2025-08-22 10:00:00 AM,20.8,92.2,21.6,19.5,point
2025-08-22 10:30:00 AM,20.9,91.7,21.7,19.5,point
2025-08-22 11:00:00 AM,20.9,91.2,21.7,19.5,point
2025-08-22 11:30:00 AM,21.0,90.9,21.9,19.5,point
2025-08-22 12:00:00 PM,21.0,91.2,21.7,19.5,point
2025-08-22 12:30:00 PM,21.1,90.8,21.9,19.5,point
2025-08-22 01:00:00 PM,21.0,90.0,21.6,19.3,point
2025-08-22 01:30:00 PM,21.0,90.3,21.9,19.4,point
2025-08-22 02:00:00 PM,21.1,90.8,22.0,19.6,point
2025-08-22 02:30:00 PM,21.1,90.0,21.9,19.4,point
2025-08-22 03:00:00 PM,21.3,89.2,22.0,19.4,point
2025-08-22 03:30:00 PM,21.1,90.0,21.8,19.3,point
2025-08-22 04:00:00 PM,21.0,90.2,21.9,19.4,point
2025-08-22 04:30:00 PM,20.9,90.0,21.7,19.2,point
2025-08-22 05:00:00 PM,21.0,90.6,21.7,19.4,point
2025-08-22 05:30:00 PM,20.9,90.4,21.7,19.3,point
2025-08-22 06:00:00 PM,20.9,90.5,21.7,19.3,point
2025-08-22 06:30:00 PM,20.9,90.0,21.5,19.1,point
2025-08-22 07:00:00 PM,20.9,90.6,21.7,19.3,point
2025-08-22 07:30:00 PM,20.9,90.0,21.7,19.2,point
2025-08-22 08:00:00 PM,20.9,89.5,21.5,19.1,point
2025-08-22 08:30:00 PM,20.9,89.8,21.5,19.1,point
2025-08-22 09:00:00 PM,17.3,77.1,16.9,13.2,point
2025-08-22 09:30:00 PM,11.0,70.7,10.5,5.9,point
2025-08-22 10:00:00 PM,6.7,81.1,6.5,3.7,point
2025-08-22 10:30:00 PM,6.0,86.1,6.0,3.9,point
2025-08-22 11:00:00 PM,5.8,87.5,5.8,3.9,point
2025-08-22 11:30:00 PM,5.7,89.0,5.7,4.0,point
2025-08-23 12:00:00 AM,5.8,90.0,5.7,4.2,point
2025-08-23 12:30:00 AM,5.7,89.7,5.6,4.1,point
2025-08-23 01:00:00 AM,5.7,90.2,5.7,4.2,point
2025-08-23 01:30:00 AM,5.7,90.2,5.7,4.2,point
2025-08-23 02:00:00 AM,5.7,90.6,5.7,4.2,point
2025-08-23 02:30:00 AM,5.7,90.4,5.8,4.3,point
2025-08-23 03:00:00 AM,5.7,91.1,5.7,4.3,point
2025-08-23 03:30:00 AM,5.7,90.7,5.7,4.3,point
2025-08-23 04:00:00 AM,5.6,90.8,5.7,4.2,point
2025-08-23 04:30:00 AM,5.5,91.0,5.6,4.2,point
2025-08-23 05:00:00 AM,5.4,91.1,5.5,4.1,point
2025-08-23 05:30:00 AM,5.4,91.3,5.5,4.1,point
2025-08-23 06:00:00 AM,5.6,91.0,5.6,4.2,point
2025-08-23 06:30:00 AM,5.5,91.0,5.5,4.1,point
2025-08-23 07:00:00 AM,5.5,91.4,5.5,4.2,point
2025-08-23 07:30:00 AM,5.5,91.2,5.6,4.2,point
2025-08-23 08:00:00 AM,9.5,100.0,9.8,9.5,point
2025-08-23 08:30:00 AM,16.0,100.0,16.7,16.0,point
2025-08-23 09:00:00 AM,19.9,100.0,20.8,19.9,point
2025-08-23 09:30:00 AM,20.6,95.3,21.5,19.9,point
2025-08-23 10:00:00 AM,20.8,92.6,21.6,19.6,point
2025-08-23 10:30:00 AM,20.9,92.0,21.8,19.6,point
2025-08-23 11:00:00 AM,21.0,91.6,21.7,19.5,point
2025-08-23 11:30:00 AM,21.0,91.4,21.9,19.6,point
2025-08-23 12:00:00 PM,21.1,91.2,21.9,19.5,point
2025-08-23 12:30:00 PM,21.1,91.0,22.0,19.6,point
2025-08-23 01:00:00 PM,21.1,90.9,22.0,19.6,point
2025-08-23 01:30:00 PM,21.1,91.0,21.9,19.5,point
2025-08-23 02:00:00 PM,21.0,90.2,21.9,19.3,point
2025-08-23 02:30:00 PM,21.1,90.3,21.9,19.4,point
2025-08-23 03:00:00 PM,21.0,90.0,21.9,19.3,point
2025-08-23 03:30:00 PM,21.1,89.8,21.8,19.3,point
2025-08-23 04:00:00 PM,21.1,89.9,21.9,19.4,point
2025-08-23 04:30:00 PM,21.1,89.1,21.8,19.2,point
2025-08-23 05:00:00 PM,21.1,88.8,21.9,19.2,point
2025-08-23 05:30:00 PM,21.1,88.8,21.8,19.1,point
2025-08-23 06:00:00 PM,21.2,89.2,21.9,19.3,point
2025-08-23 06:30:00 PM,21.1,88.5,21.8,19.1,point
2025-08-23 07:00:00 PM,21.0,87.9,21.7,18.9,point
2025-08-23 07:30:00 PM,21.0,87.7,21.7,18.9,point
2025-08-23 08:00:00 PM,21.1,87.8,21.7,18.9,point
2025-08-23 08:30:00 PM,21.1,88.3,21.9,19.1,point
2025-08-23 09:00:00 PM,17.6,77.4,17.3,13.7,point
2025-08-23 09:30:00 PM,11.1,68.9,10.6,5.6,point
2025-08-23 10:00:00 PM,6.7,80.4,6.6,3.6,point
2025-08-23 10:30:00 PM,6.2,85.0,6.1,3.8,point
2025-08-23 11:00:00 PM,5.9,87.3,5.9,4.0,point
2025-08-23 11:30:00 PM,5.8,88.3,5.8,4.1,point
2025-08-24 12:00:00 AM,5.8,88.8,5.7,4.1,point
2025-08-24 12:30:00 AM,5.7,89.0,5.7,4.0,point
2025-08-24 01:00:00 AM,5.7,89.5,5.6,4.1,point
2025-08-24 01:30:00 AM,5.7,89.7,5.6,4.1,point
2025-08-24 02:00:00 AM,5.7,90.0,5.6,4.1,point
2025-08-24 02:30:00 AM,5.6,89.9,5.5,4.1,point
2025-08-24 03:00:00 AM,5.6,90.4,5.6,4.1,point
2025-08-24 03:30:00 AM,5.6,90.3,5.7,4.2,point
2025-08-24 04:00:00 AM,5.6,91.0,5.7,4.2,point
2025-08-24 04:30:00 AM,5.6,91.0,5.7,4.3,point
2025-08-24 05:00:00 AM,5.6,90.4,5.7,4.2,point
2025-08-24 05:30:00 AM,5.5,90.5,5.6,4.1,point
2025-08-24 06:00:00 AM,5.5,90.9,5.6,4.2,point
2025-08-24 06:30:00 AM,5.5,91.2,5.6,4.2,point
2025-08-24 07:00:00 AM,5.6,90.8,5.7,4.2,point
2025-08-24 07:30:00 AM,5.6,90.3,5.7,4.2,point
2025-08-24 08:00:00 AM,9.6,100.0,10.0,9.6,point
2025-08-24 08:30:00 AM,16.7,100.0,17.5,16.7,point
2025-08-24 09:00:00 AM,19.7,100.0,20.6,19.7,point
2025-08-24 09:30:00 AM,20.6,95.5,21.5,19.9,point
2025-08-24 10:00:00 AM,20.8,92.7,21.5,19.6,point
2025-08-24 10:30:00 AM,20.9,91.3,21.6,19.4,point
2025-08-24 11:00:00 AM,20.9,91.1,21.7,19.4,point
2025-08-24 11:30:00 AM,21.0,91.2,21.7,19.5,point
2025-08-24 12:00:00 PM,20.9,89.9,21.5,19.2,point
2025-08-24 12:30:00 PM,21.1,90.7,22.0,19.5,point
2025-08-24 01:00:00 PM,21.1,90.5,21.9,19.4,point
2025-08-24 01:30:00 PM,21.1,89.9,21.8,19.4,point
2025-08-24 02:00:00 PM,21.0,88.8,21.6,19.1,point
2025-08-24 02:30:00 PM,21.0,89.0,21.8,19.1,point
2025-08-24 03:00:00 PM,21.1,89.1,21.9,19.2,point
2025-08-24 03:30:00 PM,21.0,88.0,21.7,18.9,point
2025-08-24 04:00:00 PM,20.9,87.2,21.5,18.7,point
2025-08-24 04:30:00 PM,21.1,88.0,21.9,19.0,point
2025-08-24 05:00:00 PM,21.0,86.9,21.7,18.8,point
2025-08-24 05:30:00 PM,21.0,86.4,21.6,18.6,point
2025-08-24 06:00:00 PM,21.0,86.4,21.7,18.7,point
2025-08-24 06:30:00 PM,21.2,86.8,21.9,18.9,point
2025-08-24 07:00:00 PM,20.9,85.0,21.5,18.3,point
2025-08-24 07:30:00 PM,21.0,85.0,21.5,18.4,point
2025-08-24 08:00:00 PM,21.1,85.2,21.8,18.5,point
2025-08-24 08:30:00 PM,21.1,85.8,21.6,18.6,point
2025-08-24 09:00:00 PM,17.7,76.0,17.2,13.4,point
2025-08-24 09:30:00 PM,11.5,69.9,10.9,6.2,point
2025-08-24 10:00:00 PM,6.8,80.1,6.7,3.6,point
2025-08-24 10:30:00 PM,6.1,84.5,6.1,3.7,point
2025-08-24 11:00:00 PM,6.0,87.0,5.9,4.0,point
2025-08-24 11:30:00 PM,5.8,88.1,5.7,4.0,point
2025-08-25 12:00:00 AM,5.8,88.4,5.7,4.0,point
2025-08-25 12:30:00 AM,5.7,88.6,5.7,4.0,point
2025-08-25 01:00:00 AM,5.7,89.0,5.6,4.0,point
2025-08-25 01:30:00 AM,5.7,89.4,5.6,4.0,point
2025-08-25 02:00:00 AM,5.6,89.6,5.5,4.0,point
2025-08-25 02:30:00 AM,5.6,89.9,5.6,4.1,point
2025-08-25 03:00:00 AM,5.6,89.9,5.5,4.1,point
2025-08-25 03:30:00 AM,5.6,90.0,5.5,4.1,point
2025-08-25 04:00:00 AM,5.6,90.2,5.7,4.1,point
2025-08-25 04:30:00 AM,5.7,90.5,5.8,4.3,point
2025-08-25 05:00:00 AM,5.7,90.9,5.7,4.3,point
2025-08-25 05:30:00 AM,5.5,90.5,5.6,4.1,point
2025-08-25 06:00:00 AM,5.6,90.6,5.7,4.2,point
2025-08-25 06:30:00 AM,5.7,91.0,5.8,4.4,point
2025-08-25 07:00:00 AM,5.6,90.7,5.7,4.2,point
2025-08-25 07:30:00 AM,5.7,90.4,5.8,4.3,point
2025-08-25 08:00:00 AM,9.7,100.0,10.0,9.7,point
2025-08-25 08:30:00 AM,16.5,100.0,17.2,16.5,point
2025-08-25 09:00:00 AM,19.6,100.0,20.6,19.6,point
2025-08-25 09:30:00 AM,20.6,95.0,21.4,19.8,point
2025-08-25 10:00:00 AM,20.8,92.4,21.5,19.5,point
2025-08-25 10:30:00 AM,20.9,91.7,21.7,19.5,point
2025-08-25 11:00:00 AM,21.0,91.4,21.7,19.5,point
2025-08-25 11:30:00 AM,21.0,91.0,21.7,19.5,point
2025-08-25 12:00:00 PM,21.0,90.4,21.9,19.4,point
2025-08-25 12:30:00 PM,21.0,90.4,21.9,19.4,point
2025-08-25 01:00:00 PM,21.1,91.1,22.0,19.6,point
2025-08-25 01:30:00 PM,21.1,90.9,22.0,19.6,point
2025-08-25 02:00:00 PM,21.1,90.2,21.9,19.4,point
2025-08-25 02:30:00 PM,21.1,89.9,21.8,19.3,point
2025-08-25 03:00:00 PM,21.2,90.7,22.0,19.6,point
2025-08-25 03:30:00 PM,21.2,89.8,21.9,19.4,point
2025-08-25 04:00:00 PM,21.1,89.7,21.9,19.4,point
2025-08-25 04:30:00 PM,21.1,89.9,21.8,19.4,point
2025-08-25 05:00:00 PM,21.1,89.4,21.9,19.3,point
2025-08-25 05:30:00 PM,21.0,89.5,21.8,19.2,point
2025-08-25 06:00:00 PM,21.0,89.1,21.8,19.1,point
2025-08-25 06:30:00 PM,20.9,89.1,21.6,19.1,point
2025-08-25 07:00:00 PM,21.1,89.3,21.9,19.3,point
2025-08-25 07:30:00 PM,21.1,89.6,21.9,19.4,point
2025-08-25 08:00:00 PM,21.1,88.3,21.9,19.1,point
2025-08-25 08:30:00 PM,21.2,89.4,21.9,19.4,point
2025-08-25 09:00:00 PM,17.6,75.9,17.2,13.3,point
2025-08-25 09:30:00 PM,11.3,70.0,10.8,6.1,point
2025-08-25 10:00:00 PM,6.9,80.2,6.7,3.7,point
2025-08-25 10:30:00 PM,6.2,85.3,6.1,3.9,point
2025-08-25 11:00:00 PM,6.3,83.8,6.3,3.8,point
2025-08-25 11:30:00 PM,6.1,87.2,6.0,4.1,point
2025-08-26 12:00:00 AM,5.9,88.5,5.9,4.2,point
2025-08-26 12:30:00 AM,5.9,88.8,5.8,4.2,point
2025-08-26 01:00:00 AM,5.7,89.4,5.7,4.1,point
2025-08-26 01:30:00 AM,5.7,89.6,5.7,4.1,point
2025-08-26 02:00:00 AM,5.6,89.8,5.6,4.1,point
2025-08-26 02:30:00 AM,5.6,90.3,5.7,4.2,point
2025-08-26 03:00:00 AM,5.7,90.5,5.7,4.2,point
2025-08-26 03:30:00 AM,5.6,89.9,5.5,4.1,point
2025-08-26 04:00:00 AM,5.6,90.8,5.7,4.2,point
2025-08-26 04:30:00 AM,5.6,91.0,5.6,4.2,point
2025-08-26 05:00:00 AM,5.6,90.9,5.7,4.2,point
2025-08-26 05:30:00 AM,5.7,91.4,5.7,4.4,point
2025-08-26 06:00:00 AM,5.7,91.3,5.7,4.4,point
2025-08-26 06:30:00 AM,5.7,90.9,5.7,4.3,point
2025-08-26 07:00:00 AM,5.5,91.1,5.6,4.2,point
2025-08-26 07:30:00 AM,5.5,91.7,5.6,4.3,point
2025-08-26 08:00:00 AM,9.1,99.3,9.4,9.0,point
2025-08-26 08:30:00 AM,16.7,100.0,17.4,16.7,point
2025-08-26 09:00:00 AM,19.6,100.0,20.6,19.6,point
2025-08-26 09:30:00 AM,20.5,95.9,21.3,19.8,point
2025-08-26 10:00:00 AM,20.7,93.2,21.5,19.6,point
2025-08-26 10:30:00 AM,20.8,93.2,21.5,19.6,point
2025-08-26 11:00:00 AM,20.8,92.4,21.6,19.5,point
2025-08-26 11:30:00 AM,20.9,92.5,21.8,19.7,point
2025-08-26 12:00:00 PM,20.9,91.9,21.7,19.6,point
2025-08-26 12:30:00 PM,20.9,91.7,21.7,19.5,point
2025-08-26 01:00:00 PM,20.9,91.5,21.7,19.5,point
2025-08-26 01:30:00 PM,20.9,91.5,21.7,19.5,point
2025-08-26 02:00:00 PM,20.9,91.0,21.7,19.4,point
2025-08-26 02:30:00 PM,20.9,91.0,21.6,19.3,point
2025-08-26 03:00:00 PM,21.0,91.3,21.7,19.5,point
2025-08-26 03:30:00 PM,20.9,90.5,21.6,19.3,point
2025-08-26 04:00:00 PM,21.0,91.1,21.7,19.4,point
2025-08-26 04:30:00 PM,20.9,90.6,21.7,19.4,point
2025-08-26 05:00:00 PM,21.0,90.2,21.9,19.3,point
2025-08-26 05:30:00 PM,21.1,90.6,21.9,19.5,point
2025-08-26 06:00:00 PM,21.0,90.7,21.9,19.4,point
2025-08-26 06:30:00 PM,21.0,90.0,21.8,19.3,point
2025-08-26 07:00:00 PM,21.0,90.0,21.9,19.3,point
2025-08-26 07:30:00 PM,21.1,90.2,22.0,19.4,point
2025-08-26 08:00:00 PM,21.1,89.6,21.8,19.3,point
2025-08-26 08:30:00 PM,21.1,90.1,22.0,19.4,point
2025-08-26 09:00:00 PM,17.9,78.7,17.5,14.1,point
2025-08-26 09:30:00 PM,11.7,72.8,11.2,7.0,point
2025-08-26 10:00:00 PM,7.0,80.1,6.9,3.9,point
2025-08-26 10:30:00 PM,6.2,85.3,6.2,4.0,point
2025-08-26 11:00:00 PM,6.0,87.2,5.9,4.0,point
2025-08-26 11:30:00 PM,5.8,88.5,5.7,4.0,point
2025-08-27 12:00:00 AM,5.8,89.6,5.7,4.2,point
2025-08-27 12:30:00 AM,5.7,89.5,5.6,4.1,point
2025-08-27 01:00:00 AM,5.7,90.1,5.8,4.2,point
2025-08-27 01:30:00 AM,5.7,90.7,5.7,4.3,point
2025-08-27 02:00:00 AM,5.6,90.7,5.7,4.2,point
2025-08-27 02:30:00 AM,5.6,90.8,5.7,4.2,point
2025-08-27 03:00:00 AM,5.6,90.8,5.6,4.2,point
2025-08-27 03:30:00 AM,5.5,91.0,5.6,4.2,point
2025-08-27 04:00:00 AM,5.6,90.9,5.6,4.2,point
2025-08-27 04:30:00 AM,5.6,91.4,5.7,4.3,point
2025-08-27 05:00:00 AM,5.6,91.6,5.6,4.3,point
2025-08-27 05:30:00 AM,5.6,91.5,5.6,4.3,point
2025-08-27 06:00:00 AM,5.6,91.7,5.6,4.3,point
2025-08-27 06:30:00 AM,5.5,91.3,5.6,4.2,point
2025-08-27 07:00:00 AM,5.6,92.0,5.7,4.4,point
2025-08-27 07:30:00 AM,5.6,91.8,5.6,4.3,point
2025-08-27 08:00:00 AM,9.4,100.0,9.8,9.4,point
2025-08-27 08:30:00 AM,15.8,100.0,16.5,15.8,point
2025-08-27 09:00:00 AM,19.7,100.0,20.6,19.7,point
2025-08-27 09:30:00 AM,20.6,95.4,21.4,19.8,point
2025-08-27 10:00:00 AM,20.8,93.4,21.5,19.7,point
2025-08-27 10:30:00 AM,20.8,92.4,21.5,19.5,point
2025-08-27 11:00:00 AM,20.9,92.3,21.8,19.6,point
2025-08-27 11:30:00 AM,20.9,91.7,21.7,19.5,point
2025-08-27 12:00:00 PM,21.0,92.8,21.9,19.8,point
2025-08-27 12:30:00 PM,21.0,92.3,21.8,19.7,point
2025-08-27 01:00:00 PM,20.9,91.7,21.7,19.6,point
2025-08-27 01:30:00 PM,20.9,91.3,21.7,19.4,point
2025-08-27 02:00:00 PM,21.0,91.8,21.9,19.6,point
2025-08-27 02:30:00 PM,21.0,91.5,21.7,19.5,point
2025-08-27 03:00:00 PM,20.9,90.4,21.6,19.2,point
2025-08-27 03:30:00 PM,21.0,91.3,21.7,19.5,point
2025-08-27 04:00:00 PM,21.0,91.3,21.9,19.5,point
2025-08-27 04:30:00 PM,21.0,91.3,21.9,19.6,point
2025-08-27 05:00:00 PM,21.0,90.0,21.7,19.3,point
2025-08-27 05:30:00 PM,21.0,90.9,21.9,19.5,point
2025-08-27 06:00:00 PM,21.0,90.7,21.9,19.5,point
2025-08-27 06:30:00 PM,21.1,90.3,21.9,19.4,point
2025-08-27 07:00:00 PM,21.1,90.4,22.0,19.5,point
2025-08-27 07:30:00 PM,21.0,89.6,21.8,19.3,point
2025-08-27 08:00:00 PM,21.0,89.7,21.8,19.3,point
2025-08-27 08:30:00 PM,21.0,89.2,21.8,19.2,point
2025-08-27 09:00:00 PM,17.7,77.9,17.4,13.8,point
2025-08-27 09:30:00 PM,11.6,72.2,11.2,6.8,point
2025-08-27 10:00:00 PM,7.0,79.8,6.9,3.8,point
2025-08-27 10:30:00 PM,6.3,85.2,6.3,4.0,point
2025-08-27 11:00:00 PM,6.1,87.8,6.0,4.2,point
2025-08-27 11:30:00 PM,6.0,88.8,6.0,4.3,point
2025-08-28 12:00:00 AM,5.9,89.5,5.8,4.3,point
2025-08-28 12:30:00 AM,5.7,89.6,5.7,4.1,point
2025-08-28 01:00:00 AM,5.7,89.9,5.7,4.2,point
2025-08-28 01:30:00 AM,5.7,90.4,5.7,4.2,point
2025-08-28 02:00:00 AM,5.7,90.5,5.8,4.3,point
2025-08-28 02:30:00 AM,5.7,91.0,5.8,4.3,point
2025-08-28 03:00:00 AM,5.6,90.8,5.6,4.2,point
2025-08-28 03:30:00 AM,5.7,90.7,5.7,4.3,point
2025-08-28 04:00:00 AM,5.7,91.2,5.7,4.3,point
2025-08-28 04:30:00 AM,5.6,91.5,5.7,4.3,point
2025-08-28 05:00:00 AM,5.6,91.4,5.6,4.3,point
2025-08-28 05:30:00 AM,5.6,91.3,5.7,4.3,point
2025-08-28 06:00:00 AM,5.5,90.9,5.6,4.2,point
2025-08-28 06:30:00 AM,5.6,91.7,5.7,4.4,point
2025-08-28 07:00:00 AM,5.7,91.9,5.7,4.5,point
2025-08-28 07:30:00 AM,5.6,91.8,5.6,4.4,point
2025-08-28 08:00:00 AM,8.8,100.0,9.1,8.8,point
2025-08-28 08:30:00 AM,16.4,100.0,17.2,16.4,point
2025-08-28 09:00:00 AM,19.6,100.0,20.5,19.6,point
2025-08-28 09:30:00 AM,20.4,95.9,21.3,19.7,point
2025-08-28 10:00:00 AM,20.6,93.6,21.4,19.6,point
2025-08-28 10:30:00 AM,20.8,92.9,21.6,19.6,point
2025-08-28 11:00:00 AM,20.9,92.2,21.6,19.6,point
2025-08-28 11:30:00 AM,20.9,91.8,21.7,19.6,point
2025-08-28 12:00:00 PM,21.0,91.9,21.8,19.6,point
2025-08-28 12:30:00 PM,20.9,91.3,21.7,19.4,point
2025-08-28 01:00:00 PM,20.9,90.9,21.7,19.4,point
2025-08-28 01:30:00 PM,20.9,90.8,21.7,19.4,point
2025-08-28 02:00:00 PM,21.2,90.6,22.0,19.6,point
2025-08-28 02:30:00 PM,20.9,90.2,21.6,19.2,point
2025-08-28 03:00:00 PM,20.9,90.5,21.7,19.3,point
2025-08-28 03:30:00 PM,20.9,90.5,21.7,19.3,point
2025-08-28 04:00:00 PM,20.9,89.8,21.6,19.2,point
2025-08-28 04:30:00 PM,20.9,90.3,21.7,19.3,point
2025-08-28 05:00:00 PM,21.0,90.2,21.9,19.4,point
2025-08-28 05:30:00 PM,21.0,90.1,21.7,19.3,point
2025-08-28 06:00:00 PM,20.9,89.0,21.6,19.0,point
2025-08-28 06:30:00 PM,20.9,89.1,21.5,19.0,point
2025-08-28 07:00:00 PM,20.9,89.4,21.6,19.1,point
2025-08-28 07:30:00 PM,20.9,88.8,21.5,19.0,point
2025-08-28 08:00:00 PM,21.0,89.2,21.6,19.1,point
2025-08-28 08:30:00 PM,20.9,88.3,21.5,18.9,point
2025-08-28 09:00:00 PM,17.4,76.8,16.9,13.3,point
2025-08-28 09:30:00 PM,11.1,70.5,10.6,5.9,point
2025-08-28 10:00:00 PM,6.8,80.0,6.7,3.6,point
2025-08-28 10:30:00 PM,6.2,85.2,6.2,3.9,point
2025-08-28 11:00:00 PM,6.0,87.2,5.9,4.0,point
2025-08-28 11:30:00 PM,5.8,88.0,5.7,3.9,point
2025-08-29 12:00:00 AM,5.7,88.8,5.7,4.0,point
2025-08-29 12:30:00 AM,5.7,89.4,5.7,4.1,point
2025-08-29 01:00:00 AM,5.7,89.5,5.6,4.1,point
2025-08-29 01:30:00 AM,5.6,89.5,5.5,4.0,point
2025-08-29 02:00:00 AM,5.5,90.0,5.5,4.0,point
2025-08-29 02:30:00 AM,5.5,90.5,5.6,4.1,point
2025-08-29 03:00:00 AM,5.6,90.4,5.7,4.2,point
2025-08-29 03:30:00 AM,5.6,90.7,5.6,4.2,point
2025-08-29 04:00:00 AM,5.6,90.5,5.6,4.1,point
2025-08-29 04:30:00 AM,5.5,90.7,5.6,4.1,point
2025-08-29 05:00:00 AM,5.5,90.8,5.6,4.2,point
2025-08-29 05:30:00 AM,5.5,90.9,5.6,4.2,point
2025-08-29 06:00:00 AM,5.6,91.2,5.7,4.3,point
2025-08-29 06:30:00 AM,5.7,91.2,5.7,4.3,point
2025-08-29 07:00:00 AM,5.6,90.9,5.6,4.2,point
2025-08-29 07:30:00 AM,5.5,90.5,5.6,4.1,point
2025-08-29 08:00:00 AM,9.7,100.0,10.0,9.7,point
2025-08-29 08:30:00 AM,16.2,100.0,16.9,16.2,point
2025-08-29 09:00:00 AM,19.8,100.0,20.7,19.8,point
2025-08-29 09:30:00 AM,20.5,95.0,21.4,19.7,point
2025-08-29 10:00:00 AM,20.8,93.6,21.5,19.7,point
2025-08-29 10:30:00 AM,20.8,92.4,21.5,19.5,point
2025-08-29 11:00:00 AM,20.8,92.6,21.6,19.6,point
2025-08-29 11:30:00 AM,20.9,92.3,21.6,19.6,point
2025-08-29 12:00:00 PM,20.9,92.4,21.6,19.6,point
2025-08-29 12:30:00 PM,20.8,91.6,21.5,19.4,point
2025-08-29 01:00:00 PM,20.9,90.9,21.6,19.3,point
2025-08-29 01:30:00 PM,20.9,91.1,21.6,19.4,point
2025-08-29 02:00:00 PM,20.9,91.0,21.6,19.4,point
2025-08-29 02:30:00 PM,20.9,90.8,21.6,19.3,point
2025-08-29 03:00:00 PM,20.9,91.0,21.7,19.4,point
2025-08-29 03:30:00 PM,21.2,90.9,22.1,19.7,point
2025-08-29 04:00:00 PM,22.0,88.8,22.9,20.0,point
2025-08-29 04:30:00 PM,21.6,87.4,22.5,19.4,point
2025-08-29 05:00:00 PM,21.1,89.8,21.9,19.4,point
2025-08-29 05:30:00 PM,21.1,89.8,21.9,19.4,point
2025-08-29 06:00:00 PM,21.1,89.7,21.9,19.3,point
2025-08-29 06:30:00 PM,21.1,89.0,21.8,19.2,point
2025-08-29 07:00:00 PM,21.1,89.5,21.9,19.3,point
2025-08-29 07:30:00 PM,21.0,89.5,21.8,19.2,point
2025-08-29 08:00:00 PM,21.0,89.2,21.8,19.2,point
2025-08-29 08:30:00 PM,21.0,89.6,21.8,19.2,point
2025-08-29 09:00:00 PM,19.1,73.3,18.8,14.2,point
2025-08-29 09:30:00 PM,12.4,66.5,11.7,6.4,point
2025-08-29 10:00:00 PM,7.5,78.5,7.2,4.0,point
2025-08-29 10:30:00 PM,6.4,84.5,6.3,4.0,point
2025-08-29 11:00:00 PM,5.9,86.5,5.9,3.8,point
2025-08-29 11:30:00 PM,5.7,88.4,5.6,3.9,point
2025-08-30 12:00:00 AM,5.6,89.8,5.6,4.1,point
2025-08-30 12:30:00 AM,5.5,89.6,5.4,3.9,point
2025-08-30 01:00:00 AM,5.4,89.9,5.3,3.8,point
2025-08-30 01:30:00 AM,5.3,89.7,5.3,3.8,point
2025-08-30 02:00:00 AM,5.4,90.0,5.3,3.9,point
2025-08-30 02:30:00 AM,5.3,90.7,5.3,3.9,point
2025-08-30 03:00:00 AM,5.3,90.7,5.3,3.9,point
2025-08-30 03:30:00 AM,5.3,90.0,5.3,3.8,point
2025-08-30 04:00:00 AM,5.3,90.4,5.4,3.9,point
2025-08-30 04:30:00 AM,5.3,90.8,5.4,3.9,point
2025-08-30 05:00:00 AM,5.2,90.5,5.2,3.7,point
2025-08-30 05:30:00 AM,5.3,90.8,5.4,3.9,point
2025-08-30 06:00:00 AM,5.3,91.0,5.4,4.0,point
2025-08-30 06:30:00 AM,5.2,90.8,5.3,3.8,point
2025-08-30 07:00:00 AM,5.3,91.1,5.4,4.0,point
2025-08-30 07:30:00 AM,5.3,91.0,5.3,3.9,point
2025-08-30 08:00:00 AM,8.9,100.0,9.2,8.9,point
2025-08-30 08:30:00 AM,15.9,100.0,16.6,15.9,point
2025-08-30 09:00:00 AM,19.6,100.0,20.5,19.6,point
2025-08-30 09:30:00 AM,20.4,96.2,21.3,19.8,point
2025-08-30 10:00:00 AM,20.7,92.4,21.5,19.4,point
2025-08-30 10:30:00 AM,20.8,91.3,21.5,19.3,point
2025-08-30 11:00:00 AM,20.8,90.5,21.5,19.1,point
2025-08-30 11:30:00 AM,20.9,90.9,21.7,19.4,point
2025-08-30 12:00:00 PM,20.8,90.1,21.6,19.1,point
2025-08-30 12:30:00 PM,21.0,90.8,21.7,19.4,point
2025-08-30 01:00:00 PM,20.9,89.5,21.6,19.1,point
2025-08-30 01:30:00 PM,21.0,90.1,21.7,19.3,point
2025-08-30 02:00:00 PM,21.0,89.8,21.6,19.2,point
2025-08-30 02:30:00 PM,21.0,90.2,21.9,19.3,point
2025-08-30 03:00:00 PM,21.0,89.7,21.6,19.2,point
2025-08-30 03:30:00 PM,21.0,89.8,21.6,19.2,point
2025-08-30 04:00:00 PM,21.0,89.5,21.8,19.2,point
2025-08-30 04:30:00 PM,21.1,90.1,21.9,19.4,point
2025-08-30 05:00:00 PM,21.0,89.3,21.6,19.1,point
2025-08-30 05:30:00 PM,21.0,89.2,21.6,19.1,point
2025-08-30 06:00:00 PM,21.0,88.3,21.6,18.9,point
2025-08-30 06:30:00 PM,20.9,88.5,21.6,19.0,point
2025-08-30 07:00:00 PM,21.0,88.6,21.8,19.1,point
2025-08-30 07:30:00 PM,21.0,88.2,21.7,19.0,point
2025-08-30 08:00:00 PM,21.1,88.8,21.9,19.2,point
2025-08-30 08:30:00 PM,21.1,88.1,21.9,19.1,point
2025-08-30 09:00:00 PM,19.1,72.3,18.7,14.0,point
2025-08-30 09:30:00 PM,12.2,68.1,11.6,6.5,point
2025-08-30 10:00:00 PM,7.5,78.9,7.3,4.1,point
2025-08-30 10:30:00 PM,6.5,84.1,6.4,4.0,point
2025-08-30 11:00:00 PM,6.0,86.0,6.0,3.9,point
2025-08-30 11:30:00 PM,5.9,87.8,5.8,4.0,point
2025-08-31 12:00:00 AM,5.6,88.0,5.6,3.8,point
2025-08-31 12:30:00 AM,5.5,88.1,5.5,3.7,point
2025-08-31 01:00:00 AM,5.5,88.6,5.4,3.8,point
2025-08-31 01:30:00 AM,5.4,89.3,5.4,3.8,point
2025-08-31 02:00:00 AM,5.4,89.7,5.4,3.9,point
2025-08-31 02:30:00 AM,5.4,89.9,5.4,3.9,point
2025-08-31 03:00:00 AM,5.4,90.0,5.5,3.9,point
2025-08-31 03:30:00 AM,5.3,90.2,5.4,3.8,point
2025-08-31 04:00:00 AM,5.2,90.1,5.3,3.7,point
2025-08-31 04:30:00 AM,5.3,90.7,5.3,3.9,point
2025-08-31 05:00:00 AM,5.3,90.8,5.3,3.9,point
2025-08-31 05:30:00 AM,5.3,91.0,5.4,4.0,point
2025-08-31 06:00:00 AM,5.3,90.7,5.3,3.9,point
2025-08-31 06:30:00 AM,5.2,90.8,5.3,3.9,point
2025-08-31 07:00:00 AM,5.3,91.2,5.4,4.0,point
2025-08-31 07:30:00 AM,5.3,90.8,5.4,4.0,point
2025-08-31 08:00:00 AM,9.2,100.0,9.5,9.2,point
2025-08-31 08:30:00 AM,17.1,100.0,17.9,17.1,point
2025-08-31 09:00:00 AM,19.6,100.0,20.5,19.6,point
2025-08-31 09:30:00 AM,20.4,96.0,21.2,19.7,point
2025-08-31 10:00:00 AM,20.8,92.9,21.6,19.6,point
2025-08-31 10:30:00 AM,20.8,91.1,21.5,19.3,point
2025-08-31 11:00:00 AM,20.9,91.0,21.7,19.4,point
2025-08-31 11:30:00 AM,20.9,90.5,21.7,19.3,point
2025-08-31 12:00:00 PM,20.9,89.5,21.6,19.1,point
2025-08-31 12:30:00 PM,20.9,90.3,21.7,19.3,point
2025-08-31 01:00:00 PM,21.0,90.1,21.7,19.3,point
2025-08-31 01:30:00 PM,21.1,90.3,22.0,19.4,point
2025-08-31 02:00:00 PM,21.0,89.6,21.6,19.2,point
2025-08-31 02:30:00 PM,21.0,89.1,21.6,19.1,point
2025-08-31 03:00:00 PM,21.1,89.9,21.9,19.4,point
2025-08-31 03:30:00 PM,21.1,89.4,21.8,19.2,point
2025-08-31 04:00:00 PM,21.0,88.6,21.8,19.1,point
2025-08-31 04:30:00 PM,21.1,88.3,21.9,19.1,point
2025-08-31 05:00:00 PM,21.0,87.2,21.6,18.8,point
2025-08-31 05:30:00 PM,21.1,88.5,21.9,19.2,point
2025-08-31 06:00:00 PM,21.0,87.4,21.7,18.9,point
2025-08-31 06:30:00 PM,21.1,86.5,21.9,18.8,point
2025-08-31 07:00:00 PM,21.1,86.7,21.7,18.8,point
2025-08-31 07:30:00 PM,21.1,87.1,21.9,18.9,point
2025-08-31 08:00:00 PM,21.2,86.6,21.9,18.8,point
2025-08-31 08:30:00 PM,21.1,86.1,21.6,18.7,point
2025-08-31 09:00:00 PM,19.6,72.3,19.3,14.4,point
2025-08-31 09:30:00 PM,12.3,67.0,11.6,6.4,point
2025-08-31 10:00:00 PM,7.6,78.1,7.4,4.0,point
2025-08-31 10:30:00 PM,6.5,83.2,6.4,3.8,point
2025-08-31 11:00:00 PM,6.0,85.5,5.9,3.7,point
2025-08-31 11:30:00 PM,5.8,87.0,5.7,3.8,point
2025-09-01 12:00:00 AM,5.7,87.8,5.6,3.8,point
2025-09-01 12:30:00 AM,5.7,88.4,5.6,3.9,point
2025-09-01 01:00:00 AM,5.5,88.7,5.5,3.8,point
2025-09-01 01:30:00 AM,5.5,88.5,5.4,3.8,point
2025-09-01 02:00:00 AM,5.6,89.4,5.5,4.0,point
2025-09-01 02:30:00 AM,5.5,89.6,5.4,3.9,point
2025-09-01 03:00:00 AM,5.4,89.2,5.3,3.8,point
2025-09-01 03:30:00 AM,5.5,90.1,5.6,4.0,point
2025-09-01 04:00:00 AM,5.6,89.9,5.6,4.1,point
2025-09-01 04:30:00 AM,5.6,89.8,5.6,4.1,point
2025-09-01 05:00:00 AM,5.8,90.7,5.8,4.3,point
2025-09-01 05:30:00 AM,5.6,89.6,5.6,4.0,point
2025-09-01 06:00:00 AM,5.5,90.0,5.5,4.0,point
2025-09-01 06:30:00 AM,5.6,90.4,5.6,4.1,point
2025-09-01 07:00:00 AM,5.5,90.2,5.6,4.0,point
2025-09-01 07:30:00 AM,5.4,90.5,5.5,4.0,point
2025-09-01 08:00:00 AM,9.3,100.0,9.7,9.3,point
2025-09-01 08:30:00 AM,15.9,100.0,16.5,15.9,point
2025-09-01 09:00:00 AM,19.5,100.0,20.5,19.5,point
2025-09-01 09:30:00 AM,20.4,94.7,21.3,19.5,point
2025-09-01 10:00:00 AM,20.8,91.7,21.6,19.4,point
2025-09-01 10:30:00 AM,21.0,90.8,21.7,19.4,point
2025-09-01 11:00:00 AM,20.9,90.1,21.7,19.2,point
2025-09-01 11:30:00 AM,21.1,90.1,21.9,19.4,point
2025-09-01 12:00:00 PM,21.0,89.1,21.6,19.1,point
2025-09-01 12:30:00 PM,21.1,89.9,21.9,19.4,point
2025-09-01 01:00:00 PM,21.1,89.6,21.8,19.3,point
2025-09-01 01:30:00 PM,21.1,89.7,21.9,19.4,point
2025-09-01 02:00:00 PM,21.1,89.2,21.9,19.3,point
2025-09-01 02:30:00 PM,21.2,89.2,21.9,19.3,point
2025-09-01 03:00:00 PM,21.2,88.7,22.0,19.3,point
2025-09-01 03:30:00 PM,21.1,88.9,21.9,19.2,point
2025-09-01 04:00:00 PM,21.1,88.2,21.9,19.1,point
2025-09-01 04:30:00 PM,21.4,87.9,22.1,19.3,point
2025-09-01 05:00:00 PM,21.4,87.2,22.2,19.2,point
2025-09-01 05:30:00 PM,21.5,86.1,22.3,19.1,point
2025-09-01 06:00:00 PM,21.4,85.6,22.1,18.9,point
2025-09-01 06:30:00 PM,21.6,85.7,22.3,19.1,point
2025-09-01 07:00:00 PM,21.6,86.7,22.4,19.3,point
2025-09-01 07:30:00 PM,21.4,84.7,22.1,18.8,point
2025-09-01 08:00:00 PM,21.5,85.3,22.3,18.9,point
2025-09-01 08:30:00 PM,21.5,85.2,22.1,18.9,point
2025-09-01 09:00:00 PM,18.9,72.9,18.3,13.9,point
2025-09-01 09:30:00 PM,12.0,66.4,11.3,5.9,point
2025-09-01 10:00:00 PM,7.2,78.1,7.0,3.7,point
2025-09-01 10:30:00 PM,6.5,83.1,6.5,3.8,point
2025-09-01 11:00:00 PM,6.6,81.8,6.5,3.7,point
2025-09-01 11:30:00 PM,6.1,86.7,6.1,4.1,point
2025-09-02 12:00:00 AM,6.0,87.3,6.0,4.1,point
2025-09-02 12:30:00 AM,6.0,87.2,6.0,4.0,point
2025-09-02 01:00:00 AM,6.1,88.3,6.2,4.3,point
2025-09-02 01:30:00 AM,6.1,88.6,6.0,4.3,point
2025-09-02 02:00:00 AM,6.0,87.9,5.9,4.1,point
2025-09-02 02:30:00 AM,5.9,88.5,5.9,4.2,point
2025-09-02 03:00:00 AM,6.1,88.5,6.0,4.3,point
2025-09-02 03:30:00 AM,6.0,88.9,6.0,4.3,point
2025-09-02 04:00:00 AM,6.1,89.2,6.2,4.5,point
2025-09-02 04:30:00 AM,5.9,88.9,5.8,4.2,point
2025-09-02 05:00:00 AM,5.9,89.0,5.9,4.3,point
2025-09-02 05:30:00 AM,5.9,89.3,5.9,4.3,point
2025-09-02 06:00:00 AM,5.9,89.6,5.9,4.3,point
2025-09-02 06:30:00 AM,6.0,89.7,5.9,4.4,point
2025-09-02 07:00:00 AM,5.9,89.8,5.9,4.4,point
2025-09-02 07:30:00 AM,5.8,89.9,5.8,4.3,point
2025-09-02 08:00:00 AM,9.6,100.0,10.0,9.6,point
2025-09-02 08:30:00 AM,16.2,100.0,16.9,16.2,point
2025-09-02 09:00:00 AM,20.8,100.0,21.9,20.8,point
2025-09-02 09:30:00 AM,22.1,90.8,23.1,20.5,point
2025-09-02 10:00:00 AM,22.4,88.6,23.5,20.4,point
2025-09-02 10:30:00 AM,22.6,88.1,23.8,20.5,point
2025-09-02 11:00:00 AM,22.6,87.3,23.8,20.4,point
2025-09-02 11:30:00 AM,22.6,86.8,23.6,20.2,point
2025-09-02 12:00:00 PM,22.6,87.3,23.8,20.4,point
2025-09-02 12:30:00 PM,22.6,86.5,23.8,20.2,point
2025-09-02 01:00:00 PM,22.7,86.3,23.7,20.3,point
2025-09-02 01:30:00 PM,22.7,85.8,23.7,20.2,point
2025-09-02 02:00:00 PM,22.7,85.8,23.7,20.2,point
2025-09-02 02:30:00 PM,22.7,84.8,23.7,20.0,point
2025-09-02 03:00:00 PM,22.8,84.5,23.8,20.0,point
2025-09-02 03:30:00 PM,22.8,83.3,23.8,19.8,point
2025-09-02 04:00:00 PM,22.9,83.0,24.0,19.9,point
2025-09-02 04:30:00 PM,22.8,83.0,23.8,19.8,point
2025-09-02 05:00:00 PM,22.9,82.2,23.9,19.7,point
2025-09-02 05:30:00 PM,22.9,81.3,23.9,19.6,point
2025-09-02 06:00:00 PM,22.9,81.6,23.9,19.6,point
2025-09-02 06:30:00 PM,22.9,80.6,23.7,19.3,point
2025-09-02 07:00:00 PM,22.8,80.2,23.7,19.2,point
2025-09-02 07:30:00 PM,22.8,79.7,23.7,19.1,point
2025-09-02 08:00:00 PM,22.8,79.4,23.7,19.1,point
2025-09-02 08:30:00 PM,22.8,78.7,23.6,18.9,point
2025-09-02 09:00:00 PM,18.8,73.4,18.3,13.9,point
2025-09-02 09:30:00 PM,11.7,68.0,11.0,6.0,point
2025-09-02 10:00:00 PM,7.2,80.1,7.0,4.0,point
2025-09-02 10:30:00 PM,6.5,84.9,6.5,4.1,point
2025-09-02 11:00:00 PM,6.3,85.7,6.2,4.1,point
2025-09-02 11:30:00 PM,6.2,87.2,6.1,4.2,point
2025-09-03 12:00:00 AM,6.1,87.7,6.1,4.2,point
2025-09-03 12:30:00 AM,6.1,87.6,6.0,4.2,point
2025-09-03 01:00:00 AM,6.1,88.2,6.0,4.2,point
2025-09-03 01:30:00 AM,6.0,88.1,6.0,4.2,point
2025-09-03 02:00:00 AM,6.1,88.8,6.2,4.4,point
2025-09-03 02:30:00 AM,6.2,88.5,6.3,4.5,point
2025-09-03 03:00:00 AM,6.2,88.2,6.1,4.4,point
2025-09-03 03:30:00 AM,6.3,89.2,6.4,4.7,point
2025-09-03 04:00:00 AM,6.4,89.1,6.5,4.7,point
2025-09-03 04:30:00 AM,6.4,88.5,6.5,4.6,point
2025-09-03 05:00:00 AM,6.2,88.8,6.3,4.5,point
2025-09-03 05:30:00 AM,6.2,88.9,6.3,4.5,point
2025-09-03 06:00:00 AM,6.2,89.2,6.2,4.5,point
2025-09-03 06:30:00 AM,6.2,89.4,6.2,4.6,point
2025-09-03 07:00:00 AM,6.2,89.3,6.2,4.5,point
2025-09-03 07:30:00 AM,6.2,89.0,6.2,4.5,point
2025-09-03 08:00:00 AM,9.4,100.0,9.8,9.4,point
2025-09-03 08:30:00 AM,16.0,100.0,16.7,16.0,point
2025-09-03 09:00:00 AM,21.0,100.0,22.0,21.0,point
2025-09-03 09:30:00 AM,22.1,90.1,23.3,20.4,point
2025-09-03 10:00:00 AM,22.4,88.3,23.4,20.4,point
2025-09-03 10:30:00 AM,22.5,87.6,23.7,20.4,point
2025-09-03 11:00:00 AM,22.7,87.0,23.8,20.4,point
2025-09-03 11:30:00 AM,22.6,87.0,23.8,20.3,point
2025-09-03 12:00:00 PM,22.8,87.0,23.9,20.5,point
2025-09-03 12:30:00 PM,22.7,85.9,23.8,20.2,point
2025-09-03 01:00:00 PM,22.9,86.8,24.0,20.5,point
2025-09-03 01:30:00 PM,22.8,86.3,24.0,20.4,point
2025-09-03 02:00:00 PM,22.8,86.3,23.9,20.4,point
2025-09-03 02:30:00 PM,22.8,85.8,23.8,20.3,point
2025-09-03 03:00:00 PM,22.8,85.8,23.9,20.3,point
2025-09-03 03:30:00 PM,22.8,85.5,23.9,20.2,point
2025-09-03 04:00:00 PM,22.8,84.7,23.8,20.1,point
2025-09-03 04:30:00 PM,22.9,85.8,23.9,20.4,point
2025-09-03 05:00:00 PM,22.9,84.0,23.9,20.0,point
2025-09-03 05:30:00 PM,22.8,83.7,23.9,19.9,point
2025-09-03 06:00:00 PM,22.9,83.5,23.9,19.9,point
2025-09-03 06:30:00 PM,22.8,82.9,23.7,19.7,point
2025-09-03 07:00:00 PM,22.9,83.4,23.9,19.9,point
2025-09-03 07:30:00 PM,22.9,83.2,23.9,19.9,point
2025-09-03 08:00:00 PM,22.8,82.7,23.7,19.7,point
2025-09-03 08:30:00 PM,22.8,81.8,23.6,19.5,point
2025-09-03 09:00:00 PM,18.9,73.8,18.4,14.1,point
2025-09-03 09:30:00 PM,11.8,68.2,11.1,6.1,point
2025-09-03 10:00:00 PM,7.2,80.0,7.0,4.0,point
2025-09-03 10:30:00 PM,6.5,84.3,6.4,4.0,point
2025-09-03 11:00:00 PM,6.2,86.4,6.1,4.1,point
2025-09-03 11:30:00 PM,6.1,87.2,6.1,4.2,point
2025-09-04 12:00:00 AM,6.1,88.2,6.0,4.3,point
2025-09-04 12:30:00 AM,5.9,87.1,5.9,4.0,point
2025-09-04 01:00:00 AM,6.0,88.0,6.0,4.2,point
2025-09-04 01:30:00 AM,6.0,88.5,6.0,4.3,point
2025-09-04 02:00:00 AM,6.1,88.4,6.0,4.3,point
2025-09-04 02:30:00 AM,6.1,88.7,6.0,4.4,point
2025-09-04 03:00:00 AM,6.1,88.2,6.2,4.3,point
2025-09-04 03:30:00 AM,6.1,88.9,6.0,4.4,point
2025-09-04 04:00:00 AM,6.2,89.7,6.3,4.7,point
2025-09-04 04:30:00 AM,6.3,89.8,6.4,4.8,point
2025-09-04 05:00:00 AM,6.3,89.7,6.4,4.7,point
2025-09-04 05:30:00 AM,6.4,90.5,6.5,5.0,point
2025-09-04 06:00:00 AM,6.3,90.1,6.4,4.8,point
2025-09-04 06:30:00 AM,6.2,89.6,6.3,4.6,point
2025-09-04 07:00:00 AM,6.1,90.1,6.2,4.6,point
2025-09-04 07:30:00 AM,6.2,90.0,6.3,4.7,point
2025-09-04 08:00:00 AM,9.5,100.0,9.9,9.5,point
2025-09-04 08:30:00 AM,16.1,100.0,16.8,16.1,point
2025-09-04 09:00:00 AM,20.9,100.0,21.9,20.9,point
2025-09-04 09:30:00 AM,22.2,90.9,23.3,20.6,point
2025-09-04 10:00:00 AM,22.5,88.6,23.5,20.5,point
2025-09-04 10:30:00 AM,22.6,87.6,23.7,20.4,point
2025-09-04 11:00:00 AM,22.7,87.7,23.9,20.6,point
2025-09-04 11:30:00 AM,22.6,87.2,23.8,20.4,point
2025-09-04 12:00:00 PM,22.7,87.0,23.9,20.4,point
2025-09-04 12:30:00 PM,22.7,86.3,23.7,20.2,point
2025-09-04 01:00:00 PM,22.7,86.3,23.8,20.2,point
2025-09-04 01:30:00 PM,22.7,86.6,23.9,20.4,point
2025-09-04 02:00:00 PM,22.8,86.7,24.0,20.5,point
2025-09-04 02:30:00 PM,22.8,85.9,23.8,20.3,point
2025-09-04 03:00:00 PM,22.8,85.8,23.8,20.2,point
2025-09-04 03:30:00 PM,22.8,85.8,23.8,20.3,point
2025-09-04 04:00:00 PM,22.8,85.2,23.8,20.1,point
2025-09-04 04:30:00 PM,22.7,85.0,23.8,20.1,point
2025-09-04 05:00:00 PM,22.7,84.8,23.8,20.0,point
2025-09-04 05:30:00 PM,22.7,84.4,23.8,19.9,point
2025-09-04 06:00:00 PM,21.8,85.7,22.5,19.2,point
2025-09-04 06:30:00 PM,21.8,86.6,22.7,19.5,point
2025-09-04 07:00:00 PM,21.8,85.8,22.5,19.3,point
2025-09-04 07:30:00 PM,21.8,84.9,22.5,19.1,point
2025-09-04 08:00:00 PM,21.8,85.5,22.6,19.3,point
2025-09-04 08:30:00 PM,21.9,85.3,22.8,19.3,point
2025-09-04 09:00:00 PM,18.6,74.7,18.1,14.1,point
2025-09-04 09:30:00 PM,12.1,68.5,11.4,6.5,point
2025-09-04 10:00:00 PM,7.0,79.9,6.9,3.8,point
2025-09-04 10:30:00 PM,6.3,86.0,6.2,4.1,point
2025-09-04 11:00:00 PM,6.1,87.1,6.0,4.1,point
2025-09-04 11:30:00 PM,6.0,88.2,5.9,4.2,point
2025-09-05 12:00:00 AM,5.9,88.5,5.8,4.1,point
2025-09-05 12:30:00 AM,5.9,88.9,5.9,4.2,point
2025-09-05 01:00:00 AM,5.8,89.4,5.8,4.2,point
2025-09-05 01:30:00 AM,5.8,89.6,5.8,4.3,point
2025-09-05 02:00:00 AM,5.9,90.5,5.9,4.4,point
2025-09-05 02:30:00 AM,5.8,89.7,5.7,4.2,point
2025-09-05 03:00:00 AM,5.9,90.1,5.9,4.4,point
2025-09-05 03:30:00 AM,5.8,90.3,5.9,4.4,point
2025-09-05 04:00:00 AM,5.9,90.3,6.0,4.5,point
2025-09-05 04:30:00 AM,6.1,90.2,6.1,4.6,point
2025-09-05 05:00:00 AM,6.1,90.9,6.1,4.7,point
2025-09-05 05:30:00 AM,6.1,91.1,6.1,4.7,point
2025-09-05 06:00:00 AM,6.1,91.2,6.1,4.7,point
2025-09-05 06:30:00 AM,6.0,91.0,6.1,4.7,point
2025-09-05 07:00:00 AM,5.9,90.3,5.9,4.4,point
2025-09-05 07:30:00 AM,5.9,90.5,6.0,4.5,point
2025-09-05 08:00:00 AM,9.2,100.0,9.5,9.2,point
2025-09-05 08:30:00 AM,16.3,100.0,17.1,16.3,point
2025-09-05 09:00:00 AM,19.9,100.0,20.9,19.9,point
2025-09-05 09:30:00 AM,21.2,96.1,22.1,20.5,point
2025-09-05 10:00:00 AM,21.4,92.0,22.3,20.0,point
2025-09-05 10:30:00 AM,21.6,91.6,22.6,20.2,point
2025-09-05 11:00:00 AM,21.6,90.4,22.6,20.0,point
2025-09-05 11:30:00 AM,21.6,90.2,22.6,19.9,point
2025-09-05 12:00:00 PM,21.7,89.5,22.6,19.9,point
2025-09-05 12:30:00 PM,21.8,90.0,22.7,20.0,point
2025-09-05 01:00:00 PM,21.8,90.3,22.9,20.1,point
2025-09-05 01:30:00 PM,21.8,89.5,22.8,20.0,point
2025-09-05 02:00:00 PM,21.8,89.3,22.6,19.9,point
2025-09-05 02:30:00 PM,21.7,89.1,22.6,19.8,point
2025-09-05 03:00:00 PM,21.8,88.8,22.6,19.9,point
2025-09-05 03:30:00 PM,21.8,89.0,22.8,19.9,point
2025-09-05 04:00:00 PM,21.9,89.3,22.8,20.0,point
2025-09-05 04:30:00 PM,21.4,88.9,22.2,19.5,point
2025-09-05 05:00:00 PM,22.8,85.3,23.9,20.2,point
2025-09-05 05:30:00 PM,21.8,87.6,22.7,19.6,point
2025-09-05 06:00:00 PM,21.7,87.9,22.6,19.6,point
2025-09-05 06:30:00 PM,21.7,87.8,22.5,19.5,point
2025-09-05 07:00:00 PM,21.7,88.1,22.5,19.6,point
2025-09-05 07:30:00 PM,21.7,88.7,22.5,19.7,point
2025-09-05 08:00:00 PM,21.6,87.7,22.5,19.5,point
2025-09-05 08:30:00 PM,21.6,87.5,22.5,19.5,point
2025-09-05 09:00:00 PM,20.1,74.0,20.0,15.3,point
2025-09-05 09:30:00 PM,12.4,66.6,11.7,6.4,point
2025-09-05 10:00:00 PM,6.7,80.2,6.6,3.5,point
2025-09-05 10:30:00 PM,5.9,86.3,5.8,3.8,point
2025-09-05 11:00:00 PM,5.6,88.5,5.6,3.9,point
2025-09-05 11:30:00 PM,5.5,89.5,5.5,4.0,point
2025-09-06 12:00:00 AM,5.5,89.5,5.4,3.9,point
2025-09-06 12:30:00 AM,5.5,90.4,5.6,4.1,point
2025-09-06 01:00:00 AM,5.6,90.8,5.6,4.2,point
2025-09-06 01:30:00 AM,5.6,90.8,5.6,4.2,point
2025-09-06 02:00:00 AM,5.5,90.7,5.6,4.1,point
2025-09-06 02:30:00 AM,5.5,90.9,5.6,4.2,point
2025-09-06 03:00:00 AM,5.5,90.7,5.6,4.1,point
2025-09-06 03:30:00 AM,5.5,90.9,5.6,4.2,point
2025-09-06 04:00:00 AM,5.5,91.2,5.6,4.2,point
2025-09-06 04:30:00 AM,5.5,90.7,5.5,4.1,point
2025-09-06 05:00:00 AM,5.5,91.4,5.5,4.2,point
2025-09-06 05:30:00 AM,5.6,91.4,5.7,4.3,point
2025-09-06 06:00:00 AM,5.5,91.0,5.6,4.2,point
2025-09-06 06:30:00 AM,5.4,91.1,5.5,4.1,point
2025-09-06 07:00:00 AM,5.6,91.0,5.7,4.3,point
2025-09-06 07:30:00 AM,5.5,91.2,5.5,4.2,point
2025-09-06 08:00:00 AM,9.1,100.0,9.4,9.1,point
2025-09-06 08:30:00 AM,16.2,100.0,16.8,16.2,point
2025-09-06 09:00:00 AM,19.6,100.0,20.5,19.6,point
2025-09-06 09:30:00 AM,20.8,100.0,21.8,20.8,point
2025-09-06 10:00:00 AM,21.3,91.5,22.2,19.9,point
2025-09-06 10:30:00 AM,21.6,90.1,22.5,19.9,point
2025-09-06 11:00:00 AM,21.7,89.4,22.5,19.8,point
2025-09-06 11:30:00 AM,21.8,89.0,22.6,19.9,point
2025-09-06 12:00:00 PM,21.7,88.9,22.6,19.8,point
2025-09-06 12:30:00 PM,21.7,88.7,22.6,19.8,point
2025-09-06 01:00:00 PM,21.6,88.3,22.5,19.6,point
2025-09-06 01:30:00 PM,21.8,88.3,22.7,19.8,point
2025-09-06 02:00:00 PM,21.8,88.7,22.6,19.8,point
2025-09-06 02:30:00 PM,21.8,88.0,22.7,19.7,point
2025-09-06 03:00:00 PM,21.8,87.7,22.7,19.7,point
2025-09-06 03:30:00 PM,21.9,87.7,22.9,19.8,point
2025-09-06 04:00:00 PM,21.9,87.6,22.9,19.8,point
2025-09-06 04:30:00 PM,22.0,87.6,23.0,19.9,point
2025-09-06 05:00:00 PM,22.0,87.1,23.0,19.8,point
2025-09-06 05:30:00 PM,22.0,86.6,23.0,19.7,point
2025-09-06 06:00:00 PM,22.0,86.8,22.9,19.7,point
2025-09-06 06:30:00 PM,22.0,87.1,23.0,19.8,point
2025-09-06 07:00:00 PM,22.1,86.4,23.1,19.7,point
2025-09-06 07:30:00 PM,22.0,87.0,23.0,19.7,point
2025-09-06 08:00:00 PM,22.1,86.8,23.0,19.8,point
2025-09-06 08:30:00 PM,22.1,86.4,23.1,19.7,point
2025-09-06 09:00:00 PM,20.4,72.4,20.3,15.3,point
2025-09-06 09:30:00 PM,12.7,64.8,12.0,6.3,point
2025-09-06 10:00:00 PM,6.9,77.9,6.7,3.3,point
2025-09-06 10:30:00 PM,6.1,85.2,6.0,3.8,point
2025-09-06 11:00:00 PM,5.9,87.3,5.8,3.9,point
2025-09-06 11:30:00 PM,5.8,88.0,5.7,4.0,point
2025-09-07 12:00:00 AM,5.7,89.0,5.7,4.0,point
2025-09-07 12:30:00 AM,5.6,88.8,5.6,3.9,point
2025-09-07 01:00:00 AM,5.5,89.8,5.5,4.0,point
2025-09-07 01:30:00 AM,5.5,90.0,5.4,4.0,point
2025-09-07 02:00:00 AM,5.5,90.0,5.5,4.0,point
2025-09-07 02:30:00 AM,5.4,90.1,5.5,3.9,point
2025-09-07 03:00:00 AM,5.4,90.9,5.5,4.1,point
2025-09-07 03:30:00 AM,5.5,90.5,5.5,4.0,point
2025-09-07 04:00:00 AM,5.5,90.6,5.6,4.1,point
2025-09-07 04:30:00 AM,5.5,90.6,5.5,4.1,point
2025-09-07 05:00:00 AM,5.5,90.5,5.5,4.0,point
2025-09-07 05:30:00 AM,5.4,90.5,5.5,4.0,point
2025-09-07 06:00:00 AM,5.4,90.6,5.4,4.0,point
2025-09-07 06:30:00 AM,5.4,90.6,5.4,4.0,point
2025-09-07 07:00:00 AM,5.3,90.6,5.4,3.9,point
2025-09-07 07:30:00 AM,5.4,91.0,5.4,4.0,point
2025-09-07 08:00:00 AM,8.4,100.0,8.7,8.4,point
2025-09-07 08:30:00 AM,16.3,100.0,16.9,16.3,point
2025-09-07 09:00:00 AM,19.7,100.0,20.6,19.7,point
2025-09-07 09:30:00 AM,20.9,99.9,22.0,20.9,point
2025-09-07 10:00:00 AM,21.4,90.8,22.2,19.8,point
2025-09-07 10:30:00 AM,21.5,89.0,22.4,19.6,point
2025-09-07 11:00:00 AM,21.6,88.6,22.4,19.6,point
2025-09-07 11:30:00 AM,21.6,88.5,22.5,19.7,point
2025-09-07 12:00:00 PM,21.7,88.6,22.5,19.7,point
2025-09-07 12:30:00 PM,21.6,88.6,22.5,19.6,point
2025-09-07 01:00:00 PM,21.7,87.7,22.6,19.6,point
2025-09-07 01:30:00 PM,21.8,88.0,22.6,19.7,point
2025-09-07 02:00:00 PM,21.8,87.7,22.6,19.7,point
2025-09-07 02:30:00 PM,21.8,87.6,22.7,19.7,point
2025-09-07 03:00:00 PM,21.8,88.4,22.7,19.8,point
2025-09-07 03:30:00 PM,21.9,87.4,22.9,19.8,point
2025-09-07 04:00:00 PM,21.9,87.2,22.9,19.7,point
2025-09-07 04:30:00 PM,21.9,87.2,22.7,19.7,point
2025-09-07 05:00:00 PM,21.9,86.0,22.8,19.5,point
2025-09-07 05:30:00 PM,22.0,86.7,23.0,19.7,point
2025-09-07 06:00:00 PM,21.9,86.9,22.9,19.7,point
2025-09-07 06:30:00 PM,22.0,87.0,22.9,19.7,point
2025-09-07 07:00:00 PM,22.0,86.1,22.9,19.6,point
2025-09-07 07:30:00 PM,22.0,86.2,22.8,19.6,point
2025-09-07 08:00:00 PM,22.0,85.9,22.8,19.5,point
2025-09-07 08:30:00 PM,22.0,85.9,22.8,19.5,point
2025-09-07 09:00:00 PM,20.6,71.4,20.5,15.2,point
2025-09-07 09:30:00 PM,12.9,64.8,12.1,6.4,point
2025-09-07 10:00:00 PM,6.9,77.5,6.6,3.2,point
2025-09-07 10:30:00 PM,6.0,85.2,6.0,3.7,point
2025-09-07 11:00:00 PM,5.8,86.5,5.7,3.7,point
2025-09-07 11:30:00 PM,5.7,87.8,5.6,3.8,point
2025-09-08 12:00:00 AM,5.6,89.0,5.5,3.9,point
2025-09-08 12:30:00 AM,5.6,88.4,5.5,3.8,point
2025-09-08 01:00:00 AM,5.5,89.1,5.5,3.9,point
2025-09-08 01:30:00 AM,5.5,89.1,5.4,3.8,point
2025-09-08 02:00:00 AM,5.5,90.1,5.6,4.0,point
2025-09-08 02:30:00 AM,5.5,89.8,5.5,4.0,point
2025-09-08 03:00:00 AM,5.5,90.3,5.6,4.1,point
2025-09-08 03:30:00 AM,5.5,90.2,5.5,4.0,point
2025-09-08 04:00:00 AM,5.5,90.0,5.4,4.0,point
2025-09-08 04:30:00 AM,5.5,90.1,5.5,4.0,point
2025-09-08 05:00:00 AM,5.4,90.9,5.5,4.1,point
2025-09-08 05:30:00 AM,5.4,90.6,5.5,4.0,point
2025-09-08 06:00:00 AM,5.4,90.8,5.5,4.1,point
2025-09-08 06:30:00 AM,5.4,90.5,5.5,4.0,point
2025-09-08 07:00:00 AM,5.3,90.7,5.4,3.9,point
2025-09-08 07:30:00 AM,5.4,90.6,5.5,4.0,point
2025-09-08 08:00:00 AM,8.9,99.2,9.1,8.8,point
2025-09-08 08:30:00 AM,16.0,100.0,16.7,16.0,point
2025-09-08 09:00:00 AM,19.8,100.0,20.7,19.8,point
2025-09-08 09:30:00 AM,21.0,98.5,22.0,20.7,point
2025-09-08 10:00:00 AM,21.6,90.2,22.5,19.9,point
2025-09-08 10:30:00 AM,21.7,89.1,22.5,19.8,point
2025-09-08 11:00:00 AM,21.7,88.8,22.6,19.8,point
2025-09-08 11:30:00 AM,21.8,88.1,22.7,19.8,point
2025-09-08 12:00:00 PM,21.9,88.2,22.7,19.9,point
2025-09-08 12:30:00 PM,21.9,87.9,22.7,19.8,point
2025-09-08 01:00:00 PM,21.9,87.9,22.9,19.8,point
2025-09-08 01:30:00 PM,22.0,87.2,22.9,19.7,point
2025-09-08 02:00:00 PM,22.0,86.9,23.0,19.8,point
2025-09-08 02:30:00 PM,22.1,86.4,23.0,19.7,point
2025-09-08 03:00:00 PM,22.0,86.8,22.9,19.7,point
2025-09-08 03:30:00 PM,22.1,86.5,23.1,19.8,point
2025-09-08 04:00:00 PM,22.1,87.0,23.1,19.8,point
2025-09-08 04:30:00 PM,22.1,86.5,23.1,19.8,point
2025-09-08 05:00:00 PM,22.1,86.9,23.1,19.9,point
2025-09-08 05:30:00 PM,22.1,86.8,23.1,19.8,point
2025-09-08 06:00:00 PM,22.0,86.8,22.9,19.7,point
2025-09-08 06:30:00 PM,22.1,86.4,23.0,19.7,point
2025-09-08 07:00:00 PM,21.9,86.0,22.8,19.5,point
2025-09-08 07:30:00 PM,22.1,86.3,23.0,19.7,point
2025-09-08 08:00:00 PM,22.0,85.0,22.8,19.3,point
2025-09-08 08:30:00 PM,22.1,85.2,23.0,19.5,point
2025-09-08 09:00:00 PM,20.7,72.5,20.9,15.6,point
2025-09-08 09:30:00 PM,12.9,64.4,12.1,6.4,point
2025-09-08 10:00:00 PM,7.0,76.8,6.8,3.2,point
2025-09-08 10:30:00 PM,6.1,84.7,6.1,3.8,point
2025-09-08 11:00:00 PM,5.8,86.9,5.8,3.8,point
2025-09-08 11:30:00 PM,5.7,87.7,5.7,3.8,point
2025-09-09 12:00:00 AM,5.7,88.2,5.6,3.9,point
2025-09-09 12:30:00 AM,5.6,88.4,5.6,3.8,point
2025-09-09 01:00:00 AM,5.7,88.9,5.6,4.0,point
2025-09-09 01:30:00 AM,5.7,89.8,5.6,4.2,point
2025-09-09 02:00:00 AM,5.7,89.3,5.6,4.0,point
2025-09-09 02:30:00 AM,5.6,89.5,5.6,4.0,point
2025-09-09 03:00:00 AM,5.5,89.2,5.5,3.9,point
2025-09-09 03:30:00 AM,5.6,90.1,5.6,4.1,point
2025-09-09 04:00:00 AM,5.6,90.0,5.5,4.0,point
2025-09-09 04:30:00 AM,5.6,90.2,5.6,4.1,point
2025-09-09 05:00:00 AM,5.6,90.5,5.6,4.2,point
2025-09-09 05:30:00 AM,5.6,90.7,5.7,4.2,point
2025-09-09 06:00:00 AM,5.7,90.9,5.7,4.3,point
2025-09-09 06:30:00 AM,5.5,89.8,5.4,4.0,point
2025-09-09 07:00:00 AM,5.4,90.4,5.5,4.0,point
2025-09-09 07:30:00 AM,5.5,90.0,5.5,4.0,point
2025-09-09 08:00:00 AM,8.9,100.0,9.2,8.9,point
2025-09-09 08:30:00 AM,16.3,100.0,17.1,16.3,point
2025-09-09 09:00:00 AM,19.7,100.0,20.6,19.7,point
2025-09-09 09:30:00 AM,20.9,100.0,21.9,20.9,point
2025-09-09 10:00:00 AM,21.4,90.9,22.2,19.8,point
2025-09-09 10:30:00 AM,21.6,89.9,22.4,19.9,point
2025-09-09 11:00:00 AM,21.6,89.1,22.4,19.7,point
2025-09-09 11:30:00 AM,21.6,88.4,22.5,19.6,point
2025-09-09 12:00:00 PM,21.7,88.8,22.6,19.8,point
2025-09-09 12:30:00 PM,21.7,87.9,22.5,19.6,point
2025-09-09 01:00:00 PM,21.8,88.0,22.6,19.7,point
2025-09-09 01:30:00 PM,22.0,87.9,23.0,19.9,point
2025-09-09 02:00:00 PM,21.9,88.2,22.7,19.8,point
2025-09-09 02:30:00 PM,21.9,87.8,22.7,19.8,point
2025-09-09 03:00:00 PM,21.9,87.2,22.7,19.7,point
2025-09-09 03:30:00 PM,21.9,87.2,22.7,19.7,point
2025-09-09 04:00:00 PM,21.9,86.7,22.7,19.6,point
2025-09-09 04:30:00 PM,21.9,86.3,22.7,19.5,point
2025-09-09 05:00:00 PM,22.0,86.3,22.9,19.6,point
2025-09-09 05:30:00 PM,22.0,85.7,22.8,19.4,point
2025-09-09 06:00:00 PM,22.0,86.2,22.8,19.5,point
2025-09-09 06:30:00 PM,21.9,85.5,22.8,19.4,point
2025-09-09 07:00:00 PM,22.0,85.8,22.8,19.5,point
2025-09-09 07:30:00 PM,21.9,85.5,22.8,19.4,point
2025-09-09 08:00:00 PM,22.0,85.7,22.9,19.5,point
2025-09-09 08:30:00 PM,22.0,85.1,22.8,19.4,point
2025-09-09 09:00:00 PM,20.6,71.7,20.5,15.3,point
2025-09-09 09:30:00 PM,13.1,64.8,12.3,6.6,point
2025-09-09 10:00:00 PM,7.1,77.6,6.8,3.4,point
2025-09-09 10:30:00 PM,6.2,84.3,6.1,3.7,point
2025-09-09 11:00:00 PM,5.8,86.4,5.8,3.7,point
2025-09-09 11:30:00 PM,5.7,87.8,5.7,3.8,point
2025-09-10 12:00:00 AM,5.6,87.3,5.5,3.6,point
2025-09-10 12:30:00 AM,5.6,88.7,5.6,3.9,point
2025-09-10 01:00:00 AM,5.6,89.3,5.5,3.9,point
2025-09-10 01:30:00 AM,5.6,89.1,5.5,3.9,point
2025-09-10 02:00:00 AM,5.6,89.5,5.6,4.0,point
2025-09-10 02:30:00 AM,5.6,89.3,5.5,4.0,point
2025-09-10 03:00:00 AM,5.6,89.5,5.6,4.0,point
2025-09-10 03:30:00 AM,5.6,89.9,5.6,4.1,point
2025-09-10 04:00:00 AM,5.6,90.1,5.7,4.1,point
2025-09-10 04:30:00 AM,5.6,90.1,5.7,4.1,point
2025-09-10 05:00:00 AM,5.6,89.7,5.6,4.0,point
2025-09-10 05:30:00 AM,5.5,90.0,5.6,4.0,point
2025-09-10 06:00:00 AM,5.6,90.1,5.7,4.1,point
2025-09-10 06:30:00 AM,5.6,90.2,5.6,4.1,point
2025-09-10 07:00:00 AM,5.7,90.4,5.8,4.3,point
2025-09-10 07:30:00 AM,5.7,90.7,5.7,4.3,point
2025-09-10 08:00:00 AM,8.7,100.0,9.1,8.7,point
2025-09-10 08:30:00 AM,16.2,100.0,16.9,16.2,point
2025-09-10 09:00:00 AM,19.8,100.0,20.7,19.8,point
2025-09-10 09:30:00 AM,21.1,95.6,22.1,20.4,point
2025-09-10 10:00:00 AM,21.6,90.3,22.6,19.9,point
2025-09-10 10:30:00 AM,21.7,89.2,22.6,19.8,point
2025-09-10 11:00:00 AM,21.8,88.6,22.6,19.8,point
2025-09-10 11:30:00 AM,21.8,88.2,22.7,19.8,point
2025-09-10 12:00:00 PM,21.9,88.0,22.7,19.8,point
2025-09-10 12:30:00 PM,21.9,87.6,22.7,19.7,point
2025-09-10 01:00:00 PM,21.9,87.3,22.7,19.6,point
2025-09-10 01:30:00 PM,21.9,86.9,22.7,19.6,point
2025-09-10 02:00:00 PM,21.9,87.3,22.7,19.7,point
2025-09-10 02:30:00 PM,21.9,87.1,22.9,19.7,point
2025-09-10 03:00:00 PM,21.8,86.4,22.7,19.4,point
2025-09-10 03:30:00 PM,21.9,86.4,22.7,19.5,point
2025-09-10 04:00:00 PM,21.8,86.5,22.7,19.5,point
2025-09-10 04:30:00 PM,21.9,86.6,22.9,19.6,point
2025-09-10 05:00:00 PM,21.9,85.8,22.6,19.4,point
2025-09-10 05:30:00 PM,22.0,86.2,22.8,19.6,point
2025-09-10 06:00:00 PM,21.9,85.3,22.6,19.3,point
2025-09-10 06:30:00 PM,21.9,85.5,22.6,19.3,point
2025-09-10 07:00:00 PM,21.9,85.0,22.6,19.2,point
2025-09-10 07:30:00 PM,22.0,85.3,22.8,19.4,point
2025-09-10 08:00:00 PM,22.1,84.9,22.9,19.4,point
2025-09-10 08:30:00 PM,21.9,84.9,22.8,19.3,point
2025-09-10 09:00:00 PM,20.8,71.9,20.8,15.5,point
2025-09-10 09:30:00 PM,13.3,64.7,12.4,6.8,point
2025-09-10 10:00:00 PM,7.1,77.7,6.8,3.5,point
2025-09-10 10:30:00 PM,6.2,84.3,6.1,3.7,point
2025-09-10 11:00:00 PM,5.9,86.5,5.9,3.8,point
2025-09-10 11:30:00 PM,5.7,87.4,5.6,3.8,point
2025-09-11 12:00:00 AM,5.7,88.3,5.6,3.9,point
2025-09-11 12:30:00 AM,5.6,88.5,5.5,3.8,point
2025-09-11 01:00:00 AM,5.5,88.7,5.4,3.8,point
2025-09-11 01:30:00 AM,5.5,88.9,5.4,3.8,point
2025-09-11 02:00:00 AM,5.6,89.7,5.5,4.0,point
2025-09-11 02:30:00 AM,5.5,89.6,5.5,4.0,point
2025-09-11 03:00:00 AM,5.5,89.5,5.4,3.9,point
2025-09-11 03:30:00 AM,5.5,89.7,5.4,3.9,point
2025-09-11 04:00:00 AM,5.6,89.8,5.6,4.1,point
2025-09-11 04:30:00 AM,5.7,90.0,5.7,4.2,point
2025-09-11 05:00:00 AM,5.7,90.4,5.7,4.2,point
2025-09-11 05:30:00 AM,5.6,90.0,5.6,4.1,point
2025-09-11 06:00:00 AM,5.7,90.4,5.8,4.2,point
2025-09-11 06:30:00 AM,5.7,90.4,5.8,4.2,point
2025-09-11 07:00:00 AM,5.6,90.3,5.7,4.2,point
2025-09-11 07:30:00 AM,5.7,91.2,5.8,4.4,point
2025-09-11 08:00:00 AM,8.8,100.0,9.2,8.8,point
2025-09-11 08:30:00 AM,16.1,100.0,16.7,16.1,point
2025-09-11 09:00:00 AM,19.8,100.0,20.7,19.8,point
2025-09-11 09:30:00 AM,20.9,100.0,22.0,20.9,point
2025-09-11 10:00:00 AM,21.5,90.2,22.5,19.9,point
2025-09-11 10:30:00 AM,21.8,89.2,22.6,19.9,point
2025-09-11 11:00:00 AM,21.8,88.6,22.7,19.9,point
2025-09-11 11:30:00 AM,21.9,88.3,22.7,19.9,point
2025-09-11 12:00:00 PM,21.9,87.4,22.7,19.7,point
2025-09-11 12:30:00 PM,21.9,87.0,22.7,19.6,point
2025-09-11 01:00:00 PM,21.9,87.5,22.7,19.7,point
2025-09-11 01:30:00 PM,21.9,87.7,22.9,19.8,point
2025-09-11 02:00:00 PM,21.8,86.7,22.7,19.5,point
2025-09-11 02:30:00 PM,21.8,86.7,22.7,19.5,point
2025-09-11 03:00:00 PM,22.0,88.0,22.9,19.9,point
2025-09-11 03:30:00 PM,21.9,86.8,22.7,19.6,point
2025-09-11 04:00:00 PM,21.9,86.8,22.7,19.6,point
2025-09-11 04:30:00 PM,21.9,86.8,22.7,19.6,point
2025-09-11 05:00:00 PM,21.9,86.5,22.9,19.6,point
2025-09-11 05:30:00 PM,21.9,87.1,22.9,19.7,point
2025-09-11 06:00:00 PM,21.9,85.7,22.6,19.4,point
2025-09-11 06:30:00 PM,21.9,85.5,22.6,19.4,point
2025-09-11 07:00:00 PM,21.9,85.4,22.8,19.4,point
2025-09-11 07:30:00 PM,22.0,85.7,22.9,19.5,point
2025-09-11 08:00:00 PM,22.0,85.7,22.9,19.5,point
2025-09-11 08:30:00 PM,21.9,84.7,22.8,19.2,point
2025-09-11 09:00:00 PM,20.7,72.2,20.9,15.5,point
2025-09-11 09:30:00 PM,13.4,64.4,12.6,6.9,point
2025-09-11 10:00:00 PM,7.1,76.9,6.8,3.3,point
2025-09-11 10:30:00 PM,6.1,84.2,6.0,3.6,point
2025-09-11 11:00:00 PM,5.8,86.7,5.7,3.8,point
2025-09-11 11:30:00 PM,5.7,87.6,5.7,3.8,point
2025-09-12 12:00:00 AM,5.7,88.7,5.6,4.0,point
2025-09-12 12:30:00 AM,5.7,88.8,5.6,4.0,point
2025-09-12 01:00:00 AM,5.7,89.6,5.7,4.1,point
2025-09-12 01:30:00 AM,5.6,89.4,5.6,4.0,point
2025-09-12 02:00:00 AM,5.6,89.5,5.6,4.0,point
2025-09-12 02:30:00 AM,5.6,89.5,5.6,4.0,point
2025-09-12 03:00:00 AM,5.7,90.1,5.7,4.2,point
2025-09-12 03:30:00 AM,5.7,89.8,5.6,4.1,point
2025-09-12 04:00:00 AM,5.8,90.2,5.8,4.3,point
2025-09-12 04:30:00 AM,5.7,90.3,5.8,4.2,point
2025-09-12 05:00:00 AM,5.7,90.3,5.8,4.3,point
2025-09-12 05:30:00 AM,5.7,90.1,5.8,4.2,point
2025-09-12 06:00:00 AM,5.7,90.9,5.8,4.3,point
2025-09-12 06:30:00 AM,5.7,90.1,5.7,4.2,point
2025-09-12 07:00:00 AM,5.7,90.3,5.7,4.2,point
2025-09-12 07:30:00 AM,5.7,90.5,5.8,4.3,point
2025-09-12 08:00:00 AM,9.0,100.0,9.3,9.0,point
2025-09-12 08:30:00 AM,15.3,100.0,16.0,15.3,point
2025-09-12 09:00:00 AM,19.7,100.0,20.7,19.7,point
2025-09-12 09:30:00 AM,20.9,98.6,22.0,20.7,point
2025-09-12 10:00:00 AM,21.5,90.8,22.3,19.9,point
2025-09-12 10:30:00 AM,21.7,88.6,22.5,19.7,point
2025-09-12 11:00:00 AM,21.8,88.7,22.6,19.8,point
2025-09-12 11:30:00 AM,21.7,88.6,22.6,19.8,point
2025-09-12 12:00:00 PM,21.8,88.2,22.6,19.7,point
2025-09-12 12:30:00 PM,21.8,88.5,22.6,19.8,point
2025-09-12 01:00:00 PM,21.8,88.0,22.6,19.7,point
2025-09-12 01:30:00 PM,21.7,87.9,22.6,19.6,point
2025-09-12 02:00:00 PM,21.8,87.8,22.6,19.6,point
2025-09-12 02:30:00 PM,21.7,88.1,22.6,19.7,point
2025-09-12 03:00:00 PM,21.8,87.4,22.6,19.6,point
2025-09-12 03:30:00 PM,21.9,87.6,22.7,19.7,point
2025-09-12 04:00:00 PM,21.0,88.7,21.6,19.0,point
2025-09-12 04:30:00 PM,21.1,91.2,22.0,19.6,point
2025-09-12 05:00:00 PM,20.9,90.5,21.7,19.3,point
2025-09-12 05:30:00 PM,20.9,90.8,21.6,19.3,point
2025-09-12 06:00:00 PM,20.9,91.0,21.7,19.4,point
2025-09-12 06:30:00 PM,20.9,90.4,21.7,19.3,point
2025-09-12 07:00:00 PM,20.9,90.5,21.6,19.3,point
2025-09-12 07:30:00 PM,20.9,90.5,21.6,19.3,point
2025-09-12 08:00:00 PM,20.9,91.2,21.7,19.4,point
2025-09-12 08:30:00 PM,21.0,91.1,21.7,19.5,point
2025-09-12 09:00:00 PM,18.6,76.2,18.1,14.3,point
2025-09-12 09:30:00 PM,13.1,64.9,12.3,6.7,point
2025-09-12 10:00:00 PM,6.7,79.5,6.6,3.4,point
2025-09-12 10:30:00 PM,5.5,87.7,5.5,3.6,point
2025-09-12 11:00:00 PM,5.3,89.6,5.2,3.7,point
2025-09-12 11:30:00 PM,5.3,90.8,5.4,3.9,point
2025-09-13 12:00:00 AM,5.1,90.2,5.2,3.6,point
2025-09-13 12:30:00 AM,5.1,91.6,5.2,3.9,point
2025-09-13 01:00:00 AM,5.2,91.8,5.2,4.0,point
2025-09-13 01:30:00 AM,5.2,92.0,5.3,4.0,point
2025-09-13 02:00:00 AM,5.2,92.0,5.2,4.0,point
2025-09-13 02:30:00 AM,5.2,92.4,5.2,4.0,point
2025-09-13 03:00:00 AM,5.2,92.3,5.3,4.1,point
2025-09-13 03:30:00 AM,5.2,92.5,5.3,4.1,point
2025-09-13 04:00:00 AM,5.2,92.7,5.3,4.1,point
2025-09-13 04:30:00 AM,5.1,92.0,5.2,3.9,point
2025-09-13 05:00:00 AM,5.0,91.6,5.0,3.7,point
2025-09-13 05:30:00 AM,5.1,92.3,5.2,4.0,point
2025-09-13 06:00:00 AM,5.1,92.2,5.1,3.9,point
2025-09-13 06:30:00 AM,5.2,92.9,5.3,4.1,point
2025-09-13 07:00:00 AM,5.2,92.6,5.2,4.0,point
2025-09-13 07:30:00 AM,5.1,92.7,5.2,4.0,point
2025-09-13 08:00:00 AM,9.3,100.0,9.7,9.3,point
2025-09-13 08:30:00 AM,16.2,100.0,16.9,16.2,point
2025-09-13 09:00:00 AM,19.4,100.0,20.4,19.4,point
2025-09-13 09:30:00 AM,20.2,100.0,21.1,20.2,point
2025-09-13 10:00:00 AM,20.7,93.7,21.4,19.6,point
2025-09-13 10:30:00 AM,20.9,92.6,21.8,19.7,point
2025-09-13 11:00:00 AM,20.9,92.1,21.8,19.6,point
2025-09-13 11:30:00 AM,21.0,91.7,21.7,19.6,point
2025-09-13 12:00:00 PM,21.0,90.9,21.7,19.4,point
2025-09-13 12:30:00 PM,20.9,90.8,21.7,19.4,point
2025-09-13 01:00:00 PM,21.0,91.5,21.7,19.5,point
2025-09-13 01:30:00 PM,21.0,90.5,21.9,19.4,point
2025-09-13 02:00:00 PM,21.0,90.6,21.9,19.4,point
2025-09-13 02:30:00 PM,21.1,89.8,21.9,19.4,point
2025-09-13 03:00:00 PM,21.1,90.1,21.9,19.4,point
2025-09-13 03:30:00 PM,21.1,89.9,21.8,19.3,point
2025-09-13 04:00:00 PM,21.1,89.3,21.9,19.3,point
2025-09-13 04:30:00 PM,21.2,89.8,22.0,19.4,point
2025-09-13 05:00:00 PM,21.1,89.5,21.9,19.4,point
2025-09-13 05:30:00 PM,21.2,89.7,21.9,19.4,point
2025-09-13 06:00:00 PM,21.1,89.1,21.9,19.3,point
2025-09-13 06:30:00 PM,21.1,89.4,21.9,19.3,point
2025-09-13 07:00:00 PM,21.2,89.1,21.9,19.3,point
2025-09-13 07:30:00 PM,21.1,88.8,21.9,19.2,point
2025-09-13 08:00:00 PM,21.2,88.6,21.9,19.2,point
2025-09-13 08:30:00 PM,21.1,88.0,21.7,19.0,point
2025-09-13 09:00:00 PM,18.7,73.5,18.1,13.8,point
2025-09-13 09:30:00 PM,13.4,63.0,12.5,6.5,point
2025-09-13 10:00:00 PM,6.7,78.0,6.4,3.1,point
2025-09-13 10:30:00 PM,5.6,85.1,5.6,3.3,point
2025-09-13 11:00:00 PM,5.4,88.1,5.4,3.6,point
2025-09-13 11:30:00 PM,5.3,89.5,5.3,3.7,point
2025-09-14 12:00:00 AM,5.3,90.2,5.4,3.8,point
2025-09-14 12:30:00 AM,5.2,90.3,5.3,3.8,point
2025-09-14 01:00:00 AM,5.2,91.0,5.2,3.8,point
2025-09-14 01:30:00 AM,5.3,91.0,5.3,3.9,point
2025-09-14 02:00:00 AM,5.2,91.5,5.3,4.0,point
2025-09-14 02:30:00 AM,5.2,91.5,5.3,3.9,point
2025-09-14 03:00:00 AM,5.1,91.8,5.2,3.9,point
2025-09-14 03:30:00 AM,5.2,91.5,5.2,3.9,point
2025-09-14 04:00:00 AM,5.2,91.9,5.2,4.0,point
2025-09-14 04:30:00 AM,5.1,91.8,5.2,3.9,point
2025-09-14 05:00:00 AM,5.1,91.8,5.1,3.8,point
2025-09-14 05:30:00 AM,5.1,92.1,5.2,4.0,point
2025-09-14 06:00:00 AM,5.1,91.8,5.1,3.9,point
2025-09-14 06:30:00 AM,5.1,92.3,5.2,4.0,point
2025-09-14 07:00:00 AM,5.1,92.2,5.2,4.0,point
2025-09-14 07:30:00 AM,5.1,91.8,5.2,3.9,point
2025-09-14 08:00:00 AM,9.4,100.0,9.8,9.4,point
2025-09-14 08:30:00 AM,15.4,100.0,16.1,15.4,point
2025-09-14 09:00:00 AM,19.2,100.0,20.1,19.2,point
2025-09-14 09:30:00 AM,20.4,95.4,21.3,19.7,point
2025-09-14 10:00:00 AM,20.8,92.0,21.5,19.4,point
2025-09-14 10:30:00 AM,20.9,91.4,21.6,19.4,point
2025-09-14 11:00:00 AM,20.9,90.8,21.7,19.4,point
2025-09-14 11:30:00 AM,20.9,90.4,21.6,19.2,point
2025-09-14 12:00:00 PM,20.9,90.1,21.7,19.2,point
2025-09-14 12:30:00 PM,20.9,90.2,21.7,19.3,point
2025-09-14 01:00:00 PM,21.0,89.8,21.6,19.2,point
2025-09-14 01:30:00 PM,21.0,90.1,21.9,19.4,point
2025-09-14 02:00:00 PM,21.0,89.2,21.6,19.1,point
2025-09-14 02:30:00 PM,21.0,89.5,21.6,19.2,point
2025-09-14 03:00:00 PM,21.0,89.0,21.8,19.1,point
2025-09-14 03:30:00 PM,21.0,89.2,21.8,19.2,point
2025-09-14 04:00:00 PM,21.0,88.7,21.6,19.1,point
2025-09-14 04:30:00 PM,21.1,88.8,21.8,19.1,point
2025-09-14 05:00:00 PM,21.1,88.9,21.9,19.2,point
2025-09-14 05:30:00 PM,21.1,88.4,21.9,19.1,point
2025-09-14 06:00:00 PM,21.1,87.8,21.9,19.0,point
2025-09-14 06:30:00 PM,21.0,87.2,21.7,18.8,point
2025-09-14 07:00:00 PM,21.1,87.5,21.9,19.0,point
2025-09-14 07:30:00 PM,21.1,87.1,21.9,18.9,point
2025-09-14 08:00:00 PM,21.0,86.6,21.7,18.7,point
2025-09-14 08:30:00 PM,21.0,86.4,21.6,18.6,point
2025-09-14 09:00:00 PM,18.9,72.8,18.5,13.9,point
2025-09-14 09:30:00 PM,13.6,62.6,12.6,6.6,point
2025-09-14 10:00:00 PM,6.7,77.1,6.5,3.0,point
2025-09-14 10:30:00 PM,5.6,85.5,5.6,3.4,point
2025-09-14 11:00:00 PM,5.3,87.9,5.3,3.5,point
2025-09-14 11:30:00 PM,5.3,89.3,5.3,3.7,point
2025-09-15 12:00:00 AM,5.2,89.7,5.1,3.6,point
2025-09-15 12:30:00 AM,5.2,89.9,5.1,3.6,point
2025-09-15 01:00:00 AM,5.1,90.2,5.1,3.6,point
2025-09-15 01:30:00 AM,5.1,90.4,5.1,3.6,point
2025-09-15 02:00:00 AM,5.1,90.6,5.1,3.6,point
2025-09-15 02:30:00 AM,5.0,90.9,5.1,3.7,point
2025-09-15 03:00:00 AM,5.0,89.9,5.0,3.5,point
2025-09-15 03:30:00 AM,5.1,91.7,5.2,3.9,point
2025-09-15 04:00:00 AM,5.2,91.4,5.3,3.9,point
2025-09-15 04:30:00 AM,5.3,91.6,5.3,4.0,point
2025-09-15 05:00:00 AM,5.1,91.3,5.2,3.8,point
2025-09-15 05:30:00 AM,5.0,91.4,5.1,3.7,point
2025-09-15 06:00:00 AM,5.1,91.2,5.1,3.8,point
2025-09-15 06:30:00 AM,5.2,91.7,5.2,3.9,point
2025-09-15 07:00:00 AM,5.2,91.4,5.2,3.9,point
2025-09-15 07:30:00 AM,5.2,92.0,5.2,4.0,point
2025-09-15 08:00:00 AM,9.6,99.6,9.9,9.5,point
2025-09-15 08:30:00 AM,15.7,100.0,16.4,15.7,point
2025-09-15 09:00:00 AM,19.3,100.0,20.1,19.3,point
2025-09-15 09:30:00 AM,20.4,94.0,21.3,19.4,point
2025-09-15 10:00:00 AM,20.8,90.9,21.5,19.2,point
2025-09-15 10:30:00 AM,20.8,89.9,21.4,19.1,point
2025-09-15 11:00:00 AM,20.8,89.0,21.5,18.9,point
2025-09-15 11:30:00 AM,20.9,88.4,21.6,18.9,point
2025-09-15 12:00:00 PM,20.8,87.5,21.5,18.7,point
2025-09-15 12:30:00 PM,20.9,87.7,21.6,18.8,point
2025-09-15 01:00:00 PM,21.0,87.1,21.6,18.8,point
2025-09-15 01:30:00 PM,21.0,86.6,21.7,18.7,point
2025-09-15 02:00:00 PM,20.9,86.1,21.5,18.5,point
2025-09-15 02:30:00 PM,21.0,85.3,21.5,18.4,point
2025-09-15 03:00:00 PM,21.0,84.9,21.6,18.4,point
2025-09-15 03:30:00 PM,21.0,84.4,21.6,18.3,point
2025-09-15 04:00:00 PM,21.1,84.0,21.6,18.3,point
2025-09-15 04:30:00 PM,21.0,83.4,21.6,18.1,point
2025-09-15 05:00:00 PM,21.1,82.2,21.5,17.9,point
2025-09-15 05:30:00 PM,21.1,81.1,21.7,17.8,point
2025-09-15 06:00:00 PM,21.0,79.2,21.5,17.3,point
2025-09-15 06:30:00 PM,21.0,77.7,21.3,16.9,point
2025-09-15 07:00:00 PM,21.0,76.5,21.3,16.7,point
2025-09-15 07:30:00 PM,21.1,76.1,21.4,16.7,point
2025-09-15 08:00:00 PM,21.0,74.7,21.2,16.3,point
2025-09-15 08:30:00 PM,21.0,74.0,21.2,16.2,point
2025-09-15 09:00:00 PM,18.9,69.8,18.2,13.2,point
2025-09-15 09:30:00 PM,13.7,61.8,12.7,6.5,point
2025-09-15 10:00:00 PM,6.8,76.9,6.5,3.0,point
2025-09-15 10:30:00 PM,5.6,85.1,5.6,3.3,point
2025-09-15 11:00:00 PM,6.3,84.0,6.3,3.8,point
2025-09-15 11:30:00 PM,5.8,86.7,5.7,3.7,point
2025-09-16 12:00:00 AM,5.7,88.2,5.6,3.9,point
2025-09-16 12:30:00 AM,5.7,89.0,5.6,4.0,point
2025-09-16 01:00:00 AM,5.7,89.5,5.6,4.1,point
2025-09-16 01:30:00 AM,5.7,89.6,5.6,4.1,point
2025-09-16 02:00:00 AM,5.7,89.9,5.6,4.2,point
2025-09-16 02:30:00 AM,5.6,89.9,5.6,4.1,point
2025-09-16 03:00:00 AM,5.7,90.2,5.7,4.2,point
2025-09-16 03:30:00 AM,5.7,90.2,5.8,4.2,point
2025-09-16 04:00:00 AM,5.7,90.0,5.7,4.2,point
2025-09-16 04:30:00 AM,5.8,90.4,5.9,4.4,point
2025-09-16 05:00:00 AM,5.8,90.0,5.7,4.3,point
2025-09-16 05:30:00 AM,5.9,90.8,5.9,4.5,point
2025-09-16 06:00:00 AM,5.9,90.5,6.0,4.5,point
2025-09-16 06:30:00 AM,5.8,90.3,5.9,4.3,point
2025-09-16 07:00:00 AM,5.9,90.5,5.9,4.5,point
2025-09-16 07:30:00 AM,5.8,90.4,5.8,4.3,point
2025-09-16 08:00:00 AM,9.3,100.0,9.7,9.3,point
2025-09-16 08:30:00 AM,16.0,100.0,16.7,16.0,point
2025-09-16 09:00:00 AM,20.5,100.0,21.6,20.5,point
2025-09-16 09:30:00 AM,21.5,91.9,22.5,20.1,point
2025-09-16 10:00:00 AM,21.7,90.1,22.7,20.0,point
2025-09-16 10:30:00 AM,21.7,89.0,22.5,19.8,point
2025-09-16 11:00:00 AM,21.8,88.6,22.6,19.8,point
2025-09-16 11:30:00 AM,21.8,88.6,22.7,19.9,point
2025-09-16 12:00:00 PM,21.8,88.4,22.6,19.8,point
2025-09-16 12:30:00 PM,21.9,88.1,22.9,19.9,point
2025-09-16 01:00:00 PM,21.9,87.8,22.9,19.8,point
2025-09-16 01:30:00 PM,21.8,87.1,22.6,19.6,point
2025-09-16 02:00:00 PM,21.8,86.4,22.6,19.4,point
2025-09-16 02:30:00 PM,21.9,86.8,22.7,19.6,point
2025-09-16 03:00:00 PM,21.9,86.8,22.7,19.6,point
2025-09-16 03:30:00 PM,21.9,85.8,22.6,19.4,point
2025-09-16 04:00:00 PM,21.8,85.4,22.6,19.2,point
2025-09-16 04:30:00 PM,21.8,84.8,22.6,19.1,point
2025-09-16 05:00:00 PM,21.8,84.5,22.5,19.0,point
2025-09-16 05:30:00 PM,21.7,84.0,22.5,18.9,point
2025-09-16 06:00:00 PM,21.6,83.7,22.4,18.7,point
2025-09-16 06:30:00 PM,21.8,83.9,22.6,19.0,point
2025-09-16 07:00:00 PM,21.6,82.1,22.3,18.4,point
2025-09-16 07:30:00 PM,21.7,82.5,22.3,18.6,point
2025-09-16 08:00:00 PM,21.8,81.7,22.4,18.5,point
2025-09-16 08:30:00 PM,21.8,81.1,22.5,18.4,point
2025-09-16 09:00:00 PM,17.8,75.3,17.3,13.4,point
2025-09-16 09:30:00 PM,10.8,68.7,10.3,5.3,point
2025-09-16 10:00:00 PM,6.4,80.4,6.3,3.3,point
2025-09-16 10:30:00 PM,5.9,86.3,5.9,3.8,point
2025-09-16 11:00:00 PM,5.8,87.8,5.7,3.9,point
2025-09-16 11:30:00 PM,5.8,88.7,5.7,4.0,point
2025-09-17 12:00:00 AM,5.8,89.5,5.7,4.2,point
2025-09-17 12:30:00 AM,5.7,89.5,5.6,4.1,point
2025-09-17 01:00:00 AM,5.7,89.5,5.7,4.1,point
2025-09-17 01:30:00 AM,5.7,89.8,5.7,4.2,point
2025-09-17 02:00:00 AM,5.7,90.2,5.7,4.2,point
2025-09-17 02:30:00 AM,5.7,90.2,5.8,4.2,point
2025-09-17 03:00:00 AM,5.7,90.0,5.7,4.2,point
2025-09-17 03:30:00 AM,5.8,90.3,5.9,4.3,point
2025-09-17 04:00:00 AM,5.8,89.9,5.7,4.3,point
2025-09-17 04:30:00 AM,5.8,89.9,5.8,4.3,point
2025-09-17 05:00:00 AM,5.9,89.8,5.8,4.3,point
2025-09-17 05:30:00 AM,6.0,90.0,6.0,4.5,point
2025-09-17 06:00:00 AM,6.2,90.2,6.2,4.7,point
2025-09-17 06:30:00 AM,6.2,90.1,6.2,4.7,point
2025-09-17 07:00:00 AM,5.9,89.6,5.9,4.3,point
2025-09-17 07:30:00 AM,5.8,89.9,5.7,4.3,point
2025-09-17 08:00:00 AM,9.1,100.0,9.4,9.1,point
2025-09-17 08:30:00 AM,16.3,100.0,17.1,16.3,point
2025-09-17 09:00:00 AM,20.4,100.0,21.4,20.4,point
2025-09-17 09:30:00 AM,21.6,93.2,22.5,20.4,point
2025-09-17 10:00:00 AM,21.7,90.7,22.6,20.1,point
2025-09-17 10:30:00 AM,21.9,89.9,22.8,20.1,point
2025-09-17 11:00:00 AM,21.9,89.3,22.8,20.0,point
2025-09-17 11:30:00 AM,21.9,89.1,22.9,20.1,point
2025-09-17 12:00:00 PM,21.9,89.0,22.8,20.0,point
2025-09-17 12:30:00 PM,21.7,88.8,22.6,19.8,point
2025-09-17 01:00:00 PM,21.7,88.0,22.6,19.6,point
2025-09-17 01:30:00 PM,21.8,89.0,22.8,19.9,point
2025-09-17 02:00:00 PM,21.8,88.5,22.7,19.8,point
2025-09-17 02:30:00 PM,21.7,87.0,22.5,19.4,point
2025-09-17 03:00:00 PM,21.7,87.8,22.5,19.6,point
2025-09-17 03:30:00 PM,21.7,87.5,22.5,19.5,point
2025-09-17 04:00:00 PM,21.8,87.8,22.7,19.7,point
2025-09-17 04:30:00 PM,21.7,87.2,22.6,19.5,point
2025-09-17 05:00:00 PM,21.8,87.4,22.7,19.6,point
2025-09-17 05:30:00 PM,21.7,87.0,22.6,19.4,point
2025-09-17 06:00:00 PM,21.6,87.2,22.5,19.4,point
2025-09-17 06:30:00 PM,21.6,85.7,22.4,19.1,point
2025-09-17 07:00:00 PM,21.7,86.4,22.6,19.4,point
2025-09-17 07:30:00 PM,21.6,85.2,22.4,19.0,point
2025-09-17 08:00:00 PM,21.7,86.6,22.6,19.4,point
2025-09-17 08:30:00 PM,21.7,85.7,22.4,19.2,point
2025-09-17 09:00:00 PM,17.9,75.9,17.4,13.6,point
2025-09-17 09:30:00 PM,11.0,70.5,10.5,5.9,point
2025-09-17 10:00:00 PM,6.4,80.6,6.3,3.3,point
2025-09-17 10:30:00 PM,6.0,86.6,5.9,3.9,point
2025-09-17 11:00:00 PM,5.9,88.1,5.8,4.0,point
2025-09-17 11:30:00 PM,5.8,89.1,5.7,4.1,point
2025-09-18 12:00:00 AM,5.7,89.7,5.7,4.2,point
2025-09-18 12:30:00 AM,5.7,89.5,5.7,4.1,point
2025-09-18 01:00:00 AM,5.7,89.7,5.6,4.1,point
2025-09-18 01:30:00 AM,5.7,90.2,5.8,4.2,point
2025-09-18 02:00:00 AM,5.7,89.8,5.7,4.2,point
2025-09-18 02:30:00 AM,5.7,90.4,5.8,4.3,point
2025-09-18 03:00:00 AM,5.8,90.5,5.8,4.3,point
2025-09-18 03:30:00 AM,5.8,90.5,5.8,4.3,point
2025-09-18 04:00:00 AM,5.9,90.8,5.9,4.5,point
2025-09-18 04:30:00 AM,6.0,91.2,6.0,4.7,point
2025-09-18 05:00:00 AM,5.9,90.5,5.9,4.4,point
2025-09-18 05:30:00 AM,5.9,90.9,6.0,4.6,point
2025-09-18 06:00:00 AM,6.1,91.5,6.1,4.8,point
2025-09-18 06:30:00 AM,6.0,90.8,6.0,4.6,point
2025-09-18 07:00:00 AM,5.9,91.1,5.9,4.5,point
2025-09-18 07:30:00 AM,6.0,90.9,6.0,4.6,point
2025-09-18 08:00:00 AM,9.4,100.0,9.7,9.4,point
2025-09-18 08:30:00 AM,15.9,100.0,16.5,15.9,point
2025-09-18 09:00:00 AM,20.7,100.0,21.8,20.7,point
2025-09-18 09:30:00 AM,21.6,93.2,22.6,20.4,point
2025-09-18 10:00:00 AM,21.8,90.7,22.9,20.2,point
2025-09-18 10:30:00 AM,21.9,89.7,22.8,20.1,point
2025-09-18 11:00:00 AM,21.9,89.1,22.8,20.0,point
2025-09-18 11:30:00 AM,21.9,89.7,22.8,20.1,point
2025-09-18 12:00:00 PM,21.9,89.1,22.8,20.0,point
2025-09-18 12:30:00 PM,21.9,88.6,22.7,19.9,point
2025-09-18 01:00:00 PM,21.9,88.1,22.7,19.8,point
2025-09-18 01:30:00 PM,21.8,88.3,22.7,19.8,point
2025-09-18 02:00:00 PM,21.9,88.6,22.7,19.9,point
2025-09-18 02:30:00 PM,21.9,88.2,22.7,19.8,point
2025-09-18 03:00:00 PM,21.9,88.5,22.7,19.9,point
2025-09-18 03:30:00 PM,21.9,88.4,22.7,19.9,point
2025-09-18 04:00:00 PM,21.8,88.0,22.6,19.7,point
2025-09-18 04:30:00 PM,21.8,88.5,22.7,19.8,point
2025-09-18 05:00:00 PM,21.7,87.9,22.6,19.6,point
2025-09-18 05:30:00 PM,21.5,88.0,22.4,19.4,point
2025-09-18 06:00:00 PM,21.6,87.9,22.5,19.5,point
2025-09-18 06:30:00 PM,21.6,88.7,22.5,19.7,point
2025-09-18 07:00:00 PM,21.6,88.4,22.5,19.6,point
2025-09-18 07:30:00 PM,21.6,88.8,22.5,19.7,point
2025-09-18 08:00:00 PM,21.6,88.0,22.5,19.5,point
2025-09-18 08:30:00 PM,21.5,87.6,22.4,19.4,point
2025-09-18 09:00:00 PM,18.5,76.3,18.1,14.3,point
2025-09-18 09:30:00 PM,12.1,69.8,11.6,6.8,point
2025-09-18 10:00:00 PM,6.9,80.1,6.8,3.7,point
2025-09-18 10:30:00 PM,6.2,86.0,6.1,4.0,point
2025-09-18 11:00:00 PM,6.0,87.8,5.9,4.1,point
2025-09-18 11:30:00 PM,5.8,89.3,5.8,4.2,point
2025-09-19 12:00:00 AM,5.8,89.7,5.8,4.2,point
2025-09-19 12:30:00 AM,5.8,90.1,5.9,4.3,point
2025-09-19 01:00:00 AM,5.7,90.0,5.8,4.2,point
2025-09-19 01:30:00 AM,5.8,90.6,5.8,4.4,point
2025-09-19 02:00:00 AM,5.8,91.0,5.8,4.4,point
2025-09-19 02:30:00 AM,5.8,90.8,5.9,4.4,point
2025-09-19 03:00:00 AM,5.7,91.0,5.7,4.3,point
2025-09-19 03:30:00 AM,5.8,91.4,5.8,4.5,point
2025-09-19 04:00:00 AM,5.8,90.2,5.8,4.3,point
2025-09-19 04:30:00 AM,5.8,91.5,5.8,4.5,point
2025-09-19 05:00:00 AM,5.7,90.9,5.7,4.3,point
2025-09-19 05:30:00 AM,5.7,91.1,5.8,4.4,point
2025-09-19 06:00:00 AM,5.7,91.6,5.8,4.5,point
2025-09-19 06:30:00 AM,5.7,91.1,5.8,4.4,point
2025-09-19 07:00:00 AM,5.6,91.7,5.7,4.4,point
2025-09-19 07:30:00 AM,5.6,91.8,5.7,4.4,point
2025-09-19 08:00:00 AM,8.9,100.0,9.3,8.9,point
2025-09-19 08:30:00 AM,16.4,100.0,17.1,16.4,point
2025-09-19 09:00:00 AM,20.1,100.0,21.0,20.0,point
2025-09-19 09:30:00 AM,20.9,95.3,21.9,20.1,point
2025-09-19 10:00:00 AM,21.3,92.0,22.1,19.9,point
2025-09-19 10:30:00 AM,21.4,91.2,22.2,19.9,point
2025-09-19 11:00:00 AM,21.4,91.2,22.3,19.9,point
2025-09-19 11:30:00 AM,21.5,90.9,22.5,20.0,point
2025-09-19 12:00:00 PM,21.5,90.2,22.3,19.8,point
2025-09-19 12:30:00 PM,21.5,91.2,22.3,20.0,point
2025-09-19 01:00:00 PM,21.5,90.3,22.3,19.8,point
2025-09-19 01:30:00 PM,21.4,90.2,22.3,19.7,point
2025-09-19 02:00:00 PM,21.5,90.1,22.5,19.8,point
2025-09-19 02:30:00 PM,21.5,90.2,22.5,19.9,point
2025-09-19 03:00:00 PM,21.5,89.6,22.2,19.7,point
2025-09-19 03:30:00 PM,21.5,89.9,22.4,19.8,point
2025-09-19 04:00:00 PM,21.6,90.1,22.6,19.9,point
2025-09-19 04:30:00 PM,21.7,90.1,22.7,20.0,point
2025-09-19 05:00:00 PM,22.8,86.2,23.8,20.4,point
2025-09-19 05:30:00 PM,21.2,89.4,21.9,19.4,point
2025-09-19 06:00:00 PM,21.0,91.0,21.9,19.5,point
2025-09-19 06:30:00 PM,20.7,91.3,21.5,19.3,point
2025-09-19 07:00:00 PM,20.9,92.3,21.6,19.6,point
2025-09-19 07:30:00 PM,20.8,91.9,21.5,19.4,point
2025-09-19 08:00:00 PM,20.9,92.0,21.6,19.5,point
2025-09-19 08:30:00 PM,20.9,92.6,21.6,19.6,point
2025-09-19 09:00:00 PM,17.4,81.4,17.2,14.2,point
2025-09-19 09:30:00 PM,10.4,74.8,10.0,6.1,point
2025-09-19 10:00:00 PM,5.9,84.6,5.9,3.5,point
2025-09-19 10:30:00 PM,5.5,90.0,5.6,4.0,point
2025-09-19 11:00:00 PM,5.5,91.6,5.5,4.2,point
2025-09-19 11:30:00 PM,5.5,92.4,5.5,4.4,point
2025-09-20 12:00:00 AM,5.5,92.4,5.5,4.3,point
2025-09-20 12:30:00 AM,5.4,92.4,5.4,4.2,point
2025-09-20 01:00:00 AM,5.3,92.9,5.4,4.3,point
2025-09-20 01:30:00 AM,5.3,92.9,5.4,4.3,point
2025-09-20 02:00:00 AM,5.4,93.5,5.5,4.5,point
2025-09-20 02:30:00 AM,5.3,93.2,5.4,4.3,point
2025-09-20 03:00:00 AM,5.3,93.2,5.4,4.3,point
2025-09-20 03:30:00 AM,5.3,93.1,5.4,4.3,point
2025-09-20 04:00:00 AM,5.4,93.9,5.5,4.5,point
2025-09-20 04:30:00 AM,5.4,93.2,5.5,4.4,point
2025-09-20 05:00:00 AM,5.4,93.1,5.5,4.4,point
2025-09-20 05:30:00 AM,5.5,93.0,5.5,4.4,point
2025-09-20 06:00:00 AM,5.4,92.7,5.5,4.3,point
2025-09-20 06:30:00 AM,5.4,92.5,5.4,4.2,point
2025-09-20 07:00:00 AM,5.3,92.8,5.4,4.2,point
2025-09-20 07:30:00 AM,5.4,92.7,5.5,4.3,point
2025-09-20 08:00:00 AM,8.9,100.0,9.2,8.9,point
2025-09-20 08:30:00 AM,16.2,100.0,16.9,16.2,point
2025-09-20 09:00:00 AM,19.7,100.0,20.7,19.7,point
2025-09-20 09:30:00 AM,20.6,99.9,21.7,20.6,point
2025-09-20 10:00:00 AM,21.0,94.5,21.9,20.0,point
2025-09-20 10:30:00 AM,21.0,92.9,21.9,19.8,point
2025-09-20 11:00:00 AM,21.1,93.0,22.0,19.9,point
2025-09-20 11:30:00 AM,21.1,92.6,21.9,19.8,point
2025-09-20 12:00:00 PM,21.2,92.8,22.0,20.0,point
2025-09-20 12:30:00 PM,21.2,92.6,22.1,20.0,point
2025-09-20 01:00:00 PM,21.1,91.9,22.0,19.8,point
2025-09-20 01:30:00 PM,21.1,91.9,22.0,19.8,point
2025-09-20 02:00:00 PM,21.1,91.8,21.9,19.7,point
2025-09-20 02:30:00 PM,21.3,91.1,22.2,19.8,point
2025-09-20 03:00:00 PM,21.3,90.8,22.1,19.7,point
2025-09-20 03:30:00 PM,21.2,91.0,22.1,19.7,point
2025-09-20 04:00:00 PM,21.3,91.7,22.2,19.9,point
2025-09-20 04:30:00 PM,21.2,90.8,22.1,19.7,point
2025-09-20 05:00:00 PM,21.3,90.7,22.1,19.7,point
2025-09-20 05:30:00 PM,21.1,90.8,22.0,19.6,point
2025-09-20 06:00:00 PM,21.3,90.3,22.1,19.6,point
2025-09-20 06:30:00 PM,21.2,90.5,22.1,19.6,point
2025-09-20 07:00:00 PM,21.2,90.5,22.0,19.6,point
2025-09-20 07:30:00 PM,21.2,90.5,22.0,19.6,point
2025-09-20 08:00:00 PM,21.1,90.4,22.0,19.5,point
2025-09-20 08:30:00 PM,21.2,90.6,22.0,19.6,point
2025-09-20 09:00:00 PM,17.8,78.7,17.5,14.1,point
2025-09-20 09:30:00 PM,10.8,72.0,10.4,6.0,point
2025-09-20 10:00:00 PM,6.2,82.8,6.2,3.5,point
2025-09-20 10:30:00 PM,5.7,87.9,5.7,3.9,point
2025-09-20 11:00:00 PM,5.6,89.7,5.5,4.0,point
2025-09-20 11:30:00 PM,5.6,90.1,5.7,4.1,point
2025-09-21 12:00:00 AM,5.5,90.8,5.6,4.1,point
2025-09-21 12:30:00 AM,5.5,91.3,5.6,4.2,point
2025-09-21 01:00:00 AM,5.6,91.3,5.6,4.3,point
2025-09-21 01:30:00 AM,5.5,91.6,5.6,4.3,point
2025-09-21 02:00:00 AM,5.5,91.9,5.5,4.3,point
2025-09-21 02:30:00 AM,5.5,92.0,5.5,4.3,point
2025-09-21 03:00:00 AM,5.5,92.1,5.5,4.3,point
2025-09-21 03:30:00 AM,5.5,91.8,5.5,4.2,point
2025-09-21 04:00:00 AM,5.4,91.7,5.5,4.2,point
2025-09-21 04:30:00 AM,5.5,92.2,5.6,4.3,point
2025-09-21 05:00:00 AM,5.4,92.1,5.5,4.2,point
2025-09-21 05:30:00 AM,5.5,92.3,5.5,4.3,point
2025-09-21 06:00:00 AM,5.5,92.2,5.5,4.3,point
2025-09-21 06:30:00 AM,5.4,92.8,5.5,4.3,point
2025-09-21 07:00:00 AM,5.4,92.1,5.5,4.3,point
2025-09-21 07:30:00 AM,5.5,92.7,5.5,4.4,point
2025-09-21 08:00:00 AM,8.8,100.0,9.2,8.8,point
2025-09-21 08:30:00 AM,16.2,100.0,16.8,16.2,point
2025-09-21 09:00:00 AM,19.8,100.0,20.7,19.8,point
2025-09-21 09:30:00 AM,20.9,97.1,21.9,20.4,point
2025-09-21 10:00:00 AM,21.2,93.3,22.0,20.0,point
2025-09-21 10:30:00 AM,21.1,92.5,22.0,19.9,point
2025-09-21 11:00:00 AM,21.3,92.4,22.1,20.0,point
2025-09-21 11:30:00 AM,21.3,91.8,22.1,19.9,point
2025-09-21 12:00:00 PM,21.1,90.9,22.0,19.6,point
2025-09-21 12:30:00 PM,21.2,91.2,22.1,19.7,point
2025-09-21 01:00:00 PM,21.2,91.5,22.1,19.8,point
2025-09-21 01:30:00 PM,21.4,91.1,22.2,19.9,point
2025-09-21 02:00:00 PM,21.3,90.7,22.2,19.7,point
2025-09-21 02:30:00 PM,21.5,91.3,22.5,20.0,point
2025-09-21 03:00:00 PM,21.2,90.9,22.0,19.6,point
2025-09-21 03:30:00 PM,21.1,90.5,22.0,19.5,point
2025-09-21 04:00:00 PM,21.2,90.7,22.0,19.6,point
2025-09-21 04:30:00 PM,21.2,90.8,22.1,19.7,point
2025-09-21 05:00:00 PM,21.2,91.0,22.1,19.7,point
2025-09-21 05:30:00 PM,21.1,90.3,21.9,19.4,point
2025-09-21 06:00:00 PM,21.1,90.6,21.9,19.4,point
2025-09-21 06:30:00 PM,21.2,90.7,22.0,19.6,point
2025-09-21 07:00:00 PM,21.2,91.0,22.1,19.7,point
2025-09-21 07:30:00 PM,21.1,90.4,22.0,19.5,point
2025-09-21 08:00:00 PM,21.1,89.8,21.9,19.4,point
2025-09-21 08:30:00 PM,21.1,90.2,22.0,19.5,point
2025-09-21 09:00:00 PM,17.8,78.0,17.5,13.9,point
2025-09-21 09:30:00 PM,10.9,71.7,10.4,5.9,point
2025-09-21 10:00:00 PM,6.3,83.2,6.2,3.6,point
2025-09-21 10:30:00 PM,5.8,87.9,5.7,3.9,point
2025-09-21 11:00:00 PM,5.7,89.7,5.6,4.1,point
2025-09-21 11:30:00 PM,5.6,90.2,5.7,4.1,point
2025-09-22 12:00:00 AM,5.6,91.1,5.7,4.3,point
2025-09-22 12:30:00 AM,5.5,91.2,5.6,4.2,point
2025-09-22 01:00:00 AM,5.5,91.5,5.6,4.2,point
2025-09-22 01:30:00 AM,5.5,91.5,5.6,4.3,point
2025-09-22 02:00:00 AM,5.5,91.7,5.5,4.2,point
2025-09-22 02:30:00 AM,5.5,91.5,5.5,4.2,point
2025-09-22 03:00:00 AM,5.5,91.6,5.5,4.2,point
2025-09-22 03:30:00 AM,5.4,91.6,5.5,4.2,point
2025-09-22 04:00:00 AM,5.4,92.0,5.5,4.2,point
2025-09-22 04:30:00 AM,5.4,91.9,5.5,4.2,point
2025-09-22 05:00:00 AM,5.5,92.4,5.5,4.4,point
2025-09-22 05:30:00 AM,5.5,92.5,5.5,4.4,point
2025-09-22 06:00:00 AM,5.3,91.8,5.4,4.1,point
2025-09-22 06:30:00 AM,5.4,92.0,5.5,4.2,point
2025-09-22 07:00:00 AM,5.4,92.4,5.5,4.3,point
2025-09-22 07:30:00 AM,5.3,92.2,5.4,4.2,point
2025-09-22 08:00:00 AM,8.7,100.0,9.0,8.7,point
2025-09-22 08:30:00 AM,16.7,100.0,17.4,16.7,point
2025-09-22 09:00:00 AM,19.8,100.0,20.8,19.8,point
2025-09-22 09:30:00 AM,20.7,96.0,21.7,20.0,point
2025-09-22 10:00:00 AM,20.9,93.2,21.8,19.8,point
2025-09-22 10:30:00 AM,21.1,92.9,21.9,19.9,point
2025-09-22 11:00:00 AM,21.1,92.5,22.0,19.9,point
2025-09-22 11:30:00 AM,21.2,92.4,22.0,19.9,point
2025-09-22 12:00:00 PM,21.1,91.3,21.9,19.6,point
2025-09-22 12:30:00 PM,21.1,91.4,21.9,19.6,point
2025-09-22 01:00:00 PM,21.0,91.7,21.9,19.6,point
2025-09-22 01:30:00 PM,21.2,91.3,22.0,19.7,point
2025-09-22 02:00:00 PM,21.2,91.7,22.0,19.8,point
2025-09-22 02:30:00 PM,21.2,90.7,22.0,19.6,point
2025-09-22 03:00:00 PM,21.2,90.7,22.1,19.6,point
2025-09-22 03:30:00 PM,21.2,90.8,22.0,19.6,point
2025-09-22 04:00:00 PM,21.2,90.9,22.1,19.7,point
2025-09-22 04:30:00 PM,21.1,91.6,21.9,19.6,point
2025-09-22 05:00:00 PM,21.1,91.0,22.0,19.6,point
2025-09-22 05:30:00 PM,21.1,90.9,22.0,19.6,point
2025-09-22 06:00:00 PM,21.1,90.5,22.0,19.5,point
2025-09-22 06:30:00 PM,21.1,90.0,22.0,19.4,point
2025-09-22 07:00:00 PM,21.1,89.6,21.8,19.3,point
2025-09-22 07:30:00 PM,21.0,89.9,21.8,19.3,point
2025-09-22 08:00:00 PM,21.1,90.3,21.9,19.4,point
2025-09-22 08:30:00 PM,21.0,90.2,21.9,19.3,point
2025-09-22 09:00:00 PM,17.8,77.2,17.5,13.8,point
2025-09-22 09:30:00 PM,10.8,71.8,10.4,5.9,point
2025-09-22 10:00:00 PM,6.2,81.6,6.0,3.3,point
2025-09-22 10:30:00 PM,5.8,87.6,5.7,3.9,point
2025-09-22 11:00:00 PM,6.3,84.0,6.2,3.8,point
2025-09-22 11:30:00 PM,5.7,88.3,5.6,3.9,point
2025-09-23 12:00:00 AM,5.7,90.0,5.6,4.2,point
2025-09-23 12:30:00 AM,5.6,90.8,5.7,4.2,point
2025-09-23 01:00:00 AM,5.7,90.9,5.7,4.3,point
2025-09-23 01:30:00 AM,5.6,90.8,5.7,4.2,point
2025-09-23 02:00:00 AM,5.7,91.8,5.7,4.4,point
2025-09-23 02:30:00 AM,5.5,90.6,5.6,4.1,point
2025-09-23 03:00:00 AM,5.6,91.3,5.6,4.3,point
2025-09-23 03:30:00 AM,5.5,91.0,5.6,4.2,point
2025-09-23 04:00:00 AM,5.6,91.7,5.6,4.3,point
2025-09-23 04:30:00 AM,5.6,91.0,5.7,4.2,point
2025-09-23 05:00:00 AM,5.5,91.6,5.5,4.2,point
2025-09-23 05:30:00 AM,5.6,91.5,5.7,4.3,point
2025-09-23 06:00:00 AM,5.6,91.9,5.7,4.4,point
2025-09-23 06:30:00 AM,5.6,92.0,5.6,4.4,point
2025-09-23 07:00:00 AM,5.6,91.9,5.7,4.4,point
2025-09-23 07:30:00 AM,5.6,91.6,5.6,4.3,point
2025-09-23 08:00:00 AM,8.5,100.0,8.8,8.4,point
2025-09-23 08:30:00 AM,15.0,100.0,15.6,15.0,point
2025-09-23 09:00:00 AM,20.0,100.0,20.9,20.0,point
2025-09-23 09:30:00 AM,20.9,97.6,22.0,20.6,point
2025-09-23 10:00:00 AM,21.3,93.6,22.2,20.2,point
2025-09-23 10:30:00 AM,21.4,92.8,22.3,20.2,point
2025-09-23 11:00:00 AM,21.4,92.0,22.3,20.1,point
2025-09-23 11:30:00 AM,21.4,91.9,22.3,20.1,point
2025-09-23 12:00:00 PM,21.5,91.2,22.5,20.0,point
2025-09-23 12:30:00 PM,21.5,91.8,22.5,20.1,point
2025-09-23 01:00:00 PM,21.4,91.0,22.3,19.9,point
2025-09-23 01:30:00 PM,21.4,90.3,22.3,19.8,point
2025-09-23 02:00:00 PM,21.6,91.7,22.5,20.1,point
2025-09-23 02:30:00 PM,21.4,90.3,22.3,19.8,point
2025-09-23 03:00:00 PM,21.5,90.6,22.5,19.9,point
2025-09-23 03:30:00 PM,21.5,91.1,22.3,19.9,point
2025-09-23 04:00:00 PM,21.5,90.4,22.3,19.8,point
2025-09-23 04:30:00 PM,21.5,90.8,22.5,19.9,point
2025-09-23 05:00:00 PM,21.5,90.5,22.5,19.9,point
2025-09-23 05:30:00 PM,21.5,90.0,22.5,19.8,point
2025-09-23 06:00:00 PM,21.5,90.3,22.5,19.9,point
2025-09-23 06:30:00 PM,21.5,90.2,22.5,19.8,point
2025-09-23 07:00:00 PM,21.5,90.1,22.5,19.8,point
2025-09-23 07:30:00 PM,21.5,90.0,22.2,19.8,point
2025-09-23 08:00:00 PM,21.6,89.6,22.4,19.8,point
2025-09-23 08:30:00 PM,21.5,89.5,22.4,19.7,point
2025-09-23 09:00:00 PM,18.9,78.6,18.7,15.1,point
2025-09-23 09:30:00 PM,12.3,71.0,11.8,7.2,point
2025-09-23 10:00:00 PM,6.8,80.5,6.7,3.7,point
2025-09-23 10:30:00 PM,6.0,87.2,6.0,4.0,point
2025-09-23 11:00:00 PM,5.8,88.7,5.7,4.1,point
2025-09-23 11:30:00 PM,5.6,89.1,5.6,4.0,point
2025-09-24 12:00:00 AM,5.6,90.0,5.7,4.1,point
2025-09-24 12:30:00 AM,5.6,90.8,5.6,4.2,point
2025-09-24 01:00:00 AM,5.6,91.2,5.6,4.3,point
2025-09-24 01:30:00 AM,5.6,90.8,5.6,4.2,point
2025-09-24 02:00:00 AM,5.6,91.5,5.6,4.3,point
2025-09-24 02:30:00 AM,5.6,91.3,5.6,4.3,point
2025-09-24 03:00:00 AM,5.5,90.8,5.6,4.1,point
2025-09-24 03:30:00 AM,5.5,91.1,5.5,4.1,point
2025-09-24 04:00:00 AM,5.6,91.7,5.6,4.3,point
2025-09-24 04:30:00 AM,5.5,91.2,5.6,4.2,point
2025-09-24 05:00:00 AM,5.5,91.3,5.5,4.2,point
2025-09-24 05:30:00 AM,5.5,91.2,5.5,4.2,point
2025-09-24 06:00:00 AM,5.6,91.7,5.7,4.4,point
2025-09-24 06:30:00 AM,5.5,91.5,5.5,4.2,point
2025-09-24 07:00:00 AM,5.6,91.8,5.6,4.3,point
2025-09-24 07:30:00 AM,5.5,92.0,5.6,4.3,point
2025-09-24 08:00:00 AM,8.4,100.0,8.7,8.4,point
2025-09-24 08:30:00 AM,15.3,100.0,15.9,15.3,point
2025-09-24 09:00:00 AM,19.8,100.0,20.7,19.8,point
2025-09-24 09:30:00 AM,20.9,96.8,21.8,20.3,point
2025-09-24 10:00:00 AM,21.2,92.4,22.1,19.9,point
2025-09-24 10:30:00 AM,21.3,92.0,22.2,20.0,point
2025-09-24 11:00:00 AM,21.4,91.7,22.3,20.0,point
2025-09-24 11:30:00 AM,21.4,90.6,22.2,19.8,point
2025-09-24 12:00:00 PM,21.4,91.0,22.3,19.9,point
2025-09-24 12:30:00 PM,21.5,91.5,22.5,20.1,point
2025-09-24 01:00:00 PM,21.5,90.9,22.5,20.0,point
2025-09-24 01:30:00 PM,21.5,90.6,22.3,19.9,point
2025-09-24 02:00:00 PM,21.4,90.3,22.3,19.8,point
2025-09-24 02:30:00 PM,21.5,90.5,22.3,19.9,point
2025-09-24 03:00:00 PM,21.5,90.5,22.3,19.9,point
2025-09-24 03:30:00 PM,21.6,90.6,22.6,20.0,point
2025-09-24 04:00:00 PM,21.6,90.4,22.5,19.9,point
2025-09-24 04:30:00 PM,21.5,90.2,22.5,19.9,point
2025-09-24 05:00:00 PM,21.6,89.4,22.5,19.8,point
2025-09-24 05:30:00 PM,21.6,90.0,22.5,19.9,point
2025-09-24 06:00:00 PM,21.6,89.7,22.4,19.8,point
2025-09-24 06:30:00 PM,21.6,89.7,22.5,19.8,point
2025-09-24 07:00:00 PM,21.6,89.3,22.5,19.8,point
2025-09-24 07:30:00 PM,21.5,89.0,22.4,19.6,point
2025-09-24 08:00:00 PM,21.5,88.9,22.4,19.6,point
2025-09-24 08:30:00 PM,21.6,89.3,22.4,19.7,point
2025-09-24 09:00:00 PM,18.9,77.8,18.7,15.0,point
2025-09-24 09:30:00 PM,12.4,70.5,11.9,7.2,point
2025-09-24 10:00:00 PM,6.8,80.3,6.7,3.7,point
2025-09-24 10:30:00 PM,6.0,86.5,6.0,4.0,point
2025-09-24 11:00:00 PM,5.9,88.8,5.8,4.2,point
2025-09-24 11:30:00 PM,5.8,88.9,5.7,4.1,point
2025-09-25 12:00:00 AM,5.7,89.0,5.7,4.0,point
2025-09-25 12:30:00 AM,5.7,89.8,5.7,4.2,point
2025-09-25 01:00:00 AM,5.7,90.3,5.7,4.2,point
2025-09-25 01:30:00 AM,5.7,90.6,5.7,4.3,point
2025-09-25 02:00:00 AM,5.7,90.8,5.7,4.3,point
2025-09-25 02:30:00 AM,5.7,90.5,5.7,4.2,point
2025-09-25 03:00:00 AM,5.6,90.9,5.7,4.3,point
2025-09-25 03:30:00 AM,5.6,91.1,5.7,4.3,point
2025-09-25 04:00:00 AM,5.6,91.4,5.7,4.3,point
2025-09-25 04:30:00 AM,5.6,91.4,5.7,4.3,point
2025-09-25 05:00:00 AM,5.6,91.7,5.6,4.3,point
2025-09-25 05:30:00 AM,5.6,91.6,5.6,4.3,point
2025-09-25 06:00:00 AM,5.6,92.0,5.7,4.4,point
2025-09-25 06:30:00 AM,5.6,91.6,5.6,4.3,point
2025-09-25 07:00:00 AM,5.6,91.7,5.6,4.3,point
2025-09-25 07:30:00 AM,5.7,91.9,5.7,4.4,point
2025-09-25 08:00:00 AM,8.2,100.0,8.4,8.2,point
2025-09-25 08:30:00 AM,14.9,100.0,15.5,14.9,point
2025-09-25 09:00:00 AM,19.7,100.0,20.7,19.7,point
2025-09-25 09:30:00 AM,21.0,95.9,21.9,20.3,point
2025-09-25 10:00:00 AM,21.2,92.4,22.1,19.9,point
2025-09-25 10:30:00 AM,21.4,91.8,22.2,20.0,point
2025-09-25 11:00:00 AM,21.4,91.1,22.3,19.9,point
2025-09-25 11:30:00 AM,21.4,91.2,22.3,19.9,point
2025-09-25 12:00:00 PM,21.4,90.9,22.3,19.9,point
2025-09-25 12:30:00 PM,21.5,91.1,22.3,20.0,point
2025-09-25 01:00:00 PM,21.5,90.7,22.5,19.9,point
2025-09-25 01:30:00 PM,21.5,91.2,22.5,20.0,point
2025-09-25 02:00:00 PM,21.5,90.2,22.3,19.8,point
2025-09-25 02:30:00 PM,21.5,90.0,22.3,19.8,point
2025-09-25 03:00:00 PM,21.5,89.5,22.2,19.7,point
2025-09-25 03:30:00 PM,21.4,89.6,22.2,19.7,point
2025-09-25 04:00:00 PM,21.5,90.5,22.3,19.9,point
2025-09-25 04:30:00 PM,21.5,90.1,22.3,19.8,point
2025-09-25 05:00:00 PM,21.5,89.8,22.2,19.7,point
2025-09-25 05:30:00 PM,21.5,89.7,22.2,19.7,point
2025-09-25 06:00:00 PM,21.5,89.8,22.4,19.8,point
2025-09-25 06:30:00 PM,21.5,90.0,22.4,19.8,point
2025-09-25 07:00:00 PM,21.6,88.8,22.5,19.7,point
2025-09-25 07:30:00 PM,21.6,89.9,22.5,19.9,point
2025-09-25 08:00:00 PM,21.7,89.9,22.5,19.9,point
2025-09-25 08:30:00 PM,21.6,89.2,22.4,19.7,point
2025-09-25 09:00:00 PM,19.0,78.6,18.8,15.2,point
2025-09-25 09:30:00 PM,12.3,71.2,11.8,7.2,point
2025-09-25 10:00:00 PM,7.0,80.0,6.9,3.8,point
2025-09-25 10:30:00 PM,6.1,86.4,6.1,4.0,point
2025-09-25 11:00:00 PM,5.9,88.5,5.8,4.1,point
2025-09-25 11:30:00 PM,5.8,89.3,5.7,4.2,point
2025-09-26 12:00:00 AM,5.7,89.9,5.7,4.2,point
2025-09-26 12:30:00 AM,5.7,90.2,5.8,4.2,point
2025-09-26 01:00:00 AM,5.7,90.0,5.8,4.2,point
2025-09-26 01:30:00 AM,5.7,90.6,5.7,4.2,point
2025-09-26 02:00:00 AM,5.7,91.2,5.8,4.4,point
2025-09-26 02:30:00 AM,5.7,91.4,5.7,4.4,point
2025-09-26 03:00:00 AM,5.6,91.2,5.7,4.3,point
2025-09-26 03:30:00 AM,5.6,91.4,5.7,4.3,point
2025-09-26 04:00:00 AM,5.6,91.2,5.7,4.3,point
2025-09-26 04:30:00 AM,5.6,91.7,5.7,4.4,point
2025-09-26 05:00:00 AM,5.6,91.6,5.7,4.4,point
2025-09-26 05:30:00 AM,5.6,91.8,5.7,4.4,point
2025-09-26 06:00:00 AM,5.5,91.1,5.6,4.2,point
2025-09-26 06:30:00 AM,5.6,91.8,5.7,4.4,point
2025-09-26 07:00:00 AM,5.6,91.6,5.6,4.3,point
2025-09-26 07:30:00 AM,5.6,91.3,5.7,4.3,point
2025-09-26 08:00:00 AM,8.3,100.0,8.7,8.3,point
2025-09-26 08:30:00 AM,15.6,100.0,16.3,15.6,point
2025-09-26 09:00:00 AM,19.8,100.0,20.7,19.8,point
2025-09-26 09:30:00 AM,21.0,95.5,21.9,20.2,point
2025-09-26 10:00:00 AM,21.3,92.9,22.2,20.1,point
2025-09-26 10:30:00 AM,21.4,92.6,22.3,20.1,point
2025-09-26 11:00:00 AM,21.5,92.7,22.3,20.2,point
2025-09-26 11:30:00 AM,21.4,91.4,22.3,19.9,point
2025-09-26 12:00:00 PM,21.4,91.5,22.3,20.0,point
2025-09-26 12:30:00 PM,21.5,91.2,22.3,20.0,point
2025-09-26 01:00:00 PM,21.6,91.6,22.5,20.1,point
2025-09-26 01:30:00 PM,21.5,90.1,22.3,19.8,point
2025-09-26 02:00:00 PM,21.4,90.5,22.3,19.8,point
2025-09-26 02:30:00 PM,21.5,90.7,22.5,19.9,point
2025-09-26 03:00:00 PM,21.5,90.7,22.3,19.9,point
2025-09-26 03:30:00 PM,21.5,89.9,22.4,19.8,point
2025-09-26 04:00:00 PM,21.6,90.3,22.5,19.9,point
2025-09-26 04:30:00 PM,21.6,89.2,22.5,19.8,point
2025-09-26 05:00:00 PM,21.1,89.9,21.9,19.4,point
2025-09-26 05:30:00 PM,21.9,88.5,22.7,19.9,point
2025-09-26 06:00:00 PM,21.6,90.3,22.6,20.0,point
2025-09-26 06:30:00 PM,21.6,90.7,22.6,20.0,point
2025-09-26 07:00:00 PM,21.6,90.8,22.6,20.0,point
2025-09-26 07:30:00 PM,21.6,90.8,22.6,20.0,point
2025-09-26 08:00:00 PM,21.6,91.3,22.6,20.1,point
2025-09-26 08:30:00 PM,21.5,90.8,22.3,19.9,point
2025-09-26 09:00:00 PM,18.5,79.0,18.3,14.8,point
2025-09-26 09:30:00 PM,12.3,72.3,11.8,7.4,point
2025-09-26 10:00:00 PM,6.5,83.7,6.5,3.9,point
2025-09-26 10:30:00 PM,5.8,89.8,5.7,4.2,point
2025-09-26 11:00:00 PM,5.5,91.1,5.6,4.2,point
2025-09-26 11:30:00 PM,5.4,92.5,5.5,4.3,point
2025-09-27 12:00:00 AM,5.3,92.6,5.4,4.2,point
2025-09-27 12:30:00 AM,5.3,92.2,5.4,4.2,point
2025-09-27 01:00:00 AM,5.3,92.9,5.4,4.3,point
2025-09-27 01:30:00 AM,5.3,92.9,5.3,4.2,point
2025-09-27 02:00:00 AM,5.3,93.0,5.4,4.3,point
2025-09-27 02:30:00 AM,5.3,93.0,5.4,4.3,point
2025-09-27 03:00:00 AM,5.4,93.4,5.4,4.4,point
2025-09-27 03:30:00 AM,5.4,93.3,5.5,4.4,point
2025-09-27 04:00:00 AM,5.3,93.2,5.4,4.3,point
2025-09-27 04:30:00 AM,5.3,93.3,5.4,4.3,point
2025-09-27 05:00:00 AM,5.3,93.0,5.4,4.3,point
2025-09-27 05:30:00 AM,5.3,92.9,5.4,4.2,point
2025-09-27 06:00:00 AM,5.3,93.2,5.4,4.3,point
2025-09-27 06:30:00 AM,5.3,93.1,5.4,4.3,point
2025-09-27 07:00:00 AM,5.3,93.1,5.4,4.3,point
2025-09-27 07:30:00 AM,5.3,93.5,5.3,4.3,point
2025-09-27 08:00:00 AM,8.2,100.0,8.4,8.2,point
2025-09-27 08:30:00 AM,15.7,100.0,16.3,15.7,point
2025-09-27 09:00:00 AM,19.7,100.0,20.7,19.7,point
2025-09-27 09:30:00 AM,20.8,100.0,21.9,20.8,point
2025-09-27 10:00:00 AM,21.4,94.0,22.3,20.4,point
2025-09-27 10:30:00 AM,21.3,92.8,22.1,20.1,point
2025-09-27 11:00:00 AM,21.4,92.4,22.2,20.1,point
2025-09-27 11:30:00 AM,21.4,91.9,22.3,20.1,point
2025-09-27 12:00:00 PM,21.5,91.7,22.3,20.1,point
2025-09-27 12:30:00 PM,21.5,91.7,22.5,20.1,point
2025-09-27 01:00:00 PM,21.6,91.6,22.6,20.2,point
2025-09-27 01:30:00 PM,21.6,91.6,22.6,20.2,point
2025-09-27 02:00:00 PM,21.6,91.8,22.6,20.2,point
2025-09-27 02:30:00 PM,21.7,91.1,22.6,20.2,point
2025-09-27 03:00:00 PM,21.8,90.8,22.7,20.2,point
2025-09-27 03:30:00 PM,21.9,90.6,22.9,20.2,point
2025-09-27 04:00:00 PM,21.8,90.3,22.9,20.2,point
2025-09-27 04:30:00 PM,21.8,90.2,22.7,20.1,point
2025-09-27 05:00:00 PM,21.8,89.7,22.6,20.0,point
2025-09-27 05:30:00 PM,21.7,90.0,22.7,20.0,point
2025-09-27 06:00:00 PM,21.8,90.2,22.9,20.1,point
2025-09-27 06:30:00 PM,21.7,89.1,22.5,19.8,point
2025-09-27 07:00:00 PM,21.7,89.0,22.6,19.8,point
2025-09-27 07:30:00 PM,21.7,89.2,22.5,19.8,point
2025-09-27 08:00:00 PM,21.8,89.0,22.6,19.9,point
2025-09-27 08:30:00 PM,21.8,88.9,22.6,19.9,point
2025-09-27 09:00:00 PM,18.9,77.5,18.7,14.9,point
2025-09-27 09:30:00 PM,12.6,71.0,12.1,7.5,point
2025-09-27 10:00:00 PM,6.9,81.6,6.7,3.9,point
2025-09-27 10:30:00 PM,5.9,88.3,5.9,4.1,point
2025-09-27 11:00:00 PM,5.7,89.5,5.6,4.1,point
2025-09-27 11:30:00 PM,5.6,90.8,5.6,4.2,point
2025-09-28 12:00:00 AM,5.5,91.1,5.5,4.2,point
2025-09-28 12:30:00 AM,5.5,91.4,5.6,4.2,point
2025-09-28 01:00:00 AM,5.4,91.8,5.5,4.2,point
2025-09-28 01:30:00 AM,5.4,91.9,5.5,4.2,point
2025-09-28 02:00:00 AM,5.4,92.4,5.5,4.3,point
2025-09-28 02:30:00 AM,5.4,92.3,5.5,4.3,point
2025-09-28 03:00:00 AM,5.4,92.1,5.4,4.2,point
2025-09-28 03:30:00 AM,5.4,92.9,5.5,4.4,point
2025-09-28 04:00:00 AM,5.4,92.6,5.5,4.3,point
2025-09-28 04:30:00 AM,5.5,93.0,5.5,4.4,point
2025-09-28 05:00:00 AM,5.4,92.9,5.5,4.3,point
2025-09-28 05:30:00 AM,5.4,93.3,5.5,4.4,point
2025-09-28 06:00:00 AM,5.4,93.0,5.4,4.3,point
2025-09-28 06:30:00 AM,5.4,93.3,5.4,4.4,point
2025-09-28 07:00:00 AM,5.3,93.4,5.4,4.4,point
2025-09-28 07:30:00 AM,5.4,93.0,5.4,4.3,point
2025-09-28 08:00:00 AM,8.5,100.0,8.9,8.5,point
2025-09-28 08:30:00 AM,15.5,100.0,16.2,15.5,point
2025-09-28 09:00:00 AM,19.8,100.0,20.7,19.8,point
2025-09-28 09:30:00 AM,20.9,100.0,22.0,20.9,point
2025-09-28 10:00:00 AM,21.5,94.4,22.6,20.6,point
2025-09-28 10:30:00 AM,21.6,93.1,22.6,20.4,point
2025-09-28 11:00:00 AM,21.6,92.5,22.6,20.4,point
2025-09-28 11:30:00 AM,21.7,91.5,22.7,20.3,point
2025-09-28 12:00:00 PM,21.7,91.4,22.6,20.2,point
2025-09-28 12:30:00 PM,21.7,90.8,22.7,20.1,point
2025-09-28 01:00:00 PM,21.7,91.2,22.7,20.2,point
2025-09-28 01:30:00 PM,21.6,90.0,22.6,19.9,point
2025-09-28 02:00:00 PM,21.7,90.5,22.7,20.1,point
2025-09-28 02:30:00 PM,21.7,89.6,22.6,19.9,point
2025-09-28 03:00:00 PM,21.7,89.4,22.6,19.9,point
2025-09-28 03:30:00 PM,21.7,89.0,22.6,19.8,point
2025-09-28 04:00:00 PM,21.7,89.0,22.6,19.8,point
2025-09-28 04:30:00 PM,21.7,89.0,22.6,19.8,point
2025-09-28 05:00:00 PM,21.7,88.2,22.6,19.7,point
2025-09-28 05:30:00 PM,21.8,88.8,22.6,19.9,point
2025-09-28 06:00:00 PM,21.9,88.8,22.8,19.9,point
2025-09-28 06:30:00 PM,21.8,88.1,22.6,19.7,point
2025-09-28 07:00:00 PM,21.7,87.0,22.6,19.4,point
2025-09-28 07:30:00 PM,21.8,87.9,22.6,19.7,point
2025-09-28 08:00:00 PM,21.8,88.3,22.7,19.8,point
2025-09-28 08:30:00 PM,21.6,87.0,22.5,19.4,point
2025-09-28 09:00:00 PM,18.9,76.8,18.6,14.8,point
2025-09-28 09:30:00 PM,12.7,71.1,12.1,7.6,point
2025-09-28 10:00:00 PM,6.8,81.7,6.6,3.9,point
2025-09-28 10:30:00 PM,5.8,88.8,5.8,4.1,point
2025-09-28 11:00:00 PM,5.7,90.5,5.7,4.2,point
2025-09-28 11:30:00 PM,5.5,90.9,5.6,4.2,point
2025-09-29 12:00:00 AM,5.5,91.3,5.5,4.2,point
2025-09-29 12:30:00 AM,5.5,91.8,5.5,4.2,point
2025-09-29 01:00:00 AM,5.5,92.1,5.5,4.3,point
2025-09-29 01:30:00 AM,5.4,91.8,5.5,4.2,point
2025-09-29 02:00:00 AM,5.4,92.3,5.5,4.3,point
2025-09-29 02:30:00 AM,5.4,92.3,5.5,4.3,point
2025-09-29 03:00:00 AM,5.4,92.8,5.5,4.4,point
2025-09-29 03:30:00 AM,5.4,92.7,5.5,4.3,point
2025-09-29 04:00:00 AM,5.4,92.6,5.5,4.3,point
2025-09-29 04:30:00 AM,5.5,92.8,5.6,4.4,point
2025-09-29 05:00:00 AM,5.4,92.5,5.5,4.3,point
2025-09-29 05:30:00 AM,5.4,92.9,5.5,4.4,point
2025-09-29 06:00:00 AM,5.5,92.5,5.5,4.4,point
2025-09-29 06:30:00 AM,5.6,93.0,5.6,4.5,point
2025-09-29 07:00:00 AM,5.5,93.0,5.6,4.5,point
2025-09-29 07:30:00 AM,5.4,93.0,5.5,4.4,point
2025-09-29 08:00:00 AM,8.5,100.0,8.8,8.4,point
2025-09-29 08:30:00 AM,15.2,100.0,15.8,15.2,point
2025-09-29 09:00:00 AM,19.6,100.0,20.6,19.6,point
2025-09-29 09:30:00 AM,21.0,100.0,22.0,21.0,point
2025-09-29 10:00:00 AM,21.4,92.5,22.3,20.1,point
2025-09-29 10:30:00 AM,21.6,91.9,22.5,20.2,point
2025-09-29 11:00:00 AM,21.6,92.1,22.5,20.2,point
2025-09-29 11:30:00 AM,21.6,91.4,22.5,20.1,point
2025-09-29 12:00:00 PM,21.5,90.7,22.5,19.9,point
2025-09-29 12:30:00 PM,21.5,90.8,22.3,19.9,point
2025-09-29 01:00:00 PM,21.6,90.5,22.6,20.0,point
2025-09-29 01:30:00 PM,21.6,90.0,22.5,19.9,point
2025-09-29 02:00:00 PM,21.6,89.8,22.4,19.8,point
2025-09-29 02:30:00 PM,21.7,89.5,22.5,19.9,point
2025-09-29 03:00:00 PM,21.6,88.8,22.4,19.6,point
2025-09-29 03:30:00 PM,21.6,88.5,22.5,19.7,point
2025-09-29 04:00:00 PM,21.8,88.2,22.6,19.7,point
2025-09-29 04:30:00 PM,21.7,87.4,22.6,19.5,point
2025-09-29 05:00:00 PM,21.7,87.4,22.6,19.5,point
2025-09-29 05:30:00 PM,21.8,87.2,22.6,19.6,point
2025-09-29 06:00:00 PM,21.8,86.3,22.6,19.4,point
2025-09-29 06:30:00 PM,21.8,86.9,22.6,19.5,point
2025-09-29 07:00:00 PM,21.8,86.8,22.6,19.5,point
2025-09-29 07:30:00 PM,21.7,86.1,22.5,19.3,point
2025-09-29 08:00:00 PM,21.7,84.7,22.5,19.0,point
2025-09-29 08:30:00 PM,21.7,84.2,22.4,18.9,point
2025-09-29 09:00:00 PM,19.1,75.0,18.8,14.6,point
2025-09-29 09:30:00 PM,12.8,71.0,12.2,7.7,point
2025-09-29 10:00:00 PM,6.8,80.8,6.7,3.8,point
2025-09-29 10:30:00 PM,5.9,87.9,5.9,4.1,point
2025-09-29 11:00:00 PM,6.8,89.6,6.8,5.2,point
2025-09-29 11:30:00 PM,5.6,89.2,5.6,4.0,point
2025-09-30 12:00:00 AM,5.6,90.4,5.6,4.1,point
2025-09-30 12:30:00 AM,5.5,90.7,5.6,4.1,point
2025-09-30 01:00:00 AM,5.5,91.2,5.5,4.2,point
2025-09-30 01:30:00 AM,5.5,91.3,5.5,4.2,point
2025-09-30 02:00:00 AM,5.4,91.2,5.5,4.1,point
2025-09-30 02:30:00 AM,5.5,91.2,5.5,4.2,point
2025-09-30 03:00:00 AM,5.5,91.3,5.5,4.2,point
2025-09-30 03:30:00 AM,5.4,91.0,5.5,4.1,point
2025-09-30 04:00:00 AM,5.5,91.7,5.5,4.2,point
2025-09-30 04:30:00 AM,5.6,91.5,5.6,4.3,point
2025-09-30 05:00:00 AM,5.5,91.7,5.5,4.2,point
2025-09-30 05:30:00 AM,5.5,91.8,5.6,4.3,point
2025-09-30 06:00:00 AM,5.5,91.5,5.5,4.2,point
2025-09-30 06:30:00 AM,5.5,91.5,5.5,4.2,point
2025-09-30 07:00:00 AM,5.5,91.5,5.6,4.3,point
2025-09-30 07:30:00 AM,5.5,92.2,5.6,4.4,point
2025-09-30 08:00:00 AM,9.1,100.0,9.4,9.1,point
2025-09-30 08:30:00 AM,16.2,100.0,16.8,16.2,point
2025-09-30 09:00:00 AM,19.6,100.0,20.6,19.6,point
2025-09-30 09:30:00 AM,20.4,95.2,21.3,19.6,point
2025-09-30 10:00:00 AM,20.7,92.9,21.5,19.5,point
2025-09-30 10:30:00 AM,20.8,92.6,21.5,19.6,point
2025-09-30 11:00:00 AM,20.8,91.5,21.6,19.4,point
2025-09-30 11:30:00 AM,20.8,90.7,21.5,19.2,point
2025-09-30 12:00:00 PM,20.8,90.5,21.6,19.2,point
2025-09-30 12:30:00 PM,20.9,90.1,21.6,19.2,point
2025-09-30 01:00:00 PM,20.8,89.7,21.5,19.1,point
2025-09-30 01:30:00 PM,20.8,88.6,21.4,18.9,point
2025-09-30 02:00:00 PM,20.9,87.9,21.6,18.8,point
2025-09-30 02:30:00 PM,20.8,86.7,21.5,18.5,point
2025-09-30 03:00:00 PM,20.9,86.7,21.6,18.6,point
2025-09-30 03:30:00 PM,21.0,85.4,21.5,18.4,point
2025-09-30 04:00:00 PM,20.9,84.8,21.5,18.3,point
2025-09-30 04:30:00 PM,20.9,83.4,21.4,18.0,point
2025-09-30 05:00:00 PM,20.9,82.0,21.3,17.7,point
2025-09-30 05:30:00 PM,20.9,80.7,21.3,17.4,point
2025-09-30 06:00:00 PM,20.8,79.5,21.1,17.1,point
2025-09-30 06:30:00 PM,20.8,77.4,21.2,16.7,point
2025-09-30 07:00:00 PM,20.9,76.5,21.1,16.6,point
2025-09-30 07:30:00 PM,20.9,76.3,21.1,16.5,point
2025-09-30 08:00:00 PM,20.8,75.1,21.0,16.2,point
2025-09-30 08:30:00 PM,20.8,74.7,20.9,16.1,point
2025-09-30 09:00:00 PM,17.6,72.8,17.0,12.7,point
2025-09-30 09:30:00 PM,10.4,71.5,10.0,5.5,point
2025-09-30 10:00:00 PM,6.0,81.8,5.9,3.1,point
2025-09-30 10:30:00 PM,5.6,87.0,5.6,3.6,point
2025-09-30 11:00:00 PM,5.6,89.3,5.5,4.0,point
2025-09-30 11:30:00 PM,5.5,90.1,5.5,4.0,point
2025-10-01 12:00:00 AM,5.5,90.0,5.5,4.0,point
2025-10-01 12:30:00 AM,5.4,90.3,5.5,4.0,point
2025-10-01 01:00:00 AM,5.5,90.9,5.5,4.1,point
2025-10-01 01:30:00 AM,5.5,91.1,5.5,4.2,point
2025-10-01 02:00:00 AM,5.4,90.8,5.5,4.0,point
2025-10-01 02:30:00 AM,5.5,91.3,5.5,4.2,point
2025-10-01 03:00:00 AM,5.5,91.2,5.5,4.2,point
2025-10-01 03:30:00 AM,5.4,91.3,5.5,4.1,point
2025-10-01 04:00:00 AM,5.4,91.7,5.5,4.2,point
2025-10-01 04:30:00 AM,5.4,91.4,5.5,4.1,point
2025-10-01 05:00:00 AM,5.4,91.4,5.5,4.2,point
2025-10-01 05:30:00 AM,5.5,91.8,5.6,4.3,point
2025-10-01 06:00:00 AM,5.5,91.8,5.6,4.3,point
2025-10-01 06:30:00 AM,5.5,91.6,5.6,4.3,point
2025-10-01 07:00:00 AM,5.6,92.2,5.7,4.4,point
2025-10-01 07:30:00 AM,5.5,92.2,5.6,4.4,point
2025-10-01 08:00:00 AM,8.8,100.0,9.2,8.8,point
2025-10-01 08:30:00 AM,15.3,100.0,16.0,15.3,point
2025-10-01 09:00:00 AM,19.6,100.0,20.6,19.6,point
2025-10-01 09:30:00 AM,20.4,90.8,21.1,18.9,point
2025-10-01 10:00:00 AM,20.6,88.9,21.3,18.7,point
2025-10-01 10:30:00 AM,20.9,88.9,21.6,19.0,point
2025-10-01 11:00:00 AM,20.8,87.9,21.5,18.8,point
2025-10-01 11:30:00 AM,20.8,86.1,21.4,18.4,point
2025-10-01 12:00:00 PM,20.8,83.9,21.3,18.0,point
2025-10-01 12:30:00 PM,20.7,81.8,21.2,17.5,point
2025-10-01 01:00:00 PM,20.9,79.4,21.4,17.2,point
2025-10-01 01:30:00 PM,20.8,77.5,21.2,16.8,point
2025-10-01 02:00:00 PM,20.9,75.7,21.1,16.4,point
2025-10-01 02:30:00 PM,20.9,74.6,21.2,16.2,point
2025-10-01 03:00:00 PM,20.9,73.7,21.2,16.1,point
2025-10-01 03:30:00 PM,20.9,72.6,21.1,15.8,point
2025-10-01 04:00:00 PM,20.9,71.9,20.9,15.6,point
2025-10-01 04:30:00 PM,20.8,71.2,20.9,15.4,point
2025-10-01 05:00:00 PM,20.9,70.9,21.0,15.4,point
2025-10-01 05:30:00 PM,20.9,70.5,20.9,15.3,point
2025-10-01 06:00:00 PM,20.9,70.4,20.9,15.3,point
2025-10-01 06:30:00 PM,20.9,70.5,20.9,15.3,point
2025-10-01 07:00:00 PM,20.8,69.9,20.9,15.1,point
2025-10-01 07:30:00 PM,20.9,69.8,20.9,15.1,point
2025-10-01 08:00:00 PM,20.9,69.5,21.0,15.1,point
2025-10-01 08:30:00 PM,20.9,69.1,21.0,15.1,point
2025-10-01 09:00:00 PM,17.8,68.1,16.9,11.8,point
2025-10-01 09:30:00 PM,10.5,69.0,10.0,5.1,point
2025-10-01 10:00:00 PM,6.1,81.3,6.0,3.2,point
2025-10-01 10:30:00 PM,5.7,86.2,5.6,3.5,point
2025-10-01 11:00:00 PM,5.6,88.3,5.5,3.8,point
2025-10-01 11:30:00 PM,5.5,89.1,5.4,3.8,point
2025-10-02 12:00:00 AM,5.5,89.7,5.4,3.9,point
2025-10-02 12:30:00 AM,5.4,89.4,5.4,3.8,point
2025-10-02 01:00:00 AM,5.4,90.0,5.5,3.9,point
2025-10-02 01:30:00 AM,5.4,89.6,5.3,3.8,point
2025-10-02 02:00:00 AM,5.5,90.5,5.5,4.0,point
2025-10-02 02:30:00 AM,5.4,90.8,5.5,4.0,point
2025-10-02 03:00:00 AM,5.5,90.8,5.6,4.1,point
2025-10-02 03:30:00 AM,5.4,90.8,5.5,4.1,point
2025-10-02 04:00:00 AM,5.5,91.3,5.5,4.2,point
2025-10-02 04:30:00 AM,5.5,90.7,5.5,4.1,point
2025-10-02 05:00:00 AM,5.5,91.2,5.5,4.2,point
2025-10-02 05:30:00 AM,5.5,91.2,5.6,4.2,point
2025-10-02 06:00:00 AM,5.5,91.5,5.5,4.2,point
2025-10-02 06:30:00 AM,5.4,90.6,5.4,4.0,point
2025-10-02 07:00:00 AM,5.5,91.0,5.5,4.1,point
2025-10-02 07:30:00 AM,5.5,91.0,5.5,4.1,point
2025-10-02 08:00:00 AM,8.8,100.0,9.2,8.8,point
2025-10-02 08:30:00 AM,15.4,100.0,16.0,15.4,point
2025-10-02 09:00:00 AM,20.0,100.0,20.9,20.0,point
2025-10-02 09:30:00 AM,20.4,89.6,21.0,18.6,point
2025-10-02 10:00:00 AM,20.8,87.8,21.4,18.7,point
2025-10-02 10:30:00 AM,20.7,86.4,21.4,18.4,point
2025-10-02 11:00:00 AM,20.8,85.4,21.3,18.2,point
2025-10-02 11:30:00 AM,20.8,83.4,21.4,17.9,point
2025-10-02 12:00:00 PM,20.8,81.1,21.2,17.4,point
2025-10-02 12:30:00 PM,20.8,78.2,21.0,16.8,point
2025-10-02 01:00:00 PM,20.8,76.2,21.1,16.5,point
2025-10-02 01:30:00 PM,20.9,73.7,21.0,16.0,point
2025-10-02 02:00:00 PM,20.9,72.8,21.0,15.8,point
2025-10-02 02:30:00 PM,20.9,71.3,20.9,15.5,point
2025-10-02 03:00:00 PM,20.9,71.0,20.9,15.4,point
2025-10-02 03:30:00 PM,20.8,72.1,21.0,15.6,point
2025-10-02 04:00:00 PM,20.9,61.0,20.7,13.1,point
2025-10-02 04:30:00 PM,21.7,67.6,22.0,15.4,point
2025-10-02 05:00:00 PM,21.8,68.0,22.0,15.6,point
2025-10-02 05:30:00 PM,21.8,67.6,22.0,15.5,point
2025-10-02 06:00:00 PM,21.7,67.1,22.0,15.3,point
2025-10-02 06:30:00 PM,21.7,66.8,21.9,15.2,point
2025-10-02 07:00:00 PM,21.7,66.4,22.0,15.2,point
2025-10-02 07:30:00 PM,21.8,66.0,22.0,15.1,point
2025-10-02 08:00:00 PM,21.7,65.5,21.9,15.0,point
2025-10-02 08:30:00 PM,21.7,65.4,21.8,14.9,point
2025-10-02 09:00:00 PM,18.8,63.6,17.7,11.7,point
2025-10-02 09:30:00 PM,11.6,66.0,11.0,5.5,point
2025-10-02 10:00:00 PM,7.0,77.6,6.7,3.3,point
2025-10-02 10:30:00 PM,6.2,83.2,6.2,3.6,point
2025-10-02 11:00:00 PM,6.0,85.2,6.0,3.7,point
2025-10-02 11:30:00 PM,6.0,86.4,6.0,3.9,point
2025-10-03 12:00:00 AM,5.9,86.9,5.9,3.9,point
2025-10-03 12:30:00 AM,6.0,87.2,5.9,4.0,point
2025-10-03 01:00:00 AM,5.9,87.5,5.8,4.0,point
2025-10-03 01:30:00 AM,5.9,87.8,5.8,4.0,point
2025-10-03 02:00:00 AM,5.9,87.8,5.8,4.0,point
2025-10-03 02:30:00 AM,5.8,88.0,5.8,4.0,point
2025-10-03 03:00:00 AM,5.9,88.1,5.8,4.0,point
2025-10-03 03:30:00 AM,5.9,88.2,5.8,4.1,point
2025-10-03 04:00:00 AM,5.8,88.2,5.8,4.0,point
2025-10-03 04:30:00 AM,5.9,88.8,5.8,4.2,point
2025-10-03 05:00:00 AM,5.9,88.7,5.8,4.2,point
2025-10-03 05:30:00 AM,5.8,88.0,5.7,3.9,point
2025-10-03 06:00:00 AM,5.8,88.8,5.8,4.1,point
2025-10-03 06:30:00 AM,5.9,89.1,5.8,4.2,point
2025-10-03 07:00:00 AM,5.9,89.0,5.9,4.2,point
2025-10-03 07:30:00 AM,5.9,89.3,5.9,4.3,point
2025-10-03 08:00:00 AM,8.6,99.7,9.0,8.6,point
2025-10-03 08:30:00 AM,15.3,100.0,15.9,15.3,point
2025-10-03 09:00:00 AM,19.9,100.0,20.9,19.9,point
2025-10-03 09:30:00 AM,21.2,87.9,22.0,19.2,point
2025-10-03 10:00:00 AM,21.5,85.2,22.1,18.9,point
2025-10-03 10:30:00 AM,21.4,84.2,22.1,18.6,point
2025-10-03 11:00:00 AM,21.6,82.5,22.3,18.5,point
2025-10-03 11:30:00 AM,21.6,80.6,22.3,18.1,point
2025-10-03 12:00:00 PM,21.7,78.7,22.2,17.8,point
2025-10-03 12:30:00 PM,21.7,76.8,22.2,17.4,point
2025-10-03 01:00:00 PM,21.6,75.2,22.2,17.1,point
2025-10-03 01:30:00 PM,21.7,73.8,22.2,16.8,point
2025-10-03 02:00:00 PM,21.6,72.7,22.1,16.5,point
2025-10-03 02:30:00 PM,21.7,71.7,22.0,16.3,point
2025-10-03 03:00:00 PM,21.6,70.8,22.0,16.1,point
2025-10-03 03:30:00 PM,21.6,70.0,22.0,15.9,point
2025-10-03 04:00:00 PM,21.8,66.7,22.0,15.3,point
2025-10-03 04:30:00 PM,21.7,69.3,22.1,15.8,point
2025-10-03 05:00:00 PM,21.9,67.3,22.1,15.5,point
2025-10-03 05:30:00 PM,21.4,62.6,21.4,14.0,point
2025-10-03 06:00:00 PM,21.6,78.8,22.2,17.8,point
2025-10-03 06:30:00 PM,21.5,81.7,22.0,18.2,point
2025-10-03 07:00:00 PM,21.5,82.6,22.3,18.4,point
2025-10-03 07:30:00 PM,21.4,82.2,22.0,18.2,point
2025-10-03 08:00:00 PM,21.4,81.3,21.9,18.0,point
2025-10-03 08:30:00 PM,21.5,80.0,22.2,17.9,point
2025-10-03 09:00:00 PM,18.4,74.1,17.9,13.8,point
2025-10-03 09:30:00 PM,11.6,68.0,10.9,5.8,point
2025-10-03 10:00:00 PM,6.8,79.1,6.7,3.5,point
2025-10-03 10:30:00 PM,6.2,84.9,6.2,3.9,point
2025-10-03 11:00:00 PM,6.1,86.1,6.0,3.9,point
2025-10-03 11:30:00 PM,5.9,86.7,5.8,3.8,point
2025-10-04 12:00:00 AM,5.9,87.9,5.8,4.0,point
2025-10-04 12:30:00 AM,5.8,87.2,5.7,3.8,point
2025-10-04 01:00:00 AM,5.8,87.9,5.8,4.0,point
2025-10-04 01:30:00 AM,5.8,88.1,5.7,4.0,point
2025-10-04 02:00:00 AM,5.8,88.5,5.7,4.0,point
2025-10-04 02:30:00 AM,5.7,87.4,5.7,3.8,point
2025-10-04 03:00:00 AM,5.8,88.5,5.8,4.1,point
2025-10-04 03:30:00 AM,5.9,88.8,5.9,4.2,point
2025-10-04 04:00:00 AM,5.9,89.0,5.8,4.2,point
2025-10-04 04:30:00 AM,5.9,88.9,5.9,4.2,point
2025-10-04 05:00:00 AM,5.9,89.7,5.9,4.4,point
2025-10-04 05:30:00 AM,5.8,88.4,5.8,4.1,point
2025-10-04 06:00:00 AM,5.9,88.7,5.8,4.2,point
2025-10-04 06:30:00 AM,5.8,88.9,5.8,4.2,point
2025-10-04 07:00:00 AM,5.9,89.2,5.9,4.3,point
2025-10-04 07:30:00 AM,6.0,89.3,5.9,4.3,point
2025-10-04 08:00:00 AM,8.8,99.8,9.2,8.8,point
2025-10-04 08:30:00 AM,15.4,100.0,16.1,15.4,point
2025-10-04 09:00:00 AM,20.2,100.0,21.2,20.2,point
2025-10-04 09:30:00 AM,21.6,88.2,22.4,19.5,point
2025-10-04 10:00:00 AM,21.8,86.6,22.7,19.5,point
2025-10-04 10:30:00 AM,21.7,85.3,22.5,19.1,point
2025-10-04 11:00:00 AM,21.7,84.5,22.5,19.0,point
2025-10-04 11:30:00 AM,21.6,82.9,22.4,18.6,point
2025-10-04 12:00:00 PM,21.8,80.9,22.4,18.4,point
2025-10-04 12:30:00 PM,21.6,79.1,22.2,17.8,point
2025-10-04 01:00:00 PM,21.6,77.1,22.1,17.4,point
2025-10-04 01:30:00 PM,21.5,74.7,22.0,16.8,point
2025-10-04 02:00:00 PM,21.7,72.7,22.1,16.5,point
2025-10-04 02:30:00 PM,21.6,70.9,21.9,16.0,point
2025-10-04 03:00:00 PM,21.6,69.8,21.9,15.8,point
2025-10-04 03:30:00 PM,21.6,69.4,22.0,15.8,point
2025-10-04 04:00:00 PM,21.6,68.3,21.9,15.5,point
2025-10-04 04:30:00 PM,21.6,67.6,21.8,15.3,point
2025-10-04 05:00:00 PM,21.6,67.1,21.8,15.2,point
2025-10-04 05:30:00 PM,21.7,67.1,21.9,15.3,point
2025-10-04 06:00:00 PM,21.6,66.2,21.8,15.0,point
2025-10-04 06:30:00 PM,21.6,65.2,21.8,14.8,point
2025-10-04 07:00:00 PM,21.6,64.3,21.8,14.6,point
2025-10-04 07:30:00 PM,21.8,63.6,21.9,14.6,point
2025-10-04 08:00:00 PM,21.6,62.1,21.7,14.0,point
2025-10-04 08:30:00 PM,21.7,60.6,21.6,13.7,point
2025-10-04 09:00:00 PM,18.5,60.1,17.3,10.6,point
2025-10-04 09:30:00 PM,11.7,64.0,11.0,5.1,point
2025-10-04 10:00:00 PM,6.9,75.8,6.6,2.9,point
2025-10-04 10:30:00 PM,6.3,82.1,6.2,3.5,point
2025-10-04 11:00:00 PM,6.1,84.0,6.1,3.6,point
2025-10-04 11:30:00 PM,6.0,84.6,6.0,3.6,point
2025-10-05 12:00:00 AM,5.9,85.1,5.9,3.6,point
2025-10-05 12:30:00 AM,5.9,85.3,5.8,3.6,point
2025-10-05 01:00:00 AM,5.9,85.3,5.9,3.6,point
2025-10-05 01:30:00 AM,5.9,85.4,5.8,3.6,point
2025-10-05 02:00:00 AM,5.8,85.2,5.8,3.5,point
2025-10-05 02:30:00 AM,5.8,84.8,5.7,3.4,point
2025-10-05 03:00:00 AM,5.8,84.6,5.8,3.4,point
2025-10-05 03:30:00 AM,5.8,84.8,5.8,3.5,point
2025-10-05 04:00:00 AM,5.8,84.4,5.7,3.3,point
2025-10-05 04:30:00 AM,5.8,84.8,5.8,3.5,point
2025-10-05 05:00:00 AM,5.8,84.8,5.7,3.4,point
2025-10-05 05:30:00 AM,5.8,85.1,5.8,3.5,point
2025-10-05 06:00:00 AM,5.8,85.6,5.8,3.6,point
2025-10-05 06:30:00 AM,5.8,85.9,5.8,3.6,point
2025-10-05 07:00:00 AM,5.8,86.5,5.7,3.7,point
2025-10-05 07:30:00 AM,5.8,86.6,5.8,3.8,point
2025-10-05 08:00:00 AM,8.6,94.2,8.7,7.7,point
2025-10-05 08:30:00 AM,14.5,84.3,14.5,11.9,point
2025-10-05 09:00:00 AM,20.5,65.5,20.3,13.8,point
2025-10-05 09:30:00 AM,21.5,59.7,21.5,13.3,point
2025-10-05 10:00:00 AM,21.6,57.8,21.5,12.9,point
2025-10-05 10:30:00 AM,21.7,56.9,21.4,12.8,point
2025-10-05 11:00:00 AM,21.7,56.8,21.4,12.7,point
2025-10-05 11:30:00 AM,21.7,57.2,21.4,12.8,point
2025-10-05 12:00:00 PM,21.6,56.9,21.4,12.6,point
2025-10-05 12:30:00 PM,21.6,56.5,21.4,12.6,point
2025-10-05 01:00:00 PM,21.6,56.3,21.4,12.5,point
2025-10-05 01:30:00 PM,21.7,56.4,21.4,12.6,point
2025-10-05 02:00:00 PM,21.6,56.2,21.4,12.5,point
2025-10-05 02:30:00 PM,21.7,55.8,21.4,12.5,point
2025-10-05 03:00:00 PM,21.6,55.5,21.4,12.3,point
2025-10-05 03:30:00 PM,21.8,54.9,21.5,12.3,point
2025-10-05 04:00:00 PM,21.6,54.1,21.3,11.9,point
2025-10-05 04:30:00 PM,21.8,53.0,21.4,11.8,point
2025-10-05 05:00:00 PM,21.7,52.4,21.2,11.5,point
2025-10-05 05:30:00 PM,21.7,51.6,21.3,11.3,point
2025-10-05 06:00:00 PM,21.7,51.1,21.3,11.2,point
2025-10-05 06:30:00 PM,21.8,50.6,21.4,11.1,point
2025-10-05 07:00:00 PM,21.7,50.0,21.2,10.8,point
2025-10-05 07:30:00 PM,21.7,49.9,21.1,10.8,point
2025-10-05 08:00:00 PM,21.7,49.6,21.1,10.7,point
2025-10-05 08:30:00 PM,21.8,49.2,21.2,10.6,point
2025-10-05 09:00:00 PM,18.6,49.6,16.7,7.8,point
2025-10-05 09:30:00 PM,11.9,56.2,10.8,3.4,point
2025-10-05 10:00:00 PM,6.8,70.9,6.5,1.9,point
2025-10-05 10:30:00 PM,6.2,75.7,6.0,2.2,point
2025-10-05 11:00:00 PM,6.0,77.3,5.9,2.4,point
2025-10-05 11:30:00 PM,5.9,77.7,5.8,2.3,point
2025-10-06 12:00:00 AM,5.9,78.3,5.8,2.4,point
2025-10-06 12:30:00 AM,5.8,78.3,5.7,2.4,point
2025-10-06 01:00:00 AM,5.8,78.7,5.7,2.4,point
2025-10-06 01:30:00 AM,5.8,79.2,5.6,2.5,point
2025-10-06 02:00:00 AM,5.8,79.6,5.6,2.5,point
2025-10-06 02:30:00 AM,5.7,79.8,5.6,2.5,point
2025-10-06 03:00:00 AM,5.7,80.1,5.6,2.5,point
2025-10-06 03:30:00 AM,5.8,80.3,5.6,2.6,point
2025-10-06 04:00:00 AM,5.8,80.7,5.7,2.8,point
2025-10-06 04:30:00 AM,5.7,80.3,5.6,2.6,point
2025-10-06 05:00:00 AM,5.8,80.8,5.6,2.7,point
2025-10-06 05:30:00 AM,5.7,80.7,5.5,2.6,point
2025-10-06 06:00:00 AM,5.7,81.1,5.6,2.7,point
2025-10-06 06:30:00 AM,5.8,81.3,5.6,2.8,point
2025-10-06 07:00:00 AM,5.8,81.8,5.6,2.9,point
2025-10-06 07:30:00 AM,5.7,82.2,5.6,2.9,point
2025-10-06 08:00:00 AM,8.4,88.5,8.4,6.6,point
2025-10-06 08:30:00 AM,14.6,77.1,14.2,10.6,point
2025-10-06 09:00:00 AM,20.5,58.2,19.9,12.0,point
2025-10-06 09:30:00 AM,21.5,53.6,21.1,11.7,point
2025-10-06 10:00:00 AM,21.6,53.2,21.3,11.7,point
2025-10-06 10:30:00 AM,21.6,53.6,21.3,11.8,point
2025-10-06 11:00:00 AM,21.7,53.9,21.3,12.0,point
2025-10-06 11:30:00 AM,21.7,53.7,21.4,11.9,point
2025-10-06 12:00:00 PM,21.6,53.1,21.3,11.7,point
2025-10-06 12:30:00 PM,21.6,52.2,21.2,11.4,point
2025-10-06 01:00:00 PM,21.5,51.3,21.2,11.1,point
2025-10-06 01:30:00 PM,21.7,51.3,21.3,11.2,point
2025-10-06 02:00:00 PM,21.6,52.0,21.2,11.3,point
2025-10-06 02:30:00 PM,21.6,52.4,21.2,11.4,point
2025-10-06 03:00:00 PM,21.6,51.4,21.2,11.2,point
2025-10-06 03:30:00 PM,21.6,51.3,21.2,11.1,point
2025-10-06 04:00:00 PM,21.6,51.2,21.2,11.1,point
2025-10-06 04:30:00 PM,21.6,51.2,21.2,11.1,point
2025-10-06 05:00:00 PM,21.6,51.2,21.2,11.1,point
2025-10-06 05:30:00 PM,21.7,51.8,21.2,11.3,point
2025-10-06 06:00:00 PM,21.6,51.1,21.2,11.0,point
2025-10-06 06:30:00 PM,21.7,50.5,21.2,11.0,point
2025-10-06 07:00:00 PM,21.7,50.3,21.2,10.9,point
2025-10-06 07:30:00 PM,21.6,50.0,21.2,10.8,point
2025-10-06 08:00:00 PM,21.6,49.9,21.1,10.7,point
2025-10-06 08:30:00 PM,21.7,49.6,21.1,10.7,point
2025-10-06 09:00:00 PM,18.7,50.4,17.0,8.2,point
2025-10-06 09:30:00 PM,11.7,56.6,10.8,3.4,point
2025-10-06 10:00:00 PM,6.7,71.8,6.4,2.0,point
2025-10-06 10:30:00 PM,6.2,77.3,6.0,2.5,point
2025-10-06 11:00:00 PM,5.6,81.0,5.5,2.6,point
2025-10-06 11:30:00 PM,5.5,82.9,5.4,2.8,point
2025-10-07 12:00:00 AM,5.4,83.5,5.4,2.9,point
2025-10-07 12:30:00 AM,5.4,83.9,5.4,2.9,point
2025-10-07 01:00:00 AM,5.4,83.9,5.4,2.9,point
2025-10-07 01:30:00 AM,5.4,83.6,5.4,2.8,point
2025-10-07 02:00:00 AM,5.4,83.3,5.4,2.8,point
2025-10-07 02:30:00 AM,5.4,83.2,5.4,2.8,point
2025-10-07 03:00:00 AM,5.5,83.5,5.4,2.9,point
2025-10-07 03:30:00 AM,5.4,83.0,5.3,2.7,point
2025-10-07 04:00:00 AM,5.3,82.8,5.3,2.6,point
2025-10-07 04:30:00 AM,5.4,83.3,5.3,2.8,point
2025-10-07 05:00:00 AM,5.3,83.5,5.3,2.8,point
2025-10-07 05:30:00 AM,5.4,84.0,5.3,2.9,point
2025-10-07 06:00:00 AM,5.3,83.8,5.3,2.8,point
2025-10-07 06:30:00 AM,5.3,83.9,5.3,2.8,point
2025-10-07 07:00:00 AM,5.4,84.3,5.3,3.0,point
2025-10-07 07:30:00 AM,5.3,84.7,5.3,3.0,point
2025-10-07 08:00:00 AM,8.0,89.4,8.1,6.4,point
2025-10-07 08:30:00 AM,14.6,76.4,14.2,10.5,point
2025-10-07 09:00:00 AM,19.9,57.2,19.0,11.2,point
2025-10-07 09:30:00 AM,20.6,53.1,20.0,10.8,point
2025-10-07 10:00:00 AM,20.7,52.3,20.0,10.6,point
2025-10-07 10:30:00 AM,20.8,52.6,20.2,10.8,point
2025-10-07 11:00:00 AM,20.9,52.8,20.2,10.9,point
2025-10-07 11:30:00 AM,20.9,53.1,20.4,11.1,point
2025-10-07 12:00:00 PM,20.8,53.4,20.2,11.0,point
2025-10-07 12:30:00 PM,20.9,54.6,20.4,11.4,point
2025-10-07 01:00:00 PM,20.9,52.9,20.4,11.0,point
2025-10-07 01:30:00 PM,20.9,52.3,20.3,10.8,point
2025-10-07 02:00:00 PM,20.9,52.1,20.1,10.7,point
2025-10-07 02:30:00 PM,21.0,50.6,20.3,10.3,point
2025-10-07 03:00:00 PM,20.9,49.3,20.0,9.9,point
2025-10-07 03:30:00 PM,20.9,49.0,20.2,9.8,point
2025-10-07 04:00:00 PM,21.0,48.5,20.2,9.7,point
2025-10-07 04:30:00 PM,20.9,48.3,20.2,9.6,point
2025-10-07 05:00:00 PM,20.9,48.1,20.2,9.5,point
2025-10-07 05:30:00 PM,20.9,47.8,20.2,9.4,point
2025-10-07 06:00:00 PM,20.9,47.8,20.2,9.5,point
2025-10-07 06:30:00 PM,20.9,48.0,20.0,9.5,point
2025-10-07 07:00:00 PM,20.9,48.1,20.2,9.6,point
2025-10-07 07:30:00 PM,21.0,48.2,20.2,9.6,point
2025-10-07 08:00:00 PM,20.9,48.1,20.2,9.5,point
2025-10-07 08:30:00 PM,20.9,48.0,20.2,9.5,point
2025-10-07 09:00:00 PM,18.1,48.6,16.2,7.1,point
2025-10-07 09:30:00 PM,11.3,55.0,10.2,2.6,point
2025-10-07 10:00:00 PM,6.1,71.1,5.8,1.3,point
2025-10-07 10:30:00 PM,5.7,77.0,5.5,1.9,point
2025-10-07 11:00:00 PM,5.5,79.0,5.4,2.2,point
2025-10-07 11:30:00 PM,5.5,79.9,5.3,2.3,point
2025-10-08 12:00:00 AM,5.5,80.6,5.3,2.4,point
2025-10-08 12:30:00 AM,5.4,81.4,5.3,2.5,point
2025-10-08 01:00:00 AM,5.5,82.5,5.3,2.8,point
2025-10-08 01:30:00 AM,5.4,82.5,5.4,2.7,point
2025-10-08 02:00:00 AM,5.4,82.7,5.4,2.7,point
2025-10-08 02:30:00 AM,5.4,83.2,5.4,2.8,point
2025-10-08 03:00:00 AM,5.4,83.6,5.4,2.9,point
2025-10-08 03:30:00 AM,5.4,83.7,5.4,2.9,point
2025-10-08 04:00:00 AM,5.4,84.0,5.4,2.9,point
2025-10-08 04:30:00 AM,5.4,84.5,5.4,3.0,point
2025-10-08 05:00:00 AM,5.4,84.6,5.3,3.0,point
2025-10-08 05:30:00 AM,5.4,84.7,5.3,3.0,point
2025-10-08 06:00:00 AM,5.3,85.2,5.3,3.0,point
2025-10-08 06:30:00 AM,5.4,85.7,5.3,3.2,point
2025-10-08 07:00:00 AM,5.4,86.5,5.4,3.3,point
2025-10-08 07:30:00 AM,5.4,86.5,5.3,3.3,point
2025-10-08 08:00:00 AM,8.1,92.9,8.2,7.0,point
2025-10-08 08:30:00 AM,14.6,79.9,14.3,11.2,point
2025-10-08 09:00:00 AM,19.9,60.7,19.3,12.1,point
2025-10-08 09:30:00 AM,20.6,56.0,19.9,11.5,point
2025-10-08 10:00:00 AM,20.8,55.4,20.2,11.5,point
2025-10-08 10:30:00 AM,20.8,55.0,20.2,11.4,point
2025-10-08 11:00:00 AM,20.8,55.3,20.3,11.5,point
2025-10-08 11:30:00 AM,20.8,56.0,20.3,11.7,point
2025-10-08 12:00:00 PM,20.9,58.1,20.4,12.3,point
2025-10-08 12:30:00 PM,20.9,59.5,20.6,12.8,point
2025-10-08 01:00:00 PM,20.9,61.2,20.7,13.2,point
2025-10-08 01:30:00 PM,21.0,63.1,20.8,13.7,point
2025-10-08 02:00:00 PM,20.9,65.9,20.8,14.3,point
2025-10-08 02:30:00 PM,20.9,66.5,20.8,14.4,point
2025-10-08 03:00:00 PM,20.9,67.7,20.9,14.8,point
2025-10-08 03:30:00 PM,20.9,68.4,20.9,14.9,point
2025-10-08 04:00:00 PM,20.9,68.2,20.9,14.9,point
2025-10-08 04:30:00 PM,20.9,67.2,20.9,14.6,point
2025-10-08 05:00:00 PM,21.0,67.9,20.9,14.8,point
2025-10-08 05:30:00 PM,20.9,68.2,20.9,14.8,point
2025-10-08 06:00:00 PM,21.0,68.3,20.9,14.9,point
2025-10-08 06:30:00 PM,21.0,68.3,20.9,14.9,point
2025-10-08 07:00:00 PM,20.9,68.0,20.9,14.8,point
2025-10-08 07:30:00 PM,20.9,68.1,20.9,14.8,point
2025-10-08 08:00:00 PM,20.9,68.2,20.9,14.9,point
2025-10-08 08:30:00 PM,20.9,68.3,20.9,14.9,point
2025-10-08 09:00:00 PM,18.2,67.4,17.3,12.1,point
2025-10-08 09:30:00 PM,11.3,65.9,10.7,5.2,point
2025-10-08 10:00:00 PM,6.2,77.4,6.0,2.5,point
2025-10-08 10:30:00 PM,5.7,84.2,5.6,3.2,point
2025-10-08 11:00:00 PM,5.5,85.9,5.4,3.3,point
2025-10-08 11:30:00 PM,5.4,87.4,5.4,3.5,point
2025-10-09 12:00:00 AM,5.4,87.8,5.4,3.6,point
2025-10-09 12:30:00 AM,5.4,87.9,5.4,3.6,point
2025-10-09 01:00:00 AM,5.4,88.8,5.4,3.7,point
2025-10-09 01:30:00 AM,5.4,88.3,5.4,3.7,point
2025-10-09 02:00:00 AM,5.5,89.8,5.5,4.0,point
2025-10-09 02:30:00 AM,5.3,89.4,5.3,3.7,point
2025-10-09 03:00:00 AM,5.4,89.8,5.4,3.9,point
2025-10-09 03:30:00 AM,5.5,89.4,5.5,3.9,point
2025-10-09 04:00:00 AM,5.5,89.5,5.5,3.9,point
2025-10-09 04:30:00 AM,5.6,89.8,5.6,4.1,point
2025-10-09 05:00:00 AM,5.6,89.1,5.6,4.0,point
2025-10-09 05:30:00 AM,5.7,89.1,5.7,4.1,point
2025-10-09 06:00:00 AM,5.8,88.4,5.7,4.0,point
2025-10-09 06:30:00 AM,5.8,88.9,5.8,4.1,point
2025-10-09 07:00:00 AM,5.9,89.2,5.8,4.2,point
2025-10-09 07:30:00 AM,6.0,89.5,5.9,4.4,point
2025-10-09 08:00:00 AM,9.1,99.1,9.4,9.0,point
2025-10-09 08:30:00 AM,15.8,100.0,16.5,15.8,point
2025-10-09 09:00:00 AM,20.2,100.0,21.2,20.2,point
2025-10-09 09:30:00 AM,20.9,92.7,21.6,19.6,point
2025-10-09 10:00:00 AM,21.1,90.6,22.0,19.5,point
2025-10-09 10:30:00 AM,21.1,89.1,21.8,19.2,point
2025-10-09 11:00:00 AM,21.2,89.3,22.0,19.4,point
2025-10-09 11:30:00 AM,21.1,87.7,21.7,18.9,point
2025-10-09 12:00:00 PM,21.2,88.3,22.0,19.2,point
2025-10-09 12:30:00 PM,21.1,87.2,21.9,18.9,point
2025-10-09 01:00:00 PM,21.2,87.3,22.0,19.0,point
2025-10-09 01:30:00 PM,21.1,85.9,21.6,18.6,point
2025-10-09 02:00:00 PM,21.0,85.2,21.6,18.4,point
2025-10-09 02:30:00 PM,21.2,85.1,21.8,18.6,point
2025-10-09 03:00:00 PM,21.2,84.8,21.8,18.5,point
2025-10-09 03:30:00 PM,21.2,84.4,21.9,18.5,point
2025-10-09 04:00:00 PM,21.1,83.8,21.8,18.3,point
2025-10-09 04:30:00 PM,21.1,83.0,21.6,18.1,point
2025-10-09 05:00:00 PM,21.1,82.6,21.6,18.0,point
2025-10-09 05:30:00 PM,21.1,78.9,21.6,17.3,point
2025-10-09 06:00:00 PM,21.4,75.8,21.8,16.9,point
2025-10-09 06:30:00 PM,21.4,76.2,21.8,17.0,point
2025-10-09 07:00:00 PM,21.4,75.5,21.8,16.9,point
2025-10-09 07:30:00 PM,21.3,74.6,21.6,16.6,point
2025-10-09 08:00:00 PM,21.4,74.0,21.7,16.5,point
2025-10-09 08:30:00 PM,21.6,73.2,22.1,16.6,point
2025-10-09 09:00:00 PM,20.2,68.2,19.9,14.1,point
2025-10-09 09:30:00 PM,13.3,63.0,12.5,6.4,point
2025-10-09 10:00:00 PM,7.8,72.8,7.4,3.2,point
2025-10-09 10:30:00 PM,6.7,80.7,6.5,3.6,point
2025-10-09 11:00:00 PM,6.4,83.4,6.3,3.8,point
2025-10-09 11:30:00 PM,6.2,84.4,6.1,3.7,point
2025-10-10 12:00:00 AM,5.9,84.7,5.9,3.6,point
2025-10-10 12:30:00 AM,6.0,85.9,6.0,3.8,point
2025-10-10 01:00:00 AM,6.0,85.7,5.9,3.8,point
2025-10-10 01:30:00 AM,5.9,86.3,5.9,3.8,point
2025-10-10 02:00:00 AM,5.9,86.3,5.9,3.8,point
2025-10-10 02:30:00 AM,5.9,86.5,5.9,3.8,point
2025-10-10 03:00:00 AM,6.0,86.7,6.0,4.0,point
2025-10-10 03:30:00 AM,6.1,87.5,6.1,4.2,point
2025-10-10 04:00:00 AM,6.1,87.3,6.1,4.2,point
2025-10-10 04:30:00 AM,6.0,86.6,5.9,3.9,point
2025-10-10 05:00:00 AM,6.1,86.3,6.0,3.9,point
2025-10-10 05:30:00 AM,6.0,86.6,5.9,3.9,point
2025-10-10 06:00:00 AM,6.1,87.4,6.0,4.1,point
2025-10-10 06:30:00 AM,6.2,87.7,6.1,4.3,point
2025-10-10 07:00:00 AM,6.2,87.8,6.1,4.3,point
2025-10-10 07:30:00 AM,6.2,87.5,6.1,4.2,point
2025-10-10 08:00:00 AM,8.5,98.5,8.7,8.3,point
2025-10-10 08:30:00 AM,15.2,100.0,15.8,15.2,point
2025-10-10 09:00:00 AM,19.9,100.0,20.9,19.9,point
2025-10-10 09:30:00 AM,21.1,93.8,22.1,20.1,point
2025-10-10 10:00:00 AM,21.4,88.9,22.1,19.4,point
2025-10-10 10:30:00 AM,21.6,88.2,22.4,19.5,point
2025-10-10 11:00:00 AM,21.8,87.1,22.6,19.5,point
2025-10-10 11:30:00 AM,21.7,85.5,22.4,19.1,point
2025-10-10 12:00:00 PM,21.9,85.3,22.6,19.3,point
2025-10-10 12:30:00 PM,22.1,85.4,23.0,19.6,point
2025-10-10 01:00:00 PM,22.1,85.0,22.9,19.4,point
2025-10-10 01:30:00 PM,22.1,85.3,22.9,19.5,point
2025-10-10 02:00:00 PM,22.2,83.9,23.1,19.4,point
2025-10-10 02:30:00 PM,22.3,83.7,23.3,19.4,point
2025-10-10 03:00:00 PM,22.2,84.1,23.1,19.4,point
2025-10-10 03:30:00 PM,22.3,83.2,23.1,19.3,point
2025-10-10 04:00:00 PM,21.2,86.7,21.9,18.9,point
2025-10-10 04:30:00 PM,21.1,86.6,21.7,18.7,point
2025-10-10 05:00:00 PM,21.4,86.0,22.0,18.9,point
2025-10-10 05:30:00 PM,21.0,87.3,21.7,18.8,point
2025-10-10 06:00:00 PM,21.1,88.4,21.8,19.1,point
2025-10-10 06:30:00 PM,21.0,88.2,21.6,18.9,point
2025-10-10 07:00:00 PM,21.0,88.9,21.6,19.1,point
2025-10-10 07:30:00 PM,21.0,88.5,21.6,19.0,point
2025-10-10 08:00:00 PM,21.0,88.8,21.8,19.1,point
2025-10-10 08:30:00 PM,21.0,88.9,21.8,19.1,point
2025-10-10 09:00:00 PM,18.1,77.8,17.7,14.2,point
2025-10-10 09:30:00 PM,11.4,71.6,11.0,6.5,point
2025-10-10 10:00:00 PM,6.4,80.2,6.3,3.3,point
2025-10-10 10:30:00 PM,5.9,86.8,5.9,3.9,point
2025-10-10 11:00:00 PM,5.8,87.9,5.7,3.9,point
2025-10-10 11:30:00 PM,5.7,88.7,5.7,4.0,point
2025-10-11 12:00:00 AM,5.8,89.2,5.7,4.1,point
2025-10-11 12:30:00 AM,5.7,89.4,5.7,4.1,point
2025-10-11 01:00:00 AM,5.8,90.2,5.8,4.3,point
2025-10-11 01:30:00 AM,5.7,89.7,5.6,4.1,point
2025-10-11 02:00:00 AM,5.8,90.3,5.8,4.3,point
2025-10-11 02:30:00 AM,5.8,90.3,5.8,4.3,point
2025-10-11 03:00:00 AM,5.8,89.9,5.8,4.3,point
2025-10-11 03:30:00 AM,5.8,89.4,5.7,4.2,point
2025-10-11 04:00:00 AM,6.0,90.4,6.0,4.5,point
2025-10-11 04:30:00 AM,6.0,90.2,6.0,4.5,point
2025-10-11 05:00:00 AM,6.0,90.2,6.0,4.5,point
2025-10-11 05:30:00 AM,6.0,90.6,6.0,4.6,point
2025-10-11 06:00:00 AM,6.0,90.0,6.0,4.5,point
2025-10-11 06:30:00 AM,6.0,90.5,6.0,4.6,point
2025-10-11 07:00:00 AM,5.9,90.1,6.0,4.4,point
2025-10-11 07:30:00 AM,6.0,89.7,5.9,4.4,point
2025-10-11 08:00:00 AM,8.9,99.6,9.3,8.9,point
2025-10-11 08:30:00 AM,15.8,100.0,16.5,15.8,point
2025-10-11 09:00:00 AM,19.9,100.0,20.8,19.9,point
2025-10-11 09:30:00 AM,20.6,94.6,21.4,19.7,point
2025-10-11 10:00:00 AM,20.7,91.5,21.5,19.3,point
2025-10-11 10:30:00 AM,20.9,91.0,21.7,19.4,point
2025-10-11 11:00:00 AM,20.9,89.8,21.6,19.2,point
2025-10-11 11:30:00 AM,21.0,89.9,21.6,19.2,point
2025-10-11 12:00:00 PM,20.9,89.4,21.6,19.1,point
2025-10-11 12:30:00 PM,21.0,90.2,21.9,19.4,point
2025-10-11 01:00:00 PM,21.0,90.0,21.9,19.3,point
2025-10-11 01:30:00 PM,21.0,89.8,21.8,19.3,point
2025-10-11 02:00:00 PM,21.1,89.8,21.8,19.3,point
2025-10-11 02:30:00 PM,21.1,89.8,21.9,19.4,point
2025-10-11 03:00:00 PM,21.1,89.3,21.8,19.2,point
2025-10-11 03:30:00 PM,21.0,89.1,21.6,19.1,point
2025-10-11 04:00:00 PM,21.1,89.1,21.8,19.2,point
2025-10-11 04:30:00 PM,21.1,89.2,21.8,19.2,point
2025-10-11 05:00:00 PM,21.2,89.4,21.9,19.3,point
2025-10-11 05:30:00 PM,21.1,88.9,21.9,19.2,point
2025-10-11 06:00:00 PM,21.1,88.6,21.8,19.1,point
2025-10-11 06:30:00 PM,21.1,88.5,21.8,19.1,point
2025-10-11 07:00:00 PM,21.0,87.9,21.7,18.9,point
2025-10-11 07:30:00 PM,21.0,88.1,21.6,18.9,point
2025-10-11 08:00:00 PM,21.1,88.4,21.9,19.1,point
2025-10-11 08:30:00 PM,21.1,88.4,21.9,19.1,point
2025-10-11 09:00:00 PM,18.2,77.2,17.9,14.2,point
2025-10-11 09:30:00 PM,11.5,69.5,11.0,6.1,point
2025-10-11 10:00:00 PM,6.5,79.1,6.4,3.1,point
2025-10-11 10:30:00 PM,5.9,85.7,5.9,3.7,point
2025-10-11 11:00:00 PM,5.7,87.4,5.7,3.8,point
2025-10-11 11:30:00 PM,5.7,88.2,5.7,3.9,point
2025-10-12 12:00:00 AM,5.7,89.1,5.7,4.1,point
2025-10-12 12:30:00 AM,5.7,89.8,5.7,4.2,point
2025-10-12 01:00:00 AM,5.6,89.4,5.6,4.0,point
2025-10-12 01:30:00 AM,5.7,90.1,5.7,4.2,point
2025-10-12 02:00:00 AM,5.6,89.8,5.6,4.1,point
2025-10-12 02:30:00 AM,5.8,90.3,5.8,4.3,point
2025-10-12 03:00:00 AM,5.8,90.1,5.8,4.2,point
2025-10-12 03:30:00 AM,5.7,90.3,5.8,4.3,point
2025-10-12 04:00:00 AM,5.6,90.3,5.7,4.2,point
2025-10-12 04:30:00 AM,5.8,90.5,5.8,4.3,point
2025-10-12 05:00:00 AM,5.8,90.3,5.8,4.3,point
2025-10-12 05:30:00 AM,5.8,90.5,5.8,4.3,point
2025-10-12 06:00:00 AM,5.7,90.7,5.8,4.3,point
2025-10-12 06:30:00 AM,5.9,91.4,5.9,4.6,point
2025-10-12 07:00:00 AM,5.8,91.1,5.9,4.5,point
2025-10-12 07:30:00 AM,5.8,90.9,5.8,4.4,point
2025-10-12 08:00:00 AM,8.6,99.9,8.9,8.6,point
2025-10-12 08:30:00 AM,15.3,100.0,16.0,15.3,point
2025-10-12 09:00:00 AM,20.1,100.0,21.1,20.1,point
2025-10-12 09:30:00 AM,20.8,96.8,21.7,20.2,point
2025-10-12 10:00:00 AM,21.0,92.9,21.8,19.8,point
2025-10-12 10:30:00 AM,21.0,91.8,21.7,19.6,point
2025-10-12 11:00:00 AM,21.1,91.5,22.0,19.7,point
2025-10-12 11:30:00 AM,21.1,90.9,22.0,19.6,point
2025-10-12 12:00:00 PM,21.0,90.4,21.9,19.4,point
2025-10-12 12:30:00 PM,21.0,89.9,21.8,19.3,point
2025-10-12 01:00:00 PM,21.1,89.8,21.8,19.3,point
2025-10-12 01:30:00 PM,21.1,90.2,21.9,19.4,point
2025-10-12 02:00:00 PM,21.0,89.6,21.6,19.2,point
2025-10-12 02:30:00 PM,21.2,90.0,22.1,19.5,point
2025-10-12 03:00:00 PM,21.0,89.3,21.8,19.2,point
2025-10-12 03:30:00 PM,21.2,90.2,22.1,19.6,point
2025-10-12 04:00:00 PM,21.2,89.6,21.9,19.4,point
2025-10-12 04:30:00 PM,21.2,89.6,21.9,19.4,point
2025-10-12 05:00:00 PM,21.2,89.7,22.0,19.4,point
2025-10-12 05:30:00 PM,21.2,90.0,22.1,19.5,point
2025-10-12 06:00:00 PM,21.2,89.7,22.0,19.4,point
2025-10-12 06:30:00 PM,21.2,89.1,21.9,19.3,point
2025-10-12 07:00:00 PM,21.1,89.4,21.9,19.3,point
2025-10-12 07:30:00 PM,21.1,89.5,21.9,19.3,point
2025-10-12 08:00:00 PM,21.2,89.3,21.9,19.3,point
2025-10-12 08:30:00 PM,21.1,88.9,21.9,19.2,point
2025-10-12 09:00:00 PM,18.6,78.1,18.2,14.7,point
2025-10-12 09:30:00 PM,11.9,71.0,11.4,6.8,point
2025-10-12 10:00:00 PM,6.5,78.7,6.3,3.1,point
2025-10-12 10:30:00 PM,6.1,86.7,6.0,4.0,point
2025-10-12 11:00:00 PM,5.9,88.3,5.8,4.1,point
2025-10-12 11:30:00 PM,5.8,89.3,5.7,4.2,point
2025-10-13 12:00:00 AM,5.7,89.4,5.7,4.1,point
2025-10-13 12:30:00 AM,5.7,89.5,5.6,4.1,point
2025-10-13 01:00:00 AM,5.7,90.1,5.7,4.2,point
2025-10-13 01:30:00 AM,5.6,90.2,5.7,4.1,point
2025-10-13 02:00:00 AM,5.7,90.9,5.7,4.3,point
2025-10-13 02:30:00 AM,5.7,90.5,5.7,4.2,point
2025-10-13 03:00:00 AM,5.7,90.6,5.7,4.3,point
2025-10-13 03:30:00 AM,5.7,90.7,5.8,4.3,point
2025-10-13 04:00:00 AM,5.8,90.7,5.8,4.4,point
2025-10-13 04:30:00 AM,5.7,90.4,5.7,4.2,point
2025-10-13 05:00:00 AM,5.7,91.2,5.8,4.4,point
2025-10-13 05:30:00 AM,5.7,91.5,5.8,4.4,point
2025-10-13 06:00:00 AM,5.7,91.4,5.8,4.4,point
2025-10-13 06:30:00 AM,5.7,91.6,5.8,4.5,point
2025-10-13 07:00:00 AM,5.6,91.5,5.7,4.3,point
2025-10-13 07:30:00 AM,5.7,91.5,5.7,4.4,point
2025-10-13 08:00:00 AM,7.6,97.4,7.7,7.2,point
2025-10-13 08:30:00 AM,15.3,100.0,16.0,15.3,point
2025-10-13 09:00:00 AM,19.9,100.0,20.8,19.9,point
2025-10-13 09:30:00 AM,20.8,98.5,21.8,20.5,point
2025-10-13 10:00:00 AM,21.0,93.3,21.9,19.9,point
2025-10-13 10:30:00 AM,21.1,92.0,22.0,19.8,point
2025-10-13 11:00:00 AM,21.1,91.5,22.0,19.7,point
2025-10-13 11:30:00 AM,21.2,92.0,22.1,19.9,point
2025-10-13 12:00:00 PM,21.2,91.0,22.1,19.7,point
2025-10-13 12:30:00 PM,21.2,90.3,22.1,19.6,point
2025-10-13 01:00:00 PM,21.2,90.7,22.1,19.6,point
2025-10-13 01:30:00 PM,21.2,90.0,22.1,19.6,point
2025-10-13 02:00:00 PM,21.2,90.0,22.1,19.6,point
2025-10-13 02:30:00 PM,21.1,90.0,22.0,19.4,point
2025-10-13 03:00:00 PM,21.2,90.5,22.1,19.6,point
2025-10-13 03:30:00 PM,21.1,89.1,21.9,19.3,point
2025-10-13 04:00:00 PM,21.2,90.1,22.1,19.5,point
2025-10-13 04:30:00 PM,21.2,89.8,22.0,19.5,point
2025-10-13 05:00:00 PM,21.4,89.6,22.1,19.6,point
2025-10-13 05:30:00 PM,21.4,90.4,22.2,19.7,point
2025-10-13 06:00:00 PM,21.3,90.1,22.1,19.6,point
2025-10-13 06:30:00 PM,21.4,90.2,22.2,19.7,point
2025-10-13 07:00:00 PM,21.3,89.7,22.0,19.5,point
2025-10-13 07:30:00 PM,21.3,89.6,22.0,19.5,point
2025-10-13 08:00:00 PM,21.2,88.8,22.0,19.3,point
2025-10-13 08:30:00 PM,21.2,89.2,22.0,19.4,point
2025-10-13 09:00:00 PM,17.8,77.1,17.4,13.7,point
2025-10-13 09:30:00 PM,11.1,70.0,10.5,5.8,point
2025-10-13 10:00:00 PM,6.4,80.2,6.3,3.2,point
2025-10-13 10:30:00 PM,5.9,86.8,5.9,3.9,point
2025-10-13 11:00:00 PM,5.5,87.5,5.4,3.6,point
2025-10-13 11:30:00 PM,5.6,90.1,5.6,4.1,point
2025-10-14 12:00:00 AM,5.5,91.0,5.6,4.2,point
2025-10-14 12:30:00 AM,5.3,90.3,5.4,3.9,point
2025-10-14 01:00:00 AM,5.5,91.0,5.5,4.1,point
2025-10-14 01:30:00 AM,5.5,91.5,5.5,4.2,point
2025-10-14 02:00:00 AM,5.5,91.5,5.6,4.2,point
2025-10-14 02:30:00 AM,5.5,91.5,5.6,4.2,point
2025-10-14 03:00:00 AM,5.5,91.8,5.6,4.3,point
2025-10-14 03:30:00 AM,5.5,91.9,5.5,4.2,point
2025-10-14 04:00:00 AM,5.4,92.0,5.4,4.2,point
2025-10-14 04:30:00 AM,5.4,91.7,5.5,4.2,point
2025-10-14 05:00:00 AM,5.4,92.1,5.4,4.2,point
2025-10-14 05:30:00 AM,5.4,92.7,5.5,4.3,point
2025-10-14 06:00:00 AM,5.3,91.7,5.4,4.1,point
2025-10-14 06:30:00 AM,5.3,92.1,5.3,4.1,point
2025-10-14 07:00:00 AM,5.2,92.3,5.2,4.0,point
2025-10-14 07:30:00 AM,5.4,92.8,5.5,4.3,point
2025-10-14 08:00:00 AM,8.9,100.0,9.2,8.9,point
2025-10-14 08:30:00 AM,16.2,100.0,16.9,16.2,point
2025-10-14 09:00:00 AM,19.6,100.0,20.6,19.6,point
2025-10-14 09:30:00 AM,20.4,100.0,21.4,20.4,point
2025-10-14 10:00:00 AM,20.5,93.7,21.3,19.5,point
2025-10-14 10:30:00 AM,20.8,93.0,21.5,19.6,point
2025-10-14 11:00:00 AM,20.9,92.7,21.8,19.7,point
2025-10-14 11:30:00 AM,21.0,92.6,21.9,19.8,point
2025-10-14 12:00:00 PM,20.9,92.2,21.8,19.6,point
2025-10-14 12:30:00 PM,20.9,91.7,21.6,19.5,point
2025-10-14 01:00:00 PM,20.9,91.6,21.7,19.5,point
2025-10-14 01:30:00 PM,20.9,90.6,21.6,19.2,point
2025-10-14 02:00:00 PM,21.0,90.3,21.7,19.3,point
2025-10-14 02:30:00 PM,21.0,90.8,21.7,19.4,point
2025-10-14 03:00:00 PM,20.9,90.3,21.7,19.3,point
2025-10-14 03:30:00 PM,20.9,90.0,21.6,19.2,point
2025-10-14 04:00:00 PM,20.8,89.8,21.4,19.0,point
2025-10-14 04:30:00 PM,20.7,89.0,21.4,18.8,point
2025-10-14 05:00:00 PM,20.6,88.8,21.3,18.7,point
2025-10-14 05:30:00 PM,20.8,88.9,21.4,18.9,point
2025-10-14 06:00:00 PM,20.7,88.4,21.4,18.7,point
2025-10-14 06:30:00 PM,20.9,88.1,21.6,18.9,point
2025-10-14 07:00:00 PM,20.9,86.7,21.5,18.6,point
2025-10-14 07:30:00 PM,20.9,87.1,21.6,18.7,point
2025-10-14 08:00:00 PM,20.9,86.4,21.5,18.5,point
2025-10-14 08:30:00 PM,20.9,85.6,21.4,18.4,point
2025-10-14 09:00:00 PM,17.8,77.3,17.5,13.8,point
2025-10-14 09:30:00 PM,11.4,72.2,11.0,6.6,point
2025-10-14 10:00:00 PM,6.1,82.3,6.0,3.4,point
2025-10-14 10:30:00 PM,5.7,87.9,5.6,3.8,point
2025-10-14 11:00:00 PM,5.5,89.3,5.5,3.9,point
2025-10-14 11:30:00 PM,5.5,90.0,5.5,4.0,point
2025-10-15 12:00:00 AM,5.4,90.9,5.5,4.1,point
2025-10-15 12:30:00 AM,5.4,90.7,5.5,4.0,point
2025-10-15 01:00:00 AM,5.4,91.1,5.5,4.1,point
2025-10-15 01:30:00 AM,5.4,91.4,5.4,4.1,point
2025-10-15 02:00:00 AM,5.3,91.4,5.4,4.0,point
2025-10-15 02:30:00 AM,5.4,91.9,5.5,4.2,point
2025-10-15 03:00:00 AM,5.3,91.1,5.4,4.0,point
2025-10-15 03:30:00 AM,5.3,92.1,5.4,4.1,point
2025-10-15 04:00:00 AM,5.3,91.0,5.4,4.0,point
2025-10-15 04:30:00 AM,5.3,91.7,5.3,4.0,point
2025-10-15 05:00:00 AM,5.3,92.3,5.3,4.1,point
2025-10-15 05:30:00 AM,5.2,92.0,5.3,4.0,point
2025-10-15 06:00:00 AM,5.3,91.9,5.3,4.1,point
2025-10-15 06:30:00 AM,5.3,92.2,5.4,4.2,point
2025-10-15 07:00:00 AM,5.4,92.6,5.5,4.3,point
2025-10-15 07:30:00 AM,5.3,92.5,5.4,4.2,point
2025-10-15 08:00:00 AM,9.2,100.0,9.6,9.2,point
2025-10-15 08:30:00 AM,16.2,100.0,16.9,16.2,point
2025-10-15 09:00:00 AM,19.6,100.0,20.6,19.6,point
2025-10-15 09:30:00 AM,20.2,96.7,21.1,19.7,point
2025-10-15 10:00:00 AM,20.6,94.0,21.4,19.6,point
2025-10-15 10:30:00 AM,20.6,92.5,21.4,19.3,point
2025-10-15 11:00:00 AM,20.8,92.5,21.5,19.5,point
2025-10-15 11:30:00 AM,20.7,91.5,21.4,19.2,point
2025-10-15 12:00:00 PM,20.7,90.4,21.4,19.0,point
2025-10-15 12:30:00 PM,20.8,90.5,21.5,19.2,point
2025-10-15 01:00:00 PM,20.8,90.2,21.5,19.1,point
2025-10-15 01:30:00 PM,20.8,89.5,21.4,19.0,point
2025-10-15 02:00:00 PM,20.8,89.7,21.5,19.1,point
2025-10-15 02:30:00 PM,20.9,89.2,21.5,19.0,point
2025-10-15 03:00:00 PM,20.8,87.9,21.5,18.8,point
2025-10-15 03:30:00 PM,20.9,88.0,21.6,18.9,point
2025-10-15 04:00:00 PM,21.0,87.9,21.6,18.9,point
2025-10-15 04:30:00 PM,20.8,86.6,21.4,18.5,point
2025-10-15 05:00:00 PM,20.9,86.7,21.5,18.6,point
2025-10-15 05:30:00 PM,20.8,85.4,21.3,18.2,point
2025-10-15 06:00:00 PM,20.8,85.0,21.3,18.2,point
2025-10-15 06:30:00 PM,20.9,84.2,21.4,18.1,point
2025-10-15 07:00:00 PM,20.8,82.7,21.3,17.7,point
2025-10-15 07:30:00 PM,20.7,81.8,21.2,17.5,point
2025-10-15 08:00:00 PM,20.8,80.6,21.1,17.3,point
2025-10-15 08:30:00 PM,20.7,79.3,21.1,17.0,point
2025-10-15 09:00:00 PM,17.8,74.2,17.2,13.1,point
2025-10-15 09:30:00 PM,11.1,70.8,10.5,6.0,point
2025-10-15 10:00:00 PM,6.1,82.4,5.9,3.3,point
2025-10-15 10:30:00 PM,5.6,87.7,5.6,3.8,point
2025-10-15 11:00:00 PM,5.5,89.7,5.5,4.0,point
2025-10-15 11:30:00 PM,5.4,90.1,5.5,3.9,point
2025-10-16 12:00:00 AM,5.4,90.9,5.5,4.0,point
2025-10-16 12:30:00 AM,5.4,90.8,5.4,4.0,point
2025-10-16 01:00:00 AM,5.4,91.3,5.5,4.1,point
2025-10-16 01:30:00 AM,5.3,91.2,5.4,4.0,point
2025-10-16 02:00:00 AM,5.4,92.0,5.4,4.2,point
2025-10-16 02:30:00 AM,5.3,92.0,5.4,4.1,point
2025-10-16 03:00:00 AM,5.3,92.2,5.4,4.2,point
2025-10-16 03:30:00 AM,5.3,92.3,5.4,4.2,point
2025-10-16 04:00:00 AM,5.2,92.4,5.3,4.1,point
2025-10-16 04:30:00 AM,5.2,92.2,5.2,4.0,point
2025-10-16 05:00:00 AM,5.2,92.5,5.3,4.1,point
2025-10-16 05:30:00 AM,5.2,92.5,5.3,4.1,point
2025-10-16 06:00:00 AM,5.2,92.7,5.3,4.2,point
2025-10-16 06:30:00 AM,5.3,92.2,5.3,4.1,point
2025-10-16 07:00:00 AM,5.2,92.5,5.3,4.1,point
2025-10-16 07:30:00 AM,5.2,92.3,5.3,4.1,point
2025-10-16 08:00:00 AM,9.0,100.0,9.3,9.0,point
2025-10-16 08:30:00 AM,16.1,100.0,16.7,16.1,point
2025-10-16 09:00:00 AM,19.7,100.0,20.6,19.7,point
2025-10-16 09:30:00 AM,20.3,96.5,21.2,19.7,point
2025-10-16 10:00:00 AM,20.4,93.1,21.2,19.2,point
2025-10-16 10:30:00 AM,20.4,91.1,21.1,18.9,point
2025-10-16 11:00:00 AM,20.4,90.8,21.1,18.9,point
2025-10-16 11:30:00 AM,20.6,90.9,21.3,19.0,point
2025-10-16 12:00:00 PM,20.6,90.1,21.3,18.9,point
2025-10-16 12:30:00 PM,20.6,89.3,21.3,18.8,point
2025-10-16 01:00:00 PM,20.4,87.8,21.0,18.3,point
2025-10-16 01:30:00 PM,20.7,88.6,21.4,18.8,point
2025-10-16 02:00:00 PM,20.6,87.1,21.3,18.4,point
2025-10-16 02:30:00 PM,20.6,85.4,21.2,18.1,point
2025-10-16 03:00:00 PM,20.8,84.3,21.3,18.0,point
2025-10-16 03:30:00 PM,20.8,83.2,21.4,17.9,point
2025-10-16 04:00:00 PM,21.2,80.2,21.6,17.6,point
2025-10-16 04:30:00 PM,21.1,79.1,21.6,17.4,point
2025-10-16 05:00:00 PM,21.1,77.1,21.5,16.9,point
2025-10-16 05:30:00 PM,21.0,75.7,21.4,16.6,point
2025-10-16 06:00:00 PM,21.0,74.4,21.2,16.2,point
2025-10-16 06:30:00 PM,21.2,72.8,21.4,16.1,point
2025-10-16 07:00:00 PM,21.2,71.3,21.3,15.8,point
2025-10-16 07:30:00 PM,21.2,70.5,21.4,15.7,point
2025-10-16 08:00:00 PM,21.0,69.7,21.2,15.3,point
2025-10-16 08:30:00 PM,21.0,68.9,21.1,15.1,point
2025-10-16 09:00:00 PM,18.0,67.7,17.1,11.9,point
2025-10-16 09:30:00 PM,11.2,68.1,10.7,5.5,point
2025-10-16 10:00:00 PM,6.3,79.7,6.1,3.0,point
2025-10-16 10:30:00 PM,5.7,85.9,5.7,3.5,point
2025-10-16 11:00:00 PM,5.6,88.5,5.5,3.8,point
2025-10-16 11:30:00 PM,5.5,89.2,5.5,3.9,point
2025-10-17 12:00:00 AM,5.5,89.8,5.5,4.0,point
2025-10-17 12:30:00 AM,5.4,90.3,5.5,4.0,point
2025-10-17 01:00:00 AM,5.4,90.7,5.5,4.0,point
2025-10-17 01:30:00 AM,5.4,90.5,5.4,4.0,point
2025-10-17 02:00:00 AM,5.4,91.0,5.5,4.0,point
2025-10-17 02:30:00 AM,5.4,91.2,5.5,4.1,point
2025-10-17 03:00:00 AM,5.3,91.1,5.4,4.0,point
2025-10-17 03:30:00 AM,5.4,91.7,5.5,4.2,point
2025-10-17 04:00:00 AM,5.4,91.3,5.5,4.1,point
2025-10-17 04:30:00 AM,5.3,92.1,5.4,4.2,point
2025-10-17 05:00:00 AM,5.3,91.8,5.4,4.1,point
2025-10-17 05:30:00 AM,5.3,91.8,5.4,4.1,point
2025-10-17 06:00:00 AM,5.3,91.6,5.4,4.1,point
2025-10-17 06:30:00 AM,5.4,92.3,5.5,4.3,point
2025-10-17 07:00:00 AM,5.5,92.2,5.5,4.3,point
2025-10-17 07:30:00 AM,5.5,92.2,5.5,4.3,point
2025-10-17 08:00:00 AM,9.0,100.0,9.4,9.0,point
2025-10-17 08:30:00 AM,15.5,100.0,16.1,15.5,point
2025-10-17 09:00:00 AM,19.7,100.0,20.6,19.7,point
2025-10-17 09:30:00 AM,20.2,92.4,20.9,19.0,point
2025-10-17 10:00:00 AM,20.5,90.8,21.3,18.9,point
2025-10-17 10:30:00 AM,20.6,89.5,21.2,18.8,point
2025-10-17 11:00:00 AM,20.8,88.2,21.4,18.7,point
2025-10-17 11:30:00 AM,20.7,86.8,21.4,18.4,point
2025-10-17 12:00:00 PM,20.9,85.9,21.5,18.5,point
2025-10-17 12:30:00 PM,21.0,84.3,21.5,18.2,point
2025-10-17 01:00:00 PM,21.1,82.1,21.7,18.0,point
2025-10-17 01:30:00 PM,21.1,79.4,21.6,17.4,point
2025-10-17 02:00:00 PM,21.2,76.3,21.5,16.8,point
2025-10-17 02:30:00 PM,21.1,73.8,21.4,16.2,point
2025-10-17 03:00:00 PM,20.7,68.8,20.7,14.8,point
2025-10-17 03:30:00 PM,20.6,70.0,20.6,15.0,point
2025-10-17 04:00:00 PM,21.0,76.0,21.4,16.6,point
2025-10-17 04:30:00 PM,20.9,80.7,21.4,17.4,point
2025-10-17 05:00:00 PM,20.9,83.1,21.5,17.9,point
2025-10-17 05:30:00 PM,20.8,83.8,21.4,18.0,point
2025-10-17 06:00:00 PM,20.8,83.3,21.4,17.9,point
2025-10-17 06:30:00 PM,20.8,83.5,21.4,17.9,point
2025-10-17 07:00:00 PM,20.9,82.7,21.4,17.8,point
2025-10-17 07:30:00 PM,20.9,81.3,21.4,17.6,point
2025-10-17 08:00:00 PM,21.0,80.2,21.4,17.4,point
2025-10-17 08:30:00 PM,21.0,78.3,21.3,17.0,point
2025-10-17 09:00:00 PM,18.1,72.7,17.5,13.2,point
2025-10-17 09:30:00 PM,11.8,68.6,11.1,6.2,point
2025-10-17 10:00:00 PM,6.8,79.4,6.6,3.5,point
2025-10-17 10:30:00 PM,6.1,85.3,6.1,3.8,point
2025-10-17 11:00:00 PM,5.8,86.7,5.8,3.8,point
2025-10-17 11:30:00 PM,5.7,88.0,5.7,3.9,point
2025-10-18 12:00:00 AM,5.7,89.0,5.6,4.0,point
2025-10-18 12:30:00 AM,5.7,89.2,5.6,4.0,point
2025-10-18 01:00:00 AM,5.6,89.9,5.6,4.1,point
2025-10-18 01:30:00 AM,5.6,89.9,5.5,4.1,point
2025-10-18 02:00:00 AM,5.6,89.8,5.6,4.1,point
2025-10-18 02:30:00 AM,5.6,90.6,5.6,4.2,point
2025-10-18 03:00:00 AM,5.6,90.6,5.6,4.2,point
2025-10-18 03:30:00 AM,5.5,90.7,5.6,4.1,point
2025-10-18 04:00:00 AM,5.5,90.5,5.6,4.1,point
2025-10-18 04:30:00 AM,5.6,90.9,5.6,4.2,point
2025-10-18 05:00:00 AM,5.6,90.8,5.6,4.2,point
2025-10-18 05:30:00 AM,5.6,91.0,5.6,4.2,point
2025-10-18 06:00:00 AM,5.6,90.9,5.7,4.3,point
2025-10-18 06:30:00 AM,5.5,90.7,5.6,4.1,point
2025-10-18 07:00:00 AM,5.6,91.4,5.7,4.3,point
2025-10-18 07:30:00 AM,5.6,91.1,5.6,4.2,point
2025-10-18 08:00:00 AM,8.8,100.0,9.2,8.8,point
2025-10-18 08:30:00 AM,15.5,100.0,16.2,15.5,point
2025-10-18 09:00:00 AM,19.8,100.0,20.7,19.8,point
2025-10-18 09:30:00 AM,20.5,91.2,21.1,19.0,point
2025-10-18 10:00:00 AM,20.7,89.3,21.4,18.9,point
2025-10-18 10:30:00 AM,20.8,88.1,21.5,18.8,point
2025-10-18 11:00:00 AM,20.9,86.7,21.6,18.6,point
2025-10-18 11:30:00 AM,20.9,84.4,21.5,18.2,point
2025-10-18 12:00:00 PM,20.9,82.2,21.4,17.8,point
2025-10-18 12:30:00 PM,20.9,79.8,21.4,17.3,point
2025-10-18 01:00:00 PM,20.9,77.0,21.2,16.7,point
2025-10-18 01:30:00 PM,21.0,74.8,21.3,16.4,point
2025-10-18 02:00:00 PM,20.9,72.9,21.1,15.9,point
2025-10-18 02:30:00 PM,21.0,71.0,21.2,15.6,point
2025-10-18 03:00:00 PM,21.0,69.2,21.0,15.1,point
2025-10-18 03:30:00 PM,21.1,67.6,21.1,14.8,point
2025-10-18 04:00:00 PM,21.1,66.7,21.2,14.7,point
2025-10-18 04:30:00 PM,21.0,65.6,21.0,14.3,point
2025-10-18 05:00:00 PM,21.0,64.9,21.0,14.2,point
2025-10-18 05:30:00 PM,21.0,64.2,21.0,14.0,point
2025-10-18 06:00:00 PM,21.0,63.7,20.8,13.8,point
2025-10-18 06:30:00 PM,21.1,63.5,21.1,13.9,point
2025-10-18 07:00:00 PM,21.1,63.1,21.1,13.8,point
2025-10-18 07:30:00 PM,21.0,62.5,20.9,13.6,point
2025-10-18 08:00:00 PM,21.1,62.4,20.9,13.6,point
2025-10-18 08:30:00 PM,21.0,62.1,20.9,13.5,point
2025-10-18 09:00:00 PM,18.2,61.3,17.0,10.6,point
2025-10-18 09:30:00 PM,12.0,65.2,11.3,5.7,point
2025-10-18 10:00:00 PM,6.8,76.6,6.6,3.0,point
2025-10-18 10:30:00 PM,6.2,83.6,6.1,3.6,point
2025-10-18 11:00:00 PM,5.9,85.7,5.8,3.7,point
2025-10-18 11:30:00 PM,5.8,87.0,5.7,3.8,point
2025-10-19 12:00:00 AM,5.7,87.5,5.6,3.8,point
2025-10-19 12:30:00 AM,5.7,88.0,5.6,3.8,point
2025-10-19 01:00:00 AM,5.6,88.1,5.6,3.8,point
2025-10-19 01:30:00 AM,5.6,88.8,5.6,3.9,point
2025-10-19 02:00:00 AM,5.5,88.5,5.5,3.8,point
2025-10-19 02:30:00 AM,5.6,89.4,5.6,4.0,point
2025-10-19 03:00:00 AM,5.5,89.2,5.5,3.9,point
2025-10-19 03:30:00 AM,5.6,89.2,5.5,4.0,point
2025-10-19 04:00:00 AM,5.5,89.3,5.4,3.9,point
2025-10-19 04:30:00 AM,5.6,89.7,5.6,4.0,point
2025-10-19 05:00:00 AM,5.6,89.7,5.5,4.0,point
2025-10-19 05:30:00 AM,5.7,90.3,5.7,4.2,point
2025-10-19 06:00:00 AM,5.6,89.9,5.5,4.1,point
2025-10-19 06:30:00 AM,5.6,89.9,5.5,4.0,point
2025-10-19 07:00:00 AM,5.6,89.8,5.6,4.1,point
2025-10-19 07:30:00 AM,5.6,90.4,5.7,4.2,point
2025-10-19 08:00:00 AM,8.7,100.0,9.1,8.7,point
2025-10-19 08:30:00 AM,15.2,100.0,15.9,15.2,point
2025-10-19 09:00:00 AM,19.7,97.5,20.5,19.3,point
2025-10-19 09:30:00 AM,20.5,86.2,21.0,18.1,point
2025-10-19 10:00:00 AM,20.8,83.0,21.3,17.8,point
2025-10-19 10:30:00 AM,20.8,79.7,21.3,17.2,point
2025-10-19 11:00:00 AM,20.8,76.3,21.1,16.5,point
2025-10-19 11:30:00 AM,20.9,72.6,21.1,15.8,point
2025-10-19 12:00:00 PM,20.9,69.7,21.0,15.2,point
2025-10-19 12:30:00 PM,20.9,67.5,20.9,14.7,point
2025-10-19 01:00:00 PM,21.0,65.5,20.8,14.3,point
2025-10-19 01:30:00 PM,21.1,63.8,21.0,14.0,point
2025-10-19 02:00:00 PM,21.0,62.1,20.9,13.5,point
2025-10-19 02:30:00 PM,21.0,61.3,20.7,13.2,point
2025-10-19 03:00:00 PM,21.1,60.9,21.0,13.3,point
2025-10-19 03:30:00 PM,21.1,60.4,21.0,13.2,point
2025-10-19 04:00:00 PM,21.0,59.6,20.6,12.8,point
2025-10-19 04:30:00 PM,21.0,59.2,20.7,12.7,point
2025-10-19 05:00:00 PM,21.1,59.1,20.7,12.8,point
2025-10-19 05:30:00 PM,21.0,59.1,20.7,12.8,point
2025-10-19 06:00:00 PM,21.2,59.1,21.0,12.9,point
2025-10-19 06:30:00 PM,21.2,58.7,20.9,12.8,point
2025-10-19 07:00:00 PM,21.2,58.7,21.0,12.8,point
2025-10-19 07:30:00 PM,21.1,58.4,20.9,12.6,point
2025-10-19 08:00:00 PM,21.2,58.8,21.0,12.8,point
2025-10-19 08:30:00 PM,21.1,58.8,20.9,12.8,point
2025-10-19 09:00:00 PM,18.3,59.0,17.0,10.2,point
2025-10-19 09:30:00 PM,11.8,64.2,11.1,5.3,point
2025-10-19 10:00:00 PM,6.8,75.5,6.5,2.8,point
2025-10-19 10:30:00 PM,6.1,82.6,6.1,3.4,point
2025-10-19 11:00:00 PM,6.0,85.2,6.0,3.7,point
2025-10-19 11:30:00 PM,5.8,85.7,5.7,3.6,point
2025-10-20 12:00:00 AM,5.8,86.8,5.7,3.8,point
2025-10-20 12:30:00 AM,5.7,87.6,5.7,3.8,point
2025-10-20 01:00:00 AM,5.7,87.7,5.6,3.8,point
2025-10-20 01:30:00 AM,5.7,88.0,5.6,3.9,point
2025-10-20 02:00:00 AM,5.6,88.5,5.6,3.9,point
2025-10-20 02:30:00 AM,5.6,88.1,5.6,3.8,point
2025-10-20 03:00:00 AM,5.6,88.6,5.6,3.9,point
2025-10-20 03:30:00 AM,5.6,88.5,5.6,3.9,point
2025-10-20 04:00:00 AM,5.6,89.0,5.6,4.0,point
2025-10-20 04:30:00 AM,5.6,88.7,5.5,3.8,point
2025-10-20 05:00:00 AM,5.6,89.3,5.6,4.0,point
2025-10-20 05:30:00 AM,5.6,89.2,5.6,4.0,point
2025-10-20 06:00:00 AM,5.6,89.1,5.6,4.0,point
2025-10-20 06:30:00 AM,5.5,88.5,5.5,3.8,point
2025-10-20 07:00:00 AM,5.6,89.6,5.6,4.0,point
2025-10-20 07:30:00 AM,5.6,89.8,5.5,4.0,point
2025-10-20 08:00:00 AM,8.6,99.2,8.9,8.5,point
2025-10-20 08:30:00 AM,14.6,100.0,15.2,14.6,point
2025-10-20 09:00:00 AM,19.8,93.1,20.4,18.6,point
2025-10-20 09:30:00 AM,20.6,83.6,21.0,17.7,point
2025-10-20 10:00:00 AM,20.9,80.7,21.4,17.4,point
2025-10-20 10:30:00 AM,20.9,76.5,21.1,16.6,point
2025-10-20 11:00:00 AM,20.9,72.7,21.1,15.9,point
2025-10-20 11:30:00 AM,20.9,69.1,21.0,15.0,point
2025-10-20 12:00:00 PM,21.0,66.4,20.9,14.5,point
2025-10-20 12:30:00 PM,21.1,64.1,21.0,14.0,point
2025-10-20 01:00:00 PM,21.1,62.2,20.9,13.6,point
2025-10-20 01:30:00 PM,21.1,60.2,21.0,13.1,point
2025-10-20 02:00:00 PM,21.1,59.9,20.9,13.0,point
2025-10-20 02:30:00 PM,21.1,58.5,20.7,12.6,point
2025-10-20 03:00:00 PM,21.1,57.0,20.8,12.3,point
2025-10-20 03:30:00 PM,21.1,56.0,20.8,12.0,point
2025-10-20 04:00:00 PM,21.0,54.9,20.5,11.6,point
2025-10-20 04:30:00 PM,21.0,53.7,20.5,11.3,point
2025-10-20 05:00:00 PM,21.1,53.0,20.5,11.1,point
2025-10-20 05:30:00 PM,21.1,52.4,20.6,11.0,point
2025-10-20 06:00:00 PM,21.1,52.0,20.6,10.9,point
2025-10-20 06:30:00 PM,21.1,51.9,20.6,10.9,point
2025-10-20 07:00:00 PM,21.2,51.8,20.6,10.9,point
2025-10-20 07:30:00 PM,21.0,51.7,20.4,10.7,point
2025-10-20 08:00:00 PM,21.1,51.9,20.6,10.8,point
2025-10-20 08:30:00 PM,21.1,51.9,20.4,10.8,point
2025-10-20 09:00:00 PM,18.6,52.6,17.1,8.8,point
2025-10-20 09:30:00 PM,12.0,58.2,11.1,4.1,point
2025-10-20 10:00:00 PM,6.8,73.4,6.6,2.4,point
2025-10-20 10:30:00 PM,6.1,79.5,6.0,2.8,point
2025-10-20 11:00:00 PM,6.0,82.9,5.9,3.3,point
2025-10-20 11:30:00 PM,5.5,85.3,5.4,3.2,point
2025-10-21 12:00:00 AM,5.4,87.1,5.4,3.5,point
2025-10-21 12:30:00 AM,5.5,87.5,5.4,3.6,point
2025-10-21 01:00:00 AM,5.5,88.4,5.4,3.7,point
2025-10-21 01:30:00 AM,5.4,88.6,5.4,3.7,point
2025-10-21 02:00:00 AM,5.3,88.8,5.3,3.6,point
2025-10-21 02:30:00 AM,5.3,89.2,5.3,3.7,point
2025-10-21 03:00:00 AM,5.3,89.2,5.3,3.7,point
2025-10-21 03:30:00 AM,5.3,89.2,5.3,3.7,point
2025-10-21 04:00:00 AM,5.3,90.0,5.4,3.8,point
2025-10-21 04:30:00 AM,5.3,89.6,5.3,3.8,point
2025-10-21 05:00:00 AM,5.3,89.6,5.3,3.8,point
2025-10-21 05:30:00 AM,5.2,89.8,5.2,3.7,point
2025-10-21 06:00:00 AM,5.3,90.1,5.4,3.8,point
2025-10-21 06:30:00 AM,5.2,90.0,5.3,3.7,point
2025-10-21 07:00:00 AM,5.3,90.0,5.3,3.8,point
2025-10-21 07:30:00 AM,5.2,90.4,5.3,3.8,point
2025-10-21 08:00:00 AM,7.7,95.7,7.8,7.0,point
2025-10-21 08:30:00 AM,14.6,99.4,15.2,14.4,point
2025-10-21 09:00:00 AM,19.9,74.8,19.9,15.3,point
2025-10-21 09:30:00 AM,20.6,67.1,20.5,14.3,point
2025-10-21 10:00:00 AM,20.9,63.2,20.7,13.6,point
2025-10-21 10:30:00 AM,20.9,60.5,20.6,12.9,point
2025-10-21 11:00:00 AM,20.9,58.8,20.5,12.5,point
2025-10-21 11:30:00 AM,20.9,57.8,20.6,12.3,point
2025-10-21 12:00:00 PM,20.9,57.5,20.5,12.2,point
2025-10-21 12:30:00 PM,20.9,56.7,20.5,12.0,point
2025-10-21 01:00:00 PM,21.0,56.1,20.5,11.9,point
2025-10-21 01:30:00 PM,20.9,55.3,20.3,11.6,point
2025-10-21 02:00:00 PM,21.0,54.4,20.4,11.4,point
2025-10-21 02:30:00 PM,21.0,53.6,20.5,11.3,point
2025-10-21 03:00:00 PM,21.0,52.5,20.4,10.9,point
2025-10-21 03:30:00 PM,20.9,51.2,20.3,10.5,point
2025-10-21 04:00:00 PM,21.0,50.2,20.4,10.3,point
2025-10-21 04:30:00 PM,21.1,49.5,20.3,10.1,point
2025-10-21 05:00:00 PM,21.1,50.4,20.6,10.4,point
2025-10-21 05:30:00 PM,21.0,50.5,20.3,10.3,point
2025-10-21 06:00:00 PM,21.0,51.0,20.3,10.5,point
2025-10-21 06:30:00 PM,21.1,51.6,20.6,10.8,point
2025-10-21 07:00:00 PM,21.1,51.5,20.6,10.7,point
2025-10-21 07:30:00 PM,20.9,51.6,20.3,10.6,point
2025-10-21 08:00:00 PM,21.1,52.1,20.6,10.9,point
2025-10-21 08:30:00 PM,21.1,52.2,20.6,10.9,point
2025-10-21 09:00:00 PM,17.9,52.8,16.2,8.1,point
2025-10-21 09:30:00 PM,11.0,60.6,10.2,3.7,point
2025-10-21 10:00:00 PM,6.1,75.5,5.9,2.1,point
2025-10-21 10:30:00 PM,5.7,82.2,5.5,2.9,point
2025-10-21 11:00:00 PM,5.5,84.6,5.4,3.1,point
2025-10-21 11:30:00 PM,5.4,85.5,5.4,3.2,point
2025-10-22 12:00:00 AM,5.5,86.7,5.5,3.5,point
2025-10-22 12:30:00 AM,5.4,87.5,5.3,3.5,point
2025-10-22 01:00:00 AM,5.4,87.9,5.4,3.6,point
2025-10-22 01:30:00 AM,5.4,88.2,5.3,3.6,point
2025-10-22 02:00:00 AM,5.3,88.4,5.3,3.6,point
2025-10-22 02:30:00 AM,5.5,89.5,5.4,3.9,point
2025-10-22 03:00:00 AM,5.3,88.6,5.3,3.6,point
2025-10-22 03:30:00 AM,5.4,88.4,5.4,3.7,point
2025-10-22 04:00:00 AM,5.3,88.5,5.3,3.6,point
2025-10-22 04:30:00 AM,5.4,89.4,5.4,3.8,point
2025-10-22 05:00:00 AM,5.3,89.1,5.3,3.7,point
2025-10-22 05:30:00 AM,5.2,89.6,5.2,3.7,point
2025-10-22 06:00:00 AM,5.3,89.7,5.3,3.8,point
2025-10-22 06:30:00 AM,5.2,89.4,5.2,3.6,point
2025-10-22 07:00:00 AM,5.2,89.5,5.2,3.6,point
2025-10-22 07:30:00 AM,5.4,90.1,5.5,3.9,point
2025-10-22 08:00:00 AM,8.1,98.8,8.3,7.9,point
2025-10-22 08:30:00 AM,14.6,100.0,15.2,14.6,point
2025-10-22 09:00:00 AM,19.9,81.1,20.0,16.5,point
2025-10-22 09:30:00 AM,20.8,72.9,21.0,15.8,point
2025-10-22 10:00:00 AM,20.9,68.6,20.8,14.9,point
2025-10-22 10:30:00 AM,20.8,65.2,20.6,14.0,point
2025-10-22 11:00:00 AM,21.1,62.6,20.9,13.7,point
2025-10-22 11:30:00 AM,21.1,61.0,20.8,13.2,point
2025-10-22 12:00:00 PM,21.1,60.1,21.0,13.1,point
2025-10-22 12:30:00 PM,21.0,59.6,20.7,12.8,point
2025-10-22 01:00:00 PM,21.1,59.0,20.7,12.7,point
2025-10-22 01:30:00 PM,21.1,58.4,20.7,12.6,point
2025-10-22 02:00:00 PM,21.2,58.9,20.9,12.8,point
2025-10-22 02:30:00 PM,21.0,58.3,20.7,12.5,point
2025-10-22 03:00:00 PM,21.1,57.3,20.8,12.4,point
2025-10-22 03:30:00 PM,21.1,56.7,20.8,12.2,point
2025-10-22 04:00:00 PM,21.1,56.3,20.8,12.1,point
2025-10-22 04:30:00 PM,21.0,55.5,20.6,11.8,point
2025-10-22 05:00:00 PM,20.9,55.8,20.5,11.8,point
2025-10-22 05:30:00 PM,21.1,56.4,20.6,12.0,point
2025-10-22 06:00:00 PM,21.0,57.3,20.6,12.3,point
2025-10-22 06:30:00 PM,21.2,58.9,20.9,12.8,point
2025-10-22 07:00:00 PM,21.1,59.0,20.7,12.7,point
2025-10-22 07:30:00 PM,21.0,60.0,20.8,13.0,point
2025-10-22 08:00:00 PM,21.1,60.6,20.8,13.2,point
2025-10-22 08:30:00 PM,21.1,60.2,20.8,13.0,point
2025-10-22 09:00:00 PM,18.2,60.1,17.0,10.3,point
2025-10-22 09:30:00 PM,11.4,67.2,10.7,5.5,point
2025-10-22 10:00:00 PM,6.1,76.5,5.9,2.3,point
2025-10-22 10:30:00 PM,5.7,83.8,5.6,3.2,point
2025-10-22 11:00:00 PM,5.6,86.0,5.6,3.5,point
2025-10-22 11:30:00 PM,5.6,87.1,5.5,3.6,point
2025-10-23 12:00:00 AM,5.5,87.4,5.4,3.6,point
2025-10-23 12:30:00 AM,5.3,87.3,5.3,3.4,point
2025-10-23 01:00:00 AM,5.4,88.1,5.4,3.6,point
2025-10-23 01:30:00 AM,5.4,88.9,5.4,3.7,point
2025-10-23 02:00:00 AM,5.4,89.1,5.4,3.8,point
2025-10-23 02:30:00 AM,5.4,88.9,5.4,3.7,point
2025-10-23 03:00:00 AM,5.5,89.2,5.4,3.8,point
2025-10-23 03:30:00 AM,5.4,89.5,5.4,3.8,point
2025-10-23 04:00:00 AM,5.4,90.0,5.4,3.9,point
2025-10-23 04:30:00 AM,5.4,89.7,5.4,3.9,point
2025-10-23 05:00:00 AM,5.3,89.0,5.2,3.6,point
2025-10-23 05:30:00 AM,5.3,89.7,5.3,3.8,point
2025-10-23 06:00:00 AM,5.4,90.1,5.5,4.0,point
2025-10-23 06:30:00 AM,5.3,89.7,5.3,3.8,point
2025-10-23 07:00:00 AM,5.3,90.0,5.3,3.8,point
2025-10-23 07:30:00 AM,5.3,90.6,5.4,3.9,point
2025-10-23 08:00:00 AM,8.5,99.7,8.8,8.4,point
2025-10-23 08:30:00 AM,15.3,100.0,16.0,15.3,point
2025-10-23 09:00:00 AM,19.7,100.0,20.7,19.7,point
2025-10-23 09:30:00 AM,20.6,86.8,21.1,18.3,point
2025-10-23 10:00:00 AM,20.8,82.6,21.3,17.7,point
2025-10-23 10:30:00 AM,20.9,79.2,21.3,17.1,point
2025-10-23 11:00:00 AM,21.0,75.2,21.4,16.5,point
2025-10-23 11:30:00 AM,20.9,70.5,21.0,15.4,point
2025-10-23 12:00:00 PM,21.0,65.8,20.8,14.3,point
2025-10-23 12:30:00 PM,21.0,61.6,20.7,13.3,point
2025-10-23 01:00:00 PM,21.0,57.9,20.7,12.4,point
2025-10-23 01:30:00 PM,21.0,55.7,20.6,11.8,point
2025-10-23 02:00:00 PM,21.0,54.3,20.5,11.5,point
2025-10-23 02:30:00 PM,21.0,53.5,20.5,11.2,point
2025-10-23 03:00:00 PM,21.1,53.0,20.5,11.1,point
2025-10-23 03:30:00 PM,21.1,52.9,20.5,11.1,point
2025-10-23 04:00:00 PM,21.0,52.1,20.3,10.8,point
2025-10-23 04:30:00 PM,21.0,46.7,20.1,9.2,point
2025-10-23 05:00:00 PM,20.8,50.1,20.1,10.1,point
2025-10-23 05:30:00 PM,20.9,50.5,20.1,10.2,point
2025-10-23 06:00:00 PM,20.8,49.8,19.9,9.9,point
2025-10-23 06:30:00 PM,20.9,49.5,20.0,9.9,point
2025-10-23 07:00:00 PM,20.8,49.3,20.0,9.8,point
2025-10-23 07:30:00 PM,20.8,49.7,20.0,9.9,point
2025-10-23 08:00:00 PM,20.9,50.0,20.1,10.1,point
2025-10-23 08:30:00 PM,20.8,50.3,20.1,10.1,point
2025-10-23 09:00:00 PM,17.6,51.0,15.9,7.3,point
2025-10-23 09:30:00 PM,10.8,57.3,9.9,2.7,point
2025-10-23 10:00:00 PM,6.2,73.3,5.9,1.8,point
2025-10-23 10:30:00 PM,5.8,78.8,5.6,2.4,point
2025-10-23 11:00:00 PM,5.6,80.3,5.4,2.4,point
2025-10-23 11:30:00 PM,5.6,81.6,5.5,2.7,point
2025-10-24 12:00:00 AM,5.5,82.3,5.4,2.8,point
2025-10-24 12:30:00 AM,5.6,83.1,5.5,3.0,point
2025-10-24 01:00:00 AM,5.5,84.0,5.5,3.0,point
2025-10-24 01:30:00 AM,5.5,84.8,5.4,3.1,point
2025-10-24 02:00:00 AM,5.5,85.3,5.5,3.2,point
2025-10-24 02:30:00 AM,5.6,86.0,5.5,3.4,point
2025-10-24 03:00:00 AM,5.4,86.0,5.4,3.3,point
2025-10-24 03:30:00 AM,5.5,86.4,5.5,3.4,point
2025-10-24 04:00:00 AM,5.5,86.6,5.5,3.5,point
2025-10-24 04:30:00 AM,5.5,86.4,5.4,3.4,point
2025-10-24 05:00:00 AM,5.4,86.4,5.4,3.3,point
2025-10-24 05:30:00 AM,5.5,87.1,5.5,3.5,point
2025-10-24 06:00:00 AM,5.5,87.2,5.4,3.5,point
2025-10-24 06:30:00 AM,5.4,87.2,5.4,3.5,point
2025-10-24 07:00:00 AM,5.4,87.2,5.4,3.5,point
2025-10-24 07:30:00 AM,5.5,87.3,5.4,3.5,point
2025-10-24 08:00:00 AM,8.6,93.5,8.8,7.6,point
2025-10-24 08:30:00 AM,15.1,81.3,15.0,12.0,point
2025-10-24 09:00:00 AM,19.9,61.0,19.2,12.1,point
2025-10-24 09:30:00 AM,20.4,55.2,19.6,11.1,point
2025-10-24 10:00:00 AM,20.7,53.7,20.1,11.0,point
2025-10-24 10:30:00 AM,20.7,53.0,20.0,10.8,point
2025-10-24 11:00:00 AM,20.7,52.7,20.0,10.7,point
2025-10-24 11:30:00 AM,20.7,52.8,20.1,10.8,point
2025-10-24 12:00:00 PM,20.8,52.9,20.1,10.8,point
2025-10-24 12:30:00 PM,20.7,52.8,20.1,10.7,point
2025-10-24 01:00:00 PM,20.9,53.2,20.4,11.0,point
2025-10-24 01:30:00 PM,20.9,53.4,20.2,11.0,point
2025-10-24 02:00:00 PM,20.8,53.0,20.2,10.9,point
2025-10-24 02:30:00 PM,20.8,52.9,20.2,10.9,point
2025-10-24 03:00:00 PM,20.8,52.7,20.2,10.8,point
2025-10-24 03:30:00 PM,21.0,48.8,20.3,9.8,point
2025-10-24 04:00:00 PM,20.9,48.2,20.0,9.5,point
2025-10-24 04:30:00 PM,20.8,51.2,20.1,10.4,point
2025-10-24 05:00:00 PM,20.5,77.9,20.8,16.5,point
2025-10-24 05:30:00 PM,20.6,82.7,21.1,17.5,point
2025-10-24 06:00:00 PM,20.6,83.6,21.0,17.7,point
2025-10-24 06:30:00 PM,20.5,83.8,21.0,17.7,point
2025-10-24 07:00:00 PM,20.6,84.1,21.1,17.9,point
2025-10-24 07:30:00 PM,20.6,83.5,21.1,17.7,point
2025-10-24 08:00:00 PM,20.5,82.0,20.9,17.3,point
2025-10-24 08:30:00 PM,20.6,81.6,20.9,17.3,point
2025-10-24 09:00:00 PM,17.6,75.3,17.1,13.2,point
2025-10-24 09:30:00 PM,11.1,68.9,10.6,5.6,point
2025-10-24 10:00:00 PM,6.4,78.2,6.2,2.9,point
2025-10-24 10:30:00 PM,5.8,84.1,5.8,3.4,point
2025-10-24 11:00:00 PM,5.7,86.6,5.7,3.7,point
2025-10-24 11:30:00 PM,5.6,87.2,5.6,3.7,point
2025-10-25 12:00:00 AM,5.5,87.8,5.5,3.7,point
2025-10-25 12:30:00 AM,5.6,88.8,5.5,3.9,point
2025-10-25 01:00:00 AM,5.5,88.3,5.4,3.7,point
2025-10-25 01:30:00 AM,5.4,88.7,5.4,3.7,point
2025-10-25 02:00:00 AM,5.4,88.9,5.3,3.7,point
2025-10-25 02:30:00 AM,5.5,88.8,5.4,3.8,point
2025-10-25 03:00:00 AM,5.5,89.6,5.4,3.9,point
2025-10-25 03:30:00 AM,5.4,88.8,5.4,3.7,point
2025-10-25 04:00:00 AM,5.5,89.3,5.4,3.9,point
2025-10-25 04:30:00 AM,5.5,89.3,5.4,3.9,point
2025-10-25 05:00:00 AM,5.5,89.9,5.4,4.0,point
2025-10-25 05:30:00 AM,5.5,89.9,5.5,4.0,point
2025-10-25 06:00:00 AM,5.4,89.3,5.4,3.8,point
2025-10-25 06:30:00 AM,5.5,89.8,5.5,4.0,point
2025-10-25 07:00:00 AM,5.5,89.9,5.5,4.0,point
2025-10-25 07:30:00 AM,5.5,89.6,5.5,4.0,point
2025-10-25 08:00:00 AM,8.6,99.0,8.8,8.4,point
2025-10-25 08:30:00 AM,14.9,100.0,15.5,14.9,point
2025-10-25 09:00:00 AM,19.8,89.4,20.2,18.0,point
2025-10-25 09:30:00 AM,20.4,82.9,20.9,17.4,point
2025-10-25 10:00:00 AM,20.5,80.3,20.9,17.0,point
2025-10-25 10:30:00 AM,20.6,77.0,20.9,16.5,point
2025-10-25 11:00:00 AM,20.7,73.5,20.9,15.8,point
2025-10-25 11:30:00 AM,20.7,70.6,20.8,15.2,point
2025-10-25 12:00:00 PM,20.7,68.2,20.7,14.6,point
2025-10-25 12:30:00 PM,20.9,66.2,20.8,14.3,point
2025-10-25 01:00:00 PM,20.8,63.5,20.5,13.6,point
2025-10-25 01:30:00 PM,20.7,61.0,20.4,12.9,point
2025-10-25 02:00:00 PM,20.8,59.5,20.5,12.7,point
2025-10-25 02:30:00 PM,20.8,58.6,20.3,12.4,point
2025-10-25 03:00:00 PM,20.8,57.6,20.3,12.1,point
2025-10-25 03:30:00 PM,20.8,56.9,20.4,12.0,point
2025-10-25 04:00:00 PM,20.8,56.0,20.3,11.7,point
2025-10-25 04:30:00 PM,20.9,55.4,20.3,11.6,point
2025-10-25 05:00:00 PM,20.9,55.1,20.3,11.6,point
2025-10-25 05:30:00 PM,20.8,54.5,20.3,11.3,point
2025-10-25 06:00:00 PM,20.9,53.9,20.2,11.2,point
2025-10-25 06:30:00 PM,20.9,53.5,20.2,11.1,point
2025-10-25 07:00:00 PM,20.8,53.0,20.2,10.9,point
2025-10-25 07:30:00 PM,20.9,52.6,20.2,10.8,point
2025-10-25 08:00:00 PM,20.8,52.3,20.1,10.7,point
2025-10-25 08:30:00 PM,20.8,52.1,20.1,10.6,point
2025-10-25 09:00:00 PM,17.9,51.8,16.2,7.9,point
2025-10-25 09:30:00 PM,11.3,58.2,10.4,3.4,point
2025-10-25 10:00:00 PM,6.5,72.4,6.2,1.9,point
2025-10-25 10:30:00 PM,5.9,79.2,5.8,2.6,point
2025-10-25 11:00:00 PM,5.8,82.0,5.6,2.9,point
2025-10-25 11:30:00 PM,5.7,83.1,5.6,3.0,point
2025-10-26 12:00:00 AM,5.6,84.2,5.6,3.2,point
2025-10-26 12:30:00 AM,5.6,84.8,5.5,3.2,point
2025-10-26 01:00:00 AM,5.5,85.5,5.5,3.3,point
2025-10-26 01:30:00 AM,5.6,86.3,5.5,3.5,point
2025-10-26 02:00:00 AM,5.5,86.8,5.5,3.5,point
2025-10-26 02:30:00 AM,5.5,86.8,5.5,3.5,point
2025-10-26 03:00:00 AM,5.4,87.1,5.4,3.5,point
2025-10-26 03:30:00 AM,5.5,87.5,5.4,3.6,point
2025-10-26 04:00:00 AM,5.4,87.5,5.3,3.5,point
2025-10-26 04:30:00 AM,5.5,88.0,5.4,3.7,point
2025-10-26 05:00:00 AM,5.4,87.7,5.4,3.5,point
2025-10-26 05:30:00 AM,5.5,88.0,5.4,3.7,point
2025-10-26 06:00:00 AM,5.5,88.2,5.4,3.7,point
2025-10-26 06:30:00 AM,5.4,87.8,5.4,3.6,point
2025-10-26 07:00:00 AM,5.4,88.4,5.4,3.6,point
2025-10-26 07:30:00 AM,5.4,88.1,5.4,3.6,point
2025-10-26 08:00:00 AM,8.2,95.7,8.5,7.6,point
2025-10-26 08:30:00 AM,14.7,85.8,14.7,12.4,point
2025-10-26 09:00:00 AM,19.7,66.2,19.1,13.2,point
2025-10-26 09:30:00 AM,20.2,59.3,19.6,12.1,point
2025-10-26 10:00:00 AM,20.4,56.6,19.8,11.6,point
2025-10-26 10:30:00 AM,20.6,55.3,20.1,11.3,point
2025-10-26 11:00:00 AM,20.7,54.4,20.1,11.2,point
2025-10-26 11:30:00 AM,20.7,53.8,20.1,11.0,point
2025-10-26 12:00:00 PM,20.7,53.1,20.1,10.8,point
2025-10-26 12:30:00 PM,20.8,52.6,20.2,10.8,point
2025-10-26 01:00:00 PM,20.8,52.1,20.0,10.6,point
2025-10-26 01:30:00 PM,20.8,51.8,20.0,10.5,point
2025-10-26 02:00:00 PM,20.8,51.5,20.0,10.4,point
2025-10-26 02:30:00 PM,20.9,51.0,20.1,10.4,point
2025-10-26 03:00:00 PM,20.8,50.8,20.0,10.2,point
2025-10-26 03:30:00 PM,20.8,50.6,20.1,10.2,point
2025-10-26 04:00:00 PM,20.9,50.6,20.1,10.2,point
2025-10-26 04:30:00 PM,20.9,50.5,20.1,10.2,point
2025-10-26 05:00:00 PM,20.9,50.1,20.1,10.1,point
2025-10-26 05:30:00 PM,20.9,49.9,20.2,10.1,point
2025-10-26 06:00:00 PM,20.9,49.5,20.2,9.9,point
2025-10-26 06:30:00 PM,20.8,49.2,20.0,9.8,point
2025-10-26 07:00:00 PM,20.9,49.4,20.0,9.9,point
2025-10-26 07:30:00 PM,20.9,49.5,20.0,9.9,point
2025-10-26 08:00:00 PM,20.9,49.5,20.2,10.0,point
2025-10-26 08:30:00 PM,20.9,49.5,20.0,9.9,point
2025-10-26 09:00:00 PM,17.9,50.4,16.1,7.5,point
2025-10-26 09:30:00 PM,11.3,56.8,10.4,3.1,point
2025-10-26 10:00:00 PM,6.4,71.1,6.1,1.6,point
2025-10-26 10:30:00 PM,5.9,78.2,5.8,2.4,point
2025-10-26 11:00:00 PM,5.8,81.0,5.7,2.8,point
2025-10-26 11:30:00 PM,5.7,82.3,5.6,2.9,point
2025-10-27 12:00:00 AM,5.7,83.2,5.6,3.0,point
2025-10-27 12:30:00 AM,5.6,83.7,5.5,3.0,point
2025-10-27 01:00:00 AM,5.6,84.3,5.6,3.2,point
2025-10-27 01:30:00 AM,5.5,84.5,5.5,3.1,point
2025-10-27 02:00:00 AM,5.6,85.0,5.5,3.2,point
2025-10-27 02:30:00 AM,5.5,85.1,5.5,3.2,point
2025-10-27 03:00:00 AM,5.5,85.2,5.5,3.2,point
2025-10-27 03:30:00 AM,5.4,85.6,5.4,3.2,point
2025-10-27 04:00:00 AM,5.5,85.4,5.4,3.2,point
2025-10-27 04:30:00 AM,5.4,85.5,5.4,3.2,point
2025-10-27 05:00:00 AM,5.4,85.6,5.4,3.2,point
2025-10-27 05:30:00 AM,5.5,85.8,5.4,3.3,point
2025-10-27 06:00:00 AM,5.5,85.6,5.4,3.2,point
2025-10-27 06:30:00 AM,5.4,85.7,5.4,3.2,point
2025-10-27 07:00:00 AM,5.5,85.9,5.4,3.3,point
2025-10-27 07:30:00 AM,5.5,86.0,5.4,3.3,point
2025-10-27 08:00:00 AM,8.3,91.9,8.5,7.1,point
2025-10-27 08:30:00 AM,14.7,82.7,14.7,11.8,point
2025-10-27 09:00:00 AM,19.7,61.2,18.9,12.0,point
2025-10-27 09:30:00 AM,20.4,56.1,19.6,11.3,point
2025-10-27 10:00:00 AM,20.5,54.4,19.8,11.0,point
2025-10-27 10:30:00 AM,20.7,53.4,20.1,10.9,point
2025-10-27 11:00:00 AM,20.6,53.1,20.0,10.8,point
2025-10-27 11:30:00 AM,20.8,53.0,20.2,10.9,point
2025-10-27 12:00:00 PM,20.8,52.6,20.2,10.8,point
2025-10-27 12:30:00 PM,20.8,51.8,20.1,10.6,point
2025-10-27 01:00:00 PM,20.8,50.5,20.1,10.2,point
2025-10-27 01:30:00 PM,20.8,49.2,19.9,9.7,point
2025-10-27 02:00:00 PM,20.8,48.9,20.0,9.7,point
2025-10-27 02:30:00 PM,20.8,48.3,20.0,9.5,point
2025-10-27 03:00:00 PM,20.8,56.3,20.2,11.8,point
2025-10-27 03:30:00 PM,20.9,59.7,20.6,12.8,point
2025-10-27 04:00:00 PM,20.9,61.0,20.7,13.1,point
2025-10-27 04:30:00 PM,20.9,61.6,20.6,13.2,point
2025-10-27 05:00:00 PM,20.9,61.8,20.6,13.3,point
2025-10-27 05:30:00 PM,20.9,62.2,20.7,13.4,point
2025-10-27 06:00:00 PM,20.9,62.4,20.7,13.4,point
2025-10-27 06:30:00 PM,20.8,62.3,20.6,13.4,point
2025-10-27 07:00:00 PM,20.9,62.4,20.6,13.4,point
2025-10-27 07:30:00 PM,20.9,62.8,20.7,13.6,point
2025-10-27 08:00:00 PM,20.8,62.6,20.6,13.4,point
2025-10-27 08:30:00 PM,20.9,62.9,20.7,13.6,point
2025-10-27 09:00:00 PM,18.0,60.0,16.7,10.1,point
2025-10-27 09:30:00 PM,11.3,61.7,10.5,4.2,point
2025-10-27 10:00:00 PM,6.5,72.0,6.1,1.8,point
2025-10-27 10:30:00 PM,6.0,77.0,5.8,2.2,point
2025-10-27 11:00:00 PM,5.5,78.3,5.4,2.0,point
2025-10-27 11:30:00 PM,5.4,80.1,5.3,2.3,point
2025-10-28 12:00:00 AM,5.4,80.4,5.3,2.3,point
2025-10-28 12:30:00 AM,5.4,80.8,5.2,2.3,point
2025-10-28 01:00:00 AM,5.3,80.9,5.1,2.3,point
2025-10-28 01:30:00 AM,5.3,81.4,5.2,2.4,point
2025-10-28 02:00:00 AM,5.3,81.3,5.2,2.4,point
2025-10-28 02:30:00 AM,5.4,81.6,5.2,2.5,point
2025-10-28 03:00:00 AM,5.2,81.5,5.1,2.3,point
2025-10-28 03:30:00 AM,5.4,81.7,5.2,2.5,point
2025-10-28 04:00:00 AM,5.3,82.0,5.1,2.5,point
2025-10-28 04:30:00 AM,5.2,82.2,5.1,2.4,point
2025-10-28 05:00:00 AM,5.2,82.2,5.1,2.5,point
2025-10-28 05:30:00 AM,5.3,82.0,5.2,2.5,point
2025-10-28 06:00:00 AM,5.2,82.2,5.1,2.4,point
2025-10-28 06:30:00 AM,5.2,82.5,5.2,2.5,point
2025-10-28 07:00:00 AM,5.4,82.8,5.3,2.7,point
2025-10-28 07:30:00 AM,5.3,82.8,5.3,2.6,point
2025-10-28 08:00:00 AM,8.2,88.0,8.1,6.3,point
2025-10-28 08:30:00 AM,14.8,80.4,14.5,11.4,point
2025-10-28 09:00:00 AM,19.8,66.5,19.3,13.4,point
2025-10-28 09:30:00 AM,20.3,64.6,19.9,13.4,point
2025-10-28 10:00:00 AM,20.4,64.8,20.1,13.6,point
2025-10-28 10:30:00 AM,20.5,65.0,20.3,13.7,point
2025-10-28 11:00:00 AM,20.4,64.9,20.1,13.6,point
2025-10-28 11:30:00 AM,20.5,64.8,20.1,13.6,point
2025-10-28 12:00:00 PM,20.6,65.2,20.3,13.8,point
2025-10-28 12:30:00 PM,20.6,65.1,20.3,13.8,point
2025-10-28 01:00:00 PM,20.6,65.3,20.3,13.8,point
2025-10-28 01:30:00 PM,20.5,65.4,20.3,13.8,point
2025-10-28 02:00:00 PM,20.6,65.7,20.4,14.0,point
2025-10-28 02:30:00 PM,20.6,65.2,20.4,13.9,point
2025-10-28 03:00:00 PM,20.6,64.9,20.3,13.8,point
2025-10-28 03:30:00 PM,20.6,64.5,20.3,13.7,point
2025-10-28 04:00:00 PM,20.6,64.8,20.4,13.8,point
2025-10-28 04:30:00 PM,20.6,65.1,20.3,13.8,point
2025-10-28 05:00:00 PM,20.7,65.1,20.6,13.9,point
2025-10-28 05:30:00 PM,20.7,64.8,20.4,13.8,point
2025-10-28 06:00:00 PM,20.6,64.4,20.4,13.7,point
2025-10-28 06:30:00 PM,20.7,64.3,20.4,13.7,point
2025-10-28 07:00:00 PM,20.6,64.0,20.3,13.5,point
2025-10-28 07:30:00 PM,20.7,64.2,20.6,13.7,point
2025-10-28 08:00:00 PM,20.7,64.0,20.4,13.6,point
2025-10-28 08:30:00 PM,20.6,63.8,20.4,13.5,point
2025-10-28 09:00:00 PM,17.8,62.0,16.6,10.4,point
2025-10-28 09:30:00 PM,11.2,62.9,10.4,4.4,point
2025-10-28 10:00:00 PM,6.1,75.2,5.9,2.1,point
2025-10-28 10:30:00 PM,5.5,79.9,5.4,2.3,point
2025-10-28 11:00:00 PM,5.5,81.8,5.3,2.6,point
2025-10-28 11:30:00 PM,5.4,82.7,5.4,2.7,point
2025-10-29 12:00:00 AM,5.4,83.1,5.4,2.8,point
2025-10-29 12:30:00 AM,5.3,83.2,5.3,2.7,point
2025-10-29 01:00:00 AM,5.3,83.6,5.3,2.8,point
2025-10-29 01:30:00 AM,5.4,84.1,5.3,2.9,point
2025-10-29 02:00:00 AM,5.3,84.3,5.3,2.9,point
2025-10-29 02:30:00 AM,5.3,84.2,5.3,2.9,point
2025-10-29 03:00:00 AM,5.2,84.1,5.2,2.8,point
2025-10-29 03:30:00 AM,5.3,84.5,5.2,2.9,point
2025-10-29 04:00:00 AM,5.2,84.2,5.2,2.8,point
2025-10-29 04:30:00 AM,5.3,84.2,5.2,2.8,point
2025-10-29 05:00:00 AM,5.3,84.0,5.3,2.8,point
2025-10-29 05:30:00 AM,5.3,83.9,5.2,2.8,point
2025-10-29 06:00:00 AM,5.3,83.6,5.3,2.8,point
2025-10-29 06:30:00 AM,5.2,83.2,5.2,2.6,point
2025-10-29 07:00:00 AM,5.3,82.9,5.2,2.6,point
2025-10-29 07:30:00 AM,5.3,83.0,5.3,2.7,point
2025-10-29 08:00:00 AM,8.1,88.3,8.1,6.3,point
2025-10-29 08:30:00 AM,14.7,81.6,14.5,11.6,point
2025-10-29 09:00:00 AM,19.7,67.5,19.3,13.6,point
2025-10-29 09:30:00 AM,20.4,65.2,20.1,13.7,point
2025-10-29 10:00:00 AM,20.4,64.9,20.1,13.6,point
2025-10-29 10:30:00 AM,20.5,64.8,20.3,13.6,point
2025-10-29 11:00:00 AM,20.5,64.4,20.3,13.6,point
2025-10-29 11:30:00 AM,20.7,63.9,20.4,13.6,point
2025-10-29 12:00:00 PM,20.6,63.9,20.4,13.6,point
2025-10-29 12:30:00 PM,20.6,63.6,20.4,13.5,point
2025-10-29 01:00:00 PM,20.7,63.7,20.5,13.6,point
2025-10-29 01:30:00 PM,20.6,63.6,20.4,13.5,point
2025-10-29 02:00:00 PM,20.7,63.4,20.5,13.5,point
2025-10-29 02:30:00 PM,20.6,63.4,20.2,13.4,point
2025-10-29 03:00:00 PM,20.8,63.7,20.7,13.7,point
2025-10-29 03:30:00 PM,20.7,63.2,20.5,13.5,point
2025-10-29 04:00:00 PM,20.6,63.1,20.4,13.4,point
2025-10-29 04:30:00 PM,20.8,63.0,20.5,13.5,point
2025-10-29 05:00:00 PM,20.6,63.0,20.3,13.3,point
2025-10-29 05:30:00 PM,20.8,62.9,20.5,13.4,point
2025-10-29 06:00:00 PM,20.7,62.7,20.5,13.3,point
2025-10-29 06:30:00 PM,20.6,62.3,20.3,13.2,point
2025-10-29 07:00:00 PM,20.7,62.2,20.5,13.2,point
2025-10-29 07:30:00 PM,20.6,61.7,20.3,13.0,point
2025-10-29 08:00:00 PM,20.7,61.6,20.4,13.1,point
2025-10-29 08:30:00 PM,20.8,61.5,20.4,13.1,point
2025-10-29 09:00:00 PM,17.9,59.8,16.5,9.9,point
2025-10-29 09:30:00 PM,11.2,61.7,10.3,4.1,point
2025-10-29 10:00:00 PM,6.1,73.3,5.8,1.7,point
2025-10-29 10:30:00 PM,5.6,78.0,5.5,2.1,point
2025-10-29 11:00:00 PM,5.5,79.1,5.4,2.2,point
2025-10-29 11:30:00 PM,5.4,79.5,5.3,2.2,point
2025-10-30 12:00:00 AM,5.4,79.6,5.2,2.1,point
2025-10-30 12:30:00 AM,5.3,79.6,5.2,2.1,point
2025-10-30 01:00:00 AM,5.2,79.9,5.1,2.0,point
2025-10-30 01:30:00 AM,5.3,79.9,5.2,2.2,point
2025-10-30 02:00:00 AM,5.3,79.8,5.2,2.1,point
2025-10-30 02:30:00 AM,5.2,79.8,5.1,2.0,point
2025-10-30 03:00:00 AM,5.3,79.8,5.1,2.1,point
2025-10-30 03:30:00 AM,5.3,79.6,5.2,2.1,point
2025-10-30 04:00:00 AM,5.3,79.6,5.1,2.0,point
2025-10-30 04:30:00 AM,5.3,79.5,5.2,2.0,point
2025-10-30 05:00:00 AM,5.3,79.6,5.2,2.1,point
2025-10-30 05:30:00 AM,5.3,79.4,5.1,2.0,point
2025-10-30 06:00:00 AM,5.2,79.3,5.1,2.0,point
2025-10-30 06:30:00 AM,5.3,79.5,5.2,2.0,point
2025-10-30 07:00:00 AM,5.3,79.6,5.2,2.1,point
2025-10-30 07:30:00 AM,5.3,79.6,5.2,2.1,point
2025-10-30 08:00:00 AM,7.9,84.4,7.9,5.5,point
2025-10-30 08:30:00 AM,14.5,77.5,14.1,10.6,point
2025-10-30 09:00:00 AM,19.6,64.4,19.0,12.8,point
2025-10-30 09:30:00 AM,20.4,62.3,19.9,12.9,point
2025-10-30 10:00:00 AM,20.5,62.8,20.2,13.2,point
2025-10-30 10:30:00 AM,20.6,63.0,20.2,13.3,point
2025-10-30 11:00:00 AM,20.6,63.2,20.2,13.4,point
2025-10-30 11:30:00 AM,20.6,63.6,20.4,13.5,point
2025-10-30 12:00:00 PM,20.7,64.0,20.6,13.7,point
2025-10-30 12:30:00 PM,20.7,64.0,20.6,13.7,point
2025-10-30 01:00:00 PM,20.6,64.0,20.4,13.6,point
2025-10-30 01:30:00 PM,20.8,64.1,20.6,13.7,point
2025-10-30 02:00:00 PM,20.8,63.9,20.6,13.7,point
2025-10-30 02:30:00 PM,20.7,63.9,20.6,13.6,point
2025-10-30 03:00:00 PM,20.7,63.6,20.4,13.5,point
2025-10-30 03:30:00 PM,20.7,63.6,20.4,13.5,point
2025-10-30 04:00:00 PM,20.8,63.4,20.5,13.6,point
2025-10-30 04:30:00 PM,20.8,63.6,20.5,13.6,point
2025-10-30 05:00:00 PM,20.8,56.0,20.3,11.7,point
2025-10-30 05:30:00 PM,21.0,56.3,20.6,12.0,point
2025-10-30 06:00:00 PM,21.0,56.8,20.6,12.1,point
2025-10-30 06:30:00 PM,20.9,56.4,20.5,12.0,point
2025-10-30 07:00:00 PM,21.0,56.5,20.5,12.0,point
2025-10-30 07:30:00 PM,21.0,56.5,20.6,12.1,point
2025-10-30 08:00:00 PM,21.0,56.5,20.6,12.1,point
2025-10-30 08:30:00 PM,21.0,56.2,20.5,11.9,point
2025-10-30 09:00:00 PM,18.1,55.6,16.5,9.1,point
2025-10-30 09:30:00 PM,11.1,59.7,10.2,3.5,point
2025-10-30 10:00:00 PM,6.1,72.5,5.8,1.5,point
2025-10-30 10:30:00 PM,5.7,78.3,5.6,2.2,point
2025-10-30 11:00:00 PM,5.6,80.1,5.5,2.5,point
2025-10-30 11:30:00 PM,5.5,81.1,5.4,2.5,point
2025-10-31 12:00:00 AM,5.5,81.8,5.4,2.7,point
2025-10-31 12:30:00 AM,5.4,82.4,5.3,2.7,point
2025-10-31 01:00:00 AM,5.4,82.8,5.4,2.8,point
2025-10-31 01:30:00 AM,5.4,83.4,5.4,2.8,point
2025-10-31 02:00:00 AM,5.4,83.8,5.4,2.9,point
2025-10-31 02:30:00 AM,5.4,84.0,5.4,2.9,point
2025-10-31 03:00:00 AM,5.4,84.3,5.4,3.0,point
2025-10-31 03:30:00 AM,5.5,83.9,5.4,3.0,point
2025-10-31 04:00:00 AM,5.5,84.3,5.4,3.1,point
2025-10-31 04:30:00 AM,5.5,84.4,5.4,3.0,point
2025-10-31 05:00:00 AM,5.2,83.6,5.2,2.7,point
2025-10-31 05:30:00 AM,5.4,84.1,5.3,2.9,point
2025-10-31 06:00:00 AM,5.4,84.5,5.4,3.0,point
2025-10-31 06:30:00 AM,5.4,84.4,5.4,3.0,point
2025-10-31 07:00:00 AM,5.4,84.6,5.3,3.0,point
2025-10-31 07:30:00 AM,5.4,84.8,5.4,3.0,point
2025-10-31 08:00:00 AM,8.2,90.5,8.2,6.7,point
2025-10-31 08:30:00 AM,14.7,82.2,14.5,11.7,point
2025-10-31 09:00:00 AM,20.0,65.8,19.6,13.4,point
2025-10-31 09:30:00 AM,20.7,62.0,20.5,13.2,point
2025-10-31 10:00:00 AM,20.8,61.1,20.6,13.1,point
2025-10-31 10:30:00 AM,20.8,60.4,20.6,12.9,point
2025-10-31 11:00:00 AM,20.9,60.4,20.7,13.0,point
2025-10-31 11:30:00 AM,20.9,60.0,20.6,12.9,point
2025-10-31 12:00:00 PM,20.9,59.5,20.6,12.8,point
2025-10-31 12:30:00 PM,21.0,58.6,20.7,12.6,point
2025-10-31 01:00:00 PM,21.0,57.9,20.7,12.4,point
2025-10-31 01:30:00 PM,20.9,57.2,20.5,12.2,point
2025-10-31 02:00:00 PM,20.9,56.8,20.5,12.0,point
2025-10-31 02:30:00 PM,21.0,56.8,20.5,12.1,point
2025-10-31 03:00:00 PM,21.0,56.2,20.5,11.9,point
2025-10-31 03:30:00 PM,21.0,56.0,20.5,11.9,point
2025-10-31 04:00:00 PM,21.0,55.5,20.6,11.8,point
2025-10-31 04:30:00 PM,20.8,49.1,19.9,9.7,point
2025-10-31 05:00:00 PM,21.0,48.7,20.2,9.8,point
2025-10-31 05:30:00 PM,20.3,68.2,20.1,14.3,point
2025-10-31 06:00:00 PM,20.2,81.5,20.5,16.9,point
2025-10-31 06:30:00 PM,20.2,83.5,20.6,17.4,point
2025-10-31 07:00:00 PM,20.3,84.6,20.7,17.6,point
2025-10-31 07:30:00 PM,20.3,84.6,20.7,17.6,point
2025-10-31 08:00:00 PM,20.3,84.3,20.6,17.5,point
2025-10-31 08:30:00 PM,20.4,84.1,20.9,17.7,point
2025-10-31 09:00:00 PM,17.7,77.0,17.4,13.6,point
2025-10-31 09:30:00 PM,11.5,70.4,10.9,6.3,point
2025-10-31 10:00:00 PM,6.5,77.8,6.3,2.9,point
2025-10-31 10:30:00 PM,6.0,84.0,5.9,3.5,point
2025-10-31 11:00:00 PM,5.8,86.0,5.7,3.6,point
2025-10-31 11:30:00 PM,5.7,86.5,5.6,3.6,point
2025-11-01 12:00:00 AM,5.7,86.9,5.6,3.6,point
2025-11-01 12:30:00 AM,5.6,87.0,5.6,3.6,point
2025-11-01 01:00:00 AM,5.6,87.4,5.5,3.6,point
2025-11-01 01:30:00 AM,5.6,87.3,5.6,3.7,point
2025-11-01 02:00:00 AM,5.6,87.3,5.6,3.7,point
2025-11-01 02:30:00 AM,5.7,87.3,5.7,3.8,point
2025-11-01 03:00:00 AM,5.6,87.6,5.5,3.7,point
2025-11-01 03:30:00 AM,5.5,87.8,5.5,3.7,point
2025-11-01 04:00:00 AM,5.6,87.5,5.6,3.7,point
2025-11-01 04:30:00 AM,5.6,87.3,5.6,3.7,point
2025-11-01 05:00:00 AM,5.6,87.2,5.5,3.6,point
2025-11-01 05:30:00 AM,5.6,87.4,5.5,3.6,point
2025-11-01 06:00:00 AM,5.5,87.3,5.5,3.6,point
2025-11-01 06:30:00 AM,5.6,87.5,5.5,3.7,point
2025-11-01 07:00:00 AM,5.6,87.5,5.5,3.7,point
2025-11-01 07:30:00 AM,5.6,87.4,5.5,3.6,point
2025-11-01 08:00:00 AM,8.5,95.4,8.6,7.8,point
2025-11-01 08:30:00 AM,14.9,95.6,15.2,14.2,point
2025-11-01 09:00:00 AM,19.6,76.7,19.4,15.3,point
2025-11-01 09:30:00 AM,20.1,70.7,20.0,14.6,point
2025-11-01 10:00:00 AM,20.2,67.1,20.0,14.0,point
2025-11-01 10:30:00 AM,20.4,63.2,20.0,13.1,point
2025-11-01 11:00:00 AM,20.5,60.9,20.1,12.7,point
2025-11-01 11:30:00 AM,20.5,58.7,19.9,12.1,point
2025-11-01 12:00:00 PM,20.4,57.0,19.8,11.6,point
2025-11-01 12:30:00 PM,20.6,55.6,19.9,11.4,point
2025-11-01 01:00:00 PM,20.5,54.4,19.8,11.0,point
2025-11-01 01:30:00 PM,20.5,53.1,19.8,10.7,point
2025-11-01 02:00:00 PM,20.5,52.4,19.7,10.4,point
2025-11-01 02:30:00 PM,20.6,51.7,19.9,10.3,point
2025-11-01 03:00:00 PM,20.6,50.9,19.7,10.1,point
2025-11-01 03:30:00 PM,20.5,50.3,19.7,9.9,point
2025-11-01 04:00:00 PM,20.6,50.0,19.6,9.8,point
2025-11-01 04:30:00 PM,20.6,49.7,19.8,9.8,point
2025-11-01 05:00:00 PM,20.5,49.1,19.6,9.4,point
2025-11-01 05:30:00 PM,20.7,48.8,19.8,9.5,point
2025-11-01 06:00:00 PM,20.6,48.6,19.7,9.4,point
2025-11-01 06:30:00 PM,20.7,48.7,19.7,9.5,point
2025-11-01 07:00:00 PM,20.6,48.5,19.7,9.4,point
2025-11-01 07:30:00 PM,20.8,48.6,19.9,9.5,point
2025-11-01 08:00:00 PM,20.7,48.4,19.7,9.4,point
2025-11-01 08:30:00 PM,20.7,48.1,19.7,9.3,point
2025-11-01 09:00:00 PM,18.0,47.7,16.0,6.7,point
2025-11-01 09:30:00 PM,11.7,52.3,10.5,2.2,point
2025-11-01 10:00:00 PM,6.6,64.3,6.2,0.4,point
2025-11-01 10:30:00 PM,6.1,70.4,5.7,1.1,point
2025-11-01 11:00:00 PM,5.8,71.8,5.6,1.1,point
2025-11-01 11:30:00 PM,5.8,72.7,5.5,1.2,point
2025-11-02 12:00:00 AM,5.7,73.1,5.4,1.2,point
2025-11-02 12:30:00 AM,5.8,73.8,5.5,1.4,point
2025-11-02 01:00:00 AM,5.6,74.0,5.4,1.4,point
2025-11-02 01:30:00 AM,5.7,74.4,5.4,1.5,point
2025-11-02 02:00:00 AM,5.7,74.9,5.5,1.6,point
2025-11-02 02:30:00 AM,5.6,74.8,5.4,1.5,point
2025-11-02 03:00:00 AM,5.6,75.0,5.4,1.5,point
2025-11-02 03:30:00 AM,5.6,75.1,5.4,1.6,point
2025-11-02 04:00:00 AM,5.6,75.0,5.3,1.5,point
2025-11-02 04:30:00 AM,5.6,74.8,5.3,1.4,point
2025-11-02 05:00:00 AM,5.6,74.8,5.3,1.4,point
2025-11-02 05:30:00 AM,5.6,74.6,5.3,1.4,point
2025-11-02 06:00:00 AM,5.6,74.7,5.4,1.5,point
2025-11-02 06:30:00 AM,5.5,74.9,5.3,1.4,point
2025-11-02 07:00:00 AM,5.6,75.4,5.4,1.6,point
2025-11-02 07:30:00 AM,5.6,75.3,5.3,1.6,point
2025-11-02 08:00:00 AM,8.3,79.1,8.2,4.9,point
2025-11-02 08:30:00 AM,14.8,70.3,14.2,9.5,point
2025-11-02 09:00:00 AM,19.6,54.9,18.4,10.3,point
2025-11-02 09:30:00 AM,20.1,51.2,19.1,9.8,point
2025-11-02 10:00:00 AM,20.2,50.7,19.3,9.7,point
2025-11-02 10:30:00 AM,20.4,51.5,19.4,10.0,point
2025-11-02 11:00:00 AM,20.4,51.5,19.6,10.1,point
2025-11-02 11:30:00 AM,20.5,51.9,19.7,10.3,point
2025-11-02 12:00:00 PM,20.5,52.2,19.6,10.4,point
2025-11-02 12:30:00 PM,20.6,53.0,20.0,10.7,point
2025-11-02 01:00:00 PM,20.6,53.0,19.8,10.6,point
2025-11-02 01:30:00 PM,20.6,52.6,20.0,10.6,point
2025-11-02 02:00:00 PM,20.7,51.7,19.9,10.4,point
2025-11-02 02:30:00 PM,20.7,50.6,20.0,10.1,point
2025-11-02 03:00:00 PM,20.5,49.2,19.6,9.5,point
2025-11-02 03:30:00 PM,20.6,48.4,19.7,9.3,point
2025-11-02 04:00:00 PM,20.6,48.0,19.6,9.2,point
2025-11-02 04:30:00 PM,20.6,47.4,19.5,9.0,point
2025-11-02 05:00:00 PM,20.6,47.0,19.7,8.9,point
2025-11-02 05:30:00 PM,20.7,46.9,19.8,9.0,point
2025-11-02 06:00:00 PM,20.7,46.9,19.6,8.9,point
2025-11-02 06:30:00 PM,20.6,46.8,19.5,8.8,point
2025-11-02 07:00:00 PM,20.7,46.9,19.6,8.9,point
2025-11-02 07:30:00 PM,20.5,46.7,19.5,8.8,point
2025-11-02 08:00:00 PM,20.6,46.6,19.6,8.8,point
2025-11-02 08:30:00 PM,20.7,46.8,19.8,8.9,point
2025-11-02 09:00:00 PM,18.0,46.6,15.9,6.4,point
2025-11-02 09:30:00 PM,11.7,51.7,10.6,2.1,point
2025-11-02 10:00:00 PM,6.6,63.9,6.1,0.2,point
2025-11-02 10:30:00 PM,6.0,70.3,5.7,1.0,point
2025-11-02 11:00:00 PM,5.9,72.2,5.6,1.3,point
2025-11-02 11:30:00 PM,5.8,73.4,5.5,1.4,point
2025-11-03 12:00:00 AM,5.8,74.2,5.5,1.6,point
2025-11-03 12:30:00 AM,5.7,74.8,5.5,1.6,point
2025-11-03 01:00:00 AM,5.8,75.2,5.5,1.7,point
2025-11-03 01:30:00 AM,5.7,75.2,5.4,1.6,point
2025-11-03 02:00:00 AM,5.7,75.4,5.4,1.6,point
2025-11-03 02:30:00 AM,5.6,75.3,5.3,1.5,point
2025-11-03 03:00:00 AM,5.6,75.5,5.3,1.6,point
2025-11-03 03:30:00 AM,5.6,75.7,5.3,1.6,point
2025-11-03 04:00:00 AM,5.6,75.8,5.4,1.7,point
2025-11-03 04:30:00 AM,5.6,76.0,5.3,1.7,point
2025-11-03 05:00:00 AM,5.6,76.2,5.3,1.7,point
2025-11-03 05:30:00 AM,5.6,76.3,5.3,1.8,point
2025-11-03 06:00:00 AM,5.6,76.6,5.4,1.8,point
2025-11-03 06:30:00 AM,5.6,76.5,5.4,1.8,point
2025-11-03 07:00:00 AM,5.6,76.7,5.3,1.8,point
2025-11-03 07:30:00 AM,5.6,77.0,5.5,1.9,point
2025-11-03 08:00:00 AM,8.3,81.3,8.1,5.2,point
2025-11-03 08:30:00 AM,14.8,72.5,14.2,9.9,point
2025-11-03 09:00:00 AM,19.5,55.7,18.5,10.4,point
2025-11-03 09:30:00 AM,20.1,51.4,19.1,9.8,point
2025-11-03 10:00:00 AM,20.4,50.9,19.6,9.9,point
2025-11-03 10:30:00 AM,20.5,50.5,19.7,9.9,point
2025-11-03 11:00:00 AM,20.5,50.5,19.7,9.9,point
2025-11-03 11:30:00 AM,20.6,50.9,19.9,10.1,point
2025-11-03 12:00:00 PM,20.7,51.0,19.9,10.2,point
2025-11-03 12:30:00 PM,20.6,51.3,19.9,10.2,point
2025-11-03 01:00:00 PM,20.8,51.4,20.1,10.4,point
2025-11-03 01:30:00 PM,20.7,50.6,20.0,10.1,point
2025-11-03 02:00:00 PM,20.6,50.3,19.7,9.9,point
2025-11-03 02:30:00 PM,20.8,50.0,20.0,10.0,point
2025-11-03 03:00:00 PM,20.6,49.8,19.8,9.8,point
2025-11-03 03:30:00 PM,20.6,49.8,19.6,9.8,point
2025-11-03 04:00:00 PM,20.7,50.0,20.0,9.9,point
2025-11-03 04:30:00 PM,20.8,49.7,19.9,9.9,point
2025-11-03 05:00:00 PM,20.7,49.1,19.9,9.7,point
2025-11-03 05:30:00 PM,20.8,48.7,19.9,9.6,point
2025-11-03 06:00:00 PM,20.7,48.3,19.7,9.4,point
2025-11-03 06:30:00 PM,20.7,48.2,19.9,9.4,point
2025-11-03 07:00:00 PM,20.6,48.1,19.7,9.3,point
2025-11-03 07:30:00 PM,20.8,48.2,20.0,9.5,point
2025-11-03 08:00:00 PM,20.8,48.0,20.0,9.4,point
2025-11-03 08:30:00 PM,20.8,47.8,19.9,9.3,point
2025-11-03 09:00:00 PM,18.1,47.4,16.2,6.8,point
2025-11-03 09:30:00 PM,11.8,51.8,10.7,2.2,point
2025-11-03 10:00:00 PM,6.6,65.4,6.2,0.6,point
2025-11-03 10:30:00 PM,6.0,72.2,5.8,1.4,point
2025-11-03 11:00:00 PM,6.1,73.3,5.9,1.7,point
2025-11-03 11:30:00 PM,5.8,75.2,5.6,1.8,point
2025-11-04 12:00:00 AM,5.8,76.2,5.6,1.9,point
2025-11-04 12:30:00 AM,5.8,76.6,5.6,2.0,point
2025-11-04 01:00:00 AM,5.8,76.8,5.5,2.0,point
2025-11-04 01:30:00 AM,5.8,77.2,5.6,2.1,point
2025-11-04 02:00:00 AM,5.8,77.2,5.6,2.1,point
2025-11-04 02:30:00 AM,5.7,77.1,5.6,2.0,point
2025-11-04 03:00:00 AM,5.9,77.4,5.8,2.3,point
2025-11-04 03:30:00 AM,5.7,77.7,5.6,2.1,point
2025-11-04 04:00:00 AM,5.7,77.6,5.5,2.1,point
2025-11-04 04:30:00 AM,5.7,77.9,5.5,2.1,point
2025-11-04 05:00:00 AM,5.7,78.2,5.5,2.1,point
2025-11-04 05:30:00 AM,5.6,78.4,5.5,2.2,point
2025-11-04 06:00:00 AM,5.7,78.6,5.5,2.2,point
2025-11-04 06:30:00 AM,5.7,79.0,5.5,2.3,point
2025-11-04 07:00:00 AM,5.7,79.2,5.6,2.4,point
2025-11-04 07:30:00 AM,5.8,79.4,5.6,2.5,point
2025-11-04 08:00:00 AM,8.4,84.6,8.3,5.9,point
2025-11-04 08:30:00 AM,14.7,73.0,14.2,9.9,point
2025-11-04 09:00:00 AM,19.8,53.6,18.8,10.1,point
2025-11-04 09:30:00 AM,20.5,48.9,19.5,9.4,point
2025-11-04 10:00:00 AM,20.6,47.8,19.7,9.2,point
2025-11-04 10:30:00 AM,20.7,48.1,19.9,9.3,point
2025-11-04 11:00:00 AM,20.8,48.1,19.9,9.4,point
2025-11-04 11:30:00 AM,20.8,48.1,19.9,9.4,point
2025-11-04 12:00:00 PM,20.9,47.6,20.0,9.3,point
2025-11-04 12:30:00 PM,20.9,46.7,19.9,9.0,point
2025-11-04 01:00:00 PM,20.8,45.4,19.8,8.5,point
2025-11-04 01:30:00 PM,20.9,44.3,19.8,8.3,point
2025-11-04 02:00:00 PM,20.9,43.7,19.8,8.1,point
2025-11-04 02:30:00 PM,20.9,42.9,20.0,7.9,point
2025-11-04 03:00:00 PM,20.8,42.7,19.6,7.7,point
2025-11-04 03:30:00 PM,20.9,42.0,19.9,7.5,point
2025-11-04 04:00:00 PM,21.0,42.1,19.9,7.6,point
2025-11-04 04:30:00 PM,21.0,41.8,20.0,7.6,point
2025-11-04 05:00:00 PM,20.9,41.6,19.9,7.4,point
2025-11-04 05:30:00 PM,20.9,41.4,19.7,7.3,point
2025-11-04 06:00:00 PM,20.8,41.0,19.7,7.1,point
2025-11-04 06:30:00 PM,20.9,40.6,19.6,7.0,point
2025-11-04 07:00:00 PM,20.8,40.7,19.6,7.0,point
2025-11-04 07:30:00 PM,20.8,40.6,19.6,7.0,point
2025-11-04 08:00:00 PM,20.8,40.5,19.6,6.9,point
2025-11-04 08:30:00 PM,20.9,40.2,19.6,6.9,point
2025-11-04 09:00:00 PM,18.4,40.8,16.1,4.9,point
2025-11-04 09:30:00 PM,12.3,46.2,10.8,1.0,point
2025-11-04 10:00:00 PM,6.6,60.3,6.0,-0.6,point
2025-11-04 10:30:00 PM,6.0,66.7,5.6,0.3,point
2025-11-04 11:00:00 PM,6.0,68.2,5.6,0.6,point
2025-11-04 11:30:00 PM,5.9,68.7,5.5,0.6,point
2025-11-05 12:00:00 AM,5.8,68.7,5.4,0.5,point
2025-11-05 12:30:00 AM,5.7,68.5,5.4,0.4,point
2025-11-05 01:00:00 AM,5.8,68.7,5.4,0.5,point
2025-11-05 01:30:00 AM,5.7,69.1,5.4,0.5,point
2025-11-05 02:00:00 AM,5.7,69.4,5.4,0.6,point
2025-11-05 02:30:00 AM,5.8,69.4,5.4,0.6,point
2025-11-05 03:00:00 AM,5.6,69.2,5.3,0.4,point
2025-11-05 03:30:00 AM,5.8,69.0,5.4,0.6,point
2025-11-05 04:00:00 AM,5.7,68.7,5.3,0.4,point
2025-11-05 04:30:00 AM,5.7,69.0,5.4,0.5,point
2025-11-05 05:00:00 AM,5.7,69.3,5.3,0.5,point
2025-11-05 05:30:00 AM,5.7,68.9,5.3,0.4,point
2025-11-05 06:00:00 AM,5.6,68.9,5.2,0.3,point
2025-11-05 06:30:00 AM,5.6,68.9,5.3,0.4,point
2025-11-05 07:00:00 AM,5.6,68.8,5.3,0.3,point
2025-11-05 07:30:00 AM,5.8,69.5,5.4,0.6,point
2025-11-05 08:00:00 AM,8.2,75.3,8.0,4.1,point
2025-11-05 08:30:00 AM,14.6,63.5,13.6,7.7,point
2025-11-05 09:00:00 AM,19.7,46.8,18.3,8.0,point
2025-11-05 09:30:00 AM,20.6,42.7,19.3,7.5,point
2025-11-05 10:00:00 AM,20.7,42.2,19.6,7.4,point
2025-11-05 10:30:00 AM,20.8,42.1,19.6,7.4,point
2025-11-05 11:00:00 AM,20.8,42.1,19.6,7.4,point
2025-11-05 11:30:00 AM,20.8,42.3,19.7,7.5,point
2025-11-05 12:00:00 PM,20.8,42.4,19.7,7.6,point
2025-11-05 12:30:00 PM,20.9,42.6,19.9,7.8,point
2025-11-05 01:00:00 PM,20.8,41.9,19.6,7.4,point
2025-11-05 01:30:00 PM,20.9,42.4,19.9,7.7,point
2025-11-05 02:00:00 PM,20.9,42.0,19.7,7.5,point
2025-11-05 02:30:00 PM,20.9,42.3,19.9,7.7,point
2025-11-05 03:00:00 PM,20.9,42.4,19.7,7.6,point
2025-11-05 03:30:00 PM,20.9,42.6,19.9,7.8,point
2025-11-05 04:00:00 PM,20.9,42.5,19.9,7.7,point
2025-11-05 04:30:00 PM,20.9,41.8,19.9,7.5,point
2025-11-05 05:00:00 PM,21.0,41.3,19.9,7.3,point
2025-11-05 05:30:00 PM,21.0,41.1,20.0,7.3,point
2025-11-05 06:00:00 PM,20.9,40.8,19.9,7.2,point
2025-11-05 06:30:00 PM,21.0,40.6,19.8,7.1,point
2025-11-05 07:00:00 PM,21.0,40.7,19.8,7.1,point
2025-11-05 07:30:00 PM,21.0,40.8,19.9,7.2,point
2025-11-05 08:00:00 PM,20.9,40.3,19.8,6.9,point
2025-11-05 08:30:00 PM,21.0,40.1,19.8,6.9,point
2025-11-05 09:00:00 PM,18.5,40.3,16.2,4.8,point
2025-11-05 09:30:00 PM,12.4,46.4,11.0,1.3,point
2025-11-05 10:00:00 PM,6.6,61.7,6.1,-0.2,point
2025-11-05 10:30:00 PM,6.1,69.0,5.8,0.9,point
2025-11-05 11:00:00 PM,6.0,70.9,5.6,1.1,point
2025-11-05 11:30:00 PM,5.9,71.8,5.6,1.2,point
2025-11-06 12:00:00 AM,5.9,72.8,5.6,1.4,point
2025-11-06 12:30:00 AM,5.8,73.2,5.6,1.4,point
2025-11-06 01:00:00 AM,5.8,73.9,5.5,1.4,point
2025-11-06 01:30:00 AM,5.7,74.0,5.5,1.4,point
2025-11-06 02:00:00 AM,5.8,74.5,5.5,1.6,point
2025-11-06 02:30:00 AM,5.7,74.7,5.4,1.5,point
2025-11-06 03:00:00 AM,5.7,74.7,5.5,1.6,point
2025-11-06 03:30:00 AM,5.7,74.6,5.4,1.5,point
2025-11-06 04:00:00 AM,5.7,74.2,5.4,1.5,point
2025-11-06 04:30:00 AM,5.7,74.5,5.5,1.5,point
2025-11-06 05:00:00 AM,5.7,74.4,5.5,1.5,point
2025-11-06 05:30:00 AM,5.7,74.4,5.5,1.5,point
2025-11-06 06:00:00 AM,5.7,74.6,5.4,1.5,point
2025-11-06 06:30:00 AM,5.7,75.1,5.5,1.7,point
2025-11-06 07:00:00 AM,5.7,75.1,5.4,1.6,point
2025-11-06 07:30:00 AM,5.7,75.4,5.5,1.7,point
2025-11-06 08:00:00 AM,8.2,79.2,8.0,4.8,point
2025-11-06 08:30:00 AM,14.5,67.5,13.8,8.6,point
2025-11-06 09:00:00 AM,19.8,49.5,18.5,8.9,point
2025-11-06 09:30:00 AM,20.4,45.6,19.3,8.3,point
2025-11-06 10:00:00 AM,20.7,45.1,19.6,8.4,point
2025-11-06 10:30:00 AM,20.6,45.1,19.6,8.3,point
2025-11-06 11:00:00 AM,20.8,45.4,19.8,8.6,point
2025-11-06 11:30:00 AM,20.8,45.7,19.8,8.7,point
2025-11-06 12:00:00 PM,20.8,46.0,19.8,8.8,point
2025-11-06 12:30:00 PM,20.9,46.0,20.1,8.9,point
2025-11-06 01:00:00 PM,20.9,45.6,19.9,8.7,point
2025-11-06 01:30:00 PM,20.9,45.1,20.1,8.6,point
2025-11-06 02:00:00 PM,21.0,45.1,20.2,8.7,point
2025-11-06 02:30:00 PM,21.1,45.4,20.2,8.8,point
2025-11-06 03:00:00 PM,20.9,44.5,19.8,8.4,point
2025-11-06 03:30:00 PM,21.0,42.8,19.9,7.9,point
2025-11-06 04:00:00 PM,21.0,44.0,20.1,8.3,point
2025-11-06 04:30:00 PM,21.1,44.4,20.1,8.5,point
2025-11-06 05:00:00 PM,20.9,44.4,20.0,8.4,point
2025-11-06 05:30:00 PM,21.0,44.1,20.1,8.4,point
2025-11-06 06:00:00 PM,21.0,44.9,20.1,8.6,point
2025-11-06 06:30:00 PM,20.9,43.9,20.0,8.2,point
2025-11-06 07:00:00 PM,21.0,43.3,20.1,8.1,point
2025-11-06 07:30:00 PM,21.0,42.9,20.0,7.9,point
2025-11-06 08:00:00 PM,21.0,42.3,20.0,7.8,point
2025-11-06 08:30:00 PM,21.0,41.7,19.9,7.5,point
2025-11-06 09:00:00 PM,18.8,42.0,16.8,5.6,point
2025-11-06 09:30:00 PM,12.3,48.2,11.0,1.7,point
2025-11-06 10:00:00 PM,6.5,62.9,6.1,-0.1,point
2025-11-06 10:30:00 PM,5.9,70.5,5.6,0.9,point
2025-11-06 11:00:00 PM,5.7,72.5,5.5,1.2,point
2025-11-06 11:30:00 PM,5.7,74.0,5.4,1.4,point
2025-11-07 12:00:00 AM,5.6,74.7,5.4,1.5,point
2025-11-07 12:30:00 AM,5.7,75.5,5.4,1.7,point
2025-11-07 01:00:00 AM,5.6,76.3,5.4,1.8,point
2025-11-07 01:30:00 AM,5.6,76.5,5.3,1.8,point
2025-11-07 02:00:00 AM,5.6,76.5,5.3,1.8,point
2025-11-07 02:30:00 AM,5.6,76.9,5.5,1.9,point
2025-11-07 03:00:00 AM,5.7,77.2,5.5,2.0,point
2025-11-07 03:30:00 AM,5.6,77.0,5.5,1.9,point
2025-11-07 04:00:00 AM,5.7,77.1,5.5,2.0,point
2025-11-07 04:30:00 AM,5.6,76.9,5.4,1.9,point
2025-11-07 05:00:00 AM,5.6,76.2,5.3,1.7,point
2025-11-07 05:30:00 AM,5.4,76.2,5.2,1.6,point
2025-11-07 06:00:00 AM,5.8,78.3,5.7,2.4,point
2025-11-07 06:30:00 AM,5.6,76.0,5.4,1.7,point
2025-11-07 07:00:00 AM,5.6,76.2,5.4,1.8,point
2025-11-07 07:30:00 AM,5.6,76.1,5.3,1.7,point
2025-11-07 08:00:00 AM,8.0,80.1,7.8,4.8,point
2025-11-07 08:30:00 AM,14.2,68.5,13.5,8.5,point
2025-11-07 09:00:00 AM,19.9,49.7,18.6,9.1,point
2025-11-07 09:30:00 AM,20.5,45.5,19.5,8.3,point
2025-11-07 10:00:00 AM,20.7,44.6,19.7,8.2,point
2025-11-07 10:30:00 AM,20.8,44.8,19.8,8.4,point
2025-11-07 11:00:00 AM,20.9,45.3,19.9,8.6,point
2025-11-07 11:30:00 AM,20.9,45.6,20.1,8.8,point
2025-11-07 12:00:00 PM,20.9,45.4,19.9,8.7,point
2025-11-07 12:30:00 PM,20.9,44.9,20.0,8.5,point
2025-11-07 01:00:00 PM,20.9,44.6,20.0,8.4,point
2025-11-07 01:30:00 PM,20.9,43.9,20.0,8.2,point
2025-11-07 02:00:00 PM,20.9,43.7,20.0,8.1,point
2025-11-07 02:30:00 PM,20.9,43.1,20.0,8.0,point
2025-11-07 03:00:00 PM,20.9,43.4,20.0,8.0,point
2025-11-07 03:30:00 PM,21.2,40.0,20.2,7.1,point
2025-11-07 04:00:00 PM,20.8,37.9,19.4,5.9,point
2025-11-07 04:30:00 PM,20.8,40.3,19.5,6.8,point
2025-11-07 05:00:00 PM,20.3,60.2,19.9,12.4,point
2025-11-07 05:30:00 PM,20.2,66.8,20.0,13.9,point
2025-11-07 06:00:00 PM,20.2,66.2,19.8,13.7,point
2025-11-07 06:30:00 PM,20.3,61.6,19.7,12.7,point
2025-11-07 07:00:00 PM,20.3,55.5,19.5,11.1,point
2025-11-07 07:30:00 PM,20.4,52.4,19.6,10.3,point
2025-11-07 08:00:00 PM,20.4,50.8,19.6,9.9,point
2025-11-07 08:30:00 PM,20.4,49.3,19.5,9.5,point
2025-11-07 09:00:00 PM,18.1,47.7,16.2,6.8,point
2025-11-07 09:30:00 PM,11.8,52.4,10.7,2.4,point
2025-11-07 10:00:00 PM,6.4,65.3,6.0,0.4,point
2025-11-07 10:30:00 PM,5.9,71.8,5.6,1.2,point
2025-11-07 11:00:00 PM,5.7,73.8,5.5,1.4,point
2025-11-07 11:30:00 PM,5.6,74.5,5.4,1.4,point
2025-11-08 12:00:00 AM,5.6,75.4,5.4,1.6,point
2025-11-08 12:30:00 AM,5.5,76.1,5.2,1.6,point
2025-11-08 01:00:00 AM,5.5,76.4,5.3,1.7,point
2025-11-08 01:30:00 AM,5.5,76.1,5.3,1.6,point
2025-11-08 02:00:00 AM,5.5,76.0,5.2,1.6,point
2025-11-08 02:30:00 AM,5.4,75.9,5.2,1.5,point
2025-11-08 03:00:00 AM,5.5,76.1,5.3,1.7,point
2025-11-08 03:30:00 AM,5.5,75.9,5.2,1.6,point
2025-11-08 04:00:00 AM,5.4,75.3,5.2,1.4,point
2025-11-08 04:30:00 AM,5.3,74.6,5.1,1.2,point
2025-11-08 05:00:00 AM,5.4,74.8,5.2,1.3,point
2025-11-08 05:30:00 AM,5.6,74.7,5.3,1.4,point
2025-11-08 06:00:00 AM,5.4,74.6,5.2,1.3,point
2025-11-08 06:30:00 AM,5.6,74.9,5.3,1.5,point
2025-11-08 07:00:00 AM,5.4,74.6,5.2,1.3,point
2025-11-08 07:30:00 AM,5.3,74.2,5.1,1.1,point
2025-11-08 08:00:00 AM,8.2,77.7,8.0,4.6,point
2025-11-08 08:30:00 AM,14.5,65.8,13.6,8.2,point
2025-11-08 09:00:00 AM,19.3,47.4,17.6,7.8,point
2025-11-08 09:30:00 AM,20.0,43.5,18.6,7.2,point
2025-11-08 10:00:00 AM,20.2,42.9,18.8,7.2,point
2025-11-08 10:30:00 AM,20.4,42.7,19.1,7.3,point
2025-11-08 11:00:00 AM,20.3,42.5,19.0,7.2,point
2025-11-08 11:30:00 AM,20.4,42.9,19.1,7.4,point
2025-11-08 12:00:00 PM,20.5,42.8,19.3,7.4,point
2025-11-08 12:30:00 PM,20.5,42.5,19.3,7.3,point
2025-11-08 01:00:00 PM,20.4,42.2,19.0,7.1,point
2025-11-08 01:30:00 PM,20.4,41.8,19.0,7.0,point
2025-11-08 02:00:00 PM,20.5,41.5,19.3,7.0,point
2025-11-08 02:30:00 PM,20.5,41.2,19.3,6.9,point
2025-11-08 03:00:00 PM,20.5,41.1,19.3,6.8,point
2025-11-08 03:30:00 PM,20.6,41.0,19.3,6.9,point
2025-11-08 04:00:00 PM,20.5,40.6,19.2,6.7,point
2025-11-08 04:30:00 PM,20.6,40.3,19.2,6.7,point
2025-11-08 05:00:00 PM,20.6,40.2,19.3,6.7,point
2025-11-08 05:30:00 PM,20.5,39.9,19.0,6.4,point
2025-11-08 06:00:00 PM,20.6,39.9,19.2,6.5,point
2025-11-08 06:30:00 PM,20.6,40.0,19.3,6.6,point
2025-11-08 07:00:00 PM,20.5,40.0,19.2,6.5,point
2025-11-08 07:30:00 PM,20.5,40.1,19.0,6.5,point
2025-11-08 08:00:00 PM,20.5,40.1,19.2,6.5,point
2025-11-08 08:30:00 PM,20.6,40.1,19.3,6.6,point
2025-11-08 09:00:00 PM,18.2,40.7,15.9,4.6,point
2025-11-08 09:30:00 PM,11.9,47.2,10.6,1.0,point
2025-11-08 10:00:00 PM,6.5,61.9,6.0,-0.2,point
2025-11-08 10:30:00 PM,5.9,69.2,5.6,0.7,point
2025-11-08 11:00:00 PM,5.7,71.6,5.5,1.0,point
2025-11-08 11:30:00 PM,5.6,72.7,5.4,1.1,point
2025-11-09 12:00:00 AM,5.6,73.1,5.3,1.1,point
2025-11-09 12:30:00 AM,5.5,73.7,5.2,1.2,point
2025-11-09 01:00:00 AM,5.5,74.1,5.3,1.3,point
2025-11-09 01:30:00 AM,5.5,74.0,5.3,1.3,point
2025-11-09 02:00:00 AM,5.5,74.5,5.3,1.4,point
2025-11-09 02:30:00 AM,5.5,74.0,5.2,1.2,point
2025-11-09 03:00:00 AM,5.4,73.9,5.2,1.1,point
2025-11-09 03:30:00 AM,5.3,73.7,5.1,1.0,point
2025-11-09 04:00:00 AM,5.6,74.0,5.3,1.3,point
2025-11-09 04:30:00 AM,5.5,74.0,5.3,1.3,point
2025-11-09 05:00:00 AM,5.4,73.8,5.2,1.1,point
2025-11-09 05:30:00 AM,5.4,73.8,5.2,1.1,point
2025-11-09 06:00:00 AM,5.5,73.7,5.2,1.1,point
2025-11-09 06:30:00 AM,5.5,73.5,5.2,1.1,point
2025-11-09 07:00:00 AM,5.5,73.7,5.2,1.2,point
2025-11-09 07:30:00 AM,5.4,73.8,5.2,1.1,point
2025-11-09 08:00:00 AM,7.9,77.1,7.7,4.2,point
2025-11-09 08:30:00 AM,14.4,65.1,13.5,7.9,point
2025-11-09 09:00:00 AM,19.4,46.6,17.9,7.7,point
2025-11-09 09:30:00 AM,20.1,43.0,18.8,7.1,point
2025-11-09 10:00:00 AM,20.2,42.7,18.8,7.1,point
2025-11-09 10:30:00 AM,20.3,43.2,18.9,7.4,point
2025-11-09 11:00:00 AM,20.4,45.1,19.3,8.1,point
2025-11-09 11:30:00 AM,20.5,47.1,19.4,8.8,point
2025-11-09 12:00:00 PM,20.5,46.5,19.5,8.7,point
2025-11-09 12:30:00 PM,20.5,45.6,19.5,8.4,point
2025-11-09 01:00:00 PM,20.5,44.3,19.4,8.0,point
2025-11-09 01:30:00 PM,20.6,43.9,19.4,7.9,point
2025-11-09 02:00:00 PM,20.5,43.5,19.4,7.7,point
2025-11-09 02:30:00 PM,20.6,43.0,19.5,7.6,point
2025-11-09 03:00:00 PM,20.5,42.5,19.3,7.4,point
2025-11-09 03:30:00 PM,20.5,42.2,19.3,7.2,point
2025-11-09 04:00:00 PM,20.6,42.1,19.3,7.3,point
2025-11-09 04:30:00 PM,20.6,41.9,19.3,7.2,point
2025-11-09 05:00:00 PM,20.7,41.6,19.6,7.2,point
2025-11-09 05:30:00 PM,20.6,41.1,19.4,7.0,point
2025-11-09 06:00:00 PM,20.5,40.7,19.0,6.7,point
2025-11-09 06:30:00 PM,20.6,40.7,19.2,6.8,point
2025-11-09 07:00:00 PM,20.6,40.2,19.2,6.6,point
2025-11-09 07:30:00 PM,20.7,39.6,19.5,6.5,point
2025-11-09 08:00:00 PM,20.5,38.8,19.2,6.0,point
2025-11-09 08:30:00 PM,20.6,38.4,19.1,5.9,point
2025-11-09 09:00:00 PM,18.3,38.4,15.9,3.9,point
2025-11-09 09:30:00 PM,11.8,44.8,10.4,0.2,point
2025-11-09 10:00:00 PM,6.5,57.6,5.9,-1.3,point
2025-11-09 10:30:00 PM,5.8,63.9,5.4,-0.5,point
2025-11-09 11:00:00 PM,5.7,65.4,5.2,-0.3,point
2025-11-09 11:30:00 PM,5.6,65.7,5.3,-0.3,point
2025-11-10 12:00:00 AM,5.6,65.7,5.2,-0.3,point
2025-11-10 12:30:00 AM,5.7,65.7,5.3,-0.2,point
2025-11-10 01:00:00 AM,5.5,65.2,5.1,-0.5,point
2025-11-10 01:30:00 AM,5.5,65.0,5.1,-0.6,point
2025-11-10 02:00:00 AM,5.6,65.0,5.2,-0.4,point
2025-11-10 02:30:00 AM,5.4,64.7,5.1,-0.7,point
2025-11-10 03:00:00 AM,5.5,65.1,5.1,-0.5,point
2025-11-10 03:30:00 AM,5.6,65.4,5.1,-0.4,point
2025-11-10 04:00:00 AM,5.5,65.2,5.1,-0.5,point
2025-11-10 04:30:00 AM,5.5,65.0,5.1,-0.6,point
2025-11-10 05:00:00 AM,5.5,64.6,5.1,-0.6,point
2025-11-10 05:30:00 AM,5.4,64.4,5.1,-0.7,point
2025-11-10 06:00:00 AM,5.5,64.5,5.1,-0.7,point
2025-11-10 06:30:00 AM,5.5,64.2,5.1,-0.7,point
2025-11-10 07:00:00 AM,5.5,64.5,5.1,-0.6,point
2025-11-10 07:30:00 AM,5.5,64.2,5.1,-0.7,point
2025-11-10 08:00:00 AM,7.8,66.2,7.4,1.9,point
2025-11-10 08:30:00 AM,14.4,54.4,13.0,5.3,point
2025-11-10 09:00:00 AM,19.4,39.9,17.6,5.4,point
2025-11-10 09:30:00 AM,20.2,37.5,18.6,5.3,point
2025-11-10 10:00:00 AM,20.3,37.3,18.6,5.2,point
2025-11-10 10:30:00 AM,20.3,37.3,18.8,5.3,point
2025-11-10 11:00:00 AM,20.4,37.5,18.8,5.4,point
2025-11-10 11:30:00 AM,20.4,37.7,18.9,5.6,point
2025-11-10 12:00:00 PM,20.3,37.8,18.8,5.5,point
2025-11-10 12:30:00 PM,20.5,37.9,19.1,5.7,point
2025-11-10 01:00:00 PM,20.5,38.0,19.1,5.7,point
2025-11-10 01:30:00 PM,20.6,38.1,19.2,5.8,point
2025-11-10 02:00:00 PM,20.6,38.3,19.2,5.9,point
2025-11-10 02:30:00 PM,20.5,38.5,19.1,5.9,point
2025-11-10 03:00:00 PM,20.6,38.4,19.1,5.9,point
2025-11-10 03:30:00 PM,20.5,38.3,19.1,5.8,point
2025-11-10 04:00:00 PM,20.6,38.2,19.2,5.9,point
2025-11-10 04:30:00 PM,20.6,37.7,19.1,5.7,point
2025-11-10 05:00:00 PM,20.6,37.9,19.2,5.8,point
2025-11-10 05:30:00 PM,20.6,38.0,19.2,5.9,point
2025-11-10 06:00:00 PM,20.6,37.7,19.2,5.7,point
2025-11-10 06:30:00 PM,20.7,37.4,19.2,5.6,point
2025-11-10 07:00:00 PM,20.6,37.0,19.2,5.4,point
2025-11-10 07:30:00 PM,20.7,36.7,19.4,5.4,point
2025-11-10 08:00:00 PM,20.5,36.1,19.0,5.0,point
2025-11-10 08:30:00 PM,20.5,36.0,19.0,5.0,point
2025-11-10 09:00:00 PM,18.2,36.5,15.7,3.1,point
2025-11-10 09:30:00 PM,12.0,42.6,10.5,-0.3,point
2025-11-10 10:00:00 PM,6.5,56.7,6.0,-1.5,point
2025-11-10 10:30:00 PM,6.0,63.0,5.6,-0.5,point
2025-11-10 11:00:00 PM,5.7,64.2,5.3,-0.5,point
2025-11-10 11:30:00 PM,5.7,65.4,5.2,-0.3,point
2025-11-11 12:00:00 AM,5.6,65.3,5.1,-0.4,point
2025-11-11 12:30:00 AM,5.5,65.5,5.1,-0.4,point
2025-11-11 01:00:00 AM,5.6,65.3,5.1,-0.4,point
2025-11-11 01:30:00 AM,5.6,65.4,5.1,-0.4,point
2025-11-11 02:00:00 AM,5.6,65.6,5.1,-0.3,point
2025-11-11 02:30:00 AM,5.6,65.9,5.3,-0.2,point
2025-11-11 03:00:00 AM,5.6,65.8,5.2,-0.3,point
2025-11-11 03:30:00 AM,5.5,66.1,5.2,-0.3,point
2025-11-11 04:00:00 AM,5.5,66.0,5.1,-0.3,point
2025-11-11 04:30:00 AM,5.5,66.2,5.1,-0.3,point
2025-11-11 05:00:00 AM,5.6,66.4,5.2,-0.2,point
2025-11-11 05:30:00 AM,5.5,66.6,5.1,-0.2,point
2025-11-11 06:00:00 AM,5.4,66.4,5.1,-0.3,point
2025-11-11 06:30:00 AM,5.5,66.3,5.1,-0.3,point
2025-11-11 07:00:00 AM,5.5,66.1,5.2,-0.3,point
2025-11-11 07:30:00 AM,5.5,66.7,5.2,-0.2,point
2025-11-11 08:00:00 AM,7.5,69.0,7.0,2.2,point
2025-11-11 08:30:00 AM,13.8,56.2,12.6,5.2,point
2025-11-11 09:00:00 AM,19.7,40.6,18.0,5.9,point
2025-11-11 09:30:00 AM,20.8,37.5,19.4,5.8,point
2025-11-11 10:00:00 AM,20.9,37.3,19.7,5.8,point
2025-11-11 10:30:00 AM,20.9,37.8,19.7,6.0,point
2025-11-11 11:00:00 AM,21.0,38.8,19.8,6.4,point
2025-11-11 11:30:00 AM,21.1,39.0,20.1,6.6,point
2025-11-11 12:00:00 PM,21.0,39.0,19.8,6.5,point
2025-11-11 12:30:00 PM,21.0,39.1,19.8,6.5,point
2025-11-11 01:00:00 PM,21.0,39.3,19.8,6.6,point
2025-11-11 01:30:00 PM,21.0,39.6,19.8,6.7,point
2025-11-11 02:00:00 PM,21.0,39.3,19.9,6.7,point
2025-11-11 02:30:00 PM,21.1,39.0,19.9,6.6,point
2025-11-11 03:00:00 PM,21.0,38.7,19.9,6.4,point
2025-11-11 03:30:00 PM,21.0,38.5,19.8,6.4,point
2025-11-11 04:00:00 PM,21.1,38.1,20.0,6.3,point
2025-11-11 04:30:00 PM,21.1,37.5,19.8,6.0,point
2025-11-11 05:00:00 PM,21.1,37.5,20.0,6.1,point
2025-11-11 05:30:00 PM,21.1,37.5,19.8,6.0,point
2025-11-11 06:00:00 PM,21.0,37.2,19.8,5.9,point
2025-11-11 06:30:00 PM,21.1,37.5,20.0,6.1,point
2025-11-11 07:00:00 PM,21.1,37.2,20.0,5.9,point
2025-11-11 07:30:00 PM,21.1,37.2,19.8,5.9,point
2025-11-11 08:00:00 PM,21.1,37.0,19.8,5.8,point
2025-11-11 08:30:00 PM,21.1,36.7,20.0,5.7,point
2025-11-11 09:00:00 PM,18.8,37.1,16.6,3.9,point
2025-11-11 09:30:00 PM,12.1,43.4,10.6,0.0,point
2025-11-11 10:00:00 PM,6.5,57.4,6.0,-1.3,point
2025-11-11 10:30:00 PM,5.9,65.1,5.5,-0.1,point
2025-11-11 11:00:00 PM,5.6,66.6,5.3,-0.1,point
2025-11-11 11:30:00 PM,5.6,67.5,5.2,0.0,point
2025-11-12 12:00:00 AM,5.6,68.2,5.3,0.2,point
2025-11-12 12:30:00 AM,5.6,68.5,5.3,0.3,point
2025-11-12 01:00:00 AM,5.5,68.3,5.2,0.2,point
2025-11-12 01:30:00 AM,5.6,68.5,5.3,0.3,point
2025-11-12 02:00:00 AM,5.6,68.1,5.2,0.1,point
2025-11-12 02:30:00 AM,5.6,67.6,5.2,0.1,point
2025-11-12 03:00:00 AM,5.5,67.5,5.2,-0.0,point
2025-11-12 03:30:00 AM,5.5,67.5,5.2,0.0,point
2025-11-12 04:00:00 AM,5.5,67.2,5.2,-0.1,point
2025-11-12 04:30:00 AM,5.4,67.0,5.1,-0.2,point
2025-11-12 05:00:00 AM,5.6,67.1,5.2,-0.0,point
2025-11-12 05:30:00 AM,5.5,66.7,5.1,-0.2,point
2025-11-12 06:00:00 AM,5.6,67.2,5.2,0.0,point
2025-11-12 06:30:00 AM,5.6,67.3,5.3,0.0,point
2025-11-12 07:00:00 AM,5.5,66.6,5.2,-0.2,point
2025-11-12 07:30:00 AM,5.5,67.1,5.2,-0.1,point
2025-11-12 08:00:00 AM,7.4,68.9,7.0,2.1,point
2025-11-12 08:30:00 AM,13.7,57.8,12.6,5.6,point
2025-11-12 09:00:00 AM,19.8,41.5,18.1,6.3,point
2025-11-12 09:30:00 AM,20.7,38.3,19.4,6.0,point
2025-11-12 10:00:00 AM,20.9,38.4,19.5,6.2,point
2025-11-12 10:30:00 AM,20.9,38.7,19.8,6.4,point
2025-11-12 11:00:00 AM,20.9,39.2,19.8,6.6,point
2025-11-12 11:30:00 AM,21.0,40.0,19.9,6.9,point
2025-11-12 12:00:00 PM,21.0,39.7,19.8,6.8,point
2025-11-12 12:30:00 PM,21.0,39.7,19.9,6.8,point
2025-11-12 01:00:00 PM,21.1,39.2,19.9,6.6,point
2025-11-12 01:30:00 PM,21.1,38.4,20.0,6.4,point
2025-11-12 02:00:00 PM,21.1,37.8,19.8,6.1,point
2025-11-12 02:30:00 PM,21.1,37.9,19.8,6.2,point
2025-11-12 03:00:00 PM,21.1,37.1,19.8,5.8,point
2025-11-12 03:30:00 PM,21.0,36.2,19.7,5.5,point
2025-11-12 04:00:00 PM,21.1,36.0,19.9,5.5,point
2025-11-12 04:30:00 PM,21.1,35.8,19.9,5.4,point
2025-11-12 05:00:00 PM,21.1,35.6,19.7,5.3,point
2025-11-12 05:30:00 PM,21.1,35.6,19.7,5.3,point
2025-11-12 06:00:00 PM,21.1,35.7,19.7,5.3,point
2025-11-12 06:30:00 PM,21.1,36.2,19.9,5.5,point
2025-11-12 07:00:00 PM,21.2,36.3,20.0,5.7,point
2025-11-12 07:30:00 PM,21.1,36.1,19.7,5.5,point
2025-11-12 08:00:00 PM,21.1,35.9,19.9,5.5,point
2025-11-12 08:30:00 PM,21.1,35.8,19.7,5.4,point
2025-11-12 09:00:00 PM,19.1,36.1,16.9,3.8,point
2025-11-12 09:30:00 PM,12.2,42.3,10.7,-0.2,point
2025-11-12 10:00:00 PM,6.5,56.3,5.9,-1.6,point
2025-11-12 10:30:00 PM,5.8,64.1,5.3,-0.5,point
2025-11-12 11:00:00 PM,5.6,65.9,5.3,-0.3,point
2025-11-12 11:30:00 PM,5.6,66.7,5.3,-0.1,point
2025-11-13 12:00:00 AM,5.5,67.0,5.2,-0.1,point
2025-11-13 12:30:00 AM,5.6,67.5,5.3,0.1,point
2025-11-13 01:00:00 AM,5.7,67.4,5.3,0.1,point
2025-11-13 01:30:00 AM,5.5,67.2,5.1,-0.1,point
2025-11-13 02:00:00 AM,5.5,67.3,5.2,-0.1,point
2025-11-13 02:30:00 AM,5.6,67.1,5.2,-0.1,point
2025-11-13 03:00:00 AM,5.5,66.6,5.2,-0.2,point
2025-11-13 03:30:00 AM,5.6,66.4,5.2,-0.2,point
2025-11-13 04:00:00 AM,5.6,65.9,5.2,-0.3,point
2025-11-13 04:30:00 AM,5.5,65.8,5.1,-0.4,point
2025-11-13 05:00:00 AM,5.6,65.8,5.2,-0.3,point
2025-11-13 05:30:00 AM,5.6,65.7,5.3,-0.3,point
2025-11-13 06:00:00 AM,5.5,65.7,5.1,-0.4,point
2025-11-13 06:30:00 AM,5.5,65.7,5.1,-0.4,point
2025-11-13 07:00:00 AM,5.4,65.6,5.1,-0.5,point
2025-11-13 07:30:00 AM,5.5,65.8,5.2,-0.3,point
2025-11-13 08:00:00 AM,7.4,68.0,7.0,1.9,point
2025-11-13 08:30:00 AM,13.8,56.5,12.6,5.3,point
2025-11-13 09:00:00 AM,19.8,41.0,18.1,6.2,point
2025-11-13 09:30:00 AM,20.6,37.9,19.2,5.8,point
2025-11-13 10:00:00 AM,20.9,37.3,19.5,5.8,point
2025-11-13 10:30:00 AM,20.9,37.1,19.7,5.8,point
2025-11-13 11:00:00 AM,21.0,37.2,19.7,5.8,point
2025-11-13 11:30:00 AM,21.0,37.1,19.7,5.8,point
2025-11-13 12:00:00 PM,21.1,37.5,19.8,6.0,point
2025-11-13 12:30:00 PM,21.0,38.0,19.7,6.2,point
2025-11-13 01:00:00 PM,20.9,38.3,19.7,6.2,point
2025-11-13 01:30:00 PM,21.0,38.4,19.7,6.3,point
2025-11-13 02:00:00 PM,21.1,39.0,19.9,6.6,point
2025-11-13 02:30:00 PM,21.0,39.9,19.9,6.9,point
2025-11-13 03:00:00 PM,21.0,41.4,20.0,7.4,point
2025-11-13 03:30:00 PM,21.1,42.1,20.0,7.7,point
2025-11-13 04:00:00 PM,21.1,40.9,20.2,7.3,point
2025-11-13 04:30:00 PM,21.0,39.5,19.9,6.8,point
2025-11-13 05:00:00 PM,21.1,38.4,20.0,6.4,point
2025-11-13 05:30:00 PM,21.1,37.4,20.0,6.0,point
2025-11-13 06:00:00 PM,21.1,37.0,20.0,5.9,point
2025-11-13 06:30:00 PM,21.1,36.6,19.8,5.7,point
2025-11-13 07:00:00 PM,21.1,36.3,19.9,5.6,point
2025-11-13 07:30:00 PM,21.1,35.9,19.7,5.4,point
2025-11-13 08:00:00 PM,21.0,35.5,19.7,5.2,point
2025-11-13 08:30:00 PM,21.0,35.2,19.7,5.1,point
2025-11-13 09:00:00 PM,18.9,35.3,16.5,3.2,point
2025-11-13 09:30:00 PM,12.1,41.5,10.5,-0.6,point
2025-11-13 10:00:00 PM,6.4,55.0,5.7,-2.0,point
2025-11-13 10:30:00 PM,5.8,62.1,5.3,-0.9,point
2025-11-13 11:00:00 PM,5.7,63.8,5.2,-0.7,point
2025-11-13 11:30:00 PM,5.7,64.7,5.2,-0.5,point
2025-11-14 12:00:00 AM,5.6,64.9,5.1,-0.5,point
2025-11-14 12:30:00 AM,5.7,65.7,5.3,-0.2,point
2025-11-14 01:00:00 AM,5.5,66.3,5.1,-0.3,point
2025-11-14 01:30:00 AM,5.6,67.1,5.3,0.0,point
2025-11-14 02:00:00 AM,5.6,67.5,5.2,0.0,point
2025-11-14 02:30:00 AM,5.5,67.3,5.2,-0.1,point
2025-11-14 03:00:00 AM,5.6,67.8,5.2,0.1,point
2025-11-14 03:30:00 AM,5.5,68.3,5.2,0.1,point
2025-11-14 04:00:00 AM,5.5,68.8,5.2,0.2,point
2025-11-14 04:30:00 AM,5.5,69.1,5.2,0.3,point
2025-11-14 05:00:00 AM,5.7,69.6,5.3,0.6,point
2025-11-14 05:30:00 AM,5.5,69.8,5.2,0.4,point
2025-11-14 06:00:00 AM,5.5,70.5,5.2,0.6,point
2025-11-14 06:30:00 AM,5.5,70.7,5.1,0.6,point
2025-11-14 07:00:00 AM,5.6,71.3,5.3,0.8,point
2025-11-14 07:30:00 AM,5.5,72.0,5.2,0.8,point
2025-11-14 08:00:00 AM,7.4,75.5,7.1,3.4,point
2025-11-14 08:30:00 AM,13.7,64.6,12.8,7.1,point
2025-11-14 09:00:00 AM,19.6,45.9,18.2,7.7,point
2025-11-14 09:30:00 AM,20.7,42.0,19.6,7.4,point
2025-11-14 10:00:00 AM,20.9,41.7,19.9,7.4,point
2025-11-14 10:30:00 AM,21.0,41.7,19.9,7.5,point
2025-11-14 11:00:00 AM,21.1,42.2,20.0,7.7,point
2025-11-14 11:30:00 AM,21.0,43.3,20.0,8.0,point
2025-11-14 12:00:00 PM,21.0,43.6,20.0,8.1,point
2025-11-14 12:30:00 PM,21.1,44.7,20.3,8.6,point
2025-11-14 01:00:00 PM,21.0,44.7,20.1,8.6,point
2025-11-14 01:30:00 PM,21.1,44.5,20.1,8.5,point
2025-11-14 02:00:00 PM,21.1,44.3,20.3,8.5,point
2025-11-14 02:30:00 PM,21.1,44.2,20.3,8.5,point
2025-11-14 03:00:00 PM,21.0,44.2,20.1,8.4,point
2025-11-14 03:30:00 PM,21.1,43.7,20.3,8.3,point
2025-11-14 04:00:00 PM,21.0,43.1,20.1,8.0,point
2025-11-14 04:30:00 PM,21.1,42.5,20.0,7.8,point
2025-11-14 05:00:00 PM,21.0,41.8,20.0,7.6,point
2025-11-14 05:30:00 PM,21.1,41.4,20.2,7.5,point
2025-11-14 06:00:00 PM,21.1,40.9,20.0,7.3,point
2025-11-14 06:30:00 PM,21.1,40.7,20.1,7.3,point
2025-11-14 07:00:00 PM,21.1,40.7,19.9,7.2,point
2025-11-14 07:30:00 PM,21.0,40.3,19.9,7.0,point
2025-11-14 08:00:00 PM,21.0,40.1,19.9,7.0,point
2025-11-14 08:30:00 PM,21.2,40.1,20.1,7.1,point
2025-11-14 09:00:00 PM,18.9,40.2,16.8,5.1,point
2025-11-14 09:30:00 PM,12.2,46.9,10.9,1.2,point
2025-11-14 10:00:00 PM,6.5,61.4,5.9,-0.4,point
2025-11-14 10:30:00 PM,5.8,70.4,5.5,0.9,point
2025-11-14 11:00:00 PM,5.6,72.5,5.4,1.1,point
2025-11-14 11:30:00 PM,5.7,73.9,5.4,1.4,point
2025-11-15 12:00:00 AM,5.7,74.8,5.5,1.6,point
2025-11-15 12:30:00 AM,5.6,75.5,5.3,1.6,point
2025-11-15 01:00:00 AM,5.6,75.9,5.3,1.7,point
2025-11-15 01:30:00 AM,5.5,76.4,5.3,1.7,point
2025-11-15 02:00:00 AM,5.5,77.1,5.4,1.8,point
2025-11-15 02:30:00 AM,5.4,77.2,5.3,1.8,point
2025-11-15 03:00:00 AM,5.5,77.8,5.4,2.0,point
2025-11-15 03:30:00 AM,5.5,78.2,5.4,2.0,point
2025-11-15 04:00:00 AM,5.7,78.5,5.5,2.2,point
2025-11-15 04:30:00 AM,5.5,78.6,5.4,2.1,point
2025-11-15 05:00:00 AM,5.4,78.6,5.3,2.0,point
2025-11-15 05:30:00 AM,5.5,78.8,5.4,2.1,point
2025-11-15 06:00:00 AM,5.6,79.0,5.4,2.2,point
2025-11-15 06:30:00 AM,5.6,79.0,5.4,2.2,point
2025-11-15 07:00:00 AM,5.6,79.3,5.4,2.3,point
2025-11-15 07:30:00 AM,5.5,79.1,5.3,2.2,point
2025-11-15 08:00:00 AM,7.3,82.8,7.2,4.6,point
2025-11-15 08:30:00 AM,13.5,72.3,13.0,8.7,point
2025-11-15 09:00:00 AM,19.6,50.8,18.4,9.2,point
2025-11-15 09:30:00 AM,20.7,44.8,19.5,8.3,point
2025-11-15 10:00:00 AM,20.9,43.9,20.0,8.2,point
2025-11-15 10:30:00 AM,21.0,45.6,20.2,8.8,point
2025-11-15 11:00:00 AM,21.0,45.5,20.2,8.8,point
2025-11-15 11:30:00 AM,21.1,45.2,20.2,8.7,point
2025-11-15 12:00:00 PM,21.1,45.3,20.2,8.8,point
2025-11-15 12:30:00 PM,21.1,45.5,20.2,8.8,point
2025-11-15 01:00:00 PM,21.1,45.3,20.2,8.8,point
2025-11-15 01:30:00 PM,21.0,45.0,20.2,8.6,point
2025-11-15 02:00:00 PM,21.1,45.4,20.2,8.8,point
2025-11-15 02:30:00 PM,21.0,44.8,20.1,8.6,point
2025-11-15 03:00:00 PM,21.1,44.2,20.3,8.4,point
2025-11-15 03:30:00 PM,21.1,44.8,20.3,8.7,point
2025-11-15 04:00:00 PM,21.1,45.8,20.4,9.0,point
2025-11-15 04:30:00 PM,21.1,47.3,20.4,9.4,point
2025-11-15 05:00:00 PM,21.2,49.7,20.5,10.2,point
2025-11-15 05:30:00 PM,21.1,51.9,20.6,10.8,point
2025-11-15 06:00:00 PM,21.1,53.9,20.7,11.4,point
2025-11-15 06:30:00 PM,21.0,54.5,20.5,11.5,point
2025-11-15 07:00:00 PM,21.2,55.3,20.8,11.9,point
2025-11-15 07:30:00 PM,21.2,56.3,20.8,12.2,point
2025-11-15 08:00:00 PM,21.1,61.3,21.0,13.4,point
2025-11-15 08:30:00 PM,20.9,78.0,21.3,16.9,point
2025-11-15 09:00:00 PM,18.9,75.0,18.5,14.4,point
2025-11-15 09:30:00 PM,12.8,69.2,12.1,7.3,point
2025-11-15 10:00:00 PM,6.4,76.3,6.2,2.6,point
2025-11-15 10:30:00 PM,5.7,85.3,5.6,3.4,point
2025-11-15 11:00:00 PM,5.4,87.1,5.4,3.4,point
2025-11-15 11:30:00 PM,5.4,87.8,5.3,3.5,point
2025-11-16 12:00:00 AM,5.4,88.8,5.3,3.7,point
2025-11-16 12:30:00 AM,5.3,89.2,5.2,3.6,point
2025-11-16 01:00:00 AM,5.2,89.9,5.2,3.7,point
2025-11-16 01:30:00 AM,5.2,90.2,5.3,3.8,point
2025-11-16 02:00:00 AM,5.3,90.3,5.4,3.9,point
2025-11-16 02:30:00 AM,5.3,90.8,5.4,3.9,point
2025-11-16 03:00:00 AM,5.3,90.3,5.3,3.8,point
2025-11-16 03:30:00 AM,5.4,90.2,5.4,3.9,point
2025-11-16 04:00:00 AM,5.3,90.8,5.4,3.9,point
2025-11-16 04:30:00 AM,5.3,91.1,5.4,4.0,point
2025-11-16 05:00:00 AM,5.4,90.9,5.4,4.0,point
2025-11-16 05:30:00 AM,5.3,90.3,5.4,3.9,point
2025-11-16 06:00:00 AM,5.3,90.7,5.4,3.9,point
2025-11-16 06:30:00 AM,5.4,90.3,5.5,4.0,point
2025-11-16 07:00:00 AM,5.5,90.7,5.5,4.1,point
2025-11-16 07:30:00 AM,5.6,90.5,5.7,4.2,point
2025-11-16 08:00:00 AM,7.8,97.4,7.9,7.4,point
2025-11-16 08:30:00 AM,14.4,100.0,15.1,14.4,point
2025-11-16 09:00:00 AM,19.6,100.0,20.6,19.6,point
2025-11-16 09:30:00 AM,20.4,96.2,21.2,19.8,point
2025-11-16 10:00:00 AM,20.6,91.2,21.4,19.1,point
2025-11-16 10:30:00 AM,20.7,89.4,21.3,18.9,point
2025-11-16 11:00:00 AM,20.6,89.2,21.2,18.8,point
2025-11-16 11:30:00 AM,20.7,88.8,21.4,18.8,point
2025-11-16 12:00:00 PM,20.8,88.4,21.5,18.8,point
2025-11-16 12:30:00 PM,20.8,87.8,21.4,18.7,point
2025-11-16 01:00:00 PM,20.8,87.6,21.4,18.6,point
2025-11-16 01:30:00 PM,20.9,87.1,21.5,18.6,point
2025-11-16 02:00:00 PM,20.8,86.1,21.4,18.4,point
2025-11-16 02:30:00 PM,20.8,84.8,21.4,18.2,point
2025-11-16 03:00:00 PM,21.1,84.4,21.8,18.4,point
2025-11-16 03:30:00 PM,21.1,82.5,21.5,18.0,point
2025-11-16 04:00:00 PM,21.0,80.5,21.5,17.5,point
2025-11-16 04:30:00 PM,20.9,77.6,21.3,16.9,point
2025-11-16 05:00:00 PM,21.1,74.5,21.4,16.4,point
2025-11-16 05:30:00 PM,21.0,70.3,21.2,15.4,point
2025-11-16 06:00:00 PM,21.0,66.6,20.9,14.5,point
2025-11-16 06:30:00 PM,21.0,64.3,20.8,14.0,point
2025-11-16 07:00:00 PM,21.1,62.5,20.9,13.6,point
2025-11-16 07:30:00 PM,21.0,61.1,20.7,13.2,point
2025-11-16 08:00:00 PM,21.1,60.5,21.0,13.2,point
2025-11-16 08:30:00 PM,21.1,59.6,20.7,12.9,point
2025-11-16 09:00:00 PM,19.3,58.1,18.1,10.9,point
2025-11-16 09:30:00 PM,13.3,64.5,12.5,6.8,point
2025-11-16 10:00:00 PM,6.8,72.8,6.5,2.3,point
2025-11-16 10:30:00 PM,5.9,82.9,5.9,3.2,point
2025-11-16 11:00:00 PM,5.7,85.5,5.6,3.4,point
2025-11-16 11:30:00 PM,5.5,86.1,5.5,3.4,point
2025-11-17 12:00:00 AM,5.6,87.3,5.6,3.7,point
2025-11-17 12:30:00 AM,5.4,87.2,5.3,3.4,point
2025-11-17 01:00:00 AM,5.4,87.7,5.4,3.6,point
2025-11-17 01:30:00 AM,5.5,87.9,5.4,3.6,point
2025-11-17 02:00:00 AM,5.5,88.6,5.4,3.8,point
2025-11-17 02:30:00 AM,5.5,88.5,5.4,3.7,point
2025-11-17 03:00:00 AM,5.4,89.2,5.4,3.8,point
2025-11-17 03:30:00 AM,5.4,89.5,5.4,3.8,point
2025-11-17 04:00:00 AM,5.4,89.2,5.4,3.8,point
2025-11-17 04:30:00 AM,5.5,89.6,5.4,3.9,point
2025-11-17 05:00:00 AM,5.4,89.4,5.4,3.8,point
2025-11-17 05:30:00 AM,5.4,89.6,5.4,3.8,point
2025-11-17 06:00:00 AM,5.4,89.8,5.4,3.9,point
2025-11-17 06:30:00 AM,5.4,89.3,5.4,3.8,point
2025-11-17 07:00:00 AM,5.4,89.7,5.4,3.9,point
2025-11-17 07:30:00 AM,5.3,89.9,5.3,3.8,point
2025-11-17 08:00:00 AM,7.5,97.6,7.7,7.1,point
2025-11-17 08:30:00 AM,14.6,100.0,15.3,14.6,point
2025-11-17 09:00:00 AM,19.4,100.0,20.4,19.4,point
2025-11-17 09:30:00 AM,20.4,88.0,21.0,18.4,point
2025-11-17 10:00:00 AM,20.6,84.3,21.0,17.8,point
2025-11-17 10:30:00 AM,20.6,80.7,21.0,17.2,point
2025-11-17 11:00:00 AM,20.8,76.9,21.1,16.6,point
2025-11-17 11:30:00 AM,20.9,72.3,21.0,15.7,point
2025-11-17 12:00:00 PM,20.9,67.6,20.8,14.7,point
2025-11-17 12:30:00 PM,21.0,63.7,20.9,13.9,point
2025-11-17 01:00:00 PM,20.9,61.2,20.7,13.2,point
2025-11-17 01:30:00 PM,20.9,59.8,20.6,12.8,point
2025-11-17 02:00:00 PM,21.0,59.5,20.6,12.8,point
2025-11-17 02:30:00 PM,20.9,59.2,20.6,12.7,point
2025-11-17 03:00:00 PM,21.0,58.2,20.6,12.5,point
2025-11-17 03:30:00 PM,21.0,57.6,20.6,12.3,point
2025-11-17 04:00:00 PM,21.1,55.2,20.6,11.7,point
2025-11-17 04:30:00 PM,20.7,54.3,20.1,11.1,point
2025-11-17 05:00:00 PM,20.9,55.2,20.3,11.6,point
2025-11-17 05:30:00 PM,20.9,55.4,20.5,11.7,point
2025-11-17 06:00:00 PM,20.9,55.2,20.3,11.6,point
2025-11-17 06:30:00 PM,20.9,55.2,20.5,11.6,point
2025-11-17 07:00:00 PM,20.9,54.8,20.4,11.5,point
2025-11-17 07:30:00 PM,20.9,54.8,20.4,11.5,point
2025-11-17 08:00:00 PM,20.9,54.6,20.4,11.4,point
2025-11-17 08:30:00 PM,20.9,54.6,20.4,11.4,point
2025-11-17 09:00:00 PM,19.1,54.0,17.8,9.6,point
2025-11-17 09:30:00 PM,13.0,59.4,12.0,5.3,point
2025-11-17 10:00:00 PM,7.2,69.4,6.8,2.0,point
2025-11-17 10:30:00 PM,6.3,79.9,6.2,3.1,point
2025-11-17 11:00:00 PM,6.1,82.0,5.9,3.2,point
2025-11-17 11:30:00 PM,5.8,84.1,5.8,3.4,point
2025-11-18 12:00:00 AM,5.8,84.8,5.7,3.4,point
2025-11-18 12:30:00 AM,5.7,85.7,5.6,3.5,point
2025-11-18 01:00:00 AM,5.7,86.4,5.7,3.6,point
2025-11-18 01:30:00 AM,5.7,86.4,5.6,3.6,point
2025-11-18 02:00:00 AM,5.7,86.8,5.6,3.6,point
2025-11-18 02:30:00 AM,5.7,87.0,5.7,3.7,point
2025-11-18 03:00:00 AM,5.7,87.1,5.6,3.7,point
2025-11-18 03:30:00 AM,5.8,87.2,5.7,3.8,point
2025-11-18 04:00:00 AM,5.6,87.5,5.6,3.7,point
2025-11-18 04:30:00 AM,5.6,87.5,5.6,3.7,point
2025-11-18 05:00:00 AM,5.7,88.0,5.7,3.9,point
2025-11-18 05:30:00 AM,5.6,87.4,5.6,3.7,point
2025-11-18 06:00:00 AM,5.7,87.1,5.7,3.7,point
2025-11-18 06:30:00 AM,5.8,87.5,5.7,3.9,point
2025-11-18 07:00:00 AM,5.8,88.0,5.7,4.0,point
2025-11-18 07:30:00 AM,5.8,88.0,5.7,4.0,point
2025-11-18 08:00:00 AM,7.6,95.2,7.7,6.8,point
2025-11-18 08:30:00 AM,14.1,100.0,14.7,14.1,point
2025-11-18 09:00:00 AM,19.5,100.0,20.5,19.5,point
2025-11-18 09:30:00 AM,20.4,81.7,20.8,17.2,point
2025-11-18 10:00:00 AM,20.6,75.9,20.9,16.2,point
2025-11-18 10:30:00 AM,20.7,70.1,20.8,15.1,point
2025-11-18 11:00:00 AM,20.7,64.3,20.4,13.7,point
2025-11-18 11:30:00 AM,20.8,60.3,20.4,12.8,point
2025-11-18 12:00:00 PM,20.9,58.0,20.4,12.3,point
2025-11-18 12:30:00 PM,20.8,56.4,20.4,11.8,point
2025-11-18 01:00:00 PM,20.9,55.4,20.3,11.6,point
2025-11-18 01:30:00 PM,20.9,55.0,20.3,11.5,point
2025-11-18 02:00:00 PM,20.9,54.5,20.4,11.4,point
2025-11-18 02:30:00 PM,20.9,53.5,20.4,11.1,point
2025-11-18 03:00:00 PM,20.9,52.7,20.4,10.9,point
2025-11-18 03:30:00 PM,21.0,52.2,20.3,10.8,point
2025-11-18 04:00:00 PM,20.9,51.9,20.1,10.6,point
2025-11-18 04:30:00 PM,20.9,51.5,20.3,10.6,point
2025-11-18 05:00:00 PM,20.9,51.5,20.3,10.6,point
2025-11-18 05:30:00 PM,20.9,51.6,20.1,10.6,point
2025-11-18 06:00:00 PM,21.0,51.7,20.3,10.7,point
2025-11-18 06:30:00 PM,20.9,51.8,20.3,10.6,point
2025-11-18 07:00:00 PM,20.9,51.9,20.3,10.7,point
2025-11-18 07:30:00 PM,20.9,52.0,20.3,10.7,point
2025-11-18 08:00:00 PM,20.9,52.0,20.3,10.7,point
2025-11-18 08:30:00 PM,20.9,52.3,20.3,10.8,point
2025-11-18 09:00:00 PM,19.2,51.8,17.8,9.1,point
2025-11-18 09:30:00 PM,13.1,58.2,12.1,5.1,point
2025-11-18 10:00:00 PM,7.0,70.2,6.6,1.9,point
2025-11-18 10:30:00 PM,6.1,80.4,5.9,2.9,point
2025-11-18 11:00:00 PM,5.9,83.4,5.9,3.3,point
2025-11-18 11:30:00 PM,5.8,84.4,5.7,3.3,point
2025-11-19 12:00:00 AM,5.8,85.5,5.7,3.5,point
2025-11-19 12:30:00 AM,5.8,86.3,5.7,3.6,point
2025-11-19 01:00:00 AM,5.8,86.2,5.7,3.7,point
2025-11-19 01:30:00 AM,5.8,86.9,5.7,3.7,point
2025-11-19 02:00:00 AM,5.5,86.8,5.5,3.5,point
2025-11-19 02:30:00 AM,5.7,87.2,5.7,3.8,point
2025-11-19 03:00:00 AM,5.7,87.1,5.6,3.7,point
2025-11-19 03:30:00 AM,5.7,87.8,5.7,3.8,point
2025-11-19 04:00:00 AM,5.7,87.8,5.6,3.8,point
2025-11-19 04:30:00 AM,5.7,87.8,5.6,3.8,point
2025-11-19 05:00:00 AM,5.7,88.2,5.7,3.9,point
2025-11-19 05:30:00 AM,5.8,88.2,5.7,4.0,point
2025-11-19 06:00:00 AM,5.7,87.9,5.7,3.9,point
2025-11-19 06:30:00 AM,5.8,88.2,5.8,4.0,point
2025-11-19 07:00:00 AM,5.8,88.1,5.8,4.0,point
2025-11-19 07:30:00 AM,5.7,87.9,5.6,3.8,point
2025-11-19 08:00:00 AM,7.7,95.4,7.9,7.0,point
2025-11-19 08:30:00 AM,14.2,100.0,14.8,14.2,point
2025-11-19 09:00:00 AM,19.6,100.0,20.5,19.6,point
2025-11-19 09:30:00 AM,20.4,85.6,20.9,17.9,point
2025-11-19 10:00:00 AM,20.6,81.1,21.0,17.3,point
2025-11-19 10:30:00 AM,20.7,76.2,20.9,16.3,point
2025-11-19 11:00:00 AM,20.7,70.6,20.8,15.2,point
2025-11-19 11:30:00 AM,20.7,66.2,20.7,14.2,point
2025-11-19 12:00:00 PM,20.8,63.0,20.6,13.5,point
2025-11-19 12:30:00 PM,20.8,61.3,20.6,13.1,point
2025-11-19 01:00:00 PM,20.9,60.2,20.6,12.9,point
2025-11-19 01:30:00 PM,20.9,59.3,20.6,12.7,point
2025-11-19 02:00:00 PM,20.9,58.7,20.6,12.5,point
2025-11-19 02:30:00 PM,20.9,58.0,20.6,12.3,point
2025-11-19 03:00:00 PM,20.9,57.9,20.6,12.4,point
2025-11-19 03:30:00 PM,20.9,57.6,20.6,12.3,point
2025-11-19 04:00:00 PM,20.9,57.7,20.6,12.3,point
2025-11-19 04:30:00 PM,20.9,57.5,20.6,12.2,point
2025-11-19 05:00:00 PM,20.9,57.3,20.5,12.2,point
2025-11-19 05:30:00 PM,20.9,57.0,20.4,12.1,point
2025-11-19 06:00:00 PM,20.8,56.8,20.2,11.9,point
2025-11-19 06:30:00 PM,20.9,56.4,20.5,12.0,point
2025-11-19 07:00:00 PM,20.9,56.2,20.5,11.9,point
2025-11-19 07:30:00 PM,20.8,56.0,20.3,11.7,point
2025-11-19 08:00:00 PM,20.9,55.7,20.5,11.7,point
2025-11-19 08:30:00 PM,20.9,55.6,20.3,11.6,point
2025-11-19 09:00:00 PM,19.3,54.6,18.0,9.9,point
2025-11-19 09:30:00 PM,13.3,60.0,12.2,5.7,point
2025-11-19 10:00:00 PM,7.0,70.4,6.6,2.0,point
2025-11-19 10:30:00 PM,6.0,81.0,5.9,3.0,point
2025-11-19 11:00:00 PM,5.8,84.1,5.7,3.3,point
2025-11-19 11:30:00 PM,5.7,85.4,5.7,3.5,point
2025-11-20 12:00:00 AM,5.7,85.9,5.6,3.5,point
2025-11-20 12:30:00 AM,5.8,86.6,5.7,3.7,point
2025-11-20 01:00:00 AM,5.6,86.5,5.6,3.5,point
2025-11-20 01:30:00 AM,5.7,87.2,5.6,3.7,point
2025-11-20 02:00:00 AM,5.7,87.6,5.7,3.8,point
2025-11-20 02:30:00 AM,5.7,87.4,5.6,3.7,point
2025-11-20 03:00:00 AM,5.7,87.9,5.7,3.9,point
2025-11-20 03:30:00 AM,5.6,88.1,5.6,3.8,point
2025-11-20 04:00:00 AM,5.6,88.1,5.6,3.8,point
2025-11-20 04:30:00 AM,5.6,88.2,5.5,3.8,point
2025-11-20 05:00:00 AM,5.7,88.4,5.6,3.9,point
2025-11-20 05:30:00 AM,5.7,88.8,5.7,4.0,point
2025-11-20 06:00:00 AM,5.8,88.9,5.7,4.1,point
2025-11-20 06:30:00 AM,5.7,88.2,5.7,3.9,point
2025-11-20 07:00:00 AM,5.8,89.3,5.8,4.2,point
2025-11-20 07:30:00 AM,5.8,88.7,5.7,4.1,point
2025-11-20 08:00:00 AM,7.6,95.7,7.7,6.9,point
2025-11-20 08:30:00 AM,14.3,100.0,15.0,14.3,point
2025-11-20 09:00:00 AM,19.5,100.0,20.5,19.5,point
2025-11-20 09:30:00 AM,20.4,89.9,20.9,18.6,point
2025-11-20 10:00:00 AM,20.5,85.9,21.0,18.1,point
2025-11-20 10:30:00 AM,20.8,83.9,21.3,17.9,point
2025-11-20 11:00:00 AM,20.8,80.9,21.2,17.4,point
2025-11-20 11:30:00 AM,20.8,77.4,21.0,16.7,point
2025-11-20 12:00:00 PM,20.7,72.6,20.9,15.6,point
2025-11-20 12:30:00 PM,20.7,67.7,20.5,14.5,point
2025-11-20 01:00:00 PM,20.7,63.7,20.5,13.6,point
2025-11-20 01:30:00 PM,20.8,61.1,20.6,13.1,point
2025-11-20 02:00:00 PM,20.8,59.1,20.5,12.6,point
2025-11-20 02:30:00 PM,20.9,58.1,20.6,12.4,point
2025-11-20 03:00:00 PM,20.8,57.0,20.2,12.0,point
2025-11-20 03:30:00 PM,20.8,56.1,20.3,11.8,point
2025-11-20 04:00:00 PM,20.8,55.5,20.3,11.6,point
2025-11-20 04:30:00 PM,20.9,54.8,20.4,11.5,point
2025-11-20 05:00:00 PM,20.9,54.2,20.4,11.3,point
2025-11-20 05:30:00 PM,20.9,53.0,20.2,10.9,point
2025-11-20 06:00:00 PM,20.9,52.4,20.1,10.8,point
2025-11-20 06:30:00 PM,20.9,51.4,20.3,10.5,point
2025-11-20 07:00:00 PM,20.9,51.0,20.3,10.4,point
2025-11-20 07:30:00 PM,20.8,50.8,20.1,10.3,point
2025-11-20 08:00:00 PM,20.9,50.6,20.1,10.2,point
2025-11-20 08:30:00 PM,20.9,50.2,20.1,10.1,point
2025-11-20 09:00:00 PM,19.2,49.7,17.7,8.5,point
2025-11-20 09:30:00 PM,13.4,56.0,12.2,4.8,point
2025-11-20 10:00:00 PM,7.2,67.7,6.8,1.6,point
2025-11-20 10:30:00 PM,6.2,79.6,6.1,3.0,point
2025-11-20 11:00:00 PM,5.9,82.7,5.8,3.1,point
2025-11-20 11:30:00 PM,5.8,84.9,5.7,3.4,point
2025-11-21 12:00:00 AM,5.6,85.5,5.6,3.4,point
2025-11-21 12:30:00 AM,5.6,86.8,5.6,3.6,point
2025-11-21 01:00:00 AM,5.6,87.3,5.6,3.7,point
2025-11-21 01:30:00 AM,5.6,86.8,5.5,3.5,point
2025-11-21 02:00:00 AM,5.6,86.9,5.5,3.6,point
2025-11-21 02:30:00 AM,5.6,87.8,5.5,3.7,point
2025-11-21 03:00:00 AM,5.5,87.4,5.4,3.6,point
2025-11-21 03:30:00 AM,5.6,88.2,5.5,3.8,point
2025-11-21 04:00:00 AM,5.5,87.8,5.5,3.6,point
2025-11-21 04:30:00 AM,5.5,88.2,5.5,3.7,point
2025-11-21 05:00:00 AM,5.5,88.1,5.5,3.7,point
2025-11-21 05:30:00 AM,5.5,88.1,5.5,3.7,point
2025-11-21 06:00:00 AM,5.5,88.0,5.4,3.7,point
2025-11-21 06:30:00 AM,5.6,88.3,5.5,3.8,point
2025-11-21 07:00:00 AM,5.6,88.2,5.5,3.8,point
2025-11-21 07:30:00 AM,5.6,87.8,5.5,3.7,point
2025-11-21 08:00:00 AM,7.0,93.8,7.1,6.1,point
2025-11-21 08:30:00 AM,13.2,98.6,13.6,12.9,point
2025-11-21 09:00:00 AM,19.1,74.9,18.8,14.6,point
2025-11-21 09:30:00 AM,20.2,61.2,19.7,12.5,point
2025-11-21 10:00:00 AM,20.4,53.9,19.7,10.8,point
2025-11-21 10:30:00 AM,20.6,50.7,19.9,10.1,point
2025-11-21 11:00:00 AM,20.6,49.3,19.8,9.6,point
2025-11-21 11:30:00 AM,20.7,48.8,19.9,9.6,point
2025-11-21 12:00:00 PM,20.7,48.4,19.9,9.4,point
2025-11-21 12:30:00 PM,20.8,48.1,20.0,9.5,point
2025-11-21 01:00:00 PM,20.8,47.7,20.0,9.3,point
2025-11-21 01:30:00 PM,20.8,47.5,20.0,9.3,point
2025-11-21 02:00:00 PM,20.8,47.4,19.8,9.2,point
2025-11-21 02:30:00 PM,20.8,47.1,19.9,9.1,point
2025-11-21 03:00:00 PM,20.9,46.6,19.9,9.0,point
2025-11-21 03:30:00 PM,20.9,46.6,19.9,9.0,point
2025-11-21 04:00:00 PM,20.4,78.0,20.6,16.5,point
2025-11-21 04:30:00 PM,20.5,83.2,21.0,17.6,point
2025-11-21 05:00:00 PM,20.5,83.7,21.0,17.6,point
2025-11-21 05:30:00 PM,20.5,84.0,21.0,17.7,point
2025-11-21 06:00:00 PM,20.6,83.9,21.0,17.8,point
2025-11-21 06:30:00 PM,20.6,83.3,21.0,17.6,point
2025-11-21 07:00:00 PM,20.6,82.0,21.0,17.4,point
2025-11-21 07:30:00 PM,20.6,80.4,20.9,17.1,point
2025-11-21 08:00:00 PM,20.6,79.5,21.0,17.0,point
2025-11-21 08:30:00 PM,20.6,76.2,20.7,16.3,point
2025-11-21 09:00:00 PM,19.4,69.2,18.8,13.6,point
2025-11-21 09:30:00 PM,13.0,67.2,12.3,7.1,point
2025-11-21 10:00:00 PM,6.8,73.0,6.5,2.3,point
2025-11-21 10:30:00 PM,6.0,83.2,5.9,3.3,point
2025-11-21 11:00:00 PM,5.8,85.6,5.7,3.5,point
2025-11-21 11:30:00 PM,5.6,86.7,5.5,3.5,point
2025-11-22 12:00:00 AM,5.5,87.8,5.4,3.6,point
2025-11-22 12:30:00 AM,5.5,88.4,5.4,3.7,point
2025-11-22 01:00:00 AM,5.4,88.8,5.4,3.7,point
2025-11-22 01:30:00 AM,5.4,88.9,5.4,3.7,point
2025-11-22 02:00:00 AM,5.4,89.3,5.4,3.8,point
2025-11-22 02:30:00 AM,5.4,89.6,5.4,3.9,point
2025-11-22 03:00:00 AM,5.4,89.5,5.4,3.9,point
2025-11-22 03:30:00 AM,5.5,89.5,5.4,3.9,point
2025-11-22 04:00:00 AM,5.5,90.0,5.4,4.0,point
2025-11-22 04:30:00 AM,5.3,89.8,5.3,3.8,point
2025-11-22 05:00:00 AM,5.4,90.4,5.5,4.0,point
2025-11-22 05:30:00 AM,5.4,90.1,5.4,3.9,point
2025-11-22 06:00:00 AM,5.5,90.1,5.6,4.0,point
2025-11-22 06:30:00 AM,5.3,90.3,5.4,3.9,point
2025-11-22 07:00:00 AM,5.5,90.3,5.5,4.0,point
2025-11-22 07:30:00 AM,5.3,90.2,5.4,3.9,point
2025-11-22 08:00:00 AM,6.8,96.1,7.0,6.2,point
2025-11-22 08:30:00 AM,13.4,100.0,14.0,13.4,point
2025-11-22 09:00:00 AM,18.9,92.2,19.4,17.6,point
2025-11-22 09:30:00 AM,20.2,78.0,20.3,16.2,point
2025-11-22 10:00:00 AM,20.4,71.7,20.4,15.1,point
2025-11-22 10:30:00 AM,20.6,66.8,20.4,14.2,point
2025-11-22 11:00:00 AM,20.6,61.8,20.3,13.1,point
2025-11-22 11:30:00 AM,20.6,58.7,20.2,12.3,point
2025-11-22 12:00:00 PM,20.7,57.3,20.1,11.9,point
2025-11-22 12:30:00 PM,20.7,56.0,20.2,11.6,point
2025-11-22 01:00:00 PM,20.8,54.9,20.3,11.4,point
2025-11-22 01:30:00 PM,20.8,54.2,20.1,11.2,point
2025-11-22 02:00:00 PM,20.8,54.1,20.2,11.2,point
2025-11-22 02:30:00 PM,20.8,54.1,20.2,11.2,point
2025-11-22 03:00:00 PM,20.9,55.7,20.3,11.7,point
2025-11-22 03:30:00 PM,20.8,56.5,20.4,11.9,point
2025-11-22 04:00:00 PM,20.9,57.4,20.5,12.2,point
2025-11-22 04:30:00 PM,20.8,58.0,20.4,12.3,point
2025-11-22 05:00:00 PM,20.9,58.3,20.6,12.4,point
2025-11-22 05:30:00 PM,20.9,58.2,20.6,12.4,point
2025-11-22 06:00:00 PM,20.9,58.5,20.6,12.5,point
2025-11-22 06:30:00 PM,20.9,58.5,20.6,12.5,point
2025-11-22 07:00:00 PM,20.9,59.2,20.6,12.7,point
2025-11-22 07:30:00 PM,20.9,59.0,20.6,12.7,point
2025-11-22 08:00:00 PM,20.9,59.6,20.5,12.7,point
2025-11-22 08:30:00 PM,21.0,59.2,20.6,12.7,point
2025-11-22 09:00:00 PM,19.4,57.2,18.3,10.7,point
2025-11-22 09:30:00 PM,13.3,62.9,12.5,6.4,point
2025-11-22 10:00:00 PM,6.9,71.0,6.6,2.0,point
2025-11-22 10:30:00 PM,5.9,81.7,5.8,3.0,point
2025-11-22 11:00:00 PM,5.8,85.1,5.7,3.5,point
2025-11-22 11:30:00 PM,5.6,86.2,5.6,3.5,point
2025-11-23 12:00:00 AM,5.6,87.3,5.6,3.7,point
2025-11-23 12:30:00 AM,5.6,88.2,5.5,3.8,point
2025-11-23 01:00:00 AM,5.5,88.5,5.4,3.7,point
2025-11-23 01:30:00 AM,5.4,88.8,5.4,3.7,point
2025-11-23 02:00:00 AM,5.4,88.7,5.4,3.7,point
2025-11-23 02:30:00 AM,5.5,89.0,5.4,3.8,point
2025-11-23 03:00:00 AM,5.5,89.3,5.5,3.9,point
2025-11-23 03:30:00 AM,5.4,89.3,5.3,3.8,point
2025-11-23 04:00:00 AM,5.4,89.8,5.4,3.9,point
2025-11-23 04:30:00 AM,5.4,89.7,5.4,3.9,point
2025-11-23 05:00:00 AM,5.4,89.6,5.4,3.9,point
2025-11-23 05:30:00 AM,5.6,90.2,5.6,4.1,point
2025-11-23 06:00:00 AM,5.5,90.0,5.4,4.0,point
2025-11-23 06:30:00 AM,5.5,90.2,5.5,4.0,point
2025-11-23 07:00:00 AM,5.6,90.2,5.6,4.1,point
2025-11-23 07:30:00 AM,5.6,90.2,5.6,4.1,point
2025-11-23 08:00:00 AM,7.0,96.3,7.2,6.5,point
2025-11-23 08:30:00 AM,13.3,100.0,13.8,13.2,point
2025-11-23 09:00:00 AM,19.2,100.0,20.1,19.2,point
2025-11-23 09:30:00 AM,20.3,92.4,21.1,19.1,point
2025-11-23 10:00:00 AM,20.6,88.4,21.3,18.7,point
2025-11-23 10:30:00 AM,20.7,86.3,21.3,18.4,point
2025-11-23 11:00:00 AM,20.8,84.0,21.3,18.0,point
2025-11-23 11:30:00 AM,20.8,81.0,21.2,17.4,point
2025-11-23 12:00:00 PM,20.8,76.7,21.1,16.6,point
2025-11-23 12:30:00 PM,20.8,71.8,20.8,15.5,point
2025-11-23 01:00:00 PM,20.8,67.3,20.7,14.5,point
2025-11-23 01:30:00 PM,20.8,64.3,20.6,13.8,point
2025-11-23 02:00:00 PM,20.8,62.5,20.6,13.4,point
2025-11-23 02:30:00 PM,20.9,61.3,20.6,13.2,point
2025-11-23 03:00:00 PM,20.9,60.4,20.6,12.9,point
2025-11-23 03:30:00 PM,20.8,60.2,20.6,12.8,point
2025-11-23 04:00:00 PM,20.9,59.2,20.6,12.7,point
2025-11-23 04:30:00 PM,20.9,59.2,20.6,12.7,point
2025-11-23 05:00:00 PM,20.9,59.1,20.6,12.6,point
2025-11-23 05:30:00 PM,21.0,58.6,20.6,12.6,point
2025-11-23 06:00:00 PM,21.0,58.5,20.6,12.5,point
2025-11-23 06:30:00 PM,21.0,58.4,20.6,12.5,point
2025-11-23 07:00:00 PM,20.9,58.5,20.6,12.5,point
2025-11-23 07:30:00 PM,20.9,58.5,20.5,12.4,point
2025-11-23 08:00:00 PM,20.9,58.6,20.6,12.5,point
2025-11-23 08:30:00 PM,21.0,58.5,20.6,12.5,point
2025-11-23 09:00:00 PM,19.6,56.8,18.5,10.8,point
2025-11-23 09:30:00 PM,13.3,62.5,12.4,6.2,point
2025-11-23 10:00:00 PM,7.0,71.3,6.6,2.1,point
2025-11-23 10:30:00 PM,5.9,81.5,5.7,3.0,point
2025-11-23 11:00:00 PM,5.8,85.1,5.7,3.5,point
2025-11-23 11:30:00 PM,5.7,86.9,5.7,3.7,point
2025-11-24 12:00:00 AM,5.5,86.7,5.4,3.5,point
2025-11-24 12:30:00 AM,5.6,88.1,5.5,3.7,point
2025-11-24 01:00:00 AM,5.5,88.1,5.4,3.7,point
2025-11-24 01:30:00 AM,5.4,88.4,5.4,3.6,point
2025-11-24 02:00:00 AM,5.4,88.1,5.4,3.6,point
2025-11-24 02:30:00 AM,5.5,89.1,5.4,3.8,point
2025-11-24 03:00:00 AM,5.4,88.6,5.4,3.7,point
2025-11-24 03:30:00 AM,5.4,89.5,5.4,3.8,point
2025-11-24 04:00:00 AM,5.4,89.8,5.4,3.9,point
2025-11-24 04:30:00 AM,5.4,88.7,5.4,3.7,point
2025-11-24 05:00:00 AM,5.4,89.2,5.3,3.8,point
2025-11-24 05:30:00 AM,5.6,90.5,5.6,4.1,point
2025-11-24 06:00:00 AM,5.4,88.8,5.4,3.7,point
2025-11-24 06:30:00 AM,5.6,89.7,5.5,4.0,point
2025-11-24 07:00:00 AM,5.5,90.2,5.6,4.0,point
2025-11-24 07:30:00 AM,5.5,90.2,5.6,4.0,point
2025-11-24 08:00:00 AM,7.0,96.3,7.1,6.4,point
2025-11-24 08:30:00 AM,13.7,100.0,14.2,13.7,point
2025-11-24 09:00:00 AM,19.1,100.0,19.9,19.0,point
2025-11-24 09:30:00 AM,20.2,90.1,20.9,18.5,point
2025-11-24 10:00:00 AM,20.6,86.3,21.2,18.2,point
2025-11-24 10:30:00 AM,20.7,84.0,21.3,17.9,point
2025-11-24 11:00:00 AM,20.8,80.4,21.1,17.3,point
2025-11-24 11:30:00 AM,20.8,75.5,21.0,16.3,point
2025-11-24 12:00:00 PM,20.8,71.3,20.9,15.4,point
2025-11-24 12:30:00 PM,20.8,67.1,20.7,14.5,point
2025-11-24 01:00:00 PM,20.8,64.0,20.7,13.8,point
2025-11-24 01:30:00 PM,20.9,62.3,20.6,13.4,point
2025-11-24 02:00:00 PM,20.9,61.3,20.7,13.2,point
2025-11-24 02:30:00 PM,20.9,60.7,20.6,13.0,point
2025-11-24 03:00:00 PM,20.9,60.6,20.7,13.0,point
2025-11-24 03:30:00 PM,20.6,57.9,20.2,12.1,point
2025-11-24 04:00:00 PM,20.9,58.5,20.6,12.5,point
2025-11-24 04:30:00 PM,21.0,59.6,20.7,12.9,point
2025-11-24 05:00:00 PM,21.0,59.6,20.7,12.9,point
2025-11-24 05:30:00 PM,21.1,59.5,20.9,12.9,point
2025-11-24 06:00:00 PM,21.1,59.6,20.9,13.0,point
2025-11-24 06:30:00 PM,21.1,59.4,20.9,12.9,point
2025-11-24 07:00:00 PM,21.1,58.9,20.9,12.8,point
2025-11-24 07:30:00 PM,21.1,59.0,20.9,12.8,point
2025-11-24 08:00:00 PM,21.0,58.6,20.7,12.6,point
2025-11-24 08:30:00 PM,21.1,58.7,20.9,12.7,point
2025-11-24 09:00:00 PM,19.8,57.1,18.8,11.0,point
2025-11-24 09:30:00 PM,13.8,62.2,12.9,6.8,point
2025-11-24 10:00:00 PM,7.6,68.8,7.2,2.2,point
2025-11-24 10:30:00 PM,6.3,80.4,6.1,3.1,point
2025-11-24 11:00:00 PM,5.6,84.8,5.5,3.2,point
2025-11-24 11:30:00 PM,5.4,86.5,5.4,3.4,point
2025-11-25 12:00:00 AM,5.3,87.3,5.3,3.4,point
2025-11-25 12:30:00 AM,5.4,87.8,5.4,3.5,point
2025-11-25 01:00:00 AM,5.4,88.9,5.4,3.7,point
2025-11-25 01:30:00 AM,5.3,88.8,5.3,3.6,point
2025-11-25 02:00:00 AM,5.2,89.3,5.2,3.6,point
2025-11-25 02:30:00 AM,5.3,89.1,5.2,3.6,point
2025-11-25 03:00:00 AM,5.2,89.4,5.2,3.6,point
2025-11-25 03:30:00 AM,5.2,89.5,5.2,3.7,point
2025-11-25 04:00:00 AM,5.3,90.3,5.4,3.9,point
2025-11-25 04:30:00 AM,5.3,89.9,5.3,3.8,point
2025-11-25 05:00:00 AM,5.3,89.9,5.3,3.8,point
2025-11-25 05:30:00 AM,5.4,90.4,5.5,4.0,point
2025-11-25 06:00:00 AM,5.5,90.6,5.5,4.1,point
2025-11-25 06:30:00 AM,5.4,89.9,5.4,3.9,point
2025-11-25 07:00:00 AM,5.5,90.4,5.6,4.1,point
2025-11-25 07:30:00 AM,5.6,90.1,5.6,4.1,point
2025-11-25 08:00:00 AM,7.2,96.0,7.3,6.6,point
2025-11-25 08:30:00 AM,14.0,100.0,14.6,14.0,point
2025-11-25 09:00:00 AM,19.4,100.0,20.2,19.4,point
2025-11-25 09:30:00 AM,20.2,89.2,20.8,18.4,point
2025-11-25 10:00:00 AM,20.4,85.2,20.9,17.9,point
2025-11-25 10:30:00 AM,20.5,82.2,20.9,17.4,point
2025-11-25 11:00:00 AM,20.5,78.5,20.8,16.7,point
2025-11-25 11:30:00 AM,20.5,74.0,20.5,15.7,point
2025-11-25 12:00:00 PM,20.6,69.6,20.5,14.8,point
2025-11-25 12:30:00 PM,20.6,65.6,20.4,14.0,point
2025-11-25 01:00:00 PM,20.6,63.0,20.4,13.3,point
2025-11-25 01:30:00 PM,20.6,61.1,20.3,12.9,point
2025-11-25 02:00:00 PM,20.6,59.3,20.0,12.4,point
2025-11-25 02:30:00 PM,20.7,58.2,20.3,12.2,point
2025-11-25 03:00:00 PM,20.7,57.2,20.2,11.9,point
2025-11-25 03:30:00 PM,20.7,56.1,20.2,11.7,point
2025-11-25 04:00:00 PM,20.6,55.3,20.1,11.4,point
2025-11-25 04:30:00 PM,20.7,54.6,20.1,11.2,point
2025-11-25 05:00:00 PM,20.8,55.0,20.1,11.4,point
2025-11-25 05:30:00 PM,20.7,55.2,20.2,11.4,point
2025-11-25 06:00:00 PM,20.8,55.8,20.2,11.6,point
2025-11-25 06:30:00 PM,20.8,56.2,20.3,11.8,point
2025-11-25 07:00:00 PM,20.7,56.5,20.2,11.8,point
2025-11-25 07:30:00 PM,20.6,57.0,20.1,11.8,point
2025-11-25 08:00:00 PM,20.8,57.6,20.3,12.1,point
2025-11-25 08:30:00 PM,20.8,57.8,20.3,12.2,point
2025-11-25 09:00:00 PM,19.3,56.9,18.3,10.6,point
2025-11-25 09:30:00 PM,13.1,62.4,12.2,6.0,point
2025-11-25 10:00:00 PM,6.7,69.1,6.4,1.5,point
2025-11-25 10:30:00 PM,5.8,82.1,5.7,3.0,point
2025-11-25 11:00:00 PM,5.6,85.0,5.6,3.3,point
2025-11-25 11:30:00 PM,5.5,85.7,5.4,3.3,point
2025-11-26 12:00:00 AM,5.5,87.2,5.5,3.6,point
2025-11-26 12:30:00 AM,5.5,87.5,5.4,3.6,point
2025-11-26 01:00:00 AM,5.4,88.1,5.4,3.6,point
2025-11-26 01:30:00 AM,5.4,88.6,5.4,3.7,point
2025-11-26 02:00:00 AM,5.4,88.6,5.4,3.7,point
2025-11-26 02:30:00 AM,5.3,88.7,5.3,3.6,point
2025-11-26 03:00:00 AM,5.4,88.6,5.4,3.7,point
2025-11-26 03:30:00 AM,5.3,89.3,5.3,3.7,point
2025-11-26 04:00:00 AM,5.4,89.4,5.4,3.8,point
2025-11-26 04:30:00 AM,5.5,89.1,5.4,3.8,point
2025-11-26 05:00:00 AM,5.4,89.2,5.4,3.8,point
2025-11-26 05:30:00 AM,5.4,89.5,5.4,3.8,point
2025-11-26 06:00:00 AM,5.6,89.9,5.5,4.0,point
2025-11-26 06:30:00 AM,5.7,89.7,5.6,4.1,point
2025-11-26 07:00:00 AM,5.5,89.8,5.4,3.9,point
2025-11-26 07:30:00 AM,5.5,89.4,5.4,3.9,point
2025-11-26 08:00:00 AM,7.0,96.1,7.1,6.4,point
2025-11-26 08:30:00 AM,13.7,100.0,14.3,13.7,point
2025-11-26 09:00:00 AM,19.2,100.0,20.0,19.2,point
2025-11-26 09:30:00 AM,20.2,83.9,20.6,17.4,point
2025-11-26 10:00:00 AM,20.4,77.4,20.5,16.3,point
2025-11-26 10:30:00 AM,20.4,69.6,20.4,14.7,point
2025-11-26 11:00:00 AM,20.5,62.3,20.2,13.1,point
2025-11-26 11:30:00 AM,20.6,56.0,20.1,11.5,point
2025-11-26 12:00:00 PM,20.6,52.1,19.9,10.4,point
2025-11-26 12:30:00 PM,20.6,49.9,19.8,9.8,point
2025-11-26 01:00:00 PM,20.7,48.7,19.7,9.5,point
2025-11-26 01:30:00 PM,20.7,48.2,19.7,9.3,point
2025-11-26 02:00:00 PM,20.6,47.6,19.7,9.1,point
2025-11-26 02:30:00 PM,20.7,46.9,19.6,8.9,point
2025-11-26 03:00:00 PM,20.6,46.3,19.6,8.7,point
2025-11-26 03:30:00 PM,20.7,45.9,19.6,8.6,point
2025-11-26 04:00:00 PM,20.8,46.0,19.8,8.8,point
2025-11-26 04:30:00 PM,20.8,45.5,19.9,8.6,point
2025-11-26 05:00:00 PM,20.6,45.1,19.5,8.3,point
2025-11-26 05:30:00 PM,20.8,47.0,19.9,9.1,point
2025-11-26 06:00:00 PM,20.8,48.5,19.9,9.5,point
2025-11-26 06:30:00 PM,20.8,49.3,19.9,9.8,point
2025-11-26 07:00:00 PM,20.8,49.8,19.9,9.9,point
2025-11-26 07:30:00 PM,20.8,50.3,20.0,10.1,point
2025-11-26 08:00:00 PM,20.7,50.7,20.0,10.1,point
2025-11-26 08:30:00 PM,20.8,51.1,20.0,10.3,point
2025-11-26 09:00:00 PM,19.4,51.0,18.1,9.0,point
2025-11-26 09:30:00 PM,13.2,55.5,12.1,4.5,point
2025-11-26 10:00:00 PM,6.9,69.1,6.5,1.6,point
2025-11-26 10:30:00 PM,5.9,80.4,5.7,2.8,point
2025-11-26 11:00:00 PM,5.7,83.2,5.6,3.0,point
2025-11-26 11:30:00 PM,5.6,85.0,5.5,3.2,point
2025-11-27 12:00:00 AM,5.5,85.8,5.5,3.3,point
2025-11-27 12:30:00 AM,5.5,86.4,5.5,3.4,point
2025-11-27 01:00:00 AM,5.5,86.6,5.5,3.5,point
2025-11-27 01:30:00 AM,5.4,86.3,5.4,3.3,point
2025-11-27 02:00:00 AM,5.5,87.3,5.5,3.6,point
2025-11-27 02:30:00 AM,5.5,87.2,5.4,3.5,point
2025-11-27 03:00:00 AM,5.4,87.2,5.4,3.5,point
2025-11-27 03:30:00 AM,5.4,87.3,5.4,3.5,point
2025-11-27 04:00:00 AM,5.5,87.8,5.4,3.6,point
2025-11-27 04:30:00 AM,5.3,87.5,5.3,3.4,point
2025-11-27 05:00:00 AM,5.5,87.9,5.5,3.7,point
2025-11-27 05:30:00 AM,5.5,87.8,5.5,3.7,point
2025-11-27 06:00:00 AM,5.5,87.4,5.5,3.6,point
2025-11-27 06:30:00 AM,5.4,87.3,5.4,3.5,point
2025-11-27 07:00:00 AM,5.4,87.4,5.3,3.5,point
2025-11-27 07:30:00 AM,5.4,88.0,5.4,3.6,point
2025-11-27 08:00:00 AM,6.7,92.8,6.8,5.7,point
2025-11-27 08:30:00 AM,12.9,97.5,13.3,12.5,point
2025-11-27 09:00:00 AM,19.3,74.2,18.9,14.6,point
2025-11-27 09:30:00 AM,20.2,60.4,19.7,12.3,point
2025-11-27 10:00:00 AM,20.6,53.7,19.8,10.9,point
2025-11-27 10:30:00 AM,20.6,49.7,19.8,9.8,point
2025-11-27 11:00:00 AM,20.8,48.5,19.9,9.5,point
2025-11-27 11:30:00 AM,20.7,47.8,19.9,9.2,point
2025-11-27 12:00:00 PM,20.7,47.4,19.7,9.1,point
2025-11-27 12:30:00 PM,20.8,46.8,19.8,9.0,point
2025-11-27 01:00:00 PM,20.8,46.3,19.9,8.9,point
2025-11-27 01:30:00 PM,20.8,46.1,19.8,8.7,point
2025-11-27 02:00:00 PM,20.8,45.5,19.8,8.6,point
2025-11-27 02:30:00 PM,20.8,45.2,19.8,8.5,point
2025-11-27 03:00:00 PM,20.7,44.8,19.7,8.3,point
2025-11-27 03:30:00 PM,20.9,44.5,19.8,8.3,point
2025-11-27 04:00:00 PM,20.8,43.9,19.8,8.1,point
2025-11-27 04:30:00 PM,20.9,43.7,19.8,8.1,point
2025-11-27 05:00:00 PM,20.8,43.9,19.8,8.1,point
2025-11-27 05:30:00 PM,20.9,45.3,19.9,8.6,point
2025-11-27 06:00:00 PM,20.9,46.6,19.9,9.0,point
2025-11-27 06:30:00 PM,20.9,47.2,20.1,9.3,point
2025-11-27 07:00:00 PM,20.9,47.7,20.0,9.4,point
2025-11-27 07:30:00 PM,20.9,48.2,20.0,9.5,point
2025-11-27 08:00:00 PM,20.9,48.3,20.0,9.5,point
2025-11-27 08:30:00 PM,20.8,48.4,20.0,9.6,point
2025-11-27 09:00:00 PM,19.6,48.4,18.1,8.4,point
2025-11-27 09:30:00 PM,13.5,53.9,12.2,4.3,point
2025-11-27 10:00:00 PM,6.9,67.7,6.5,1.3,point
2025-11-27 10:30:00 PM,5.9,79.1,5.7,2.5,point
2025-11-27 11:00:00 PM,5.7,82.8,5.7,3.0,point
2025-11-27 11:30:00 PM,5.6,84.6,5.6,3.2,point
2025-11-28 12:00:00 AM,5.6,85.5,5.5,3.3,point
2025-11-28 12:30:00 AM,5.5,86.5,5.5,3.4,point
2025-11-28 01:00:00 AM,5.4,85.4,5.4,3.2,point
2025-11-28 01:30:00 AM,5.6,86.3,5.5,3.5,point
2025-11-28 02:00:00 AM,5.6,86.8,5.5,3.5,point
2025-11-28 02:30:00 AM,5.5,86.8,5.4,3.5,point
2025-11-28 03:00:00 AM,5.4,86.6,5.3,3.3,point
2025-11-28 03:30:00 AM,5.5,87.4,5.5,3.6,point
2025-11-28 04:00:00 AM,5.4,86.9,5.4,3.4,point
2025-11-28 04:30:00 AM,5.5,87.0,5.4,3.5,point
2025-11-28 05:00:00 AM,5.5,87.5,5.4,3.6,point
2025-11-28 05:30:00 AM,5.5,87.7,5.5,3.6,point
2025-11-28 06:00:00 AM,5.5,88.2,5.4,3.7,point
2025-11-28 06:30:00 AM,5.6,88.1,5.5,3.8,point
2025-11-28 07:00:00 AM,5.5,88.2,5.5,3.7,point
2025-11-28 07:30:00 AM,5.5,87.7,5.4,3.6,point
2025-11-28 08:00:00 AM,6.3,88.1,6.2,4.5,point
2025-11-28 08:30:00 AM,13.3,100.0,13.9,13.3,point
2025-11-28 09:00:00 AM,19.2,84.7,19.3,16.6,point
2025-11-28 09:30:00 AM,20.4,69.9,20.2,14.7,point
2025-11-28 10:00:00 AM,20.6,63.3,20.4,13.4,point
2025-11-28 10:30:00 AM,20.7,58.1,20.3,12.2,point
2025-11-28 11:00:00 AM,20.7,54.9,20.1,11.3,point
2025-11-28 11:30:00 AM,20.8,53.7,20.1,11.0,point
2025-11-28 12:00:00 PM,20.8,52.9,20.2,10.9,point
2025-11-28 12:30:00 PM,20.8,52.0,20.1,10.6,point
2025-11-28 01:00:00 PM,20.8,50.9,20.0,10.2,point
2025-11-28 01:30:00 PM,20.8,50.1,20.0,10.0,point
2025-11-28 02:00:00 PM,20.8,49.5,20.0,9.9,point
2025-11-28 02:30:00 PM,20.8,48.6,20.0,9.6,point
2025-11-28 03:00:00 PM,20.9,47.7,20.0,9.3,point
2025-11-28 03:30:00 PM,20.9,46.9,19.9,9.1,point
2025-11-28 04:00:00 PM,20.8,46.3,19.9,8.9,point
2025-11-28 04:30:00 PM,20.8,46.4,19.9,8.9,point
2025-11-28 05:00:00 PM,21.3,74.7,21.6,16.6,point
2025-11-28 05:30:00 PM,21.3,79.6,21.8,17.6,point
2025-11-28 06:00:00 PM,21.1,80.7,21.5,17.6,point
2025-11-28 06:30:00 PM,21.3,81.3,21.8,17.9,point
2025-11-28 07:00:00 PM,21.1,80.4,21.5,17.6,point
2025-11-28 07:30:00 PM,21.2,80.3,21.8,17.7,point
2025-11-28 08:00:00 PM,21.2,79.0,21.8,17.4,point
2025-11-28 08:30:00 PM,21.2,76.7,21.5,16.9,point
2025-11-28 09:00:00 PM,20.2,71.5,20.1,14.9,point
2025-11-28 09:30:00 PM,13.6,69.1,13.0,8.1,point
2025-11-28 10:00:00 PM,7.0,71.3,6.7,2.2,point
2025-11-28 10:30:00 PM,6.2,82.0,6.1,3.4,point
2025-11-28 11:00:00 PM,5.9,84.2,5.9,3.5,point
2025-11-28 11:30:00 PM,5.9,85.3,5.8,3.6,point
2025-11-29 12:00:00 AM,5.8,85.4,5.7,3.5,point
2025-11-29 12:30:00 AM,5.9,85.8,5.8,3.7,point
2025-11-29 01:00:00 AM,5.8,86.2,5.7,3.6,point
2025-11-29 01:30:00 AM,5.8,86.7,5.7,3.8,point
2025-11-29 02:00:00 AM,5.8,86.8,5.7,3.7,point
2025-11-29 02:30:00 AM,5.8,86.6,5.7,3.7,point
2025-11-29 03:00:00 AM,5.8,86.7,5.8,3.8,point
2025-11-29 03:30:00 AM,5.8,86.7,5.7,3.7,point
2025-11-29 04:00:00 AM,5.7,86.1,5.7,3.6,point
2025-11-29 04:30:00 AM,5.8,87.6,5.7,3.9,point
2025-11-29 05:00:00 AM,5.7,86.2,5.7,3.6,point
2025-11-29 05:30:00 AM,5.8,87.0,5.7,3.8,point
2025-11-29 06:00:00 AM,5.8,87.6,5.8,3.9,point
2025-11-29 06:30:00 AM,5.7,86.6,5.7,3.7,point
2025-11-29 07:00:00 AM,5.8,86.7,5.8,3.8,point
2025-11-29 07:30:00 AM,5.8,87.1,5.7,3.8,point
2025-11-29 08:00:00 AM,7.0,93.3,7.1,6.0,point
2025-11-29 08:30:00 AM,13.4,100.0,13.9,13.4,point
2025-11-29 09:00:00 AM,19.6,96.8,20.3,19.0,point
2025-11-29 09:30:00 AM,21.1,76.0,21.5,16.7,point
2025-11-29 10:00:00 AM,21.4,69.9,21.6,15.7,point
2025-11-29 10:30:00 AM,21.3,64.3,21.4,14.3,point
2025-11-29 11:00:00 AM,21.4,59.4,21.3,13.2,point
2025-11-29 11:30:00 AM,21.5,55.8,21.4,12.3,point
2025-11-29 12:00:00 PM,21.5,53.8,21.3,11.8,point
2025-11-29 12:30:00 PM,21.5,52.4,21.2,11.4,point
2025-11-29 01:00:00 PM,21.6,51.0,21.2,11.0,point
2025-11-29 01:30:00 PM,21.5,49.6,20.9,10.5,point
2025-11-29 02:00:00 PM,21.6,48.5,21.1,10.3,point
2025-11-29 02:30:00 PM,21.7,47.9,21.2,10.2,point
2025-11-29 03:00:00 PM,21.4,46.8,20.8,9.6,point
2025-11-29 03:30:00 PM,21.6,45.9,21.0,9.5,point
2025-11-29 04:00:00 PM,21.7,45.5,21.0,9.4,point
2025-11-29 04:30:00 PM,21.6,45.6,21.0,9.3,point
2025-11-29 05:00:00 PM,21.6,45.7,21.0,9.4,point
2025-11-29 05:30:00 PM,21.5,45.4,21.0,9.2,point
2025-11-29 06:00:00 PM,21.6,45.3,21.0,9.3,point
2025-11-29 06:30:00 PM,21.6,46.1,21.0,9.6,point
2025-11-29 07:00:00 PM,21.6,46.5,21.0,9.6,point
2025-11-29 07:30:00 PM,21.6,46.7,21.0,9.7,point
2025-11-29 08:00:00 PM,21.7,46.6,21.0,9.7,point
2025-11-29 08:30:00 PM,21.6,46.5,21.0,9.7,point
2025-11-29 09:00:00 PM,20.3,45.7,19.2,8.2,point
2025-11-29 09:30:00 PM,13.7,52.9,12.4,4.3,point
2025-11-29 10:00:00 PM,7.1,64.6,6.6,0.8,point
2025-11-29 10:30:00 PM,6.2,77.1,6.0,2.5,point
2025-11-29 11:00:00 PM,5.9,80.2,5.8,2.8,point
2025-11-29 11:30:00 PM,5.8,82.2,5.7,3.0,point
2025-11-30 12:00:00 AM,5.9,83.7,5.8,3.3,point
2025-11-30 12:30:00 AM,5.8,84.3,5.8,3.4,point
2025-11-30 01:00:00 AM,5.8,84.7,5.7,3.4,point
2025-11-30 01:30:00 AM,5.8,85.0,5.7,3.5,point
2025-11-30 02:00:00 AM,5.8,85.7,5.7,3.6,point
2025-11-30 02:30:00 AM,5.7,85.5,5.7,3.5,point
2025-11-30 03:00:00 AM,5.7,85.3,5.6,3.4,point
2025-11-30 03:30:00 AM,5.7,85.2,5.7,3.4,point
2025-11-30 04:00:00 AM,5.7,85.9,5.7,3.5,point
2025-11-30 04:30:00 AM,5.8,86.0,5.7,3.6,point
2025-11-30 05:00:00 AM,5.7,86.1,5.7,3.6,point
2025-11-30 05:30:00 AM,5.7,85.8,5.7,3.5,point
2025-11-30 06:00:00 AM,5.7,86.4,5.6,3.6,point
2025-11-30 06:30:00 AM,5.7,85.8,5.6,3.5,point
2025-11-30 07:00:00 AM,5.8,86.0,5.7,3.6,point
2025-11-30 07:30:00 AM,5.8,86.0,5.7,3.6,point
2025-11-30 08:00:00 AM,6.8,90.8,6.9,5.4,point
2025-11-30 08:30:00 AM,13.0,92.8,13.3,11.9,point
2025-11-30 09:00:00 AM,19.5,68.7,19.1,13.6,point
2025-11-30 09:30:00 AM,21.2,55.6,20.9,12.0,point
2025-11-30 10:00:00 AM,21.2,50.8,20.7,10.7,point
2025-11-30 10:30:00 AM,21.4,48.6,20.9,10.1,point
2025-11-30 11:00:00 AM,21.5,47.5,21.0,9.9,point
2025-11-30 11:30:00 AM,21.6,46.7,21.0,9.7,point
2025-11-30 12:00:00 PM,21.6,46.0,21.0,9.5,point
2025-11-30 12:30:00 PM,21.6,45.7,21.0,9.4,point
2025-11-30 01:00:00 PM,21.5,45.2,21.0,9.2,point
2025-11-30 01:30:00 PM,21.5,44.6,20.7,8.9,point
2025-11-30 02:00:00 PM,21.7,44.2,21.0,9.0,point
2025-11-30 02:30:00 PM,21.7,43.6,20.9,8.7,point
2025-11-30 03:00:00 PM,21.6,42.9,20.9,8.5,point
2025-11-30 03:30:00 PM,21.5,42.7,20.6,8.3,point
2025-11-30 04:00:00 PM,21.6,42.4,20.8,8.3,point
2025-11-30 04:30:00 PM,21.6,42.4,20.8,8.3,point
2025-11-30 05:00:00 PM,21.6,42.2,20.8,8.2,point
2025-11-30 05:30:00 PM,21.5,42.1,20.8,8.1,point
2025-11-30 06:00:00 PM,21.5,41.6,20.8,7.9,point
2025-11-30 06:30:00 PM,21.6,41.7,20.8,8.1,point
2025-11-30 07:00:00 PM,21.7,41.7,20.8,8.1,point
2025-11-30 07:30:00 PM,21.7,41.8,20.9,8.2,point
2025-11-30 08:00:00 PM,21.5,41.3,20.8,7.8,point
2025-11-30 08:30:00 PM,21.5,40.7,20.7,7.6,point
2025-11-30 09:00:00 PM,20.3,40.1,18.9,6.3,point
2025-11-30 09:30:00 PM,13.6,46.2,12.1,2.3,point
2025-11-30 10:00:00 PM,7.2,59.2,6.6,-0.2,point
2025-11-30 10:30:00 PM,6.1,69.3,5.8,0.9,point
2025-11-30 11:00:00 PM,5.9,71.8,5.6,1.2,point
2025-11-30 11:30:00 PM,5.8,73.4,5.6,1.4,point
2025-12-01 12:00:00 AM,5.8,74.4,5.5,1.6,point
2025-12-01 12:30:00 AM,5.7,75.3,5.5,1.7,point
2025-12-01 01:00:00 AM,5.8,76.1,5.5,1.9,point
2025-12-01 01:30:00 AM,5.7,76.5,5.5,1.9,point
2025-12-01 02:00:00 AM,5.8,77.3,5.6,2.1,point
2025-12-01 02:30:00 AM,5.7,77.6,5.6,2.1,point
2025-12-01 03:00:00 AM,5.7,78.0,5.6,2.2,point
2025-12-01 03:30:00 AM,5.8,78.5,5.7,2.4,point
2025-12-01 04:00:00 AM,5.6,78.0,5.5,2.1,point
2025-12-01 04:30:00 AM,5.8,78.9,5.7,2.4,point
2025-12-01 05:00:00 AM,5.7,79.0,5.6,2.4,point
2025-12-01 05:30:00 AM,5.8,79.6,5.6,2.5,point
2025-12-01 06:00:00 AM,5.8,79.7,5.6,2.5,point
2025-12-01 06:30:00 AM,5.7,80.3,5.6,2.6,point
2025-12-01 07:00:00 AM,5.7,80.3,5.6,2.6,point
2025-12-01 07:30:00 AM,5.7,80.8,5.5,2.6,point
2025-12-01 08:00:00 AM,6.8,84.7,6.8,4.4,point
2025-12-01 08:30:00 AM,13.0,80.2,12.8,9.7,point
2025-12-01 09:00:00 AM,19.6,60.1,18.7,11.6,point
2025-12-01 09:30:00 AM,20.9,49.3,20.2,9.9,point
2025-12-01 10:00:00 AM,21.2,47.5,20.4,9.6,point
2025-12-01 10:30:00 AM,21.2,46.9,20.5,9.5,point
2025-12-01 11:00:00 AM,21.2,46.9,20.5,9.5,point
2025-12-01 11:30:00 AM,21.3,46.7,20.7,9.5,point
2025-12-01 12:00:00 PM,21.3,46.3,20.5,9.3,point
2025-12-01 12:30:00 PM,21.4,46.2,20.8,9.4,point
2025-12-01 01:00:00 PM,21.5,45.9,21.0,9.4,point
2025-12-01 01:30:00 PM,21.4,45.9,20.7,9.2,point
2025-12-01 02:00:00 PM,21.5,45.5,21.0,9.3,point
2025-12-01 02:30:00 PM,21.4,45.4,20.8,9.1,point
2025-12-01 03:00:00 PM,21.1,43.3,20.1,8.1,point
2025-12-01 03:30:00 PM,21.0,44.9,20.1,8.6,point
2025-12-01 04:00:00 PM,21.1,45.4,20.2,8.8,point
2025-12-01 04:30:00 PM,21.0,45.4,20.1,8.7,point
2025-12-01 05:00:00 PM,20.9,45.2,20.1,8.6,point
2025-12-01 05:30:00 PM,21.0,44.8,20.0,8.5,point
2025-12-01 06:00:00 PM,20.9,45.1,20.1,8.6,point
2025-12-01 06:30:00 PM,20.9,45.3,20.1,8.7,point
2025-12-01 07:00:00 PM,20.9,45.5,20.1,8.7,point
2025-12-01 07:30:00 PM,21.0,45.9,20.1,8.9,point
2025-12-01 08:00:00 PM,20.9,46.0,20.1,8.9,point
2025-12-01 08:30:00 PM,20.9,46.0,19.9,8.8,point
2025-12-01 09:00:00 PM,19.5,45.6,18.0,7.5,point
2025-12-01 09:30:00 PM,13.6,51.0,12.2,3.6,point
2025-12-01 10:00:00 PM,7.2,63.9,6.8,0.9,point
2025-12-01 10:30:00 PM,6.2,76.4,6.0,2.4,point
2025-12-01 11:00:00 PM,5.6,79.6,5.5,2.4,point
2025-12-01 11:30:00 PM,5.5,82.3,5.3,2.7,point
2025-12-02 12:00:00 AM,5.4,83.4,5.4,2.8,point
2025-12-02 12:30:00 AM,5.4,84.6,5.4,3.0,point
2025-12-02 01:00:00 AM,5.5,85.3,5.4,3.2,point
2025-12-02 01:30:00 AM,5.5,85.7,5.5,3.3,point
2025-12-02 02:00:00 AM,5.5,86.1,5.4,3.3,point
2025-12-02 02:30:00 AM,5.4,86.5,5.4,3.3,point
2025-12-02 03:00:00 AM,5.4,86.5,5.4,3.3,point
2025-12-02 03:30:00 AM,5.5,86.8,5.4,3.5,point
2025-12-02 04:00:00 AM,5.5,87.3,5.5,3.6,point
2025-12-02 04:30:00 AM,5.4,87.3,5.4,3.5,point
2025-12-02 05:00:00 AM,5.4,86.7,5.4,3.4,point
2025-12-02 05:30:00 AM,5.4,86.5,5.4,3.4,point
2025-12-02 06:00:00 AM,5.4,86.3,5.4,3.3,point
2025-12-02 06:30:00 AM,5.4,87.3,5.4,3.5,point
2025-12-02 07:00:00 AM,5.5,87.4,5.4,3.5,point
2025-12-02 07:30:00 AM,5.4,87.3,5.4,3.5,point
2025-12-02 08:00:00 AM,6.7,91.6,6.7,5.4,point
2025-12-02 08:30:00 AM,12.9,90.5,13.0,11.4,point
2025-12-02 09:00:00 AM,19.3,68.6,18.7,13.4,point
2025-12-02 09:30:00 AM,20.4,56.2,19.8,11.4,point
2025-12-02 10:00:00 AM,20.6,52.1,19.9,10.5,point
2025-12-02 10:30:00 AM,20.8,50.5,20.0,10.1,point
2025-12-02 11:00:00 AM,20.8,49.6,20.0,9.9,point
2025-12-02 11:30:00 AM,20.8,49.0,19.9,9.7,point
2025-12-02 12:00:00 PM,20.9,48.9,20.0,9.7,point
2025-12-02 12:30:00 PM,20.8,48.8,20.0,9.6,point
2025-12-02 01:00:00 PM,20.8,48.6,20.0,9.6,point
2025-12-02 01:30:00 PM,20.8,48.5,19.9,9.5,point
2025-12-02 02:00:00 PM,20.9,48.6,20.0,9.7,point
2025-12-02 02:30:00 PM,20.8,48.5,20.0,9.6,point
2025-12-02 03:00:00 PM,20.9,48.6,20.0,9.6,point
2025-12-02 03:30:00 PM,20.9,48.6,20.2,9.7,point
2025-12-02 04:00:00 PM,21.0,48.8,20.2,9.8,point
2025-12-02 04:30:00 PM,20.9,48.5,20.2,9.6,point
2025-12-02 05:00:00 PM,20.9,48.8,20.0,9.7,point
2025-12-02 05:30:00 PM,20.9,49.0,20.0,9.8,point
2025-12-02 06:00:00 PM,20.9,49.2,20.2,9.9,point
2025-12-02 06:30:00 PM,20.9,49.0,20.2,9.8,point
2025-12-02 07:00:00 PM,20.9,48.7,20.2,9.7,point
2025-12-02 07:30:00 PM,21.0,48.9,20.2,9.8,point
2025-12-02 08:00:00 PM,20.9,48.6,20.0,9.6,point
2025-12-02 08:30:00 PM,20.9,48.5,20.0,9.6,point
2025-12-02 09:00:00 PM,19.7,47.9,18.4,8.4,point
2025-12-02 09:30:00 PM,13.3,53.2,12.1,4.0,point
2025-12-02 10:00:00 PM,6.8,65.8,6.3,0.8,point
2025-12-02 10:30:00 PM,5.8,78.3,5.6,2.3,point
2025-12-02 11:00:00 PM,5.6,81.6,5.5,2.7,point
2025-12-02 11:30:00 PM,5.5,83.7,5.5,3.0,point
2025-12-03 12:00:00 AM,5.5,84.8,5.5,3.2,point
2025-12-03 12:30:00 AM,5.5,85.4,5.4,3.2,point
2025-12-03 01:00:00 AM,5.5,86.2,5.5,3.4,point
2025-12-03 01:30:00 AM,5.5,86.3,5.4,3.4,point
2025-12-03 02:00:00 AM,5.4,86.6,5.4,3.4,point
2025-12-03 02:30:00 AM,5.5,87.4,5.4,3.6,point
2025-12-03 03:00:00 AM,5.5,87.4,5.4,3.5,point
2025-12-03 03:30:00 AM,5.5,87.4,5.4,3.6,point
2025-12-03 04:00:00 AM,5.4,87.4,5.4,3.5,point
2025-12-03 04:30:00 AM,5.5,87.6,5.5,3.6,point
2025-12-03 05:00:00 AM,5.4,87.6,5.4,3.5,point
2025-12-03 05:30:00 AM,5.4,87.2,5.4,3.5,point
2025-12-03 06:00:00 AM,5.4,87.5,5.4,3.5,point
2025-12-03 06:30:00 AM,5.4,87.2,5.4,3.5,point
2025-12-03 07:00:00 AM,5.4,87.9,5.4,3.6,point
2025-12-03 07:30:00 AM,5.4,88.0,5.3,3.5,point
2025-12-03 08:00:00 AM,6.6,93.1,6.6,5.5,point
2025-12-03 08:30:00 AM,12.6,95.1,13.0,11.9,point
2025-12-03 09:00:00 AM,19.6,73.0,19.3,14.6,point
2025-12-03 09:30:00 AM,20.6,60.7,20.3,12.8,point
2025-12-03 10:00:00 AM,20.7,55.1,20.2,11.4,point
2025-12-03 10:30:00 AM,20.8,52.3,20.0,10.7,point
2025-12-03 11:00:00 AM,20.8,50.4,20.0,10.1,point
2025-12-03 11:30:00 AM,20.8,48.5,19.9,9.5,point
2025-12-03 12:00:00 PM,20.8,47.1,19.8,9.1,point
2025-12-03 12:30:00 PM,20.9,46.0,19.9,8.8,point
2025-12-03 01:00:00 PM,20.8,45.0,19.8,8.4,point
2025-12-03 01:30:00 PM,20.9,45.1,19.9,8.5,point
2025-12-03 02:00:00 PM,20.9,45.5,19.9,8.7,point
2025-12-03 02:30:00 PM,20.9,46.4,20.1,9.0,point
2025-12-03 03:00:00 PM,20.8,47.5,19.9,9.2,point
2025-12-03 03:30:00 PM,20.9,49.0,20.2,9.8,point
2025-12-03 04:00:00 PM,20.9,50.0,20.3,10.2,point
2025-12-03 04:30:00 PM,20.9,49.9,20.0,10.1,point
2025-12-03 05:00:00 PM,20.9,49.9,20.0,10.1,point
2025-12-03 05:30:00 PM,20.9,50.5,20.1,10.2,point
2025-12-03 06:00:00 PM,20.9,50.8,20.1,10.3,point
2025-12-03 06:30:00 PM,20.8,51.0,20.1,10.3,point
2025-12-03 07:00:00 PM,20.9,51.3,20.3,10.5,point
2025-12-03 07:30:00 PM,20.9,50.7,20.3,10.3,point
2025-12-03 08:00:00 PM,20.9,50.2,20.1,10.2,point
2025-12-03 08:30:00 PM,20.9,49.6,20.0,9.9,point
2025-12-03 09:00:00 PM,19.8,48.7,18.6,8.7,point
2025-12-03 09:30:00 PM,13.4,53.9,12.2,4.3,point
2025-12-03 10:00:00 PM,6.8,65.5,6.4,0.8,point
2025-12-03 10:30:00 PM,5.8,77.5,5.6,2.1,point
2025-12-03 11:00:00 PM,5.5,80.8,5.4,2.5,point
2025-12-03 11:30:00 PM,5.5,82.7,5.5,2.8,point
2025-12-04 12:00:00 AM,5.5,84.1,5.4,3.0,point
2025-12-04 12:30:00 AM,5.4,85.0,5.4,3.1,point
2025-12-04 01:00:00 AM,5.5,85.8,5.4,3.3,point
2025-12-04 01:30:00 AM,5.5,86.6,5.4,3.4,point
2025-12-04 02:00:00 AM,5.3,86.1,5.3,3.2,point
2025-12-04 02:30:00 AM,5.4,86.7,5.4,3.4,point
2025-12-04 03:00:00 AM,5.6,87.9,5.5,3.7,point
2025-12-04 03:30:00 AM,5.4,87.0,5.3,3.4,point
2025-12-04 04:00:00 AM,5.3,87.0,5.3,3.3,point
2025-12-04 04:30:00 AM,5.4,87.2,5.4,3.5,point
2025-12-04 05:00:00 AM,5.4,87.6,5.4,3.5,point
2025-12-04 05:30:00 AM,5.4,87.5,5.4,3.5,point
2025-12-04 06:00:00 AM,5.6,88.2,5.5,3.8,point
2025-12-04 06:30:00 AM,5.4,87.8,5.4,3.6,point
2025-12-04 07:00:00 AM,5.4,87.4,5.3,3.5,point
2025-12-04 07:30:00 AM,5.5,87.7,5.4,3.6,point
2025-12-04 08:00:00 AM,6.5,92.2,6.5,5.3,point
2025-12-04 08:30:00 AM,12.8,93.5,13.0,11.8,point
2025-12-04 09:00:00 AM,19.2,71.0,18.8,13.9,point
2025-12-04 09:30:00 AM,20.4,56.3,19.7,11.4,point
2025-12-04 10:00:00 AM,20.7,51.5,19.9,10.3,point
2025-12-04 10:30:00 AM,20.8,49.9,20.0,10.0,point
2025-12-04 11:00:00 AM,20.8,48.8,19.9,9.6,point
2025-12-04 11:30:00 AM,20.9,48.7,20.2,9.7,point
2025-12-04 12:00:00 PM,20.8,47.9,19.9,9.3,point
2025-12-04 12:30:00 PM,20.9,47.4,19.9,9.3,point
2025-12-04 01:00:00 PM,20.8,46.9,19.8,9.1,point
2025-12-04 01:30:00 PM,20.8,45.5,19.9,8.6,point
2025-12-04 02:00:00 PM,20.9,44.5,19.8,8.3,point
2025-12-04 02:30:00 PM,20.9,44.2,19.8,8.2,point
2025-12-04 03:00:00 PM,20.9,44.2,19.8,8.2,point
2025-12-04 03:30:00 PM,20.9,43.8,20.0,8.1,point
2025-12-04 04:00:00 PM,21.0,43.6,20.0,8.1,point
2025-12-04 04:30:00 PM,20.8,43.2,19.8,7.9,point
2025-12-04 05:00:00 PM,20.9,43.0,19.8,7.8,point
2025-12-04 05:30:00 PM,20.9,42.7,19.9,7.8,point
2025-12-04 06:00:00 PM,20.9,42.5,19.9,7.7,point
2025-12-04 06:30:00 PM,20.9,42.0,19.9,7.5,point
2025-12-04 07:00:00 PM,20.9,41.6,19.9,7.4,point
2025-12-04 07:30:00 PM,21.0,41.3,19.9,7.3,point
2025-12-04 08:00:00 PM,20.9,41.0,19.9,7.2,point
2025-12-04 08:30:00 PM,20.9,40.9,19.9,7.2,point
2025-12-04 09:00:00 PM,19.8,40.2,18.0,5.9,point
2025-12-04 09:30:00 PM,13.4,45.5,11.8,1.8,point
2025-12-04 10:00:00 PM,6.8,57.3,6.1,-1.1,point
2025-12-04 10:30:00 PM,5.7,67.9,5.4,0.2,point
2025-12-04 11:00:00 PM,5.5,70.7,5.2,0.6,point
2025-12-04 11:30:00 PM,5.4,72.1,5.2,0.8,point
2025-12-05 12:00:00 AM,5.5,73.2,5.2,1.1,point
2025-12-05 12:30:00 AM,5.6,74.1,5.3,1.3,point
2025-12-05 01:00:00 AM,5.3,74.6,5.1,1.2,point
2025-12-05 01:30:00 AM,5.4,75.0,5.2,1.4,point
2025-12-05 02:00:00 AM,5.4,75.6,5.1,1.4,point
2025-12-05 02:30:00 AM,5.4,76.0,5.2,1.5,point
2025-12-05 03:00:00 AM,5.5,76.5,5.3,1.7,point
2025-12-05 03:30:00 AM,5.5,76.5,5.2,1.7,point
2025-12-05 04:00:00 AM,5.4,77.1,5.3,1.7,point
2025-12-05 04:30:00 AM,5.4,77.0,5.3,1.7,point
2025-12-05 05:00:00 AM,5.4,77.2,5.3,1.8,point
2025-12-05 05:30:00 AM,5.5,77.2,5.4,1.9,point
2025-12-05 06:00:00 AM,5.5,77.3,5.4,1.9,point
2025-12-05 06:30:00 AM,5.5,77.5,5.3,1.9,point
2025-12-05 07:00:00 AM,5.4,77.3,5.3,1.8,point
2025-12-05 07:30:00 AM,5.4,77.5,5.2,1.8,point
2025-12-05 08:00:00 AM,6.0,79.2,5.9,2.7,point
2025-12-05 08:30:00 AM,12.7,74.0,12.3,8.2,point
2025-12-05 09:00:00 AM,19.2,54.7,18.0,9.9,point
2025-12-05 09:30:00 AM,20.4,45.6,19.3,8.3,point
2025-12-05 10:00:00 AM,20.7,44.2,19.7,8.1,point
2025-12-05 10:30:00 AM,20.7,44.1,19.7,8.0,point
2025-12-05 11:00:00 AM,20.8,44.0,19.8,8.1,point
2025-12-05 11:30:00 AM,20.8,44.2,19.7,8.2,point
2025-12-05 12:00:00 PM,20.8,43.6,19.7,8.0,point
2025-12-05 12:30:00 PM,20.9,43.8,20.0,8.2,point
2025-12-05 01:00:00 PM,20.8,43.7,19.8,8.0,point
2025-12-05 01:30:00 PM,21.0,44.3,20.0,8.4,point
2025-12-05 02:00:00 PM,20.9,44.4,19.8,8.3,point
2025-12-05 02:30:00 PM,20.9,44.5,20.0,8.4,point
2025-12-05 03:00:00 PM,20.9,44.4,19.8,8.3,point
2025-12-05 03:30:00 PM,20.9,44.4,19.8,8.3,point
2025-12-05 04:00:00 PM,20.9,44.3,19.8,8.3,point
2025-12-05 04:30:00 PM,20.9,44.2,20.0,8.3,point
2025-12-05 05:00:00 PM,20.9,44.1,20.0,8.3,point
2025-12-05 05:30:00 PM,21.1,56.7,20.6,12.1,point
2025-12-05 06:00:00 PM,20.8,71.1,20.8,15.3,point
2025-12-05 06:30:00 PM,20.7,73.2,20.9,15.7,point
2025-12-05 07:00:00 PM,20.8,72.0,20.9,15.5,point
2025-12-05 07:30:00 PM,20.9,70.2,20.9,15.2,point
2025-12-05 08:00:00 PM,20.9,65.5,20.8,14.2,point
2025-12-05 08:30:00 PM,21.0,58.9,20.6,12.6,point
2025-12-05 09:00:00 PM,20.2,49.9,19.2,9.4,point
2025-12-05 09:30:00 PM,13.9,50.8,12.5,3.9,point
2025-12-05 10:00:00 PM,7.5,60.0,6.9,0.2,point
2025-12-05 10:30:00 PM,6.1,71.3,5.8,1.3,point
2025-12-05 11:00:00 PM,5.8,73.6,5.6,1.5,point
2025-12-05 11:30:00 PM,5.8,74.9,5.5,1.6,point
2025-12-06 12:00:00 AM,5.7,75.6,5.4,1.7,point
2025-12-06 12:30:00 AM,5.7,75.9,5.5,1.8,point
2025-12-06 01:00:00 AM,5.6,76.5,5.4,1.8,point
2025-12-06 01:30:00 AM,5.7,76.9,5.5,2.0,point
2025-12-06 02:00:00 AM,5.7,77.1,5.5,2.0,point
2025-12-06 02:30:00 AM,5.5,77.2,5.4,1.9,point
2025-12-06 03:00:00 AM,5.6,77.3,5.4,1.9,point
2025-12-06 03:30:00 AM,5.6,77.7,5.5,2.0,point
2025-12-06 04:00:00 AM,5.5,77.5,5.3,1.9,point
2025-12-06 04:30:00 AM,5.6,77.6,5.4,2.0,point
2025-12-06 05:00:00 AM,5.5,77.7,5.4,1.9,point
2025-12-06 05:30:00 AM,5.6,77.4,5.4,2.0,point
2025-12-06 06:00:00 AM,5.5,76.8,5.2,1.8,point
2025-12-06 06:30:00 AM,5.6,77.2,5.5,1.9,point
2025-12-06 07:00:00 AM,5.6,77.0,5.5,1.9,point
2025-12-06 07:30:00 AM,5.6,76.8,5.3,1.8,point
2025-12-06 08:00:00 AM,6.3,79.1,6.2,3.0,point
2025-12-06 08:30:00 AM,12.2,73.9,11.7,7.7,point
2025-12-06 09:00:00 AM,18.7,55.5,17.3,9.6,point
2025-12-06 09:30:00 AM,20.4,46.0,19.2,8.4,point
2025-12-06 10:00:00 AM,20.7,44.5,19.7,8.2,point
2025-12-06 10:30:00 AM,20.9,43.9,19.8,8.1,point
2025-12-06 11:00:00 AM,20.9,44.0,20.0,8.2,point
2025-12-06 11:30:00 AM,21.0,43.8,20.0,8.2,point
2025-12-06 12:00:00 PM,21.1,43.5,20.1,8.2,point
2025-12-06 12:30:00 PM,21.1,43.4,20.1,8.1,point
2025-12-06 01:00:00 PM,21.0,42.8,20.0,7.9,point
2025-12-06 01:30:00 PM,21.1,42.7,20.0,7.9,point
2025-12-06 02:00:00 PM,21.1,42.4,20.0,7.8,point
2025-12-06 02:30:00 PM,21.1,42.1,20.2,7.8,point
2025-12-06 03:00:00 PM,21.1,42.1,20.2,7.8,point
2025-12-06 03:30:00 PM,21.0,42.1,20.0,7.7,point
2025-12-06 04:00:00 PM,21.1,41.7,20.0,7.5,point
2025-12-06 04:30:00 PM,21.1,41.2,20.2,7.4,point
2025-12-06 05:00:00 PM,21.1,40.3,20.1,7.1,point
2025-12-06 05:30:00 PM,21.1,39.8,20.1,6.9,point
2025-12-06 06:00:00 PM,21.1,39.9,20.1,7.0,point
2025-12-06 06:30:00 PM,21.1,39.8,19.9,6.9,point
2025-12-06 07:00:00 PM,21.1,39.9,20.1,7.0,point
2025-12-06 07:30:00 PM,21.0,39.7,19.9,6.8,point
2025-12-06 08:00:00 PM,21.1,39.7,19.9,6.9,point
2025-12-06 08:30:00 PM,21.1,39.6,20.1,6.9,point
2025-12-06 09:00:00 PM,20.0,38.8,18.4,5.6,point
2025-12-06 09:30:00 PM,14.6,45.5,13.0,3.0,point
2025-12-06 10:00:00 PM,7.3,55.5,6.7,-1.0,point
2025-12-06 10:30:00 PM,6.0,67.8,5.7,0.5,point
2025-12-06 11:00:00 PM,5.8,71.0,5.5,0.9,point
2025-12-06 11:30:00 PM,5.8,73.4,5.6,1.4,point
2025-12-07 12:00:00 AM,5.7,74.3,5.5,1.5,point
2025-12-07 12:30:00 AM,5.7,75.5,5.5,1.7,point
2025-12-07 01:00:00 AM,5.6,75.8,5.4,1.7,point
2025-12-07 01:30:00 AM,5.5,76.0,5.3,1.6,point
2025-12-07 02:00:00 AM,5.6,76.4,5.3,1.8,point
2025-12-07 02:30:00 AM,5.5,76.6,5.3,1.8,point
2025-12-07 03:00:00 AM,5.6,76.7,5.4,1.9,point
2025-12-07 03:30:00 AM,5.6,76.7,5.3,1.8,point
2025-12-07 04:00:00 AM,5.6,76.9,5.3,1.9,point
2025-12-07 04:30:00 AM,5.7,77.1,5.5,2.0,point
2025-12-07 05:00:00 AM,5.5,76.3,5.3,1.7,point
2025-12-07 05:30:00 AM,5.6,76.7,5.4,1.9,point
2025-12-07 06:00:00 AM,5.6,76.7,5.3,1.8,point
2025-12-07 06:30:00 AM,5.6,76.6,5.4,1.8,point
2025-12-07 07:00:00 AM,5.5,76.1,5.3,1.7,point
2025-12-07 07:30:00 AM,5.5,76.1,5.3,1.7,point
2025-12-07 08:00:00 AM,6.2,78.3,6.0,2.7,point
2025-12-07 08:30:00 AM,12.1,73.4,11.7,7.5,point
2025-12-07 09:00:00 AM,18.7,53.5,17.1,9.1,point
2025-12-07 09:30:00 AM,20.4,43.6,19.2,7.7,point
2025-12-07 10:00:00 AM,20.8,42.0,19.6,7.4,point
2025-12-07 10:30:00 AM,20.8,41.5,19.7,7.3,point
2025-12-07 11:00:00 AM,20.9,41.0,19.9,7.2,point
2025-12-07 11:30:00 AM,21.0,39.6,19.8,6.7,point
2025-12-07 12:00:00 PM,21.0,38.8,19.8,6.4,point
2025-12-07 12:30:00 PM,21.1,39.1,20.1,6.7,point
2025-12-07 01:00:00 PM,21.1,39.2,20.1,6.7,point
2025-12-07 01:30:00 PM,21.1,38.7,19.9,6.4,point
2025-12-07 02:00:00 PM,21.1,38.0,19.8,6.2,point
2025-12-07 02:30:00 PM,21.1,37.5,19.8,6.0,point
2025-12-07 03:00:00 PM,21.1,38.5,19.8,6.4,point
2025-12-07 03:30:00 PM,21.1,38.6,20.1,6.5,point
2025-12-07 04:00:00 PM,21.1,38.6,20.0,6.5,point
2025-12-07 04:30:00 PM,21.1,38.5,19.8,6.4,point
2025-12-07 05:00:00 PM,21.1,38.7,20.1,6.5,point
2025-12-07 05:30:00 PM,21.1,38.9,20.1,6.6,point
2025-12-07 06:00:00 PM,21.2,39.3,20.1,6.8,point
2025-12-07 06:30:00 PM,21.0,39.3,19.8,6.6,point
2025-12-07 07:00:00 PM,21.1,39.8,20.1,6.9,point
2025-12-07 07:30:00 PM,21.1,39.9,20.1,7.0,point
2025-12-07 08:00:00 PM,21.1,40.0,19.9,6.9,point
2025-12-07 08:30:00 PM,21.0,40.0,19.9,6.9,point
2025-12-07 09:00:00 PM,20.4,39.5,19.0,6.2,point
2025-12-07 09:30:00 PM,14.0,45.3,12.4,2.4,point
2025-12-07 10:00:00 PM,7.4,55.9,6.7,-0.8,point
2025-12-07 10:30:00 PM,6.1,68.3,5.8,0.8,point
2025-12-07 11:00:00 PM,5.8,71.5,5.6,1.1,point
2025-12-07 11:30:00 PM,5.8,73.0,5.6,1.4,point
2025-12-08 12:00:00 AM,5.7,74.2,5.5,1.5,point
2025-12-08 12:30:00 AM,5.7,74.8,5.4,1.6,point
2025-12-08 01:00:00 AM,5.6,75.3,5.4,1.6,point
2025-12-08 01:30:00 AM,5.5,75.5,5.3,1.6,point
2025-12-08 02:00:00 AM,5.6,75.9,5.4,1.7,point
2025-12-08 02:30:00 AM,5.6,75.8,5.4,1.7,point
2025-12-08 03:00:00 AM,5.6,75.9,5.3,1.7,point
2025-12-08 03:30:00 AM,5.6,75.3,5.3,1.5,point
2025-12-08 04:00:00 AM,5.6,74.8,5.3,1.4,point
2025-12-08 04:30:00 AM,5.6,74.4,5.3,1.4,point
2025-12-08 05:00:00 AM,5.7,74.4,5.4,1.5,point
2025-12-08 05:30:00 AM,5.6,73.8,5.3,1.2,point
2025-12-08 06:00:00 AM,5.6,73.5,5.4,1.3,point
2025-12-08 06:30:00 AM,5.6,72.9,5.3,1.1,point
2025-12-08 07:00:00 AM,5.6,72.3,5.3,1.0,point
2025-12-08 07:30:00 AM,5.6,72.4,5.4,1.1,point
2025-12-08 08:00:00 AM,6.3,74.5,6.0,2.1,point
2025-12-08 08:30:00 AM,12.1,68.3,11.4,6.4,point
2025-12-08 09:00:00 AM,18.6,49.5,16.9,7.9,point
2025-12-08 09:30:00 AM,20.3,40.9,19.0,6.7,point
2025-12-08 10:00:00 AM,20.7,39.6,19.5,6.5,point
2025-12-08 10:30:00 AM,20.8,39.1,19.5,6.4,point
2025-12-08 11:00:00 AM,20.9,39.5,19.8,6.6,point
2025-12-08 11:30:00 AM,21.0,38.3,19.7,6.2,point
2025-12-08 12:00:00 PM,21.0,38.6,19.9,6.4,point
2025-12-08 12:30:00 PM,21.0,38.7,19.9,6.4,point
2025-12-08 01:00:00 PM,21.0,38.1,19.8,6.2,point
2025-12-08 01:30:00 PM,21.0,36.3,19.7,5.5,point
2025-12-08 02:00:00 PM,21.0,36.5,19.7,5.6,point
2025-12-08 02:30:00 PM,21.1,36.3,19.7,5.6,point
2025-12-08 03:00:00 PM,21.1,36.3,19.7,5.5,point
2025-12-08 03:30:00 PM,21.1,36.4,19.7,5.6,point
2025-12-08 04:00:00 PM,21.0,37.0,19.8,5.8,point
2025-12-08 04:30:00 PM,20.8,34.2,19.2,4.5,point
2025-12-08 05:00:00 PM,20.9,36.6,19.5,5.5,point
2025-12-08 05:30:00 PM,20.9,37.3,19.7,5.8,point
2025-12-08 06:00:00 PM,20.8,37.5,19.4,5.8,point
2025-12-08 06:30:00 PM,20.9,38.0,19.5,6.1,point
2025-12-08 07:00:00 PM,20.9,38.5,19.7,6.3,point
2025-12-08 07:30:00 PM,20.8,38.8,19.6,6.3,point
2025-12-08 08:00:00 PM,20.9,39.0,19.8,6.5,point
2025-12-08 08:30:00 PM,20.9,39.0,19.6,6.4,point
2025-12-08 09:00:00 PM,19.9,38.6,18.2,5.4,point
2025-12-08 09:30:00 PM,14.3,44.8,12.6,2.5,point
2025-12-08 10:00:00 PM,7.4,55.4,6.7,-1.0,point
2025-12-08 10:30:00 PM,5.9,68.4,5.6,0.6,point
2025-12-08 11:00:00 PM,5.6,71.5,5.4,0.9,point
2025-12-08 11:30:00 PM,5.5,73.7,5.2,1.2,point
2025-12-09 12:00:00 AM,5.5,74.4,5.2,1.3,point
2025-12-09 12:30:00 AM,5.5,75.3,5.2,1.4,point
2025-12-09 01:00:00 AM,5.4,75.6,5.2,1.5,point
2025-12-09 01:30:00 AM,5.4,76.1,5.2,1.6,point
2025-12-09 02:00:00 AM,5.4,75.9,5.2,1.5,point
2025-12-09 02:30:00 AM,5.3,75.8,5.1,1.4,point
2025-12-09 03:00:00 AM,5.4,75.9,5.2,1.5,point
2025-12-09 03:30:00 AM,5.4,75.9,5.2,1.5,point
2025-12-09 04:00:00 AM,5.4,75.5,5.2,1.4,point
2025-12-09 04:30:00 AM,5.4,75.5,5.2,1.4,point
2025-12-09 05:00:00 AM,5.3,75.1,5.1,1.3,point
2025-12-09 05:30:00 AM,5.3,75.0,5.1,1.3,point
2025-12-09 06:00:00 AM,5.5,74.4,5.2,1.3,point
2025-12-09 06:30:00 AM,5.4,74.5,5.2,1.3,point
2025-12-09 07:00:00 AM,5.4,74.1,5.1,1.1,point
2025-12-09 07:30:00 AM,5.4,73.9,5.2,1.1,point
2025-12-09 08:00:00 AM,6.1,75.0,5.8,2.0,point
2025-12-09 08:30:00 AM,12.7,69.8,12.2,7.4,point
2025-12-09 09:00:00 AM,19.2,49.9,17.6,8.5,point
2025-12-09 09:30:00 AM,20.4,41.2,19.0,6.8,point
2025-12-09 10:00:00 AM,20.6,39.6,19.2,6.4,point
2025-12-09 10:30:00 AM,20.8,39.4,19.5,6.5,point
2025-12-09 11:00:00 AM,20.7,39.2,19.3,6.3,point
2025-12-09 11:30:00 AM,20.5,39.0,19.2,6.1,point
2025-12-09 12:00:00 PM,20.8,39.3,19.5,6.4,point
2025-12-09 12:30:00 PM,20.9,39.2,19.6,6.5,point
2025-12-09 01:00:00 PM,20.8,38.2,19.4,6.0,point
2025-12-09 01:30:00 PM,20.8,36.3,19.3,5.3,point
2025-12-09 02:00:00 PM,20.6,36.3,19.1,5.2,point
2025-12-09 02:30:00 PM,20.7,36.3,19.3,5.2,point
2025-12-09 03:00:00 PM,20.8,36.1,19.3,5.2,point
2025-12-09 03:30:00 PM,20.8,36.3,19.3,5.3,point
2025-12-09 04:00:00 PM,20.7,36.1,19.3,5.2,point
2025-12-09 04:30:00 PM,20.8,36.3,19.3,5.3,point
2025-12-09 05:00:00 PM,20.8,36.6,19.4,5.4,point
2025-12-09 05:30:00 PM,20.8,36.9,19.5,5.6,point
2025-12-09 06:00:00 PM,20.9,37.1,19.5,5.7,point
2025-12-09 06:30:00 PM,20.7,37.1,19.4,5.5,point
2025-12-09 07:00:00 PM,20.9,37.1,19.5,5.7,point
2025-12-09 07:30:00 PM,20.7,37.1,19.2,5.5,point
2025-12-09 08:00:00 PM,20.8,36.9,19.4,5.5,point
2025-12-09 08:30:00 PM,20.8,37.0,19.4,5.6,point
2025-12-09 09:00:00 PM,19.8,36.5,17.9,4.5,point
2025-12-09 09:30:00 PM,13.9,42.8,12.1,1.4,point
2025-12-09 10:00:00 PM,6.7,53.7,6.1,-2.0,point
2025-12-09 10:30:00 PM,5.7,66.0,5.3,-0.2,point
2025-12-09 11:00:00 PM,5.6,69.2,5.3,0.4,point
2025-12-09 11:30:00 PM,5.4,70.7,5.1,0.5,point
2025-12-10 12:00:00 AM,5.4,71.6,5.2,0.7,point
2025-12-10 12:30:00 AM,5.4,72.2,5.1,0.8,point
2025-12-10 01:00:00 AM,5.4,72.2,5.1,0.8,point
2025-12-10 01:30:00 AM,5.3,72.3,5.1,0.8,point
2025-12-10 02:00:00 AM,5.3,72.2,5.1,0.8,point
2025-12-10 02:30:00 AM,5.3,71.7,5.1,0.6,point
2025-12-10 03:00:00 AM,5.3,71.5,5.1,0.6,point
2025-12-10 03:30:00 AM,5.3,71.0,5.0,0.5,point
2025-12-10 04:00:00 AM,5.3,70.3,5.0,0.3,point
2025-12-10 04:30:00 AM,5.4,70.5,5.0,0.5,point
2025-12-10 05:00:00 AM,5.4,69.7,5.0,0.3,point
2025-12-10 05:30:00 AM,5.4,69.3,5.0,0.2,point
2025-12-10 06:00:00 AM,5.2,68.9,4.9,-0.0,point
2025-12-10 06:30:00 AM,5.3,69.3,5.0,0.1,point
2025-12-10 07:00:00 AM,5.3,69.3,5.0,0.1,point
2025-12-10 07:30:00 AM,5.3,69.1,5.0,0.1,point
2025-12-10 08:00:00 AM,5.8,70.8,5.5,0.9,point
2025-12-10 08:30:00 AM,12.7,64.3,11.9,6.1,point
2025-12-10 09:00:00 AM,19.0,45.4,17.3,6.9,point
2025-12-10 09:30:00 AM,20.3,38.0,18.8,5.5,point
2025-12-10 10:00:00 AM,20.6,36.8,19.2,5.4,point
2025-12-10 10:30:00 AM,20.6,36.5,19.2,5.3,point
2025-12-10 11:00:00 AM,20.7,36.4,19.1,5.2,point
2025-12-10 11:30:00 AM,20.8,36.3,19.3,5.3,point
2025-12-10 12:00:00 PM,20.8,36.3,19.4,5.3,point
2025-12-10 12:30:00 PM,20.6,36.1,19.0,5.1,point
2025-12-10 01:00:00 PM,20.7,35.8,19.3,5.0,point
2025-12-10 01:30:00 PM,20.9,35.4,19.4,5.0,point
2025-12-10 02:00:00 PM,20.7,34.8,19.3,4.6,point
2025-12-10 02:30:00 PM,20.8,34.7,19.3,4.7,point
2025-12-10 03:00:00 PM,20.8,34.5,19.3,4.5,point
2025-12-10 03:30:00 PM,20.8,34.4,19.3,4.5,point
2025-12-10 04:00:00 PM,20.8,34.5,19.3,4.6,point
2025-12-10 04:30:00 PM,20.9,34.1,19.3,4.5,point
2025-12-10 05:00:00 PM,20.7,34.2,19.2,4.4,point
2025-12-10 05:30:00 PM,20.9,34.5,19.4,4.7,point
2025-12-10 06:00:00 PM,20.7,34.5,19.3,4.5,point
2025-12-10 06:30:00 PM,20.9,35.0,19.4,4.8,point
2025-12-10 07:00:00 PM,20.9,35.5,19.4,5.1,point
2025-12-10 07:30:00 PM,20.8,36.2,19.4,5.3,point
2025-12-10 08:00:00 PM,20.7,36.4,19.3,5.3,point
2025-12-10 08:30:00 PM,20.8,36.8,19.4,5.5,point
2025-12-10 09:00:00 PM,20.2,36.8,18.5,4.9,point
2025-12-10 09:30:00 PM,13.5,42.4,11.7,1.0,point
2025-12-10 10:00:00 PM,6.8,53.7,6.1,-1.9,point
2025-12-10 10:30:00 PM,5.6,65.9,5.3,-0.2,point
2025-12-10 11:00:00 PM,5.5,69.3,5.2,0.3,point
2025-12-10 11:30:00 PM,5.5,71.0,5.2,0.7,point
2025-12-11 12:00:00 AM,5.5,72.3,5.2,0.9,point
2025-12-11 12:30:00 AM,5.5,73.0,5.2,1.0,point
2025-12-11 01:00:00 AM,5.4,73.7,5.2,1.1,point
2025-12-11 01:30:00 AM,5.4,73.5,5.2,1.0,point
2025-12-11 02:00:00 AM,5.4,73.4,5.2,1.1,point
2025-12-11 02:30:00 AM,5.4,73.2,5.2,1.0,point
2025-12-11 03:00:00 AM,5.4,72.8,5.2,0.9,point
2025-12-11 03:30:00 AM,5.5,72.6,5.2,0.9,point
2025-12-11 04:00:00 AM,5.4,72.4,5.1,0.8,point
2025-12-11 04:30:00 AM,5.5,72.4,5.2,0.9,point
2025-12-11 05:00:00 AM,5.2,71.6,5.0,0.5,point
2025-12-11 05:30:00 AM,5.4,71.6,5.2,0.7,point
2025-12-11 06:00:00 AM,5.4,71.4,5.2,0.7,point
2025-12-11 06:30:00 AM,5.5,71.0,5.1,0.6,point
2025-12-11 07:00:00 AM,5.4,70.2,5.1,0.4,point
2025-12-11 07:30:00 AM,5.4,70.6,5.1,0.5,point
2025-12-11 08:00:00 AM,6.2,72.2,5.9,1.6,point
2025-12-11 08:30:00 AM,12.4,65.3,11.7,6.1,point
2025-12-11 09:00:00 AM,19.1,46.6,17.4,7.5,point
2025-12-11 09:30:00 AM,20.4,38.8,18.9,5.9,point
2025-12-11 10:00:00 AM,20.6,37.5,19.2,5.7,point
2025-12-11 10:30:00 AM,20.6,37.5,19.2,5.6,point
2025-12-11 11:00:00 AM,20.9,37.7,19.5,5.9,point
2025-12-11 11:30:00 AM,20.7,37.6,19.4,5.8,point
2025-12-11 12:00:00 PM,20.7,38.0,19.4,5.9,point
2025-12-11 12:30:00 PM,20.8,38.3,19.5,6.1,point
2025-12-11 01:00:00 PM,20.9,38.3,19.5,6.1,point
2025-12-11 01:30:00 PM,20.8,37.6,19.4,5.8,point
2025-12-11 02:00:00 PM,20.6,36.9,19.2,5.4,point
2025-12-11 02:30:00 PM,21.0,36.8,19.7,5.7,point
2025-12-11 03:00:00 PM,20.8,36.0,19.4,5.2,point
2025-12-11 03:30:00 PM,20.8,35.8,19.3,5.0,point
2025-12-11 04:00:00 PM,20.8,35.8,19.4,5.1,point
2025-12-11 04:30:00 PM,20.8,36.1,19.3,5.2,point
2025-12-11 05:00:00 PM,20.9,36.1,19.4,5.3,point
2025-12-11 05:30:00 PM,20.9,36.5,19.5,5.5,point
2025-12-11 06:00:00 PM,20.8,36.6,19.5,5.5,point
2025-12-11 06:30:00 PM,20.9,36.8,19.5,5.6,point
2025-12-11 07:00:00 PM,20.7,36.9,19.2,5.5,point
2025-12-11 07:30:00 PM,20.7,37.3,19.4,5.7,point
2025-12-11 08:00:00 PM,20.9,37.8,19.7,6.0,point
2025-12-11 08:30:00 PM,20.8,38.0,19.5,6.0,point
2025-12-11 09:00:00 PM,20.0,37.7,18.2,5.1,point
2025-12-11 09:30:00 PM,13.5,44.0,11.9,1.5,point
2025-12-11 10:00:00 PM,6.8,55.2,6.1,-1.6,point
2025-12-11 10:30:00 PM,5.7,68.6,5.3,0.3,point
2025-12-11 11:00:00 PM,5.6,71.9,5.3,0.9,point
2025-12-11 11:30:00 PM,5.6,73.3,5.4,1.2,point
2025-12-12 12:00:00 AM,5.6,74.3,5.3,1.4,point
2025-12-12 12:30:00 AM,5.5,75.0,5.2,1.4,point
2025-12-12 01:00:00 AM,5.4,75.3,5.2,1.4,point
2025-12-12 01:30:00 AM,5.3,75.5,5.1,1.3,point
2025-12-12 02:00:00 AM,5.5,75.9,5.2,1.6,point
2025-12-12 02:30:00 AM,5.5,76.1,5.3,1.7,point
2025-12-12 03:00:00 AM,5.4,75.6,5.1,1.4,point
2025-12-12 03:30:00 AM,5.4,75.7,5.1,1.4,point
2025-12-12 04:00:00 AM,5.4,75.4,5.1,1.4,point
2025-12-12 04:30:00 AM,5.4,75.3,5.2,1.4,point
2025-12-12 05:00:00 AM,5.5,75.3,5.2,1.4,point
2025-12-12 05:30:00 AM,5.5,75.2,5.2,1.4,point
2025-12-12 06:00:00 AM,5.4,75.0,5.2,1.3,point
2025-12-12 06:30:00 AM,5.4,75.0,5.1,1.3,point
2025-12-12 07:00:00 AM,5.3,74.6,5.1,1.2,point
2025-12-12 07:30:00 AM,5.4,74.9,5.2,1.3,point
2025-12-12 08:00:00 AM,6.3,77.3,6.0,2.6,point
2025-12-12 08:30:00 AM,12.4,71.2,11.9,7.4,point
2025-12-12 09:00:00 AM,19.1,51.1,17.6,8.7,point
2025-12-12 09:30:00 AM,20.4,41.4,19.0,6.8,point
2025-12-12 10:00:00 AM,20.6,39.9,19.3,6.6,point
2025-12-12 10:30:00 AM,20.7,39.4,19.5,6.4,point
2025-12-12 11:00:00 AM,20.7,39.6,19.5,6.5,point
2025-12-12 11:30:00 AM,20.8,39.8,19.6,6.7,point
2025-12-12 12:00:00 PM,20.7,39.8,19.5,6.6,point
2025-12-12 12:30:00 PM,20.8,39.9,19.5,6.6,point
2025-12-12 01:00:00 PM,20.8,40.2,19.5,6.8,point
2025-12-12 01:30:00 PM,20.8,40.2,19.6,6.8,point
2025-12-12 02:00:00 PM,20.7,39.9,19.3,6.5,point
2025-12-12 02:30:00 PM,21.0,38.8,19.9,6.5,point
2025-12-12 03:00:00 PM,20.1,70.3,20.0,14.5,point
2025-12-12 03:30:00 PM,20.2,77.5,20.3,16.1,point
2025-12-12 04:00:00 PM,20.2,79.0,20.4,16.4,point
2025-12-12 04:30:00 PM,20.2,78.2,20.3,16.2,point
2025-12-12 05:00:00 PM,20.2,75.6,20.3,15.8,point
2025-12-12 05:30:00 PM,20.2,72.4,20.2,15.1,point
2025-12-12 06:00:00 PM,20.5,67.7,20.3,14.3,point
2025-12-12 06:30:00 PM,20.8,59.9,20.3,12.7,point
2025-12-12 07:00:00 PM,20.8,55.1,20.3,11.5,point
2025-12-12 07:30:00 PM,20.8,52.4,20.0,10.7,point
2025-12-12 08:00:00 PM,20.9,50.7,20.1,10.3,point
2025-12-12 08:30:00 PM,20.8,48.1,19.9,9.4,point
2025-12-12 09:00:00 PM,20.0,45.0,18.7,7.7,point
2025-12-12 09:30:00 PM,13.8,49.9,12.4,3.6,point
2025-12-12 10:00:00 PM,7.0,60.0,6.5,-0.2,point
2025-12-12 10:30:00 PM,5.6,73.1,5.4,1.2,point
2025-12-12 11:00:00 PM,5.6,76.7,5.4,1.9,point
2025-12-12 11:30:00 PM,5.5,78.2,5.3,2.0,point
2025-12-13 12:00:00 AM,5.5,79.6,5.4,2.3,point
2025-12-13 12:30:00 AM,5.5,80.2,5.4,2.4,point
2025-12-13 01:00:00 AM,5.5,80.4,5.4,2.4,point
2025-12-13 01:30:00 AM,5.5,81.3,5.4,2.6,point
2025-12-13 02:00:00 AM,5.5,81.2,5.4,2.6,point
2025-12-13 02:30:00 AM,5.4,81.2,5.3,2.5,point
2025-12-13 03:00:00 AM,5.3,81.1,5.2,2.4,point
2025-12-13 03:30:00 AM,5.4,81.1,5.3,2.5,point
2025-12-13 04:00:00 AM,5.3,81.0,5.2,2.3,point
2025-12-13 04:30:00 AM,5.5,80.9,5.3,2.5,point
2025-12-13 05:00:00 AM,5.3,80.6,5.2,2.2,point
2025-12-13 05:30:00 AM,5.4,80.5,5.3,2.3,point
2025-12-13 06:00:00 AM,5.4,80.7,5.3,2.4,point
2025-12-13 06:30:00 AM,5.4,79.8,5.2,2.2,point
2025-12-13 07:00:00 AM,5.3,80.1,5.2,2.2,point
2025-12-13 07:30:00 AM,5.5,80.0,5.3,2.3,point
2025-12-13 08:00:00 AM,6.1,81.7,6.0,3.2,point
2025-12-13 08:30:00 AM,12.2,77.8,12.0,8.5,point
2025-12-13 09:00:00 AM,18.9,57.8,17.6,10.4,point
2025-12-13 09:30:00 AM,20.3,45.7,19.2,8.2,point
2025-12-13 10:00:00 AM,20.4,43.3,19.2,7.5,point
2025-12-13 10:30:00 AM,20.7,42.6,19.4,7.5,point
2025-12-13 11:00:00 AM,20.5,42.2,19.3,7.3,point
2025-12-13 11:30:00 AM,20.6,41.9,19.3,7.2,point
2025-12-13 12:00:00 PM,20.7,41.8,19.6,7.3,point
2025-12-13 12:30:00 PM,20.7,41.8,19.4,7.2,point
2025-12-13 01:00:00 PM,20.6,41.4,19.4,7.0,point
2025-12-13 01:30:00 PM,20.8,41.4,19.6,7.2,point
2025-12-13 02:00:00 PM,20.6,41.3,19.4,7.0,point
2025-12-13 02:30:00 PM,20.8,41.3,19.6,7.1,point
2025-12-13 03:00:00 PM,20.6,41.0,19.3,6.9,point
2025-12-13 03:30:00 PM,20.6,40.5,19.3,6.8,point
2025-12-13 04:00:00 PM,20.8,40.4,19.5,6.9,point
2025-12-13 04:30:00 PM,20.8,40.2,19.5,6.8,point
2025-12-13 05:00:00 PM,20.8,40.3,19.6,6.8,point
2025-12-13 05:30:00 PM,20.8,40.4,19.5,6.8,point
2025-12-13 06:00:00 PM,20.7,40.5,19.5,6.8,point
2025-12-13 06:30:00 PM,20.6,40.7,19.3,6.8,point
2025-12-13 07:00:00 PM,20.7,40.7,19.5,6.9,point
2025-12-13 07:30:00 PM,20.8,41.1,19.6,7.1,point
2025-12-13 08:00:00 PM,20.6,40.9,19.4,6.9,point
2025-12-13 08:30:00 PM,20.8,41.0,19.6,7.0,point
2025-12-13 09:00:00 PM,19.8,40.6,18.0,6.0,point
2025-12-13 09:30:00 PM,14.4,47.1,12.9,3.3,point
2025-12-13 10:00:00 PM,7.1,57.7,6.5,-0.7,point
2025-12-13 10:30:00 PM,5.7,72.3,5.5,1.1,point
2025-12-13 11:00:00 PM,5.8,74.7,5.6,1.7,point
2025-12-13 11:30:00 PM,5.7,77.7,5.5,2.1,point
2025-12-14 12:00:00 AM,5.6,79.1,5.4,2.2,point
2025-12-14 12:30:00 AM,5.6,79.9,5.4,2.4,point
2025-12-14 01:00:00 AM,5.6,80.0,5.4,2.4,point
2025-12-14 01:30:00 AM,5.5,79.8,5.4,2.3,point
2025-12-14 02:00:00 AM,5.6,80.2,5.4,2.5,point
2025-12-14 02:30:00 AM,5.6,80.3,5.5,2.5,point
2025-12-14 03:00:00 AM,5.5,80.3,5.3,2.4,point
2025-12-14 03:30:00 AM,5.5,80.0,5.3,2.3,point
2025-12-14 04:00:00 AM,5.5,80.3,5.4,2.4,point
2025-12-14 04:30:00 AM,5.6,80.3,5.5,2.5,point
2025-12-14 05:00:00 AM,5.4,79.7,5.3,2.2,point
2025-12-14 05:30:00 AM,5.4,79.3,5.3,2.1,point
2025-12-14 06:00:00 AM,5.5,79.2,5.4,2.2,point
2025-12-14 06:30:00 AM,5.6,78.9,5.5,2.2,point
2025-12-14 07:00:00 AM,5.5,78.6,5.4,2.1,point
2025-12-14 07:30:00 AM,5.5,78.6,5.3,2.1,point
2025-12-14 08:00:00 AM,6.0,80.1,5.9,2.9,point
2025-12-14 08:30:00 AM,12.4,75.9,12.1,8.3,point
2025-12-14 09:00:00 AM,19.1,55.1,17.8,9.9,point
2025-12-14 09:30:00 AM,20.3,43.1,19.1,7.4,point
2025-12-14 10:00:00 AM,20.6,41.3,19.3,7.0,point
2025-12-14 10:30:00 AM,20.9,40.9,19.7,7.1,point
2025-12-14 11:00:00 AM,20.6,40.3,19.3,6.7,point
2025-12-14 11:30:00 AM,20.7,39.3,19.5,6.4,point
2025-12-14 12:00:00 PM,20.9,38.2,19.5,6.1,point
2025-12-14 12:30:00 PM,20.6,37.3,19.2,5.6,point
2025-12-14 01:00:00 PM,20.8,36.6,19.4,5.4,point
2025-12-14 01:30:00 PM,20.9,36.0,19.4,5.3,point
2025-12-14 02:00:00 PM,20.8,35.2,19.3,4.8,point
2025-12-14 02:30:00 PM,20.7,34.7,19.3,4.6,point
2025-12-14 03:00:00 PM,20.7,34.8,19.1,4.6,point
2025-12-14 03:30:00 PM,20.8,34.5,19.4,4.6,point
2025-12-14 04:00:00 PM,20.8,34.4,19.3,4.5,point
2025-12-14 04:30:00 PM,20.8,34.8,19.3,4.7,point
2025-12-14 05:00:00 PM,20.8,35.0,19.3,4.8,point
2025-12-14 05:30:00 PM,20.8,35.1,19.4,4.8,point
2025-12-14 06:00:00 PM,20.8,34.7,19.3,4.7,point
2025-12-14 06:30:00 PM,20.8,34.5,19.3,4.5,point
2025-12-14 07:00:00 PM,20.9,35.2,19.4,4.9,point
2025-12-14 07:30:00 PM,20.8,36.3,19.4,5.3,point
2025-12-14 08:00:00 PM,20.8,36.1,19.4,5.2,point
2025-12-14 08:30:00 PM,20.8,35.3,19.3,4.9,point
2025-12-14 09:00:00 PM,20.1,34.3,18.4,3.9,point
2025-12-14 09:30:00 PM,14.1,39.2,12.2,0.4,point
2025-12-14 10:00:00 PM,7.0,49.8,6.3,-2.7,point
2025-12-14 10:30:00 PM,5.7,61.8,5.3,-1.0,point
2025-12-14 11:00:00 PM,5.6,63.4,5.2,-0.8,point
2025-12-14 11:30:00 PM,5.5,64.4,5.1,-0.7,point
2025-12-15 12:00:00 AM,5.6,65.0,5.2,-0.4,point
2025-12-15 12:30:00 AM,5.5,65.6,5.1,-0.4,point
2025-12-15 01:00:00 AM,5.5,66.2,5.1,-0.3,point
2025-12-15 01:30:00 AM,5.4,67.2,5.1,-0.1,point
2025-12-15 02:00:00 AM,5.5,67.5,5.1,-0.1,point
2025-12-15 02:30:00 AM,5.5,67.4,5.1,-0.1,point
2025-12-15 03:00:00 AM,5.5,67.0,5.1,-0.1,point
2025-12-15 03:30:00 AM,5.5,66.9,5.1,-0.2,point
2025-12-15 04:00:00 AM,5.6,66.8,5.2,-0.1,point
2025-12-15 04:30:00 AM,5.5,66.4,5.1,-0.3,point
2025-12-15 05:00:00 AM,5.5,66.6,5.1,-0.2,point
2025-12-15 05:30:00 AM,5.5,66.2,5.1,-0.3,point
2025-12-15 06:00:00 AM,5.4,66.1,5.1,-0.4,point
2025-12-15 06:30:00 AM,5.6,66.7,5.2,-0.1,point
2025-12-15 07:00:00 AM,5.4,66.6,5.1,-0.3,point
2025-12-15 07:30:00 AM,5.5,67.5,5.2,-0.0,point
2025-12-15 08:00:00 AM,6.0,68.8,5.7,0.7,point
2025-12-15 08:30:00 AM,12.2,62.4,11.4,5.2,point
2025-12-15 09:00:00 AM,19.1,44.8,17.2,6.8,point
2025-12-15 09:30:00 AM,20.4,38.3,18.9,5.8,point
2025-12-15 10:00:00 AM,20.5,36.6,19.1,5.2,point
2025-12-15 10:30:00 AM,20.6,36.3,19.1,5.2,point
2025-12-15 11:00:00 AM,20.7,36.1,19.3,5.2,point
2025-12-15 11:30:00 AM,20.8,35.9,19.3,5.1,point
2025-12-15 12:00:00 PM,20.8,35.8,19.4,5.1,point
2025-12-15 12:30:00 PM,20.9,35.8,19.4,5.2,point
2025-12-15 01:00:00 PM,20.8,35.5,19.3,5.0,point
2025-12-15 01:30:00 PM,20.8,35.4,19.3,4.9,point
2025-12-15 02:00:00 PM,20.9,35.9,19.4,5.2,point
2025-12-15 02:30:00 PM,20.9,35.9,19.6,5.2,point
2025-12-15 03:00:00 PM,20.9,35.9,19.4,5.2,point
2025-12-15 03:30:00 PM,20.8,35.6,19.4,5.1,point
2025-12-15 04:00:00 PM,21.0,35.9,19.6,5.3,point
2025-12-15 04:30:00 PM,20.9,36.4,19.4,5.4,point
2025-12-15 05:00:00 PM,20.8,36.6,19.5,5.5,point
2025-12-15 05:30:00 PM,20.8,36.4,19.3,5.3,point
2025-12-15 06:00:00 PM,20.9,36.4,19.4,5.4,point
2025-12-15 06:30:00 PM,20.8,36.1,19.4,5.2,point
2025-12-15 07:00:00 PM,20.8,36.2,19.4,5.3,point
2025-12-15 07:30:00 PM,20.9,35.9,19.4,5.2,point
2025-12-15 08:00:00 PM,20.9,36.0,19.4,5.2,point
2025-12-15 08:30:00 PM,20.9,36.2,19.6,5.4,point
2025-12-15 09:00:00 PM,20.4,36.0,18.7,4.8,point
2025-12-15 09:30:00 PM,14.2,41.4,12.4,1.3,point
2025-12-15 10:00:00 PM,7.0,52.2,6.2,-2.2,point
2025-12-15 10:30:00 PM,5.6,65.9,5.3,-0.2,point
2025-12-15 11:00:00 PM,5.6,68.8,5.2,0.3,point
2025-12-15 11:30:00 PM,5.5,70.5,5.2,0.6,point
2025-12-16 12:00:00 AM,5.6,71.9,5.3,0.9,point
2025-12-16 12:30:00 AM,5.5,72.3,5.3,0.9,point
2025-12-16 01:00:00 AM,5.5,72.7,5.2,1.0,point
2025-12-16 01:30:00 AM,5.4,73.2,5.2,1.0,point
2025-12-16 02:00:00 AM,5.5,73.7,5.2,1.2,point
2025-12-16 02:30:00 AM,5.5,73.8,5.3,1.2,point
2025-12-16 03:00:00 AM,5.5,73.9,5.2,1.2,point
2025-12-16 03:30:00 AM,5.6,74.3,5.3,1.4,point
2025-12-16 04:00:00 AM,5.5,73.9,5.3,1.2,point
2025-12-16 04:30:00 AM,5.4,73.9,5.2,1.2,point
2025-12-16 05:00:00 AM,5.4,73.8,5.2,1.1,point
2025-12-16 05:30:00 AM,5.4,73.8,5.2,1.1,point
2025-12-16 06:00:00 AM,5.4,73.5,5.2,1.1,point
2025-12-16 06:30:00 AM,5.4,74.0,5.2,1.2,point
2025-12-16 07:00:00 AM,5.5,73.7,5.2,1.2,point
2025-12-16 07:30:00 AM,5.5,74.1,5.3,1.3,point
2025-12-16 08:00:00 AM,5.9,75.5,5.7,1.9,point
2025-12-16 08:30:00 AM,12.1,70.3,11.5,6.8,point
2025-12-16 09:00:00 AM,19.1,51.0,17.7,8.8,point
2025-12-16 09:30:00 AM,20.6,40.7,19.3,6.8,point
2025-12-16 10:00:00 AM,20.7,39.0,19.3,6.2,point
2025-12-16 10:30:00 AM,20.7,38.6,19.4,6.1,point
2025-12-16 11:00:00 AM,20.8,38.5,19.4,6.1,point
2025-12-16 11:30:00 AM,20.8,38.6,19.5,6.2,point
2025-12-16 12:00:00 PM,20.7,38.4,19.4,6.0,point
2025-12-16 12:30:00 PM,20.7,38.3,19.4,6.0,point
2025-12-16 01:00:00 PM,20.9,38.4,19.7,6.2,point
2025-12-16 01:30:00 PM,20.8,38.2,19.4,6.0,point
2025-12-16 02:00:00 PM,20.6,37.9,19.2,5.8,point
2025-12-16 02:30:00 PM,20.9,38.0,19.5,6.0,point
2025-12-16 03:00:00 PM,20.8,37.5,19.4,5.8,point
2025-12-16 03:30:00 PM,20.8,37.6,19.4,5.8,point
2025-12-16 04:00:00 PM,20.8,37.9,19.5,5.9,point
2025-12-16 04:30:00 PM,20.8,37.9,19.4,5.9,point
2025-12-16 05:00:00 PM,20.9,38.0,19.5,6.1,point
2025-12-16 05:30:00 PM,20.7,37.7,19.4,5.8,point
2025-12-16 06:00:00 PM,20.9,37.7,19.5,5.9,point
2025-12-16 06:30:00 PM,20.8,37.9,19.4,5.9,point
2025-12-16 07:00:00 PM,20.9,37.7,19.5,5.9,point
2025-12-16 07:30:00 PM,20.7,37.7,19.4,5.8,point
2025-12-16 08:00:00 PM,20.7,37.4,19.4,5.6,point
2025-12-16 08:30:00 PM,20.9,37.5,19.7,5.9,point
2025-12-16 09:00:00 PM,20.0,36.8,18.3,4.8,point
2025-12-16 09:30:00 PM,14.3,42.7,12.5,1.8,point
2025-12-16 10:00:00 PM,7.2,53.5,6.4,-1.6,point
2025-12-16 10:30:00 PM,5.7,67.4,5.3,0.1,point
2025-12-16 11:00:00 PM,5.6,70.5,5.3,0.7,point
2025-12-16 11:30:00 PM,5.6,72.1,5.4,1.0,point
2025-12-17 12:00:00 AM,5.5,72.9,5.2,1.0,point
2025-12-17 12:30:00 AM,5.5,73.8,5.2,1.2,point
2025-12-17 01:00:00 AM,5.5,74.0,5.2,1.2,point
2025-12-17 01:30:00 AM,5.5,73.9,5.2,1.2,point
2025-12-17 02:00:00 AM,5.6,74.2,5.3,1.3,point
2025-12-17 02:30:00 AM,5.4,74.0,5.2,1.2,point
2025-12-17 03:00:00 AM,5.6,74.2,5.3,1.3,point
2025-12-17 03:30:00 AM,5.4,73.7,5.2,1.1,point
2025-12-17 04:00:00 AM,5.5,73.8,5.3,1.2,point
2025-12-17 04:30:00 AM,5.5,73.5,5.2,1.1,point
2025-12-17 05:00:00 AM,5.5,73.1,5.3,1.1,point
2025-12-17 05:30:00 AM,5.4,72.6,5.2,0.9,point
2025-12-17 06:00:00 AM,5.6,72.4,5.3,1.0,point
2025-12-17 06:30:00 AM,5.4,72.1,5.2,0.8,point
2025-12-17 07:00:00 AM,5.5,71.8,5.3,0.8,point
2025-12-17 07:30:00 AM,5.5,72.1,5.2,0.9,point
2025-12-17 08:00:00 AM,6.1,73.5,5.8,1.7,point
2025-12-17 08:30:00 AM,12.2,67.6,11.5,6.4,point
2025-12-17 09:00:00 AM,19.0,48.0,17.2,7.8,point
2025-12-17 09:30:00 AM,20.5,38.0,19.1,5.7,point
2025-12-17 10:00:00 AM,20.8,36.8,19.4,5.5,point
2025-12-17 10:30:00 AM,20.7,36.1,19.3,5.2,point
2025-12-17 11:00:00 AM,20.8,35.5,19.3,4.9,point
2025-12-17 11:30:00 AM,20.9,35.2,19.4,4.9,point
2025-12-17 12:00:00 PM,20.8,35.0,19.4,4.8,point
2025-12-17 12:30:00 PM,20.9,34.8,19.4,4.7,point
2025-12-17 01:00:00 PM,20.9,34.4,19.4,4.6,point
2025-12-17 01:30:00 PM,20.9,34.0,19.3,4.4,point
2025-12-17 02:00:00 PM,20.9,33.7,19.5,4.4,point
2025-12-17 02:30:00 PM,20.9,33.5,19.5,4.3,point
2025-12-17 03:00:00 PM,20.9,33.2,19.5,4.2,point
2025-12-17 03:30:00 PM,20.8,33.1,19.3,4.0,point
2025-12-17 04:00:00 PM,20.9,33.3,19.5,4.2,point
2025-12-17 04:30:00 PM,20.8,33.4,19.3,4.1,point
2025-12-17 05:00:00 PM,21.0,33.0,19.5,4.1,point
2025-12-17 05:30:00 PM,20.8,32.6,19.3,3.8,point
2025-12-17 06:00:00 PM,20.9,32.5,19.3,3.8,point
2025-12-17 06:30:00 PM,20.8,32.9,19.3,3.9,point
2025-12-17 07:00:00 PM,20.9,33.1,19.3,4.0,point
2025-12-17 07:30:00 PM,20.9,33.2,19.5,4.1,point
2025-12-17 08:00:00 PM,20.9,33.0,19.3,4.0,point
2025-12-17 08:30:00 PM,20.9,33.2,19.3,4.1,point
2025-12-17 09:00:00 PM,20.3,33.1,18.6,3.6,point
2025-12-17 09:30:00 PM,14.4,38.0,12.5,0.3,point
2025-12-17 10:00:00 PM,7.1,48.3,6.3,-3.0,point
2025-12-17 10:30:00 PM,5.8,61.2,5.3,-1.1,point
2025-12-17 11:00:00 PM,5.5,63.5,5.1,-0.8,point
2025-12-17 11:30:00 PM,5.7,64.8,5.2,-0.4,point
2025-12-18 12:00:00 AM,5.6,65.4,5.1,-0.4,point
2025-12-18 12:30:00 AM,5.6,66.3,5.2,-0.2,point
2025-12-18 01:00:00 AM,5.5,66.2,5.2,-0.3,point
2025-12-18 01:30:00 AM,5.5,66.2,5.1,-0.3,point
2025-12-18 02:00:00 AM,5.5,66.2,5.1,-0.3,point
2025-12-18 02:30:00 AM,5.5,66.6,5.2,-0.2,point
2025-12-18 03:00:00 AM,5.6,66.7,5.2,-0.1,point
2025-12-18 03:30:00 AM,5.5,66.3,5.1,-0.3,point
2025-12-18 04:00:00 AM,5.3,66.3,5.0,-0.4,point
2025-12-18 04:30:00 AM,5.5,66.5,5.2,-0.2,point
2025-12-18 05:00:00 AM,5.5,66.7,5.2,-0.2,point
2025-12-18 05:30:00 AM,5.4,66.5,5.1,-0.3,point
2025-12-18 06:00:00 AM,5.4,66.5,5.0,-0.3,point
2025-12-18 06:30:00 AM,5.6,66.8,5.2,-0.1,point
2025-12-18 07:00:00 AM,5.3,67.0,5.0,-0.3,point
2025-12-18 07:30:00 AM,5.4,66.5,5.1,-0.3,point
2025-12-18 08:00:00 AM,5.7,68.6,5.4,0.4,point
2025-12-18 08:30:00 AM,12.2,62.4,11.3,5.2,point
2025-12-18 09:00:00 AM,18.9,44.6,17.0,6.6,point
2025-12-18 09:30:00 AM,20.4,36.4,18.7,5.0,point
2025-12-18 10:00:00 AM,20.7,35.6,19.1,4.9,point
2025-12-18 10:30:00 AM,20.7,35.5,19.3,4.9,point
2025-12-18 11:00:00 AM,20.6,35.2,19.0,4.7,point
2025-12-18 11:30:00 AM,20.8,35.8,19.4,5.2,point
2025-12-18 12:00:00 PM,20.8,36.0,19.4,5.2,point
2025-12-18 12:30:00 PM,20.8,36.0,19.4,5.2,point
2025-12-18 01:00:00 PM,20.9,35.9,19.4,5.2,point
2025-12-18 01:30:00 PM,20.9,35.9,19.6,5.3,point
2025-12-18 02:00:00 PM,20.8,35.7,19.4,5.1,point
2025-12-18 02:30:00 PM,20.9,35.3,19.6,5.0,point
2025-12-18 03:00:00 PM,20.9,35.1,19.4,4.9,point
2025-12-18 03:30:00 PM,20.8,34.9,19.4,4.8,point
2025-12-18 04:00:00 PM,20.9,35.1,19.4,4.9,point
2025-12-18 04:30:00 PM,20.8,35.5,19.4,5.0,point
2025-12-18 05:00:00 PM,20.9,35.7,19.6,5.2,point
2025-12-18 05:30:00 PM,20.9,35.8,19.4,5.2,point
2025-12-18 06:00:00 PM,20.8,35.9,19.4,5.2,point
2025-12-18 06:30:00 PM,20.9,35.9,19.4,5.2,point
2025-12-18 07:00:00 PM,20.8,35.9,19.4,5.2,point
2025-12-18 07:30:00 PM,20.9,36.1,19.6,5.3,point
2025-12-18 08:00:00 PM,20.9,36.1,19.4,5.3,point
2025-12-18 08:30:00 PM,20.9,36.2,19.6,5.4,point
2025-12-18 09:00:00 PM,20.2,35.7,18.5,4.6,point
2025-12-18 09:30:00 PM,14.2,41.3,12.4,1.2,point
2025-12-18 10:00:00 PM,7.1,52.0,6.4,-2.0,point
2025-12-18 10:30:00 PM,5.7,66.2,5.4,-0.1,point
2025-12-18 11:00:00 PM,5.6,69.4,5.2,0.4,point
2025-12-18 11:30:00 PM,5.6,71.3,5.4,0.8,point
2025-12-19 12:00:00 AM,5.6,72.5,5.4,1.1,point
2025-12-19 12:30:00 AM,5.6,73.5,5.4,1.2,point
2025-12-19 01:00:00 AM,5.6,73.8,5.3,1.3,point
2025-12-19 01:30:00 AM,5.5,74.2,5.3,1.3,point
2025-12-19 02:00:00 AM,5.5,74.2,5.3,1.3,point
2025-12-19 02:30:00 AM,5.6,74.6,5.4,1.4,point
2025-12-19 03:00:00 AM,5.6,74.5,5.4,1.4,point
2025-12-19 03:30:00 AM,5.5,74.1,5.3,1.3,point
2025-12-19 04:00:00 AM,5.6,74.1,5.3,1.4,point
2025-12-19 04:30:00 AM,5.5,73.5,5.2,1.1,point
2025-12-19 05:00:00 AM,5.5,73.7,5.2,1.2,point
2025-12-19 05:30:00 AM,5.5,73.7,5.3,1.2,point
2025-12-19 06:00:00 AM,5.5,73.5,5.2,1.1,point
2025-12-19 06:30:00 AM,5.5,73.0,5.3,1.1,point
2025-12-19 07:00:00 AM,5.5,72.7,5.2,1.0,point
2025-12-19 07:30:00 AM,5.4,72.5,5.2,0.9,point
2025-12-19 08:00:00 AM,6.1,74.2,5.8,1.8,point
2025-12-19 08:30:00 AM,12.1,69.2,11.5,6.7,point
2025-12-19 09:00:00 AM,18.8,49.4,17.0,8.0,point
2025-12-19 09:30:00 AM,20.5,38.9,19.2,6.1,point
2025-12-19 10:00:00 AM,20.7,37.2,19.2,5.6,point
2025-12-19 10:30:00 AM,20.7,37.0,19.4,5.5,point
2025-12-19 11:00:00 AM,20.8,37.1,19.5,5.7,point
2025-12-19 11:30:00 AM,20.9,37.1,19.5,5.7,point
2025-12-19 12:00:00 PM,20.7,36.4,19.3,5.3,point
2025-12-19 12:30:00 PM,20.8,35.7,19.4,5.1,point
2025-12-19 01:00:00 PM,20.9,35.1,19.6,4.9,point
2025-12-19 01:30:00 PM,20.9,34.4,19.6,4.6,point
2025-12-19 02:00:00 PM,20.8,33.7,19.3,4.3,point
2025-12-19 02:30:00 PM,20.9,33.1,19.3,4.0,point
2025-12-19 03:00:00 PM,20.9,33.0,19.5,4.0,point
2025-12-19 03:30:00 PM,20.8,32.8,19.2,3.8,point
2025-12-19 04:00:00 PM,20.9,33.1,19.5,4.1,point
2025-12-19 04:30:00 PM,20.9,33.2,19.3,4.1,point
2025-12-19 05:00:00 PM,20.9,33.3,19.3,4.2,point
2025-12-19 05:30:00 PM,20.9,33.6,19.5,4.3,point
2025-12-19 06:00:00 PM,20.9,33.6,19.5,4.3,point
2025-12-19 06:30:00 PM,20.9,33.5,19.5,4.3,point
2025-12-19 07:00:00 PM,20.8,33.2,19.2,4.0,point
2025-12-19 07:30:00 PM,20.9,33.3,19.5,4.2,point
2025-12-19 08:00:00 PM,21.0,33.8,19.6,4.5,point
2025-12-19 08:30:00 PM,20.8,33.8,19.2,4.3,point
2025-12-19 09:00:00 PM,20.5,33.6,18.9,4.0,point
2025-12-19 09:30:00 PM,14.3,38.6,12.4,0.4,point
2025-12-19 10:00:00 PM,7.4,48.5,6.6,-2.7,point
2025-12-19 10:30:00 PM,5.7,62.0,5.3,-1.0,point
2025-12-19 11:00:00 PM,5.6,64.4,5.2,-0.6,point
2025-12-19 11:30:00 PM,5.5,65.5,5.1,-0.4,point
2025-12-20 12:00:00 AM,5.5,66.3,5.2,-0.2,point
2025-12-20 12:30:00 AM,5.6,66.5,5.2,-0.2,point
2025-12-20 01:00:00 AM,5.6,66.9,5.3,-0.0,point
2025-12-20 01:30:00 AM,5.6,67.2,5.3,0.0,point
2025-12-20 02:00:00 AM,5.6,67.7,5.3,0.1,point
2025-12-20 02:30:00 AM,5.5,67.3,5.2,-0.0,point
2025-12-20 03:00:00 AM,5.5,67.4,5.2,-0.0,point
2025-12-20 03:30:00 AM,5.6,67.7,5.2,0.1,point
2025-12-20 04:00:00 AM,5.6,68.1,5.3,0.2,point
2025-12-20 04:30:00 AM,5.6,67.8,5.3,0.1,point
2025-12-20 05:00:00 AM,5.5,67.9,5.1,0.0,point
2025-12-20 05:30:00 AM,5.5,68.0,5.1,0.0,point
2025-12-20 06:00:00 AM,5.5,67.7,5.1,-0.0,point
2025-12-20 06:30:00 AM,5.5,68.0,5.2,0.1,point
2025-12-20 07:00:00 AM,5.5,68.0,5.1,0.0,point
2025-12-20 07:30:00 AM,5.5,67.9,5.1,0.0,point
2025-12-20 08:00:00 AM,5.7,68.6,5.4,0.4,point
2025-12-20 08:30:00 AM,12.2,64.2,11.4,5.6,point
2025-12-20 09:00:00 AM,18.9,46.0,17.0,7.0,point
2025-12-20 09:30:00 AM,20.4,36.8,18.8,5.2,point
2025-12-20 10:00:00 AM,20.8,35.9,19.3,5.1,point
2025-12-20 10:30:00 AM,20.8,36.1,19.3,5.2,point
2025-12-20 11:00:00 AM,20.9,36.5,19.4,5.4,point
2025-12-20 11:30:00 AM,20.8,36.6,19.4,5.4,point
2025-12-20 12:00:00 PM,20.9,36.1,19.6,5.4,point
2025-12-20 12:30:00 PM,20.8,35.6,19.3,5.0,point
2025-12-20 01:00:00 PM,20.8,35.2,19.3,4.8,point
2025-12-20 01:30:00 PM,20.8,35.0,19.4,4.8,point
2025-12-20 02:00:00 PM,20.9,34.7,19.4,4.7,point
2025-12-20 02:30:00 PM,21.0,34.6,19.6,4.8,point
2025-12-20 03:00:00 PM,20.9,34.1,19.3,4.5,point
2025-12-20 03:30:00 PM,20.8,33.9,19.3,4.3,point
2025-12-20 04:00:00 PM,20.9,33.6,19.3,4.3,point
2025-12-20 04:30:00 PM,20.9,33.0,19.5,4.0,point
2025-12-20 05:00:00 PM,20.9,32.9,19.5,4.0,point
2025-12-20 05:30:00 PM,20.9,33.0,19.5,4.0,point
2025-12-20 06:00:00 PM,20.9,32.9,19.3,4.0,point
2025-12-20 06:30:00 PM,20.9,33.0,19.5,4.0,point
2025-12-20 07:00:00 PM,20.9,33.1,19.5,4.1,point
2025-12-20 07:30:00 PM,20.8,33.0,19.3,4.0,point
2025-12-20 08:00:00 PM,20.9,32.7,19.5,3.9,point
2025-12-20 08:30:00 PM,20.8,32.5,19.2,3.8,point
2025-12-20 09:00:00 PM,20.4,32.3,18.6,3.3,point
2025-12-20 09:30:00 PM,14.7,37.6,12.6,0.3,point
2025-12-20 10:00:00 PM,7.2,47.8,6.4,-3.1,point
2025-12-20 10:30:00 PM,5.7,61.2,5.3,-1.2,point
2025-12-20 11:00:00 PM,5.6,64.0,5.2,-0.6,point
2025-12-20 11:30:00 PM,5.6,65.0,5.1,-0.5,point
2025-12-21 12:00:00 AM,5.7,74.8,5.4,1.5,point
2025-12-21 12:30:00 AM,5.6,82.3,5.5,2.8,point
2025-12-21 01:00:00 AM,5.5,85.0,5.5,3.2,point
2025-12-21 01:30:00 AM,5.5,86.5,5.4,3.4,point
2025-12-21 02:00:00 AM,5.5,87.0,5.5,3.5,point
2025-12-21 02:30:00 AM,5.4,87.6,5.4,3.5,point
2025-12-21 03:00:00 AM,5.5,88.3,5.4,3.7,point
2025-12-21 03:30:00 AM,5.4,88.1,5.4,3.6,point
2025-12-21 04:00:00 AM,5.5,88.2,5.4,3.7,point
2025-12-21 04:30:00 AM,5.4,88.1,5.4,3.6,point
2025-12-21 05:00:00 AM,5.5,87.9,5.4,3.6,point
2025-12-21 05:30:00 AM,5.4,87.7,5.4,3.5,point
2025-12-21 06:00:00 AM,5.4,87.6,5.4,3.5,point
2025-12-21 06:30:00 AM,5.5,87.4,5.4,3.5,point
2025-12-21 07:00:00 AM,5.5,87.2,5.5,3.6,point
2025-12-21 07:30:00 AM,5.6,86.7,5.5,3.5,point
2025-12-21 08:00:00 AM,5.8,86.5,5.7,3.7,point
2025-12-21 08:30:00 AM,11.8,88.8,11.8,10.0,point
2025-12-21 09:00:00 AM,18.4,71.6,17.8,13.2,point
2025-12-21 09:30:00 AM,20.2,51.9,19.1,10.0,point
2025-12-21 10:00:00 AM,20.4,45.2,19.3,8.2,point
2025-12-21 10:30:00 AM,20.6,41.7,19.4,7.2,point
2025-12-21 11:00:00 AM,20.7,40.1,19.3,6.6,point
2025-12-21 11:30:00 AM,20.8,39.5,19.5,6.5,point
2025-12-21 12:00:00 PM,20.8,38.2,19.4,6.0,point
2025-12-21 12:30:00 PM,20.8,37.6,19.5,5.8,point
2025-12-21 01:00:00 PM,20.9,36.5,19.5,5.5,point
2025-12-21 01:30:00 PM,20.9,36.0,19.4,5.3,point
2025-12-21 02:00:00 PM,20.8,35.5,19.4,5.0,point
2025-12-21 02:30:00 PM,20.9,34.8,19.6,4.8,point
2025-12-21 03:00:00 PM,20.9,34.3,19.6,4.6,point
2025-12-21 03:30:00 PM,20.9,33.7,19.5,4.3,point
2025-12-21 04:00:00 PM,21.0,33.5,19.5,4.3,point
2025-12-21 04:30:00 PM,20.9,32.9,19.3,4.0,point
2025-12-21 05:00:00 PM,20.9,32.9,19.5,4.0,point
2025-12-21 05:30:00 PM,20.9,32.7,19.3,3.9,point
2025-12-21 06:00:00 PM,20.9,32.6,19.5,3.9,point
2025-12-21 06:30:00 PM,20.8,32.9,19.3,3.9,point
2025-12-21 07:00:00 PM,20.9,33.1,19.3,4.0,point
2025-12-21 07:30:00 PM,20.9,33.4,19.5,4.2,point
2025-12-21 08:00:00 PM,20.9,33.5,19.5,4.3,point
2025-12-21 08:30:00 PM,21.0,33.7,19.5,4.4,point
2025-12-21 09:00:00 PM,20.6,33.5,19.0,4.0,point
2025-12-21 09:30:00 PM,14.5,38.6,12.5,0.6,point
2025-12-21 10:00:00 PM,7.7,48.3,6.8,-2.6,point
2025-12-21 10:30:00 PM,5.9,61.8,5.4,-0.9,point
2025-12-21 11:00:00 PM,5.8,64.5,5.3,-0.4,point
2025-12-21 11:30:00 PM,5.8,65.8,5.5,-0.1,point
2025-12-22 12:00:00 AM,5.7,66.5,5.4,-0.0,point
2025-12-22 12:30:00 AM,5.8,67.1,5.4,0.1,point
2025-12-22 01:00:00 AM,5.6,67.3,5.3,0.0,point
2025-12-22 01:30:00 AM,5.6,67.4,5.3,0.1,point
2025-12-22 02:00:00 AM,5.6,67.6,5.2,0.1,point
2025-12-22 02:30:00 AM,5.6,67.5,5.2,0.1,point
2025-12-22 03:00:00 AM,5.5,67.1,5.2,-0.1,point
2025-12-22 03:30:00 AM,5.7,67.2,5.3,0.0,point
2025-12-22 04:00:00 AM,5.6,66.8,5.2,-0.1,point
2025-12-22 04:30:00 AM,5.7,66.4,5.4,-0.1,point
2025-12-22 05:00:00 AM,5.5,65.9,5.2,-0.3,point
2025-12-22 05:30:00 AM,5.7,66.0,5.4,-0.1,point
2025-12-22 06:00:00 AM,5.5,65.4,5.1,-0.4,point
2025-12-22 06:30:00 AM,5.6,65.5,5.1,-0.4,point
2025-12-22 07:00:00 AM,5.5,65.5,5.1,-0.4,point
2025-12-22 07:30:00 AM,5.5,65.6,5.1,-0.4,point
2025-12-22 08:00:00 AM,5.9,66.3,5.6,0.1,point
2025-12-22 08:30:00 AM,11.8,61.2,11.0,4.6,point
2025-12-22 09:00:00 AM,18.6,44.7,16.6,6.4,point
2025-12-22 09:30:00 AM,20.4,35.8,18.7,4.8,point
2025-12-22 10:00:00 AM,20.7,34.7,19.3,4.6,point
2025-12-22 10:30:00 AM,20.8,34.9,19.4,4.8,point
2025-12-22 11:00:00 AM,20.9,34.7,19.4,4.7,point
2025-12-22 11:30:00 AM,20.8,34.7,19.3,4.6,point
2025-12-22 12:00:00 PM,20.8,35.2,19.3,4.9,point
2025-12-22 12:30:00 PM,21.0,35.2,19.7,5.1,point
2025-12-22 01:00:00 PM,20.9,35.0,19.4,4.9,point
2025-12-22 01:30:00 PM,20.9,33.9,19.5,4.4,point
2025-12-22 02:00:00 PM,21.2,31.0,19.8,3.5,point
2025-12-22 02:30:00 PM,20.9,33.1,19.5,4.1,point
2025-12-22 03:00:00 PM,20.8,33.7,19.2,4.2,point
2025-12-22 03:30:00 PM,20.9,31.8,19.2,3.5,point
2025-12-22 04:00:00 PM,21.0,31.3,19.4,3.3,point
2025-12-22 04:30:00 PM,20.8,30.6,19.1,2.8,point
2025-12-22 05:00:00 PM,20.9,30.8,19.2,3.0,point
2025-12-22 05:30:00 PM,20.9,31.7,19.2,3.4,point
2025-12-22 06:00:00 PM,20.8,32.5,19.2,3.7,point
2025-12-22 06:30:00 PM,20.8,32.8,19.2,3.9,point
2025-12-22 07:00:00 PM,20.9,33.3,19.3,4.2,point
2025-12-22 07:30:00 PM,20.9,33.5,19.5,4.3,point
2025-12-22 08:00:00 PM,20.8,33.6,19.2,4.2,point
2025-12-22 08:30:00 PM,20.9,33.7,19.3,4.3,point
2025-12-22 09:00:00 PM,20.5,33.8,18.9,4.0,point
2025-12-22 09:30:00 PM,14.5,40.1,12.5,1.1,point
2025-12-22 10:00:00 PM,7.5,50.3,6.7,-2.1,point
2025-12-22 10:30:00 PM,5.5,65.9,5.2,-0.3,point
2025-12-22 11:00:00 PM,5.5,69.1,5.1,0.3,point
2025-12-22 11:30:00 PM,5.4,70.5,5.1,0.5,point
2025-12-23 12:00:00 AM,5.3,71.3,5.1,0.6,point
2025-12-23 12:30:00 AM,5.4,71.9,5.2,0.8,point
2025-12-23 01:00:00 AM,5.3,70.6,5.0,0.4,point
2025-12-23 01:30:00 AM,5.3,69.4,5.0,0.2,point
2025-12-23 02:00:00 AM,5.3,67.7,5.0,-0.2,point
2025-12-23 02:30:00 AM,5.4,66.7,5.1,-0.3,point
2025-12-23 03:00:00 AM,5.4,66.2,5.1,-0.4,point
2025-12-23 03:30:00 AM,5.3,64.7,4.9,-0.8,point
2025-12-23 04:00:00 AM,5.4,64.1,5.1,-0.8,point
2025-12-23 04:30:00 AM,5.3,63.2,4.9,-1.1,point
2025-12-23 05:00:00 AM,5.2,62.8,4.8,-1.3,point
2025-12-23 05:30:00 AM,5.4,62.8,4.9,-1.1,point
2025-12-23 06:00:00 AM,5.2,62.1,4.8,-1.4,point
2025-12-23 06:30:00 AM,5.3,61.8,4.9,-1.4,point
2025-12-23 07:00:00 AM,5.3,61.1,4.9,-1.5,point
2025-12-23 07:30:00 AM,5.3,61.5,4.9,-1.5,point
2025-12-23 08:00:00 AM,5.6,62.4,5.2,-1.0,point
2025-12-23 08:30:00 AM,11.7,55.2,10.6,3.0,point
2025-12-23 09:00:00 AM,18.7,38.3,16.3,4.2,point
2025-12-23 09:30:00 AM,20.4,30.6,18.6,2.5,point
2025-12-23 10:00:00 AM,20.6,30.1,18.9,2.5,point
2025-12-23 10:30:00 AM,20.6,30.2,18.8,2.5,point
2025-12-23 11:00:00 AM,20.5,30.7,18.8,2.6,point
2025-12-23 11:30:00 AM,20.8,31.6,19.2,3.3,point
2025-12-23 12:00:00 PM,20.8,32.4,19.3,3.7,point
2025-12-23 12:30:00 PM,20.8,32.8,19.2,3.9,point
2025-12-23 01:00:00 PM,20.8,32.7,19.2,3.8,point
2025-12-23 01:30:00 PM,20.8,32.1,19.1,3.5,point
2025-12-23 02:00:00 PM,20.7,32.0,19.1,3.5,point
2025-12-23 02:30:00 PM,20.7,32.0,19.1,3.4,point
2025-12-23 03:00:00 PM,20.8,32.2,19.1,3.6,point
2025-12-23 03:30:00 PM,20.8,32.2,19.2,3.6,point
2025-12-23 04:00:00 PM,20.9,32.5,19.5,3.8,point
2025-12-23 04:30:00 PM,20.9,32.3,19.3,3.7,point
2025-12-23 05:00:00 PM,20.8,30.7,19.1,2.9,point
2025-12-23 05:30:00 PM,20.6,29.8,18.8,2.4,point
2025-12-23 06:00:00 PM,20.8,29.2,19.0,2.2,point
2025-12-23 06:30:00 PM,20.7,28.7,19.0,1.9,point
2025-12-23 07:00:00 PM,20.7,29.0,19.0,2.0,point
2025-12-23 07:30:00 PM,20.9,29.4,19.3,2.4,point
2025-12-23 08:00:00 PM,20.8,29.4,19.0,2.3,point
2025-12-23 08:30:00 PM,20.8,29.6,19.1,2.5,point
2025-12-23 09:00:00 PM,20.5,29.4,18.7,2.1,point
2025-12-23 09:30:00 PM,14.6,35.4,12.5,-0.5,point
2025-12-23 10:00:00 PM,7.2,45.6,6.4,-3.7,point
2025-12-23 10:30:00 PM,5.5,59.6,5.0,-1.7,point
2025-12-23 11:00:00 PM,5.5,62.3,5.0,-1.1,point
2025-12-23 11:30:00 PM,5.3,63.3,4.9,-1.1,point
2025-12-24 12:00:00 AM,5.4,64.5,5.1,-0.7,point
2025-12-24 12:30:00 AM,5.3,64.9,5.0,-0.8,point
2025-12-24 01:00:00 AM,5.4,66.6,5.1,-0.3,point
2025-12-24 01:30:00 AM,5.4,67.3,5.1,-0.2,point
2025-12-24 02:00:00 AM,5.3,68.0,5.0,-0.1,point
2025-12-24 02:30:00 AM,5.4,69.1,5.0,0.2,point
2025-12-24 03:00:00 AM,5.3,70.9,5.0,0.4,point
2025-12-24 03:30:00 AM,5.4,73.8,5.1,1.1,point
2025-12-24 04:00:00 AM,5.3,77.3,5.2,1.7,point
2025-12-24 04:30:00 AM,5.4,80.7,5.2,2.3,point
2025-12-24 05:00:00 AM,5.4,83.2,5.3,2.8,point
2025-12-24 05:30:00 AM,5.3,85.4,5.3,3.1,point
2025-12-24 06:00:00 AM,5.3,86.0,5.3,3.2,point
2025-12-24 06:30:00 AM,5.3,85.9,5.3,3.2,point
2025-12-24 07:00:00 AM,5.3,86.8,5.3,3.3,point
2025-12-24 07:30:00 AM,5.2,85.0,5.2,2.9,point
2025-12-24 08:00:00 AM,5.7,88.8,5.6,4.0,point
2025-12-24 08:30:00 AM,11.9,99.6,12.3,11.8,point
2025-12-24 09:00:00 AM,18.3,91.2,18.5,16.8,point
2025-12-24 09:30:00 AM,20.4,64.2,20.1,13.5,point
2025-12-24 10:00:00 AM,20.6,57.1,20.1,11.9,point
2025-12-24 10:30:00 AM,20.7,53.8,20.1,11.0,point
2025-12-24 11:00:00 AM,20.7,52.4,19.9,10.6,point
2025-12-24 11:30:00 AM,20.9,52.7,20.2,10.8,point
2025-12-24 12:00:00 PM,20.8,52.6,20.1,10.7,point
2025-12-24 12:30:00 PM,20.7,53.1,20.1,10.8,point
2025-12-24 01:00:00 PM,20.8,53.8,20.1,11.1,point
2025-12-24 01:30:00 PM,20.9,54.2,20.2,11.3,point
2025-12-24 02:00:00 PM,20.8,54.2,20.2,11.2,point
2025-12-24 02:30:00 PM,20.7,54.4,20.1,11.2,point
2025-12-24 03:00:00 PM,20.8,54.6,20.1,11.3,point
2025-12-24 03:30:00 PM,20.8,54.7,20.1,11.3,point
2025-12-24 04:00:00 PM,20.8,55.0,20.2,11.4,point
2025-12-24 04:30:00 PM,20.8,54.7,20.3,11.4,point
2025-12-24 05:00:00 PM,20.8,54.5,20.3,11.3,point
2025-12-24 05:30:00 PM,20.9,54.2,20.2,11.2,point
2025-12-24 06:00:00 PM,20.8,54.1,20.2,11.2,point
2025-12-24 06:30:00 PM,20.8,53.8,20.1,11.1,point
2025-12-24 07:00:00 PM,20.8,53.5,20.2,11.0,point
2025-12-24 07:30:00 PM,20.8,52.6,20.2,10.8,point
2025-12-24 08:00:00 PM,20.8,52.2,20.1,10.7,point
2025-12-24 08:30:00 PM,20.8,51.8,20.1,10.6,point
2025-12-24 09:00:00 PM,20.4,51.4,19.6,10.1,point
2025-12-24 09:30:00 PM,14.7,57.6,13.4,6.4,point
2025-12-24 10:00:00 PM,7.4,63.2,6.8,0.9,point
2025-12-24 10:30:00 PM,5.6,80.8,5.4,2.6,point
2025-12-24 11:00:00 PM,5.4,84.2,5.4,3.0,point
2025-12-24 11:30:00 PM,5.4,85.9,5.3,3.2,point
2025-12-25 12:00:00 AM,5.4,86.6,5.3,3.3,point
2025-12-25 12:30:00 AM,5.3,86.8,5.3,3.3,point
2025-12-25 01:00:00 AM,5.4,87.1,5.4,3.4,point
2025-12-25 01:30:00 AM,5.3,87.7,5.3,3.5,point
2025-12-25 02:00:00 AM,5.2,87.9,5.2,3.4,point
2025-12-25 02:30:00 AM,5.4,88.4,5.4,3.7,point
2025-12-25 03:00:00 AM,5.2,86.6,5.1,3.1,point
2025-12-25 03:30:00 AM,5.2,87.5,5.2,3.3,point
2025-12-25 04:00:00 AM,5.3,88.7,5.3,3.6,point
2025-12-25 04:30:00 AM,5.3,88.5,5.2,3.5,point
2025-12-25 05:00:00 AM,5.2,88.3,5.2,3.4,point
2025-12-25 05:30:00 AM,5.4,88.8,5.4,3.7,point
2025-12-25 06:00:00 AM,5.3,89.0,5.3,3.6,point
2025-12-25 06:30:00 AM,5.4,88.9,5.4,3.8,point
2025-12-25 07:00:00 AM,5.4,88.7,5.4,3.7,point
2025-12-25 07:30:00 AM,5.4,89.1,5.4,3.8,point
2025-12-25 08:00:00 AM,5.7,90.5,5.7,4.2,point
2025-12-25 08:30:00 AM,12.1,100.0,12.6,12.1,point
2025-12-25 09:00:00 AM,19.4,100.0,20.2,19.4,point
2025-12-25 09:30:00 AM,20.3,100.0,21.2,20.3,point
2025-12-25 10:00:00 AM,20.6,88.1,21.3,18.6,point
2025-12-25 10:30:00 AM,20.8,84.7,21.3,18.1,point
2025-12-25 11:00:00 AM,20.8,81.7,21.3,17.6,point
2025-12-25 11:30:00 AM,20.8,77.8,21.2,16.8,point
2025-12-25 12:00:00 PM,20.8,73.6,21.0,15.9,point
2025-12-25 12:30:00 PM,20.8,67.5,20.7,14.6,point
2025-12-25 01:00:00 PM,20.8,62.3,20.5,13.3,point
2025-12-25 01:30:00 PM,20.8,59.6,20.3,12.6,point
2025-12-25 02:00:00 PM,20.7,57.9,20.3,12.1,point
2025-12-25 02:30:00 PM,20.8,57.8,20.4,12.2,point
2025-12-25 03:00:00 PM,20.7,57.5,20.2,12.0,point
2025-12-25 03:30:00 PM,20.8,57.3,20.4,12.1,point
2025-12-25 04:00:00 PM,20.8,56.4,20.2,11.8,point
2025-12-25 04:30:00 PM,20.9,56.2,20.5,11.9,point
2025-12-25 05:00:00 PM,20.9,55.5,20.3,11.6,point
2025-12-25 05:30:00 PM,21.0,55.5,20.5,11.8,point
2025-12-25 06:00:00 PM,20.9,55.1,20.3,11.5,point
2025-12-25 06:30:00 PM,20.9,54.6,20.3,11.4,point
2025-12-25 07:00:00 PM,20.9,54.6,20.4,11.4,point
2025-12-25 07:30:00 PM,20.9,54.7,20.4,11.4,point
2025-12-25 08:00:00 PM,20.7,54.7,20.1,11.3,point
2025-12-25 08:30:00 PM,20.9,55.0,20.3,11.5,point
2025-12-25 09:00:00 PM,20.6,54.9,20.0,11.3,point
2025-12-25 09:30:00 PM,14.8,60.6,13.8,7.3,point
2025-12-25 10:00:00 PM,7.4,64.9,6.9,1.2,point
2025-12-25 10:30:00 PM,5.6,81.6,5.4,2.7,point
2025-12-25 11:00:00 PM,5.4,84.4,5.4,3.0,point
2025-12-25 11:30:00 PM,5.4,85.8,5.4,3.2,point
2025-12-26 12:00:00 AM,5.3,86.6,5.3,3.3,point
2025-12-26 12:30:00 AM,5.4,87.0,5.3,3.4,point
2025-12-26 01:00:00 AM,5.3,87.4,5.2,3.4,point
2025-12-26 01:30:00 AM,5.3,88.2,5.2,3.5,point
2025-12-26 02:00:00 AM,5.3,88.0,5.3,3.5,point
2025-12-26 02:30:00 AM,5.3,87.4,5.3,3.4,point
2025-12-26 03:00:00 AM,5.3,89.0,5.3,3.7,point
2025-12-26 03:30:00 AM,5.3,87.6,5.2,3.4,point
2025-12-26 04:00:00 AM,5.2,87.5,5.2,3.3,point
2025-12-26 04:30:00 AM,5.4,88.7,5.3,3.7,point
2025-12-26 05:00:00 AM,5.4,89.3,5.4,3.8,point
2025-12-26 05:30:00 AM,5.5,89.0,5.4,3.8,point
2025-12-26 06:00:00 AM,5.4,89.2,5.3,3.7,point
2025-12-26 06:30:00 AM,5.4,88.2,5.3,3.6,point
2025-12-26 07:00:00 AM,5.4,88.8,5.4,3.7,point
2025-12-26 07:30:00 AM,5.3,88.3,5.3,3.5,point
2025-12-26 08:00:00 AM,5.6,90.3,5.6,4.1,point
2025-12-26 08:30:00 AM,12.2,100.0,12.6,12.2,point
2025-12-26 09:00:00 AM,19.2,100.0,20.0,19.2,point
2025-12-26 09:30:00 AM,20.2,100.0,21.2,20.2,point
2025-12-26 10:00:00 AM,20.8,89.9,21.4,19.0,point
2025-12-26 10:30:00 AM,20.7,87.2,21.4,18.5,point
2025-12-26 11:00:00 AM,20.7,85.0,21.3,18.1,point
2025-12-26 11:30:00 AM,20.8,82.8,21.4,17.8,point
2025-12-26 12:00:00 PM,20.8,79.7,21.1,17.2,point
2025-12-26 12:30:00 PM,20.9,75.9,21.3,16.5,point
2025-12-26 01:00:00 PM,20.9,70.9,20.9,15.4,point
2025-12-26 01:30:00 PM,20.8,64.9,20.6,13.9,point
2025-12-26 02:00:00 PM,20.7,59.8,20.3,12.6,point
2025-12-26 02:30:00 PM,20.9,57.4,20.4,12.1,point
2025-12-26 03:00:00 PM,20.8,55.8,20.3,11.7,point
2025-12-26 03:30:00 PM,20.7,55.0,20.0,11.3,point
2025-12-26 04:00:00 PM,20.8,54.9,20.3,11.4,point
2025-12-26 04:30:00 PM,20.8,54.9,20.1,11.4,point
2025-12-26 05:00:00 PM,20.8,55.1,20.2,11.4,point
2025-12-26 05:30:00 PM,20.9,55.2,20.3,11.5,point
2025-12-26 06:00:00 PM,20.6,55.3,20.1,11.4,point
2025-12-26 06:30:00 PM,20.9,55.3,20.3,11.6,point
2025-12-26 07:00:00 PM,20.8,56.0,20.3,11.7,point
2025-12-26 07:30:00 PM,20.9,56.5,20.5,11.9,point
2025-12-26 08:00:00 PM,20.8,56.4,20.2,11.8,point
2025-12-26 08:30:00 PM,20.8,56.7,20.2,11.9,point
2025-12-26 09:00:00 PM,20.5,56.7,19.9,11.7,point
2025-12-26 09:30:00 PM,14.8,61.9,13.7,7.5,point
2025-12-26 10:00:00 PM,7.6,65.6,7.0,1.6,point
2025-12-26 10:30:00 PM,5.6,82.2,5.4,2.8,point
2025-12-26 11:00:00 PM,5.4,85.3,5.3,3.1,point
2025-12-26 11:30:00 PM,5.4,86.8,5.4,3.4,point
2025-12-27 12:00:00 AM,5.4,87.5,5.3,3.5,point
2025-12-27 12:30:00 AM,5.2,87.6,5.2,3.4,point
2025-12-27 01:00:00 AM,5.3,87.7,5.3,3.4,point
2025-12-27 01:30:00 AM,5.3,88.3,5.2,3.5,point
2025-12-27 02:00:00 AM,5.3,89.0,5.3,3.6,point
2025-12-27 02:30:00 AM,5.2,88.8,5.2,3.5,point
2025-12-27 03:00:00 AM,5.3,89.0,5.2,3.6,point
2025-12-27 03:30:00 AM,5.3,88.3,5.3,3.5,point
2025-12-27 04:00:00 AM,5.3,89.0,5.3,3.6,point
2025-12-27 04:30:00 AM,5.2,87.6,5.2,3.4,point
2025-12-27 05:00:00 AM,5.4,90.0,5.5,3.9,point
2025-12-27 05:30:00 AM,5.4,89.1,5.4,3.8,point
2025-12-27 06:00:00 AM,5.5,89.0,5.4,3.8,point
2025-12-27 06:30:00 AM,5.5,89.3,5.4,3.9,point
2025-12-27 07:00:00 AM,5.5,89.3,5.4,3.9,point
2025-12-27 07:30:00 AM,5.4,89.0,5.4,3.8,point
2025-12-27 08:00:00 AM,5.6,88.1,5.5,3.8,point
2025-12-27 08:30:00 AM,12.3,100.0,12.9,12.3,point
2025-12-27 09:00:00 AM,19.5,100.0,20.5,19.5,point
2025-12-27 09:30:00 AM,20.4,100.0,21.3,20.4,point
2025-12-27 10:00:00 AM,20.7,90.4,21.4,19.0,point
2025-12-27 10:30:00 AM,20.8,88.8,21.5,18.9,point
2025-12-27 11:00:00 AM,20.9,88.0,21.5,18.8,point
2025-12-27 11:30:00 AM,20.8,87.0,21.5,18.6,point
2025-12-27 12:00:00 PM,20.9,86.0,21.4,18.4,point
2025-12-27 12:30:00 PM,20.7,83.1,21.1,17.7,point
2025-12-27 01:00:00 PM,20.9,81.9,21.4,17.7,point
2025-12-27 01:30:00 PM,20.8,78.7,21.2,17.0,point
2025-12-27 02:00:00 PM,20.9,75.2,21.3,16.4,point
2025-12-27 02:30:00 PM,21.0,69.8,21.0,15.2,point
2025-12-27 03:00:00 PM,20.9,63.5,20.7,13.7,point
2025-12-27 03:30:00 PM,20.8,58.5,20.5,12.4,point
2025-12-27 04:00:00 PM,20.8,55.8,20.3,11.7,point
2025-12-27 04:30:00 PM,20.9,54.3,20.4,11.3,point
2025-12-27 05:00:00 PM,20.9,52.8,20.2,10.9,point
2025-12-27 05:30:00 PM,20.8,51.6,20.1,10.5,point
2025-12-27 06:00:00 PM,20.8,50.4,20.0,10.1,point
2025-12-27 06:30:00 PM,20.7,50.1,20.0,9.9,point
2025-12-27 07:00:00 PM,20.8,50.1,20.0,10.0,point
2025-12-27 07:30:00 PM,20.8,50.2,20.0,10.0,point
2025-12-27 08:00:00 PM,20.8,50.5,20.0,10.1,point
2025-12-27 08:30:00 PM,20.8,50.1,20.0,10.0,point
2025-12-27 09:00:00 PM,20.6,49.3,19.8,9.6,point
2025-12-27 09:30:00 PM,14.8,55.1,13.5,5.9,point
2025-12-27 10:00:00 PM,7.7,63.4,7.2,1.2,point
2025-12-27 10:30:00 PM,6.2,81.1,6.1,3.2,point